2017.01.03,00:00,38.600172687456144,39.1364449090113,38.45099054329599,38.963470458984375,33146000.0
2017.01.04,00:00,39.07349302212267,39.22119284589872,38.8157670392987,39.00113296508789,21460000.0
2017.01.05,00:00,38.960493299927016,39.376820785460986,38.90795511569442,39.35402297973633,26704000.0
2017.01.06,00:00,39.415479635177235,40.04195604844259,39.264013576871776,39.95521926879883,32804000.0
2017.01.09,00:00,39.96761566140219,40.144356335216045,39.79067457561332,39.98000717163086,25492000.0
2017.01.10,00:00,40.03998305768209,40.10292754884583,39.82438134840164,39.887821197509766,23536000.0
2017.01.11,00:00,39.898229018386054,40.054353733275214,39.71831577943742,40.042457580566406,21318000.0
2017.01.12,00:00,40.00429021455345,40.016681724522456,39.6092744387211,39.965633392333984,27062000.0
2017.01.13,00:00,40.0211441887252,40.20670676905062,39.981988226805825,40.04096984863281,21984000.0
2017.01.17,00:00,40.00132009010023,40.00429223759128,39.66875342382704,39.87889862060547,27242000.0
2017.01.18,00:00,39.93837655891499,39.957952650428474,39.699481690545724,39.951263427734375,25888000.0
2017.01.19,00:00,39.90418107804723,40.12027437325133,39.739631480796255,39.758216857910156,18386000.0
2017.01.20,00:00,39.99289509762506,39.99289509762506,39.73417457511309,39.89921951293945,33400000.0
2017.01.23,00:00,40.009748419851284,40.684796531859575,39.83578324261034,40.607479095458984,39272000.0
2017.01.24,00:00,40.75567566741435,40.9340990721994,40.53367966766611,40.83348846435547,29480000.0
2017.01.25,00:00,41.118469413088114,41.423284692053116,40.89246141893777,41.41832733154297,29890000.0
2017.01.26,00:00,41.52439360245907,41.53381296623486,40.98911206999288,41.243865966796875,59478000.0
2017.01.27,00:00,41.370743146523445,41.729578878646564,40.663477979010494,40.80572509765625,59316000.0
2017.01.30,00:00,40.37700812224482,40.435490605301304,39.64050167763337,39.76539993286133,64932000.0
2017.01.31,00:00,39.49479288456207,39.71237605908489,39.18056573835898,39.49132537841797,43212000.0
2017.02.01,00:00,39.63455777836467,39.70939842408015,39.213768214135776,39.437049865722656,40594000.0
2017.02.02,00:00,39.34312373831458,39.78423431182817,39.25391015146024,39.57755661010742,30642000.0
2017.02.03,00:00,39.79860751691308,39.947789652179765,39.668751902313225,39.72426223754883,29268000.0
2017.02.06,00:00,39.635543322732154,39.73318176558165,39.41498805933869,39.716827392578125,23690000.0
2017.02.07,00:00,39.84817261077629,40.17082834796547,39.738638006201484,39.99586868286133,24824000.0
2017.02.08,00:00,39.99735291709821,40.237238492409205,39.80851945724102,40.06575012207031,23106000.0
2017.02.09,00:00,40.121756489604024,40.178756682275605,39.875431257349,40.124237060546875,19794000.0
2017.02.10,00:00,40.23029963298369,40.406250005563805,40.1351379756724,40.327938079833984,22700000.0
2017.02.13,00:00,40.44342480484369,40.689209322959066,40.41815020494087,40.60401153564453,24266000.0
2017.02.14,00:00,40.59211005398788,40.79036287032157,40.443419496398114,40.66397476196289,21094000.0
2017.02.15,00:00,40.60995283729387,40.79036521716578,40.56584329418628,40.591121673583984,26272000.0
2017.02.16,00:00,40.638204798916746,40.859754582192586,40.59112310662169,40.84785842895508,25752000.0
2017.02.17,00:00,40.7913607708191,41.04165267944336,40.723704702333876,41.04165267944336,32220000.0
2017.02.21,00:00,41.070891030705575,41.30829983376652,41.055527371702695,41.219581604003906,25246000.0
2017.02.22,00:00,41.07088303627915,41.29837707344748,41.06989232058256,41.174964904785156,19658000.0
2017.02.23,00:00,41.143255652173025,41.25923369648934,40.784419862878885,41.20322799682617,29456000.0
2017.02.24,00:00,41.02480025135881,41.08774474286609,40.849840580714186,41.06990051269531,27844000.0
2017.02.27,00:00,40.867186860168474,41.16208741839446,40.83992704937385,41.101619720458984,22030000.0
2017.02.28,00:00,40.91972381084528,41.06494309768031,40.65158768884048,40.80077362060547,45216000.0
2017.03.01,00:00,41.080310760636216,41.44732562464196,41.00150347042363,41.39701843261719,29930000.0
2017.03.02,00:00,41.32812555486447,41.36083430469596,41.119462637731345,41.16853332519531,18850000.0
2017.03.03,00:00,41.16505988930121,41.20471121101548,40.92671332146849,41.091705322265625,17928000.0
2017.03.06,00:00,40.986141500522756,41.081798527665086,40.76062883954657,41.027278900146484,22180000.0
2017.03.07,00:00,41.008444324299276,41.30632084646879,40.96483013443316,41.23197555541992,20752000.0
2017.03.08,00:00,41.311268133454675,41.54124276456532,41.22602119860383,41.40345764160156,19796000.0
2017.03.09,00:00,41.43468473541529,41.73206210468203,41.34596650445085,41.56751251220703,25230000.0
2017.03.10,00:00,41.7954962025291,41.87628112512694,41.608145061589546,41.79400634765625,34080000.0
2017.03.13,00:00,41.83118214572471,42.063383975570105,41.79400761856641,41.907508850097656,24472000.0
2017.03.14,00:00,41.813342330899395,41.99176949228472,41.67258505850065,41.911476135253906,15598000.0
2017.03.15,00:00,42.00912217426995,42.06066587065225,41.67110276532634,41.98979187011719,27630000.0
2017.03.16,00:00,42.08049148705695,42.17069579164682,41.936758272981685,42.06809997558594,19552000.0
2017.03.17,00:00,42.20836035238928,42.297074790564125,41.985324518159395,42.23363494873047,34246000.0
2017.03.20,00:00,42.12906100291588,42.13947108208392,41.88818470321249,42.04926300048828,24630000.0
2017.03.21,00:00,42.19795332084751,42.302035205126636,41.08873348969208,41.16010284423828,49270000.0
2017.03.22,00:00,41.23197264600198,41.41238125114193,40.99753977463618,41.11698532104492,28030000.0
2017.03.23,00:00,40.69123548591719,40.76905205306545,40.257906979725334,40.521732330322266,69742000.0
2017.03.24,00:00,40.645644311792374,40.73733469161564,40.09103246715871,40.3656120300293,39620000.0
2017.03.27,00:00,39.99487601060827,40.722462242309966,39.817439564526545,40.61738586425781,37886000.0
2017.03.28,00:00,40.661992740587394,40.93855369484349,40.345632994409925,40.68727111816406,32410000.0
2017.03.29,00:00,40.88948928635369,41.274344573024464,40.75963366671899,41.20718765258789,35726000.0
2017.03.30,00:00,41.31076772560379,41.3196879480457,41.0877356950533,41.21164321899414,21106000.0
2017.03.31,00:00,41.086252534467555,41.218584932394364,41.00794061421769,41.11549377441406,28038000.0
2017.04.03,00:00,41.09863965272002,41.67505848468358,41.09863965272002,41.561065673828125,33430000.0
2017.04.04,00:00,41.20471081632811,41.39403963645926,41.08952686637875,41.363807678222656,20908000.0
2017.04.05,00:00,41.410397838638644,41.75436529982064,41.172989049635845,41.20718765258789,31106000.0
2017.04.06,00:00,41.25625698630578,41.45401446557996,40.96185555018259,41.03223419189453,25088000.0
2017.04.07,00:00,41.03619433724056,41.062217643719116,40.667099753970426,40.87313461303711,21146000.0
2017.04.10,00:00,40.90881879077453,41.10508639946342,40.828525433751956,40.87610626220703,19578000.0
2017.04.11,00:00,40.875119049466356,41.00978078420048,40.49398081261387,40.80771255493164,21594000.0
2017.04.12,00:00,40.737326743317986,40.97175957772862,40.69222270846388,40.85578155517578,18010000.0
2017.04.13,00:00,40.747740439792196,40.9578894331055,40.71304647643368,40.81812286376953,22448000.0
2017.04.17,00:00,40.88998399155265,41.521417850618576,40.863219539116706,41.492671966552734,17900000.0
2017.04.18,00:00,41.346457822798605,41.5798999612982,41.27162096586096,41.47532272338867,16734000.0
2017.04.19,00:00,41.622528123151326,41.74296817161469,41.44905830357717,41.544219970703125,19084000.0
2017.04.20,00:00,41.70430397133574,41.890660644510085,41.599231372721704,41.71471405029297,19180000.0
2017.04.21,00:00,41.7756748558916,41.825237114352376,41.66266897398879,41.791038513183594,26472000.0
2017.04.24,00:00,42.18804252867933,42.79518874644497,42.12162675313431,42.760990142822266,27450000.0
2017.04.25,00:00,42.87200639424228,43.367636525967626,42.76346251811941,43.23381805419922,33440000.0
2017.04.26,00:00,43.32947394680312,43.419682024422606,43.00820976695103,43.20556640625,24744000.0
2017.04.27,00:00,43.298257678171595,43.38747127182085,43.138665438101796,43.330474853515625,40536000.0
2017.04.28,00:00,45.13506167203831,45.44185462442338,44.892699285707614,44.90211486816406,65526000.0
2017.05.01,00:00,44.70286448169922,45.38386055890628,44.67857682030261,45.22972106933594,42320000.0
2017.05.02,00:00,45.08351228140046,45.63614266505492,45.07523488817848,45.421531677246094,31744000.0
2017.05.03,00:00,45.34322449578218,45.99943764012778,45.22838842446316,45.946903228759766,29990000.0
2017.05.04,00:00,45.898827897690296,46.387519314159384,45.82547332594936,46.17588424682617,28442000.0
2017.05.05,00:00,46.26905716016116,46.3364636499716,45.855701778856435,45.951358795166016,38226000.0
2017.05.08,00:00,45.9012986969087,46.43682594871795,45.85867523050568,46.306724548339844,26596000.0
2017.05.09,00:00,46.43807392082816,46.465333734540096,46.07031789605987,46.20116424560547,31636000.0
2017.05.10,00:00,46.191739778852586,46.19273049468052,45.85372039497942,46.033138275146484,23478000.0
2017.05.11,00:00,45.86164794766367,46.21899761902039,45.74815048847431,46.12334060668945,16700000.0
2017.05.12,00:00,46.16943756640318,46.264103867471995,45.98704753781309,46.203636169433594,21012000.0
2017.05.15,00:00,46.239818955824234,46.502502358819925,46.06089642200223,46.444515228271484,22162000.0
2017.05.16,00:00,46.58923211724186,46.743371605039634,46.46929122934212,46.73792266845703,19390000.0
2017.05.17,00:00,46.37462389764057,46.556170662667874,45.50578511791176,45.57913589477539,47242000.0
2017.05.18,00:00,45.64753523246674,46.25071853588916,45.536019207006866,46.105499267578125,31938000.0
2017.05.19,00:00,46.16646560798267,46.47796633022695,46.14316866037837,46.292354583740234,27860000.0
2017.05.22,00:00,46.341418575250664,46.6825613426502,46.341418575250664,46.681419372558594,22408000.0
2017.05.23,00:00,46.981777576918056,47.15757670644404,46.7168631759301,47.02638626098633,25416000.0
2017.05.24,00:00,47.23256614020834,47.33714717010377,47.060087038475686,47.33070373535156,20496000.0
2017.05.25,00:00,47.448164687547745,48.20642909737483,47.35597517535445,48.05332946777344,33210000.0
2017.05.26,00:00,48.06126311399778,48.32295581006758,47.829802379103,48.148990631103516,25040000.0
2017.05.30,00:00,48.0914881112008,48.38341650753091,48.05084607597172,48.3675537109375,29334000.0
2017.05.31,00:00,48.32493266772078,48.535577004156885,47.58941691493791,47.821372985839844,48962000.0
2017.06.01,00:00,48.02408561558449,48.15047373415465,47.58099361708596,47.92496109008789,28210000.0
2017.06.02,00:00,48.04935971910973,48.367553425873886,47.877871355803876,48.353675842285156,35020000.0
2017.06.05,00:00,48.40076353605919,48.91423793380342,48.32889882537049,48.754146575927734,25042000.0
2017.06.06,00:00,48.72838634982619,48.980659705831506,48.330889906998046,48.401763916015625,36292000.0
2017.06.07,00:00,48.57176467641884,48.76902681742272,48.370539671463185,48.61835479736328,29078000.0
2017.06.08,00:00,48.68823405343731,48.79826402072081,48.43298479742074,48.74077224731445,29638000.0
2017.06.09,00:00,48.79479811856143,48.79479811856143,46.37265627852281,47.07645034790039,66188000.0
2017.06.12,00:00,46.567430889017366,47.05290057064277,45.36171077207696,46.73297119140625,75270000.0
2017.06.13,00:00,47.179537486091135,47.57951068271218,46.791952019955836,47.25338363647461,40266000.0
2017.06.14,00:00,47.57653315600569,47.63749621589127,46.7007554285687,47.122535705566406,29794000.0
2017.06.15,00:00,46.29037234382827,46.75472689873884,45.818035341987986,46.70372772216797,42662000.0
2017.06.16,00:00,46.58923261495237,46.69034234211315,46.172655547657634,46.57832717895508,61894000.0
2017.06.19,00:00,47.08288887874852,47.58000516641198,47.037784835244544,47.45014953613281,30666000.0
2017.06.20,00:00,47.45757957050439,47.66078975558676,47.08536158448684,47.116092681884766,22520000.0
2017.06.21,00:00,47.26527235089182,47.58545126979426,47.122529870884634,47.5532341003418,24044000.0
2017.06.22,00:00,47.516069674219445,47.61618491974951,47.31038268295913,47.43627166748047,18828000.0
2017.06.23,00:00,47.42338360786482,47.87787640904384,47.29303262367903,47.8575553894043,30558000.0
2017.06.26,00:00,48.07116865970038,48.240180240067,47.124021652651244,47.19737243652344,31968000.0
2017.06.27,00:00,46.71116575611473,47.00011825865043,45.93748470097093,45.96127700805664,51598000.0
2017.06.28,00:00,46.04404904350925,46.7255406085787,45.39972823308199,46.613529205322266,54428000.0
2017.06.29,00:00,46.08963573349618,46.156051502368896,45.13306942536807,45.48843765258789,65984000.0
2017.06.30,00:00,45.89783460131722,45.89783460131722,45.018585631195435,45.03940200805664,41804000.0
2017.07.03,00:00,45.21039132237716,45.29761968606491,44.34848751289355,44.54228210449219,34196000.0
2017.07.05,00:00,44.69394605836648,45.32587148035085,44.532368631421164,45.187095642089844,36278000.0
2017.07.06,00:00,44.81091459900095,45.34738341739918,44.59184540617162,44.938289642333984,28490000.0
2017.07.07,00:00,45.04534813896028,45.67430142030106,45.04534813896028,45.52809143066406,32756000.0
2017.07.10,00:00,45.68570819246826,46.112445846207024,45.57765965394531,46.03413391113281,23856000.0
2017.07.11,00:00,46.0708084264492,46.16448023037654,45.69710058249897,46.09806823730469,22264000.0
2017.07.12,00:00,46.52381495463955,46.90148569118033,46.31515581476693,46.77906799316406,30642000.0
2017.07.13,00:00,46.90098444946643,47.30541959028259,46.73842008932593,46.94410705566406,25894000.0
2017.07.14,00:00,47.18399073284619,47.42734759695286,46.985987477952115,47.38174819946289,21076000.0
2017.07.17,00:00,47.43180430415977,47.617170254321906,47.04724775901405,47.254371643066406,23310000.0
2017.07.18,00:00,47.23355655193846,47.978983236036925,47.114602588967614,47.84813690185547,23080000.0
2017.07.19,00:00,47.969064289148335,48.226794071521695,47.780230845206894,48.12023162841797,24490000.0
2017.07.20,00:00,48.323945332668856,48.36855023638544,47.65534066536201,47.984439849853516,32490000.0
2017.07.21,00:00,47.69201382495111,48.236215556662785,47.5879319397995,48.22085189819336,34220000.0
2017.07.24,00:00,48.186157833030364,48.87905013139011,48.11429312011266,48.58860778808594,64966000.0
2017.07.25,00:00,47.273699742705546,47.56562815221149,46.856876855885915,47.11956024169922,93220000.0
2017.07.26,00:00,47.31682157026201,47.33268058595168,46.7021882876569,46.975826263427734,41766000.0
2017.07.27,00:00,47.17309023744918,47.17309023744918,45.597976820636,46.29631805419922,64260000.0
2017.07.28,00:00,46.06386765993554,46.779062364442815,45.96969672076949,46.66506576538086,36928000.0
2017.07.31,00:00,46.682908005280886,46.76716422023118,45.897330918128766,46.118385314941406,39402000.0
2017.08.01,00:00,46.21156862841911,46.46270376405593,46.056933758711935,46.13474655151367,25554000.0
2017.08.02,00:00,46.02471125034551,46.22246870812739,45.433424089920756,46.11293411254883,36488000.0
2017.08.03,00:00,46.11045703217754,46.20462797755606,45.708997791535616,45.77888107299805,24050000.0
2017.08.04,00:00,45.93252793169446,46.10882241102042,45.74815269001768,45.992496490478516,21646000.0
2017.08.07,00:00,46.04700990613276,46.1778562243074,45.92013023211513,46.0618782043457,20644000.0
2017.08.08,00:00,45.94937757753275,46.38176453625903,45.87602301106112,45.93450927734375,21232000.0
2017.08.09,00:00,45.62820941334093,45.894364095755904,45.46167839561645,45.7417106628418,23842000.0
2017.08.10,00:00,45.47655099501516,45.56130636704303,44.91054211187875,44.96555709838867,36480000.0
2017.08.11,00:00,45.001733509714654,45.487948124130625,44.88327867924698,45.31993103027344,24136000.0
2017.08.14,00:00,45.72336974051222,45.829334739909605,45.50826718223079,45.730308532714844,21290000.0
2017.08.15,00:00,45.807623873683575,45.92261118837936,45.58905381994797,45.708003997802734,17668000.0
2017.08.16,00:00,45.860158176481384,46.2274187574424,45.76871360429139,45.942928314208984,20134000.0
2017.08.17,00:00,45.88445136924276,45.937976493314295,45.150917053222656,45.150917053222656,25544000.0
2017.08.18,00:00,45.11771103766459,45.363790489708435,44.961291371526855,45.135555267333984,26854000.0
2017.08.21,00:00,45.10234219364993,45.25103274639191,44.77522449016071,44.93680191040039,18868000.0
2017.08.22,00:00,45.2371604334073,45.888416206285946,45.175452447727814,45.83042907714844,23334000.0
2017.08.23,00:00,45.6936293843935,46.09013122318898,45.56625056427024,45.94491195678711,21804000.0
2017.08.24,00:00,46.02718964820977,46.13523817389187,45.37494319356898,45.661415100097656,25406000.0
2017.08.25,00:00,45.77094800676313,45.873294240680586,45.37494151547368,45.39426803588867,21068000.0
2017.08.28,00:00,45.399727367066326,45.56055988761955,45.195031088056915,45.29118347167969,21730000.0
2017.08.29,00:00,44.85949165803512,45.763024568721775,44.85453429712248,45.66191482543945,23712000.0
2017.08.30,00:00,45.60045069964156,46.13419693912701,45.58062503983071,46.07229232788086,26024000.0
2017.08.31,00:00,46.180840122980804,46.687371972129945,46.180840122980804,46.5560302734375,31652000.0
2017.09.01,00:00,46.64524020039829,46.71215133001337,46.34885357986371,46.4573974609375,18948000.0
2017.09.05,00:00,46.24626017077665,46.44054635431601,45.69511965261337,46.01678466796875,26528000.0
2017.09.06,00:00,46.10104350366634,46.138959184334915,45.561799107792844,45.98506546020508,30554000.0
2017.09.07,00:00,46.179349575302105,46.41130565177966,45.77739497692764,46.38850784301758,24254000.0
2017.09.08,00:00,46.415270304649326,46.44004954405994,45.83984214086008,45.920135498046875,20230000.0
2017.09.11,00:00,46.30425554187604,46.50894804286481,45.94095773789694,46.048011779785156,25340000.0
2017.09.12,00:00,46.22197124434113,46.26608078275416,45.789334757547266,46.196197509765625,22688000.0
2017.09.13,00:00,46.12632165610782,46.452940267577716,46.0866703321304,46.34588623046875,22052000.0
2017.09.14,00:00,46.15556203415715,46.23089803575689,45.79623089808235,45.85124588012695,27952000.0
2017.09.15,00:00,45.82893905108892,45.919638702836146,45.417565119896544,45.61234664916992,50108000.0
2017.09.18,00:00,45.59846912411454,45.7010649280989,45.13208021553325,45.35015869140625,26138000.0
2017.09.19,00:00,45.470103782097716,45.7179188797923,45.22873211895012,45.687686920166016,18734000.0
2017.09.20,00:00,45.74567468520544,46.28591357199067,45.69710313713863,46.17191696166992,33396000.0
2017.09.21,00:00,46.242298111189214,46.417253994728554,45.78780531897334,46.21503829956055,25812000.0
2017.09.22,00:00,45.982087501700754,46.32803637520705,45.91914301774236,46.02074432373047,21054000.0
2017.09.25,00:00,45.86809083632222,45.915176305088636,45.08747487091886,45.64604949951172,37136000.0
2017.09.26,00:00,45.782347065863284,46.13424400348361,45.65447288936071,45.83884811401367,33338000.0
2017.09.27,00:00,45.98159689686757,47.079911325437635,45.98159689686757,46.81177520751953,44788000.0
2017.09.28,00:00,46.656644618733374,47.119066923124365,46.61649793784598,47.06008529663086,20406000.0
2017.09.29,00:00,47.1839922790034,47.569891231199726,47.15970839640313,47.5363883972168,31620000.0
2017.10.02,00:00,47.579503447306095,47.706383131527694,46.977806209638175,47.2469367980957,25668000.0
2017.10.03,00:00,47.28312357543332,47.481376418997094,47.04224725912257,47.47096633911133,17766000.0
2017.10.04,00:00,47.43180688918642,47.59982775939296,47.11906587799448,47.16813278198242,19048000.0
2017.10.05,00:00,47.356970092445096,48.12123174310672,47.34160265270451,48.07414627075195,24276000.0
2017.10.06,00:00,47.91256487183107,48.54498941640617,47.747024586073344,48.51673889160156,23478000.0
2017.10.09,00:00,48.57175574629303,48.84063677225755,48.37895564404075,48.423065185546875,17828000.0
2017.10.10,00:00,48.57175949004959,48.649572281740504,47.88184310023559,48.204994201660156,19368000.0
2017.10.11,00:00,48.260505619917694,49.10258010633531,48.1876464060101,49.03022003173828,33866000.0
2017.10.12,00:00,48.94100388857472,49.271589130605555,48.819573132185404,48.959835052490234,25248000.0
2017.10.13,00:00,49.16651629428479,49.42474148411755,49.017829497151816,49.05153274536133,23396000.0
2017.10.16,00:00,49.17146508106148,49.26102654124847,48.77000588304026,49.166507720947266,18210000.0
2017.10.17,00:00,49.08175853049626,49.38657001855484,48.997502311253726,49.17543411254883,25804000.0
2017.10.18,00:00,49.155117528642435,49.40045205864724,48.917462937454516,49.206661224365234,21152000.0
2017.10.19,00:00,48.869130873782346,49.011873351872744,48.491955552062436,48.79230880737305,26272000.0
2017.10.20,00:00,49.03963071439695,49.116948142148665,48.79875442617805,48.978172302246094,23664000.0
2017.10.23,00:00,49.04359964099293,49.04359964099293,47.88382304532027,47.999305725097656,29568000.0
2017.10.24,00:00,48.07612556247269,48.186650876494284,47.63005766180701,48.10289001464844,24244000.0
2017.10.25,00:00,47.995335334971784,48.377963379812265,47.60626763759974,48.24116897583008,24226000.0
2017.10.26,00:00,48.571753384849686,48.948433347430765,48.185162483334466,48.2030029296875,40842000.0
2017.10.27,00:00,50.01850011294798,51.96136945713884,49.96943321050264,50.518096923828125,103354000.0
2017.10.30,00:00,50.25689795075826,50.80060428564215,49.93473759708611,50.41103744506836,41702000.0
2017.10.31,00:00,50.31736626843949,50.75252872861655,50.079462129771606,50.38774490356445,26614000.0
2017.11.01,00:00,50.41600276977632,51.033559123074774,50.40311589983068,50.826881408691406,27468000.0
2017.11.02,00:00,50.641512235055686,50.955243971608176,50.207835812799736,50.830841064453125,20980000.0
2017.11.03,00:00,50.65885132115727,51.181245910245714,50.569637745041724,51.172821044921875,21528000.0
2017.11.06,00:00,50.999851331422136,51.29128060907478,50.80209385947873,50.84669876098633,22504000.0
2017.11.07,00:00,50.914597298023274,51.24667237352775,50.80853398834285,51.21495056152344,22246000.0
2017.11.08,00:00,51.075682714606934,51.72010178197938,50.9730869034583,51.53810501098633,21774000.0
2017.11.09,00:00,51.24765878471669,51.24765878471669,50.537716448332034,51.11235046386719,24904000.0
2017.11.10,00:00,50.87446373458207,51.08758110882659,50.81597746014205,50.95425796508789,14400000.0
2017.11.13,00:00,50.723785019056805,51.12821640008872,50.68165690775591,50.839263916015625,17716000.0
2017.11.14,00:00,50.68264625417783,50.891800731272795,50.26433351862985,50.851654052734375,19184000.0
2017.11.15,00:00,50.515120491907886,50.75698749636638,50.327277749799485,50.59938049316406,17080000.0
2017.11.16,00:00,50.679177210992655,51.34332362623275,50.679177210992655,51.1738166809082,22594000.0
2017.11.17,00:00,51.248660624493155,51.26898164492409,50.44276616276948,50.509178161621094,27942000.0
2017.11.20,00:00,50.56716781249708,50.68364121325711,50.43037339181352,50.4739875793457,19070000.0
2017.11.21,00:00,50.71832546145522,51.30316914296821,50.68586250599802,51.272438049316406,21940000.0
2017.11.22,00:00,51.29771794232588,51.530959652020755,51.12077686840234,51.345298767089844,14926000.0
2017.11.24,00:00,51.34084310750608,51.70305184989971,51.29772427957863,51.57577133178711,10740000.0
2017.11.27,00:00,51.54553902841282,52.311782111493734,51.4682215971453,52.24982833862305,26158000.0
2017.11.28,00:00,52.293450321730035,52.65451711925586,51.54554298715704,51.912803649902344,28488000.0
2017.11.29,00:00,51.678364194640665,51.747752114251455,50.33867820689412,50.63655090332031,49188000.0
2017.11.30,00:00,50.671737777536975,50.97506317759665,50.30645861071533,50.6241569519043,34480000.0
2017.12.01,00:00,50.34610770032068,50.67768361008488,49.663130222543124,50.06706619262695,38192000.0
2017.12.04,00:00,50.190485218247375,50.360982877391976,49.343453422383455,49.49759292602539,38128000.0
2017.12.05,00:00,49.361793600935954,50.58451090971462,48.98214145338656,49.818267822265625,41346000.0
2017.12.06,00:00,49.63736581956528,50.80060997196467,49.61952158937936,50.4739875793457,25440000.0
2017.12.07,00:00,50.57559127242247,51.26005871475229,50.45867167462544,51.096004486083984,29164000.0
2017.12.08,00:00,51.42113723241221,51.647145235981114,51.1749065247143,51.399330139160156,25816000.0
2017.12.11,00:00,51.322500223878194,51.733870347925695,51.151507228176165,51.60005187988281,23856000.0
2017.12.12,00:00,51.527200195699436,52.0565336321197,51.23279876678965,51.56932830810547,25590000.0
2017.12.13,00:00,51.84886480471075,51.87587504656691,51.4652460120036,51.57577133178711,25654000.0
2017.12.14,00:00,51.79335552570975,52.46245553460276,51.69967993629424,51.99904251098633,31174000.0
2017.12.15,00:00,52.26965487498035,52.91447099410166,52.0163870607214,52.744468688964844,65518000.0
2017.12.18,00:00,52.83813840717752,53.45321407516543,52.63591895204007,53.38630294799805,31092000.0
2017.12.19,00:00,53.29014671063813,53.37143077309301,52.71274097148971,53.066123962402344,26774000.0
2017.12.20,00:00,53.120649741982746,53.199948600914915,52.612132716128116,52.782135009765625,25372000.0
2017.12.21,00:00,52.782138011756416,52.99922200638514,52.625714565854096,52.716712951660156,19914000.0
2017.12.22,00:00,52.59181821994292,52.744967019899285,52.50904806408887,52.54275131225586,15102000.0
2017.12.26,00:00,52.441141702564565,52.54274679629412,52.05107948304172,52.37522506713867,15212000.0
2017.12.27,00:00,52.407437463197496,52.45600900782719,51.9445198248081,52.00994110107422,25438000.0
2017.12.28,00:00,52.12046678344896,52.276587704566154,51.78194828558828,51.948978424072266,16742000.0
2017.12.29,00:00,51.87860239441568,52.02630224979931,51.78839809205581,51.86274337768555,17750000.0
2018.01.02,00:00,51.958894495455496,52.88076693962761,51.80475499062032,52.78461456298828,24752000.0
2018.01.03,00:00,52.75042110592872,53.83981538793895,52.69590147789493,53.65098190307617,28604000.0
2018.01.04,00:00,53.924559440954624,54.20062502899971,53.72640494877816,53.84525680541992,20092000.0
2018.01.05,00:00,54.22194199879637,54.729963685356736,54.122813694803185,54.629844665527344,25582000.0
2018.01.08,00:00,54.62984292652392,55.07789225850775,54.599610969049294,54.863285064697266,20952000.0
2018.01.09,00:00,54.98521539356648,55.04320252345491,54.58033401381139,54.829586029052734,18050000.0
2018.01.10,00:00,54.37558816327823,54.74731080900589,54.32652125805604,54.648681640625,20856000.0
2018.01.11,00:00,54.8315645389233,54.842715764024604,54.49899787346576,54.79290771484375,19566000.0
2018.01.12,00:00,54.63877043914098,55.723211128689684,54.576321302893405,55.622596740722656,34410000.0
2018.01.16,00:00,56.13060973555485,56.49737498705693,55.40312562391039,55.597808837890625,31506000.0
2018.01.17,00:00,55.818866014445625,56.13507832865972,55.362387992020274,56.104347229003906,24052000.0
2018.01.18,00:00,56.07609337765902,56.13061299973147,55.38667237503244,55.99580001831055,23964000.0
2018.01.19,00:00,56.096903480649964,56.395770652783774,55.92194762047957,56.378421783447266,35564000.0
2018.01.22,00:00,56.377436080185376,57.48715123643118,56.25947661482576,57.285430908203125,32360000.0
2018.01.23,00:00,57.485669189157804,58.06937100761222,57.431149564516694,57.987247467041016,26662000.0
2018.01.24,00:00,58.352029864364894,58.47742348535652,57.54514473378086,57.703250885009766,28332000.0
2018.01.25,00:00,58.11412648362555,58.28313807430303,57.629897083513974,58.00707244873047,29610000.0
2018.01.26,00:00,58.24050924741914,58.278175354003906,57.39942179759987,58.278175354003906,40376000.0
2018.01.29,00:00,58.30990180467592,58.82585301318156,58.086865950702276,58.26529312133789,27578000.0
2018.01.30,00:00,57.88118272938803,58.31188702537185,57.66756622494809,57.675994873046875,31126000.0
2018.01.31,00:00,58.016986226833694,58.13742627601026,57.44998664710843,57.98576354980469,30774000.0
2018.02.01,00:00,57.6224596663585,58.18698239665618,57.37018258016751,57.874732971191406,48242000.0
2018.02.02,00:00,55.609699311450676,55.66273285486956,54.8800333811633,55.10911560058594,97158000.0
2018.02.05,00:00,54.0534271065371,55.01495088152818,52.14178413302723,52.328636169433594,75966000.0
2018.02.06,00:00,50.91014239465068,53.612811458951754,50.709756878725884,53.557796478271484,68960000.0
2018.02.07,00:00,53.60438284083807,53.61627899295201,51.95492425173527,51.970787048339844,47384000.0
2018.02.08,00:00,52.309306332479785,52.46840320077334,49.59573178458921,49.63835525512695,57182000.0
2018.02.09,00:00,50.41797553410827,51.74230160535539,49.19426383391903,51.43550491333008,70118000.0
2018.02.12,00:00,51.942033170824054,52.6111330132041,51.59152024950062,52.13731002807617,41154000.0
2018.02.13,00:00,51.79335524400321,52.45601181473163,51.74810372935266,52.1452522277832,25302000.0
2018.02.14,00:00,51.98913167761166,53.117681931013095,51.88009620258618,53.0175666809082,31116000.0
2018.02.15,00:00,53.481968186712116,54.09699857303934,52.75190509551018,53.99990463256836,36868000.0
2018.02.16,00:00,53.94488142307242,54.7507757533945,53.94007153587972,54.26158905029297,33590000.0
2018.02.20,00:00,54.05193724627006,55.210719274386996,53.95033215729679,54.64124298095703,28462000.0
2018.02.21,00:00,54.83999582940874,56.202978867403445,54.83305703692073,55.08136749267578,30258000.0
2018.02.22,00:00,55.321754058619966,55.65035412861896,54.64769662159028,54.847930908203125,26344000.0
2018.02.23,00:00,55.145793624078706,55.87139462936793,54.752955904159975,55.847110748291016,25220000.0
2018.02.26,00:00,55.89717519357597,56.69811607349837,55.84240977897008,56.687705993652344,31182000.0
2018.02.27,00:00,56.563309029029305,56.70208489917834,55.41146552543347,55.425838470458984,35482000.0
2018.02.28,00:00,55.66076169346768,55.88379378153124,54.67990754496504,54.75375747680664,37652000.0
2018.03.01,00:00,54.90937760835708,55.020893633621334,52.88378738145723,53.008636474609375,50318000.0
2018.03.02,00:00,52.19382109309138,53.62713353500574,51.94774165232952,53.47452926635742,45432000.0
2018.03.05,00:00,53.28718857271669,54.37559213540276,52.982872397706615,54.06978988647461,24044000.0
2018.03.06,00:00,54.48065742735588,54.61100840247611,54.012536643329454,54.27447509765625,30656000.0
2018.03.07,00:00,53.983541854583336,55.124978831939806,53.7997640691388,54.99710464477539,25850000.0
2018.03.08,00:00,55.278623277796704,55.887259338248796,55.15372501877887,55.80795669555664,27102000.0
2018.03.09,00:00,56.303588224000215,57.532752745817845,56.128186141581224,57.49508285522461,42560000.0
2018.03.12,00:00,57.6839197272049,58.33815141546873,57.365226858454356,57.71613311767578,43446000.0
2018.03.13,00:00,57.98873847030833,58.323785755089084,56.17126245874794,56.41114807128906,38144000.0
2018.03.14,00:00,56.760071831919085,57.423223813992095,56.57321599699408,56.972198486328125,25828000.0
2018.03.15,00:00,56.99548518180523,57.54662566044222,56.23122358979444,56.97665023803711,27908000.0
2018.03.16,00:00,57.202663788016295,57.28890144499152,56.103354871041766,56.29020690917969,61840000.0
2018.03.19,00:00,55.511074793568646,55.60920859990042,53.97462201188917,54.510398864746094,56118000.0
2018.03.20,00:00,54.469757958588445,54.77704625249041,53.699548229413,54.40582275390625,36638000.0
2018.03.21,00:00,54.15949221452513,54.831564335095464,53.7833075845306,54.06730270385742,37578000.0
2018.03.22,00:00,53.6212413543292,53.67179433349145,51.83845948031391,51.99557113647461,53340000.0
2018.03.23,00:00,51.89396857137952,52.70333048322749,50.6147464320951,50.6320915222168,43134000.0
2018.03.26,00:00,51.842921873911735,52.320216301491655,49.97935112976335,52.20027160644531,53302000.0
2018.03.27,00:00,52.685491373783385,52.77663723445827,49.41036618994751,49.815792083740234,61906000.0
2018.03.28,00:00,49.463895632746706,50.763930414714515,48.60348157250914,49.78902816772461,67386000.0
2018.03.29,00:00,50.13942876322866,51.69422089991106,49.706743141770005,51.13861846923828,54536000.0
2018.04.02,00:00,50.694042462794755,51.287810202970185,49.08572502676013,49.883689880371094,53608000.0
2018.04.03,00:00,50.25244037367217,50.603346641417744,49.269109495015805,50.2276611328125,45502000.0
2018.04.04,00:00,49.236399597219005,50.98637057702776,49.21607857825465,50.80903244018555,49694000.0
2018.04.05,00:00,51.611458767460086,51.683818837166264,50.56077058975531,50.94136428833008,27260000.0
2018.04.06,00:00,50.554280908899784,51.12028975597319,49.713197146803026,49.91194534301758,34928000.0
2018.04.09,00:00,50.395680822187266,51.525717116557466,50.260867829566074,50.32876968383789,35032000.0
2018.04.10,00:00,50.87346524483522,51.36116594011719,50.1250663597116,51.131195068359375,39490000.0
2018.04.11,00:00,50.95028411772291,51.11750710582636,50.34957761002071,50.55278778076172,29678000.0
2018.04.12,00:00,50.80407602200924,51.57973848115395,50.625403062408175,51.174312591552734,27140000.0
2018.04.13,00:00,51.589161217989,51.863740805464786,50.7019825990728,51.013736724853516,24460000.0
2018.04.16,00:00,51.39684776600565,51.706121268252005,50.888334502503376,51.44541931152344,24224000.0
2018.04.17,00:00,52.10907598245443,53.42299220561031,51.9549326819274,53.238616943359375,46406000.0
2018.04.18,00:00,53.40068111758173,53.40068111758173,52.845328161113194,53.135520935058594,26882000.0
2018.04.19,00:00,53.002694288187875,54.23011941134341,52.942226587596124,53.90969467163086,34954000.0
2018.04.20,00:00,53.627179869958965,54.14015888215391,53.01111347879853,53.17913055419922,37794000.0
2018.04.23,00:00,53.42199519627016,53.662871489816716,52.57149212811595,52.906044006347656,46826000.0
2018.04.24,00:00,52.1402893466198,52.3881044172432,50.08788550648322,50.55328369140625,95206000.0
2018.04.25,00:00,50.82786496878673,51.173318493398014,50.32182473179223,50.61275863647461,47822000.0
2018.04.26,00:00,51.025620413264804,51.941049407918,50.46456896040149,51.54751968383789,41590000.0
2018.04.27,00:00,51.84291026167658,52.01638004896413,50.83132899615963,51.0523796081543,32396000.0
2018.04.30,00:00,51.050405447279445,51.396849713328386,50.39815517282711,50.42194747924805,33426000.0
2018.05.01,00:00,50.24004807471629,51.46970795702893,49.96993053102454,51.41221618652344,28558000.0
2018.05.02,00:00,50.95573758170909,51.56481985116006,50.69652547821156,50.771366119384766,32062000.0
2018.05.03,00:00,50.50471378090705,51.033797612491554,49.87476600572886,50.738651275634766,36302000.0
2018.05.04,00:00,50.400633364707346,51.96731809871606,50.400633364707346,51.952449798583984,38774000.0
2018.05.07,00:00,52.00300183308082,52.6200627468886,51.89743387896932,52.27857208251953,29322000.0
2018.05.08,00:00,52.46443414675418,52.56405780743735,51.899665625346906,52.23495864868164,24354000.0
2018.05.09,00:00,52.44262646338202,53.797679907056114,52.356634599643414,53.664852142333984,40656000.0
2018.05.10,00:00,53.82691936575214,54.54112334647253,53.807592845326134,54.39888000488281,28860000.0
2018.05.11,00:00,54.202117187593196,54.58524062034979,54.06879405972842,54.43307876586914,25074000.0
2018.05.14,00:00,54.519317271106544,55.05211817734915,54.475207729926716,54.52922821044922,30362000.0
2018.05.15,00:00,54.02368259630871,54.02615938559775,53.20440607578568,53.48988723754883,29898000.0
2018.05.16,00:00,53.39473686704243,53.987510144959806,53.34269403380493,53.615787506103516,21946000.0
2018.05.17,00:00,53.52260240139293,53.86855127108179,53.205894772187015,53.45817184448242,20876000.0
2018.05.18,00:00,52.6289844155337,53.029456713802176,52.57050193028702,52.852020263671875,31304000.0
2018.05.21,00:00,53.23364768698219,53.92455846272447,53.2133266705969,53.50723648071289,20464000.0
2018.05.22,00:00,53.70450105843614,53.85467390587507,52.86837098206895,53.01904296875,21800000.0
2018.05.23,00:00,52.79105337822441,53.56671575786434,52.6215464484434,53.512691497802734,21214000.0
2018.05.24,00:00,53.47849081145748,53.55134623093059,52.841604290929276,53.490386962890625,15336000.0
2018.05.25,00:00,53.479484954279414,53.65493618305184,53.21952793743815,53.31295394897461,17988000.0
2018.05.29,00:00,52.77916143625968,53.19945561702228,52.29988941190555,52.55265808105469,37302000.0
2018.05.30,00:00,52.68697134467851,52.99326889492697,52.37967929731005,52.92338562011719,22770000.0
2018.05.31,00:00,52.911490117806515,54.380044748033725,52.911490117806515,53.77537536621094,61766000.0
2018.06.01,00:00,54.48710710454032,55.51058472035661,54.444978989542356,55.485801696777344,48432000.0
2018.06.04,00:00,55.62606354408072,56.595516823717695,55.60995495800922,56.466651916503906,37792000.0
2018.06.05,00:00,56.55089816194715,56.786223387321336,56.16430728987999,56.484981536865234,33560000.0
2018.06.06,00:00,56.609397982758495,56.65053538156997,55.79522612754233,56.34720993041992,33964000.0
2018.06.07,00:00,56.07163404717826,56.2946661102567,55.33809973466942,55.7018928527832,30400000.0
2018.06.08,00:00,55.420368754228825,55.841158239079284,55.121501585697864,55.55369186401367,25816000.0
2018.06.11,00:00,55.44118790118947,56.36603241369824,55.44118790118947,56.00571060180664,21586000.0
2018.06.12,00:00,56.059238671141706,56.49142518329354,56.042634728897504,56.46813201904297,18240000.0
2018.06.13,00:00,56.55735736952771,56.824007435345344,56.17373853751275,56.243621826171875,30128000.0
2018.06.14,00:00,56.692662565745394,57.268582358294424,56.53356569202681,57.10254669189453,26868000.0
2018.06.15,00:00,56.940961759320864,57.16696972536551,56.67456133074064,57.109474182128906,42450000.0
2018.06.18,00:00,56.68274609944155,58.20234921259643,56.67977395182321,58.160221099853516,28274000.0
2018.06.19,00:00,57.418751258751804,58.051671162550875,57.1962145650299,57.892574310302734,32420000.0
2018.06.20,00:00,58.251905048229595,58.79591009903436,57.947093571217664,57.980796813964844,32970000.0
2018.06.21,00:00,58.22911010058599,58.350291282382244,57.108092471037615,57.37712097167969,24762000.0
2018.06.22,00:00,57.45048040668599,57.61686395685321,56.86166996758828,57.26907730102539,26220000.0
2018.06.25,00:00,56.68027340363864,56.695637063492995,55.15274067181322,55.748985290527344,43146000.0
2018.06.26,00:00,55.907086066242535,56.16530745512044,55.34499095091755,55.43425369262695,31264000.0
2018.06.27,00:00,55.57699729574793,56.09721009804283,54.69873902224214,54.716583251953125,25878000.0
2018.06.28,00:00,54.62290013589441,55.62506581932752,54.321556173580426,55.224098205566406,21448000.0
2018.06.29,00:00,55.510580831027845,55.918336033100005,55.262765738032186,55.29498291015625,26302000.0
2018.07.02,00:00,54.46975395572342,55.907082139460066,54.212024161514066,55.88031768798828,24346000.0
2018.07.03,00:00,56.29466152738728,56.29466152738728,54.52030476269681,54.66255187988281,13580000.0
2018.07.05,00:00,55.04122139157868,55.88230514666363,54.93961629287693,55.72221755981445,21334000.0
2018.07.06,00:00,55.68801657628963,56.54793524055513,55.5471080449797,56.5102653503418,19922000.0
2018.07.09,00:00,56.92213081298989,57.228927507001806,56.671343592585885,57.19819641113281,18180000.0
2018.07.10,00:00,57.3434133388678,57.47277358825128,56.97714346234681,57.138221740722656,15968000.0
2018.07.11,00:00,56.72933381063122,57.705725856815306,56.551402003692765,57.190765380859375,22400000.0
2018.07.12,00:00,57.48764908980958,58.7029360350934,57.29162725970162,58.65684127807617,25038000.0
2018.07.13,00:00,58.73217618521557,59.248475267781004,58.48436109582648,58.9215087890625,24438000.0
2018.07.16,00:00,58.94975095484149,59.029545163743116,58.44866812864543,58.67566680908203,21114000.0
2018.07.17,00:00,58.098761712368784,59.62629430833079,58.01846835171621,59.41614532470703,32208000.0
2018.07.18,00:00,59.30511895311596,59.69864864767108,58.996836190309836,59.27141571044922,27872000.0
2018.07.19,00:00,59.02954943108875,59.47561731723963,58.64890659954036,58.829315185546875,25534000.0
2018.07.20,00:00,58.82932345466273,59.31999630771927,58.69351974750363,58.727718353271484,24948000.0
2018.07.23,00:00,58.534413971157385,59.797281621388024,58.53391861327654,59.74821472167969,52384000.0
2018.07.24,00:00,62.57776960342834,62.7467774004112,61.23807983102735,61.85860824584961,66364000.0
2018.07.25,00:00,61.415025849806675,62.73984364749556,61.415025849806675,62.632789611816406,42556000.0
2018.07.26,00:00,62.00333477665902,62.93368123788387,61.90520096902308,62.86226272583008,48112000.0
2018.07.27,00:00,62.99459868264594,63.137836538783574,61.012077850579296,61.3838005065918,42612000.0
2018.07.30,00:00,60.86387879126687,61.2061597479148,60.04410686264964,60.4539909362793,36998000.0
2018.07.31,00:00,60.46738045321975,60.842967655759224,59.753176389030685,60.33108139038086,32894000.0
2018.08.01,00:00,60.86339084329772,61.13449911408935,59.98166503909137,60.46738052368164,31344000.0
2018.08.02,00:00,59.768042300663474,60.95656478719982,59.71302731977951,60.77169418334961,30626000.0
2018.08.03,00:00,60.94366832769189,60.96250327007,60.222030255340705,60.650753021240234,21792000.0
2018.08.06,00:00,60.71469364096677,60.76861958701255,60.25856355417632,60.70329284667969,21634000.0
2018.08.07,00:00,61.309451927096234,62.0117598033927,61.26831453128713,61.568172454833984,29880000.0
2018.08.08,00:00,61.48143690773993,62.27593431296022,61.35941247629502,61.73619079589844,27406000.0
2018.08.09,00:00,61.94881196724852,62.228447172054636,61.756011867351965,61.90916442871094,16972000.0
2018.08.10,00:00,61.606836571127594,61.7404092756367,61.06164031543393,61.339691162109375,22174000.0
2018.08.13,00:00,61.30846150952368,61.917740414458095,61.14297036729143,61.21082305908203,19946000.0
2018.08.14,00:00,61.21974394331049,61.74907737859459,60.72015089069959,61.562225341796875,26962000.0
2018.08.15,00:00,60.92583256161347,61.22221917713688,59.9469599982714,60.18833541870117,36576000.0
2018.08.16,00:00,60.701311328593825,60.76425581331431,59.602002503112054,59.79728317260742,26864000.0
2018.08.17,00:00,59.57623453602742,59.92267878317328,58.892757842029816,59.52320098876953,27792000.0
2018.08.20,00:00,59.72442254345973,60.020809155213755,59.209265471734184,59.860721588134766,17416000.0
2018.08.21,00:00,59.87212813400071,60.331079146334176,59.493167973881114,59.55591583251953,24112000.0
2018.08.22,00:00,59.47561902532721,60.06244419526699,59.42605676574438,59.83891677856445,17748000.0
2018.08.23,00:00,59.82950361390495,60.53032545671066,59.68577418063216,59.74227523803711,19852000.0
2018.08.24,00:00,59.91276611048528,60.54865817584262,59.79079084599962,60.49909591674805,18932000.0
2018.08.27,00:00,60.84355902843554,61.61128814376347,60.75018217391204,61.548343658447266,23126000.0
2018.08.28,00:00,61.522077332519814,61.58428067446622,60.897586030243275,61.019508361816406,26080000.0
2018.08.29,00:00,61.331754492391035,61.98648149937057,61.27768107342781,61.91907501220703,25978000.0
2018.08.30,00:00,61.66779191921428,62.1339350662551,61.0908814473015,61.414527893066406,26628000.0
2018.08.31,00:00,61.20933015735596,61.391720169100466,60.034934961072196,60.377166748046875,36328000.0
2018.09.04,00:00,59.68725278311609,60.119443088814286,59.10389513106943,59.326927185058594,36620000.0
2018.09.05,00:00,59.16832533739245,59.42655048819028,57.5922213253423,58.80552673339844,41226000.0
2018.09.06,00:00,58.79660317185228,58.79660317185228,57.096591610763404,58.060096740722656,37770000.0
2018.09.07,00:00,57.42718749038299,58.2494401469354,57.35507319961545,57.73249816894531,28026000.0
2018.09.10,00:00,58.09727525998911,58.21374865542585,57.498553908567864,57.72307205200195,22308000.0
2018.09.11,00:00,57.5738903102379,58.41893690376522,57.30674491389054,58.353515625,24186000.0
2018.09.12,00:00,58.123542493466914,58.41546711891527,57.41181527488311,57.63286590576172,25910000.0
2018.09.13,00:00,58.0254089038955,58.41547114256719,57.63435973069589,58.25290298461914,28624000.0
2018.09.14,00:00,58.4397636281924,58.50543448397937,57.9059681334514,58.114131927490234,18880000.0
2018.09.17,00:00,57.99566246014104,58.34755938932527,57.19720231168191,57.29732131958008,26130000.0
2018.09.18,00:00,57.348865924501766,58.290068559952815,57.348865924501766,57.55356216430664,24072000.0
2018.09.19,00:00,57.739925057752345,58.14782772647716,57.224469218542694,58.042755126953125,23828000.0
2018.09.20,00:00,58.48386427677112,58.97453708272249,58.15526047817231,58.82485580444336,24508000.0
2018.09.21,00:00,59.07911277396556,59.08952285248988,57.7924565629529,57.79493713378906,88112000.0
2018.09.24,00:00,57.35283566397968,58.38523336032592,56.84431864451743,58.15575408935547,25420000.0
2018.09.25,00:00,58.29354737440025,58.825361414775166,57.88961131567648,58.7148323059082,19554000.0
2018.09.26,00:00,58.73960566162781,59.18963640635993,58.224894790450314,58.508644104003906,29246000.0
2018.09.27,00:00,58.81792108194786,59.57970597094172,58.664276929769244,59.209964752197266,25216000.0
2018.09.28,00:00,59.07267108242856,59.24812609796649,58.70739189059745,59.151973724365234,27612000.0
2018.10.01,00:00,59.47016275229733,59.966288239087135,58.99485364016952,59.2431640625,27152000.0
2018.10.02,00:00,59.02756942540632,59.96926747861509,58.81296223325491,59.48107147216797,33758000.0
2018.10.03,00:00,59.72343889945435,59.79332218265322,59.16982157120928,59.62183380126953,25124000.0
2018.10.04,00:00,59.244155988555775,59.35220450840016,57.2738303115181,57.899017333984375,44190000.0
2018.10.05,00:00,57.86482351599098,58.16220086772443,56.75560368739669,57.361759185791016,23686000.0
2018.10.08,00:00,57.00292363111253,57.889606752460466,55.875560841761654,56.9464225769043,38648000.0
2018.10.09,00:00,56.806653371235285,57.21306997723448,56.38150391634357,56.443359375,26174000.0
2018.10.10,00:00,56.05973981210883,56.113764077040386,53.58406567674025,53.58852767944336,53514000.0
2018.10.11,00:00,53.17814196270569,54.83652081740324,52.94668503663502,53.494354248046875,58980000.0
2018.10.12,00:00,54.91581829958856,55.26275786783007,53.845353750558715,55.0189094543457,42026000.0
2018.10.15,00:00,54.96092435614643,55.185741220105506,53.974126023213124,54.13520431518555,27448000.0
2018.10.16,00:00,54.746810487025556,55.71973119968962,54.643223967313794,55.57401657104492,38570000.0
2018.10.17,00:00,55.830754305645435,55.956147913640585,54.62785899408807,55.296958923339844,29344000.0
2018.10.18,00:00,55.60178447368874,55.60178447368874,53.383839803551126,53.9230842590332,41890000.0
2018.10.19,00:00,54.1907194912228,55.032797762484556,53.912177066628814,54.3438720703125,25352000.0
2018.10.22,00:00,54.67098369040147,55.12547648448794,54.07325304519226,54.576812744140625,30284000.0
2018.10.23,00:00,53.572165739637676,54.91036941342951,53.03242604909097,54.702205657958984,36974000.0
2018.10.24,00:00,54.7299647442869,54.82264583442164,51.978720344396166,52.076358795166016,39648000.0
2018.10.25,00:00,53.12114734821992,55.06352138334362,53.01012667220117,54.29975509643555,50916000.0
2018.10.26,00:00,51.39833896649261,54.84296726914689,51.25262054476684,53.105289459228516,83752000.0
2018.10.29,00:00,53.65048261738314,54.37261617561824,49.35634187528354,50.55824661254883,77614000.0
2018.10.30,00:00,49.98232572490899,51.42114019957384,49.60019297825797,51.35770034790039,64254000.0
2018.10.31,00:00,52.527384942750615,54.119843484350746,52.388109954257125,53.36797332763672,50596000.0
2018.11.01,00:00,53.319895150570225,53.72507145746952,52.65872467842027,53.03242874145508,29640000.0
2018.11.02,00:00,53.21730056182577,53.675510427257436,52.26965437466142,52.42726516723633,36780000.0
2018.11.05,00:00,52.28897861372403,52.46096232900265,50.615731570342625,51.54999542236328,48828000.0
2018.11.06,00:00,51.51977012672646,52.75215647714808,51.449886839135246,52.32913589477539,24666000.0
2018.11.07,00:00,52.982864151386096,54.2942996011444,52.82921623251837,54.19170379638672,41168000.0
2018.11.08,00:00,54.09208416908417,54.18575975079391,53.141711681832206,53.64700698852539,29764000.0
2018.11.09,00:00,53.23018225590334,53.30799503808962,52.19530401623175,52.84160614013672,26864000.0
2018.11.12,00:00,52.60568915013151,52.6418691835281,51.0994683785179,51.47763442993164,29436000.0
2018.11.13,00:00,51.708601539106446,52.368531723431836,51.10690427005026,51.34976577758789,30274000.0
2018.11.14,00:00,52.041171033067094,52.267375670312575,51.09947289619707,51.7269401550293,31318000.0
2018.11.15,00:00,51.77898043202885,53.12411918644081,51.13813097768939,52.770240783691406,36722000.0
2018.11.16,00:00,52.50756174771357,52.883742632029936,51.99061979448415,52.610652923583984,33162000.0
2018.11.19,00:00,52.39802028346971,52.57595208283473,50.36890956355766,50.55427551269531,37172000.0
2018.11.20,00:00,49.563010823259276,51.13614257159033,49.36574873939568,50.839752197265625,48982000.0
2018.11.21,00:00,51.38495776330342,51.969801549508574,51.22189424801215,51.427085876464844,30686000.0
2018.11.23,00:00,51.04990361544537,51.42608821681462,50.67317449855005,50.746578216552734,13830000.0
2018.11.26,00:00,51.463762071454404,52.00697311088933,51.24370213862259,51.972774505615234,38856000.0
2018.11.27,00:00,51.595098986293586,52.41685615251972,51.47069608818264,51.76411056518555,36064000.0
2018.11.28,00:00,51.97970697793914,53.867065910505026,51.335386274873294,53.83683395385742,49508000.0
2018.11.29,00:00,53.33377767556574,54.23408888310208,53.329811030501205,53.93943786621094,29378000.0
2018.11.30,00:00,53.9775962889458,54.29975667072372,53.42298825069343,54.243255615234375,51604000.0
2018.12.03,00:00,55.66620951288142,55.741046372709114,54.70096867865397,54.838008880615234,39824000.0
2018.12.04,00:00,54.67395367460309,54.73838801690913,52.040177244695364,52.081809997558594,46904000.0
2018.12.06,00:00,51.261042271311915,53.09190006416395,51.088067842636164,52.969478607177734,55384000.0
2018.12.07,00:00,52.53729258865926,53.29312934282616,50.97556146243687,51.37602996826172,42024000.0
2018.12.10,00:00,51.30020327351945,51.964349717973185,50.71734469048684,51.52323913574219,36154000.0
2018.12.11,00:00,52.362831193714555,52.566532948542815,51.53760653314384,52.12790298461914,27894000.0
2018.12.12,00:00,52.93330431433464,53.60983844585815,52.675079147311514,52.71918869018555,30476000.0
2018.12.13,00:00,52.93677221885112,53.51616326374959,52.23595041861679,52.6309700012207,26596000.0
2018.12.14,00:00,52.040173788585214,52.66565953717831,51.58469032690577,51.64961624145508,33732000.0
2018.12.17,00:00,51.42212558794701,52.19729265751431,49.954565377956875,50.382293701171875,47708000.0
2018.12.18,00:00,50.85611393169102,52.015391293689426,50.625643948827204,50.98596954345703,43850000.0
2018.12.19,00:00,51.24766623634039,52.635923835569606,49.96200066647579,50.70346450805664,49586000.0
2018.12.20,00:00,50.46159399217547,51.25905969338883,49.38260619239443,50.02940368652344,53470000.0
2018.12.21,00:00,50.321333444284065,50.75352379411164,48.25901842707017,48.5489616394043,91920000.0
2018.12.24,00:00,48.26942734129546,49.7384737863463,48.08158457493087,48.38441467285156,31806000.0
2018.12.26,00:00,49.018318878608525,51.54553657736371,48.720446181339874,51.51877212524414,47466000.0
2018.12.27,00:00,50.413017337953015,51.738334102994145,49.414322919001634,51.73783874511719,42196000.0
2018.12.28,00:00,52.02233320411581,52.31673840406217,51.20355194681608,51.400814056396484,28296000.0
2018.12.31,00:00,52.08875131786357,52.17498897525523,50.73221171585902,51.32795715332031,29866000.0
2019.01.02,00:00,50.38427764259571,52.156157860611046,50.341654171796584,51.83548355102539,30652000.0
2019.01.03,00:00,51.59510067338943,52.38711748454018,50.260368213364714,50.35900115966797,36822000.0
2019.01.04,00:00,51.17827880561593,53.074062758167784,50.92193674931306,53.06761932373047,41878000.0
2019.01.07,00:00,53.10677619388946,53.230683742740645,52.27708946198081,52.952632904052734,39638000.0
2019.01.08,00:00,53.33525646986528,53.75406455452194,52.563065356356866,53.34368133544922,35298000.0
2019.01.09,00:00,53.609841489235365,53.65841303748925,52.85400467158436,53.263397216796875,23986000.0
2019.01.10,00:00,52.91644994080382,53.08942438541833,52.42330034372342,53.04878234863281,29128000.0
2019.01.11,00:00,52.694403933010385,52.72389474217079,51.965827045487536,52.39752197265625,30416000.0
2019.01.14,00:00,51.88851374855489,52.1169985279336,51.607740349931376,51.77798843383789,22886000.0
2019.01.15,00:00,52.04959342450191,53.53053587835969,51.90933150627294,53.386802673339844,29272000.0
2019.01.16,00:00,53.52805754177051,54.14140138031318,53.49534501327374,53.576133728027344,26636000.0
2019.01.17,00:00,53.50178826890117,54.11290110415514,53.205897002419576,54.01873016357422,24854000.0
2019.01.18,00:00,54.5193202026271,54.93326926753395,54.06829492044433,54.43307876586914,39112000.0
2019.01.22,00:00,53.92457065401919,54.09853583659865,52.7087882451389,53.05820846557617,32270000.0
2019.01.23,00:00,53.39672125617981,53.772406779262596,52.52441102323635,53.30849838256836,19340000.0
2019.01.24,00:00,53.35360127668921,53.50204228015625,52.57149536602345,53.22572708129883,27226000.0
2019.01.25,00:00,53.77587192681532,54.221939823493685,53.6182611439437,54.07275390625,22382000.0
2019.01.28,00:00,53.53350843106745,53.676746269134846,52.72513351596159,53.03639221191406,25686000.0
2019.01.29,00:00,53.16525456089891,53.28767602644918,52.33185459972879,52.56752395629883,20436000.0
2019.01.30,00:00,52.95461732136823,54.073252749781474,52.87630539210356,53.97710037231445,25596000.0
2019.01.31,00:00,54.668012820943794,55.378250235251905,54.29182816639636,55.33066940307617,30766000.0
2019.02.01,00:00,55.133903461791434,55.75839858472066,54.761685446608126,55.0521240234375,29244000.0
2019.02.04,00:00,55.14678606424278,56.14498519897461,54.96637746841487,56.14498519897461,51530000.0
2019.02.05,00:00,55.75046081941512,56.841340964475094,55.37417789966803,56.7987174987793,71044000.0
2019.02.06,00:00,56.480525134854716,56.848776459240455,55.15223618704957,55.27416229248047,42112000.0
2019.02.07,00:00,54.72550083493149,54.759204079631225,53.82543551167955,54.45538330078125,40896000.0
2019.02.08,00:00,53.87499730653298,54.465293769549156,53.85269485668211,54.27447509765625,21516000.0
2019.02.11,00:00,54.36815173379858,54.81397007660763,54.16544068687445,54.27199935913086,21304000.0
2019.02.12,00:00,54.856353790972236,55.77302316827288,54.809268314290854,55.578487396240234,32182000.0
2019.02.13,00:00,55.75790296297888,56.24064630087242,55.43623792991355,55.51851272583008,20996000.0
2019.02.14,00:00,55.413927773999404,55.91847813559896,55.03700202178107,55.593345642089844,18952000.0
2019.02.15,00:00,56.010173367540794,56.08897686702311,55.047163596731714,55.19585037231445,28996000.0
2019.02.19,00:00,55.01495574370157,55.60426157175324,55.01495574370157,55.43921661376953,20928000.0
2019.02.20,00:00,55.51008575220036,55.67959269845235,54.78101341218188,55.20328903198242,21756000.0
2019.02.21,00:00,55.056576303946244,55.11109591988794,54.14858155721415,54.369136810302734,28302000.0
2019.02.22,00:00,54.56392598593693,55.076409691433845,54.30124258936897,55.03329086303711,20990000.0
2019.02.25,00:00,55.31232819097371,55.43821716961816,54.8796424925966,54.98521423339844,28262000.0
2019.02.26,00:00,54.804300367380506,55.48628715717814,54.51534790949253,55.269203186035156,29426000.0
2019.02.27,00:00,54.86378639667529,55.41046494976384,54.56888581427849,55.31481170654297,19368000.0
2019.02.28,00:00,55.079377917566,55.88973428203263,55.065004975790394,55.50661087036133,30850000.0
2019.03.01,00:00,55.753445126502214,56.64904858475487,55.746010975345875,56.5509147644043,29006000.0
2019.03.04,00:00,56.84828486915797,57.407854035626556,56.04040903571643,56.888431549072266,28920000.0
2019.03.05,00:00,57.00044325246175,57.96940116877115,56.80888342681641,57.59371566772461,28864000.0
2019.03.06,00:00,57.616510863901865,57.86809217703382,57.26957126371163,57.38703536987305,21986000.0
2019.03.07,00:00,57.28096099309906,57.33225888974974,56.24955412384234,56.66539001464844,23332000.0
2019.03.08,00:00,55.84413860955142,56.852747860097125,55.67414008640166,56.61682891845703,24248000.0
2019.03.11,00:00,56.722395433506634,58.29552739949543,56.722395433506634,58.27421188354492,34384000.0
2019.03.12,00:00,58.398114891481356,59.47561659696393,58.398114891481356,59.138587951660156,40262000.0
2019.03.13,00:00,59.5075870656846,59.52171421935588,59.076141675003164,59.14453887939453,28718000.0
2019.03.14,00:00,59.203520276990716,59.37055043476651,58.70640401121162,58.759437561035156,23456000.0
2019.03.15,00:00,59.14750741966665,59.30561355277165,58.61371582458308,58.705406188964844,49236000.0
2019.03.18,00:00,58.647918591356074,58.979989895848774,58.35653848123862,58.695499420166016,25852000.0
2019.03.19,00:00,58.92100948748009,59.47562128955189,58.775294850588864,59.41862487792969,30414000.0
2019.03.20,00:00,59.344274200426824,60.820754519419516,59.28578793900421,60.66364288330078,44548000.0
2019.03.21,00:00,60.268631494135825,61.05123275881596,60.127378853605265,61.038841247558594,24080000.0
2019.03.22,00:00,60.7801170332709,60.962507048724966,59.61563275207629,59.74821472167969,34284000.0
2019.03.25,00:00,59.32346272167182,59.79272548467085,58.83328526683685,59.12868118286133,29936000.0
2019.03.26,00:00,59.402757898054944,59.615879010591605,58.321788678228636,58.71333694458008,38024000.0
2019.03.27,00:00,58.75695563087599,58.85900313774763,57.46187078545119,58.13840866088867,28004000.0
2019.03.28,00:00,58.065058195873185,58.06629848136679,57.464899927219825,57.91389083862305,19234000.0
2019.03.29,00:00,58.231582121035636,58.43429692875149,57.635836769956214,58.15277862548828,25398000.0
2019.04.01,00:00,58.687569902525574,59.31007975886882,58.5834842398374,59.199554443359375,25050000.0
2019.04.02,00:00,59.24366471338741,59.54253191614005,58.76736484296315,59.499908447265625,16558000.0
2019.04.03,00:00,59.8463489495595,60.28349282913665,59.50040007836228,59.7690315246582,20286000.0
2019.04.04,00:00,59.77002276968136,60.25227069051327,59.68031383416024,60.21906280517578,19000000.0
2019.04.05,00:00,60.218574182015615,60.27953724137414,59.72492541181733,59.82999801635742,18144000.0
2019.04.08,00:00,59.866676585195904,59.906327908477756,59.46868484127658,59.66594696044922,17204000.0
2019.04.09,00:00,59.27737117615889,59.58912148299306,59.132647248481135,59.339324951171875,17528000.0
2019.04.10,00:00,59.509325180694766,59.663218896967166,59.298930410106614,59.582679748535156,14492000.0
2019.04.11,00:00,59.67189253979353,59.87014158518939,59.4820645790108,59.7046012878418,14204000.0
2019.04.12,00:00,59.97125065135546,60.38510139010391,59.87757506680601,60.36131286621094,18668000.0
2019.04.15,00:00,60.36776011377811,60.675048418936726,59.92714489446824,60.52140426635742,23748000.0
2019.04.16,00:00,60.71469876285094,61.00315589875912,60.47283174245222,60.82026672363281,17126000.0
2019.04.17,00:00,61.111204538950794,61.48589933271921,60.85446543593636,61.2767448425293,24438000.0
2019.04.18,00:00,61.417499962345154,61.55726652284431,61.19099660825448,61.278228759765625,26636000.0
2019.04.22,00:00,61.259391809164,61.90866611029103,60.87874896465048,61.896278381347656,16146000.0
2019.04.23,00:00,61.987974870667266,62.895474420667625,61.77435837110845,62.67491912841797,26398000.0
2019.04.24,00:00,62.65360578568017,62.84640590222226,62.201589775104765,62.25115203857422,20376000.0
2019.04.25,00:00,62.68581693831751,62.81656496019718,62.0543868421965,62.62039566040039,22146000.0
2019.04.26,00:00,62.89546311131707,63.09718342103179,62.46525426048378,63.05307388305664,24828000.0
2019.04.29,00:00,63.14328617425473,63.900113676695725,62.76140302687297,63.816349029541016,49988000.0
2019.04.30,00:00,58.73217636555461,59.11926265909384,58.236546185254575,58.90465545654297,124140000.0
2019.05.01,00:00,58.883344241863384,58.883344241863384,57.84896504472003,57.89356994628906,52784000.0
2019.05.02,00:00,57.87771247573592,58.1964015737132,57.245386174498876,57.62246322631836,38896000.0
2019.05.03,00:00,58.16963573483376,58.82139063961217,57.93916951334134,58.75200271606445,39614000.0
2019.05.06,00:00,57.80336605714712,59.022120508433986,57.80336605714712,58.94976043701172,31278000.0
2019.05.07,00:00,58.50764962468374,59.001793690531514,57.5446398703877,58.19193649291992,31028000.0
2019.05.08,00:00,58.088346356576324,58.505369629715545,57.77758680275956,57.803855895996094,26186000.0
2019.05.09,00:00,57.445021633796486,57.97187824163804,57.03959577487918,57.61105728149414,23714000.0
2019.05.10,00:00,57.67103155740638,58.11759482483498,56.62574695353702,57.704734802246094,26290000.0
2019.05.13,00:00,56.59898184535572,56.895368471989656,55.61515566625155,56.1068229675293,37212000.0
2019.05.14,00:00,56.363563424388474,56.52266029823049,55.48828104860213,55.53239059448242,36732000.0
2019.05.15,00:00,55.4050115611527,58.05465080553552,55.34533794832857,57.701759338378906,45786000.0
2019.05.16,00:00,57.7166274279143,58.888795508351436,57.63385727986668,58.433807373046875,30628000.0
2019.05.17,00:00,57.912892174348066,58.49178778632187,57.493588763817534,57.60708999633789,24172000.0
2019.05.20,00:00,56.72486793494292,56.83871705783152,56.07772634828305,56.44483947753906,27066000.0
2019.05.21,00:00,56.922628738572726,57.13168490232964,56.39973875954603,56.979129791259766,23196000.0
2019.05.22,00:00,56.836395074894575,57.419749010837,56.793767822074024,57.06785202026367,18290000.0
2019.05.23,00:00,56.52662250385421,56.79787822826229,55.967749118472724,56.54000473022461,23978000.0
2019.05.24,00:00,56.86662240473744,56.98582215469314,56.088483200184136,56.178192138671875,22240000.0
2019.05.28,00:00,56.20446846751593,57.07613211303152,56.16085049674157,56.2119026184082,27300000.0
2019.05.29,00:00,55.88329337208017,55.961605299893215,54.926726975801095,55.33512878417969,30764000.0
2019.05.30,00:00,55.28953576741057,55.66572044755344,55.12002880491645,55.40898132324219,19038000.0
2019.05.31,00:00,54.583252163241774,54.99512145665299,54.528237185874325,54.6992301940918,30156000.0
2019.06.03,00:00,52.809394984041006,52.809394984041006,50.80209132640567,51.35868453979492,102612000.0
2019.06.04,00:00,51.68927269842352,52.341027604898166,51.232798475605584,52.19233703613281,56670000.0
2019.06.05,00:00,52.117494090173736,52.21711774999619,51.07419470935783,51.65556716918945,43368000.0
2019.06.06,00:00,51.79286399525105,51.916771553512355,51.23329855117426,51.76064682006836,34064000.0
2019.06.07,00:00,52.072396232063284,53.07802955144461,51.96186713046139,52.836158752441406,36048000.0
2019.06.10,00:00,53.18012123127443,54.155522499882785,53.147510800801555,53.54689025878906,29284000.0
2019.06.11,00:00,54.2209469400081,54.61794413802606,53.40925200787355,53.46461486816406,28734000.0
2019.06.12,00:00,53.42893556354391,53.57415484503207,52.9105037874115,53.380859375,21220000.0
2019.06.13,00:00,53.70846806853084,54.230367344127735,53.53549361962958,53.96272659301758,21154000.0
2019.06.14,00:00,53.84625028436293,54.1570098460621,53.53657975376265,53.79322052001953,22230000.0
2019.06.17,00:00,53.83931167861761,54.47867503254493,53.83931167861761,54.1475944519043,18832000.0
2019.06.18,00:00,54.99958946317974,55.33166079522114,54.46926529154284,54.697750091552734,27734000.0
2019.06.19,00:00,54.79686130956977,54.866249219368925,54.19615864129822,54.63479232788086,26776000.0
2019.06.20,00:00,55.510091008867626,55.516534443935015,54.75425414358306,55.08533477783203,25240000.0
2019.06.21,00:00,54.977279483654605,55.7142812604912,54.91978393704294,55.603755950927734,38952000.0
2019.06.24,00:00,55.49125094000253,55.60970576881195,55.065008674374745,55.28853988647461,27912000.0
2019.06.25,00:00,55.14678623269844,55.23054709663454,53.71639676745699,53.8427848815918,30938000.0
2019.06.26,00:00,53.85022165401496,54.170892183123144,53.1434517528902,53.518150329589844,36218000.0
2019.06.27,00:00,53.726309656813726,53.87995379511097,53.29461470198583,53.330299377441406,20086000.0
2019.06.28,00:00,53.34913551905903,53.577620300040685,53.19945424058727,53.57316207885742,33864000.0
2019.07.01,00:00,54.42018992131107,54.895003677779506,54.20721628658368,54.41770935058594,28726000.0
2019.07.02,00:00,54.63033723249964,55.10267421803505,54.42861691075016,55.076900482177734,19832000.0
2019.07.03,00:00,55.382212374798975,55.845629179170096,55.20626577286032,55.588890075683594,15340000.0
2019.07.05,00:00,55.40154140799565,56.14895332937727,55.319266615878895,56.08501434326172,25286000.0
2019.07.08,00:00,55.766817660799255,55.8069643388799,55.07491989603672,55.329673767089844,24728000.0
2019.07.09,00:00,55.10416644306329,55.908325242099124,54.87469092826864,55.74997329711914,26608000.0
2019.07.10,00:00,56.066672362391344,56.603439883740144,56.05428085287426,56.5256233215332,24190000.0
2019.07.11,00:00,56.6629179804765,57.14962792934211,56.48102331039436,56.71049880981445,23910000.0
2019.07.12,00:00,56.69959731226986,56.86563296682123,56.44137214627522,56.74469757080078,17280000.0
2019.07.15,00:00,56.84183747967121,57.03810886292043,56.47210008283613,57.01431655883789,18076000.0
2019.07.16,00:00,56.799222190720286,57.422726607867205,56.74965992522323,57.17491149902344,24776000.0
2019.07.17,00:00,57.045546611055094,57.411816525774675,56.787820582503734,56.816566467285156,23400000.0
2019.07.18,00:00,56.58807298156604,56.87875728320637,56.14150977619465,56.81556701660156,25814000.0
2019.07.19,00:00,56.90775576765656,57.053965747838845,55.98736950100501,56.01116180419922,32944000.0
2019.07.22,00:00,56.17720499857441,56.46467141889993,55.72073076924032,56.406185150146484,26030000.0
2019.07.23,00:00,56.70009293122513,56.84382613613091,56.095423511055344,56.809627532958984,21874000.0
2019.07.24,00:00,56.100379946002924,56.70009199573427,55.85702308310791,56.39329528808594,31796000.0
2019.07.25,00:00,56.39379139700167,56.586096146822264,55.556178972951216,56.11128234863281,44196000.0
2019.07.26,00:00,60.66712080780385,62.724482324582006,60.66513937596516,61.974098205566406,96116000.0
2019.07.29,00:00,61.51018574869165,61.82342211968218,60.87478521994973,61.42890167236328,44474000.0
2019.07.30,00:00,60.735019952861244,61.20388569417315,60.63044270765807,60.72163772583008,29066000.0
2019.07.31,00:00,60.61556631963108,61.16075870553284,59.860421604732565,60.30232620239258,34510000.0
2019.08.01,00:00,60.17098596210886,61.16621288877719,59.759116679568514,59.92218017578125,33970000.0
2019.08.02,00:00,59.51230157693982,59.81761224165632,58.92745776823819,59.17775344848633,32902000.0
2019.08.05,00:00,57.990711734571086,58.24844154236679,56.50877857449927,57.112457275390625,51950000.0
2019.08.06,00:00,57.65715647240535,58.482381195441654,57.49310224366601,57.98625564575195,34188000.0
2019.08.07,00:00,57.29484861779425,58.407290174533784,56.97883672980897,58.18648910522461,28886000.0
2019.08.08,00:00,58.62462505321443,59.72393397750418,58.13841422074413,59.71352767944336,29360000.0
2019.08.09,00:00,59.37599853800081,59.667923155589015,58.66293273785472,58.8813591003418,21314000.0
2019.08.12,00:00,58.445200017138454,58.730189613810204,57.87334148894621,58.22216796875,20060000.0
2019.08.13,00:00,58.06109461579066,59.71253094878961,58.06109461579066,59.34031295776367,25888000.0
2019.08.14,00:00,58.301472042555524,58.59835781757994,57.51986530612275,57.705726623535156,31574000.0
2019.08.15,00:00,57.66657148362361,58.278179708961886,57.597678917902456,57.852928161621094,24374000.0
2019.08.16,00:00,58.46206140393939,58.61917684354488,58.07844259893394,58.365413665771484,26266000.0
2019.08.19,00:00,58.98445000111891,59.82206238540756,58.98445000111891,59.39879608154297,24632000.0
2019.08.20,00:00,59.24020090958981,59.28034759139572,58.58894133901906,58.6176872253418,18310000.0
2019.08.21,00:00,59.13611735731113,59.42606056483261,58.85261380291131,59.04194641113281,14814000.0
2019.08.22,00:00,59.18170904649308,59.37708803360675,58.41397992934954,58.956695556640625,18950000.0
2019.08.23,00:00,58.582997496807636,59.1822142754556,56.88596155162431,57.0614128112793,33740000.0
2019.08.26,00:00,57.35729314853298,57.962457888514656,57.14417203486627,57.933712005615234,24522000.0
2019.08.27,00:00,58.51062512302954,58.603306203883065,57.564960464264324,57.88166809082031,21544000.0
2019.08.28,00:00,57.57785217813176,58.306924502089544,57.35928211340689,58.039283752441406,16040000.0
2019.08.29,00:00,58.53987387161204,59.28034702308883,58.53987387161204,59.12125015258789,21768000.0
2019.08.30,00:00,59.40127430495106,59.40127430495106,58.67284861433115,58.88581848144531,22596000.0
2019.09.03,00:00,58.33716303563386,58.82585444436634,57.65170486394027,57.908935546875,29598000.0
2019.09.04,00:00,58.32130200313338,58.656844627600165,58.03829757313493,58.55424880981445,21378000.0
2019.09.05,00:00,59.05582373756853,60.12192475610228,59.05582373756853,60.039649963378906,28162000.0
2019.09.06,00:00,59.878576004904524,60.07112656212165,59.600623465504235,59.719970703125,21442000.0
2019.09.09,00:00,59.67386614824108,60.46687356993593,59.10983883965561,59.69418716430664,29438000.0
2019.09.10,00:00,59.235244299931864,59.97125546496511,59.20699377119725,59.77300262451172,25202000.0
2019.09.11,00:00,59.644633815221155,60.59574750541587,59.58466147377675,60.47530746459961,26140000.0
2019.09.12,00:00,60.67999956185772,61.55032447380662,60.616559719278285,61.173152923583984,34518000.0
2019.09.13,00:00,61.029420765090784,61.50175397790372,60.81431443222917,61.43633270263672,26028000.0
2019.09.16,00:00,60.93871650124018,61.436328054834306,60.7449219168934,61.02693557739258,21066000.0
2019.09.17,00:00,60.982333406707625,61.21032281931621,60.64976675967541,60.920379638671875,19102000.0
2019.09.18,00:00,60.839101037004795,61.24056027992372,60.29489930142381,61.08195877075195,22702000.0
2019.09.19,00:00,61.06460868366916,61.67819829296924,61.06262725210714,61.394203186035156,19920000.0
2019.09.20,00:00,61.117155394990114,61.622700365578524,60.619543714962944,60.959049224853516,45400000.0
2019.09.23,00:00,60.764258791893724,61.413037754186625,60.67355913524869,61.16225051879883,21248000.0
2019.09.24,00:00,61.45814096201009,61.79219748074978,60.004953699621225,60.40542221069336,31664000.0
2019.09.25,00:00,60.25970749597277,61.86951482741289,59.97571237751406,61.78129196166992,29060000.0
2019.09.26,00:00,61.55528147001392,61.7059534585976,61.07491666376665,61.52703094482422,30760000.0
2019.09.27,00:00,61.607335092535344,61.65739271775016,60.19181374957081,60.71916580200195,27078000.0
2019.09.30,00:00,60.51495488118686,60.764256031495485,60.08524514161972,60.41731643676758,28082000.0
2019.10.01,00:00,60.41731533796191,61.02347079259969,59.65305374631116,59.728389739990234,25470000.0
2019.10.02,00:00,59.325938642958356,59.325938642958356,58.0526646254769,58.31733322143555,32302000.0
2019.10.03,00:00,58.484355736112335,58.93339575965866,57.61353171625081,58.872432708740234,32424000.0
2019.10.04,00:00,59.07365806680981,60.04261204824766,58.93884510520579,59.92168045043945,23248000.0
2019.10.07,00:00,59.69369784342393,60.37786273542078,59.66148067290139,59.85626220703125,16858000.0
2019.10.08,00:00,59.35617402563609,59.776963550036776,58.930922498730084,58.93687057495117,20786000.0
2019.10.09,00:00,59.443409261420236,59.88947721596024,59.358162315570624,59.590118408203125,17354000.0
2019.10.10,00:00,59.40523847969053,60.2190623268281,59.343780069749414,59.90532684326172,16932000.0
2019.10.11,00:00,60.57641840695206,60.88271599196445,60.15661957120842,60.241371154785156,25454000.0
2019.10.14,00:00,60.087230092715,60.780617746247394,60.058484207662076,60.325130462646484,17350000.0
2019.10.15,00:00,60.48670217035059,61.82143451807567,60.48670217035059,61.607322692871094,27634000.0
2019.10.16,00:00,61.51612833566728,62.18869959705047,61.38131913745756,61.6385498046875,21892000.0
2019.10.17,00:00,61.999863204876746,62.61419395951266,61.950796304276885,62.105926513671875,19048000.0
2019.10.18,00:00,62.12526331448798,62.394390149785295,61.51167364181911,61.730247497558594,27056000.0
2019.10.21,00:00,62.065784786508665,62.183199741197264,61.48787980679595,61.76295471191406,20544000.0
2019.10.22,00:00,61.84721951210447,61.98351479904786,61.52654518311917,61.596923828125,20476000.0
2019.10.23,00:00,61.57510778210895,62.44394662444416,61.57510778210895,62.406280517578125,18230000.0
2019.10.24,00:00,62.4940044892619,62.64765240878374,62.13789509982548,62.49846649169922,20562000.0
2019.10.25,00:00,62.00481116832689,62.92519738837152,61.95425819863581,62.703651428222656,24262000.0
2019.10.28,00:00,63.2151404061601,64.39771461519575,63.070911865077676,63.936283111572266,52264000.0
2019.10.29,00:00,63.253806810876775,63.51946233117115,62.311216374597834,62.579254150390625,37728000.0
2019.10.30,00:00,62.10097530963487,62.913313171850604,62.05289912004878,62.51333999633789,28178000.0
2019.10.31,00:00,62.512847819930414,62.82955550151874,61.99555797644307,62.45486068725586,29114000.0
2019.11.01,00:00,62.697216754072215,63.1740119812278,62.47418468922944,63.13039779663086,33402000.0
2019.11.04,00:00,63.26470994410556,64.14098294541407,63.260002153367736,64.00418853759766,30020000.0
2019.11.05,00:00,64.07952684799986,64.37888939306035,63.997199123021886,64.03690338134766,25654000.0
2019.11.06,00:00,63.909515575538286,64.1211505867435,63.56455746497141,64.0254898071289,23060000.0
2019.11.07,00:00,64.14843043860668,65.60855676635603,64.1466985762722,64.87106323242188,40600000.0
2019.11.08,00:00,64.69360970813976,65.32405280810383,64.64825610253426,64.99544525146484,25028000.0
2019.11.11,00:00,64.58952693557245,64.7503632159557,64.30355039415088,64.39177703857422,20238000.0
2019.11.12,00:00,64.43192498522055,64.92755517741455,64.22227135686357,64.37245178222656,21718000.0
2019.11.13,00:00,64.13800888082842,64.645036037457,64.11025371377404,64.33279418945312,16534000.0
2019.11.14,00:00,64.30801070742442,65.27448796851884,64.21632034149845,64.99990844726562,23870000.0
2019.11.15,00:00,65.37063918897262,66.16067827741527,65.1396738535872,66.1601791381836,35652000.0
2019.11.18,00:00,66.02884817692467,66.19285325473848,65.29928044421132,65.4578857421875,29748000.0
2019.11.19,00:00,65.80482440961757,65.80482440961757,65.06633268187899,65.19817352294922,25384000.0
2019.11.20,00:00,65.01378834728304,65.17536577534396,63.99329057112177,64.58308410644531,26172000.0
2019.11.21,00:00,64.50527613717854,65.05592509542322,64.08498572494014,64.49883270263672,19910000.0
2019.11.22,00:00,64.71047370809951,64.864617011967,64.00618809746447,64.20096588134766,27714000.0
2019.11.25,00:00,64.39128224891432,64.99248039499663,64.33924319685832,64.76350402832031,20724000.0
2019.11.26,00:00,64.92061119571082,65.16545413889162,64.68420068130673,65.10350036621094,21394000.0
2019.11.27,00:00,65.17537593213842,65.34190696515331,64.9092212252859,65.07575225830078,19912000.0
2019.11.29,00:00,64.78481507645117,64.93771051378027,64.62869035922202,64.6777572631836,11740000.0
2019.12.02,00:00,64.48149017792761,64.72087284190351,63.490229806631056,63.93233108520508,30218000.0
2019.12.03,00:00,63.41934823649511,64.35564272861464,63.39109771086336,64.19798278808594,22876000.0
2019.12.04,00:00,64.77937263229178,65.71066080213792,64.67330551804895,65.44995880126953,30750000.0
2019.12.05,00:00,65.81967503629912,65.88698319728337,65.24672376931409,65.82611846923828,24254000.0
2019.12.06,00:00,66.08931153212563,66.61269691061699,66.08931153212563,66.44517517089844,26296000.0
2019.12.09,00:00,66.31729255522355,67.37843984161813,66.30737783532972,66.59088134765625,27086000.0
2019.12.10,00:00,66.48878477634793,66.90883316360794,66.21817566265132,66.6454086303711,21882000.0
2019.12.11,00:00,66.9517109286454,66.96955137759392,66.54678038262978,66.66325378417969,17008000.0
2019.12.12,00:00,66.70883186745264,67.1962866511283,66.43921352143107,66.9234390258789,25620000.0
2019.12.13,00:00,66.80847267672303,67.06337404520521,66.60625319320887,66.80252838134766,30992000.0
2019.12.16,00:00,67.23222722683491,67.63765686659288,67.04240305630525,67.46369171142578,27946000.0
2019.12.17,00:00,67.54893458761421,67.65351181758994,66.97563537619243,67.16382598876953,37080000.0
2019.12.18,00:00,67.23720581458753,67.42901146646597,66.95965406693598,67.0399398803711,30452000.0
2019.12.19,00:00,67.00028003268915,67.31153117668914,66.8597647674661,67.20943450927734,29398000.0
2019.12.20,00:00,67.5717304915044,67.58609964975156,66.86049497184396,66.88973999023438,66300000.0
2019.12.23,00:00,67.2010143194815,67.39579208630782,66.73710215591484,66.85258483886719,17662000.0
2019.12.24,00:00,66.83572425884071,66.9229526183033,66.55222074651417,66.59088134765625,6950000.0
2019.12.26,00:00,66.72025320685862,67.4714805467689,66.6359969798853,67.42552947998047,13350000.0
2019.12.27,00:00,67.55389583443036,67.63022633066673,66.87587562447503,67.00374603271484,20768000.0
2019.12.30,00:00,66.91007348004523,67.05876404476636,66.11805289250898,66.22312927246094,21018000.0
2019.12.31,00:00,65.92427648852485,66.31532948487586,65.87347015237792,66.26675415039062,19236000.0
2020.01.02,00:00,66.49125591559677,67.80913466646909,66.49125591559677,67.7709732055664,28132000.0
2020.01.03,00:00,66.80400192271014,68.02523682826747,66.68921502272471,67.43840789794922,23728000.0
2020.01.06,00:00,66.9100737159896,69.21475100778716,66.9100737159896,69.10125732421875,34646000.0
2020.01.07,00:00,69.28612919892775,69.53641729960063,68.91142685005518,69.05813598632812,30054000.0
2020.01.08,00:00,68.99567471743572,69.96215951089646,68.93422009106509,69.60233306884766,30560000.0
2020.01.09,00:00,70.40772714139536,70.74277054143992,69.89722119057579,70.37104797363281,30018000.0
2020.01.10,00:00,70.7541831558192,71.11941699469628,70.29771270303124,70.86174011230469,36414000.0
2020.01.13,00:00,71.17893642901268,71.39651576711137,70.67785355781335,71.33258056640625,33046000.0
2020.01.14,00:00,71.32168079036694,71.45995749990897,70.79433256479459,70.91873168945312,31178000.0
2020.01.15,00:00,70.88550512166522,71.43986722469924,70.88550512166522,71.3310775756836,25654000.0
2020.01.16,00:00,71.73947906463347,71.96499164954234,71.41632427228106,71.95061492919922,23474000.0
2020.01.17,00:00,72.50624218326487,73.41745884544581,72.27379450939864,73.37260437011719,47924000.0
2020.01.21,00:00,73.3096498031885,73.94058451893751,72.91710702422064,73.57134246826172,40734000.0
2020.01.22,00:00,73.89845848794742,74.50381608391433,73.5976060858591,73.64816284179688,32216000.0
2020.01.23,00:00,73.73192816279978,74.12248194203654,73.45734863329378,73.68285369873047,27024000.0
2020.01.24,00:00,74.02682825511559,74.12124877333612,72.62221244185329,72.694580078125,35692000.0
2020.01.27,00:00,70.92468335297553,71.27509426100212,70.43896032066846,71.06841278076172,35104000.0
2020.01.28,00:00,71.51942873122914,72.16374940790455,70.99752573115437,71.99324798583984,31548000.0
2020.01.29,00:00,72.3025303955083,72.63113040957518,71.70479600398232,72.29410552978516,21554000.0
2020.01.30,00:00,71.3687708577545,72.22719974405047,71.19232510638744,72.15583038330078,26788000.0
2020.01.31,00:00,72.80310988359959,72.86407293443203,70.80224976752372,71.08476257324219,48344000.0
2020.02.03,00:00,72.46112218352734,73.84888803498286,72.31194005816664,73.64765930175781,60736000.0
2020.02.04,00:00,72.21678341466905,72.83284982226736,70.69173148358753,71.72115325927734,78660000.0
2020.02.05,00:00,72.48194304173253,72.55232167257824,70.9028631617282,71.77864074707031,39724000.0
2020.02.06,00:00,71.88272454635879,73.45238124229559,71.84505466120972,73.1664047241211,33588000.0
2020.02.07,00:00,72.72381067280398,73.6427109180894,72.6767252029664,73.31510162353516,23446000.0
2020.02.10,00:00,73.07176186375577,74.81538416967364,73.07176186375577,74.77474212646484,28398000.0
2020.02.11,00:00,74.9298631612397,75.81307495757278,74.62395885889028,74.78018188476562,26892000.0
2020.02.12,00:00,75.06219540560913,75.37023239322802,74.74648226119484,75.25003814697266,23352000.0
2020.02.13,00:00,74.97347898649164,75.69164964573635,74.57251889706814,75.07112121582031,18590000.0
2020.02.14,00:00,75.11770177206863,75.3724594116211,74.70830928551949,75.3724594116211,23956000.0
2020.02.18,00:00,75.08797056100981,75.91220074851084,74.96852502138645,75.31942749023438,22414000.0
2020.02.19,00:00,75.58706504797098,75.93578942240457,75.40516661475816,75.6673583984375,18986000.0
2020.02.20,00:00,75.43491738867507,75.81358262493727,74.68255562116813,75.24410247802734,21932000.0
2020.02.21,00:00,74.74252515012147,74.94994780030119,73.3750875285462,73.6065444946289,34634000.0
2020.02.24,00:00,70.682305234039,71.2205663958412,69.95274517956983,70.45828247070312,57342000.0
2020.02.25,00:00,71.02380637170567,71.27855647285035,68.51591886863937,68.8157730102539,49566000.0
2020.02.26,00:00,69.19691819517186,70.16637534238582,68.34740574176793,69.05020904541016,44048000.0
2020.02.27,00:00,67.50780954052902,67.9857959626405,65.28292617253395,65.32852935791016,59566000.0
2020.02.28,00:00,63.316759894379146,66.47094979253626,62.99459949872314,66.38124084472656,75782000.0
2020.03.02,00:00,66.98986708931484,68.93571615606943,65.76095595636879,68.84848022460938,48630000.0
2020.03.03,00:00,69.35948407820311,69.89129432983641,66.01794299710713,66.48334503173828,48046000.0
2020.03.04,00:00,67.3675464579012,68.79793601704375,66.56859080889515,68.7201156616211,38266000.0
2020.03.05,00:00,66.9199771281479,67.3516720272383,64.68468057346615,65.37559509277344,51226000.0
2020.03.06,00:00,63.29494741982993,64.74020140242247,62.501444542496785,64.35311889648438,53212000.0
2020.03.09,00:00,59.73830908829801,62.18969570322557,59.47562567989582,60.246826171875,67308000.0
2020.03.10,00:00,62.44940082210287,63.49766134419455,60.40591710624182,63.459991455078125,52228000.0
2020.03.11,00:00,61.93890381231204,62.49698311924457,59.280839687857686,60.23938751220703,52170000.0
2020.03.12,00:00,55.807955202896686,59.17179836592744,55.17850656413521,55.25830078125,84534000.0
2020.03.13,00:00,58.434794427726544,60.454981099285675,55.36897532825544,60.453495025634766,74002000.0
2020.03.16,00:00,54.3210723531606,57.109835634810565,53.252494456494766,53.742671966552734,85048000.0
2020.03.17,00:00,54.177827514795204,56.04883214500453,52.33904005536376,55.500667572021484,77230000.0
2020.03.18,00:00,52.36382780465441,54.8414834968882,51.4107288536939,54.360721588134766,84668000.0
2020.03.19,00:00,54.174852986520236,57.392482274826385,52.542149613793846,55.27713394165039,73022000.0
2020.03.20,00:00,56.28970860333002,56.69959647553861,52.808900422755755,53.14741516113281,72036000.0
2020.03.23,00:00,52.602224746407366,53.09785493212754,50.23390336755199,52.36927795410156,80882000.0
2020.03.24,00:00,54.706171456650026,56.254025042647434,54.05441656440324,56.22726058959961,66890000.0
2020.03.25,00:00,55.8312570552732,56.94295372514576,53.82593465218512,54.64273452758789,81630000.0
2020.03.26,00:00,55.10416733399008,57.98724895383524,54.198649208873405,57.57984161376953,71434000.0
2020.03.27,00:00,55.79160036766139,57.0306757561443,54.81223620913387,55.05013656616211,64170000.0
2020.03.30,00:00,55.76037954033497,57.07826234382808,54.34486206350454,56.83986282348633,51482000.0
2020.03.31,00:00,56.86365015486283,58.25190769766954,56.40965274492728,57.63236999511719,49728000.0
2020.04.01,00:00,55.60970936650348,55.99085139683888,54.39294004596821,54.79786682128906,46884000.0
2020.04.02,00:00,54.43308471064488,55.850587493230925,54.34089896870865,55.55221939086914,39298000.0
2020.04.03,00:00,55.46176130726076,55.686033670352195,53.518646041627534,54.414249420166016,46268000.0
2020.04.06,00:00,56.4027171300986,59.210957967922496,56.05280158071798,58.82733917236328,53294000.0
2020.04.07,00:00,60.51644556860959,60.71469840129363,58.59488786249812,58.8070182800293,47746000.0
2020.04.08,00:00,59.79777531027271,60.420780471309506,58.888789842942096,59.98512268066406,39502000.0
2020.04.09,00:00,60.669098693287864,60.74294861990523,59.31379939485003,60.04311752319336,43508000.0
2020.04.13,00:00,59.930606652040005,60.49215722032076,58.86093988523289,60.345943450927734,34796000.0
2020.04.14,00:00,61.71040854832157,63.54324766325604,61.30597345486697,62.906856536865234,49408000.0
2020.04.15,00:00,61.736192115094475,63.46346745310119,61.477970715882584,62.57182693481445,33434000.0
2020.04.16,00:00,63.148240279779536,63.39109799854985,61.587995240769615,62.62138366699219,50362000.0
2020.04.17,00:00,63.681048254644175,64.15585830835204,63.0060001461759,63.60174560546875,38980000.0
2020.04.20,00:00,62.994595035692214,63.51996559709824,62.51730444354043,62.777015686035156,33910000.0
2020.04.21,00:00,61.805075822622086,62.165401408426696,59.95687290944169,60.28547668457031,43060000.0
2020.04.22,00:00,61.73271620417863,63.71885172053377,61.55726120048724,62.60849380493164,41848000.0
2020.04.23,00:00,63.021851613605044,64.10034028740976,62.73042235365059,63.25777053833008,31324000.0
2020.04.24,00:00,62.50739276637655,63.46048792332931,61.9265156199639,63.40646743774414,32792000.0
2020.04.27,00:00,64.23367384936707,64.24110799950012,62.89547010504633,63.2364616394043,32012000.0
2020.04.28,00:00,63.83369589827885,63.83964019320462,61.07154993856848,61.144405364990234,59026000.0
2020.04.29,00:00,66.4868098822153,67.40521111133538,65.68785420566297,66.48780059814453,75872000.0
2020.04.30,00:00,65.66504698385387,67.04983313048379,65.54658460829853,66.8436508178711,53378000.0
2020.05.01,00:00,65.84446015267488,67.01265760689374,64.97710749950754,65.45340728759766,41450000.0
2020.05.04,00:00,64.83983307762391,65.80284679606025,64.38236431498449,65.76021575927734,30080000.0
2020.05.05,00:00,66.31135154665446,68.0966062332362,66.28854995858345,66.96508026123047,33030000.0
2020.05.06,00:00,67.48946213598342,67.95683795921592,66.7757535406744,66.7762451171875,24308000.0
2020.05.07,00:00,67.7001126479844,68.27801767694785,67.17127452771577,68.0282211303711,27952000.0
2020.05.08,00:00,68.55210209929821,69.32677386200999,68.17294529608483,68.81181335449219,27738000.0
2020.05.11,00:00,68.31171991681124,70.20750389870842,68.25580875304077,69.5498046875,28242000.0
2020.05.12,00:00,69.74110911146037,70.1316628678856,68.13774535045275,68.18582153320312,27812000.0
2020.05.13,00:00,68.25074990483664,68.66866558117604,65.83950653107041,66.87686157226562,36252000.0
2020.05.14,00:00,66.16761860158277,67.27783290816132,65.61697723223254,67.21389770507812,32062000.0
2020.05.15,00:00,66.91007410767325,68.12337581679803,66.36487788615382,68.05944061279297,34154000.0
2020.05.18,00:00,67.49244645944349,69.00783343115043,67.12072379588427,68.59224700927734,36448000.0
2020.05.19,00:00,68.74376744994453,68.99172625567954,68.07406616210938,68.07406616210938,25612000.0
2020.05.20,00:00,68.87177818036183,69.90467890646245,68.7563030585499,69.7212905883789,33108000.0
2020.05.21,00:00,69.78472257843936,70.15594603012316,69.06357984455782,69.52699279785156,27700000.0
2020.05.22,00:00,69.22516825163416,70.02065260491099,68.98329744698997,69.90467834472656,26188000.0
2020.05.26,00:00,71.2354365907741,71.42030718004885,69.98941865059295,70.23178100585938,41212000.0
2020.05.27,00:00,70.24319295732482,70.46572589496532,68.9565328469883,70.27243041992188,33716000.0
2020.05.28,00:00,69.23259795403807,71.41237695257436,69.18997448560607,70.21741485595703,33844000.0
2020.05.29,00:00,70.22781505772772,71.0024866977076,70.0498870494315,70.82157897949219,36418000.0
2020.06.01,00:00,70.2996843572998,71.26963288623324,70.28035405617894,70.96531677246094,24342000.0
2020.06.02,00:00,70.90236353217014,71.35140732716212,70.32148648073952,71.33207702636719,25562000.0
2020.06.03,00:00,71.28648397910636,71.69547564757107,70.86406092744652,71.19132232666016,25124000.0
2020.06.04,00:00,70.89494666788242,71.3192075476504,69.62267073063998,69.99191284179688,29686000.0
2020.06.05,00:00,70.0409661565379,71.62103681989137,69.68560170066861,71.29094696044922,34698000.0
2020.06.08,00:00,70.49546119007576,71.76675383659853,70.49546119007576,71.69835662841797,28084000.0
2020.06.09,00:00,71.63639518072068,72.75850556102219,71.52983651640989,72.17167663574219,28184000.0
2020.06.10,00:00,72.33919847560246,73.0687207220939,72.17712947772439,72.65194702148438,30504000.0
2020.06.11,00:00,71.49365873825599,72.08816383871991,69.48734582511425,69.57854461669922,39826000.0
2020.06.12,00:00,70.80027079340208,71.22205102240396,68.69533251152936,70.04145812988281,38928000.0
2020.06.15,00:00,68.9322349646786,70.61737427346024,68.7894962794772,70.37203979492188,30078000.0
2020.06.16,00:00,71.62945409345456,72.11516946852522,70.67189336274302,71.50554656982422,34184000.0
2020.06.17,00:00,71.725630241713,72.362017800098,70.94352424111949,71.9218978881836,30992000.0
2020.06.18,00:00,71.82474481950105,71.93626463737485,70.72692576333685,71.1705093383789,31638000.0
2020.06.19,00:00,71.56898991101458,71.75733178617865,70.446387935128,70.96035766601562,63158000.0
2020.06.22,00:00,70.8255563653856,72.00267815371569,70.53858906572106,71.95857238769531,30848000.0
2020.06.23,00:00,72.14590692613505,73.15208849350675,71.63045488293648,72.58057403564453,28596000.0
2020.06.24,00:00,72.43683654311894,73.12626123131635,70.8627178580367,70.97274780273438,35120000.0
2020.06.25,00:00,70.87016038569092,71.5144735533797,70.37948379720302,71.43666076660156,24610000.0
2020.06.26,00:00,70.94401833329859,71.04611501327899,67.00871314752982,67.4007568359375,85354000.0
2020.06.29,00:00,67.31549227169604,69.17014246960055,66.76187877923489,69.138916015625,36204000.0
2020.06.30,00:00,68.91440641958248,70.31257874451346,68.59323297834766,70.06277465820312,40848000.0
2020.07.01,00:00,69.93836998710933,71.51943135796787,69.87492636403398,71.27359771728516,35504000.0
2020.07.02,00:00,71.71470819496238,73.49947131542557,71.68893445944028,72.5949478149414,37182000.0
2020.07.06,00:00,73.35623783628768,74.67114462627491,72.99938350629786,74.13140869140625,31280000.0
2020.07.07,00:00,73.84888402424836,75.17716904639336,73.52920049597915,73.60999298095703,29164000.0
2020.07.08,00:00,74.0630128736371,74.63595670639309,73.63230861118267,74.14627838134766,24994000.0
2020.07.09,00:00,74.66420769995123,75.47059742715096,73.7539818810069,74.88922119140625,28466000.0
2020.07.10,00:00,74.64933378176663,76.51686318668104,74.17303395905127,76.41327667236328,37126000.0
2020.07.13,00:00,76.82266749038186,78.16740903128326,74.60437938814094,74.90656280517578,36928000.0
2020.07.14,00:00,73.86427097837495,75.48200422143529,73.52674691609714,75.36454010009766,31700000.0
2020.07.15,00:00,75.49092444878848,76.09559389813933,74.24540551349456,75.02056884765625,32214000.0
2020.07.16,00:00,74.344527970174,75.27086242222911,73.66600861135278,75.23666381835938,30386000.0
2020.07.17,00:00,75.41609447918457,75.506295013782,74.26622862169039,75.11524200439453,29134000.0
2020.07.20,00:00,75.10086907855,77.82832528466295,74.5229640306771,77.60182189941406,31146000.0
2020.07.21,00:00,78.6560182200513,78.6560182200513,77.03480623868134,77.23999786376953,24324000.0
2020.07.22,00:00,77.34309866860218,77.81394587312545,76.62938992954005,77.73910522460938,18640000.0
2020.07.23,00:00,77.66376731348763,77.90662126752933,74.7108970715364,75.12167358398438,32552000.0
2020.07.24,00:00,74.29148983809016,75.21861070827683,73.76958683337055,74.93283081054688,30880000.0
2020.07.27,00:00,75.11769298577254,76.37510775706582,75.0983626868195,75.84131622314453,24920000.0
2020.07.28,00:00,75.59252357774581,75.65695035604615,74.22854991882359,74.36137390136719,34044000.0
2020.07.29,00:00,74.6577624263866,75.89346482671394,74.41043892859656,75.43589782714844,22130000.0
2020.07.30,00:00,74.1958401101082,76.2214835392252,73.95893044537353,75.90328979492188,33428000.0
2020.07.31,00:00,74.59284258612155,74.78811948905383,72.06611631291837,73.4999771118164,68798000.0
2020.08.03,00:00,73.68236393454617,73.87218811060372,72.64153755788904,73.07819366455078,46604000.0
2020.08.04,00:00,73.18325489320192,73.62882739604274,72.29508959738531,72.60832214355469,38070000.0
2020.08.05,00:00,72.82293595073801,73.47270939109877,72.5334881181194,73.03655242919922,39590000.0
2020.08.06,00:00,72.9443723671972,74.46298092118843,72.65938652970529,74.34947967529297,39908000.0
2020.08.07,00:00,74.34453135449328,75.17941747701924,73.43455501673509,74.07144165039062,31556000.0
2020.08.10,00:00,73.70912859484278,74.54649522053427,73.01028824176667,74.15122985839844,25786000.0
2020.08.11,00:00,73.96981654135632,74.84014131944534,73.254126592106,73.36911010742188,29088000.0
2020.08.12,00:00,73.62983006990814,74.95841787515722,73.61347191385521,74.67263793945312,28740000.0
2020.08.13,00:00,74.85699099023459,76.19073624006636,74.74126632896079,75.25894927978516,29104000.0
2020.08.14,00:00,75.12068023967929,75.42995752240962,74.48726493670631,74.72764587402344,27096000.0
2020.08.17,00:00,75.0716216038915,75.6138457335389,74.7395502576889,75.23567962646484,27566000.0
2020.08.18,00:00,75.64208147780859,77.44072222977495,75.51966379352957,77.24891662597656,40542000.0
2020.08.19,00:00,76.98673212448506,77.99633212126518,76.52282751687224,76.70026397705078,33212000.0
2020.08.20,00:00,76.49803686860079,78.60050216390114,76.23783406234583,78.39630126953125,34138000.0
2020.08.21,00:00,78.16236244256024,79.18782133663322,77.7150580504128,78.33038330078125,28930000.0
2020.08.24,00:00,79.00245629014832,80.00313978637334,78.33782209299643,78.71598815917969,28198000.0
2020.08.25,00:00,78.41215359773933,79.87674148819654,78.41215359773933,79.7082290649414,44942000.0
2020.08.26,00:00,79.69732624258839,82.23594079832286,79.47924777582989,81.89693450927734,79868000.0
2020.08.27,00:00,81.96137787832882,82.02680294414628,80.57708301098879,81.00233459472656,37232000.0
2020.08.28,00:00,80.96068921163345,81.63870938398742,80.82488552146178,81.50191497802734,29980000.0
2020.08.31,00:00,81.67439833719081,81.67811163074094,80.80308270277501,80.99488830566406,36468000.0
2020.09.01,00:00,81.1163118426305,82.55859734770881,80.89774179710447,82.3097915649414,36506000.0
2020.09.02,00:00,82.95733536711774,85.90162162982597,82.58833533801526,85.65876770019531,50224000.0
2020.09.03,00:00,84.73858191778625,84.73858191778625,80.04724023633713,81.37454223632812,62156000.0
2020.09.04,00:00,80.50322177215533,81.53661398264525,76.70437118026386,78.85674285888672,52172000.0
2020.09.08,00:00,76.00538521791832,77.50987424865934,75.73278709736105,75.94987487792969,52218000.0
2020.09.09,00:00,77.1958949960779,77.76437685678545,76.13132916278894,77.16764068603516,35494000.0
2020.09.10,00:00,77.3500271659493,78.51183435862443,75.62350437154626,75.93153381347656,32372000.0
2020.09.11,00:00,76.12879806824795,78.07166745088601,74.21367629174961,75.37147521972656,31942000.0
2020.09.14,00:00,76.27773462225414,77.51656055743867,75.1246547690632,75.30010223388672,33932000.0
2020.09.15,00:00,76.12878861674386,77.29698613461295,75.92235673798739,76.39840698242188,26622000.0
2020.09.16,00:00,77.09725920321029,77.41743437074386,75.32686507424741,75.3803939819336,26234000.0
2020.09.17,00:00,74.1462713081013,74.75579594200235,72.85762993050274,74.12297058105469,37596000.0
2020.09.18,00:00,74.24589042128498,74.49335761422685,71.22849530358066,72.36150360107422,62078000.0
2020.09.21,00:00,71.37371245169476,71.78508637625292,69.7128568777239,70.93260192871094,57776000.0
2020.09.22,00:00,71.87082937109481,72.83383530574261,71.09962902571115,72.63261413574219,31664000.0
2020.09.23,00:00,72.30154011266035,72.40958107535472,69.7698603849799,70.14207458496094,33148000.0
2020.09.24,00:00,69.93490284556094,71.55457197671512,69.87642036060207,70.79035949707031,29004000.0
2020.09.25,00:00,71.00547187449966,71.86638131765665,70.04940076435469,71.61658477783203,26460000.0
2020.09.28,00:00,73.06629935571112,73.19466134063238,71.83173128486416,72.58602905273438,40158000.0
2020.09.29,00:00,72.8769705664086,73.18788141530649,72.30277885879447,72.82443237304688,19564000.0
2020.09.30,00:00,72.69903092343071,73.83650883782728,72.35606173724211,72.83781433105469,34032000.0
2020.10.01,00:00,73.56490589287814,74.29695419108354,73.31411864103369,73.85336303710938,35590000.0
2020.10.02,00:00,72.46262535382719,73.51187669093618,71.91197637655861,72.28369903564453,25682000.0
2020.10.05,00:00,72.66979702283442,73.7601819559869,72.57364464252869,73.65164184570312,22266000.0
2020.10.06,00:00,73.13418487359054,73.68829744410401,71.79647670645899,72.03685760498047,24908000.0
2020.10.07,00:00,72.57463761190938,72.80609456413772,71.17250232682238,72.37638854980469,34924000.0
2020.10.08,00:00,72.61427798354973,73.84889133926414,72.61427798354973,73.64717102050781,23756000.0
2020.10.09,00:00,74.0818428659468,75.16330373323112,73.8216400491454,75.098876953125,28706000.0
2020.10.12,00:00,76.47572925271454,78.99650332440294,75.95878739904958,77.77179718017578,49652000.0
2020.10.13,00:00,78.49442910753228,78.8051886465475,77.4769035623569,77.8971939086914,32020000.0
2020.10.14,00:00,78.2396699608832,78.69040022802378,76.84893199975048,77.71876525878906,38586000.0
2020.10.15,00:00,76.68142822096114,78.06696335790998,76.57635939320642,77.27519226074219,30800000.0
2020.10.16,00:00,77.60826176537117,78.36558468531405,77.46700533681992,77.96312713623047,28694000.0
2020.10.19,00:00,78.33237381867033,78.7135120539856,75.73229667959747,76.05990600585938,32142000.0
2020.10.20,00:00,75.68519714329963,78.185650150246,75.61679994585228,77.1165771484375,44834000.0
2020.10.21,00:00,77.97898383974783,80.22914921962466,77.89472761189754,78.96925354003906,51366000.0
2020.10.22,00:00,78.95636078731329,80.39072067384082,78.55738212962937,80.06063079833984,28672000.0
2020.10.23,00:00,80.59292714754348,81.40030755291222,80.31735691195621,81.3329086303711,27516000.0
2020.10.26,00:00,80.5404094670081,81.19612727660208,78.1361007482076,78.82750701904297,37066000.0
2020.10.27,00:00,79.08621219382523,79.64007522401424,78.44734424174912,79.51195526123047,24580000.0
2020.10.28,00:00,77.3054218969516,77.38521611807528,75.06914177205083,75.16826629638672,36680000.0
2020.10.29,00:00,75.45274789799177,78.98907386464616,75.44680360327452,77.67713928222656,40062000.0
2020.10.30,00:00,82.87480264267754,83.61279506363549,79.52186537056937,80.34213256835938,86582000.0
2020.11.02,00:00,80.69652560602833,82.312776510931,80.09532743050677,80.59095764160156,50708000.0
2020.11.03,00:00,80.87592785332038,82.35885533607552,80.12455695479379,81.78937530517578,33234000.0
2020.11.04,00:00,84.76663351412182,87.79419289698681,84.55598918713179,86.69215393066406,71418000.0
2020.11.05,00:00,88.27173013058658,88.8982028100579,86.76054828175141,87.39793395996094,41316000.0
2020.11.06,00:00,86.9310437086403,87.84696414245059,86.25698646856866,87.31763458251953,33218000.0
2020.11.09,00:00,88.76240537226172,90.10853860866732,87.23190067711361,87.37960052490234,45366000.0
2020.11.10,00:00,85.79803980710659,87.37960039714777,85.11456689238351,86.25897979736328,52722000.0
2020.11.11,00:00,86.73529215883607,87.440076909365,86.60469159379954,86.8696060180664,25280000.0
2020.11.12,00:00,86.61781750630749,87.64079590014305,86.51720312759008,86.72734832763672,24950000.0
2020.11.13,00:00,87.11344591827967,88.27371784171743,86.46516232064567,88.07447052001953,29998000.0
2020.11.16,00:00,87.81078675942418,89.16732614514456,87.61203859885991,88.29055786132812,24936000.0
2020.11.17,00:00,88.0705039372308,88.46998171686484,87.57784593490788,87.73397064208984,22942000.0
2020.11.18,00:00,87.49013728072737,87.89853915312447,86.54398081519167,86.57569885253906,23470000.0
2020.11.19,00:00,86.15936146134673,87.7062244050139,86.09121382137086,87.42520141601562,24998000.0
2020.11.20,00:00,87.48913193523614,87.92478976878569,86.33183971503769,86.34819030761719,46270000.0
2020.11.23,00:00,86.71545206984375,86.92856939858318,85.13538143903462,85.9848861694336,43232000.0
2020.11.24,00:00,85.76880085034104,87.80584111400744,85.62952587105482,87.67102813720703,31560000.0
2020.11.25,00:00,87.8697691191219,88.14980134711068,87.05941659505291,87.79740905761719,20916000.0
2020.11.27,00:00,87.87969396400068,89.41168097360304,87.84747679243661,88.87590789794922,17698000.0
2020.11.30,00:00,88.28086143305613,88.62190973016223,86.983106715673,87.2676010131836,36476000.0
2020.12.01,00:00,87.94313171729829,90.44408424193811,87.69531662385147,89.1192626953125,34738000.0
2020.12.02,00:00,89.1192603641529,90.9803540873258,88.6916795112842,90.59871673583984,24440000.0
2020.12.03,00:00,90.40345062780872,91.55281725932178,90.33604412958742,90.54024505615234,24546000.0
2020.12.04,00:00,90.42870902845401,90.85693268659581,90.05550412793687,90.60069274902344,27564000.0
2020.12.07,00:00,90.15513225338692,90.81779262782086,89.4999135923177,90.17892456054688,26418000.0
2020.12.08,00:00,89.71401963544385,90.29886720311792,89.02534353070801,90.13282775878906,21926000.0
2020.12.09,00:00,89.80868634710603,90.91195810053874,87.61800185648615,88.42686462402344,30152000.0
2020.12.10,00:00,87.71662706043237,88.2870978811163,86.25551025912611,87.99071502685547,27256000.0
2020.12.11,00:00,87.3825581344161,88.4427146432754,87.2308954485601,88.30988311767578,24414000.0
2020.12.14,00:00,87.97436755991407,89.08408288024582,87.09288748442705,87.23389434814453,32004000.0
2020.12.15,00:00,87.44998831335462,87.79692795628148,86.73280829638682,87.61602020263672,29646000.0
2020.12.16,00:00,87.86927883747131,87.87523069513693,87.03662378158097,87.37960052490234,30270000.0
2020.12.17,00:00,87.65268344001495,87.81495662943179,86.17322719358401,86.63118743896484,32494000.0
2020.12.18,00:00,86.94245848614152,86.98855324450007,85.25930025475854,85.79408264160156,80328000.0
2020.12.21,00:00,84.92672847160367,86.28178578016737,84.20756706246826,86.20842742919922,36568000.0
2020.12.22,00:00,85.96357708428384,86.11102735704515,84.88038440504826,85.42185974121094,18734000.0
2020.12.23,00:00,85.65034919837969,86.6356576990246,85.49818734526555,85.86198425292969,20676000.0
2020.12.24,00:00,85.99184804093674,86.53704433890573,85.69991958625648,86.18266296386719,6936000.0
2020.12.28,00:00,86.81632739097363,88.75389557896479,86.55364396614269,88.02838897705078,27860000.0
2020.12.29,00:00,88.60827626492362,88.8387424962282,87.03712185285005,87.16747283935547,25988000.0
2020.12.30,00:00,87.3305347807353,87.48343777931248,85.52594210037674,86.21585845947266,26122000.0
2020.12.31,00:00,86.01265536285949,87.1778808736201,86.01265536285949,86.82846069335938,20238000.0
2021.01.04,00:00,87.10899222469797,87.2631355215254,84.6462085761229,85.65679931640625,38038000.0
2021.01.05,00:00,85.4962144674521,86.61980734911019,85.15001596611494,86.2852554321289,22906000.0
2021.01.06,00:00,84.38748648791446,86.63616201590953,84.20756945501576,86.00621795654297,52042000.0
2021.01.07,00:00,86.24262139980057,88.63849745097242,86.09343926027003,88.58150482177734,45300000.0
2021.01.08,00:00,88.61769411524574,89.70113651230233,87.90175438704229,89.57078552246094,41012000.0
2021.01.11,00:00,88.52301564787511,88.9316670211408,87.25668418595048,87.56397247314453,24194000.0
2021.01.12,00:00,86.92957212703958,88.1250334528433,85.51157786068451,86.56429290771484,27140000.0
2021.01.13,00:00,86.16927418973575,87.48046016327062,86.14101988088426,86.95336151123047,21882000.0
2021.01.14,00:00,86.91469734544232,87.97485402671433,85.91253157193304,86.24857330322266,23590000.0
2021.01.15,00:00,86.14994392220567,87.03266419268685,85.32521456188599,86.05081939697266,26844000.0
2021.01.19,00:00,86.84679746392635,89.67312813751977,86.31200756228237,88.76042175292969,34692000.0
2021.01.20,00:00,90.77268510860287,94.35361626696925,90.47877525553571,93.52046203613281,49806000.0
2021.01.21,00:00,94.07059767877686,95.89748502560502,93.53085424303171,93.73604583740234,41278000.0
2021.01.22,00:00,93.95560896087567,94.71244016141313,93.26569266793015,94.22176361083984,25442000.0
2021.01.25,00:00,95.19421197287292,95.63581415131576,92.56043523187854,94.14000701904297,38546000.0
2021.01.26,00:00,93.61660502258192,95.40880228405905,93.38886139940963,95.0241928100586,26262000.0
2021.01.27,00:00,93.30385960381521,93.67409233751714,89.6594853551088,90.73946380615234,54966000.0
2021.01.28,00:00,91.39123519998721,94.11174862569983,91.32680841558224,92.34136199951172,35462000.0
2021.01.29,00:00,91.5017594213197,92.05240080201095,89.71897759747009,90.98481750488281,32252000.0
2021.02.01,00:00,91.86852000625667,95.2795470733854,91.73767745120871,94.23664093017578,32044000.0
2021.02.02,00:00,95.28786107717607,96.9333566773589,94.88789175183886,95.533203125,45474000.0
2021.02.03,00:00,102.74412673475553,104.90011324737523,100.03699220076581,102.59890747070312,82364000.0
2021.02.04,00:00,102.54042473223232,103.01919756454852,101.23691508277774,102.21726989746094,37046000.0
2021.02.05,00:00,102.59544176048313,104.20673889839169,102.06660372125187,103.98320770263672,30702000.0
2021.02.08,00:00,104.37525487693321,105.24939899403509,102.69456976302753,103.7309341430664,24838000.0
2021.02.09,00:00,103.01871231383504,104.33659120372786,103.01871231383504,103.2650375366211,17798000.0
2021.02.10,00:00,103.79537206045246,104.4971845872037,102.25297115951753,103.85335540771484,22710000.0
2021.02.11,00:00,104.05806475242028,104.1829630262693,102.95825660985331,103.87864685058594,18914000.0
2021.02.12,00:00,103.59909703260224,104.51948719245617,103.24621311834564,104.28604125976562,17114000.0
2021.02.16,00:00,104.2984361284602,106.69332155041313,104.2984361284602,105.16777038574219,22676000.0
2021.02.17,00:00,104.08234007920224,105.75062997057648,104.02881117156582,105.48546600341797,21418000.0
2021.02.18,00:00,104.59729044683503,105.70477454903315,104.26620987440927,104.934814453125,22432000.0
2021.02.19,00:00,105.03741900005683,105.59549453377072,103.95396911848377,104.13883972167969,29148000.0
2021.02.22,00:00,102.4467665214739,103.6570962026634,102.20589398199361,102.3416976928711,27350000.0
2021.02.23,00:00,100.36560158708477,103.19069184714775,99.22614233930821,102.6380615234375,33348000.0
2021.02.24,00:00,101.19925768090762,104.1209997472014,101.01587693201483,103.84294891357422,24966000.0
2021.02.25,00:00,102.46905439934443,103.8285736072965,100.18122692543716,100.68032836914062,36568000.0
2021.02.26,00:00,101.62996378091994,102.64550805459477,99.92202255132347,100.95293426513672,41670000.0
2021.03.01,00:00,101.92732505130645,103.41421545773443,101.41088232225091,103.16590881347656,28090000.0
2021.03.02,00:00,102.90223656541521,104.29891892398913,102.65789277982302,102.8848876953125,22692000.0
2021.03.03,00:00,102.45715565422508,103.51325110603491,99.62165904609364,100.44985961914062,29684000.0
2021.03.04,00:00,100.28432569581507,103.54903688521117,100.13067398858652,101.55908203125,42360000.0
2021.03.05,00:00,102.75008932316794,104.97993371288946,101.4265079876864,104.505615234375,43904000.0
2021.03.08,00:00,104.13834392847765,105.51024332195891,100.1970873582059,100.323974609375,32948000.0
2021.03.09,00:00,102.5954446639398,102.99393174208866,101.49663494225143,101.73800659179688,33946000.0
2021.03.10,00:00,102.68267652955811,102.84326325035669,100.77995757603279,101.8534927368164,25372000.0
2021.03.11,00:00,102.79666696937821,105.35610171964694,102.71340146947732,104.81437683105469,24782000.0
2021.03.12,00:00,103.33889828971348,103.59960026293786,101.482765582229,102.19498443603516,34516000.0
2021.03.15,00:00,102.21381370165273,102.449732647569,101.28252564786133,102.4214859008789,25962000.0
2021.03.16,00:00,103.04103038685199,105.2500546886502,102.59545778081062,103.71161651611328,29832000.0
2021.03.17,00:00,102.89431006441217,104.56706191181523,101.80243533242133,103.6402359008789,25980000.0
2021.03.18,00:00,102.14938116545532,102.86804340013933,100.78887120478154,100.92120361328125,27228000.0
2021.03.19,00:00,101.21015831699259,101.75782752940667,100.0023093646214,101.26715850830078,46298000.0
2021.03.22,00:00,101.19975926551922,102.00019719573196,100.41814493704778,101.0386734008789,39096000.0
2021.03.23,00:00,101.68843972946398,102.70953497146553,101.06989274095093,101.75089263916016,27340000.0
2021.03.24,00:00,102.36597228729778,103.00235974766484,101.18562888651192,101.35934448242188,23080000.0
2021.03.25,00:00,101.34695607602886,102.0438074494298,99.65784606555619,101.32465362548828,28378000.0
2021.03.26,00:00,101.05205849908711,101.6532566537459,99.82090874132611,100.88800048828125,29870000.0
2021.03.29,00:00,100.50785624039037,102.02201046452284,99.90021463147201,101.89909362792969,24596000.0
2021.03.30,00:00,101.98234017522881,102.63409499019801,101.3082829124835,101.87875366210938,20732000.0
2021.03.31,00:00,102.05620344338112,103.75160564552316,101.93848976245499,102.52754974365234,29198000.0
2021.04.01,00:00,103.98072513836945,106.21056920952837,103.92818695157311,105.95333099365234,33980000.0
2021.04.05,00:00,106.70619848848916,110.88782822438391,106.64077343446716,110.30496215820312,43298000.0
2021.04.06,00:00,110.15380763789219,110.90518619827041,109.77217028127119,110.26532745361328,27060000.0
2021.04.07,00:00,110.33370873803841,111.76458959583756,110.29405742178677,111.50091552734375,25798000.0
2021.04.08,00:00,112.90256420870429,113.20216875154195,111.89742636099314,112.28203582763672,27166000.0
2021.04.09,00:00,111.84887161034573,113.45174410899212,111.70087680074504,113.29512023925781,20888000.0
2021.04.12,00:00,112.32217106499075,112.77170641476725,110.94506114235315,111.75418090820312,31318000.0
2021.04.13,00:00,112.08529051882073,112.86540747447741,111.81863667705656,112.37275695800781,23310000.0
2021.04.14,00:00,112.76379499182681,112.90405312433464,111.47664340235018,111.75666809082031,20220000.0
2021.04.15,00:00,112.85400534620594,114.3219135408098,112.3098073747312,113.82940673828125,27472000.0
2021.04.16,00:00,114.1436300005833,114.3141238754837,113.22423815007909,113.88391876220703,22596000.0
2021.04.19,00:00,113.59743368556694,114.90936821408289,113.39249165512865,114.11388397216797,24688000.0
2021.04.20,00:00,114.38600351805124,114.47075888720768,112.59281525845317,113.67923736572266,21774000.0
2021.04.21,00:00,113.2638892964478,113.76299078721995,111.94154827574152,113.6623764038086,23930000.0
2021.04.22,00:00,113.65940364210554,114.18140503632418,111.83647884799558,112.40496826171875,21096000.0
2021.04.23,00:00,113.17565999130237,115.27465401742874,112.91495804362314,114.75325012207031,28670000.0
2021.04.26,00:00,114.98272744216457,116.03991197289054,114.6808918770929,115.32025146484375,20834000.0
2021.04.27,00:00,115.77921191358622,115.85107284381077,114.20657531113694,114.34783172607422,31972000.0
2021.04.28,00:00,119.30536718417467,121.54725125812809,117.70473339279063,117.95552062988281,59728000.0
2021.04.29,00:00,119.46323632717618,120.7612858914913,119.06425008366034,120.43268585205078,39554000.0
2021.04.30,00:00,119.17378583602463,120.29638791141343,119.05830315498268,119.45281982421875,39142000.0
2021.05.03,00:00,119.08605623347472,119.92763531145077,118.18301495953615,118.71185302734375,33788000.0
2021.05.04,00:00,117.45146787437508,117.92330575704455,114.57482983512415,116.6837387084961,35120000.0
2021.05.05,00:00,117.38604751511454,118.06902890720526,116.5429860963777,116.8071517944336,21806000.0
2021.05.06,00:00,116.50481371229871,118.09430010868064,116.093341428123,118.02689361572266,20618000.0
2021.05.07,00:00,118.95124794410707,119.76458030851676,118.45561774433995,118.88632202148438,23272000.0
2021.05.10,00:00,117.70671629699916,117.86085958370218,115.71626982884389,116.05973815917969,26006000.0
2021.05.11,00:00,113.59149909326351,115.08532462261648,113.15236997359824,114.42911529541016,32110000.0
2021.05.12,00:00,112.09717437194975,113.2698340293174,110.52800906394731,110.9755630493164,34934000.0
2021.05.13,00:00,112.06643989798022,112.83521269642391,111.15597204723466,112.11006164550781,26670000.0
2021.05.14,00:00,113.59000801725882,115.04269991725702,113.16822777322855,114.7958755493164,26624000.0
2021.05.17,00:00,114.45687458952851,115.1517445473041,113.74712876833237,115.05609130859375,19842000.0
2021.05.18,00:00,115.82411678401493,116.13359071090044,114.15156150134483,114.16494750976562,17302000.0
2021.05.19,00:00,112.2304985477718,114.82561440477434,112.18688436270966,114.4266357421875,19350000.0
2021.05.20,00:00,115.38468623858044,116.98556956621273,115.04021964116737,116.7749252319336,23832000.0
2021.05.21,00:00,117.26558284419556,117.41476495978625,116.0949048169738,116.23020935058594,22832000.0
2021.05.24,00:00,117.31565224247997,119.86716127701555,116.97416537620035,119.28182220458984,21244000.0
2021.05.25,00:00,119.94249700137718,120.58136499448375,119.09942811474023,119.40077209472656,18838000.0
2021.05.26,00:00,119.58737440995169,121.07967220882956,119.57151539461012,120.61308288574219,21856000.0
2021.05.27,00:00,120.78208896609738,120.9337516648047,119.05035565912118,119.07563781738281,38962000.0
2021.05.28,00:00,120.0396601865711,120.34595779679334,119.33239487193728,119.52420806884766,24108000.0
2021.06.01,00:00,120.04162849091753,120.83320289058072,119.19311439951414,120.42871856689453,19166000.0
2021.06.02,00:00,120.70132003144454,121.03289221557198,119.1594106818003,120.00595092773438,17158000.0
2021.06.03,00:00,118.70442409415732,119.43424138164984,118.10025378200626,119.17973327636719,18346000.0
2021.06.04,00:00,120.06739623890059,121.62064954283319,119.83196888925907,121.51661682128906,25948000.0
2021.06.07,00:00,121.4948041841129,122.32151485944384,120.98693002890998,122.22684478759766,23850000.0
2021.06.08,00:00,122.91133089817407,123.63469715525575,122.33342592755342,123.05754089355469,25060000.0
2021.06.09,00:00,123.88275192780424,124.15535001723153,123.27957240724791,123.48129272460938,20126000.0
2021.06.10,00:00,123.61065868780943,125.06037842620621,123.61015954854648,124.97810363769531,31234000.0
2021.06.11,00:00,125.14265085087479,125.245246655623,123.82278297293935,124.59795379638672,25240000.0
2021.06.14,00:00,124.57119608467758,125.30670806541305,123.95413136775662,125.24772644042969,22550000.0
2021.06.15,00:00,125.41625087765078,125.75327578194185,124.55038032424237,124.9315185546875,22182000.0
2021.06.16,00:00,125.14413314320345,125.41772195586535,123.06491564361433,124.59795379638672,26316000.0
2021.06.17,00:00,124.42597506527514,126.08484931551105,124.41804177591209,125.26656341552734,25756000.0
2021.06.18,00:00,124.60685664726977,125.28438517102437,123.51399137086882,124.47006225585938,53306000.0
2021.06.21,00:00,124.6410831237497,125.92650297778262,124.04062609565823,125.34983825683594,26256000.0
2021.06.22,00:00,125.34485984291177,126.1576929729991,124.92506105228276,125.88955688476562,20984000.0
2021.06.23,00:00,125.44399734334849,126.67910232551053,125.14859765193465,125.35626983642578,19694000.0
2021.06.24,00:00,125.9430828490993,126.42087253323831,125.85040176928982,126.16958618164062,18934000.0
2021.06.25,00:00,125.84744668558378,126.3906539334085,125.33892961896906,125.88511657714844,33484000.0
2021.06.28,00:00,125.89006987282167,126.22412262860418,124.87283911125229,125.71115112304688,28110000.0
2021.06.29,00:00,125.66455290774036,125.89006554685616,124.34072209720667,124.91714477539062,20950000.0
2021.06.30,00:00,124.55539196374131,124.70056587830835,123.66717354614626,124.22079467773438,24006000.0
2021.07.01,00:00,123.75861171156227,125.35727172524521,123.75861171156227,125.26409149169922,17120000.0
2021.07.02,00:00,125.73094969774777,127.72190254313273,125.66106264642492,127.5940170288086,21160000.0
2021.07.06,00:00,128.31813274014462,128.74934363927554,127.28672963194242,128.63682556152344,21350000.0
2021.07.07,00:00,129.2018749361373,129.49815192401994,128.62594381159133,128.940673828125,16680000.0
2021.07.08,00:00,127.12913442693282,128.89605713494794,126.92096310718405,128.04803466796875,19780000.0
2021.07.09,00:00,127.81756343531504,128.71465276822116,127.81656515684645,128.44204711914062,15106000.0
2021.07.12,00:00,128.69879763319938,129.62712106436328,128.46734826222308,129.42291259765625,16944000.0
2021.07.13,00:00,129.73765144803764,130.88801630949186,129.49528149813372,129.84967041015625,16618000.0
2021.07.14,00:00,130.74872848514352,131.83366061386502,130.74524963572966,130.9281463623047,17912000.0
2021.07.15,00:00,131.34198745716597,131.43615839405658,129.45661753868265,130.1192626953125,16586000.0
2021.07.16,00:00,130.4904805268082,131.0277357703323,129.6781391032736,130.6931915283203,14856000.0
2021.07.19,00:00,130.00926058837544,130.09995269015585,127.41364537521233,128.12437438964844,25710000.0
2021.07.20,00:00,128.86780714023732,130.84769599617587,128.0593376507205,129.95571899414062,19084000.0
2021.07.21,00:00,129.64396218425753,131.4582123382449,129.4600823112968,131.4416046142578,14742000.0
2021.07.22,00:00,131.49067121509853,132.33771051280502,131.24285614298154,132.1632537841797,13608000.0
2021.07.23,00:00,134.07788033070804,137.59537559015067,133.5232760492349,136.61154174804688,26378000.0
2021.07.26,00:00,137.04175882580606,138.49197034015555,136.44799477729384,138.424072265625,23052000.0
2021.07.27,00:00,138.78736681390427,138.78736681390427,133.91929127804903,135.6009521484375,42164000.0
2021.07.28,00:00,137.35103016458848,138.45529275857675,135.15837155736574,135.18959045410156,54688000.0
2021.07.29,00:00,135.18868381647192,135.95285093603806,134.94820455923784,135.34718322753906,19284000.0
2021.07.30,00:00,134.32667378141056,134.5847438947588,133.63595582360026,134.03919982910156,23954000.0
2021.08.02,00:00,134.30041878215883,134.8317298874316,133.49253912392356,134.80101013183594,20140000.0
2021.08.03,00:00,134.81137659851717,135.1439394083235,133.01075476487893,135.08892822265625,19064000.0
2021.08.04,00:00,135.05873756620986,135.34471414980803,134.23152757218728,134.8396759033203,16528000.0
2021.08.05,00:00,134.83966174020566,135.75310173841007,134.41490934283556,135.74319458007812,11866000.0
2021.08.06,00:00,135.10381195758814,135.88200024870852,134.85747919098068,135.8383331298828,13560000.0
2021.08.09,00:00,135.7521226886644,137.1126251384003,135.2364210496758,136.79591369628906,12374000.0
2021.08.10,00:00,136.87273766972007,137.3406126959752,136.02719570102272,136.88958740234375,16034000.0
2021.08.11,00:00,137.0744638632989,137.63427126577432,136.14961925968484,136.48614501953125,15204000.0
2021.08.12,00:00,136.50942194027127,137.20826224013817,135.58359429369307,137.1800079345703,14646000.0
2021.08.13,00:00,137.14829686686207,137.46202857769512,136.79888426190814,137.19638061523438,12580000.0
2021.08.16,00:00,136.79393989388618,137.7757771825997,134.97572661397365,137.70193481445312,18040000.0
2021.08.17,00:00,136.98324522919515,137.50614652818902,135.5920231476772,136.1005401611328,21272000.0
2021.08.18,00:00,135.91715341997238,137.08536621500676,135.22873447579948,135.37643432617188,14934000.0
2021.08.19,00:00,134.28354225951892,136.25069525641123,134.17302073841807,135.71690368652344,18296000.0
2021.08.20,00:00,135.88492625969326,137.40305070335003,135.27431258624406,137.2270965576172,15564000.0
2021.08.23,00:00,137.78369720782266,140.9344153589922,137.53533762124232,139.8663330078125,21090000.0
2021.08.24,00:00,140.30646829785283,141.75767799114166,140.11812640300855,141.15399169921875,15126000.0
2021.08.25,00:00,141.63423730680734,142.06048708965,141.19461664258952,141.70065307617188,12838000.0
2021.08.26,00:00,141.37205804432725,141.88384215982578,140.84967100103097,140.88088989257812,14922000.0
2021.08.27,00:00,140.87048942802775,143.74365609869835,140.77879905574363,143.2871856689453,24562000.0
2021.08.30,00:00,143.43985222192057,145.20925583087842,143.33627324469208,144.1981658935547,16916000.0
2021.08.31,00:00,144.6095277103083,144.83503278631727,143.73275175343582,144.1907196044922,26756000.0
2021.09.01,00:00,144.3770747387989,145.53734675940768,144.34189297996778,144.56739807128906,15824000.0
2021.09.02,00:00,144.67393227681757,145.04615401224612,142.84705245039112,142.95855712890625,21844000.0
2021.09.03,00:00,142.88621922862686,144.10646357676572,142.2508300178848,143.5097198486328,19104000.0
2021.09.07,00:00,143.48444727787225,144.54956519502716,143.27777335151706,144.24722290039062,15170000.0
2021.09.08,00:00,144.12280111222998,144.27892582273876,142.9397351868411,143.6172637939453,15486000.0
2021.09.09,00:00,143.6172360624124,144.39636204673067,143.17167116858295,143.64697265625,14798000.0
2021.09.10,00:00,144.17237014353682,144.74284095381356,140.50272847516052,140.6806640625,32896000.0
2021.09.13,00:00,141.94946603476788,142.93080402260333,141.0389906929406,142.21115112304688,20176000.0
2021.09.14,00:00,142.90107067958212,143.46261745773057,141.65655015741294,142.15267944335938,18916000.0
2021.09.15,00:00,142.50260584569327,144.3091724711704,141.01273554222357,143.93695068359375,20648000.0
2021.09.16,00:00,143.85268951459992,143.93099387588092,142.16293675723705,143.11172485351562,20292000.0
2021.09.17,00:00,142.54175751911154,142.98881997267335,139.8286781666642,140.2271728515625,60040000.0
2021.09.20,00:00,137.7853641131945,138.14450232935937,135.8551777064714,137.80201721191406,34918000.0
2021.09.21,00:00,138.89244868200248,139.58097358734125,137.69153455645204,138.42605590820312,18130000.0
2021.09.22,00:00,138.82651689975006,140.3461086397524,138.25282435593874,139.70675659179688,22068000.0
2021.09.23,00:00,140.37187645905587,141.00921679756655,139.86335942697647,140.5869903564453,17272000.0
2021.09.24,00:00,139.7141611043482,141.65455720599783,139.6194910348928,141.38641357421875,14950000.0
2021.09.27,00:00,140.34809278521013,141.25460537170252,139.27208459455582,140.26434326171875,18844000.0
2021.09.28,00:00,137.87293147776145,138.38640972026516,134.51404141547334,134.9938201904297,42190000.0
2021.09.29,00:00,135.91142762051436,136.1977067313931,133.0767244447802,133.34535217285156,26338000.0
2021.09.30,00:00,133.15106465674455,134.40500859382666,131.83764750927674,132.100830078125,35294000.0
2021.10.01,00:00,132.38730702605153,135.87306942967507,132.2118519785501,135.26988220214844,28388000.0
2021.10.04,00:00,134.5135345869747,134.514033726277,130.0201615843272,132.595947265625,31530000.0
2021.10.05,00:00,132.82888647157216,136.16150327350928,132.82888647157216,134.9868621826172,24126000.0
2021.10.06,00:00,133.44892544964407,136.64722846150278,133.31113275703282,136.15357971191406,19764000.0
2021.10.07,00:00,137.6493944124473,138.92955054248768,137.35201327826417,137.9690704345703,18250000.0
2021.10.08,00:00,138.68327195842016,139.09067547228446,138.2107837101895,138.8319549560547,18924000.0
2021.10.11,00:00,138.57817741030019,139.53340882447557,137.5933606547984,137.63400268554688,16584000.0
2021.10.12,00:00,138.4171136172655,138.47412137248665,135.0592222183902,135.51817321777344,22536000.0
2021.10.13,00:00,136.54612594377107,137.3391373227963,135.77938744359855,136.69480895996094,16380000.0
2021.10.14,00:00,138.72887011741,140.41352574304273,138.12123608901558,140.17611694335938,21426000.0
2021.10.15,00:00,140.95723430430255,140.95723430430255,139.83165998868782,140.43682861328125,21250000.0
2021.10.18,00:00,139.9793488715365,141.74899428980692,139.9793488715365,141.71107482910156,16564000.0
2021.10.19,00:00,142.03918231782805,142.84754591424652,141.84538015554773,142.56504821777344,15316000.0
2021.10.20,00:00,142.96201629704672,142.9870488821712,140.67170870059172,141.17030334472656,17940000.0
2021.10.21,00:00,140.94931130768418,141.6010662824149,140.39915387682134,141.5326690673828,14850000.0
2021.10.22,00:00,139.1243652827816,140.32131626970926,135.97166580894276,137.4134521484375,30182000.0
2021.10.25,00:00,137.59734371798118,137.98918316834994,135.5533684178351,137.56016540527344,21082000.0
2021.10.26,00:00,139.37713667395252,139.60858601203964,137.79061513942798,138.4512939453125,28258000.0
2021.10.27,00:00,138.6797838884467,147.8147426272006,138.6797838884467,145.14776611328125,51850000.0
2021.10.28,00:00,146.0116557404477,146.13606242469905,143.49832308448276,144.8518829345703,32418000.0
2021.10.29,00:00,144.24820527134028,147.3141757246461,143.8977943869837,146.9746551513672,28954000.0
2021.11.01,00:00,146.87008691094192,147.10254969039428,142.32466741929483,142.51747131347656,32272000.0
2021.11.02,00:00,143.54381509311216,145.63646401123387,143.37689082359583,144.5882110595703,21150000.0
2021.11.03,00:00,144.99661208372197,145.6265712708721,143.78579086713236,145.50711059570312,17886000.0
2021.11.04,00:00,145.9135042920165,148.63946995181294,145.3534398363894,147.383544921875,24700000.0
2021.11.05,00:00,148.04821110471102,149.25482742955379,147.35283442912345,147.9366912841797,20408000.0
2021.11.08,00:00,148.68903442004924,149.7144932484363,147.81672057798045,148.04620361328125,18388000.0
2021.11.09,00:00,148.43727190974002,149.06423620474177,146.2178415985996,147.94412231445312,16876000.0
2021.11.10,00:00,146.7161778740096,147.40039185353228,144.054888607296,145.3445281982422,22708000.0
2021.11.11,00:00,145.82134069530798,147.20439521771485,145.41245484895987,145.46548461914062,12464000.0
2021.11.12,00:00,146.53950476930524,148.5497806809216,145.17404118802602,148.337646484375,17048000.0
2021.11.15,00:00,148.6890329726631,149.16186905865743,147.35330619635536,148.08238220214844,16248000.0
2021.11.16,00:00,147.86681939693952,148.52303635922385,147.05349454973532,147.7731475830078,17254000.0
2021.11.17,00:00,147.92480996176664,148.31834350756205,147.2646301372862,147.75926208496094,15290000.0
2021.11.18,00:00,147.842502370913,150.28497218658694,147.69629994933828,149.391845703125,26658000.0
2021.11.19,00:00,149.6802982349045,150.52287550030653,148.57751817812073,148.64195251464844,19766000.0
2021.11.22,00:00,148.8295667679663,149.4270516019873,145.72071562587195,145.7930908203125,24608000.0
2021.11.23,00:00,145.82728721190873,146.40320317047326,143.62320922362144,145.47439575195312,18126000.0
2021.11.24,00:00,145.07097599508853,145.71528925112722,143.93003422482911,145.4352569580078,16464000.0
2021.11.26,00:00,143.7481152072577,144.02714918182764,141.24022778382184,141.55792236328125,16992000.0
2021.11.29,00:00,143.03735154577328,145.5784540702984,143.03735154577328,144.8369903564453,26276000.0
2021.11.30,00:00,144.17908833714895,145.34702899741532,140.82440313853803,141.20703125,41590000.0
2021.12.01,00:00,142.95213283952668,145.21880000592998,140.26334508376559,140.38031005859375,28476000.0
2021.12.02,00:00,140.58452312776336,143.41060453293966,139.74987144640286,142.51995849609375,21250000.0
2021.12.03,00:00,143.2326629031563,143.94389101575132,139.91639658282602,141.27491760253906,26688000.0
2021.12.06,00:00,142.31923570399286,143.08993708878327,139.4178143742438,142.53977966308594,22198000.0
2021.12.07,00:00,144.67443959952038,147.00390738431344,144.4291050922199,146.74270629882812,23258000.0
2021.12.08,00:00,147.03512283602444,147.85290954970407,145.91351157654643,147.4207305908203,18964000.0
2021.12.09,00:00,146.8810106187278,148.29752271883328,146.23967705521463,146.81163024902344,18580000.0
2021.12.10,00:00,147.79692955815005,148.09429557351376,146.0696504708413,147.37564086914062,21634000.0
2021.12.13,00:00,147.14666272606996,147.2641268443899,145.08087636400703,145.42236328125,24104000.0
2021.12.14,00:00,143.5047735326543,144.1708976228927,140.99935135555714,143.70352172851562,24778000.0
2021.12.15,00:00,143.10428951631962,146.22799386482097,141.45830968573367,146.08055114746094,27280000.0
2021.12.16,00:00,146.78285389655562,147.2532094710235,142.83317995856643,143.57266235351562,27400000.0
2021.12.17,00:00,141.46723463893235,143.19758432937653,140.54883339020788,141.55496215820312,43404000.0
2021.12.20,00:00,139.45012252261395,141.36415549727957,139.0242810416371,141.156982421875,20264000.0
2021.12.21,00:00,141.89891277709864,143.42748899134267,140.49628603975955,142.96006774902344,19548000.0
2021.12.22,00:00,142.84063389207083,146.01562882531852,142.70482262202958,145.66473388671875,18438000.0
2021.12.23,00:00,145.80397585589387,147.27412246393868,145.6665461813083,145.8565216064453,13818000.0
2021.12.27,00:00,146.17474265388168,147.12932396741317,145.9631075706326,146.76998901367188,13256000.0
2021.12.28,00:00,147.07775227233543,147.07775227233543,144.6600729264541,145.1680908203125,18624000.0
2021.12.29,00:00,145.14977958346628,145.89742980794733,144.23286062214189,145.22412109375,17022000.0
2021.12.30,00:00,145.17008505633112,145.77723508687956,144.4846306559825,144.72650146484375,12978000.0
2021.12.31,00:00,144.27198546894425,145.08580927222604,143.41305763106743,143.4150390625,17298000.0
2022.01.03,00:00,143.21283085983964,144.27794871002374,142.24834251386997,143.8065948486328,25214000.0
2022.01.04,00:00,144.27843445959797,145.32866878647042,142.55923255428652,143.1543426513672,22928000.0
2022.01.05,00:00,142.92090276677456,143.03688457937403,136.32158603124802,136.45045471191406,49642000.0
2022.01.06,00:00,136.29581666924227,138.46519694933468,135.56823799024903,136.34884643554688,29050000.0
2022.01.07,00:00,136.69975630347483,137.04644634112273,134.60225208111177,135.80712890625,19408000.0
2022.01.10,00:00,133.91827931737623,137.42833253415026,131.97689981922537,137.3629150390625,34096000.0
2022.01.11,00:00,136.97285702161864,139.10307772603082,135.61781479375114,138.79380798339844,23502000.0
2022.01.12,00:00,140.3173759075116,141.56611657063158,139.87873833643542,140.41004943847656,23642000.0
2022.01.13,00:00,140.60086209913936,141.93410846613614,137.6999402879094,137.9150390625,26566000.0
2022.01.14,00:00,136.29831843474676,139.96647839052636,136.29831843474676,138.56483459472656,23826000.0
2022.01.18,00:00,135.40615421472438,136.19072543777457,134.4317437092138,135.09934997558594,27382000.0
2022.01.19,00:00,135.7417011555704,137.18993095430727,134.31576624261018,134.4664306640625,20796000.0
2022.01.20,00:00,135.32091372226228,136.70669063620772,131.98085542381884,132.33969116210938,21930000.0
2022.01.21,00:00,131.84952625845187,133.58274972471543,128.86485464530188,128.95504760742188,41920000.0
2022.01.24,00:00,124.92607613713514,129.63556168164376,123.55264130598036,129.23260498046875,55148000.0
2022.01.25,00:00,127.31301573149965,128.2081236781422,125.27349490351581,125.62786865234375,36008000.0
2022.01.26,00:00,129.45117723443548,131.6468154693274,126.04223719431836,128.11050415039062,39630000.0
2022.01.27,00:00,130.2129521054414,131.4509990969219,127.81808170094216,127.99253845214844,30248000.0
2022.01.28,00:00,128.86384734239766,132.2048890688023,127.56976068807809,132.12460327148438,30518000.0
2022.01.31,00:00,133.02515307639976,134.65627970892794,131.117972176714,134.51254272460938,34056000.0
2022.02.01,00:00,136.63038494626073,136.99218531478255,133.3921808953898,136.67349243164062,51204000.0
2022.02.02,00:00,150.53625540104753,150.7706995972964,144.28536811177133,146.74270629882812,89750000.0
2022.02.03,00:00,144.02516672471867,147.8144656178996,140.9621759586774,141.40377807617188,56930000.0
2022.02.04,00:00,141.76709643448362,143.2720771536389,138.59556510630358,141.76611328125,49224000.0
2022.02.07,00:00,142.45302329152761,142.58931855501405,137.48681473123284,137.72372436523438,44610000.0
2022.02.08,00:00,137.77653508304783,138.61498326859876,135.67679207771616,137.996337890625,34256000.0
2022.02.09,00:00,139.61878232396384,140.93295565764288,139.15016612756583,140.21676635742188,28628000.0
2022.02.10,00:00,138.28082189669502,140.1949454330574,136.84349738235358,137.3911590576172,33018000.0
2022.02.11,00:00,137.5373977116254,138.0659862970425,132.1236263024794,132.95777893066406,38808000.0
2022.02.14,00:00,132.1999209241808,134.9764511004413,132.1369840016216,134.11752319335938,26792000.0
2022.02.15,00:00,136.27004851278815,136.694800925324,134.35494179983246,135.2332000732422,26578000.0
2022.02.16,00:00,135.23816529718204,136.74042352681732,133.64536621210377,136.2859344482422,25610000.0
2022.02.17,00:00,134.96011011906668,135.64358314019836,131.046615627387,131.15219116210938,30968000.0
2022.02.18,00:00,131.87483266334823,132.65445812494553,129.16824180942524,129.32728576660156,31858000.0
2022.02.22,00:00,128.8489893712749,130.74800273735107,126.62459766865797,128.27157592773438,38906000.0
2022.02.23,00:00,129.9329230853464,130.597549702702,126.38916288143294,126.4699478149414,26432000.0
2022.02.24,00:00,123.90754799658191,131.8743102436429,123.67410962475509,131.51397705078125,43166000.0
2022.02.25,00:00,132.35854068682184,134.2057645230196,130.6134286532408,133.34385681152344,26236000.0
2022.02.28,00:00,132.11963123209497,134.45504324053616,131.6644011185735,133.71209716796875,29676000.0
2022.03.01,00:00,133.30466150518598,134.92140355206135,132.21278699162667,132.99539184570312,24640000.0
2022.03.02,00:00,133.43182445231696,134.4302694393548,132.26634930376272,133.57382202148438,23966000.0
2022.03.03,00:00,134.79008780066238,135.51896722797076,132.26485160511118,133.13418579101562,19780000.0
2022.03.04,00:00,132.21679733647423,133.02615927362388,129.26877475452406,130.96730041503906,24446000.0
2022.03.07,00:00,130.75121246260815,130.75121246260815,125.30522481766135,125.35924530029297,39178000.0
2022.03.08,00:00,125.14712214542247,130.09946118319678,124.7607732090724,126.1661376953125,35250000.0
2022.03.09,00:00,130.25160868049826,133.02565849415632,128.9510785630642,132.69606018066406,32258000.0
2022.03.10,00:00,130.3135451952608,132.37140547732028,130.2525897077912,131.52239990234375,24266000.0
2022.03.11,00:00,132.8283935007495,133.02714169352703,129.157753361994,129.33518981933594,26600000.0
2022.03.14,00:00,129.43184186569115,129.88088572956076,125.3082025472851,125.63333129882812,30254000.0
2022.03.15,00:00,126.62509345801459,129.37657621240996,125.46184929767844,128.52732849121094,30292000.0
2022.03.16,00:00,129.85510288658125,132.60188138163636,128.07182955074146,132.5220947265625,32058000.0
2022.03.17,00:00,132.1558204008862,133.56192599177672,131.55907670847736,133.42413330078125,23994000.0
2022.03.18,00:00,132.7138982710172,135.71691666702154,131.7702225681311,135.60589599609375,45900000.0
2022.03.21,00:00,135.65149914733792,136.38007608151847,133.43503346696508,135.2857208251953,26632000.0
2022.03.22,00:00,135.30707604708076,140.26337919898847,135.30707604708076,139.0515594482422,29776000.0
2022.03.23,00:00,137.92247449371632,138.80121670159508,136.95896936635887,137.2930145263672,25302000.0
2022.03.24,00:00,138.05533028790427,140.16076050530833,136.83299855785734,140.07699584960938,20544000.0
2022.03.25,00:00,140.51510364480998,140.71881295083594,138.47855510006968,140.28463745117188,19270000.0
2022.03.28,00:00,139.45495355033347,140.7356692373456,138.60609919214602,140.7093963623047,23774000.0
2022.03.29,00:00,141.9093209625373,142.902562649628,141.23871984723044,141.99803161621094,28678000.0
2022.03.30,00:00,141.62136605739948,142.22653463524617,140.92550538275776,141.39784240722656,21046000.0
2022.03.31,00:00,141.2035342411188,141.3978203988925,138.39876511845563,138.4290008544922,29516000.0
2022.04.01,00:00,138.78634962589769,139.71813673110918,137.58395341901516,139.47032165527344,23480000.0
2022.04.04,00:00,139.59373548576164,142.78485385057047,139.59373548576164,142.38711547851562,19076000.0
2022.04.05,00:00,142.14622064235596,142.33504651157247,139.71167679170833,139.83013916015625,19256000.0
2022.04.06,00:00,137.94526316912265,138.62625545600227,135.22584677638173,135.97711181640625,23574000.0
2022.04.07,00:00,135.42398630253066,136.4980280146715,133.6786325974038,135.27232360839844,19448000.0
2022.04.08,00:00,135.0592549716983,135.0592549716983,132.58358407586485,132.83932495117188,16434000.0
2022.04.11,00:00,131.73848603743775,131.77734327126717,128.4846729366765,128.662109375,24188000.0
2022.04.12,00:00,131.26614950943943,131.26614950943943,126.46101918631918,127.2525405883789,23004000.0
2022.04.13,00:00,127.50234222867724,129.51385834220412,127.31608765557743,129.1473388671875,19542000.0
2022.04.14,00:00,129.50767691895246,129.5678912671287,126.00059574301706,126.14085388183594,23484000.0
2022.04.18,00:00,126.29647964825858,127.58710250712714,125.47219654507639,126.84265899658203,14918000.0
2022.04.19,00:00,126.95766511720852,129.7597123893052,126.33763573699852,129.39022827148438,22720000.0
2022.04.20,00:00,130.13661431150624,130.77052116154962,126.7762954262851,127.12467193603516,22610000.0
2022.04.21,00:00,128.2195388817747,129.16865982514074,123.56061046081629,123.84559631347656,30158000.0
2022.04.22,00:00,123.90754083767837,124.35559395394596,118.09925385745434,118.56861114501953,46410000.0
2022.04.25,00:00,118.3857303796866,122.20059910321865,117.73125288061445,122.17284393310547,34522000.0
2022.04.26,00:00,121.67719946960811,121.67719946960811,118.12040886881375,118.4615478515625,49394000.0
2022.04.27,00:00,113.37342622036772,116.47309638579071,112.13559101242998,114.01526641845703,62238000.0
2022.04.28,00:00,116.09145128046437,119.38590655600973,114.13757819172884,118.36788177490234,36790000.0
2022.04.29,00:00,116.55042650412453,117.92034466274126,113.69162864513608,113.96174621582031,33694000.0
2022.05.02,00:00,112.91099942660051,116.31399489564099,112.40842667530683,116.13308715820312,30280000.0
2022.05.03,00:00,115.7445074403369,118.25735591174546,115.60771303596802,117.09708404541016,21216000.0
2022.05.04,00:00,116.97219646374067,122.06677508730426,114.72699230159225,121.50373840332031,33232000.0
2022.05.05,00:00,119.16982656663309,120.17373190045143,114.17586188172378,115.72618865966797,43090000.0
2022.05.06,00:00,114.50941104658587,116.47161088997547,113.14543723684271,114.64918518066406,35310000.0
2022.05.09,00:00,112.3132595752208,114.55291253289992,111.5678329131017,112.0956802368164,34520000.0
2022.05.10,00:00,115.02634527678873,115.6711651660785,112.39237215455056,113.58307647705078,31158000.0
2022.05.11,00:00,112.71670494954066,115.65132605460367,112.65673261342113,112.96501159667969,36502000.0
2022.05.12,00:00,110.95969383245578,113.85268210440806,109.1511384703225,112.17200469970703,41464000.0
2022.05.13,00:00,113.8417894542764,117.05297934413852,113.00368165888769,115.49720001220703,29738000.0
2022.05.16,00:00,114.37559071539216,115.58839331708974,113.33575500382982,113.78926086425781,23282000.0
2022.05.17,00:00,116.20296821909585,116.20296821909585,114.32948684915958,115.68156433105469,21576000.0
2022.05.18,00:00,114.23036743097917,114.68450854368932,111.16191630318002,111.41865539550781,27982000.0
2022.05.19,00:00,110.86354110274272,112.59477525528834,109.50253968930284,109.7776107788086,29192000.0
2022.05.20,00:00,111.1059036407653,111.56634445159514,105.44332793542848,108.35763549804688,37586000.0
2022.05.23,00:00,109.14173028666772,111.0266163953242,108.20028551093047,110.6905746459961,31558000.0
2022.05.24,00:00,105.44780578079573,105.46514709015733,101.31474329817107,105.00025177001953,60386000.0
2022.05.25,00:00,104.22309876177823,105.61354202907413,103.30048514564724,104.91450500488281,37900000.0
2022.05.26,00:00,105.12365173006363,108.0030197479858,104.56606779904295,107.34952545166016,30288000.0
2022.05.27,00:00,108.82898412641175,111.88156865908103,108.59257361671678,111.81317901611328,29924000.0
2022.05.31,00:00,112.09074165417034,115.41592461864047,111.5886679993041,113.04235076904297,51302000.0
2022.06.01,00:00,113.92703915653709,116.37297279514891,112.55810435393131,113.13948059082031,28630000.0
2022.06.02,00:00,113.19003148618118,116.86760618900814,112.31771760639072,116.71693420410156,27472000.0
2022.06.03,00:00,114.97877221835411,115.34752272060099,112.67458639064898,113.56275939941406,25052000.0
2022.06.06,00:00,115.72220611092368,118.35499171853519,115.50987529854974,115.98786163330078,23786000.0
2022.06.07,00:00,114.63728058026761,116.7195686521711,114.11934795030164,116.2049560546875,26414000.0
2022.06.08,00:00,115.85504228585641,117.60907818643314,115.67685712876947,116.21337890625,22544000.0
2022.06.09,00:00,115.32471733517964,117.31566293550569,113.863101382796,113.91365814208984,23142000.0
2022.06.10,00:00,111.79557985607693,112.50507607566507,109.89211225490057,110.45365905761719,31324000.0
2022.06.13,00:00,106.50697049719435,108.26397875434289,105.65652026781254,105.94245147705078,36756000.0
2022.06.14,00:00,105.95582000293143,107.50961790532273,105.42251992903239,106.25716400146484,25480000.0
2022.06.15,00:00,107.947761297908,111.08361911860895,107.17383823992468,109.42573547363281,33192000.0
2022.06.16,00:00,107.20430950132291,108.33533641404719,104.86791417451977,105.70404052734375,35314000.0
2022.06.17,00:00,105.60392845667421,108.2946976251783,104.70539454188324,106.92279815673828,43516000.0
2022.06.21,00:00,108.7432448960006,111.68827245888832,108.33831438297412,111.03602600097656,39010000.0
2022.06.22,00:00,110.191480562353,112.77519949441772,109.75660923316755,111.05486297607422,23922000.0
2022.06.23,00:00,111.96285912055217,112.20721049624011,110.05865025230416,111.6996841430664,24710000.0
2022.06.24,00:00,112.61015411373832,117.60065480888689,112.61015411373832,117.50202941894531,39122000.0
2022.06.27,00:00,117.89554575477695,118.20779518098458,114.98694023209232,115.60325622558594,32840000.0
2022.06.28,00:00,115.3341253352535,116.82646850636334,111.4612736345962,111.58766174316406,28232000.0
2022.06.29,00:00,111.16835570538423,112.67110518961518,110.57905374866324,111.2754135131836,18628000.0
2022.06.30,00:00,109.53376765338862,110.35681805344817,106.37214391042723,108.41661834716797,38046000.0
2022.07.01,00:00,107.39016932891914,108.84668040612429,106.16894191565952,108.12767028808594,31028000.0
2022.07.05,00:00,106.57486597061106,113.05581898669575,105.32091465107848,112.89167022705078,36398000.0
2022.07.06,00:00,113.094876897038,115.33511980725181,111.26947165706461,114.20657348632812,28852000.0
2022.07.07,00:00,114.99412509887264,118.81443850513011,114.52426113420195,118.26329803466797,32184000.0
2022.07.08,00:00,116.5226633805522,119.38244419762943,116.48697492046105,119.11827850341797,29082000.0
2022.07.11,00:00,117.61305175003365,117.75628960845495,115.21865776030408,115.50414276123047,26718000.0
2022.07.12,00:00,115.81735624349938,116.81952188218604,113.61328609564177,113.84574127197266,24970000.0
2022.07.13,00:00,111.6545655420108,114.1505566644243,110.84569528577522,111.20651245117188,38958000.0
2022.07.14,00:00,109.85740938629277,111.0087648084066,108.37002737400046,110.46604919433594,32366000.0
2022.07.15,00:00,111.97573453570028,113.00417314535842,110.84520682412304,111.78144836425781,34330000.0
2022.07.18,00:00,112.44857244209587,113.79668707417552,108.34475534708503,108.94942474365234,33354000.0
2022.07.19,00:00,110.75351402116091,113.80658992512305,109.53426055346856,113.61825561523438,30992300.0
2022.07.20,00:00,113.06314195614918,115.3133069639686,112.27013829194637,113.69754791259766,26780100.0
2022.07.21,00:00,114.0841501547198,114.2031041194054,110.93194949907256,114.03459167480469,27267800.0
2022.07.22,00:00,110.8328009141934,112.19083011533216,106.65959636570237,107.41295623779297,44455300.0
2022.07.25,00:00,107.92842485010071,109.6135719931085,106.0747728243234,107.2642822265625,28289900.0
2022.07.26,00:00,106.49110740331565,106.79839571396627,103.84444389248894,104.51850128173828,36626600.0
2022.07.27,00:00,108.64213621159618,113.40018906401737,107.47244865986777,112.607177734375,41474600.0
2022.07.28,00:00,111.81416692091813,113.69755547537365,110.87345579677698,113.58851623535156,23303800.0
2022.07.29,00:00,112.40892408426146,115.87833527474658,112.24041164148979,115.62060546875,31336200.0
2022.08.01,00:00,114.52031501408901,116.09642301314646,113.6876598921091,114.47075653076172,22856200.0
2022.08.02,00:00,113.42992339110344,116.05676485981884,113.26141094481602,114.88707733154297,17911000.0
2022.08.03,00:00,115.32322749623319,118.37631124242762,115.13489316910209,117.74190521240234,25302800.0
2022.08.04,00:00,117.26610524151326,118.45561466494495,116.6812576883792,117.83112335205078,15757700.0
2022.08.05,00:00,115.90807135513276,117.82120410552957,115.68999287124562,117.18679809570312,15615700.0
2022.08.08,00:00,118.07893664804281,119.80372755457819,116.80020987782504,117.10749816894531,17061100.0
2022.08.09,00:00,116.95880657942975,117.16697034540468,115.54130397641516,116.47309112548828,15424300.0
2022.08.10,00:00,118.54480196831037,120.71566419488914,118.31681636073796,119.59554290771484,20497000.0
2022.08.11,00:00,121.01307788925934,121.27080016182333,118.50519015378502,118.7728271484375,16671600.0
2022.08.12,00:00,120.1011185443355,121.57809448242188,119.34775849235072,121.57809448242188,16121100.0
2022.08.15,00:00,121.14192580458801,122.18275219149204,120.50751978906892,121.80606842041016,15525000.0
2022.08.16,00:00,121.250951043926,122.15101248928028,120.47281569590562,121.43929290771484,15626200.0
2022.08.17,00:00,119.87310964095225,121.08244842969269,119.14948628675452,119.26844024658203,17589200.0
2022.08.18,00:00,119.17922731035603,120.62646641792479,118.50517001451564,119.80371856689453,15652000.0
2022.08.19,00:00,118.82239038262048,118.95125151585124,116.64161290053308,117.08768463134766,20187000.0
2022.08.22,00:00,115.08532803095609,115.48183369352006,113.66782539212353,114.0643310546875,19316000.0
2022.08.23,00:00,113.32088076129634,114.91681049956001,113.30105888226727,113.7669448852539,14390700.0
2022.08.24,00:00,113.4497328495251,114.70566545784403,112.78559029554242,113.69754791259766,16051200.0
2022.08.25,00:00,114.14363903487894,116.75065122054008,114.04451450528394,116.67134857177734,14874700.0
2022.08.26,00:00,114.79784091878444,115.58093738142375,110.24796024765865,110.32726287841797,31698700.0
2022.08.29,00:00,109.81182073286261,110.98150825231131,108.85029698008914,109.37566375732422,20386100.0
2022.08.30,00:00,110.05963145521252,110.39666389459045,107.84912519007679,108.94942474365234,20548200.0
2022.08.31,00:00,110.65437361689152,110.79314944014202,108.09692804362133,108.19605255126953,25898000.0
2022.09.01,00:00,108.24562430022252,110.24797438879705,107.24445681865134,109.58383178710938,22784400.0
2022.09.02,00:00,110.36692752177106,110.69900640559354,107.18498259673446,107.73017883300781,20618100.0
2022.09.06,00:00,107.1899389855295,107.92842309870538,105.57914093299841,106.54066467285156,20565100.0
2022.09.07,00:00,106.8182206305124,110.01998742171664,106.67448364033939,109.51445007324219,22987200.0
2022.09.08,00:00,108.22579898828928,109.61356490969939,107.11558473861801,108.46369934082031,21660700.0
2022.09.09,00:00,109.08820157404084,111.02115617885408,109.03863553280313,110.8030776977539,21732900.0
2022.09.12,00:00,111.01124223686158,111.65556296389158,109.9605087071523,110.89229583740234,19732900.0
2022.09.13,00:00,107.93833154598086,108.41413980912984,104.08232965244561,104.38961791992188,33015000.0
2022.09.14,00:00,104.51849042645514,105.17271830420144,103.58670330678432,104.94473266601562,22115800.0
2022.09.15,00:00,104.09224286188969,105.28175215842226,102.40709586863359,102.991943359375,26494900.0
2022.09.16,00:00,102.07007632088461,103.12080983960833,100.96482318207336,102.72430419921875,64540100.0
2022.09.19,00:00,101.64384174535034,103.11090289388399,101.47532929336089,102.94239044189453,19738600.0
2022.09.20,00:00,101.98087480687359,102.26834125175911,100.2362618184002,100.94005584716797,24001700.0
2022.09.21,00:00,101.34646229170745,102.58553780531842,99.11612636720771,99.13595581054688,26596800.0
2022.09.22,00:00,98.58084850319311,100.79136262926086,98.5412047404743,99.6910629272461,21272700.0
2022.09.23,00:00,99.1855047673484,99.23507080821905,97.15342565782426,98.30328369140625,25657000.0
2022.09.26,00:00,97.74818497353722,99.56219325237977,97.52019176251478,97.9464340209961,22437900.0
2022.09.27,00:00,99.03682820271315,99.58201687412073,96.48928176573014,97.23272705078125,24225000.0
2022.09.28,00:00,97.16333636760619,100.51380119723433,96.94526544286548,99.85956573486328,24617000.0
2022.09.29,00:00,98.43215876585425,98.43215876585425,95.67644855658291,97.23272705078125,21921500.0
2022.09.30,00:00,96.87587793113846,98.62446113883124,95.19073078810577,95.30968475341797,26277800.0
2022.10.03,00:00,96.37032853486774,99.09629438698964,96.17207193526565,98.4321517944336,24840000.0
2022.10.04,00:00,100.1569470936632,101.82226479119078,100.1569470936632,101.51497650146484,22580900.0
2022.10.05,00:00,99.81001009648504,101.84208933814455,98.868308197721,101.3266372680664,18475500.0
2022.10.06,00:00,100.61292787647545,102.82344183623366,100.61292787647545,101.3464584350586,17156200.0
2022.10.07,00:00,99.77034621605222,100.53361328509622,98.342929028243,98.69978332519531,24249900.0
2022.10.10,00:00,98.97734917535044,99.11612502597963,97.01465782347097,97.8473129272461,16529900.0
2022.10.11,00:00,97.39133377063263,99.24499343113513,96.4000733760206,97.19308471679688,21617700.0
2022.10.12,00:00,97.41115091749141,98.77711360406128,96.81639622216805,97.4408950805664,17343400.0
2022.10.13,00:00,95.0916066883372,99.65140283424081,94.43737122028226,98.83856964111328,32812200.0
2022.10.14,00:00,99.74557244089672,100.40476147933643,96.1819902825389,96.33068084716797,22624800.0
2022.10.17,00:00,98.6502330882516,100.88056902008093,98.64032592926621,99.89922332763672,23311600.0
2022.10.18,00:00,103.03160802724919,103.30915972822098,99.7703604153974,100.50389099121094,21610500.0
2022.10.19,00:00,99.81991072144835,100.77052900077092,98.76422362834491,99.41349792480469,21573700.0
2022.10.20,00:00,99.93886410236215,102.09981187960416,99.09629435182123,99.65139770507812,25125100.0
2022.10.21,00:00,97.59948367080537,100.73186970256968,97.37149804757736,100.59309387207031,28988700.0
2022.10.24,00:00,101.1977771985916,102.19895238537546,99.42342762218934,102.0700912475586,24680800.0
2022.10.25,00:00,102.39720297259052,104.18146716589473,102.1196437062076,104.01295471191406,29910200.0
2022.10.26,00:00,95.9143577012564,97.678799989971,93.74349502148996,93.9913101196289,71504300.0
2022.10.27,00:00,93.48575703549861,94.33824150364586,91.09682363073505,91.79070281982422,54036500.0
2022.10.28,00:00,91.72131643566924,96.01347544736973,91.5161248228803,95.73592376708984,35696900.0
2022.10.31,00:00,94.94290932085073,95.50792738337242,93.55514340296992,93.83270263671875,29868700.0
2022.11.01,00:00,94.7545721637579,95.32455139624557,89.63967274773212,89.70906066894531,43220600.0
2022.11.02,00:00,90.11548780399536,90.5020787601684,86.24957067954819,86.30904388427734,43553600.0
2022.11.03,00:00,85.59037413154081,85.79358431359609,82.72067125020101,82.76032257080078,48510400.0
2022.11.04,00:00,84.76267371074536,85.9720125344355,83.14691451793607,85.94226837158203,40173300.0
2022.11.07,00:00,86.57668775327569,88.16271059087127,86.20001148884131,87.875244140625,26899900.0
2022.11.08,00:00,88.38077253505776,89.61488677619667,86.88396735506481,88.1329574584961,30172000.0
2022.11.09,00:00,87.77115165204944,88.70789244193911,86.59651048006376,86.63616180419922,26743900.0
2022.11.10,00:00,91.53296913594703,93.72366097429654,90.84900469652115,93.34697723388672,42371200.0
2022.11.11,00:00,93.88226297739193,96.50910430933152,93.33707434495811,95.88461303710938,30569100.0
2022.11.14,00:00,94.66536047479416,96.33067811340389,94.28174170277006,95.19072723388672,24170100.0
2022.11.15,00:00,97.8076498423476,99.54235532932894,96.17206887065062,97.85721588134766,31831000.0
2022.11.16,00:00,97.16333889449542,98.9773472007372,97.04637392103429,98.12486267089844,24660200.0
2022.11.17,00:00,96.33068153230819,98.61058337225928,96.25137888891315,97.63914489746094,21818700.0
2022.11.18,00:00,98.14469858156274,98.29338916056004,95.89453314077225,96.94527435302734,24969900.0
2022.11.21,00:00,96.70736128700588,97.8572269702075,94.83387975378652,94.99248504638672,18696900.0
2022.11.22,00:00,95.31959734153253,96.69545960633542,93.58489175714192,96.4793701171875,18868900.0
2022.11.23,00:00,96.48927600203007,98.20316896890091,96.48927600203007,97.95634460449219,17568900.0
2022.11.25,00:00,97.60444736811567,98.07530208760429,96.67762135490064,96.74700927734375,8567800.0
2022.11.28,00:00,96.35051553594191,96.97501447786541,95.0519667284914,95.40882110595703,19974500.0
2022.11.29,00:00,95.16099173173183,95.5475826556247,93.56506199454695,94.60588836669922,20220000.0
2022.11.30,00:00,94.28868968907493,100.56336212158203,93.84261798223852,100.56336212158203,39888100.0
2022.12.01,00:00,100.51379801621945,101.69339265502592,99.79017465462356,100.39484405517578,21771500.0
2022.12.02,00:00,98.50154465700733,100.26598688707821,98.30328804745554,99.94878387451172,18821500.0
2022.12.05,00:00,98.94265750047664,100.86074392056751,98.48667863204723,98.99717712402344,19955500.0
2022.12.06,00:00,98.79891632956335,99.33419782099712,95.914352671117,96.45954132080078,20877600.0
2022.12.07,00:00,95.92425727904724,96.45953875624959,94.1945128708793,94.31842041015625,26647900.0
2022.12.08,00:00,94.8537046929061,95.032131857251,92.98022324864279,93.12890625,25593200.0
2022.12.09,00:00,93.07935501992942,93.66419503806131,92.20704100954039,92.25660705566406,21885300.0
2022.12.12,00:00,92.27642361877358,93.05456663431485,91.09682892871942,92.74231719970703,27380900.0
2022.12.13,00:00,97.21289766792911,98.92778132068837,94.54640503127514,95.01229858398438,34788500.0
2022.12.14,00:00,94.70500582088489,96.37032335444273,93.11899092290493,94.47701263427734,26452900.0
2022.12.15,00:00,92.72249194173223,93.20820738464596,89.63967171819472,90.40293884277344,28298800.0
2022.12.16,00:00,90.40294286499068,90.94813909445821,89.22334816543183,90.06591796875,48485500.0
2022.12.19,00:00,90.08573332228431,90.40293631570829,88.14782518386009,88.37085723876953,23020500.0
2022.12.20,00:00,87.9545436967806,88.99536263923198,87.2705715612289,88.84667205810547,21976800.0
2022.12.21,00:00,88.94578305847874,90.12042400162278,88.13294997884843,89.46123504638672,20336400.0
2022.12.22,00:00,88.15279013240327,88.4006052393129,86.18018399896332,87.4886474609375,23656100.0
2022.12.23,00:00,86.85423052690912,89.31255184479825,86.85423052690912,89.02508544921875,17815000.0
2022.12.27,00:00,88.52945845687648,88.71780034135749,86.76997740530744,87.1615219116211,15470900.0
2022.12.28,00:00,86.73527253731199,87.74635467243779,85.6151511688363,85.70436096191406,17879600.0
2022.12.29,00:00,86.26938185025595,88.58397372045931,86.22973053112013,88.17259979248047,18280700.0
2022.12.30,00:00,86.60146809241908,88.05366860097912,86.26939674537702,87.95454406738281,19190300.0
2023.01.03,00:00,89.04492246254179,90.74989153981103,88.24199640567358,88.91605377197266,20738500.0
2023.01.04,00:00,90.21461737409673,90.44260304677648,87.03267217709055,87.9347152709961,27046500.0
2023.01.05,00:00,87.30029145831648,87.43906729075256,85.80348633679509,86.01165008544922,23136100.0
2023.01.06,00:00,86.59650740864384,87.6968070355479,84.82215042077799,87.38951873779297,26612600.0
2023.01.09,00:00,88.4154626449257,90.03617536194864,87.80583967461496,88.02391815185547,22996700.0
2023.01.10,00:00,85.96210992890943,88.69302982534067,85.94228048421238,88.4600830078125,22855600.0
2023.01.11,00:00,89.27290463966756,91.64201626952446,88.95570163039389,91.45368194580078,25998800.0
2023.01.12,00:00,91.59245064521109,91.81052911508529,89.77844253240194,91.10673522949219,22754200.0
2023.01.13,00:00,90.72808152403863,92.16739506953238,90.13530822995904,91.98896789550781,18630700.0
2023.01.17,00:00,91.96913745155635,92.157479345065,90.0460898816327,91.35456085205078,22935800.0
2023.01.18,00:00,92.12773267932215,92.77006437847754,90.60119094331283,90.97786712646484,19641600.0
2023.01.19,00:00,90.59129100162534,93.57498704342282,90.58137627966512,93.08927154541016,28707700.0
2023.01.20,00:00,95.1114243295209,98.5510988373198,95.07178057205667,98.41232299804688,53704800.0
2023.01.23,00:00,98.26363893197171,100.51380423393276,97.88696270943991,100.3254623413086,31791800.0
2023.01.24,00:00,98.6799660900805,100.20650029998431,97.83738878320011,98.34293365478516,27391400.0
2023.01.25,00:00,96.35049902975486,96.86595862566303,94.42944060412903,95.88461303710938,31000900.0
2023.01.26,00:00,97.42106678205593,98.34293921757886,95.97382756678526,98.29338073730469,24542100.0
2023.01.27,00:00,98.1843381492177,100.69222555971872,98.10503550822004,99.82982635498047,29020400.0
2023.01.30,00:00,97.88200609103939,98.54019685348891,96.66770611078012,97.09394836425781,24365100.0
2023.01.31,00:00,97.00474163761426,99.0368284468499,96.9353537133471,98.99717712402344,22306800.0
2023.02.01,00:00,98.86831598945277,101.29690864982399,97.55985248705612,100.54354858398438,26392600.0
2023.02.02,00:00,105.85669330914007,107.86895060247916,105.6088782225177,107.84912872314453,46622600.0
2023.02.03,00:00,102.60536075130584,107.07593947616452,102.39719698572691,104.3004150390625,36823400.0
2023.02.06,00:00,101.78756138089861,103.78495027833009,101.31671425142534,102.56570434570312,25573000.0
2023.02.07,00:00,102.72430990704285,107.72026310303056,102.6430258302971,107.09577178955078,33738800.0
2023.02.08,00:00,101.79253042910247,102.6747515587043,97.59454213182441,99.12603759765625,73546000.0
2023.02.09,00:00,99.66132182539029,99.73070975109178,93.03970203082538,94.62571716308594,97798600.0
2023.02.10,00:00,94.90326649326386,96.17207856735138,93.70384234314311,94.03096008300781,49325300.0
2023.02.13,00:00,94.17964586097514,94.51667074232031,93.22803685382179,94.16973114013672,43116600.0
2023.02.14,00:00,93.83271173661112,94.34321023020831,91.84027624387532,94.12017059326172,42513100.0
2023.02.15,00:00,93.91200582989572,96.48928129290009,93.53532960989361,96.25138092041016,36964500.0
2023.02.16,00:00,94.70501649927482,97.02456213109988,94.13999839182642,94.94291687011719,35642100.0
2023.02.17,00:00,94.23911392305818,94.91317121171792,92.6332695570029,93.7633056640625,31095100.0
2023.02.21,00:00,92.42510080591089,92.59857436951702,91.19594025052925,91.2455062866211,28367200.0
2023.02.22,00:00,91.13051989855494,91.55279925466432,90.07582356811066,90.99769592285156,29891100.0
2023.02.23,00:00,91.32481190374311,91.32481190374311,89.22334483453814,90.27407836914062,32423700.0
2023.02.24,00:00,88.8466587320212,89.34228888629208,88.08339162203906,88.56910705566406,31295600.0
2023.02.27,00:00,89.30263868499165,89.65949300555377,88.82683796605286,89.31255340576172,22724300.0
2023.02.28,00:00,88.7574584486373,90.65076190829085,88.73762900521992,89.51081848144531,30546900.0
2023.03.01,00:00,89.37204686215878,90.40295108719548,89.0647509763663,89.71898651123047,26323900.0
2023.03.02,00:00,89.07465760706769,91.67176250353135,88.98544024100104,91.50324249267578,23328600.0
2023.03.03,00:00,91.92947601868929,93.28750532145524,91.85018094415247,93.19828796386719,30242500.0
2023.03.06,00:00,93.53532820361315,95.45837572267853,93.47585500206395,94.74466705322266,28288200.0
2023.03.07,00:00,94.5860525637282,95.25019512547149,93.02382995746584,93.34697723388672,24101500.0
2023.03.08,00:00,93.57992293935655,95.39888459540394,93.57992293935655,93.82278442382812,25395200.0
2023.03.09,00:00,93.66419771246166,95.08170045710106,91.54786209891228,91.8501968383789,24438900.0
2023.03.10,00:00,91.69158305364057,92.36564039913816,90.0064434712548,90.21460723876953,32850100.0
2023.03.13,00:00,89.77348606340017,92.26650496219763,89.15394841334682,90.85891723632812,31508600.0
2023.03.14,00:00,92.2565973145623,94.00121758841422,91.9691309153747,93.42628479003906,32303900.0
2023.03.15,00:00,92.72248878544168,96.40006356774973,92.2268586385638,95.70618438720703,38367300.0
2023.03.16,00:00,95.72600477303536,101.07881178840482,95.03212560331085,100.18667602539062,54499500.0
2023.03.17,00:00,99.95869251931546,102.58553402388534,99.86948271572791,101.56453704833984,76140300.0
2023.03.20,00:00,100.17677007135657,101.68349006134584,99.9091331003897,101.03916931152344,26033900.0
2023.03.21,00:00,101.08874259028913,105.03395489042475,100.9697886153917,104.91500091552734,33122800.0
2023.03.22,00:00,104.22110836575092,106.57039802251852,103.29923597514247,103.30915069580078,32336900.0
2023.03.23,00:00,104.96456028513902,106.16497514472252,104.48875954125111,105.33132934570312,31385800.0
2023.03.24,00:00,104.8158764914753,105.23221162268278,103.82461605446909,105.1330795288086,25236200.0
2023.03.27,00:00,104.39952915053794,104.47883178553123,101.73303665993447,102.1592788696289,25393400.0
2023.03.28,00:00,102.09981025870542,102.09981025870542,99.40358104960605,100.4741439819336,24913500.0
2023.03.29,00:00,101.82225541531703,101.92137992906409,100.14702315094382,101.0094223022461,26148300.0
2023.03.30,00:00,100.55344797799117,100.72196041515589,99.41349711221838,100.43449401855469,25009800.0
2023.03.31,00:00,100.82109252996227,103.27942160453397,100.55345555445932,103.09107971191406,28108000.0
2023.04.03,00:00,101.77269730842954,104.03276967394318,101.4852309022593,103.99312591552734,20719900.0
2023.04.04,00:00,103.92372707695291,105.17271718278973,103.685826720556,104.20128631591797,20377200.0
2023.04.05,00:00,105.19254857927487,105.60887610138671,103.19217991608376,104.03276824951172,21864200.0
2023.04.06,00:00,104.84560019078181,108.67186561172926,103.89895233761352,107.94824981689453,34684200.0
2023.04.10,00:00,106.45143861128447,107.02637137656859,104.6770818401104,106.0152816772461,19741500.0
2023.04.11,00:00,105.9855620854032,106.28294323591209,104.35989560477944,105.19255828857422,18721300.0
2023.04.12,00:00,106.45144817942773,106.64672507646728,104.05259995203288,104.3004150390625,22761600.0
2023.04.13,00:00,105.53949202570777,107.31880256168554,105.50975542486168,107.24446105957031,21650700.0
2023.04.14,00:00,106.7488294428189,108.62231089809501,106.64969735770971,108.50335693359375,20758700.0
2023.04.17,00:00,104.50856841095069,105.7773803203206,104.39952917848463,105.48991394042969,29043400.0
2023.04.18,00:00,106.06485297267317,106.11441901316735,103.86425387853268,104.20128631591797,17641400.0
2023.04.19,00:00,103.30417757463354,104.80098258639472,102.89281124896628,104.10214233398438,16732000.0
2023.04.20,00:00,103.73539661467376,105.95383623820902,103.7254818936634,104.97447204589844,22515300.0
2023.04.21,00:00,105.16280222425164,105.7079984175904,104.56309397429494,104.98438262939453,22379000.0
2023.04.24,00:00,105.12315547265155,106.38205269770543,104.4391834609859,105.84677124023438,21410900.0
2023.04.25,00:00,105.67825255473922,106.50100035157749,103.6461660806621,103.69573211669922,31408100.0
2023.04.26,00:00,104.63744718976871,106.0846864909426,102.36745992750103,103.53714752197266,37068200.0
2023.04.27,00:00,104.31032532436318,108.1960639086968,103.50739933388414,107.42288208007812,38235200.0
2023.04.28,00:00,106.85786529160453,107.34358072980093,105.11324501459067,107.2741928100586,23957900.0
2023.05.01,00:00,106.77856859091963,107.73017764148547,106.5604900988223,106.7686538696289,20926300.0
2023.05.02,00:00,106.7190973620145,106.78848528689979,103.5867108952689,105.05377960205078,20343100.0
2023.05.03,00:00,105.29168281783824,107.18498628374654,104.69692807953729,105.19255828857422,17116300.0
2023.05.04,00:00,105.23220636126914,105.37098221049412,103.78495954040879,104.2905044555664,19780600.0
2023.05.05,00:00,104.39953797598555,105.50975227159712,103.82361445193798,105.28671264648438,20710600.0
2023.05.08,00:00,104.87038281844224,107.47244113559259,104.86542923946352,107.29401397705078,17266000.0
2023.05.09,00:00,107.82930580714213,109.6284458649774,106.78352577579433,106.99665069580078,24782400.0
2023.05.10,00:00,107.60130934487245,112.51795955983513,107.53192142589435,111.2987060546875,47533500.0
2023.05.11,00:00,114.84742995659647,117.40488359045628,113.92555748684312,115.87834167480469,57115100.0
2023.05.12,00:00,115.97746184170428,117.22645200986784,115.5313977058612,116.88941955566406,31293800.0
2023.05.15,00:00,115.47191161913969,117.75676694064647,115.46200446117591,115.93780517578125,22107900.0
2023.05.16,00:00,115.8089551966483,120.14075833628856,115.8089551966483,119.04045867919922,32370100.0
2023.05.17,00:00,119.12966302964531,121.21130814488535,118.41595440437081,120.41830444335938,26659600.0
2023.05.18,00:00,120.49759106302464,122.8171439323793,120.42820314947684,122.44046020507812,27014500.0
2023.05.19,00:00,123.11453828519082,125.37362006448755,121.64747713271785,122.17284393310547,30268900.0
2023.05.22,00:00,122.43057568775541,125.93963845617114,122.37109492034716,124.76995086669922,29760200.0
2023.05.23,00:00,123.83815259361351,124.32386803486708,121.97458590686387,122.21248626708984,24477900.0
2023.05.24,00:00,120.8148046552801,121.67720385323314,119.69468322018656,120.576904296875,23087900.0
2023.05.25,00:00,124.11570623796197,124.87898093472371,121.82589727310922,123.26322174072266,33812700.0
2023.05.26,00:00,122.98071775046859,124.89880410776867,122.21248946662755,124.33378601074219,25154700.0
2023.05.30,00:00,125.18626306059933,125.27547285668763,121.81597655858391,123.5506820678711,27230700.0
2023.05.31,00:00,122.61890399568163,123.80842097005295,122.02414928985417,122.29179382324219,41548800.0
2023.06.01,00:00,122.42065889945205,123.9472008167364,122.2224098453493,123.2830581665039,25017700.0
2023.06.02,00:00,123.40200567851913,125.63730273152761,123.26322982686162,124.13554382324219,19367500.0
2023.06.05,00:00,123.52094249997381,126.87139948050951,123.29294931092446,125.52328491210938,22672500.0
2023.06.06,00:00,125.49355806425233,127.75363800172934,124.86906676997882,126.7921142578125,19450100.0
2023.06.07,00:00,126.46003335664938,128.41777855519717,121.55825133575857,121.86554718017578,34179300.0
2023.06.08,00:00,121.51365179592423,122.64864915700255,120.94368010710224,121.59790802001953,24815000.0
2023.06.09,00:00,121.4888619960866,123.19879209258669,121.35008615676428,121.79615783691406,20304500.0
2023.06.12,00:00,122.31656630116841,123.65972738918312,121.28070106113655,123.26322174072266,22255700.0
2023.06.13,00:00,124.55185276123949,124.76001650761117,122.76262769546865,123.34251403808594,19287700.0
2023.06.14,00:00,122.71803585822775,123.69938149918744,121.0923694693327,123.29296112060547,24659600.0
2023.06.15,00:00,122.79732485319806,125.0574047195441,122.06379433913057,124.69063568115234,24517100.0
2023.06.16,00:00,125.59268044322187,125.59268044322187,122.70811682340506,122.97575378417969,56699200.0
2023.06.20,00:00,122.45535912478051,124.08102560205782,121.75651871642499,122.7676010131836,22698000.0
2023.06.21,00:00,122.15797891302455,122.33145251224933,119.80373540686544,120.20024108886719,22612000.0
2023.06.22,00:00,119.60546993502844,122.85184132683017,118.55472888749837,122.78741455078125,20781900.0
2023.06.23,00:00,120.97342375032582,122.36118986447458,120.79499657046789,121.94485473632812,29573100.0
2023.06.26,00:00,120.40443600328874,121.64747433450019,117.95006981105865,118.0491943359375,23185000.0
2023.06.27,00:00,116.81013673446917,118.8471774175719,115.88827170565015,117.96991729736328,27221700.0
2023.06.28,00:00,116.92906979972042,120.21013913313531,116.57221546924865,120.02180480957031,19753100.0
2023.06.29,00:00,119.04044619965106,119.85328690860845,118.16813985527747,118.96115112304688,18517500.0
2023.06.30,00:00,120.04162662558682,120.9634990516996,119.82354813900069,119.91276550292969,23871800.0
2023.07.03,00:00,119.2684548994779,119.96233417692929,118.65883185123725,119.50635528564453,13888300.0
2023.07.05,00:00,119.0107191745893,122.29179618528852,119.0107191745893,121.55825805664062,17830300.0
2023.07.06,00:00,119.58564912785926,120.09119402860756,118.20779783360021,119.87311553955078,17732500.0
2023.07.07,00:00,119.83346449720223,120.68594901311299,119.04045318291247,119.09001922607422,20997700.0
2023.07.10,00:00,118.029348767253,118.029348767253,115.6205862388309,115.84857940673828,32960100.0
2023.07.11,00:00,115.73955724562396,117.1917499863888,114.81768484420216,116.6812515258789,18286600.0
2023.07.12,00:00,118.25735146422069,119.90283955515397,117.95997036259011,118.57455444335938,22059600.0
2023.07.13,00:00,120.47778896254565,124.23962033548773,120.00198064674555,123.7390365600586,31535900.0
2023.07.14,00:00,124.03640706392649,125.97927647671978,123.80842141452044,124.60142517089844,20499800.0
2023.07.17,00:00,124.95827848684898,126.16761733536083,123.4119147462424,123.9670181274414,20675300.0
2023.07.18,00:00,123.81336932120813,123.89762554106025,122.22240073936709,122.9955825805664,21045800.0
2023.07.19,00:00,123.69937503867098,124.37343235223162,121.39965142111987,121.70693969726562,22313800.0
2023.07.20,00:00,121.05271207487644,123.61015793324675,117.64772775907899,118.48534393310547,27541700.0
2023.07.21,00:00,119.81364059882225,120.23988284959584,118.02936895309175,119.25852966308594,56514600.0
2023.07.24,00:00,120.86041488691326,122.27196566691242,120.31918151935425,120.81481170654297,22276100.0
2023.07.25,00:00,120.81482251743957,122.60900909825948,120.4678828679055,121.71687316894531,31820800.0
2023.07.26,00:00,129.22070419451614,130.22187173666762,127.58513061195944,128.52682495117188,46216900.0
2023.07.27,00:00,130.64809484805724,132.4323661984949,128.05098288919743,128.73495483398438,35931600.0
2023.07.28,00:00,129.82538473841163,132.8982982402,129.7758186899116,131.84754943847656,26971000.0
2023.07.31,00:00,131.8475384434933,132.66037921989317,130.9752395894599,131.94667053222656,18381900.0
2023.08.01,00:00,129.71136190894757,131.75831684200816,129.60728381289942,130.73731994628906,22154300.0
2023.08.02,00:00,128.70524121569568,129.28017403822267,126.73263522140212,127.51573181152344,22705800.0
2023.08.03,00:00,127.24809430371253,128.63586795637696,126.65830071099778,127.64460754394531,15018100.0
2023.08.04,00:00,128.46736718527407,130.77699084591592,127.19359380934713,127.41661834716797,20521900.0
2023.08.07,00:00,128.37809523000692,130.9058116109855,128.29879260379013,130.786865234375,17621000.0
2023.08.08,00:00,129.83527490327583,130.7868914834383,128.99271269079944,130.68775939941406,16836000.0
2023.08.09,00:00,131.03469153585635,131.31224318876477,128.3731602523479,129.01251220703125,17745200.0
2023.08.10,00:00,130.816649783184,131.48773507973087,128.89856313006237,129.07203674316406,17855700.0
2023.08.11,00:00,128.07282152951012,129.30000843355853,127.62477594477717,129.03236389160156,15205500.0
2023.08.14,00:00,128.71516514703526,130.7571590899967,128.45742777045336,130.6778564453125,17526200.0
2023.08.15,00:00,130.43994073101433,130.83645393078487,128.68442259185096,129.13148498535156,14769200.0
2023.08.16,00:00,128.1501103099554,129.75396547313838,127.33728485644117,127.98159790039062,17548400.0
2023.08.17,00:00,129.30988667794543,131.3330490561638,128.71513964878162,129.31980895996094,23665600.0
2023.08.18,00:00,127.9320583823518,128.69533308716038,125.89006448091948,126.99036407470703,23627200.0
2023.08.21,00:00,126.73263668761777,128.1303098755545,126.04867217552805,127.80319213867188,21851100.0
2023.08.22,00:00,128.00146092438217,129.80554699606782,127.79825072632644,128.5565643310547,15557900.0
2023.08.23,00:00,129.7064167057348,132.89827609162649,129.36937670736575,132.04579162597656,26497000.0
2023.08.24,00:00,133.54953151806873,133.79040402007595,129.16122023000892,129.28016662597656,18680400.0
2023.08.25,00:00,129.00257922895645,130.2515614170498,126.92092712337318,129.5477752685547,20678100.0
2023.08.28,00:00,130.9256575406756,132.07552307751533,129.70641165055014,130.63818359375,16715500.0
2023.08.29,00:00,131.8356524007701,136.09509545592343,131.8178043893319,134.30587768554688,30803300.0
2023.08.30,00:00,134.3851616656101,136.05047165406486,133.8409486466764,135.73326110839844,21773400.0
2023.08.31,00:00,135.85224652802023,137.19043904873914,135.62426086160454,136.14962768554688,28147900.0
2023.09.01,00:00,137.22015994287773,137.36885806733497,134.75193140646954,135.6044158935547,16671600.0
2023.09.05,00:00,135.24755324670113,136.16941803478468,134.37523937162146,135.51519775390625,17730200.0
2023.09.06,00:00,135.8175169273174,136.27844929438618,133.51283996654297,134.1868896484375,15814300.0
2023.09.07,00:00,133.4236362237227,135.38632729130353,132.78923026625054,135.0096435546875,16976000.0
2023.09.08,00:00,134.6825223501463,136.31314966047125,134.6825223501463,136.0009002685547,17810700.0
2023.09.11,00:00,136.17933954854215,137.05561628167808,135.35659171654487,136.53619384765625,17180800.0
2023.09.12,00:00,135.9315318538116,136.437069169372,134.7420073753109,134.88079833984375,15212900.0
2023.09.13,00:00,134.71228658565744,136.49655838737772,133.75076275710356,136.29830932617188,16394900.0
2023.09.14,00:00,137.1804911574437,138.33035655822712,135.8621133466983,137.77525329589844,19064600.0
2023.09.15,00:00,137.58693876572636,138.14204213827068,135.98108672322883,137.09130859375,48958800.0
2023.09.18,00:00,136.4271965829125,138.70708378510233,136.4271965829125,137.74557495117188,16233600.0
2023.09.19,00:00,137.04173591447164,137.95865471330762,136.2982906925125,137.61666870117188,15479100.0
2023.09.20,00:00,137.61667613359884,137.62658329193792,133.34434644740185,133.41372680664062,21473500.0
2023.09.21,00:00,131.23294140821596,132.0259526182903,129.944300082524,130.21194458007812,22058400.0
2023.09.22,00:00,130.52917052997012,131.84754876103784,129.36939760311375,130.10293579101562,17348700.0
2023.09.25,00:00,129.62711889354506,131.06444336142113,128.8935807968085,131.01487731933594,14650000.0
2023.09.26,00:00,129.7698743529857,130.2565805806717,127.06968180632316,128.31866455078125,20378800.0
2023.09.27,00:00,128.30873096464686,130.56880315604653,128.24925776888864,130.3110809326172,18764200.0
2023.09.28,00:00,129.54781408996493,133.00730293848116,129.54781408996493,131.96649169921875,18201400.0
2023.09.29,00:00,132.90818386321752,133.71110229233557,130.17231085929086,130.6976776123047,23237300.0
2023.10.02,00:00,131.0000133020143,134.17700461054827,130.91080349860388,133.98866271972656,19210400.0
2023.10.03,00:00,133.75075387633277,134.0580572950464,131.65424788326965,132.135009765625,19628700.0
2023.10.04,00:00,132.49186559758178,135.37643692426926,132.26386482059846,135.0790557861328,22848000.0
2023.10.05,00:00,134.94028952947798,135.3070510548357,133.27992525518349,134.801513671875,15922900.0
2023.10.06,00:00,133.7606625989179,137.96955586279142,133.7606625989179,137.5175323486328,20826700.0
2023.10.09,00:00,136.7839948407885,138.74668572128058,135.50526076492162,138.28079223632812,16599100.0
2023.10.10,00:00,138.29076310235624,139.5100245504331,137.22019982195144,137.9834747314453,19554900.0
2023.10.11,00:00,138.62775593007828,140.97703794882742,138.617833647022,140.46157836914062,20146300.0
2023.10.12,00:00,140.91758635674947,141.13566486138083,138.23126393629965,139.0639190673828,18173100.0
2023.10.13,00:00,139.42076709849843,140.10473918421,136.7641965269364,137.36886596679688,19438700.0
2023.10.16,00:00,138.508793766824,139.67352761315328,138.10238855005858,139.2621612548828,17345600.0
2023.10.17,00:00,138.80621099351106,140.01555005178074,137.318337043203,139.75782775878906,17424000.0
2023.10.18,00:00,139.5199135251287,140.7490819739879,137.4927876445582,138.06275939941406,18304900.0
2023.10.19,00:00,138.57820638551172,139.77267697774047,137.38869693540158,137.76536560058594,21831200.0
2023.10.20,00:00,137.3787595900788,137.8248236942881,135.05425300627036,135.54493713378906,24970300.0
2023.10.23,00:00,135.03940583616657,137.80503094076985,133.92919898079168,136.69480895996094,20780700.0
2023.10.24,00:00,137.9437691883623,139.48022548030156,137.53734888767212,138.89537048339844,26535200.0
2023.10.25,00:00,128.6358633530218,128.96298109247005,124.98801730058946,125.56295013427734,58796100.0
2023.10.26,00:00,123.38218014319017,124.36352579733216,121.25096882341393,122.3611831665039,33907400.0
2023.10.27,00:00,122.94600918733391,123.35242952519297,120.39847061439922,122.32151794433594,37367700.0
2023.10.30,00:00,123.37226654367501,125.44400467983101,122.79733370563014,124.65099334716797,24165600.0
2023.10.31,00:00,125.16643404055745,125.45390043344618,122.8419350029773,124.20491790771484,21123400.0
2023.11.01,00:00,124.24456429420401,126.6235905635554,123.83319791852936,126.455078125,26536600.0
2023.11.02,00:00,128.4276916123772,128.9530584004685,126.99036709542112,127.45626068115234,24091700.0
2023.11.03,00:00,127.9617940500733,129.5874604076053,127.88249140757996,129.23060607910156,19529400.0
2023.11.06,00:00,129.0819319083161,130.41021722872426,128.79445791893266,130.30117797851562,15360400.0
2023.11.07,00:00,130.82653137191036,132.11517279894508,129.99387634229356,131.24285888671875,19223800.0
2023.11.08,00:00,131.20320872948116,132.37288857706253,131.0049597023999,132.0953369140625,15093600.0
2023.11.09,00:00,132.1944807262997,132.78924298577664,130.36064303077296,130.53907775878906,17976500.0
2023.11.10,00:00,130.38047909922955,133.0965380382454,129.72624360564106,132.88836669921875,20872900.0
2023.11.13,00:00,132.19447895572532,132.9379242073977,131.6096389878468,132.47203063964844,16409900.0
2023.11.14,00:00,134.46444687325533,136.04056216621103,133.91926583605587,134.24636840820312,22317300.0
2023.11.15,00:00,135.4458173457088,135.64406639607702,134.14726867154909,135.18809509277344,15840900.0
2023.11.16,00:00,135.76303995730643,137.66625823527463,134.89072590786648,137.48782348632812,17615100.0
2023.11.17,00:00,136.61550852713057,136.79392812970082,134.29594781568952,135.74319458007812,25565300.0
2023.11.20,00:00,134.31578181657258,137.21522146020882,134.30587465790438,136.71463012695312,19569400.0
2023.11.21,00:00,136.73447369013095,137.75050963685294,136.50152687119112,137.4085235595703,17648100.0
2023.11.22,00:00,137.88435250771514,139.86687366454532,137.7852203996992,138.7963104248047,17306400.0
2023.11.24,00:00,138.3204490772112,138.45626032314533,136.26854821829843,137.01199340820312,8828600.0
2023.11.27,00:00,136.3677050864526,138.4096991592382,136.3379533580507,136.843505859375,17886400.0
2023.11.28,00:00,136.4271853599198,137.44818244920475,135.8423301785714,137.4085235595703,17046900.0
2023.11.29,00:00,137.7703155720554,138.44932646818887,135.103822902957,135.20790100097656,21014700.0
2023.11.30,00:00,135.20790951512492,135.76302803219372,131.62945894536622,132.7495880126953,29913500.0
2023.12.01,00:00,132.1548614501953,132.3332810858324,130.99705474884635,132.1548614501953,24268000.0
2023.12.04,00:00,130.14657127174905,130.30119860304646,128.2691114141124,129.48837280273438,24117100.0
2023.12.05,00:00,129.23060580878834,132.3728992745303,128.5961997956012,131.2329559326172,19235100.0
2023.12.06,00:00,131.73846462968564,132.1448849112464,130.16236466023275,130.28131103515625,16360600.0
2023.12.07,00:00,135.40615263660638,138.7764313477363,135.03937606846594,137.23997497558594,38419400.0
2023.12.08,00:00,134.47436996544462,136.78400817708595,134.38516017250387,135.44580078125,23016100.0
2023.12.11,00:00,132.65046729061874,133.611975914673,131.7285872999396,133.52276611328125,24502900.0
2023.12.12,00:00,132.1052691556284,133.36415889148236,131.66911218791142,132.47203063964844,26584000.0
2023.12.13,00:00,133.3691202282659,133.6020670124811,131.7880587806967,132.7991485595703,25414500.0
2023.12.14,00:00,133.59215939707673,133.85484278046872,129.9145769041566,132.03587341308594,29619100.0
2023.12.15,00:00,131.75831518059928,133.6516259538092,131.470856353328,132.67027282714844,58594000.0
2023.12.18,00:00,132.69011372626323,137.17061483354962,132.6009039230718,135.9910125732422,25699800.0
2023.12.19,00:00,136.79393431671676,137.5572090549096,136.24873807515044,136.89306640625,20661000.0
2023.12.20,00:00,139.10359588363795,141.8275809853571,138.19163798556335,138.439453125,33507300.0
2023.12.21,00:00,139.53973296226616,140.78871564097312,139.24533152286742,140.56072998046875,18101500.0
2023.12.22,00:00,140.8878315607238,141.99803825880454,140.81347493772975,141.47267150878906,18513500.0
2023.12.26,00:00,141.73041329498474,142.6869911136923,141.25461251951418,141.5718231201172,11170100.0
2023.12.27,00:00,141.5817240246161,142.06744706329366,139.81826488481673,140.20387268066406,17288400.0
2023.12.28,00:00,140.6102678937165,141.02659536998868,139.59719680540556,140.0452423095703,12192500.0
2023.12.29,00:00,139.45050338575658,140.19890981487515,138.67732149724236,139.6983184814453,14881000.0
2024.01.02,00:00,138.37996040063405,139.3860891198697,136.53621541816787,138.34030151367188,20071900.0
2024.01.03,00:00,137.38867297492075,139.8569012502196,137.220145426611,139.13328552246094,18974300.0
2024.01.04,00:00,138.6277663308711,139.4058942121626,136.80383578715845,136.8335723876953,18253300.0
2024.01.05,00:00,137.14283738911672,137.59682718360355,135.65396564431214,136.18923950195312,15439500.0
2024.01.08,00:00,136.79393131688138,139.41085809357833,136.67498491239655,139.30181884765625,17645300.0
2024.01.09,00:00,138.83592080518676,141.55197958203743,138.56827627825632,141.31407165527344,19579700.0
2024.01.10,00:00,141.27441622899556,143.26188276132598,141.21494303357457,142.54322814941406,16641900.0
2024.01.11,00:00,143.6286830010192,145.37825703985988,140.97209720630954,142.4143829345703,17471100.0
2024.01.12,00:00,143.07853286547123,143.4750461294407,142.10710183825628,142.9794158935547,13998700.0
2024.01.16,00:00,142.17648763352983,144.56542909180067,141.80576322113657,142.82081604003906,19198900.0
2024.01.17,00:00,141.66101901714404,142.15664918783554,139.28198512256546,141.6411895751953,17884500.0
2024.01.18,00:00,142.18639792883513,144.3126557777763,142.09718812059714,143.7228546142578,18876800.0
2024.01.19,00:00,145.02634654147533,146.74618395211053,144.5257703213885,146.6768035888672,27181000.0
2024.01.22,00:00,147.41031233300615,148.70389964552194,146.29018345671795,146.41905212402344,21829200.0
2024.01.23,00:00,146.42896807050465,147.55900417155925,145.90360133824257,147.3805694580078,14113600.0
2024.01.24,00:00,148.97650715870722,150.24533428643957,148.53044303883223,149.03599548339844,19245000.0
2024.01.25,00:00,150.41385257580524,153.40744797476847,149.89839295312683,152.2972412109375,21495100.0
2024.01.26,00:00,151.5339651429379,152.7631334243533,151.4645847835353,152.4459228515625,19494500.0
2024.01.29,00:00,152.2972307859903,153.84359442274217,151.5835221651153,153.4867401123047,20909300.0
2024.01.30,00:00,152.66401918126252,153.68501625293163,151.43981189866818,151.71241760253906,26578900.0
2024.01.31,00:00,144.11935124295863,144.31760030102478,140.31291487652766,140.56072998046875,43908600.0
2024.02.01,00:00,142.43418408080373,143.3560488293971,141.01667409452162,141.46275329589844,25526900.0
2024.02.02,00:00,139.65868824249114,142.62256251903412,136.96245853032548,142.2855224609375,42136100.0
2024.02.05,00:00,142.78112429140046,145.38814367187132,142.6522707400995,143.66334533691406,29254400.0
2024.02.06,00:00,144.68437164885762,145.45755353484284,143.2569542822901,144.13917541503906,21517700.0
2024.02.07,00:00,144.8429526728496,145.7152665919054,143.9409172797519,145.39805603027344,21436100.0
2024.02.08,00:00,145.68553452243142,146.3199405399897,145.140338306069,145.933349609375,18241300.0
2024.02.09,00:00,146.65695469114576,149.3779744318704,146.14149511291956,148.90711975097656,21877700.0
2024.02.12,00:00,148.23306371426781,149.27389009021647,147.26163282191752,147.43014526367188,17236100.0
2024.02.13,00:00,144.7933780724571,146.74614666202615,143.84176166865603,145.0907440185547,18138500.0
2024.02.14,00:00,146.08202004908955,146.53800642504368,144.28288025252638,145.85403442382812,16651800.0
2024.02.15,00:00,143.19746641562028,143.49483239867624,140.64001308331868,142.6820068359375,26724300.0
2024.02.16,00:00,142.9496725290305,143.21730195343935,140.28317956599855,140.5210723876953,21865100.0
2024.02.20,00:00,139.70821667493294,142.07632969777012,139.5694408502944,140.9571990966797,18625600.0
2024.02.21,00:00,141.3933612105411,142.7216463131413,140.66974546441276,142.58287048339844,16440800.0
2024.02.22,00:00,144.84293808997796,144.9222407224017,142.75137842677196,144.04994201660156,23024700.0
2024.02.23,00:00,143.7030224304543,144.67941453648643,143.524587691947,144.0202178955078,14519400.0
2024.02.26,00:00,142.19630500779965,142.58289596871347,137.52747687410462,137.53738403320312,33513000.0
2024.02.27,00:00,138.19160777857735,139.26217076198412,137.28955723810049,138.87557983398438,22364000.0
2024.02.28,00:00,137.88433056642887,138.06275018194268,135.44582327637113,136.22891235351562,30628700.0
2024.02.29,00:00,137.14086988561976,138.72687730574705,136.36768805415343,138.55836486816406,35485000.0
2024.03.01,00:00,138.38984166740377,138.7764325530701,136.7691366323855,136.8732147216797,28551500.0
2024.03.04,00:00,135.34669113925463,135.43591607241564,131.69886005257868,133.0271453857422,43571500.0
2024.03.05,00:00,131.57992035043168,132.84873254312973,130.400317970009,132.61082458496094,28447600.0
2024.03.06,00:00,133.06676840396005,133.56239848053488,130.79677418300685,131.4014434814453,23175200.0
2024.03.07,00:00,132.71983701818613,134.63297720556133,131.50059112053717,134.05804443359375,24107300.0
2024.03.08,00:00,133.85482516585475,137.77029994331036,133.62187841309137,135.09884643554688,26495200.0
2024.03.11,00:00,135.87207114702375,138.756627433927,135.87207114702375,137.72572326660156,22536400.0
2024.03.12,00:00,137.04174317736917,139.0540004747491,137.00209941862028,138.39976501464844,19019700.0
2024.03.13,00:00,138.83590196801708,140.94729104595734,138.78633593265394,139.53970336914062,19637000.0
2024.03.14,00:00,141.05635717869322,143.46511267739785,140.2484775370133,143.07852172851562,36117900.0
2024.03.15,00:00,142.15665858409102,143.07852350230291,139.8965860663864,140.927490234375,41039500.0
2024.03.18,00:00,148.0645483454475,151.5934326452062,146.84530239366165,147.1823272705078,47676700.0
2024.03.19,00:00,147.6779613242896,148.3123673373286,145.72517724305058,146.62722778320312,17748400.0
2024.03.20,00:00,147.48962032713732,148.45114407345028,146.37445243712375,148.37184143066406,17730000.0
2024.03.21,00:00,149.0062874180902,149.9826645019535,146.71646293009633,147.44009399414062,19843900.0
2024.03.22,00:00,148.9269460193268,151.22666194358663,148.77824790595494,150.44357299804688,19252900.0
2024.03.25,00:00,149.63074570752036,150.13232017384,147.49954202085928,149.82899475097656,15114700.0
2024.03.26,00:00,149.91820478328378,151.8610663917434,149.71003347680477,150.37417602539062,19312700.0
2024.03.27,00:00,150.81530123920018,151.35553628285044,148.81791235745666,150.61209106445312,16622000.0
2024.03.28,00:00,150.67158376635552,151.33572643237886,150.00744110033216,150.92930603027344,21105600.0
2024.04.01,00:00,150.50306381136565,155.62787810986796,150.3246290795178,155.1322479248047,24469800.0
2024.04.02,00:00,153.3975446730995,154.62671299641144,152.11882543085358,154.50775146484375,17598100.0
2024.04.03,00:00,153.56604774610545,155.18180691612167,152.78494017610268,155.0033721923828,17266200.0
2024.04.04,00:00,153.7246477737926,154.81502501884967,150.5526178670504,150.61209106445312,24184800.0
2024.04.05,00:00,150.35436169361876,153.4867480102606,149.7605977156856,152.59461975097656,16297300.0
2024.04.08,00:00,152.6689473276631,155.28587379171236,152.64417187149968,154.77537536621094,16641500.0
2024.04.09,00:00,155.97481506684926,158.4926095867616,155.27101359499676,156.75790405273438,21521500.0
2024.04.10,00:00,156.50021353112558,156.77776526277736,154.83488801577997,156.28213500976562,16339200.0
2024.04.11,00:00,156.95618047864298,159.71188339783848,156.54976005250114,159.384765625,17841700.0
2024.04.12,00:00,158.0118386367124,160.28677909102666,157.21388139720707,157.79872131347656,16989800.0
2024.04.15,00:00,158.8792051533479,159.42440136223684,154.78529513302007,154.96372985839844,21140900.0
2024.04.16,00:00,154.27975761360125,155.85585791287042,153.694917647271,154.63661193847656,15413200.0
2024.04.17,00:00,155.816214675771,157.294181175049,154.77042715579861,155.50892639160156,16237800.0
2024.04.18,00:00,155.55351917720083,157.09988276125674,154.8447717220804,156.08384704589844,14016100.0
2024.04.19,00:00,156.3713272147928,156.60923515460206,152.5648909304448,154.35906982421875,21479900.0
2024.04.22,00:00,154.64653244615164,157.79378729999874,154.2996003749343,156.569580078125,17243900.0
2024.04.23,00:00,157.20399117091563,159.0774728168216,156.58445338952566,158.52236938476562,16115400.0
2024.04.24,00:00,157.6996192201921,159.97952124933744,157.43198979263676,159.6920623779297,19485700.0
2024.04.25,00:00,152.01969838728104,156.8966978312844,151.43287693866006,156.569580078125,36197800.0
2024.04.26,00:00,174.4518986946017,174.87813334641962,169.9020026034733,172.1719970703125,56500800.0
2024.04.29,00:00,169.27754485630953,169.8822143128753,165.5999620712095,166.4326171875,35914600.0
2024.04.30,00:00,165.91716976750044,168.38539847095555,163.0623349895508,163.20111083984375,29420800.0
2024.05.01,00:00,164.72762482687668,167.33464418373774,163.4588128880878,164.1229705810547,25223200.0
2024.05.02,00:00,165.21338246212773,167.0571275607886,164.24195142640502,166.9877471923828,17041100.0
2024.05.03,00:00,168.0582731333302,168.36557654728412,163.53812835606752,167.51309204101562,22767100.0
2024.05.06,00:00,167.74107947622002,168.41512926140294,166.42270138121285,168.3457489013672,15147900.0
2024.05.07,00:00,168.63321065643325,171.9539389727334,168.514264251218,171.4682159423828,21102400.0
2024.05.08,00:00,169.2577031653874,170.40657051209982,169.03169895380995,169.66412353515625,14569900.0
2024.05.09,00:00,169.6541793205462,170.9329134649224,168.44484065125218,170.08042907714844,11937700.0
2024.05.10,00:00,168.2069649236253,169.84253838981095,166.4425227766186,168.8017120361328,18740500.0
2024.05.13,00:00,164.3975253493451,169.45592284505344,164.31128014849432,169.40635681152344,19648600.0
2024.05.14,00:00,170.09035853651122,171.26996076413488,168.93058575085828,170.42738342285156,18729500.0
2024.05.15,00:00,170.79415842112346,172.52490114080777,170.52651389606083,172.3603515625,20958200.0
2024.05.16,00:00,173.0740568008917,174.79884006624093,172.5288606033374,173.89678955078125,17247300.0
2024.05.17,00:00,174.01574112524858,175.94373445971002,173.4507155186042,175.7405242919922,16546400.0
2024.05.20,00:00,175.76034078553366,178.37726706598704,175.6760921401438,176.90029907226562,17495100.0
2024.05.21,00:00,176.84086513713655,178.2484683414988,175.76039483453815,177.9709014892578,14706000.0
2024.05.22,00:00,176.84084930610737,177.28891001821344,175.23501229827983,176.44435119628906,16189400.0
2024.05.23,00:00,177.21751889938662,178.33764790175584,173.01456969506367,173.530029296875,14928400.0
2024.05.24,00:00,174.97729759267207,175.7544423917056,173.66882654800892,174.78895568847656,11403600.0
2024.05.28,00:00,174.2041150307218,176.94989555700215,174.1446266990051,176.4641876220703,15655300.0
2024.05.29,00:00,175.2647236769167,176.67231142726126,174.71952751030375,175.8495635986328,15023800.0
2024.05.30,00:00,175.1457862001414,175.1457862001414,171.7160188800634,172.0431365966797,18826300.0
2024.05.31,00:00,171.88453300608919,172.89562276507053,169.47577769474688,172.4396514892578,28085200.0
2024.06.03,00:00,172.36037115605987,174.3230626036248,170.94286085333837,172.89564514160156,20742800.0
2024.06.04,00:00,172.92537658008243,173.65891473322262,171.70613050328433,173.5994415283203,14066600.0
2024.06.05,00:00,174.99216349536283,176.41461979116644,173.75803397573898,175.52249145507812,15233900.0
2024.06.06,00:00,175.87931744664135,177.1481446158565,175.6612540840396,176.79129028320312,14255800.0
2024.06.07,00:00,176.90033521304463,177.85193671375097,174.25365667096185,174.41226196289062,14716300.0
2024.06.10,00:00,175.10693045082377,177.11155926219143,173.0526943334875,175.2855682373047,17099800.0
2024.06.11,00:00,176.36725547203804,177.03215383697466,174.10461128780346,176.83367919921875,14402400.0
2024.06.12,00:00,178.38180877582633,180.6940754855594,176.42680248353363,178.19325256347656,18600400.0
2024.06.13,00:00,176.48634775838215,177.15124616299806,175.31533672588867,175.3947296142578,15956900.0
2024.06.14,00:00,174.5134896671073,177.36957427203606,174.5134896671073,177.01231384277344,12361600.0
2024.06.17,00:00,175.63285716966237,178.55048086350007,175.14659664911744,177.41915893554688,15272900.0
2024.06.18,00:00,177.42908793887722,177.54818482546105,174.28321901441373,175.10690307617188,15640300.0
2024.06.20,00:00,175.36495720156964,177.37950440051273,175.11686010669837,176.3573455810547,16753200.0
2024.06.21,00:00,177.1313774438964,181.1227508403237,176.70464263848368,178.8878936767578,58903200.0
2024.06.24,00:00,179.90017042739453,180.69408418689807,178.8581595644615,179.4138946533203,18198300.0
2024.06.25,00:00,179.76619471407545,184.33613889740573,179.72649069957316,184.1674346923828,18797000.0
2024.06.26,00:00,182.79793755759553,184.51476522435414,182.58954447654796,183.9590301513672,13375700.0
2024.06.27,00:00,184.23193492424144,186.07281102807215,184.03841193230306,185.43768310546875,13025700.0
2024.06.28,00:00,184.30637637214596,185.15983100885668,181.92960189469738,182.0238800048828,23032400.0
2024.07.01,00:00,183.07577504464797,183.92922952169334,181.33909565529393,183.08570861816406,11815900.0
2024.07.02,00:00,182.07349164324893,185.5269988586025,181.66660878583306,185.18959045410156,12555500.0
2024.07.03,00:00,184.8819387198046,186.19188336904648,183.97389496801063,185.96363830566406,7409100.0
2024.07.05,00:00,185.89418959541223,190.79657523505668,185.89418959541223,190.49887084960938,14303400.0
2024.07.08,00:00,189.9084095240103,190.22001487481134,187.87897708549795,189.03013610839844,12097600.0
2024.07.09,00:00,190.2904743701383,191.3920260921458,188.78203977273944,188.99044799804688,10198500.0
2024.07.10,00:00,189.29806199680885,191.8385735383992,189.16904667640765,191.1935272216797,12052900.0
2024.07.11,00:00,189.88360179352713,190.94546470016857,185.39801691629347,185.87435913085938,16452000.0
2024.07.12,00:00,185.49722538689053,187.25375697623758,184.72316369856355,185.35829162597656,14449100.0
2024.07.15,00:00,185.07052629262512,188.45455937678614,185.07052629262512,186.75758361816406,12186000.0
2024.07.16,00:00,187.52169810323235,188.8911836476183,183.71091555792967,184.08802795410156,12760100.0
2024.07.17,00:00,183.27428289618683,183.82009954606394,180.23757680750992,181.22996520996094,17376600.0
2024.07.18,00:00,182.14296023259445,182.64908800777448,176.85354338730252,177.85585021972656,17877200.0
2024.07.19,00:00,178.9970877668422,180.584915236441,177.49858676010902,178.02455139160156,14485900.0
2024.07.22,00:00,180.96201840623203,182.89717262519915,180.5154315426945,181.95440673828125,16303900.0
2024.07.23,00:00,182.44067817098954,183.8101789962444,181.9345655429213,182.2025146484375,23772600.0
2024.07.24,00:00,174.05501085173125,176.59552287859736,172.24887173433115,173.0427703857422,31250700.0
2024.07.25,00:00,172.92369018055993,173.86645619462195,167.76327318648424,167.8724365234375,28967900.0
2024.07.26,00:00,167.48539885442386,168.54724659580478,164.60251168902047,167.3960723876953,25150100.0
2024.07.29,00:00,169.20222879248618,170.8495972349061,168.4281670217387,169.8274383544922,13768900.0
2024.07.30,00:00,170.5220941845532,171.63356430516149,168.82510342152582,170.55186462402344,13681400.0
2024.07.31,00:00,173.58857822803412,174.57104820170923,170.41293835612595,171.83204650878906,15650200.0
2024.08.01,00:00,170.6709663402814,174.34280068323034,169.2121540650662,171.13739013671875,17177800.0
2024.08.02,00:00,166.90980150334516,168.91443024023945,165.12349941812474,167.11819458007812,18907800.0
2024.08.05,00:00,156.17213769389954,164.6769124629333,155.40800962630695,159.41725158691406,34907800.0
2024.08.06,00:00,159.71995490631787,161.114259367224,156.92637919696486,159.31802368164062,36146500.0
2024.08.07,00:00,161.99749617552757,163.5356861602987,159.0203308228412,159.5264434814453,19334200.0
2024.08.08,00:00,161.1083106687582,164.2402945475346,160.79670528730148,162.59292602539062,15733600.0
2024.08.09,00:00,160.41461410566686,164.26011884277403,159.70504494899117,164.131103515625,13549200.0
2024.08.12,00:00,164.7315045669186,165.4311401931017,162.3051228479513,162.7020721435547,12435000.0
2024.08.13,00:00,163.92766770996963,165.27234968869269,163.5158332061315,164.6669921875,12717600.0
2024.08.14,00:00,162.96007556133293,163.70436672310095,158.31569083772638,160.79666137695312,22515900.0
2024.08.15,00:00,160.97530950582424,162.27533572935116,160.2607887330602,161.92799377441406,18392500.0
2024.08.16,00:00,162.1661752149307,165.67922312285262,161.8386852598682,163.48605346679688,16853100.0
2024.08.19,00:00,165.72885692637598,167.18766903408562,164.82577988014722,167.11819458007812,13100800.0
2024.08.20,00:00,167.45560829767214,169.11289495248423,167.37621541603133,167.67393493652344,12622500.0
2024.08.21,00:00,165.71893699935038,167.35637172949058,165.30213570699914,166.35406494140625,15269600.0
2024.08.22,00:00,167.7533286480312,168.13044108607062,163.77385661123697,164.23036193847656,19123800.0
2024.08.23,00:00,165.28228713893688,166.67162480901536,164.39906208953454,166.15557861328125,14281600.0
2024.08.26,00:00,166.8750573458864,168.0907390993711,165.05403325193555,166.65176391601562,11990300.0
2024.08.27,00:00,166.3342199147958,166.9643810958716,164.89525976691422,165.11358642578125,13718200.0
2024.08.28,00:00,165.51053866216952,166.11589620109805,162.03717920925232,163.24789428710938,15208700.0
2024.08.29,00:00,164.7959911326264,166.35404796078464,160.74902892306426,162.15623474121094,17133800.0
2024.08.30,00:00,162.97001594158164,164.02194516906894,162.16618380143169,163.85324096679688,18498800.0
2024.09.03,00:00,162.07191447337993,162.136422142404,156.6534671297475,157.40272521972656,26533100.0
2024.09.04,00:00,156.8717774597525,159.17907722822045,156.2416163407417,156.60879516601562,17410700.0
2024.09.05,00:00,156.57904124669645,159.78941834087976,156.32102571288522,157.39280700683594,14139500.0
2024.09.06,00:00,157.48209519381007,158.00805975950254,150.77850766073584,150.97203063964844,24999100.0
2024.09.09,00:00,152.6613143274025,153.66494046797735,147.26554447937025,148.5970916748047,28057700.0
2024.09.10,00:00,150.4950554479833,151.33970198649348,148.60008200807764,149.0641326904297,20401800.0
2024.09.11,00:00,150.13731419670663,151.51854909084332,147.76238469779315,151.1906280517578,18991500.0
2024.09.12,00:00,153.8338570726531,154.62881577727563,152.53211958558956,154.5592498779297,20980800.0
2024.09.13,00:00,155.37609479354282,158.27072196046186,155.12568481343916,157.37142944335938,16733900.0
2024.09.16,00:00,157.3317065915592,158.2359725393169,156.61624509032015,157.987548828125,14157600.0
2024.09.17,00:00,159.08058949166997,160.5711316223217,158.4048843371456,159.26939392089844,12064800.0
2024.09.18,00:00,159.8357920440244,160.61087266542054,158.65329297321875,159.79603576660156,16756500.0
2024.09.19,00:00,163.78076327978215,163.94968955468067,161.49724879703658,162.21072387695312,17548200.0
2024.09.20,00:00,163.48264443124424,163.7111899501448,162.15108210627048,163.6018829345703,46362700.0
2024.09.23,00:00,164.297469761265,165.55946621205064,161.9225401547121,162.0417938232422,15648400.0
2024.09.24,00:00,163.21435444664,163.51246588910374,161.00835100001706,162.6082000732422,18774100.0
2024.09.25,00:00,161.9424479076517,163.18157941883987,161.7486701374648,161.9623260498047,13607900.0
2024.09.26,00:00,163.98944299378118,164.45648073818896,162.4690912428634,162.79701232910156,18234500.0
2024.09.27,00:00,162.87649912364836,165.9172024275058,162.79700172950194,164.24778747558594,13604300.0
2024.09.30,00:00,163.74099558866268,166.3047294857802,163.60187895064433,166.13580322265625,14070100.0
2024.10.01,00:00,167.79530614513925,169.3653457637193,164.85396283737091,167.3580780029297,18629500.0
2024.10.02,00:00,166.70222552220392,167.8151739508929,165.20175191074588,166.25506591796875,12745000.0
2024.10.03,00:00,164.77446563028727,166.85128395457937,164.32729087654542,166.15570068359375,11004300.0
2024.10.04,00:00,168.27227311066332,168.48095568935207,165.90728980680692,167.4971923828125,11422100.0
2024.10.07,00:00,168.07353533639653,168.82873791450402,163.09512992183807,163.35348510742188,14034700.0
2024.10.08,00:00,164.38689534795753,165.0526840930647,163.273962214483,164.6551971435547,11723900.0
2024.10.09,00:00,163.81555600030646,165.211696015321,160.1041052253633,162.03187561035156,19666400.0
2024.10.10,00:00,161.0878622523504,163.2749884777283,160.62082449025056,162.15110778808594,12900500.0
2024.10.11,00:00,162.30016682626191,164.22793708496354,161.47539835668448,163.482666015625,10946000.0
2024.10.14,00:00,163.87020929740152,166.56311365175304,163.7410241243794,165.30113220214844,9981800.0
2024.10.15,00:00,166.08613318007752,168.02383483156237,165.0030095854755,165.84764099121094,14829300.0
2024.10.16,00:00,164.98314495354106,166.22526344241766,164.17428200300867,165.6886749267578,9968500.0
2024.10.17,00:00,166.32461599312074,166.8711359226098,163.33358538134826,163.4727020263672,15113400.0
2024.10.18,00:00,163.83041969453637,165.32096155672986,163.71118119758518,164.00929260253906,13091300.0
2024.10.21,00:00,163.54228408519845,165.17194287179123,163.26900893088214,164.7545928955078,11384000.0
2024.10.22,00:00,163.6615148739223,166.41405345217532,163.6317052457798,165.76815795898438,11958600.0
2024.10.23,00:00,165.38060326279148,166.54323941624745,162.6012420708838,163.44290161132812,12754300.0
2024.10.24,00:00,163.55221874756216,164.00932501383429,161.743702148577,163.4925994873047,12764400.0
2024.10.25,00:00,164.3223340804208,166.34449132743282,164.188175588151,165.9370880126953,14566400.0
2024.10.28,00:00,169.514362096053,169.53026763895323,164.74462487320795,167.27854919433594,20858300.0
2024.10.29,00:00,168.31697400737147,170.77637449444777,167.5965544358344,170.0609130859375,28916100.0
2024.10.30,00:00,181.25985860515516,182.63114701645532,174.6368747654501,175.02938842773438,49698300.0
2024.10.31,00:00,173.61834966228074,177.29501724138538,171.47196534188345,171.6011505126953,32801900.0
2024.11.01,00:00,170.4583692099453,172.72400690330602,169.2361290673694,171.56137084960938,21752900.0
2024.11.04,00:00,170.1602873152299,170.8359924388659,168.41634825006253,169.6038055419922,16194000.0
2024.11.05,00:00,169.75287884850286,171.01188841995238,169.29577258419562,170.3292236328125,12518300.0
2024.11.06,00:00,174.24437563780998,177.51362460297045,173.93631753730043,177.20558166503906,27061500.0
2024.11.07,00:00,177.98065076502607,181.42877244059756,177.76203672730395,181.1306610107422,16730400.0
2024.11.08,00:00,180.85242759053065,181.20022678554332,178.43775685183698,178.72592163085938,15021500.0
2024.11.11,00:00,178.93461790765363,180.93691218879795,178.85512050947833,180.8226318359375,12503400.0
2024.11.12,00:00,180.236323155745,182.86463433546717,179.84878288597474,182.16409301757812,14065800.0
2024.11.13,00:00,181.00149628186634,181.46357587345435,178.98429711186853,179.3519744873047,13969700.0
2024.11.14,00:00,178.61662702479006,179.30725213749923,174.9200814305197,176.2317657470703,17925800.0
2024.11.15,00:00,174.53252949799358,174.77102167495158,171.65577921140778,172.79356384277344,21708900.0
2024.11.18,00:00,173.85185850124924,175.7945334642115,173.32022819637518,175.6852264404297,18662800.0
2024.11.19,00:00,174.13010315299093,179.03398440356642,174.0118502005661,178.4477081298828,15392900.0
2024.11.20,00:00,177.7024409876409,177.98067431563484,174.22450922513764,176.21189880371094,15729800.0
2024.11.21,00:00,174.34872211078613,174.47293396018574,164.26768416799112,168.17291259765625,38839400.0
2024.11.22,00:00,166.1060058346279,167.20403420711378,164.66515158559497,165.5197296142578,24497000.0
2024.11.25,00:00,166.9307866314711,169.3852138787483,166.34449520498836,168.3616943359375,21395700.0
2024.11.26,00:00,168.42132472227146,170.41367233917006,168.36169030209123,169.544189453125,14937500.0
2024.11.27,00:00,169.60381861348725,170.06092488608897,168.60019233923836,169.74295043945312,12433400.0
2024.11.29,00:00,168.9877271756166,169.79261749908844,167.68598947591983,169.41502380371094,9250700.0
2024.12.02,00:00,169.24609624600703,172.50541379659245,169.19640847624146,171.88931274414062,16593400.0
2024.12.03,00:00,172.02840699487012,173.2208526636113,171.42225267287142,171.92904663085938,15721500.0
2024.12.04,00:00,171.69059356869386,175.31757367655922,171.66078393644358,174.97972106933594,18239800.0
2024.12.05,00:00,176.2019374960595,176.58947779179547,172.9127955635688,173.21090698242188,16145500.0
2024.12.06,00:00,172.78363824893,175.72398048464535,172.45571718039272,175.37718200683594,13319500.0
2024.12.09,00:00,174.8051603440267,177.11811867317988,174.49178895611797,176.18299865722656,19887800.0
2024.12.10,00:00,183.57949799625823,187.05639634280428,181.72414933394035,185.5641632080078,34317400.0
2024.12.11,00:00,185.7332735963159,195.87051270897385,185.29554946579324,195.6914520263672,41664500.0
2024.12.12,00:00,195.28358411282017,195.68648585481125,192.27921707668364,192.62741088867188,25197800.0
2024.12.13,00:00,191.7121377948164,193.33368719296925,190.26963387517674,190.38902282714844,18883200.0
2024.12.16,00:00,193.358593781121,199.60109609130157,193.10490930009604,197.13394165039062,32248600.0
2024.12.17,00:00,197.50203757260567,201.8295199388988,195.67156848433694,196.09933471679688,24129500.0
2024.12.18,00:00,195.81082440955737,197.66119401544614,188.29991495415683,189.1654052734375,27638400.0
2024.12.19,00:00,192.2792077384488,193.59238015211147,188.53868223430246,188.71774291992188,26981200.0
2024.12.20,00:00,186.0416581188474,193.12976492079878,185.40497264137207,191.9608612060547,45319700.0
2024.12.23,00:00,193.0253312102281,195.47260025991622,190.6377642376675,194.97518920898438,15235900.0
2024.12.24,00:00,195.15425226177604,196.64648543262288,194.18728504562904,196.54701232910156,6809800.0
2024.12.26,00:00,195.72128547038113,197.13393088682756,194.85578000934456,196.0794219970703,7907900.0
2024.12.27,00:00,195.45268852597223,195.7809816226149,190.9779778716318,193.03526306152344,14693000.0
2024.12.30,00:00,189.87672867485227,192.7766284644964,189.37433864863712,191.69227600097656,12209500.0
2024.12.31,00:00,191.44852615618527,192.24935057604253,188.59835567516282,189.4539031982422,14355200.0
