2017.01.03,00:00,38.600173,39.136445,38.450991,38.963470,33146000
2017.01.04,00:00,39.073493,39.221193,38.815767,39.001133,21460000
2017.01.05,00:00,38.960493,39.376821,38.907955,39.354023,26704000
2017.01.06,00:00,39.415480,40.041956,39.264014,39.955219,32804000
2017.01.09,00:00,39.967616,40.144356,39.790675,39.980007,25492000
2017.01.10,00:00,40.039983,40.102928,39.824381,39.887821,23536000
2017.01.11,00:00,39.898229,40.054354,39.718316,40.042458,21318000
2017.01.12,00:00,40.004290,40.016682,39.609274,39.965633,27062000
2017.01.13,00:00,40.021144,40.206707,39.981988,40.040970,21984000
2017.01.17,00:00,40.001320,40.004292,39.668753,39.878899,27242000
2017.01.18,00:00,39.938377,39.957953,39.699482,39.951263,25888000
2017.01.19,00:00,39.904181,40.120274,39.739631,39.758217,18386000
2017.01.20,00:00,39.992895,39.992895,39.734175,39.899220,33400000
2017.01.23,00:00,40.009748,40.684797,39.835783,40.607479,39272000
2017.01.24,00:00,40.755676,40.934099,40.533680,40.833488,29480000
2017.01.25,00:00,41.118469,41.423285,40.892461,41.418327,29890000
2017.01.26,00:00,41.524394,41.533813,40.989112,41.243866,59478000
2017.01.27,00:00,41.370743,41.729579,40.663478,40.805725,59316000
2017.01.30,00:00,40.377008,40.435491,39.640502,39.765400,64932000
2017.01.31,00:00,39.494793,39.712376,39.180566,39.491325,43212000
2017.02.01,00:00,39.634558,39.709398,39.213768,39.437050,40594000
2017.02.02,00:00,39.343124,39.784234,39.253910,39.577557,30642000
2017.02.03,00:00,39.798608,39.947790,39.668752,39.724262,29268000
2017.02.06,00:00,39.635543,39.733182,39.414988,39.716827,23690000
2017.02.07,00:00,39.848173,40.170828,39.738638,39.995869,24824000
2017.02.08,00:00,39.997353,40.237238,39.808519,40.065750,23106000
2017.02.09,00:00,40.121756,40.178757,39.875431,40.124237,19794000
2017.02.10,00:00,40.230300,40.406250,40.135138,40.327938,22700000
2017.02.13,00:00,40.443425,40.689209,40.418150,40.604012,24266000
2017.02.14,00:00,40.592110,40.790363,40.443419,40.663975,21094000
2017.02.15,00:00,40.609953,40.790365,40.565843,40.591122,26272000
2017.02.16,00:00,40.638205,40.859755,40.591123,40.847858,25752000
2017.02.17,00:00,40.791361,41.041653,40.723705,41.041653,32220000
2017.02.21,00:00,41.070891,41.308300,41.055527,41.219582,25246000
2017.02.22,00:00,41.070883,41.298377,41.069892,41.174965,19658000
2017.02.23,00:00,41.143256,41.259234,40.784420,41.203228,29456000
2017.02.24,00:00,41.024800,41.087745,40.849841,41.069901,27844000
2017.02.27,00:00,40.867187,41.162087,40.839927,41.101620,22030000
2017.02.28,00:00,40.919724,41.064943,40.651588,40.800774,45216000
2017.03.01,00:00,41.080311,41.447326,41.001503,41.397018,29930000
2017.03.02,00:00,41.328126,41.360834,41.119463,41.168533,18850000
2017.03.03,00:00,41.165060,41.204711,40.926713,41.091705,17928000
2017.03.06,00:00,40.986142,41.081799,40.760629,41.027279,22180000
2017.03.07,00:00,41.008444,41.306321,40.964830,41.231976,20752000
2017.03.08,00:00,41.311268,41.541243,41.226021,41.403458,19796000
2017.03.09,00:00,41.434685,41.732062,41.345967,41.567513,25230000
2017.03.10,00:00,41.795496,41.876281,41.608145,41.794006,34080000
2017.03.13,00:00,41.831182,42.063384,41.794008,41.907509,24472000
2017.03.14,00:00,41.813342,41.991769,41.672585,41.911476,15598000
2017.03.15,00:00,42.009122,42.060666,41.671103,41.989792,27630000
2017.03.16,00:00,42.080491,42.170696,41.936758,42.068100,19552000
2017.03.17,00:00,42.208360,42.297075,41.985325,42.233635,34246000
2017.03.20,00:00,42.129061,42.139471,41.888185,42.049263,24630000
2017.03.21,00:00,42.197953,42.302035,41.088733,41.160103,49270000
2017.03.22,00:00,41.231973,41.412381,40.997540,41.116985,28030000
2017.03.23,00:00,40.691235,40.769052,40.257907,40.521732,69742000
2017.03.24,00:00,40.645644,40.737335,40.091032,40.365612,39620000
2017.03.27,00:00,39.994876,40.722462,39.817440,40.617386,37886000
2017.03.28,00:00,40.661993,40.938554,40.345633,40.687271,32410000
2017.03.29,00:00,40.889489,41.274345,40.759634,41.207188,35726000
2017.03.30,00:00,41.310768,41.319688,41.087736,41.211643,21106000
2017.03.31,00:00,41.086253,41.218585,41.007941,41.115494,28038000
2017.04.03,00:00,41.098640,41.675058,41.098640,41.561066,33430000
2017.04.04,00:00,41.204711,41.394040,41.089527,41.363808,20908000
2017.04.05,00:00,41.410398,41.754365,41.172989,41.207188,31106000
2017.04.06,00:00,41.256257,41.454014,40.961856,41.032234,25088000
2017.04.07,00:00,41.036194,41.062218,40.667100,40.873135,21146000
2017.04.10,00:00,40.908819,41.105086,40.828525,40.876106,19578000
2017.04.11,00:00,40.875119,41.009781,40.493981,40.807713,21594000
2017.04.12,00:00,40.737327,40.971760,40.692223,40.855782,18010000
2017.04.13,00:00,40.747740,40.957889,40.713046,40.818123,22448000
2017.04.17,00:00,40.889984,41.521418,40.863220,41.492672,17900000
2017.04.18,00:00,41.346458,41.579900,41.271621,41.475323,16734000
2017.04.19,00:00,41.622528,41.742968,41.449058,41.544220,19084000
2017.04.20,00:00,41.704304,41.890661,41.599231,41.714714,19180000
2017.04.21,00:00,41.775675,41.825237,41.662669,41.791039,26472000
2017.04.24,00:00,42.188043,42.795189,42.121627,42.760990,27450000
2017.04.25,00:00,42.872006,43.367637,42.763463,43.233818,33440000
2017.04.26,00:00,43.329474,43.419682,43.008210,43.205566,24744000
2017.04.27,00:00,43.298258,43.387471,43.138665,43.330475,40536000
2017.04.28,00:00,45.135062,45.441855,44.892699,44.902115,65526000
2017.05.01,00:00,44.702864,45.383861,44.678577,45.229721,42320000
2017.05.02,00:00,45.083512,45.636143,45.075235,45.421532,31744000
2017.05.03,00:00,45.343224,45.999438,45.228388,45.946903,29990000
2017.05.04,00:00,45.898828,46.387519,45.825473,46.175884,28442000
2017.05.05,00:00,46.269057,46.336464,45.855702,45.951359,38226000
2017.05.08,00:00,45.901299,46.436826,45.858675,46.306725,26596000
2017.05.09,00:00,46.438074,46.465334,46.070318,46.201164,31636000
2017.05.10,00:00,46.191740,46.192730,45.853720,46.033138,23478000
2017.05.11,00:00,45.861648,46.218998,45.748150,46.123341,16700000
2017.05.12,00:00,46.169438,46.264104,45.987048,46.203636,21012000
2017.05.15,00:00,46.239819,46.502502,46.060896,46.444515,22162000
2017.05.16,00:00,46.589232,46.743372,46.469291,46.737923,19390000
2017.05.17,00:00,46.374624,46.556171,45.505785,45.579136,47242000
2017.05.18,00:00,45.647535,46.250719,45.536019,46.105499,31938000
2017.05.19,00:00,46.166466,46.477966,46.143169,46.292355,27860000
2017.05.22,00:00,46.341419,46.682561,46.341419,46.681419,22408000
2017.05.23,00:00,46.981778,47.157577,46.716863,47.026386,25416000
2017.05.24,00:00,47.232566,47.337147,47.060087,47.330704,20496000
2017.05.25,00:00,47.448165,48.206429,47.355975,48.053329,33210000
2017.05.26,00:00,48.061263,48.322956,47.829802,48.148991,25040000
2017.05.30,00:00,48.091488,48.383417,48.050846,48.367554,29334000
2017.05.31,00:00,48.324933,48.535577,47.589417,47.821373,48962000
2017.06.01,00:00,48.024086,48.150474,47.580994,47.924961,28210000
2017.06.02,00:00,48.049360,48.367553,47.877871,48.353676,35020000
2017.06.05,00:00,48.400764,48.914238,48.328899,48.754147,25042000
2017.06.06,00:00,48.728386,48.980660,48.330890,48.401764,36292000
2017.06.07,00:00,48.571765,48.769027,48.370540,48.618355,29078000
2017.06.08,00:00,48.688234,48.798264,48.432985,48.740772,29638000
2017.06.09,00:00,48.794798,48.794798,46.372656,47.076450,66188000
2017.06.12,00:00,46.567431,47.052901,45.361711,46.732971,75270000
2017.06.13,00:00,47.179537,47.579511,46.791952,47.253384,40266000
2017.06.14,00:00,47.576533,47.637496,46.700755,47.122536,29794000
2017.06.15,00:00,46.290372,46.754727,45.818035,46.703728,42662000
2017.06.16,00:00,46.589233,46.690342,46.172656,46.578327,61894000
2017.06.19,00:00,47.082889,47.580005,47.037785,47.450150,30666000
2017.06.20,00:00,47.457580,47.660790,47.085362,47.116093,22520000
2017.06.21,00:00,47.265272,47.585451,47.122530,47.553234,24044000
2017.06.22,00:00,47.516070,47.616185,47.310383,47.436272,18828000
2017.06.23,00:00,47.423384,47.877876,47.293033,47.857555,30558000
2017.06.26,00:00,48.071169,48.240180,47.124022,47.197372,31968000
2017.06.27,00:00,46.711166,47.000118,45.937485,45.961277,51598000
2017.06.28,00:00,46.044049,46.725541,45.399728,46.613529,54428000
2017.06.29,00:00,46.089636,46.156052,45.133069,45.488438,65984000
2017.06.30,00:00,45.897835,45.897835,45.018586,45.039402,41804000
2017.07.03,00:00,45.210391,45.297620,44.348488,44.542282,34196000
2017.07.05,00:00,44.693946,45.325871,44.532369,45.187096,36278000
2017.07.06,00:00,44.810915,45.347383,44.591845,44.938290,28490000
2017.07.07,00:00,45.045348,45.674301,45.045348,45.528091,32756000
2017.07.10,00:00,45.685708,46.112446,45.577660,46.034134,23856000
2017.07.11,00:00,46.070808,46.164480,45.697101,46.098068,22264000
2017.07.12,00:00,46.523815,46.901486,46.315156,46.779068,30642000
2017.07.13,00:00,46.900984,47.305420,46.738420,46.944107,25894000
2017.07.14,00:00,47.183991,47.427348,46.985987,47.381748,21076000
2017.07.17,00:00,47.431804,47.617170,47.047248,47.254372,23310000
2017.07.18,00:00,47.233557,47.978983,47.114603,47.848137,23080000
2017.07.19,00:00,47.969064,48.226794,47.780231,48.120232,24490000
2017.07.20,00:00,48.323945,48.368550,47.655341,47.984440,32490000
2017.07.21,00:00,47.692014,48.236216,47.587932,48.220852,34220000
2017.07.24,00:00,48.186158,48.879050,48.114293,48.588608,64966000
2017.07.25,00:00,47.273700,47.565628,46.856877,47.119560,93220000
2017.07.26,00:00,47.316822,47.332681,46.702188,46.975826,41766000
2017.07.27,00:00,47.173090,47.173090,45.597977,46.296318,64260000
2017.07.28,00:00,46.063868,46.779062,45.969697,46.665066,36928000
2017.07.31,00:00,46.682908,46.767164,45.897331,46.118385,39402000
2017.08.01,00:00,46.211569,46.462704,46.056934,46.134747,25554000
2017.08.02,00:00,46.024711,46.222469,45.433424,46.112934,36488000
2017.08.03,00:00,46.110457,46.204628,45.708998,45.778881,24050000
2017.08.04,00:00,45.932528,46.108822,45.748153,45.992496,21646000
2017.08.07,00:00,46.047010,46.177856,45.920130,46.061878,20644000
2017.08.08,00:00,45.949378,46.381765,45.876023,45.934509,21232000
2017.08.09,00:00,45.628209,45.894364,45.461678,45.741711,23842000
2017.08.10,00:00,45.476551,45.561306,44.910542,44.965557,36480000
2017.08.11,00:00,45.001734,45.487948,44.883279,45.319931,24136000
2017.08.14,00:00,45.723370,45.829335,45.508267,45.730309,21290000
2017.08.15,00:00,45.807624,45.922611,45.589054,45.708004,17668000
2017.08.16,00:00,45.860158,46.227419,45.768714,45.942928,20134000
2017.08.17,00:00,45.884451,45.937976,45.150917,45.150917,25544000
2017.08.18,00:00,45.117711,45.363790,44.961291,45.135555,26854000
2017.08.21,00:00,45.102342,45.251033,44.775224,44.936802,18868000
2017.08.22,00:00,45.237160,45.888416,45.175452,45.830429,23334000
2017.08.23,00:00,45.693629,46.090131,45.566251,45.944912,21804000
2017.08.24,00:00,46.027190,46.135238,45.374943,45.661415,25406000
2017.08.25,00:00,45.770948,45.873294,45.374942,45.394268,21068000
2017.08.28,00:00,45.399727,45.560560,45.195031,45.291183,21730000
2017.08.29,00:00,44.859492,45.763025,44.854534,45.661915,23712000
2017.08.30,00:00,45.600451,46.134197,45.580625,46.072292,26024000
2017.08.31,00:00,46.180840,46.687372,46.180840,46.556030,31652000
2017.09.01,00:00,46.645240,46.712151,46.348854,46.457397,18948000
2017.09.05,00:00,46.246260,46.440546,45.695120,46.016785,26528000
2017.09.06,00:00,46.101044,46.138959,45.561799,45.985065,30554000
2017.09.07,00:00,46.179350,46.411306,45.777395,46.388508,24254000
2017.09.08,00:00,46.415270,46.440050,45.839842,45.920135,20230000
2017.09.11,00:00,46.304256,46.508948,45.940958,46.048012,25340000
2017.09.12,00:00,46.221971,46.266081,45.789335,46.196198,22688000
2017.09.13,00:00,46.126322,46.452940,46.086670,46.345886,22052000
2017.09.14,00:00,46.155562,46.230898,45.796231,45.851246,27952000
2017.09.15,00:00,45.828939,45.919639,45.417565,45.612347,50108000
2017.09.18,00:00,45.598469,45.701065,45.132080,45.350159,26138000
2017.09.19,00:00,45.470104,45.717919,45.228732,45.687687,18734000
2017.09.20,00:00,45.745675,46.285914,45.697103,46.171917,33396000
2017.09.21,00:00,46.242298,46.417254,45.787805,46.215038,25812000
2017.09.22,00:00,45.982088,46.328036,45.919143,46.020744,21054000
2017.09.25,00:00,45.868091,45.915176,45.087475,45.646049,37136000
2017.09.26,00:00,45.782347,46.134244,45.654473,45.838848,33338000
2017.09.27,00:00,45.981597,47.079911,45.981597,46.811775,44788000
2017.09.28,00:00,46.656645,47.119067,46.616498,47.060085,20406000
2017.09.29,00:00,47.183992,47.569891,47.159708,47.536388,31620000
2017.10.02,00:00,47.579503,47.706383,46.977806,47.246937,25668000
2017.10.03,00:00,47.283124,47.481376,47.042247,47.470966,17766000
2017.10.04,00:00,47.431807,47.599828,47.119066,47.168133,19048000
2017.10.05,00:00,47.356970,48.121232,47.341603,48.074146,24276000
2017.10.06,00:00,47.912565,48.544989,47.747025,48.516739,23478000
2017.10.09,00:00,48.571756,48.840637,48.378956,48.423065,17828000
2017.10.10,00:00,48.571759,48.649572,47.881843,48.204994,19368000
2017.10.11,00:00,48.260506,49.102580,48.187646,49.030220,33866000
2017.10.12,00:00,48.941004,49.271589,48.819573,48.959835,25248000
2017.10.13,00:00,49.166516,49.424741,49.017829,49.051533,23396000
2017.10.16,00:00,49.171465,49.261027,48.770006,49.166508,18210000
2017.10.17,00:00,49.081759,49.386570,48.997502,49.175434,25804000
2017.10.18,00:00,49.155118,49.400452,48.917463,49.206661,21152000
2017.10.19,00:00,48.869131,49.011873,48.491956,48.792309,26272000
2017.10.20,00:00,49.039631,49.116948,48.798754,48.978172,23664000
2017.10.23,00:00,49.043600,49.043600,47.883823,47.999306,29568000
2017.10.24,00:00,48.076126,48.186651,47.630058,48.102890,24244000
2017.10.25,00:00,47.995335,48.377963,47.606268,48.241169,24226000
2017.10.26,00:00,48.571753,48.948433,48.185162,48.203003,40842000
2017.10.27,00:00,50.018500,51.961369,49.969433,50.518097,103354000
2017.10.30,00:00,50.256898,50.800604,49.934738,50.411037,41702000
2017.10.31,00:00,50.317366,50.752529,50.079462,50.387745,26614000
2017.11.01,00:00,50.416003,51.033559,50.403116,50.826881,27468000
2017.11.02,00:00,50.641512,50.955244,50.207836,50.830841,20980000
2017.11.03,00:00,50.658851,51.181246,50.569638,51.172821,21528000
2017.11.06,00:00,50.999851,51.291281,50.802094,50.846699,22504000
2017.11.07,00:00,50.914597,51.246672,50.808534,51.214951,22246000
2017.11.08,00:00,51.075683,51.720102,50.973087,51.538105,21774000
2017.11.09,00:00,51.247659,51.247659,50.537716,51.112350,24904000
2017.11.10,00:00,50.874464,51.087581,50.815977,50.954258,14400000
2017.11.13,00:00,50.723785,51.128216,50.681657,50.839264,17716000
2017.11.14,00:00,50.682646,50.891801,50.264334,50.851654,19184000
2017.11.15,00:00,50.515120,50.756987,50.327278,50.599380,17080000
2017.11.16,00:00,50.679177,51.343324,50.679177,51.173817,22594000
2017.11.17,00:00,51.248661,51.268982,50.442766,50.509178,27942000
2017.11.20,00:00,50.567168,50.683641,50.430373,50.473988,19070000
2017.11.21,00:00,50.718325,51.303169,50.685863,51.272438,21940000
2017.11.22,00:00,51.297718,51.530960,51.120777,51.345299,14926000
2017.11.24,00:00,51.340843,51.703052,51.297724,51.575771,10740000
2017.11.27,00:00,51.545539,52.311782,51.468222,52.249828,26158000
2017.11.28,00:00,52.293450,52.654517,51.545543,51.912804,28488000
2017.11.29,00:00,51.678364,51.747752,50.338678,50.636551,49188000
2017.11.30,00:00,50.671738,50.975063,50.306459,50.624157,34480000
2017.12.01,00:00,50.346108,50.677684,49.663130,50.067066,38192000
2017.12.04,00:00,50.190485,50.360983,49.343453,49.497593,38128000
2017.12.05,00:00,49.361794,50.584511,48.982141,49.818268,41346000
2017.12.06,00:00,49.637366,50.800610,49.619522,50.473988,25440000
2017.12.07,00:00,50.575591,51.260059,50.458672,51.096004,29164000
2017.12.08,00:00,51.421137,51.647145,51.174907,51.399330,25816000
2017.12.11,00:00,51.322500,51.733870,51.151507,51.600052,23856000
2017.12.12,00:00,51.527200,52.056534,51.232799,51.569328,25590000
2017.12.13,00:00,51.848865,51.875875,51.465246,51.575771,25654000
2017.12.14,00:00,51.793356,52.462456,51.699680,51.999043,31174000
2017.12.15,00:00,52.269655,52.914471,52.016387,52.744469,65518000
2017.12.18,00:00,52.838138,53.453214,52.635919,53.386303,31092000
2017.12.19,00:00,53.290147,53.371431,52.712741,53.066124,26774000
2017.12.20,00:00,53.120650,53.199949,52.612133,52.782135,25372000
2017.12.21,00:00,52.782138,52.999222,52.625715,52.716713,19914000
2017.12.22,00:00,52.591818,52.744967,52.509048,52.542751,15102000
2017.12.26,00:00,52.441142,52.542747,52.051079,52.375225,15212000
2017.12.27,00:00,52.407437,52.456009,51.944520,52.009941,25438000
2017.12.28,00:00,52.120467,52.276588,51.781948,51.948978,16742000
2017.12.29,00:00,51.878602,52.026302,51.788398,51.862743,17750000
2018.01.02,00:00,51.958894,52.880767,51.804755,52.784615,24752000
2018.01.03,00:00,52.750421,53.839815,52.695901,53.650982,28604000
2018.01.04,00:00,53.924559,54.200625,53.726405,53.845257,20092000
2018.01.05,00:00,54.221942,54.729964,54.122814,54.629845,25582000
2018.01.08,00:00,54.629843,55.077892,54.599611,54.863285,20952000
2018.01.09,00:00,54.985215,55.043203,54.580334,54.829586,18050000
2018.01.10,00:00,54.375588,54.747311,54.326521,54.648682,20856000
2018.01.11,00:00,54.831565,54.842716,54.498998,54.792908,19566000
2018.01.12,00:00,54.638770,55.723211,54.576321,55.622597,34410000
2018.01.16,00:00,56.130610,56.497375,55.403126,55.597809,31506000
2018.01.17,00:00,55.818866,56.135078,55.362388,56.104347,24052000
2018.01.18,00:00,56.076093,56.130613,55.386672,55.995800,23964000
2018.01.19,00:00,56.096903,56.395771,55.921948,56.378422,35564000
2018.01.22,00:00,56.377436,57.487151,56.259477,57.285431,32360000
2018.01.23,00:00,57.485669,58.069371,57.431150,57.987247,26662000
2018.01.24,00:00,58.352030,58.477423,57.545145,57.703251,28332000
2018.01.25,00:00,58.114126,58.283138,57.629897,58.007072,29610000
2018.01.26,00:00,58.240509,58.278175,57.399422,58.278175,40376000
2018.01.29,00:00,58.309902,58.825853,58.086866,58.265293,27578000
2018.01.30,00:00,57.881183,58.311887,57.667566,57.675995,31126000
2018.01.31,00:00,58.016986,58.137426,57.449987,57.985764,30774000
2018.02.01,00:00,57.622460,58.186982,57.370183,57.874733,48242000
2018.02.02,00:00,55.609699,55.662733,54.880033,55.109116,97158000
2018.02.05,00:00,54.053427,55.014951,52.141784,52.328636,75966000
2018.02.06,00:00,50.910142,53.612811,50.709757,53.557796,68960000
2018.02.07,00:00,53.604383,53.616279,51.954924,51.970787,47384000
2018.02.08,00:00,52.309306,52.468403,49.595732,49.638355,57182000
2018.02.09,00:00,50.417976,51.742302,49.194264,51.435505,70118000
2018.02.12,00:00,51.942033,52.611133,51.591520,52.137310,41154000
2018.02.13,00:00,51.793355,52.456012,51.748104,52.145252,25302000
2018.02.14,00:00,51.989132,53.117682,51.880096,53.017567,31116000
2018.02.15,00:00,53.481968,54.096999,52.751905,53.999905,36868000
2018.02.16,00:00,53.944881,54.750776,53.940072,54.261589,33590000
2018.02.20,00:00,54.051937,55.210719,53.950332,54.641243,28462000
2018.02.21,00:00,54.839996,56.202979,54.833057,55.081367,30258000
2018.02.22,00:00,55.321754,55.650354,54.647697,54.847931,26344000
2018.02.23,00:00,55.145794,55.871395,54.752956,55.847111,25220000
2018.02.26,00:00,55.897175,56.698116,55.842410,56.687706,31182000
2018.02.27,00:00,56.563309,56.702085,55.411466,55.425838,35482000
2018.02.28,00:00,55.660762,55.883794,54.679908,54.753757,37652000
2018.03.01,00:00,54.909378,55.020894,52.883787,53.008636,50318000
2018.03.02,00:00,52.193821,53.627134,51.947742,53.474529,45432000
2018.03.05,00:00,53.287189,54.375592,52.982872,54.069790,24044000
2018.03.06,00:00,54.480657,54.611008,54.012537,54.274475,30656000
2018.03.07,00:00,53.983542,55.124979,53.799764,54.997105,25850000
2018.03.08,00:00,55.278623,55.887259,55.153725,55.807957,27102000
2018.03.09,00:00,56.303588,57.532753,56.128186,57.495083,42560000
2018.03.12,00:00,57.683920,58.338151,57.365227,57.716133,43446000
2018.03.13,00:00,57.988738,58.323786,56.171262,56.411148,38144000
2018.03.14,00:00,56.760072,57.423224,56.573216,56.972198,25828000
2018.03.15,00:00,56.995485,57.546626,56.231224,56.976650,27908000
2018.03.16,00:00,57.202664,57.288901,56.103355,56.290207,61840000
2018.03.19,00:00,55.511075,55.609209,53.974622,54.510399,56118000
2018.03.20,00:00,54.469758,54.777046,53.699548,54.405823,36638000
2018.03.21,00:00,54.159492,54.831564,53.783308,54.067303,37578000
2018.03.22,00:00,53.621241,53.671794,51.838459,51.995571,53340000
2018.03.23,00:00,51.893969,52.703330,50.614746,50.632092,43134000
2018.03.26,00:00,51.842922,52.320216,49.979351,52.200272,53302000
2018.03.27,00:00,52.685491,52.776637,49.410366,49.815792,61906000
2018.03.28,00:00,49.463896,50.763930,48.603482,49.789028,67386000
2018.03.29,00:00,50.139429,51.694221,49.706743,51.138618,54536000
2018.04.02,00:00,50.694042,51.287810,49.085725,49.883690,53608000
2018.04.03,00:00,50.252440,50.603347,49.269109,50.227661,45502000
2018.04.04,00:00,49.236400,50.986371,49.216079,50.809032,49694000
2018.04.05,00:00,51.611459,51.683819,50.560771,50.941364,27260000
2018.04.06,00:00,50.554281,51.120290,49.713197,49.911945,34928000
2018.04.09,00:00,50.395681,51.525717,50.260868,50.328770,35032000
2018.04.10,00:00,50.873465,51.361166,50.125066,51.131195,39490000
2018.04.11,00:00,50.950284,51.117507,50.349578,50.552788,29678000
2018.04.12,00:00,50.804076,51.579738,50.625403,51.174313,27140000
2018.04.13,00:00,51.589161,51.863741,50.701983,51.013737,24460000
2018.04.16,00:00,51.396848,51.706121,50.888335,51.445419,24224000
2018.04.17,00:00,52.109076,53.422992,51.954933,53.238617,46406000
2018.04.18,00:00,53.400681,53.400681,52.845328,53.135521,26882000
2018.04.19,00:00,53.002694,54.230119,52.942227,53.909695,34954000
2018.04.20,00:00,53.627180,54.140159,53.011113,53.179131,37794000
2018.04.23,00:00,53.421995,53.662871,52.571492,52.906044,46826000
2018.04.24,00:00,52.140289,52.388104,50.087886,50.553284,95206000
2018.04.25,00:00,50.827865,51.173318,50.321825,50.612759,47822000
2018.04.26,00:00,51.025620,51.941049,50.464569,51.547520,41590000
2018.04.27,00:00,51.842910,52.016380,50.831329,51.052380,32396000
2018.04.30,00:00,51.050405,51.396850,50.398155,50.421947,33426000
2018.05.01,00:00,50.240048,51.469708,49.969931,51.412216,28558000
2018.05.02,00:00,50.955738,51.564820,50.696525,50.771366,32062000
2018.05.03,00:00,50.504714,51.033798,49.874766,50.738651,36302000
2018.05.04,00:00,50.400633,51.967318,50.400633,51.952450,38774000
2018.05.07,00:00,52.003002,52.620063,51.897434,52.278572,29322000
2018.05.08,00:00,52.464434,52.564058,51.899666,52.234959,24354000
2018.05.09,00:00,52.442626,53.797680,52.356635,53.664852,40656000
2018.05.10,00:00,53.826919,54.541123,53.807593,54.398880,28860000
2018.05.11,00:00,54.202117,54.585241,54.068794,54.433079,25074000
2018.05.14,00:00,54.519317,55.052118,54.475208,54.529228,30362000
2018.05.15,00:00,54.023683,54.026159,53.204406,53.489887,29898000
2018.05.16,00:00,53.394737,53.987510,53.342694,53.615788,21946000
2018.05.17,00:00,53.522602,53.868551,53.205895,53.458172,20876000
2018.05.18,00:00,52.628984,53.029457,52.570502,52.852020,31304000
2018.05.21,00:00,53.233648,53.924558,53.213327,53.507236,20464000
2018.05.22,00:00,53.704501,53.854674,52.868371,53.019043,21800000
2018.05.23,00:00,52.791053,53.566716,52.621546,53.512691,21214000
2018.05.24,00:00,53.478491,53.551346,52.841604,53.490387,15336000
2018.05.25,00:00,53.479485,53.654936,53.219528,53.312954,17988000
2018.05.29,00:00,52.779161,53.199456,52.299889,52.552658,37302000
2018.05.30,00:00,52.686971,52.993269,52.379679,52.923386,22770000
2018.05.31,00:00,52.911490,54.380045,52.911490,53.775375,61766000
2018.06.01,00:00,54.487107,55.510585,54.444979,55.485802,48432000
2018.06.04,00:00,55.626064,56.595517,55.609955,56.466652,37792000
2018.06.05,00:00,56.550898,56.786223,56.164307,56.484982,33560000
2018.06.06,00:00,56.609398,56.650535,55.795226,56.347210,33964000
2018.06.07,00:00,56.071634,56.294666,55.338100,55.701893,30400000
2018.06.08,00:00,55.420369,55.841158,55.121502,55.553692,25816000
2018.06.11,00:00,55.441188,56.366032,55.441188,56.005711,21586000
2018.06.12,00:00,56.059239,56.491425,56.042635,56.468132,18240000
2018.06.13,00:00,56.557357,56.824007,56.173739,56.243622,30128000
2018.06.14,00:00,56.692663,57.268582,56.533566,57.102547,26868000
2018.06.15,00:00,56.940962,57.166970,56.674561,57.109474,42450000
2018.06.18,00:00,56.682746,58.202349,56.679774,58.160221,28274000
2018.06.19,00:00,57.418751,58.051671,57.196215,57.892574,32420000
2018.06.20,00:00,58.251905,58.795910,57.947094,57.980797,32970000
2018.06.21,00:00,58.229110,58.350291,57.108092,57.377121,24762000
2018.06.22,00:00,57.450480,57.616864,56.861670,57.269077,26220000
2018.06.25,00:00,56.680273,56.695637,55.152741,55.748985,43146000
2018.06.26,00:00,55.907086,56.165307,55.344991,55.434254,31264000
2018.06.27,00:00,55.576997,56.097210,54.698739,54.716583,25878000
2018.06.28,00:00,54.622900,55.625066,54.321556,55.224098,21448000
2018.06.29,00:00,55.510581,55.918336,55.262766,55.294983,26302000
2018.07.02,00:00,54.469754,55.907082,54.212024,55.880318,24346000
2018.07.03,00:00,56.294662,56.294662,54.520305,54.662552,13580000
2018.07.05,00:00,55.041221,55.882305,54.939616,55.722218,21334000
2018.07.06,00:00,55.688017,56.547935,55.547108,56.510265,19922000
2018.07.09,00:00,56.922131,57.228928,56.671344,57.198196,18180000
2018.07.10,00:00,57.343413,57.472774,56.977143,57.138222,15968000
2018.07.11,00:00,56.729334,57.705726,56.551402,57.190765,22400000
2018.07.12,00:00,57.487649,58.702936,57.291627,58.656841,25038000
2018.07.13,00:00,58.732176,59.248475,58.484361,58.921509,24438000
2018.07.16,00:00,58.949751,59.029545,58.448668,58.675667,21114000
2018.07.17,00:00,58.098762,59.626294,58.018468,59.416145,32208000
2018.07.18,00:00,59.305119,59.698649,58.996836,59.271416,27872000
2018.07.19,00:00,59.029549,59.475617,58.648907,58.829315,25534000
2018.07.20,00:00,58.829323,59.319996,58.693520,58.727718,24948000
2018.07.23,00:00,58.534414,59.797282,58.533919,59.748215,52384000
2018.07.24,00:00,62.577770,62.746777,61.238080,61.858608,66364000
2018.07.25,00:00,61.415026,62.739844,61.415026,62.632790,42556000
2018.07.26,00:00,62.003335,62.933681,61.905201,62.862263,48112000
2018.07.27,00:00,62.994599,63.137837,61.012078,61.383801,42612000
2018.07.30,00:00,60.863879,61.206160,60.044107,60.453991,36998000
2018.07.31,00:00,60.467380,60.842968,59.753176,60.331081,32894000
2018.08.01,00:00,60.863391,61.134499,59.981665,60.467381,31344000
2018.08.02,00:00,59.768042,60.956565,59.713027,60.771694,30626000
2018.08.03,00:00,60.943668,60.962503,60.222030,60.650753,21792000
2018.08.06,00:00,60.714694,60.768620,60.258564,60.703293,21634000
2018.08.07,00:00,61.309452,62.011760,61.268315,61.568172,29880000
2018.08.08,00:00,61.481437,62.275934,61.359412,61.736191,27406000
2018.08.09,00:00,61.948812,62.228447,61.756012,61.909164,16972000
2018.08.10,00:00,61.606837,61.740409,61.061640,61.339691,22174000
2018.08.13,00:00,61.308462,61.917740,61.142970,61.210823,19946000
2018.08.14,00:00,61.219744,61.749077,60.720151,61.562225,26962000
2018.08.15,00:00,60.925833,61.222219,59.946960,60.188335,36576000
2018.08.16,00:00,60.701311,60.764256,59.602003,59.797283,26864000
2018.08.17,00:00,59.576235,59.922679,58.892758,59.523201,27792000
2018.08.20,00:00,59.724423,60.020809,59.209265,59.860722,17416000
2018.08.21,00:00,59.872128,60.331079,59.493168,59.555916,24112000
2018.08.22,00:00,59.475619,60.062444,59.426057,59.838917,17748000
2018.08.23,00:00,59.829504,60.530325,59.685774,59.742275,19852000
2018.08.24,00:00,59.912766,60.548658,59.790791,60.499096,18932000
2018.08.27,00:00,60.843559,61.611288,60.750182,61.548344,23126000
2018.08.28,00:00,61.522077,61.584281,60.897586,61.019508,26080000
2018.08.29,00:00,61.331754,61.986481,61.277681,61.919075,25978000
2018.08.30,00:00,61.667792,62.133935,61.090881,61.414528,26628000
2018.08.31,00:00,61.209330,61.391720,60.034935,60.377167,36328000
2018.09.04,00:00,59.687253,60.119443,59.103895,59.326927,36620000
2018.09.05,00:00,59.168325,59.426550,57.592221,58.805527,41226000
2018.09.06,00:00,58.796603,58.796603,57.096592,58.060097,37770000
2018.09.07,00:00,57.427187,58.249440,57.355073,57.732498,28026000
2018.09.10,00:00,58.097275,58.213749,57.498554,57.723072,22308000
2018.09.11,00:00,57.573890,58.418937,57.306745,58.353516,24186000
2018.09.12,00:00,58.123542,58.415467,57.411815,57.632866,25910000
2018.09.13,00:00,58.025409,58.415471,57.634360,58.252903,28624000
2018.09.14,00:00,58.439764,58.505434,57.905968,58.114132,18880000
2018.09.17,00:00,57.995662,58.347559,57.197202,57.297321,26130000
2018.09.18,00:00,57.348866,58.290069,57.348866,57.553562,24072000
2018.09.19,00:00,57.739925,58.147828,57.224469,58.042755,23828000
2018.09.20,00:00,58.483864,58.974537,58.155260,58.824856,24508000
2018.09.21,00:00,59.079113,59.089523,57.792457,57.794937,88112000
2018.09.24,00:00,57.352836,58.385233,56.844319,58.155754,25420000
2018.09.25,00:00,58.293547,58.825361,57.889611,58.714832,19554000
2018.09.26,00:00,58.739606,59.189636,58.224895,58.508644,29246000
2018.09.27,00:00,58.817921,59.579706,58.664277,59.209965,25216000
2018.09.28,00:00,59.072671,59.248126,58.707392,59.151974,27612000
2018.10.01,00:00,59.470163,59.966288,58.994854,59.243164,27152000
2018.10.02,00:00,59.027569,59.969267,58.812962,59.481071,33758000
2018.10.03,00:00,59.723439,59.793322,59.169822,59.621834,25124000
2018.10.04,00:00,59.244156,59.352205,57.273830,57.899017,44190000
2018.10.05,00:00,57.864824,58.162201,56.755604,57.361759,23686000
2018.10.08,00:00,57.002924,57.889607,55.875561,56.946423,38648000
2018.10.09,00:00,56.806653,57.213070,56.381504,56.443359,26174000
2018.10.10,00:00,56.059740,56.113764,53.584066,53.588528,53514000
2018.10.11,00:00,53.178142,54.836521,52.946685,53.494354,58980000
2018.10.12,00:00,54.915818,55.262758,53.845354,55.018909,42026000
2018.10.15,00:00,54.960924,55.185741,53.974126,54.135204,27448000
2018.10.16,00:00,54.746810,55.719731,54.643224,55.574017,38570000
2018.10.17,00:00,55.830754,55.956148,54.627859,55.296959,29344000
2018.10.18,00:00,55.601784,55.601784,53.383840,53.923084,41890000
2018.10.19,00:00,54.190719,55.032798,53.912177,54.343872,25352000
2018.10.22,00:00,54.670984,55.125476,54.073253,54.576813,30284000
2018.10.23,00:00,53.572166,54.910369,53.032426,54.702206,36974000
2018.10.24,00:00,54.729965,54.822646,51.978720,52.076359,39648000
2018.10.25,00:00,53.121147,55.063521,53.010127,54.299755,50916000
2018.10.26,00:00,51.398339,54.842967,51.252621,53.105289,83752000
2018.10.29,00:00,53.650483,54.372616,49.356342,50.558247,77614000
2018.10.30,00:00,49.982326,51.421140,49.600193,51.357700,64254000
2018.10.31,00:00,52.527385,54.119843,52.388110,53.367973,50596000
2018.11.01,00:00,53.319895,53.725071,52.658725,53.032429,29640000
2018.11.02,00:00,53.217301,53.675510,52.269654,52.427265,36780000
2018.11.05,00:00,52.288979,52.460962,50.615732,51.549995,48828000
2018.11.06,00:00,51.519770,52.752156,51.449887,52.329136,24666000
2018.11.07,00:00,52.982864,54.294300,52.829216,54.191704,41168000
2018.11.08,00:00,54.092084,54.185760,53.141712,53.647007,29764000
2018.11.09,00:00,53.230182,53.307995,52.195304,52.841606,26864000
2018.11.12,00:00,52.605689,52.641869,51.099468,51.477634,29436000
2018.11.13,00:00,51.708602,52.368532,51.106904,51.349766,30274000
2018.11.14,00:00,52.041171,52.267376,51.099473,51.726940,31318000
2018.11.15,00:00,51.778980,53.124119,51.138131,52.770241,36722000
2018.11.16,00:00,52.507562,52.883743,51.990620,52.610653,33162000
2018.11.19,00:00,52.398020,52.575952,50.368910,50.554276,37172000
2018.11.20,00:00,49.563011,51.136143,49.365749,50.839752,48982000
2018.11.21,00:00,51.384958,51.969802,51.221894,51.427086,30686000
2018.11.23,00:00,51.049904,51.426088,50.673174,50.746578,13830000
2018.11.26,00:00,51.463762,52.006973,51.243702,51.972775,38856000
2018.11.27,00:00,51.595099,52.416856,51.470696,51.764111,36064000
2018.11.28,00:00,51.979707,53.867066,51.335386,53.836834,49508000
2018.11.29,00:00,53.333778,54.234089,53.329811,53.939438,29378000
2018.11.30,00:00,53.977596,54.299757,53.422988,54.243256,51604000
2018.12.03,00:00,55.666210,55.741046,54.700969,54.838009,39824000
2018.12.04,00:00,54.673954,54.738388,52.040177,52.081810,46904000
2018.12.06,00:00,51.261042,53.091900,51.088068,52.969479,55384000
2018.12.07,00:00,52.537293,53.293129,50.975561,51.376030,42024000
2018.12.10,00:00,51.300203,51.964350,50.717345,51.523239,36154000
2018.12.11,00:00,52.362831,52.566533,51.537607,52.127903,27894000
2018.12.12,00:00,52.933304,53.609838,52.675079,52.719189,30476000
2018.12.13,00:00,52.936772,53.516163,52.235950,52.630970,26596000
2018.12.14,00:00,52.040174,52.665660,51.584690,51.649616,33732000
2018.12.17,00:00,51.422126,52.197293,49.954565,50.382294,47708000
2018.12.18,00:00,50.856114,52.015391,50.625644,50.985970,43850000
2018.12.19,00:00,51.247666,52.635924,49.962001,50.703465,49586000
2018.12.20,00:00,50.461594,51.259060,49.382606,50.029404,53470000
2018.12.21,00:00,50.321333,50.753524,48.259018,48.548962,91920000
2018.12.24,00:00,48.269427,49.738474,48.081585,48.384415,31806000
2018.12.26,00:00,49.018319,51.545537,48.720446,51.518772,47466000
2018.12.27,00:00,50.413017,51.738334,49.414323,51.737839,42196000
2018.12.28,00:00,52.022333,52.316738,51.203552,51.400814,28296000
2018.12.31,00:00,52.088751,52.174989,50.732212,51.327957,29866000
2019.01.02,00:00,50.384278,52.156158,50.341654,51.835484,30652000
2019.01.03,00:00,51.595101,52.387117,50.260368,50.359001,36822000
2019.01.04,00:00,51.178279,53.074063,50.921937,53.067619,41878000
2019.01.07,00:00,53.106776,53.230684,52.277089,52.952633,39638000
2019.01.08,00:00,53.335256,53.754065,52.563065,53.343681,35298000
2019.01.09,00:00,53.609841,53.658413,52.854005,53.263397,23986000
2019.01.10,00:00,52.916450,53.089424,52.423300,53.048782,29128000
2019.01.11,00:00,52.694404,52.723895,51.965827,52.397522,30416000
2019.01.14,00:00,51.888514,52.116999,51.607740,51.777988,22886000
2019.01.15,00:00,52.049593,53.530536,51.909332,53.386803,29272000
2019.01.16,00:00,53.528058,54.141401,53.495345,53.576134,26636000
2019.01.17,00:00,53.501788,54.112901,53.205897,54.018730,24854000
2019.01.18,00:00,54.519320,54.933269,54.068295,54.433079,39112000
2019.01.22,00:00,53.924571,54.098536,52.708788,53.058208,32270000
2019.01.23,00:00,53.396721,53.772407,52.524411,53.308498,19340000
2019.01.24,00:00,53.353601,53.502042,52.571495,53.225727,27226000
2019.01.25,00:00,53.775872,54.221940,53.618261,54.072754,22382000
2019.01.28,00:00,53.533508,53.676746,52.725134,53.036392,25686000
2019.01.29,00:00,53.165255,53.287676,52.331855,52.567524,20436000
2019.01.30,00:00,52.954617,54.073253,52.876305,53.977100,25596000
2019.01.31,00:00,54.668013,55.378250,54.291828,55.330669,30766000
2019.02.01,00:00,55.133903,55.758399,54.761685,55.052124,29244000
2019.02.04,00:00,55.146786,56.144985,54.966377,56.144985,51530000
2019.02.05,00:00,55.750461,56.841341,55.374178,56.798717,71044000
2019.02.06,00:00,56.480525,56.848776,55.152236,55.274162,42112000
2019.02.07,00:00,54.725501,54.759204,53.825436,54.455383,40896000
2019.02.08,00:00,53.874997,54.465294,53.852695,54.274475,21516000
2019.02.11,00:00,54.368152,54.813970,54.165441,54.271999,21304000
2019.02.12,00:00,54.856354,55.773023,54.809268,55.578487,32182000
2019.02.13,00:00,55.757903,56.240646,55.436238,55.518513,20996000
2019.02.14,00:00,55.413928,55.918478,55.037002,55.593346,18952000
2019.02.15,00:00,56.010173,56.088977,55.047164,55.195850,28996000
2019.02.19,00:00,55.014956,55.604262,55.014956,55.439217,20928000
2019.02.20,00:00,55.510086,55.679593,54.781013,55.203289,21756000
2019.02.21,00:00,55.056576,55.111096,54.148582,54.369137,28302000
2019.02.22,00:00,54.563926,55.076410,54.301243,55.033291,20990000
2019.02.25,00:00,55.312328,55.438217,54.879642,54.985214,28262000
2019.02.26,00:00,54.804300,55.486287,54.515348,55.269203,29426000
2019.02.27,00:00,54.863786,55.410465,54.568886,55.314812,19368000
2019.02.28,00:00,55.079378,55.889734,55.065005,55.506611,30850000
2019.03.01,00:00,55.753445,56.649049,55.746011,56.550915,29006000
2019.03.04,00:00,56.848285,57.407854,56.040409,56.888432,28920000
2019.03.05,00:00,57.000443,57.969401,56.808883,57.593716,28864000
2019.03.06,00:00,57.616511,57.868092,57.269571,57.387035,21986000
2019.03.07,00:00,57.280961,57.332259,56.249554,56.665390,23332000
2019.03.08,00:00,55.844139,56.852748,55.674140,56.616829,24248000
2019.03.11,00:00,56.722395,58.295527,56.722395,58.274212,34384000
2019.03.12,00:00,58.398115,59.475617,58.398115,59.138588,40262000
2019.03.13,00:00,59.507587,59.521714,59.076142,59.144539,28718000
2019.03.14,00:00,59.203520,59.370550,58.706404,58.759438,23456000
2019.03.15,00:00,59.147507,59.305614,58.613716,58.705406,49236000
2019.03.18,00:00,58.647919,58.979990,58.356538,58.695499,25852000
2019.03.19,00:00,58.921009,59.475621,58.775295,59.418625,30414000
2019.03.20,00:00,59.344274,60.820755,59.285788,60.663643,44548000
2019.03.21,00:00,60.268631,61.051233,60.127379,61.038841,24080000
2019.03.22,00:00,60.780117,60.962507,59.615633,59.748215,34284000
2019.03.25,00:00,59.323463,59.792725,58.833285,59.128681,29936000
2019.03.26,00:00,59.402758,59.615879,58.321789,58.713337,38024000
2019.03.27,00:00,58.756956,58.859003,57.461871,58.138409,28004000
2019.03.28,00:00,58.065058,58.066298,57.464900,57.913891,19234000
2019.03.29,00:00,58.231582,58.434297,57.635837,58.152779,25398000
2019.04.01,00:00,58.687570,59.310080,58.583484,59.199554,25050000
2019.04.02,00:00,59.243665,59.542532,58.767365,59.499908,16558000
2019.04.03,00:00,59.846349,60.283493,59.500400,59.769032,20286000
2019.04.04,00:00,59.770023,60.252271,59.680314,60.219063,19000000
2019.04.05,00:00,60.218574,60.279537,59.724925,59.829998,18144000
2019.04.08,00:00,59.866677,59.906328,59.468685,59.665947,17204000
2019.04.09,00:00,59.277371,59.589121,59.132647,59.339325,17528000
2019.04.10,00:00,59.509325,59.663219,59.298930,59.582680,14492000
2019.04.11,00:00,59.671893,59.870142,59.482065,59.704601,14204000
2019.04.12,00:00,59.971251,60.385101,59.877575,60.361313,18668000
2019.04.15,00:00,60.367760,60.675048,59.927145,60.521404,23748000
2019.04.16,00:00,60.714699,61.003156,60.472832,60.820267,17126000
2019.04.17,00:00,61.111205,61.485899,60.854465,61.276745,24438000
2019.04.18,00:00,61.417500,61.557267,61.190997,61.278229,26636000
2019.04.22,00:00,61.259392,61.908666,60.878749,61.896278,16146000
2019.04.23,00:00,61.987975,62.895474,61.774358,62.674919,26398000
2019.04.24,00:00,62.653606,62.846406,62.201590,62.251152,20376000
2019.04.25,00:00,62.685817,62.816565,62.054387,62.620396,22146000
2019.04.26,00:00,62.895463,63.097183,62.465254,63.053074,24828000
2019.04.29,00:00,63.143286,63.900114,62.761403,63.816349,49988000
2019.04.30,00:00,58.732176,59.119263,58.236546,58.904655,124140000
2019.05.01,00:00,58.883344,58.883344,57.848965,57.893570,52784000
2019.05.02,00:00,57.877712,58.196402,57.245386,57.622463,38896000
2019.05.03,00:00,58.169636,58.821391,57.939170,58.752003,39614000
2019.05.06,00:00,57.803366,59.022121,57.803366,58.949760,31278000
2019.05.07,00:00,58.507650,59.001794,57.544640,58.191936,31028000
2019.05.08,00:00,58.088346,58.505370,57.777587,57.803856,26186000
2019.05.09,00:00,57.445022,57.971878,57.039596,57.611057,23714000
2019.05.10,00:00,57.671032,58.117595,56.625747,57.704735,26290000
2019.05.13,00:00,56.598982,56.895368,55.615156,56.106823,37212000
2019.05.14,00:00,56.363563,56.522660,55.488281,55.532391,36732000
2019.05.15,00:00,55.405012,58.054651,55.345338,57.701759,45786000
2019.05.16,00:00,57.716627,58.888796,57.633857,58.433807,30628000
2019.05.17,00:00,57.912892,58.491788,57.493589,57.607090,24172000
2019.05.20,00:00,56.724868,56.838717,56.077726,56.444839,27066000
2019.05.21,00:00,56.922629,57.131685,56.399739,56.979130,23196000
2019.05.22,00:00,56.836395,57.419749,56.793768,57.067852,18290000
2019.05.23,00:00,56.526623,56.797878,55.967749,56.540005,23978000
2019.05.24,00:00,56.866622,56.985822,56.088483,56.178192,22240000
2019.05.28,00:00,56.204468,57.076132,56.160850,56.211903,27300000
2019.05.29,00:00,55.883293,55.961605,54.926727,55.335129,30764000
2019.05.30,00:00,55.289536,55.665720,55.120029,55.408981,19038000
2019.05.31,00:00,54.583252,54.995121,54.528237,54.699230,30156000
2019.06.03,00:00,52.809395,52.809395,50.802091,51.358685,102612000
2019.06.04,00:00,51.689273,52.341028,51.232798,52.192337,56670000
2019.06.05,00:00,52.117494,52.217118,51.074195,51.655567,43368000
2019.06.06,00:00,51.792864,51.916772,51.233299,51.760647,34064000
2019.06.07,00:00,52.072396,53.078030,51.961867,52.836159,36048000
2019.06.10,00:00,53.180121,54.155522,53.147511,53.546890,29284000
2019.06.11,00:00,54.220947,54.617944,53.409252,53.464615,28734000
2019.06.12,00:00,53.428936,53.574155,52.910504,53.380859,21220000
2019.06.13,00:00,53.708468,54.230367,53.535494,53.962727,21154000
2019.06.14,00:00,53.846250,54.157010,53.536580,53.793221,22230000
2019.06.17,00:00,53.839312,54.478675,53.839312,54.147594,18832000
2019.06.18,00:00,54.999589,55.331661,54.469265,54.697750,27734000
2019.06.19,00:00,54.796861,54.866249,54.196159,54.634792,26776000
2019.06.20,00:00,55.510091,55.516534,54.754254,55.085335,25240000
2019.06.21,00:00,54.977279,55.714281,54.919784,55.603756,38952000
2019.06.24,00:00,55.491251,55.609706,55.065009,55.288540,27912000
2019.06.25,00:00,55.146786,55.230547,53.716397,53.842785,30938000
2019.06.26,00:00,53.850222,54.170892,53.143452,53.518150,36218000
2019.06.27,00:00,53.726310,53.879954,53.294615,53.330299,20086000
2019.06.28,00:00,53.349136,53.577620,53.199454,53.573162,33864000
2019.07.01,00:00,54.420190,54.895004,54.207216,54.417709,28726000
2019.07.02,00:00,54.630337,55.102674,54.428617,55.076900,19832000
2019.07.03,00:00,55.382212,55.845629,55.206266,55.588890,15340000
2019.07.05,00:00,55.401541,56.148953,55.319267,56.085014,25286000
2019.07.08,00:00,55.766818,55.806964,55.074920,55.329674,24728000
2019.07.09,00:00,55.104166,55.908325,54.874691,55.749973,26608000
2019.07.10,00:00,56.066672,56.603440,56.054281,56.525623,24190000
2019.07.11,00:00,56.662918,57.149628,56.481023,56.710499,23910000
2019.07.12,00:00,56.699597,56.865633,56.441372,56.744698,17280000
2019.07.15,00:00,56.841837,57.038109,56.472100,57.014317,18076000
2019.07.16,00:00,56.799222,57.422727,56.749660,57.174911,24776000
2019.07.17,00:00,57.045547,57.411817,56.787821,56.816566,23400000
2019.07.18,00:00,56.588073,56.878757,56.141510,56.815567,25814000
2019.07.19,00:00,56.907756,57.053966,55.987370,56.011162,32944000
2019.07.22,00:00,56.177205,56.464671,55.720731,56.406185,26030000
2019.07.23,00:00,56.700093,56.843826,56.095424,56.809628,21874000
2019.07.24,00:00,56.100380,56.700092,55.857023,56.393295,31796000
2019.07.25,00:00,56.393791,56.586096,55.556179,56.111282,44196000
2019.07.26,00:00,60.667121,62.724482,60.665139,61.974098,96116000
2019.07.29,00:00,61.510186,61.823422,60.874785,61.428902,44474000
2019.07.30,00:00,60.735020,61.203886,60.630443,60.721638,29066000
2019.07.31,00:00,60.615566,61.160759,59.860422,60.302326,34510000
2019.08.01,00:00,60.170986,61.166213,59.759117,59.922180,33970000
2019.08.02,00:00,59.512302,59.817612,58.927458,59.177753,32902000
2019.08.05,00:00,57.990712,58.248442,56.508779,57.112457,51950000
2019.08.06,00:00,57.657156,58.482381,57.493102,57.986256,34188000
2019.08.07,00:00,57.294849,58.407290,56.978837,58.186489,28886000
2019.08.08,00:00,58.624625,59.723934,58.138414,59.713528,29360000
2019.08.09,00:00,59.375999,59.667923,58.662933,58.881359,21314000
2019.08.12,00:00,58.445200,58.730190,57.873341,58.222168,20060000
2019.08.13,00:00,58.061095,59.712531,58.061095,59.340313,25888000
2019.08.14,00:00,58.301472,58.598358,57.519865,57.705727,31574000
2019.08.15,00:00,57.666571,58.278180,57.597679,57.852928,24374000
2019.08.16,00:00,58.462061,58.619177,58.078443,58.365414,26266000
2019.08.19,00:00,58.984450,59.822062,58.984450,59.398796,24632000
2019.08.20,00:00,59.240201,59.280348,58.588941,58.617687,18310000
2019.08.21,00:00,59.136117,59.426061,58.852614,59.041946,14814000
2019.08.22,00:00,59.181709,59.377088,58.413980,58.956696,18950000
2019.08.23,00:00,58.582997,59.182214,56.885962,57.061413,33740000
2019.08.26,00:00,57.357293,57.962458,57.144172,57.933712,24522000
2019.08.27,00:00,58.510625,58.603306,57.564960,57.881668,21544000
2019.08.28,00:00,57.577852,58.306925,57.359282,58.039284,16040000
2019.08.29,00:00,58.539874,59.280347,58.539874,59.121250,21768000
2019.08.30,00:00,59.401274,59.401274,58.672849,58.885818,22596000
2019.09.03,00:00,58.337163,58.825854,57.651705,57.908936,29598000
2019.09.04,00:00,58.321302,58.656845,58.038298,58.554249,21378000
2019.09.05,00:00,59.055824,60.121925,59.055824,60.039650,28162000
2019.09.06,00:00,59.878576,60.071127,59.600623,59.719971,21442000
2019.09.09,00:00,59.673866,60.466874,59.109839,59.694187,29438000
2019.09.10,00:00,59.235244,59.971255,59.206994,59.773003,25202000
2019.09.11,00:00,59.644634,60.595748,59.584661,60.475307,26140000
2019.09.12,00:00,60.680000,61.550324,60.616560,61.173153,34518000
2019.09.13,00:00,61.029421,61.501754,60.814314,61.436333,26028000
2019.09.16,00:00,60.938717,61.436328,60.744922,61.026936,21066000
2019.09.17,00:00,60.982333,61.210323,60.649767,60.920380,19102000
2019.09.18,00:00,60.839101,61.240560,60.294899,61.081959,22702000
2019.09.19,00:00,61.064609,61.678198,61.062627,61.394203,19920000
2019.09.20,00:00,61.117155,61.622700,60.619544,60.959049,45400000
2019.09.23,00:00,60.764259,61.413038,60.673559,61.162251,21248000
2019.09.24,00:00,61.458141,61.792197,60.004954,60.405422,31664000
2019.09.25,00:00,60.259707,61.869515,59.975712,61.781292,29060000
2019.09.26,00:00,61.555281,61.705953,61.074917,61.527031,30760000
2019.09.27,00:00,61.607335,61.657393,60.191814,60.719166,27078000
2019.09.30,00:00,60.514955,60.764256,60.085245,60.417316,28082000
2019.10.01,00:00,60.417315,61.023471,59.653054,59.728390,25470000
2019.10.02,00:00,59.325939,59.325939,58.052665,58.317333,32302000
2019.10.03,00:00,58.484356,58.933396,57.613532,58.872433,32424000
2019.10.04,00:00,59.073658,60.042612,58.938845,59.921680,23248000
2019.10.07,00:00,59.693698,60.377863,59.661481,59.856262,16858000
2019.10.08,00:00,59.356174,59.776964,58.930922,58.936871,20786000
2019.10.09,00:00,59.443409,59.889477,59.358162,59.590118,17354000
2019.10.10,00:00,59.405238,60.219062,59.343780,59.905327,16932000
2019.10.11,00:00,60.576418,60.882716,60.156620,60.241371,25454000
2019.10.14,00:00,60.087230,60.780618,60.058484,60.325130,17350000
2019.10.15,00:00,60.486702,61.821435,60.486702,61.607323,27634000
2019.10.16,00:00,61.516128,62.188700,61.381319,61.638550,21892000
2019.10.17,00:00,61.999863,62.614194,61.950796,62.105927,19048000
2019.10.18,00:00,62.125263,62.394390,61.511674,61.730247,27056000
2019.10.21,00:00,62.065785,62.183200,61.487880,61.762955,20544000
2019.10.22,00:00,61.847220,61.983515,61.526545,61.596924,20476000
2019.10.23,00:00,61.575108,62.443947,61.575108,62.406281,18230000
2019.10.24,00:00,62.494004,62.647652,62.137895,62.498466,20562000
2019.10.25,00:00,62.004811,62.925197,61.954258,62.703651,24262000
2019.10.28,00:00,63.215140,64.397715,63.070912,63.936283,52264000
2019.10.29,00:00,63.253807,63.519462,62.311216,62.579254,37728000
2019.10.30,00:00,62.100975,62.913313,62.052899,62.513340,28178000
2019.10.31,00:00,62.512848,62.829556,61.995558,62.454861,29114000
2019.11.01,00:00,62.697217,63.174012,62.474185,63.130398,33402000
2019.11.04,00:00,63.264710,64.140983,63.260002,64.004189,30020000
2019.11.05,00:00,64.079527,64.378889,63.997199,64.036903,25654000
2019.11.06,00:00,63.909516,64.121151,63.564557,64.025490,23060000
2019.11.07,00:00,64.148430,65.608557,64.146699,64.871063,40600000
2019.11.08,00:00,64.693610,65.324053,64.648256,64.995445,25028000
2019.11.11,00:00,64.589527,64.750363,64.303550,64.391777,20238000
2019.11.12,00:00,64.431925,64.927555,64.222271,64.372452,21718000
2019.11.13,00:00,64.138009,64.645036,64.110254,64.332794,16534000
2019.11.14,00:00,64.308011,65.274488,64.216320,64.999908,23870000
2019.11.15,00:00,65.370639,66.160678,65.139674,66.160179,35652000
2019.11.18,00:00,66.028848,66.192853,65.299280,65.457886,29748000
2019.11.19,00:00,65.804824,65.804824,65.066333,65.198174,25384000
2019.11.20,00:00,65.013788,65.175366,63.993291,64.583084,26172000
2019.11.21,00:00,64.505276,65.055925,64.084986,64.498833,19910000
2019.11.22,00:00,64.710474,64.864617,64.006188,64.200966,27714000
2019.11.25,00:00,64.391282,64.992480,64.339243,64.763504,20724000
2019.11.26,00:00,64.920611,65.165454,64.684201,65.103500,21394000
2019.11.27,00:00,65.175376,65.341907,64.909221,65.075752,19912000
2019.11.29,00:00,64.784815,64.937711,64.628690,64.677757,11740000
2019.12.02,00:00,64.481490,64.720873,63.490230,63.932331,30218000
2019.12.03,00:00,63.419348,64.355643,63.391098,64.197983,22876000
2019.12.04,00:00,64.779373,65.710661,64.673306,65.449959,30750000
2019.12.05,00:00,65.819675,65.886983,65.246724,65.826118,24254000
2019.12.06,00:00,66.089312,66.612697,66.089312,66.445175,26296000
2019.12.09,00:00,66.317293,67.378440,66.307378,66.590881,27086000
2019.12.10,00:00,66.488785,66.908833,66.218176,66.645409,21882000
2019.12.11,00:00,66.951711,66.969551,66.546780,66.663254,17008000
2019.12.12,00:00,66.708832,67.196287,66.439214,66.923439,25620000
2019.12.13,00:00,66.808473,67.063374,66.606253,66.802528,30992000
2019.12.16,00:00,67.232227,67.637657,67.042403,67.463692,27946000
2019.12.17,00:00,67.548935,67.653512,66.975635,67.163826,37080000
2019.12.18,00:00,67.237206,67.429011,66.959654,67.039940,30452000
2019.12.19,00:00,67.000280,67.311531,66.859765,67.209435,29398000
2019.12.20,00:00,67.571730,67.586100,66.860495,66.889740,66300000
2019.12.23,00:00,67.201014,67.395792,66.737102,66.852585,17662000
2019.12.24,00:00,66.835724,66.922953,66.552221,66.590881,6950000
2019.12.26,00:00,66.720253,67.471481,66.635997,67.425529,13350000
2019.12.27,00:00,67.553896,67.630226,66.875876,67.003746,20768000
2019.12.30,00:00,66.910073,67.058764,66.118053,66.223129,21018000
2019.12.31,00:00,65.924276,66.315329,65.873470,66.266754,19236000
2020.01.02,00:00,66.491256,67.809135,66.491256,67.770973,28132000
2020.01.03,00:00,66.804002,68.025237,66.689215,67.438408,23728000
2020.01.06,00:00,66.910074,69.214751,66.910074,69.101257,34646000
2020.01.07,00:00,69.286129,69.536417,68.911427,69.058136,30054000
2020.01.08,00:00,68.995675,69.962160,68.934220,69.602333,30560000
2020.01.09,00:00,70.407727,70.742771,69.897221,70.371048,30018000
2020.01.10,00:00,70.754183,71.119417,70.297713,70.861740,36414000
2020.01.13,00:00,71.178936,71.396516,70.677854,71.332581,33046000
2020.01.14,00:00,71.321681,71.459957,70.794333,70.918732,31178000
2020.01.15,00:00,70.885505,71.439867,70.885505,71.331078,25654000
2020.01.16,00:00,71.739479,71.964992,71.416324,71.950615,23474000
2020.01.17,00:00,72.506242,73.417459,72.273795,73.372604,47924000
2020.01.21,00:00,73.309650,73.940585,72.917107,73.571342,40734000
2020.01.22,00:00,73.898458,74.503816,73.597606,73.648163,32216000
2020.01.23,00:00,73.731928,74.122482,73.457349,73.682854,27024000
2020.01.24,00:00,74.026828,74.121249,72.622212,72.694580,35692000
2020.01.27,00:00,70.924683,71.275094,70.438960,71.068413,35104000
2020.01.28,00:00,71.519429,72.163749,70.997526,71.993248,31548000
2020.01.29,00:00,72.302530,72.631130,71.704796,72.294106,21554000
2020.01.30,00:00,71.368771,72.227200,71.192325,72.155830,26788000
2020.01.31,00:00,72.803110,72.864073,70.802250,71.084763,48344000
2020.02.03,00:00,72.461122,73.848888,72.311940,73.647659,60736000
2020.02.04,00:00,72.216783,72.832850,70.691731,71.721153,78660000
2020.02.05,00:00,72.481943,72.552322,70.902863,71.778641,39724000
2020.02.06,00:00,71.882725,73.452381,71.845055,73.166405,33588000
2020.02.07,00:00,72.723811,73.642711,72.676725,73.315102,23446000
2020.02.10,00:00,73.071762,74.815384,73.071762,74.774742,28398000
2020.02.11,00:00,74.929863,75.813075,74.623959,74.780182,26892000
2020.02.12,00:00,75.062195,75.370232,74.746482,75.250038,23352000
2020.02.13,00:00,74.973479,75.691650,74.572519,75.071121,18590000
2020.02.14,00:00,75.117702,75.372459,74.708309,75.372459,23956000
2020.02.18,00:00,75.087971,75.912201,74.968525,75.319427,22414000
2020.02.19,00:00,75.587065,75.935789,75.405167,75.667358,18986000
2020.02.20,00:00,75.434917,75.813583,74.682556,75.244102,21932000
2020.02.21,00:00,74.742525,74.949948,73.375088,73.606544,34634000
2020.02.24,00:00,70.682305,71.220566,69.952745,70.458282,57342000
2020.02.25,00:00,71.023806,71.278556,68.515919,68.815773,49566000
2020.02.26,00:00,69.196918,70.166375,68.347406,69.050209,44048000
2020.02.27,00:00,67.507810,67.985796,65.282926,65.328529,59566000
2020.02.28,00:00,63.316760,66.470950,62.994599,66.381241,75782000
2020.03.02,00:00,66.989867,68.935716,65.760956,68.848480,48630000
2020.03.03,00:00,69.359484,69.891294,66.017943,66.483345,48046000
2020.03.04,00:00,67.367546,68.797936,66.568591,68.720116,38266000
2020.03.05,00:00,66.919977,67.351672,64.684681,65.375595,51226000
2020.03.06,00:00,63.294947,64.740201,62.501445,64.353119,53212000
2020.03.09,00:00,59.738309,62.189696,59.475626,60.246826,67308000
2020.03.10,00:00,62.449401,63.497661,60.405917,63.459991,52228000
2020.03.11,00:00,61.938904,62.496983,59.280840,60.239388,52170000
2020.03.12,00:00,55.807955,59.171798,55.178507,55.258301,84534000
2020.03.13,00:00,58.434794,60.454981,55.368975,60.453495,74002000
2020.03.16,00:00,54.321072,57.109836,53.252494,53.742672,85048000
2020.03.17,00:00,54.177828,56.048832,52.339040,55.500668,77230000
2020.03.18,00:00,52.363828,54.841483,51.410729,54.360722,84668000
2020.03.19,00:00,54.174853,57.392482,52.542150,55.277134,73022000
2020.03.20,00:00,56.289709,56.699596,52.808900,53.147415,72036000
2020.03.23,00:00,52.602225,53.097855,50.233903,52.369278,80882000
2020.03.24,00:00,54.706171,56.254025,54.054417,56.227261,66890000
2020.03.25,00:00,55.831257,56.942954,53.825935,54.642735,81630000
2020.03.26,00:00,55.104167,57.987249,54.198649,57.579842,71434000
2020.03.27,00:00,55.791600,57.030676,54.812236,55.050137,64170000
2020.03.30,00:00,55.760380,57.078262,54.344862,56.839863,51482000
2020.03.31,00:00,56.863650,58.251908,56.409653,57.632370,49728000
2020.04.01,00:00,55.609709,55.990851,54.392940,54.797867,46884000
2020.04.02,00:00,54.433085,55.850587,54.340899,55.552219,39298000
2020.04.03,00:00,55.461761,55.686034,53.518646,54.414249,46268000
2020.04.06,00:00,56.402717,59.210958,56.052802,58.827339,53294000
2020.04.07,00:00,60.516446,60.714698,58.594888,58.807018,47746000
2020.04.08,00:00,59.797775,60.420780,58.888790,59.985123,39502000
2020.04.09,00:00,60.669099,60.742949,59.313799,60.043118,43508000
2020.04.13,00:00,59.930607,60.492157,58.860940,60.345943,34796000
2020.04.14,00:00,61.710409,63.543248,61.305973,62.906857,49408000
2020.04.15,00:00,61.736192,63.463467,61.477971,62.571827,33434000
2020.04.16,00:00,63.148240,63.391098,61.587995,62.621384,50362000
2020.04.17,00:00,63.681048,64.155858,63.006000,63.601746,38980000
2020.04.20,00:00,62.994595,63.519966,62.517304,62.777016,33910000
2020.04.21,00:00,61.805076,62.165401,59.956873,60.285477,43060000
2020.04.22,00:00,61.732716,63.718852,61.557261,62.608494,41848000
2020.04.23,00:00,63.021852,64.100340,62.730422,63.257771,31324000
2020.04.24,00:00,62.507393,63.460488,61.926516,63.406467,32792000
2020.04.27,00:00,64.233674,64.241108,62.895470,63.236462,32012000
2020.04.28,00:00,63.833696,63.839640,61.071550,61.144405,59026000
2020.04.29,00:00,66.486810,67.405211,65.687854,66.487801,75872000
2020.04.30,00:00,65.665047,67.049833,65.546585,66.843651,53378000
2020.05.01,00:00,65.844460,67.012658,64.977107,65.453407,41450000
2020.05.04,00:00,64.839833,65.802847,64.382364,65.760216,30080000
2020.05.05,00:00,66.311352,68.096606,66.288550,66.965080,33030000
2020.05.06,00:00,67.489462,67.956838,66.775754,66.776245,24308000
2020.05.07,00:00,67.700113,68.278018,67.171275,68.028221,27952000
2020.05.08,00:00,68.552102,69.326774,68.172945,68.811813,27738000
2020.05.11,00:00,68.311720,70.207504,68.255809,69.549805,28242000
2020.05.12,00:00,69.741109,70.131663,68.137745,68.185822,27812000
2020.05.13,00:00,68.250750,68.668666,65.839507,66.876862,36252000
2020.05.14,00:00,66.167619,67.277833,65.616977,67.213898,32062000
2020.05.15,00:00,66.910074,68.123376,66.364878,68.059441,34154000
2020.05.18,00:00,67.492446,69.007833,67.120724,68.592247,36448000
2020.05.19,00:00,68.743767,68.991726,68.074066,68.074066,25612000
2020.05.20,00:00,68.871778,69.904679,68.756303,69.721291,33108000
2020.05.21,00:00,69.784723,70.155946,69.063580,69.526993,27700000
2020.05.22,00:00,69.225168,70.020653,68.983297,69.904678,26188000
2020.05.26,00:00,71.235437,71.420307,69.989419,70.231781,41212000
2020.05.27,00:00,70.243193,70.465726,68.956533,70.272430,33716000
2020.05.28,00:00,69.232598,71.412377,69.189974,70.217415,33844000
2020.05.29,00:00,70.227815,71.002487,70.049887,70.821579,36418000
2020.06.01,00:00,70.299684,71.269633,70.280354,70.965317,24342000
2020.06.02,00:00,70.902364,71.351407,70.321486,71.332077,25562000
2020.06.03,00:00,71.286484,71.695476,70.864061,71.191322,25124000
2020.06.04,00:00,70.894947,71.319208,69.622671,69.991913,29686000
2020.06.05,00:00,70.040966,71.621037,69.685602,71.290947,34698000
2020.06.08,00:00,70.495461,71.766754,70.495461,71.698357,28084000
2020.06.09,00:00,71.636395,72.758506,71.529837,72.171677,28184000
2020.06.10,00:00,72.339198,73.068721,72.177129,72.651947,30504000
2020.06.11,00:00,71.493659,72.088164,69.487346,69.578545,39826000
2020.06.12,00:00,70.800271,71.222051,68.695333,70.041458,38928000
2020.06.15,00:00,68.932235,70.617374,68.789496,70.372040,30078000
2020.06.16,00:00,71.629454,72.115169,70.671893,71.505547,34184000
2020.06.17,00:00,71.725630,72.362018,70.943524,71.921898,30992000
2020.06.18,00:00,71.824745,71.936265,70.726926,71.170509,31638000
2020.06.19,00:00,71.568990,71.757332,70.446388,70.960358,63158000
2020.06.22,00:00,70.825556,72.002678,70.538589,71.958572,30848000
2020.06.23,00:00,72.145907,73.152088,71.630455,72.580574,28596000
2020.06.24,00:00,72.436837,73.126261,70.862718,70.972748,35120000
2020.06.25,00:00,70.870160,71.514474,70.379484,71.436661,24610000
2020.06.26,00:00,70.944018,71.046115,67.008713,67.400757,85354000
2020.06.29,00:00,67.315492,69.170142,66.761879,69.138916,36204000
2020.06.30,00:00,68.914406,70.312579,68.593233,70.062775,40848000
2020.07.01,00:00,69.938370,71.519431,69.874926,71.273598,35504000
2020.07.02,00:00,71.714708,73.499471,71.688934,72.594948,37182000
2020.07.06,00:00,73.356238,74.671145,72.999384,74.131409,31280000
2020.07.07,00:00,73.848884,75.177169,73.529200,73.609993,29164000
2020.07.08,00:00,74.063013,74.635957,73.632309,74.146278,24994000
2020.07.09,00:00,74.664208,75.470597,73.753982,74.889221,28466000
2020.07.10,00:00,74.649334,76.516863,74.173034,76.413277,37126000
2020.07.13,00:00,76.822667,78.167409,74.604379,74.906563,36928000
2020.07.14,00:00,73.864271,75.482004,73.526747,75.364540,31700000
2020.07.15,00:00,75.490924,76.095594,74.245406,75.020569,32214000
2020.07.16,00:00,74.344528,75.270862,73.666009,75.236664,30386000
2020.07.17,00:00,75.416094,75.506295,74.266229,75.115242,29134000
2020.07.20,00:00,75.100869,77.828325,74.522964,77.601822,31146000
2020.07.21,00:00,78.656018,78.656018,77.034806,77.239998,24324000
2020.07.22,00:00,77.343099,77.813946,76.629390,77.739105,18640000
2020.07.23,00:00,77.663767,77.906621,74.710897,75.121674,32552000
2020.07.24,00:00,74.291490,75.218611,73.769587,74.932831,30880000
2020.07.27,00:00,75.117693,76.375108,75.098363,75.841316,24920000
2020.07.28,00:00,75.592524,75.656950,74.228550,74.361374,34044000
2020.07.29,00:00,74.657762,75.893465,74.410439,75.435898,22130000
2020.07.30,00:00,74.195840,76.221484,73.958930,75.903290,33428000
2020.07.31,00:00,74.592843,74.788119,72.066116,73.499977,68798000
2020.08.03,00:00,73.682364,73.872188,72.641538,73.078194,46604000
2020.08.04,00:00,73.183255,73.628827,72.295090,72.608322,38070000
2020.08.05,00:00,72.822936,73.472709,72.533488,73.036552,39590000
2020.08.06,00:00,72.944372,74.462981,72.659387,74.349480,39908000
2020.08.07,00:00,74.344531,75.179417,73.434555,74.071442,31556000
2020.08.10,00:00,73.709129,74.546495,73.010288,74.151230,25786000
2020.08.11,00:00,73.969817,74.840141,73.254127,73.369110,29088000
2020.08.12,00:00,73.629830,74.958418,73.613472,74.672638,28740000
2020.08.13,00:00,74.856991,76.190736,74.741266,75.258949,29104000
2020.08.14,00:00,75.120680,75.429958,74.487265,74.727646,27096000
2020.08.17,00:00,75.071622,75.613846,74.739550,75.235680,27566000
2020.08.18,00:00,75.642081,77.440722,75.519664,77.248917,40542000
2020.08.19,00:00,76.986732,77.996332,76.522828,76.700264,33212000
2020.08.20,00:00,76.498037,78.600502,76.237834,78.396301,34138000
2020.08.21,00:00,78.162362,79.187821,77.715058,78.330383,28930000
2020.08.24,00:00,79.002456,80.003140,78.337822,78.715988,28198000
2020.08.25,00:00,78.412154,79.876741,78.412154,79.708229,44942000
2020.08.26,00:00,79.697326,82.235941,79.479248,81.896935,79868000
2020.08.27,00:00,81.961378,82.026803,80.577083,81.002335,37232000
2020.08.28,00:00,80.960689,81.638709,80.824886,81.501915,29980000
2020.08.31,00:00,81.674398,81.678112,80.803083,80.994888,36468000
2020.09.01,00:00,81.116312,82.558597,80.897742,82.309792,36506000
2020.09.02,00:00,82.957335,85.901622,82.588335,85.658768,50224000
2020.09.03,00:00,84.738582,84.738582,80.047240,81.374542,62156000
2020.09.04,00:00,80.503222,81.536614,76.704371,78.856743,52172000
2020.09.08,00:00,76.005385,77.509874,75.732787,75.949875,52218000
2020.09.09,00:00,77.195895,77.764377,76.131329,77.167641,35494000
2020.09.10,00:00,77.350027,78.511834,75.623504,75.931534,32372000
2020.09.11,00:00,76.128798,78.071667,74.213676,75.371475,31942000
2020.09.14,00:00,76.277735,77.516561,75.124655,75.300102,33932000
2020.09.15,00:00,76.128789,77.296986,75.922357,76.398407,26622000
2020.09.16,00:00,77.097259,77.417434,75.326865,75.380394,26234000
2020.09.17,00:00,74.146271,74.755796,72.857630,74.122971,37596000
2020.09.18,00:00,74.245890,74.493358,71.228495,72.361504,62078000
2020.09.21,00:00,71.373712,71.785086,69.712857,70.932602,57776000
2020.09.22,00:00,71.870829,72.833835,71.099629,72.632614,31664000
2020.09.23,00:00,72.301540,72.409581,69.769860,70.142075,33148000
2020.09.24,00:00,69.934903,71.554572,69.876420,70.790359,29004000
2020.09.25,00:00,71.005472,71.866381,70.049401,71.616585,26460000
2020.09.28,00:00,73.066299,73.194661,71.831731,72.586029,40158000
2020.09.29,00:00,72.876971,73.187881,72.302779,72.824432,19564000
2020.09.30,00:00,72.699031,73.836509,72.356062,72.837814,34032000
2020.10.01,00:00,73.564906,74.296954,73.314119,73.853363,35590000
2020.10.02,00:00,72.462625,73.511877,71.911976,72.283699,25682000
2020.10.05,00:00,72.669797,73.760182,72.573645,73.651642,22266000
2020.10.06,00:00,73.134185,73.688297,71.796477,72.036858,24908000
2020.10.07,00:00,72.574638,72.806095,71.172502,72.376389,34924000
2020.10.08,00:00,72.614278,73.848891,72.614278,73.647171,23756000
2020.10.09,00:00,74.081843,75.163304,73.821640,75.098877,28706000
2020.10.12,00:00,76.475729,78.996503,75.958787,77.771797,49652000
2020.10.13,00:00,78.494429,78.805189,77.476904,77.897194,32020000
2020.10.14,00:00,78.239670,78.690400,76.848932,77.718765,38586000
2020.10.15,00:00,76.681428,78.066963,76.576359,77.275192,30800000
2020.10.16,00:00,77.608262,78.365585,77.467005,77.963127,28694000
2020.10.19,00:00,78.332374,78.713512,75.732297,76.059906,32142000
2020.10.20,00:00,75.685197,78.185650,75.616800,77.116577,44834000
2020.10.21,00:00,77.978984,80.229149,77.894728,78.969254,51366000
2020.10.22,00:00,78.956361,80.390721,78.557382,80.060631,28672000
2020.10.23,00:00,80.592927,81.400308,80.317357,81.332909,27516000
2020.10.26,00:00,80.540409,81.196127,78.136101,78.827507,37066000
2020.10.27,00:00,79.086212,79.640075,78.447344,79.511955,24580000
2020.10.28,00:00,77.305422,77.385216,75.069142,75.168266,36680000
2020.10.29,00:00,75.452748,78.989074,75.446804,77.677139,40062000
2020.10.30,00:00,82.874803,83.612795,79.521865,80.342133,86582000
2020.11.02,00:00,80.696526,82.312777,80.095327,80.590958,50708000
2020.11.03,00:00,80.875928,82.358855,80.124557,81.789375,33234000
2020.11.04,00:00,84.766634,87.794193,84.555989,86.692154,71418000
2020.11.05,00:00,88.271730,88.898203,86.760548,87.397934,41316000
2020.11.06,00:00,86.931044,87.846964,86.256986,87.317635,33218000
2020.11.09,00:00,88.762405,90.108539,87.231901,87.379601,45366000
2020.11.10,00:00,85.798040,87.379600,85.114567,86.258980,52722000
2020.11.11,00:00,86.735292,87.440077,86.604692,86.869606,25280000
2020.11.12,00:00,86.617818,87.640796,86.517203,86.727348,24950000
2020.11.13,00:00,87.113446,88.273718,86.465162,88.074471,29998000
2020.11.16,00:00,87.810787,89.167326,87.612039,88.290558,24936000
2020.11.17,00:00,88.070504,88.469982,87.577846,87.733971,22942000
2020.11.18,00:00,87.490137,87.898539,86.543981,86.575699,23470000
2020.11.19,00:00,86.159361,87.706224,86.091214,87.425201,24998000
2020.11.20,00:00,87.489132,87.924790,86.331840,86.348190,46270000
2020.11.23,00:00,86.715452,86.928569,85.135381,85.984886,43232000
2020.11.24,00:00,85.768801,87.805841,85.629526,87.671028,31560000
2020.11.25,00:00,87.869769,88.149801,87.059417,87.797409,20916000
2020.11.27,00:00,87.879694,89.411681,87.847477,88.875908,17698000
2020.11.30,00:00,88.280861,88.621910,86.983107,87.267601,36476000
2020.12.01,00:00,87.943132,90.444084,87.695317,89.119263,34738000
2020.12.02,00:00,89.119260,90.980354,88.691680,90.598717,24440000
2020.12.03,00:00,90.403451,91.552817,90.336044,90.540245,24546000
2020.12.04,00:00,90.428709,90.856933,90.055504,90.600693,27564000
2020.12.07,00:00,90.155132,90.817793,89.499914,90.178925,26418000
2020.12.08,00:00,89.714020,90.298867,89.025344,90.132828,21926000
2020.12.09,00:00,89.808686,90.911958,87.618002,88.426865,30152000
2020.12.10,00:00,87.716627,88.287098,86.255510,87.990715,27256000
2020.12.11,00:00,87.382558,88.442715,87.230895,88.309883,24414000
2020.12.14,00:00,87.974368,89.084083,87.092887,87.233894,32004000
2020.12.15,00:00,87.449988,87.796928,86.732808,87.616020,29646000
2020.12.16,00:00,87.869279,87.875231,87.036624,87.379601,30270000
2020.12.17,00:00,87.652683,87.814957,86.173227,86.631187,32494000
2020.12.18,00:00,86.942458,86.988553,85.259300,85.794083,80328000
2020.12.21,00:00,84.926728,86.281786,84.207567,86.208427,36568000
2020.12.22,00:00,85.963577,86.111027,84.880384,85.421860,18734000
2020.12.23,00:00,85.650349,86.635658,85.498187,85.861984,20676000
2020.12.24,00:00,85.991848,86.537044,85.699920,86.182663,6936000
2020.12.28,00:00,86.816327,88.753896,86.553644,88.028389,27860000
2020.12.29,00:00,88.608276,88.838742,87.037122,87.167473,25988000
2020.12.30,00:00,87.330535,87.483438,85.525942,86.215858,26122000
2020.12.31,00:00,86.012655,87.177881,86.012655,86.828461,20238000
2021.01.04,00:00,87.108992,87.263136,84.646209,85.656799,38038000
2021.01.05,00:00,85.496214,86.619807,85.150016,86.285255,22906000
2021.01.06,00:00,84.387486,86.636162,84.207569,86.006218,52042000
2021.01.07,00:00,86.242621,88.638497,86.093439,88.581505,45300000
2021.01.08,00:00,88.617694,89.701137,87.901754,89.570786,41012000
2021.01.11,00:00,88.523016,88.931667,87.256684,87.563972,24194000
2021.01.12,00:00,86.929572,88.125033,85.511578,86.564293,27140000
2021.01.13,00:00,86.169274,87.480460,86.141020,86.953362,21882000
2021.01.14,00:00,86.914697,87.974854,85.912532,86.248573,23590000
2021.01.15,00:00,86.149944,87.032664,85.325215,86.050819,26844000
2021.01.19,00:00,86.846797,89.673128,86.312008,88.760422,34692000
2021.01.20,00:00,90.772685,94.353616,90.478775,93.520462,49806000
2021.01.21,00:00,94.070598,95.897485,93.530854,93.736046,41278000
2021.01.22,00:00,93.955609,94.712440,93.265693,94.221764,25442000
2021.01.25,00:00,95.194212,95.635814,92.560435,94.140007,38546000
2021.01.26,00:00,93.616605,95.408802,93.388861,95.024193,26262000
2021.01.27,00:00,93.303860,93.674092,89.659485,90.739464,54966000
2021.01.28,00:00,91.391235,94.111749,91.326808,92.341362,35462000
2021.01.29,00:00,91.501759,92.052401,89.718978,90.984818,32252000
2021.02.01,00:00,91.868520,95.279547,91.737677,94.236641,32044000
2021.02.02,00:00,95.287861,96.933357,94.887892,95.533203,45474000
2021.02.03,00:00,102.744127,104.900113,100.036992,102.598907,82364000
2021.02.04,00:00,102.540425,103.019198,101.236915,102.217270,37046000
2021.02.05,00:00,102.595442,104.206739,102.066604,103.983208,30702000
2021.02.08,00:00,104.375255,105.249399,102.694570,103.730934,24838000
2021.02.09,00:00,103.018712,104.336591,103.018712,103.265038,17798000
2021.02.10,00:00,103.795372,104.497185,102.252971,103.853355,22710000
2021.02.11,00:00,104.058065,104.182963,102.958257,103.878647,18914000
2021.02.12,00:00,103.599097,104.519487,103.246213,104.286041,17114000
2021.02.16,00:00,104.298436,106.693322,104.298436,105.167770,22676000
2021.02.17,00:00,104.082340,105.750630,104.028811,105.485466,21418000
2021.02.18,00:00,104.597290,105.704775,104.266210,104.934814,22432000
2021.02.19,00:00,105.037419,105.595495,103.953969,104.138840,29148000
2021.02.22,00:00,102.446767,103.657096,102.205894,102.341698,27350000
2021.02.23,00:00,100.365602,103.190692,99.226142,102.638062,33348000
2021.02.24,00:00,101.199258,104.121000,101.015877,103.842949,24966000
2021.02.25,00:00,102.469054,103.828574,100.181227,100.680328,36568000
2021.02.26,00:00,101.629964,102.645508,99.922023,100.952934,41670000
2021.03.01,00:00,101.927325,103.414215,101.410882,103.165909,28090000
2021.03.02,00:00,102.902237,104.298919,102.657893,102.884888,22692000
2021.03.03,00:00,102.457156,103.513251,99.621659,100.449860,29684000
2021.03.04,00:00,100.284326,103.549037,100.130674,101.559082,42360000
2021.03.05,00:00,102.750089,104.979934,101.426508,104.505615,43904000
2021.03.08,00:00,104.138344,105.510243,100.197087,100.323975,32948000
2021.03.09,00:00,102.595445,102.993932,101.496635,101.738007,33946000
2021.03.10,00:00,102.682677,102.843263,100.779958,101.853493,25372000
2021.03.11,00:00,102.796667,105.356102,102.713401,104.814377,24782000
2021.03.12,00:00,103.338898,103.599600,101.482766,102.194984,34516000
2021.03.15,00:00,102.213814,102.449733,101.282526,102.421486,25962000
2021.03.16,00:00,103.041030,105.250055,102.595458,103.711617,29832000
2021.03.17,00:00,102.894310,104.567062,101.802435,103.640236,25980000
2021.03.18,00:00,102.149381,102.868043,100.788871,100.921204,27228000
2021.03.19,00:00,101.210158,101.757828,100.002309,101.267159,46298000
2021.03.22,00:00,101.199759,102.000197,100.418145,101.038673,39096000
2021.03.23,00:00,101.688440,102.709535,101.069893,101.750893,27340000
2021.03.24,00:00,102.365972,103.002360,101.185629,101.359344,23080000
2021.03.25,00:00,101.346956,102.043807,99.657846,101.324654,28378000
2021.03.26,00:00,101.052058,101.653257,99.820909,100.888000,29870000
2021.03.29,00:00,100.507856,102.022010,99.900215,101.899094,24596000
2021.03.30,00:00,101.982340,102.634095,101.308283,101.878754,20732000
2021.03.31,00:00,102.056203,103.751606,101.938490,102.527550,29198000
2021.04.01,00:00,103.980725,106.210569,103.928187,105.953331,33980000
2021.04.05,00:00,106.706198,110.887828,106.640773,110.304962,43298000
2021.04.06,00:00,110.153808,110.905186,109.772170,110.265327,27060000
2021.04.07,00:00,110.333709,111.764590,110.294057,111.500916,25798000
2021.04.08,00:00,112.902564,113.202169,111.897426,112.282036,27166000
2021.04.09,00:00,111.848872,113.451744,111.700877,113.295120,20888000
2021.04.12,00:00,112.322171,112.771706,110.945061,111.754181,31318000
2021.04.13,00:00,112.085291,112.865407,111.818637,112.372757,23310000
2021.04.14,00:00,112.763795,112.904053,111.476643,111.756668,20220000
2021.04.15,00:00,112.854005,114.321914,112.309807,113.829407,27472000
2021.04.16,00:00,114.143630,114.314124,113.224238,113.883919,22596000
2021.04.19,00:00,113.597434,114.909368,113.392492,114.113884,24688000
2021.04.20,00:00,114.386004,114.470759,112.592815,113.679237,21774000
2021.04.21,00:00,113.263889,113.762991,111.941548,113.662376,23930000
2021.04.22,00:00,113.659404,114.181405,111.836479,112.404968,21096000
2021.04.23,00:00,113.175660,115.274654,112.914958,114.753250,28670000
2021.04.26,00:00,114.982727,116.039912,114.680892,115.320251,20834000
2021.04.27,00:00,115.779212,115.851073,114.206575,114.347832,31972000
2021.04.28,00:00,119.305367,121.547251,117.704733,117.955521,59728000
2021.04.29,00:00,119.463236,120.761286,119.064250,120.432686,39554000
2021.04.30,00:00,119.173786,120.296388,119.058303,119.452820,39142000
2021.05.03,00:00,119.086056,119.927635,118.183015,118.711853,33788000
2021.05.04,00:00,117.451468,117.923306,114.574830,116.683739,35120000
2021.05.05,00:00,117.386048,118.069029,116.542986,116.807152,21806000
2021.05.06,00:00,116.504814,118.094300,116.093341,118.026894,20618000
2021.05.07,00:00,118.951248,119.764580,118.455618,118.886322,23272000
2021.05.10,00:00,117.706716,117.860860,115.716270,116.059738,26006000
2021.05.11,00:00,113.591499,115.085325,113.152370,114.429115,32110000
2021.05.12,00:00,112.097174,113.269834,110.528009,110.975563,34934000
2021.05.13,00:00,112.066440,112.835213,111.155972,112.110062,26670000
2021.05.14,00:00,113.590008,115.042700,113.168228,114.795876,26624000
2021.05.17,00:00,114.456875,115.151745,113.747129,115.056091,19842000
2021.05.18,00:00,115.824117,116.133591,114.151562,114.164948,17302000
2021.05.19,00:00,112.230499,114.825614,112.186884,114.426636,19350000
2021.05.20,00:00,115.384686,116.985570,115.040220,116.774925,23832000
2021.05.21,00:00,117.265583,117.414765,116.094905,116.230209,22832000
2021.05.24,00:00,117.315652,119.867161,116.974165,119.281822,21244000
2021.05.25,00:00,119.942497,120.581365,119.099428,119.400772,18838000
2021.05.26,00:00,119.587374,121.079672,119.571515,120.613083,21856000
2021.05.27,00:00,120.782089,120.933752,119.050356,119.075638,38962000
2021.05.28,00:00,120.039660,120.345958,119.332395,119.524208,24108000
2021.06.01,00:00,120.041628,120.833203,119.193114,120.428719,19166000
2021.06.02,00:00,120.701320,121.032892,119.159411,120.005951,17158000
2021.06.03,00:00,118.704424,119.434241,118.100254,119.179733,18346000
2021.06.04,00:00,120.067396,121.620650,119.831969,121.516617,25948000
2021.06.07,00:00,121.494804,122.321515,120.986930,122.226845,23850000
2021.06.08,00:00,122.911331,123.634697,122.333426,123.057541,25060000
2021.06.09,00:00,123.882752,124.155350,123.279572,123.481293,20126000
2021.06.10,00:00,123.610659,125.060378,123.610160,124.978104,31234000
2021.06.11,00:00,125.142651,125.245247,123.822783,124.597954,25240000
2021.06.14,00:00,124.571196,125.306708,123.954131,125.247726,22550000
2021.06.15,00:00,125.416251,125.753276,124.550380,124.931519,22182000
2021.06.16,00:00,125.144133,125.417722,123.064916,124.597954,26316000
2021.06.17,00:00,124.425975,126.084849,124.418042,125.266563,25756000
2021.06.18,00:00,124.606857,125.284385,123.513991,124.470062,53306000
2021.06.21,00:00,124.641083,125.926503,124.040626,125.349838,26256000
2021.06.22,00:00,125.344860,126.157693,124.925061,125.889557,20984000
2021.06.23,00:00,125.443997,126.679102,125.148598,125.356270,19694000
2021.06.24,00:00,125.943083,126.420873,125.850402,126.169586,18934000
2021.06.25,00:00,125.847447,126.390654,125.338930,125.885117,33484000
2021.06.28,00:00,125.890070,126.224123,124.872839,125.711151,28110000
2021.06.29,00:00,125.664553,125.890066,124.340722,124.917145,20950000
2021.06.30,00:00,124.555392,124.700566,123.667174,124.220795,24006000
2021.07.01,00:00,123.758612,125.357272,123.758612,125.264091,17120000
2021.07.02,00:00,125.730950,127.721903,125.661063,127.594017,21160000
2021.07.06,00:00,128.318133,128.749344,127.286730,128.636826,21350000
2021.07.07,00:00,129.201875,129.498152,128.625944,128.940674,16680000
2021.07.08,00:00,127.129134,128.896057,126.920963,128.048035,19780000
2021.07.09,00:00,127.817563,128.714653,127.816565,128.442047,15106000
2021.07.12,00:00,128.698798,129.627121,128.467348,129.422913,16944000
2021.07.13,00:00,129.737651,130.888016,129.495281,129.849670,16618000
2021.07.14,00:00,130.748728,131.833661,130.745250,130.928146,17912000
2021.07.15,00:00,131.341987,131.436158,129.456618,130.119263,16586000
2021.07.16,00:00,130.490481,131.027736,129.678139,130.693192,14856000
2021.07.19,00:00,130.009261,130.099953,127.413645,128.124374,25710000
2021.07.20,00:00,128.867807,130.847696,128.059338,129.955719,19084000
2021.07.21,00:00,129.643962,131.458212,129.460082,131.441605,14742000
2021.07.22,00:00,131.490671,132.337711,131.242856,132.163254,13608000
2021.07.23,00:00,134.077880,137.595376,133.523276,136.611542,26378000
2021.07.26,00:00,137.041759,138.491970,136.447995,138.424072,23052000
2021.07.27,00:00,138.787367,138.787367,133.919291,135.600952,42164000
2021.07.28,00:00,137.351030,138.455293,135.158372,135.189590,54688000
2021.07.29,00:00,135.188684,135.952851,134.948205,135.347183,19284000
2021.07.30,00:00,134.326674,134.584744,133.635956,134.039200,23954000
2021.08.02,00:00,134.300419,134.831730,133.492539,134.801010,20140000
2021.08.03,00:00,134.811377,135.143939,133.010755,135.088928,19064000
2021.08.04,00:00,135.058738,135.344714,134.231528,134.839676,16528000
2021.08.05,00:00,134.839662,135.753102,134.414909,135.743195,11866000
2021.08.06,00:00,135.103812,135.882000,134.857479,135.838333,13560000
2021.08.09,00:00,135.752123,137.112625,135.236421,136.795914,12374000
2021.08.10,00:00,136.872738,137.340613,136.027196,136.889587,16034000
2021.08.11,00:00,137.074464,137.634271,136.149619,136.486145,15204000
2021.08.12,00:00,136.509422,137.208262,135.583594,137.180008,14646000
2021.08.13,00:00,137.148297,137.462029,136.798884,137.196381,12580000
2021.08.16,00:00,136.793940,137.775777,134.975727,137.701935,18040000
2021.08.17,00:00,136.983245,137.506147,135.592023,136.100540,21272000
2021.08.18,00:00,135.917153,137.085366,135.228734,135.376434,14934000
2021.08.19,00:00,134.283542,136.250695,134.173021,135.716904,18296000
2021.08.20,00:00,135.884926,137.403051,135.274313,137.227097,15564000
2021.08.23,00:00,137.783697,140.934415,137.535338,139.866333,21090000
2021.08.24,00:00,140.306468,141.757678,140.118126,141.153992,15126000
2021.08.25,00:00,141.634237,142.060487,141.194617,141.700653,12838000
2021.08.26,00:00,141.372058,141.883842,140.849671,140.880890,14922000
2021.08.27,00:00,140.870489,143.743656,140.778799,143.287186,24562000
2021.08.30,00:00,143.439852,145.209256,143.336273,144.198166,16916000
2021.08.31,00:00,144.609528,144.835033,143.732752,144.190720,26756000
2021.09.01,00:00,144.377075,145.537347,144.341893,144.567398,15824000
2021.09.02,00:00,144.673932,145.046154,142.847052,142.958557,21844000
2021.09.03,00:00,142.886219,144.106464,142.250830,143.509720,19104000
2021.09.07,00:00,143.484447,144.549565,143.277773,144.247223,15170000
2021.09.08,00:00,144.122801,144.278926,142.939735,143.617264,15486000
2021.09.09,00:00,143.617236,144.396362,143.171671,143.646973,14798000
2021.09.10,00:00,144.172370,144.742841,140.502728,140.680664,32896000
2021.09.13,00:00,141.949466,142.930804,141.038991,142.211151,20176000
2021.09.14,00:00,142.901071,143.462617,141.656550,142.152679,18916000
2021.09.15,00:00,142.502606,144.309172,141.012736,143.936951,20648000
2021.09.16,00:00,143.852690,143.930994,142.162937,143.111725,20292000
2021.09.17,00:00,142.541758,142.988820,139.828678,140.227173,60040000
2021.09.20,00:00,137.785364,138.144502,135.855178,137.802017,34918000
2021.09.21,00:00,138.892449,139.580974,137.691535,138.426056,18130000
2021.09.22,00:00,138.826517,140.346109,138.252824,139.706757,22068000
2021.09.23,00:00,140.371876,141.009217,139.863359,140.586990,17272000
2021.09.24,00:00,139.714161,141.654557,139.619491,141.386414,14950000
2021.09.27,00:00,140.348093,141.254605,139.272085,140.264343,18844000
2021.09.28,00:00,137.872931,138.386410,134.514041,134.993820,42190000
2021.09.29,00:00,135.911428,136.197707,133.076724,133.345352,26338000
2021.09.30,00:00,133.151065,134.405009,131.837648,132.100830,35294000
2021.10.01,00:00,132.387307,135.873069,132.211852,135.269882,28388000
2021.10.04,00:00,134.513535,134.514034,130.020162,132.595947,31530000
2021.10.05,00:00,132.828886,136.161503,132.828886,134.986862,24126000
2021.10.06,00:00,133.448925,136.647228,133.311133,136.153580,19764000
2021.10.07,00:00,137.649394,138.929551,137.352013,137.969070,18250000
2021.10.08,00:00,138.683272,139.090675,138.210784,138.831955,18924000
2021.10.11,00:00,138.578177,139.533409,137.593361,137.634003,16584000
2021.10.12,00:00,138.417114,138.474121,135.059222,135.518173,22536000
2021.10.13,00:00,136.546126,137.339137,135.779387,136.694809,16380000
2021.10.14,00:00,138.728870,140.413526,138.121236,140.176117,21426000
2021.10.15,00:00,140.957234,140.957234,139.831660,140.436829,21250000
2021.10.18,00:00,139.979349,141.748994,139.979349,141.711075,16564000
2021.10.19,00:00,142.039182,142.847546,141.845380,142.565048,15316000
2021.10.20,00:00,142.962016,142.987049,140.671709,141.170303,17940000
2021.10.21,00:00,140.949311,141.601066,140.399154,141.532669,14850000
2021.10.22,00:00,139.124365,140.321316,135.971666,137.413452,30182000
2021.10.25,00:00,137.597344,137.989183,135.553368,137.560165,21082000
2021.10.26,00:00,139.377137,139.608586,137.790615,138.451294,28258000
2021.10.27,00:00,138.679784,147.814743,138.679784,145.147766,51850000
2021.10.28,00:00,146.011656,146.136062,143.498323,144.851883,32418000
2021.10.29,00:00,144.248205,147.314176,143.897794,146.974655,28954000
2021.11.01,00:00,146.870087,147.102550,142.324667,142.517471,32272000
2021.11.02,00:00,143.543815,145.636464,143.376891,144.588211,21150000
2021.11.03,00:00,144.996612,145.626571,143.785791,145.507111,17886000
2021.11.04,00:00,145.913504,148.639470,145.353440,147.383545,24700000
2021.11.05,00:00,148.048211,149.254827,147.352834,147.936691,20408000
2021.11.08,00:00,148.689034,149.714493,147.816721,148.046204,18388000
2021.11.09,00:00,148.437272,149.064236,146.217842,147.944122,16876000
2021.11.10,00:00,146.716178,147.400392,144.054889,145.344528,22708000
2021.11.11,00:00,145.821341,147.204395,145.412455,145.465485,12464000
2021.11.12,00:00,146.539505,148.549781,145.174041,148.337646,17048000
2021.11.15,00:00,148.689033,149.161869,147.353306,148.082382,16248000
2021.11.16,00:00,147.866819,148.523036,147.053495,147.773148,17254000
2021.11.17,00:00,147.924810,148.318344,147.264630,147.759262,15290000
2021.11.18,00:00,147.842502,150.284972,147.696300,149.391846,26658000
2021.11.19,00:00,149.680298,150.522876,148.577518,148.641953,19766000
2021.11.22,00:00,148.829567,149.427052,145.720716,145.793091,24608000
2021.11.23,00:00,145.827287,146.403203,143.623209,145.474396,18126000
2021.11.24,00:00,145.070976,145.715289,143.930034,145.435257,16464000
2021.11.26,00:00,143.748115,144.027149,141.240228,141.557922,16992000
2021.11.29,00:00,143.037352,145.578454,143.037352,144.836990,26276000
2021.11.30,00:00,144.179088,145.347029,140.824403,141.207031,41590000
2021.12.01,00:00,142.952133,145.218800,140.263345,140.380310,28476000
2021.12.02,00:00,140.584523,143.410605,139.749871,142.519958,21250000
2021.12.03,00:00,143.232663,143.943891,139.916397,141.274918,26688000
2021.12.06,00:00,142.319236,143.089937,139.417814,142.539780,22198000
2021.12.07,00:00,144.674440,147.003907,144.429105,146.742706,23258000
2021.12.08,00:00,147.035123,147.852910,145.913512,147.420731,18964000
2021.12.09,00:00,146.881011,148.297523,146.239677,146.811630,18580000
2021.12.10,00:00,147.796930,148.094296,146.069650,147.375641,21634000
2021.12.13,00:00,147.146663,147.264127,145.080876,145.422363,24104000
2021.12.14,00:00,143.504774,144.170898,140.999351,143.703522,24778000
2021.12.15,00:00,143.104290,146.227994,141.458310,146.080551,27280000
2021.12.16,00:00,146.782854,147.253209,142.833180,143.572662,27400000
2021.12.17,00:00,141.467235,143.197584,140.548833,141.554962,43404000
2021.12.20,00:00,139.450123,141.364155,139.024281,141.156982,20264000
2021.12.21,00:00,141.898913,143.427489,140.496286,142.960068,19548000
2021.12.22,00:00,142.840634,146.015629,142.704823,145.664734,18438000
2021.12.23,00:00,145.803976,147.274122,145.666546,145.856522,13818000
2021.12.27,00:00,146.174743,147.129324,145.963108,146.769989,13256000
2021.12.28,00:00,147.077752,147.077752,144.660073,145.168091,18624000
2021.12.29,00:00,145.149780,145.897430,144.232861,145.224121,17022000
2021.12.30,00:00,145.170085,145.777235,144.484631,144.726501,12978000
2021.12.31,00:00,144.271985,145.085809,143.413058,143.415039,17298000
2022.01.03,00:00,143.212831,144.277949,142.248343,143.806595,25214000
2022.01.04,00:00,144.278434,145.328669,142.559233,143.154343,22928000
2022.01.05,00:00,142.920903,143.036885,136.321586,136.450455,49642000
2022.01.06,00:00,136.295817,138.465197,135.568238,136.348846,29050000
2022.01.07,00:00,136.699756,137.046446,134.602252,135.807129,19408000
2022.01.10,00:00,133.918279,137.428333,131.976900,137.362915,34096000
2022.01.11,00:00,136.972857,139.103078,135.617815,138.793808,23502000
2022.01.12,00:00,140.317376,141.566117,139.878738,140.410049,23642000
2022.01.13,00:00,140.600862,141.934108,137.699940,137.915039,26566000
2022.01.14,00:00,136.298318,139.966478,136.298318,138.564835,23826000
2022.01.18,00:00,135.406154,136.190725,134.431744,135.099350,27382000
2022.01.19,00:00,135.741701,137.189931,134.315766,134.466431,20796000
2022.01.20,00:00,135.320914,136.706691,131.980855,132.339691,21930000
2022.01.21,00:00,131.849526,133.582750,128.864855,128.955048,41920000
2022.01.24,00:00,124.926076,129.635562,123.552641,129.232605,55148000
2022.01.25,00:00,127.313016,128.208124,125.273495,125.627869,36008000
2022.01.26,00:00,129.451177,131.646815,126.042237,128.110504,39630000
2022.01.27,00:00,130.212952,131.450999,127.818082,127.992538,30248000
2022.01.28,00:00,128.863847,132.204889,127.569761,132.124603,30518000
2022.01.31,00:00,133.025153,134.656280,131.117972,134.512543,34056000
2022.02.01,00:00,136.630385,136.992185,133.392181,136.673492,51204000
2022.02.02,00:00,150.536255,150.770700,144.285368,146.742706,89750000
2022.02.03,00:00,144.025167,147.814466,140.962176,141.403778,56930000
2022.02.04,00:00,141.767096,143.272077,138.595565,141.766113,49224000
2022.02.07,00:00,142.453023,142.589319,137.486815,137.723724,44610000
2022.02.08,00:00,137.776535,138.614983,135.676792,137.996338,34256000
2022.02.09,00:00,139.618782,140.932956,139.150166,140.216766,28628000
2022.02.10,00:00,138.280822,140.194945,136.843497,137.391159,33018000
2022.02.11,00:00,137.537398,138.065986,132.123626,132.957779,38808000
2022.02.14,00:00,132.199921,134.976451,132.136984,134.117523,26792000
2022.02.15,00:00,136.270049,136.694801,134.354942,135.233200,26578000
2022.02.16,00:00,135.238165,136.740424,133.645366,136.285934,25610000
2022.02.17,00:00,134.960110,135.643583,131.046616,131.152191,30968000
2022.02.18,00:00,131.874833,132.654458,129.168242,129.327286,31858000
2022.02.22,00:00,128.848989,130.748003,126.624598,128.271576,38906000
2022.02.23,00:00,129.932923,130.597550,126.389163,126.469948,26432000
2022.02.24,00:00,123.907548,131.874310,123.674110,131.513977,43166000
2022.02.25,00:00,132.358541,134.205765,130.613429,133.343857,26236000
2022.02.28,00:00,132.119631,134.455043,131.664401,133.712097,29676000
2022.03.01,00:00,133.304662,134.921404,132.212787,132.995392,24640000
2022.03.02,00:00,133.431824,134.430269,132.266349,133.573822,23966000
2022.03.03,00:00,134.790088,135.518967,132.264852,133.134186,19780000
2022.03.04,00:00,132.216797,133.026159,129.268775,130.967300,24446000
2022.03.07,00:00,130.751212,130.751212,125.305225,125.359245,39178000
2022.03.08,00:00,125.147122,130.099461,124.760773,126.166138,35250000
2022.03.09,00:00,130.251609,133.025658,128.951079,132.696060,32258000
2022.03.10,00:00,130.313545,132.371405,130.252590,131.522400,24266000
2022.03.11,00:00,132.828394,133.027142,129.157753,129.335190,26600000
2022.03.14,00:00,129.431842,129.880886,125.308203,125.633331,30254000
2022.03.15,00:00,126.625093,129.376576,125.461849,128.527328,30292000
2022.03.16,00:00,129.855103,132.601881,128.071830,132.522095,32058000
2022.03.17,00:00,132.155820,133.561926,131.559077,133.424133,23994000
2022.03.18,00:00,132.713898,135.716917,131.770223,135.605896,45900000
2022.03.21,00:00,135.651499,136.380076,133.435033,135.285721,26632000
2022.03.22,00:00,135.307076,140.263379,135.307076,139.051559,29776000
2022.03.23,00:00,137.922474,138.801217,136.958969,137.293015,25302000
2022.03.24,00:00,138.055330,140.160761,136.832999,140.076996,20544000
2022.03.25,00:00,140.515104,140.718813,138.478555,140.284637,19270000
2022.03.28,00:00,139.454954,140.735669,138.606099,140.709396,23774000
2022.03.29,00:00,141.909321,142.902563,141.238720,141.998032,28678000
2022.03.30,00:00,141.621366,142.226535,140.925505,141.397842,21046000
2022.03.31,00:00,141.203534,141.397820,138.398765,138.429001,29516000
2022.04.01,00:00,138.786350,139.718137,137.583953,139.470322,23480000
2022.04.04,00:00,139.593735,142.784854,139.593735,142.387115,19076000
2022.04.05,00:00,142.146221,142.335047,139.711677,139.830139,19256000
2022.04.06,00:00,137.945263,138.626255,135.225847,135.977112,23574000
2022.04.07,00:00,135.423986,136.498028,133.678633,135.272324,19448000
2022.04.08,00:00,135.059255,135.059255,132.583584,132.839325,16434000
2022.04.11,00:00,131.738486,131.777343,128.484673,128.662109,24188000
2022.04.12,00:00,131.266150,131.266150,126.461019,127.252541,23004000
2022.04.13,00:00,127.502342,129.513858,127.316088,129.147339,19542000
2022.04.14,00:00,129.507677,129.567891,126.000596,126.140854,23484000
2022.04.18,00:00,126.296480,127.587103,125.472197,126.842659,14918000
2022.04.19,00:00,126.957665,129.759712,126.337636,129.390228,22720000
2022.04.20,00:00,130.136614,130.770521,126.776295,127.124672,22610000
2022.04.21,00:00,128.219539,129.168660,123.560610,123.845596,30158000
2022.04.22,00:00,123.907541,124.355594,118.099254,118.568611,46410000
2022.04.25,00:00,118.385730,122.200599,117.731253,122.172844,34522000
2022.04.26,00:00,121.677199,121.677199,118.120409,118.461548,49394000
2022.04.27,00:00,113.373426,116.473096,112.135591,114.015266,62238000
2022.04.28,00:00,116.091451,119.385907,114.137578,118.367882,36790000
2022.04.29,00:00,116.550427,117.920345,113.691629,113.961746,33694000
2022.05.02,00:00,112.910999,116.313995,112.408427,116.133087,30280000
2022.05.03,00:00,115.744507,118.257356,115.607713,117.097084,21216000
2022.05.04,00:00,116.972196,122.066775,114.726992,121.503738,33232000
2022.05.05,00:00,119.169827,120.173732,114.175862,115.726189,43090000
2022.05.06,00:00,114.509411,116.471611,113.145437,114.649185,35310000
2022.05.09,00:00,112.313260,114.552913,111.567833,112.095680,34520000
2022.05.10,00:00,115.026345,115.671165,112.392372,113.583076,31158000
2022.05.11,00:00,112.716705,115.651326,112.656733,112.965012,36502000
2022.05.12,00:00,110.959694,113.852682,109.151138,112.172005,41464000
2022.05.13,00:00,113.841789,117.052979,113.003682,115.497200,29738000
2022.05.16,00:00,114.375591,115.588393,113.335755,113.789261,23282000
2022.05.17,00:00,116.202968,116.202968,114.329487,115.681564,21576000
2022.05.18,00:00,114.230367,114.684509,111.161916,111.418655,27982000
2022.05.19,00:00,110.863541,112.594775,109.502540,109.777611,29192000
2022.05.20,00:00,111.105904,111.566344,105.443328,108.357635,37586000
2022.05.23,00:00,109.141730,111.026616,108.200286,110.690575,31558000
2022.05.24,00:00,105.447806,105.465147,101.314743,105.000252,60386000
2022.05.25,00:00,104.223099,105.613542,103.300485,104.914505,37900000
2022.05.26,00:00,105.123652,108.003020,104.566068,107.349525,30288000
2022.05.27,00:00,108.828984,111.881569,108.592574,111.813179,29924000
2022.05.31,00:00,112.090742,115.415925,111.588668,113.042351,51302000
2022.06.01,00:00,113.927039,116.372973,112.558104,113.139481,28630000
2022.06.02,00:00,113.190031,116.867606,112.317718,116.716934,27472000
2022.06.03,00:00,114.978772,115.347523,112.674586,113.562759,25052000
2022.06.06,00:00,115.722206,118.354992,115.509875,115.987862,23786000
2022.06.07,00:00,114.637281,116.719569,114.119348,116.204956,26414000
2022.06.08,00:00,115.855042,117.609078,115.676857,116.213379,22544000
2022.06.09,00:00,115.324717,117.315663,113.863101,113.913658,23142000
2022.06.10,00:00,111.795580,112.505076,109.892112,110.453659,31324000
2022.06.13,00:00,106.506970,108.263979,105.656520,105.942451,36756000
2022.06.14,00:00,105.955820,107.509618,105.422520,106.257164,25480000
2022.06.15,00:00,107.947761,111.083619,107.173838,109.425735,33192000
2022.06.16,00:00,107.204310,108.335336,104.867914,105.704041,35314000
2022.06.17,00:00,105.603928,108.294698,104.705395,106.922798,43516000
2022.06.21,00:00,108.743245,111.688272,108.338314,111.036026,39010000
2022.06.22,00:00,110.191481,112.775199,109.756609,111.054863,23922000
2022.06.23,00:00,111.962859,112.207210,110.058650,111.699684,24710000
2022.06.24,00:00,112.610154,117.600655,112.610154,117.502029,39122000
2022.06.27,00:00,117.895546,118.207795,114.986940,115.603256,32840000
2022.06.28,00:00,115.334125,116.826469,111.461274,111.587662,28232000
2022.06.29,00:00,111.168356,112.671105,110.579054,111.275414,18628000
2022.06.30,00:00,109.533768,110.356818,106.372144,108.416618,38046000
2022.07.01,00:00,107.390169,108.846680,106.168942,108.127670,31028000
2022.07.05,00:00,106.574866,113.055819,105.320915,112.891670,36398000
2022.07.06,00:00,113.094877,115.335120,111.269472,114.206573,28852000
2022.07.07,00:00,114.994125,118.814439,114.524261,118.263298,32184000
2022.07.08,00:00,116.522663,119.382444,116.486975,119.118279,29082000
2022.07.11,00:00,117.613052,117.756290,115.218658,115.504143,26718000
2022.07.12,00:00,115.817356,116.819522,113.613286,113.845741,24970000
2022.07.13,00:00,111.654566,114.150557,110.845695,111.206512,38958000
2022.07.14,00:00,109.857409,111.008765,108.370027,110.466049,32366000
2022.07.15,00:00,111.975735,113.004173,110.845207,111.781448,34330000
2022.07.18,00:00,112.448572,113.796687,108.344755,108.949425,33354000
2022.07.19,00:00,110.753514,113.806590,109.534261,113.618256,30992300
2022.07.20,00:00,113.063142,115.313307,112.270138,113.697548,26780100
2022.07.21,00:00,114.084150,114.203104,110.931949,114.034592,27267800
2022.07.22,00:00,110.832801,112.190830,106.659596,107.412956,44455300
2022.07.25,00:00,107.928425,109.613572,106.074773,107.264282,28289900
2022.07.26,00:00,106.491107,106.798396,103.844444,104.518501,36626600
2022.07.27,00:00,108.642136,113.400189,107.472449,112.607178,41474600
2022.07.28,00:00,111.814167,113.697555,110.873456,113.588516,23303800
2022.07.29,00:00,112.408924,115.878335,112.240412,115.620605,31336200
2022.08.01,00:00,114.520315,116.096423,113.687660,114.470757,22856200
2022.08.02,00:00,113.429923,116.056765,113.261411,114.887077,17911000
2022.08.03,00:00,115.323227,118.376311,115.134893,117.741905,25302800
2022.08.04,00:00,117.266105,118.455615,116.681258,117.831123,15757700
2022.08.05,00:00,115.908071,117.821204,115.689993,117.186798,15615700
2022.08.08,00:00,118.078937,119.803728,116.800210,117.107498,17061100
2022.08.09,00:00,116.958807,117.166970,115.541304,116.473091,15424300
2022.08.10,00:00,118.544802,120.715664,118.316816,119.595543,20497000
2022.08.11,00:00,121.013078,121.270800,118.505190,118.772827,16671600
2022.08.12,00:00,120.101119,121.578094,119.347758,121.578094,16121100
2022.08.15,00:00,121.141926,122.182752,120.507520,121.806068,15525000
2022.08.16,00:00,121.250951,122.151012,120.472816,121.439293,15626200
2022.08.17,00:00,119.873110,121.082448,119.149486,119.268440,17589200
2022.08.18,00:00,119.179227,120.626466,118.505170,119.803719,15652000
2022.08.19,00:00,118.822390,118.951252,116.641613,117.087685,20187000
2022.08.22,00:00,115.085328,115.481834,113.667825,114.064331,19316000
2022.08.23,00:00,113.320881,114.916810,113.301059,113.766945,14390700
2022.08.24,00:00,113.449733,114.705665,112.785590,113.697548,16051200
2022.08.25,00:00,114.143639,116.750651,114.044515,116.671349,14874700
2022.08.26,00:00,114.797841,115.580937,110.247960,110.327263,31698700
2022.08.29,00:00,109.811821,110.981508,108.850297,109.375664,20386100
2022.08.30,00:00,110.059631,110.396664,107.849125,108.949425,20548200
2022.08.31,00:00,110.654374,110.793149,108.096928,108.196053,25898000
2022.09.01,00:00,108.245624,110.247974,107.244457,109.583832,22784400
2022.09.02,00:00,110.366928,110.699006,107.184983,107.730179,20618100
2022.09.06,00:00,107.189939,107.928423,105.579141,106.540665,20565100
2022.09.07,00:00,106.818221,110.019987,106.674484,109.514450,22987200
2022.09.08,00:00,108.225799,109.613565,107.115585,108.463699,21660700
2022.09.09,00:00,109.088202,111.021156,109.038636,110.803078,21732900
2022.09.12,00:00,111.011242,111.655563,109.960509,110.892296,19732900
2022.09.13,00:00,107.938332,108.414140,104.082330,104.389618,33015000
2022.09.14,00:00,104.518490,105.172718,103.586703,104.944733,22115800
2022.09.15,00:00,104.092243,105.281752,102.407096,102.991943,26494900
2022.09.16,00:00,102.070076,103.120810,100.964823,102.724304,64540100
2022.09.19,00:00,101.643842,103.110903,101.475329,102.942390,19738600
2022.09.20,00:00,101.980875,102.268341,100.236262,100.940056,24001700
2022.09.21,00:00,101.346462,102.585538,99.116126,99.135956,26596800
2022.09.22,00:00,98.580849,100.791363,98.541205,99.691063,21272700
2022.09.23,00:00,99.185505,99.235071,97.153426,98.303284,25657000
2022.09.26,00:00,97.748185,99.562193,97.520192,97.946434,22437900
2022.09.27,00:00,99.036828,99.582017,96.489282,97.232727,24225000
2022.09.28,00:00,97.163336,100.513801,96.945265,99.859566,24617000
2022.09.29,00:00,98.432159,98.432159,95.676449,97.232727,21921500
2022.09.30,00:00,96.875878,98.624461,95.190731,95.309685,26277800
2022.10.03,00:00,96.370329,99.096294,96.172072,98.432152,24840000
2022.10.04,00:00,100.156947,101.822265,100.156947,101.514977,22580900
2022.10.05,00:00,99.810010,101.842089,98.868308,101.326637,18475500
2022.10.06,00:00,100.612928,102.823442,100.612928,101.346458,17156200
2022.10.07,00:00,99.770346,100.533613,98.342929,98.699783,24249900
2022.10.10,00:00,98.977349,99.116125,97.014658,97.847313,16529900
2022.10.11,00:00,97.391334,99.244993,96.400073,97.193085,21617700
2022.10.12,00:00,97.411151,98.777114,96.816396,97.440895,17343400
2022.10.13,00:00,95.091607,99.651403,94.437371,98.838570,32812200
2022.10.14,00:00,99.745572,100.404761,96.181990,96.330681,22624800
2022.10.17,00:00,98.650233,100.880569,98.640326,99.899223,23311600
2022.10.18,00:00,103.031608,103.309160,99.770360,100.503891,21610500
2022.10.19,00:00,99.819911,100.770529,98.764224,99.413498,21573700
2022.10.20,00:00,99.938864,102.099812,99.096294,99.651398,25125100
2022.10.21,00:00,97.599484,100.731870,97.371498,100.593094,28988700
2022.10.24,00:00,101.197777,102.198952,99.423428,102.070091,24680800
2022.10.25,00:00,102.397203,104.181467,102.119644,104.012955,29910200
2022.10.26,00:00,95.914358,97.678800,93.743495,93.991310,71504300
2022.10.27,00:00,93.485757,94.338242,91.096824,91.790703,54036500
2022.10.28,00:00,91.721316,96.013475,91.516125,95.735924,35696900
2022.10.31,00:00,94.942909,95.507927,93.555143,93.832703,29868700
2022.11.01,00:00,94.754572,95.324551,89.639673,89.709061,43220600
2022.11.02,00:00,90.115488,90.502079,86.249571,86.309044,43553600
2022.11.03,00:00,85.590374,85.793584,82.720671,82.760323,48510400
2022.11.04,00:00,84.762674,85.972013,83.146915,85.942268,40173300
2022.11.07,00:00,86.576688,88.162711,86.200011,87.875244,26899900
2022.11.08,00:00,88.380773,89.614887,86.883967,88.132957,30172000
2022.11.09,00:00,87.771152,88.707892,86.596510,86.636162,26743900
2022.11.10,00:00,91.532969,93.723661,90.849005,93.346977,42371200
2022.11.11,00:00,93.882263,96.509104,93.337074,95.884613,30569100
2022.11.14,00:00,94.665360,96.330678,94.281742,95.190727,24170100
2022.11.15,00:00,97.807650,99.542355,96.172069,97.857216,31831000
2022.11.16,00:00,97.163339,98.977347,97.046374,98.124863,24660200
2022.11.17,00:00,96.330682,98.610583,96.251379,97.639145,21818700
2022.11.18,00:00,98.144699,98.293389,95.894533,96.945274,24969900
2022.11.21,00:00,96.707361,97.857227,94.833880,94.992485,18696900
2022.11.22,00:00,95.319597,96.695460,93.584892,96.479370,18868900
2022.11.23,00:00,96.489276,98.203169,96.489276,97.956345,17568900
2022.11.25,00:00,97.604447,98.075302,96.677621,96.747009,8567800
2022.11.28,00:00,96.350516,96.975014,95.051967,95.408821,19974500
2022.11.29,00:00,95.160992,95.547583,93.565062,94.605888,20220000
2022.11.30,00:00,94.288690,100.563362,93.842618,100.563362,39888100
2022.12.01,00:00,100.513798,101.693393,99.790175,100.394844,21771500
2022.12.02,00:00,98.501545,100.265987,98.303288,99.948784,18821500
2022.12.05,00:00,98.942658,100.860744,98.486679,98.997177,19955500
2022.12.06,00:00,98.798916,99.334198,95.914353,96.459541,20877600
2022.12.07,00:00,95.924257,96.459539,94.194513,94.318420,26647900
2022.12.08,00:00,94.853705,95.032132,92.980223,93.128906,25593200
2022.12.09,00:00,93.079355,93.664195,92.207041,92.256607,21885300
2022.12.12,00:00,92.276424,93.054567,91.096829,92.742317,27380900
2022.12.13,00:00,97.212898,98.927781,94.546405,95.012299,34788500
2022.12.14,00:00,94.705006,96.370323,93.118991,94.477013,26452900
2022.12.15,00:00,92.722492,93.208207,89.639672,90.402939,28298800
2022.12.16,00:00,90.402943,90.948139,89.223348,90.065918,48485500
2022.12.19,00:00,90.085733,90.402936,88.147825,88.370857,23020500
2022.12.20,00:00,87.954544,88.995363,87.270572,88.846672,21976800
2022.12.21,00:00,88.945783,90.120424,88.132950,89.461235,20336400
2022.12.22,00:00,88.152790,88.400605,86.180184,87.488647,23656100
2022.12.23,00:00,86.854231,89.312552,86.854231,89.025085,17815000
2022.12.27,00:00,88.529458,88.717800,86.769977,87.161522,15470900
2022.12.28,00:00,86.735273,87.746355,85.615151,85.704361,17879600
2022.12.29,00:00,86.269382,88.583974,86.229731,88.172600,18280700
2022.12.30,00:00,86.601468,88.053669,86.269397,87.954544,19190300
2023.01.03,00:00,89.044922,90.749892,88.241996,88.916054,20738500
2023.01.04,00:00,90.214617,90.442603,87.032672,87.934715,27046500
2023.01.05,00:00,87.300291,87.439067,85.803486,86.011650,23136100
2023.01.06,00:00,86.596507,87.696807,84.822150,87.389519,26612600
2023.01.09,00:00,88.415463,90.036175,87.805840,88.023918,22996700
2023.01.10,00:00,85.962110,88.693030,85.942280,88.460083,22855600
2023.01.11,00:00,89.272905,91.642016,88.955702,91.453682,25998800
2023.01.12,00:00,91.592451,91.810529,89.778443,91.106735,22754200
2023.01.13,00:00,90.728082,92.167395,90.135308,91.988968,18630700
2023.01.17,00:00,91.969137,92.157479,90.046090,91.354561,22935800
2023.01.18,00:00,92.127733,92.770064,90.601191,90.977867,19641600
2023.01.19,00:00,90.591291,93.574987,90.581376,93.089272,28707700
2023.01.20,00:00,95.111424,98.551099,95.071781,98.412323,53704800
2023.01.23,00:00,98.263639,100.513804,97.886963,100.325462,31791800
2023.01.24,00:00,98.679966,100.206500,97.837389,98.342934,27391400
2023.01.25,00:00,96.350499,96.865959,94.429441,95.884613,31000900
2023.01.26,00:00,97.421067,98.342939,95.973828,98.293381,24542100
2023.01.27,00:00,98.184338,100.692226,98.105036,99.829826,29020400
2023.01.30,00:00,97.882006,98.540197,96.667706,97.093948,24365100
2023.01.31,00:00,97.004742,99.036828,96.935354,98.997177,22306800
2023.02.01,00:00,98.868316,101.296909,97.559852,100.543549,26392600
2023.02.02,00:00,105.856693,107.868951,105.608878,107.849129,46622600
2023.02.03,00:00,102.605361,107.075939,102.397197,104.300415,36823400
2023.02.06,00:00,101.787561,103.784950,101.316714,102.565704,25573000
2023.02.07,00:00,102.724310,107.720263,102.643026,107.095772,33738800
2023.02.08,00:00,101.792530,102.674752,97.594542,99.126038,73546000
2023.02.09,00:00,99.661322,99.730710,93.039702,94.625717,97798600
2023.02.10,00:00,94.903266,96.172079,93.703842,94.030960,49325300
2023.02.13,00:00,94.179646,94.516671,93.228037,94.169731,43116600
2023.02.14,00:00,93.832712,94.343210,91.840276,94.120171,42513100
2023.02.15,00:00,93.912006,96.489281,93.535330,96.251381,36964500
2023.02.16,00:00,94.705016,97.024562,94.139998,94.942917,35642100
2023.02.17,00:00,94.239114,94.913171,92.633270,93.763306,31095100
2023.02.21,00:00,92.425101,92.598574,91.195940,91.245506,28367200
2023.02.22,00:00,91.130520,91.552799,90.075824,90.997696,29891100
2023.02.23,00:00,91.324812,91.324812,89.223345,90.274078,32423700
2023.02.24,00:00,88.846659,89.342289,88.083392,88.569107,31295600
2023.02.27,00:00,89.302639,89.659493,88.826838,89.312553,22724300
2023.02.28,00:00,88.757458,90.650762,88.737629,89.510818,30546900
2023.03.01,00:00,89.372047,90.402951,89.064751,89.718987,26323900
2023.03.02,00:00,89.074658,91.671763,88.985440,91.503242,23328600
2023.03.03,00:00,91.929476,93.287505,91.850181,93.198288,30242500
2023.03.06,00:00,93.535328,95.458376,93.475855,94.744667,28288200
2023.03.07,00:00,94.586053,95.250195,93.023830,93.346977,24101500
2023.03.08,00:00,93.579923,95.398885,93.579923,93.822784,25395200
2023.03.09,00:00,93.664198,95.081700,91.547862,91.850197,24438900
2023.03.10,00:00,91.691583,92.365640,90.006443,90.214607,32850100
2023.03.13,00:00,89.773486,92.266505,89.153948,90.858917,31508600
2023.03.14,00:00,92.256597,94.001218,91.969131,93.426285,32303900
2023.03.15,00:00,92.722489,96.400064,92.226859,95.706184,38367300
2023.03.16,00:00,95.726005,101.078812,95.032126,100.186676,54499500
2023.03.17,00:00,99.958693,102.585534,99.869483,101.564537,76140300
2023.03.20,00:00,100.176770,101.683490,99.909133,101.039169,26033900
2023.03.21,00:00,101.088743,105.033955,100.969789,104.915001,33122800
2023.03.22,00:00,104.221108,106.570398,103.299236,103.309151,32336900
2023.03.23,00:00,104.964560,106.164975,104.488760,105.331329,31385800
2023.03.24,00:00,104.815876,105.232212,103.824616,105.133080,25236200
2023.03.27,00:00,104.399529,104.478832,101.733037,102.159279,25393400
2023.03.28,00:00,102.099810,102.099810,99.403581,100.474144,24913500
2023.03.29,00:00,101.822255,101.921380,100.147023,101.009422,26148300
2023.03.30,00:00,100.553448,100.721960,99.413497,100.434494,25009800
2023.03.31,00:00,100.821093,103.279422,100.553456,103.091080,28108000
2023.04.03,00:00,101.772697,104.032770,101.485231,103.993126,20719900
2023.04.04,00:00,103.923727,105.172717,103.685827,104.201286,20377200
2023.04.05,00:00,105.192549,105.608876,103.192180,104.032768,21864200
2023.04.06,00:00,104.845600,108.671866,103.898952,107.948250,34684200
2023.04.10,00:00,106.451439,107.026371,104.677082,106.015282,19741500
2023.04.11,00:00,105.985562,106.282943,104.359896,105.192558,18721300
2023.04.12,00:00,106.451448,106.646725,104.052600,104.300415,22761600
2023.04.13,00:00,105.539492,107.318803,105.509755,107.244461,21650700
2023.04.14,00:00,106.748829,108.622311,106.649697,108.503357,20758700
2023.04.17,00:00,104.508568,105.777380,104.399529,105.489914,29043400
2023.04.18,00:00,106.064853,106.114419,103.864254,104.201286,17641400
2023.04.19,00:00,103.304178,104.800983,102.892811,104.102142,16732000
2023.04.20,00:00,103.735397,105.953836,103.725482,104.974472,22515300
2023.04.21,00:00,105.162802,105.707998,104.563094,104.984383,22379000
2023.04.24,00:00,105.123155,106.382053,104.439183,105.846771,21410900
2023.04.25,00:00,105.678253,106.501000,103.646166,103.695732,31408100
2023.04.26,00:00,104.637447,106.084686,102.367460,103.537148,37068200
2023.04.27,00:00,104.310325,108.196064,103.507399,107.422882,38235200
2023.04.28,00:00,106.857865,107.343581,105.113245,107.274193,23957900
2023.05.01,00:00,106.778569,107.730178,106.560490,106.768654,20926300
2023.05.02,00:00,106.719097,106.788485,103.586711,105.053780,20343100
2023.05.03,00:00,105.291683,107.184986,104.696928,105.192558,17116300
2023.05.04,00:00,105.232206,105.370982,103.784960,104.290504,19780600
2023.05.05,00:00,104.399538,105.509752,103.823614,105.286713,20710600
2023.05.08,00:00,104.870383,107.472441,104.865429,107.294014,17266000
2023.05.09,00:00,107.829306,109.628446,106.783526,106.996651,24782400
2023.05.10,00:00,107.601309,112.517960,107.531921,111.298706,47533500
2023.05.11,00:00,114.847430,117.404884,113.925557,115.878342,57115100
2023.05.12,00:00,115.977462,117.226452,115.531398,116.889420,31293800
2023.05.15,00:00,115.471912,117.756767,115.462004,115.937805,22107900
2023.05.16,00:00,115.808955,120.140758,115.808955,119.040459,32370100
2023.05.17,00:00,119.129663,121.211308,118.415954,120.418304,26659600
2023.05.18,00:00,120.497591,122.817144,120.428203,122.440460,27014500
2023.05.19,00:00,123.114538,125.373620,121.647477,122.172844,30268900
2023.05.22,00:00,122.430576,125.939638,122.371095,124.769951,29760200
2023.05.23,00:00,123.838153,124.323868,121.974586,122.212486,24477900
2023.05.24,00:00,120.814805,121.677204,119.694683,120.576904,23087900
2023.05.25,00:00,124.115706,124.878981,121.825897,123.263222,33812700
2023.05.26,00:00,122.980718,124.898804,122.212489,124.333786,25154700
2023.05.30,00:00,125.186263,125.275473,121.815977,123.550682,27230700
2023.05.31,00:00,122.618904,123.808421,122.024149,122.291794,41548800
2023.06.01,00:00,122.420659,123.947201,122.222410,123.283058,25017700
2023.06.02,00:00,123.402006,125.637303,123.263230,124.135544,19367500
2023.06.05,00:00,123.520942,126.871399,123.292949,125.523285,22672500
2023.06.06,00:00,125.493558,127.753638,124.869067,126.792114,19450100
2023.06.07,00:00,126.460033,128.417779,121.558251,121.865547,34179300
2023.06.08,00:00,121.513652,122.648649,120.943680,121.597908,24815000
2023.06.09,00:00,121.488862,123.198792,121.350086,121.796158,20304500
2023.06.12,00:00,122.316566,123.659727,121.280701,123.263222,22255700
2023.06.13,00:00,124.551853,124.760017,122.762628,123.342514,19287700
2023.06.14,00:00,122.718036,123.699381,121.092369,123.292961,24659600
2023.06.15,00:00,122.797325,125.057405,122.063794,124.690636,24517100
2023.06.16,00:00,125.592680,125.592680,122.708117,122.975754,56699200
2023.06.20,00:00,122.455359,124.081026,121.756519,122.767601,22698000
2023.06.21,00:00,122.157979,122.331453,119.803735,120.200241,22612000
2023.06.22,00:00,119.605470,122.851841,118.554729,122.787415,20781900
2023.06.23,00:00,120.973424,122.361190,120.794997,121.944855,29573100
2023.06.26,00:00,120.404436,121.647474,117.950070,118.049194,23185000
2023.06.27,00:00,116.810137,118.847177,115.888272,117.969917,27221700
2023.06.28,00:00,116.929070,120.210139,116.572215,120.021805,19753100
2023.06.29,00:00,119.040446,119.853287,118.168140,118.961151,18517500
2023.06.30,00:00,120.041627,120.963499,119.823548,119.912766,23871800
2023.07.03,00:00,119.268455,119.962334,118.658832,119.506355,13888300
2023.07.05,00:00,119.010719,122.291796,119.010719,121.558258,17830300
2023.07.06,00:00,119.585649,120.091194,118.207798,119.873116,17732500
2023.07.07,00:00,119.833464,120.685949,119.040453,119.090019,20997700
2023.07.10,00:00,118.029349,118.029349,115.620586,115.848579,32960100
2023.07.11,00:00,115.739557,117.191750,114.817685,116.681252,18286600
2023.07.12,00:00,118.257351,119.902840,117.959970,118.574554,22059600
2023.07.13,00:00,120.477789,124.239620,120.001981,123.739037,31535900
2023.07.14,00:00,124.036407,125.979276,123.808421,124.601425,20499800
2023.07.17,00:00,124.958278,126.167617,123.411915,123.967018,20675300
2023.07.18,00:00,123.813369,123.897626,122.222401,122.995583,21045800
2023.07.19,00:00,123.699375,124.373432,121.399651,121.706940,22313800
2023.07.20,00:00,121.052712,123.610158,117.647728,118.485344,27541700
2023.07.21,00:00,119.813641,120.239883,118.029369,119.258530,56514600
2023.07.24,00:00,120.860415,122.271966,120.319182,120.814812,22276100
2023.07.25,00:00,120.814823,122.609009,120.467883,121.716873,31820800
2023.07.26,00:00,129.220704,130.221872,127.585131,128.526825,46216900
2023.07.27,00:00,130.648095,132.432366,128.050983,128.734955,35931600
2023.07.28,00:00,129.825385,132.898298,129.775819,131.847549,26971000
2023.07.31,00:00,131.847538,132.660379,130.975240,131.946671,18381900
2023.08.01,00:00,129.711362,131.758317,129.607284,130.737320,22154300
2023.08.02,00:00,128.705241,129.280174,126.732635,127.515732,22705800
2023.08.03,00:00,127.248094,128.635868,126.658301,127.644608,15018100
2023.08.04,00:00,128.467367,130.776991,127.193594,127.416618,20521900
2023.08.07,00:00,128.378095,130.905812,128.298793,130.786865,17621000
2023.08.08,00:00,129.835275,130.786891,128.992713,130.687759,16836000
2023.08.09,00:00,131.034692,131.312243,128.373160,129.012512,17745200
2023.08.10,00:00,130.816650,131.487735,128.898563,129.072037,17855700
2023.08.11,00:00,128.072822,129.300008,127.624776,129.032364,15205500
2023.08.14,00:00,128.715165,130.757159,128.457428,130.677856,17526200
2023.08.15,00:00,130.439941,130.836454,128.684423,129.131485,14769200
2023.08.16,00:00,128.150110,129.753965,127.337285,127.981598,17548400
2023.08.17,00:00,129.309887,131.333049,128.715140,129.319809,23665600
2023.08.18,00:00,127.932058,128.695333,125.890064,126.990364,23627200
2023.08.21,00:00,126.732637,128.130310,126.048672,127.803192,21851100
2023.08.22,00:00,128.001461,129.805547,127.798251,128.556564,15557900
2023.08.23,00:00,129.706417,132.898276,129.369377,132.045792,26497000
2023.08.24,00:00,133.549532,133.790404,129.161220,129.280167,18680400
2023.08.25,00:00,129.002579,130.251561,126.920927,129.547775,20678100
2023.08.28,00:00,130.925658,132.075523,129.706412,130.638184,16715500
2023.08.29,00:00,131.835652,136.095095,131.817804,134.305878,30803300
2023.08.30,00:00,134.385162,136.050472,133.840949,135.733261,21773400
2023.08.31,00:00,135.852247,137.190439,135.624261,136.149628,28147900
2023.09.01,00:00,137.220160,137.368858,134.751931,135.604416,16671600
2023.09.05,00:00,135.247553,136.169418,134.375239,135.515198,17730200
2023.09.06,00:00,135.817517,136.278449,133.512840,134.186890,15814300
2023.09.07,00:00,133.423636,135.386327,132.789230,135.009644,16976000
2023.09.08,00:00,134.682522,136.313150,134.682522,136.000900,17810700
2023.09.11,00:00,136.179340,137.055616,135.356592,136.536194,17180800
2023.09.12,00:00,135.931532,136.437069,134.742007,134.880798,15212900
2023.09.13,00:00,134.712287,136.496558,133.750763,136.298309,16394900
2023.09.14,00:00,137.180491,138.330357,135.862113,137.775253,19064600
2023.09.15,00:00,137.586939,138.142042,135.981087,137.091309,48958800
2023.09.18,00:00,136.427197,138.707084,136.427197,137.745575,16233600
2023.09.19,00:00,137.041736,137.958655,136.298291,137.616669,15479100
2023.09.20,00:00,137.616676,137.626583,133.344346,133.413727,21473500
2023.09.21,00:00,131.232941,132.025953,129.944300,130.211945,22058400
2023.09.22,00:00,130.529171,131.847549,129.369398,130.102936,17348700
2023.09.25,00:00,129.627119,131.064443,128.893581,131.014877,14650000
2023.09.26,00:00,129.769874,130.256581,127.069682,128.318665,20378800
2023.09.27,00:00,128.308731,130.568803,128.249258,130.311081,18764200
2023.09.28,00:00,129.547814,133.007303,129.547814,131.966492,18201400
2023.09.29,00:00,132.908184,133.711102,130.172311,130.697678,23237300
2023.10.02,00:00,131.000013,134.177005,130.910803,133.988663,19210400
2023.10.03,00:00,133.750754,134.058057,131.654248,132.135010,19628700
2023.10.04,00:00,132.491866,135.376437,132.263865,135.079056,22848000
2023.10.05,00:00,134.940290,135.307051,133.279925,134.801514,15922900
2023.10.06,00:00,133.760663,137.969556,133.760663,137.517532,20826700
2023.10.09,00:00,136.783995,138.746686,135.505261,138.280792,16599100
2023.10.10,00:00,138.290763,139.510025,137.220200,137.983475,19554900
2023.10.11,00:00,138.627756,140.977038,138.617834,140.461578,20146300
2023.10.12,00:00,140.917586,141.135665,138.231264,139.063919,18173100
2023.10.13,00:00,139.420767,140.104739,136.764197,137.368866,19438700
2023.10.16,00:00,138.508794,139.673528,138.102389,139.262161,17345600
2023.10.17,00:00,138.806211,140.015550,137.318337,139.757828,17424000
2023.10.18,00:00,139.519914,140.749082,137.492788,138.062759,18304900
2023.10.19,00:00,138.578206,139.772677,137.388697,137.765366,21831200
2023.10.20,00:00,137.378760,137.824824,135.054253,135.544937,24970300
2023.10.23,00:00,135.039406,137.805031,133.929199,136.694809,20780700
2023.10.24,00:00,137.943769,139.480225,137.537349,138.895370,26535200
2023.10.25,00:00,128.635863,128.962981,124.988017,125.562950,58796100
2023.10.26,00:00,123.382180,124.363526,121.250969,122.361183,33907400
2023.10.27,00:00,122.946009,123.352430,120.398471,122.321518,37367700
2023.10.30,00:00,123.372267,125.444005,122.797334,124.650993,24165600
2023.10.31,00:00,125.166434,125.453900,122.841935,124.204918,21123400
2023.11.01,00:00,124.244564,126.623591,123.833198,126.455078,26536600
2023.11.02,00:00,128.427692,128.953058,126.990367,127.456261,24091700
2023.11.03,00:00,127.961794,129.587460,127.882491,129.230606,19529400
2023.11.06,00:00,129.081932,130.410217,128.794458,130.301178,15360400
2023.11.07,00:00,130.826531,132.115173,129.993876,131.242859,19223800
2023.11.08,00:00,131.203209,132.372889,131.004960,132.095337,15093600
2023.11.09,00:00,132.194481,132.789243,130.360643,130.539078,17976500
2023.11.10,00:00,130.380479,133.096538,129.726244,132.888367,20872900
2023.11.13,00:00,132.194479,132.937924,131.609639,132.472031,16409900
2023.11.14,00:00,134.464447,136.040562,133.919266,134.246368,22317300
2023.11.15,00:00,135.445817,135.644066,134.147269,135.188095,15840900
2023.11.16,00:00,135.763040,137.666258,134.890726,137.487823,17615100
2023.11.17,00:00,136.615509,136.793928,134.295948,135.743195,25565300
2023.11.20,00:00,134.315782,137.215221,134.305875,136.714630,19569400
2023.11.21,00:00,136.734474,137.750510,136.501527,137.408524,17648100
2023.11.22,00:00,137.884353,139.866874,137.785220,138.796310,17306400
2023.11.24,00:00,138.320449,138.456260,136.268548,137.011993,8828600
2023.11.27,00:00,136.367705,138.409699,136.337953,136.843506,17886400
2023.11.28,00:00,136.427185,137.448182,135.842330,137.408524,17046900
2023.11.29,00:00,137.770316,138.449326,135.103823,135.207901,21014700
2023.11.30,00:00,135.207910,135.763028,131.629459,132.749588,29913500
2023.12.01,00:00,132.154861,132.333281,130.997055,132.154861,24268000
2023.12.04,00:00,130.146571,130.301199,128.269111,129.488373,24117100
2023.12.05,00:00,129.230606,132.372899,128.596200,131.232956,19235100
2023.12.06,00:00,131.738465,132.144885,130.162365,130.281311,16360600
2023.12.07,00:00,135.406153,138.776431,135.039376,137.239975,38419400
2023.12.08,00:00,134.474370,136.784008,134.385160,135.445801,23016100
2023.12.11,00:00,132.650467,133.611976,131.728587,133.522766,24502900
2023.12.12,00:00,132.105269,133.364159,131.669112,132.472031,26584000
2023.12.13,00:00,133.369120,133.602067,131.788059,132.799149,25414500
2023.12.14,00:00,133.592159,133.854843,129.914577,132.035873,29619100
2023.12.15,00:00,131.758315,133.651626,131.470856,132.670273,58594000
2023.12.18,00:00,132.690114,137.170615,132.600904,135.991013,25699800
2023.12.19,00:00,136.793934,137.557209,136.248738,136.893066,20661000
2023.12.20,00:00,139.103596,141.827581,138.191638,138.439453,33507300
2023.12.21,00:00,139.539733,140.788716,139.245332,140.560730,18101500
2023.12.22,00:00,140.887832,141.998038,140.813475,141.472672,18513500
2023.12.26,00:00,141.730413,142.686991,141.254613,141.571823,11170100
2023.12.27,00:00,141.581724,142.067447,139.818265,140.203873,17288400
2023.12.28,00:00,140.610268,141.026595,139.597197,140.045242,12192500
2023.12.29,00:00,139.450503,140.198910,138.677321,139.698318,14881000
2024.01.02,00:00,138.379960,139.386089,136.536215,138.340302,20071900
2024.01.03,00:00,137.388673,139.856901,137.220145,139.133286,18974300
2024.01.04,00:00,138.627766,139.405894,136.803836,136.833572,18253300
2024.01.05,00:00,137.142837,137.596827,135.653966,136.189240,15439500
2024.01.08,00:00,136.793931,139.410858,136.674985,139.301819,17645300
2024.01.09,00:00,138.835921,141.551980,138.568276,141.314072,19579700
2024.01.10,00:00,141.274416,143.261883,141.214943,142.543228,16641900
2024.01.11,00:00,143.628683,145.378257,140.972097,142.414383,17471100
2024.01.12,00:00,143.078533,143.475046,142.107102,142.979416,13998700
2024.01.16,00:00,142.176488,144.565429,141.805763,142.820816,19198900
2024.01.17,00:00,141.661019,142.156649,139.281985,141.641190,17884500
2024.01.18,00:00,142.186398,144.312656,142.097188,143.722855,18876800
2024.01.19,00:00,145.026347,146.746184,144.525770,146.676804,27181000
2024.01.22,00:00,147.410312,148.703900,146.290183,146.419052,21829200
2024.01.23,00:00,146.428968,147.559004,145.903601,147.380569,14113600
2024.01.24,00:00,148.976507,150.245334,148.530443,149.035995,19245000
2024.01.25,00:00,150.413853,153.407448,149.898393,152.297241,21495100
2024.01.26,00:00,151.533965,152.763133,151.464585,152.445923,19494500
2024.01.29,00:00,152.297231,153.843594,151.583522,153.486740,20909300
2024.01.30,00:00,152.664019,153.685016,151.439812,151.712418,26578900
2024.01.31,00:00,144.119351,144.317600,140.312915,140.560730,43908600
2024.02.01,00:00,142.434184,143.356049,141.016674,141.462753,25526900
2024.02.02,00:00,139.658688,142.622563,136.962459,142.285522,42136100
2024.02.05,00:00,142.781124,145.388144,142.652271,143.663345,29254400
2024.02.06,00:00,144.684372,145.457554,143.256954,144.139175,21517700
2024.02.07,00:00,144.842953,145.715267,143.940917,145.398056,21436100
2024.02.08,00:00,145.685535,146.319941,145.140338,145.933350,18241300
2024.02.09,00:00,146.656955,149.377974,146.141495,148.907120,21877700
2024.02.12,00:00,148.233064,149.273890,147.261633,147.430145,17236100
2024.02.13,00:00,144.793378,146.746147,143.841762,145.090744,18138500
2024.02.14,00:00,146.082020,146.538006,144.282880,145.854034,16651800
2024.02.15,00:00,143.197466,143.494832,140.640013,142.682007,26724300
2024.02.16,00:00,142.949673,143.217302,140.283180,140.521072,21865100
2024.02.20,00:00,139.708217,142.076330,139.569441,140.957199,18625600
2024.02.21,00:00,141.393361,142.721646,140.669745,142.582870,16440800
2024.02.22,00:00,144.842938,144.922241,142.751378,144.049942,23024700
2024.02.23,00:00,143.703022,144.679415,143.524588,144.020218,14519400
2024.02.26,00:00,142.196305,142.582896,137.527477,137.537384,33513000
2024.02.27,00:00,138.191608,139.262171,137.289557,138.875580,22364000
2024.02.28,00:00,137.884331,138.062750,135.445823,136.228912,30628700
2024.02.29,00:00,137.140870,138.726877,136.367688,138.558365,35485000
2024.03.01,00:00,138.389842,138.776433,136.769137,136.873215,28551500
2024.03.04,00:00,135.346691,135.435916,131.698860,133.027145,43571500
2024.03.05,00:00,131.579920,132.848733,130.400318,132.610825,28447600
2024.03.06,00:00,133.066768,133.562398,130.796774,131.401443,23175200
2024.03.07,00:00,132.719837,134.632977,131.500591,134.058044,24107300
2024.03.08,00:00,133.854825,137.770300,133.621878,135.098846,26495200
2024.03.11,00:00,135.872071,138.756627,135.872071,137.725723,22536400
2024.03.12,00:00,137.041743,139.054000,137.002099,138.399765,19019700
2024.03.13,00:00,138.835902,140.947291,138.786336,139.539703,19637000
2024.03.14,00:00,141.056357,143.465113,140.248478,143.078522,36117900
2024.03.15,00:00,142.156659,143.078524,139.896586,140.927490,41039500
2024.03.18,00:00,148.064548,151.593433,146.845302,147.182327,47676700
2024.03.19,00:00,147.677961,148.312367,145.725177,146.627228,17748400
2024.03.20,00:00,147.489620,148.451144,146.374452,148.371841,17730000
2024.03.21,00:00,149.006287,149.982665,146.716463,147.440094,19843900
2024.03.22,00:00,148.926946,151.226662,148.778248,150.443573,19252900
2024.03.25,00:00,149.630746,150.132320,147.499542,149.828995,15114700
2024.03.26,00:00,149.918205,151.861066,149.710033,150.374176,19312700
2024.03.27,00:00,150.815301,151.355536,148.817912,150.612091,16622000
2024.03.28,00:00,150.671584,151.335726,150.007441,150.929306,21105600
2024.04.01,00:00,150.503064,155.627878,150.324629,155.132248,24469800
2024.04.02,00:00,153.397545,154.626713,152.118825,154.507751,17598100
2024.04.03,00:00,153.566048,155.181807,152.784940,155.003372,17266200
2024.04.04,00:00,153.724648,154.815025,150.552618,150.612091,24184800
2024.04.05,00:00,150.354362,153.486748,149.760598,152.594620,16297300
2024.04.08,00:00,152.668947,155.285874,152.644172,154.775375,16641500
2024.04.09,00:00,155.974815,158.492610,155.271014,156.757904,21521500
2024.04.10,00:00,156.500214,156.777765,154.834888,156.282135,16339200
2024.04.11,00:00,156.956180,159.711883,156.549760,159.384766,17841700
2024.04.12,00:00,158.011839,160.286779,157.213881,157.798721,16989800
2024.04.15,00:00,158.879205,159.424401,154.785295,154.963730,21140900
2024.04.16,00:00,154.279758,155.855858,153.694918,154.636612,15413200
2024.04.17,00:00,155.816215,157.294181,154.770427,155.508926,16237800
2024.04.18,00:00,155.553519,157.099883,154.844772,156.083847,14016100
2024.04.19,00:00,156.371327,156.609235,152.564891,154.359070,21479900
2024.04.22,00:00,154.646532,157.793787,154.299600,156.569580,17243900
2024.04.23,00:00,157.203991,159.077473,156.584453,158.522369,16115400
2024.04.24,00:00,157.699619,159.979521,157.431990,159.692062,19485700
2024.04.25,00:00,152.019698,156.896698,151.432877,156.569580,36197800
2024.04.26,00:00,174.451899,174.878133,169.902003,172.171997,56500800
2024.04.29,00:00,169.277545,169.882214,165.599962,166.432617,35914600
2024.04.30,00:00,165.917170,168.385398,163.062335,163.201111,29420800
2024.05.01,00:00,164.727625,167.334644,163.458813,164.122971,25223200
2024.05.02,00:00,165.213382,167.057128,164.241951,166.987747,17041100
2024.05.03,00:00,168.058273,168.365577,163.538128,167.513092,22767100
2024.05.06,00:00,167.741079,168.415129,166.422701,168.345749,15147900
2024.05.07,00:00,168.633211,171.953939,168.514264,171.468216,21102400
2024.05.08,00:00,169.257703,170.406571,169.031699,169.664124,14569900
2024.05.09,00:00,169.654179,170.932913,168.444841,170.080429,11937700
2024.05.10,00:00,168.206965,169.842538,166.442523,168.801712,18740500
2024.05.13,00:00,164.397525,169.455923,164.311280,169.406357,19648600
2024.05.14,00:00,170.090359,171.269961,168.930586,170.427383,18729500
2024.05.15,00:00,170.794158,172.524901,170.526514,172.360352,20958200
2024.05.16,00:00,173.074057,174.798840,172.528861,173.896790,17247300
2024.05.17,00:00,174.015741,175.943734,173.450716,175.740524,16546400
2024.05.20,00:00,175.760341,178.377267,175.676092,176.900299,17495100
2024.05.21,00:00,176.840865,178.248468,175.760395,177.970901,14706000
2024.05.22,00:00,176.840849,177.288910,175.235012,176.444351,16189400
2024.05.23,00:00,177.217519,178.337648,173.014570,173.530029,14928400
2024.05.24,00:00,174.977298,175.754442,173.668827,174.788956,11403600
2024.05.28,00:00,174.204115,176.949896,174.144627,176.464188,15655300
2024.05.29,00:00,175.264724,176.672311,174.719528,175.849564,15023800
2024.05.30,00:00,175.145786,175.145786,171.716019,172.043137,18826300
2024.05.31,00:00,171.884533,172.895623,169.475778,172.439651,28085200
2024.06.03,00:00,172.360371,174.323063,170.942861,172.895645,20742800
2024.06.04,00:00,172.925377,173.658915,171.706131,173.599442,14066600
2024.06.05,00:00,174.992163,176.414620,173.758034,175.522491,15233900
2024.06.06,00:00,175.879317,177.148145,175.661254,176.791290,14255800
2024.06.07,00:00,176.900335,177.851937,174.253657,174.412262,14716300
2024.06.10,00:00,175.106930,177.111559,173.052694,175.285568,17099800
2024.06.11,00:00,176.367255,177.032154,174.104611,176.833679,14402400
2024.06.12,00:00,178.381809,180.694075,176.426802,178.193253,18600400
2024.06.13,00:00,176.486348,177.151246,175.315337,175.394730,15956900
2024.06.14,00:00,174.513490,177.369574,174.513490,177.012314,12361600
2024.06.17,00:00,175.632857,178.550481,175.146597,177.419159,15272900
2024.06.18,00:00,177.429088,177.548185,174.283219,175.106903,15640300
2024.06.20,00:00,175.364957,177.379504,175.116860,176.357346,16753200
2024.06.21,00:00,177.131377,181.122751,176.704643,178.887894,58903200
2024.06.24,00:00,179.900170,180.694084,178.858160,179.413895,18198300
2024.06.25,00:00,179.766195,184.336139,179.726491,184.167435,18797000
2024.06.26,00:00,182.797938,184.514765,182.589544,183.959030,13375700
2024.06.27,00:00,184.231935,186.072811,184.038412,185.437683,13025700
2024.06.28,00:00,184.306376,185.159831,181.929602,182.023880,23032400
2024.07.01,00:00,183.075775,183.929230,181.339096,183.085709,11815900
2024.07.02,00:00,182.073492,185.526999,181.666609,185.189590,12555500
2024.07.03,00:00,184.881939,186.191883,183.973895,185.963638,7409100
2024.07.05,00:00,185.894190,190.796575,185.894190,190.498871,14303400
2024.07.08,00:00,189.908410,190.220015,187.878977,189.030136,12097600
2024.07.09,00:00,190.290474,191.392026,188.782040,188.990448,10198500
2024.07.10,00:00,189.298062,191.838574,189.169047,191.193527,12052900
2024.07.11,00:00,189.883602,190.945465,185.398017,185.874359,16452000
2024.07.12,00:00,185.497225,187.253757,184.723164,185.358292,14449100
2024.07.15,00:00,185.070526,188.454559,185.070526,186.757584,12186000
2024.07.16,00:00,187.521698,188.891184,183.710916,184.088028,12760100
2024.07.17,00:00,183.274283,183.820100,180.237577,181.229965,17376600
2024.07.18,00:00,182.142960,182.649088,176.853543,177.855850,17877200
2024.07.19,00:00,178.997088,180.584915,177.498587,178.024551,14485900
2024.07.22,00:00,180.962018,182.897173,180.515432,181.954407,16303900
2024.07.23,00:00,182.440678,183.810179,181.934566,182.202515,23772600
2024.07.24,00:00,174.055011,176.595523,172.248872,173.042770,31250700
2024.07.25,00:00,172.923690,173.866456,167.763273,167.872437,28967900
2024.07.26,00:00,167.485399,168.547247,164.602512,167.396072,25150100
2024.07.29,00:00,169.202229,170.849597,168.428167,169.827438,13768900
2024.07.30,00:00,170.522094,171.633564,168.825103,170.551865,13681400
2024.07.31,00:00,173.588578,174.571048,170.412938,171.832047,15650200
2024.08.01,00:00,170.670966,174.342801,169.212154,171.137390,17177800
2024.08.02,00:00,166.909802,168.914430,165.123499,167.118195,18907800
2024.08.05,00:00,156.172138,164.676912,155.408010,159.417252,34907800
2024.08.06,00:00,159.719955,161.114259,156.926379,159.318024,36146500
2024.08.07,00:00,161.997496,163.535686,159.020331,159.526443,19334200
2024.08.08,00:00,161.108311,164.240295,160.796705,162.592926,15733600
2024.08.09,00:00,160.414614,164.260119,159.705045,164.131104,13549200
2024.08.12,00:00,164.731505,165.431140,162.305123,162.702072,12435000
2024.08.13,00:00,163.927668,165.272350,163.515833,164.666992,12717600
2024.08.14,00:00,162.960076,163.704367,158.315691,160.796661,22515900
2024.08.15,00:00,160.975310,162.275336,160.260789,161.927994,18392500
2024.08.16,00:00,162.166175,165.679223,161.838685,163.486053,16853100
2024.08.19,00:00,165.728857,167.187669,164.825780,167.118195,13100800
2024.08.20,00:00,167.455608,169.112895,167.376215,167.673935,12622500
2024.08.21,00:00,165.718937,167.356372,165.302136,166.354065,15269600
2024.08.22,00:00,167.753329,168.130441,163.773857,164.230362,19123800
2024.08.23,00:00,165.282287,166.671625,164.399062,166.155579,14281600
2024.08.26,00:00,166.875057,168.090739,165.054033,166.651764,11990300
2024.08.27,00:00,166.334220,166.964381,164.895260,165.113586,13718200
2024.08.28,00:00,165.510539,166.115896,162.037179,163.247894,15208700
2024.08.29,00:00,164.795991,166.354048,160.749029,162.156235,17133800
2024.08.30,00:00,162.970016,164.021945,162.166184,163.853241,18498800
2024.09.03,00:00,162.071914,162.136422,156.653467,157.402725,26533100
2024.09.04,00:00,156.871777,159.179077,156.241616,156.608795,17410700
2024.09.05,00:00,156.579041,159.789418,156.321026,157.392807,14139500
2024.09.06,00:00,157.482095,158.008060,150.778508,150.972031,24999100
2024.09.09,00:00,152.661314,153.664940,147.265544,148.597092,28057700
2024.09.10,00:00,150.495055,151.339702,148.600082,149.064133,20401800
2024.09.11,00:00,150.137314,151.518549,147.762385,151.190628,18991500
2024.09.12,00:00,153.833857,154.628816,152.532120,154.559250,20980800
2024.09.13,00:00,155.376095,158.270722,155.125685,157.371429,16733900
2024.09.16,00:00,157.331707,158.235973,156.616245,157.987549,14157600
2024.09.17,00:00,159.080589,160.571132,158.404884,159.269394,12064800
2024.09.18,00:00,159.835792,160.610873,158.653293,159.796036,16756500
2024.09.19,00:00,163.780763,163.949690,161.497249,162.210724,17548200
2024.09.20,00:00,163.482644,163.711190,162.151082,163.601883,46362700
2024.09.23,00:00,164.297470,165.559466,161.922540,162.041794,15648400
2024.09.24,00:00,163.214354,163.512466,161.008351,162.608200,18774100
2024.09.25,00:00,161.942448,163.181579,161.748670,161.962326,13607900
2024.09.26,00:00,163.989443,164.456481,162.469091,162.797012,18234500
2024.09.27,00:00,162.876499,165.917202,162.797002,164.247787,13604300
2024.09.30,00:00,163.740996,166.304729,163.601879,166.135803,14070100
2024.10.01,00:00,167.795306,169.365346,164.853963,167.358078,18629500
2024.10.02,00:00,166.702226,167.815174,165.201752,166.255066,12745000
2024.10.03,00:00,164.774466,166.851284,164.327291,166.155701,11004300
2024.10.04,00:00,168.272273,168.480956,165.907290,167.497192,11422100
2024.10.07,00:00,168.073535,168.828738,163.095130,163.353485,14034700
2024.10.08,00:00,164.386895,165.052684,163.273962,164.655197,11723900
2024.10.09,00:00,163.815556,165.211696,160.104105,162.031876,19666400
2024.10.10,00:00,161.087862,163.274988,160.620824,162.151108,12900500
2024.10.11,00:00,162.300167,164.227937,161.475398,163.482666,10946000
2024.10.14,00:00,163.870209,166.563114,163.741024,165.301132,9981800
2024.10.15,00:00,166.086133,168.023835,165.003010,165.847641,14829300
2024.10.16,00:00,164.983145,166.225263,164.174282,165.688675,9968500
2024.10.17,00:00,166.324616,166.871136,163.333585,163.472702,15113400
2024.10.18,00:00,163.830420,165.320962,163.711181,164.009293,13091300
2024.10.21,00:00,163.542284,165.171943,163.269009,164.754593,11384000
2024.10.22,00:00,163.661515,166.414053,163.631705,165.768158,11958600
2024.10.23,00:00,165.380603,166.543239,162.601242,163.442902,12754300
2024.10.24,00:00,163.552219,164.009325,161.743702,163.492599,12764400
2024.10.25,00:00,164.322334,166.344491,164.188176,165.937088,14566400
2024.10.28,00:00,169.514362,169.530268,164.744625,167.278549,20858300
2024.10.29,00:00,168.316974,170.776374,167.596554,170.060913,28916100
2024.10.30,00:00,181.259859,182.631147,174.636875,175.029388,49698300
2024.10.31,00:00,173.618350,177.295017,171.471965,171.601151,32801900
2024.11.01,00:00,170.458369,172.724007,169.236129,171.561371,21752900
2024.11.04,00:00,170.160287,170.835992,168.416348,169.603806,16194000
2024.11.05,00:00,169.752879,171.011888,169.295773,170.329224,12518300
2024.11.06,00:00,174.244376,177.513625,173.936318,177.205582,27061500
2024.11.07,00:00,177.980651,181.428772,177.762037,181.130661,16730400
2024.11.08,00:00,180.852428,181.200227,178.437757,178.725922,15021500
2024.11.11,00:00,178.934618,180.936912,178.855121,180.822632,12503400
2024.11.12,00:00,180.236323,182.864634,179.848783,182.164093,14065800
2024.11.13,00:00,181.001496,181.463576,178.984297,179.351974,13969700
2024.11.14,00:00,178.616627,179.307252,174.920081,176.231766,17925800
2024.11.15,00:00,174.532529,174.771022,171.655779,172.793564,21708900
2024.11.18,00:00,173.851859,175.794533,173.320228,175.685226,18662800
2024.11.19,00:00,174.130103,179.033984,174.011850,178.447708,15392900
2024.11.20,00:00,177.702441,177.980674,174.224509,176.211899,15729800
2024.11.21,00:00,174.348722,174.472934,164.267684,168.172913,38839400
2024.11.22,00:00,166.106006,167.204034,164.665152,165.519730,24497000
2024.11.25,00:00,166.930787,169.385214,166.344495,168.361694,21395700
2024.11.26,00:00,168.421325,170.413672,168.361690,169.544189,14937500
2024.11.27,00:00,169.603819,170.060925,168.600192,169.742950,12433400
2024.11.29,00:00,168.987727,169.792617,167.685989,169.415024,9250700
2024.12.02,00:00,169.246096,172.505414,169.196408,171.889313,16593400
2024.12.03,00:00,172.028407,173.220853,171.422253,171.929047,15721500
2024.12.04,00:00,171.690594,175.317574,171.660784,174.979721,18239800
2024.12.05,00:00,176.201937,176.589478,172.912796,173.210907,16145500
2024.12.06,00:00,172.783638,175.723980,172.455717,175.377182,13319500
2024.12.09,00:00,174.805160,177.118119,174.491789,176.182999,19887800
2024.12.10,00:00,183.579498,187.056396,181.724149,185.564163,34317400
2024.12.11,00:00,185.733274,195.870513,185.295549,195.691452,41664500
2024.12.12,00:00,195.283584,195.686486,192.279217,192.627411,25197800
2024.12.13,00:00,191.712138,193.333687,190.269634,190.389023,18883200
2024.12.16,00:00,193.358594,199.601096,193.104909,197.133942,32248600
2024.12.17,00:00,197.502038,201.829520,195.671568,196.099335,24129500
2024.12.18,00:00,195.810824,197.661194,188.299915,189.165405,27638400
2024.12.19,00:00,192.279208,193.592380,188.538682,188.717743,26981200
2024.12.20,00:00,186.041658,193.129765,185.404973,191.960861,45319700
2024.12.23,00:00,193.025331,195.472600,190.637764,194.975189,15235900
2024.12.24,00:00,195.154252,196.646485,194.187285,196.547012,6809800
2024.12.26,00:00,195.721285,197.133931,194.855780,196.079422,7907900
2024.12.27,00:00,195.452689,195.780982,190.977978,193.035263,14693000
2024.12.30,00:00,189.876729,192.776628,189.374339,191.692276,12209500
2024.12.31,00:00,191.448526,192.249351,188.598356,189.453903,14355200
