date,open,high,low,close,volume,minutes
2017-01-26,23.72,23.79,23.61,23.73,9.025299995206296,390
2017-01-27,23.71,23.71,23.57,23.63,12.314590004272759,390
2017-01-30,23.48,23.48,23.25,23.47,50.90237003285438,390
2017-01-31,23.32,23.51,23.18,23.31,44.93404986616224,390
2017-02-01,23.46,23.59,23.25,23.32,13.819269919767976,390
2017-02-02,23.16,23.33,23.1,23.24,496.57534309336916,390
2017-02-03,23.626,23.73,23.44,23.69,612.3001975710504,390
2017-02-06,23.566,23.77,23.547,23.608,1044.5487518957816,390
2017-02-07,23.73,23.75,23.52,23.55,351.0535087999888,390
2017-02-08,23.447,23.43,23.28,23.38,22.938211786560714,390
2017-02-09,23.456,23.73,23.41,23.72,22.79570284439251,390
2017-02-10,23.84,23.85,23.69,23.768,12.877750826999545,390
2017-02-13,23.92,24.14,23.89,24.03,43.62359040044248,390
2017-02-14,24.019,24.35,23.99,24.32,14.748029930982739,390
2017-02-15,24.439,24.56,24.26,24.5,13.15635192533955,390
2017-02-16,24.487,24.51,24.31,24.47,16.00835198769346,390
2017-02-17,24.289,24.46,24.24,24.46,30.515264085493982,390
2017-02-21,24.585,24.63,24.51,24.58,111.63433207385242,390
2017-02-22,24.468,24.67,24.45,24.59,74.39661433035508,390
2017-02-23,24.559,24.669,24.47,24.62,30.53122494602576,390
2017-02-24,24.345,24.46,24.31,24.43,58.04850008664653,390
2017-02-27,24.357,24.59,24.357,24.55,25.809086936526,390
2017-02-28,24.457,24.54,24.38,24.52,15.689270028844476,390
2017-03-01,24.997,25.28,24.98,25.23,12.605019986163825,390
2017-03-02,25.266,25.26,24.84,24.85,23.28733991133049,390
2017-03-03,24.809,25.02,24.809,24.95,14.844135008286685,390
2017-03-06,24.735,24.85,24.67,24.79,61.75379614159465,390
2017-03-07,24.789,24.81,24.65,24.72,57.475689840037376,390
2017-03-08,24.978,25.04,24.71,24.73,19.727725082309917,390
2017-03-09,24.82,24.93,24.7,24.8,14.724509966559708,390
2017-03-10,24.926,24.91,24.63,24.79,15.671045012772083,390
2017-03-13,24.81,24.86,24.697,24.82,8451.11634324072,390
2017-03-14,24.731,24.79,24.6,24.78,12266.720251132734,390
2017-03-15,24.757,24.91,24.63,24.749,23.726296070497483,390
2017-03-16,24.788,24.96,24.77,24.82,18.65266996016726,390
2017-03-17,24.71,24.73,24.46,24.47,4.669999925419688,390
2017-03-20,24.38,24.46,24.25,24.26,5.369999894872308,390
2017-03-21,24.36,24.35,23.51,23.56,12.609999846667051,390
2017-03-22,23.4,23.61,23.23,23.52,11.789999917149544,390
2017-03-23,23.49,23.83,23.44,23.58,9.449999889358878,390
2017-03-24,23.63,23.72,23.38,23.56,17.802099897991866,390
2017-03-27,23.05,23.45,22.98,23.438,8.709999904036522,390
2017-03-28,23.367,23.848,23.367,23.766,5.419999927282333,390
2017-03-29,23.727,23.756,23.596,23.629,5.199999917298555,390
2017-03-30,23.628,23.978,23.606,23.917,5.339999929070473,390
2017-03-31,23.838,23.9,23.736,23.749,4.46999990567565,390
2017-04-03,23.776,23.809,23.396,23.679,253.98587483121082,390
2017-04-04,23.58,23.688,23.526,23.639,327.5262399758212,390
2017-04-05,23.872,23.94,23.466,23.488,337.9299053773284,390
2017-04-06,23.435,23.71,23.328,23.629,349.9056800203398,390
2017-04-07,23.433,23.668,23.386,23.53,365.2141189817339,390
2017-04-10,23.448,23.648,23.379,23.479,315.0430096797645,390
2017-04-11,23.292,23.41,23.146,23.408,358.21503952657804,390
2017-04-12,23.357,23.368,23.138,23.21,400.5528038595803,390
2017-04-13,23.041,23.35,22.903,22.92,343.0055955145508,390
2017-04-17,22.943,23.298,22.888,23.279,296.8565799081698,390
2017-04-18,23.139,23.23,22.936,23.1,367.6501318933442,390
2017-04-19,23.181,23.299,22.976,23.029,247.54796022595838,390
2017-04-20,23.166,23.438,23.086,23.398,375.24578535789624,390
2017-04-21,23.327,23.409,23.146,23.179,386.4110481720418,390
2017-04-24,23.665,23.79,23.586,23.68,299.05921543063596,390
2017-04-25,23.875,23.998,23.857,23.89,277.0665241954848,390
2017-04-26,23.824,24.076,23.824,23.89,413.3283793432638,390
2017-04-27,23.902,23.899,23.62,23.77,314.2051443932578,390
2017-04-28,23.742,23.777,23.531,23.548,289.0088404030539,390
2017-05-01,23.608,23.787,23.543,23.699,300.0960805946961,390
2017-05-02,23.668,23.698,23.516,23.649,301.30040510976687,390
2017-05-03,23.567,23.82,23.546,23.82,314.73297032760456,390
2017-05-04,23.985,24.056,23.776,23.859,324.9366025775671,390
2017-05-05,23.934,23.938,23.753,23.84,227.09208425926045,390
2017-05-08,23.856,23.898,23.776,23.819,325.53668390074745,390
2017-05-09,23.817,23.948,23.648,23.72,277.5286303618923,390
2017-05-10,23.667,23.799,23.639,23.789,236.65100714284927,390
2017-05-11,23.645,23.737,23.466,23.658,285.60709953913465,390
2017-05-12,23.526,23.557,23.426,23.549,243.82995064929128,390
2017-05-15,23.563,23.779,23.563,23.739,233.35851015150547,390
2017-05-16,23.772,23.82,23.666,23.78,274.45928082894534,390
2017-05-17,23.297,23.477,22.966,23.067,446.6323794713244,390
2017-05-18,23.007,23.278,22.998,23.149,389.5849843323231,390
2017-05-19,23.165,23.467,23.165,23.32,330.74034127034247,390
2017-05-22,23.454,23.456,23.25,23.399,218.8453802363947,390
2017-05-23,23.414,23.65,23.317,23.58,288.1759104337543,390
2017-05-24,23.627,23.617,23.466,23.579,255.04625994805247,390
2017-05-25,23.607,23.717,23.556,23.64,273.1835304345004,390
2017-05-26,23.562,23.668,23.558,23.608,394.0872317580506,390
2017-05-30,23.497,23.548,23.396,23.439,258.5229097958654,390
2017-05-31,23.366,23.418,23.1,23.27,420.96290457900614,390
2017-06-01,23.364,23.536,23.216,23.539,347.402675351128,390
2017-06-02,23.364,23.55,23.302,23.438,322.3013911386952,390
2017-06-05,23.454,23.619,23.448,23.48,292.40550003619865,390
2017-06-06,23.305,23.44,23.258,23.379,331.26994184218347,390
2017-06-07,23.422,23.617,23.386,23.57,322.5130747226067,390
2017-06-08,23.546,23.998,23.543,23.849,295.63863929500803,390
2017-06-09,23.985,24.318,23.956,24.3,456.0349103100598,390
2017-06-12,24.326,24.489,24.196,24.339,310.17258441401646,390
2017-06-13,24.447,24.538,24.386,24.446,380.68273127730936,390
2017-06-14,24.255,24.525,24.126,24.499,606.5926028545946,390
2017-06-15,24.305,24.517,24.305,24.406,378.9318847237155,390
2017-06-16,24.301,24.357,24.216,24.286,360.1012295121327,390
2017-06-19,24.428,24.576,24.416,24.52,309.1337803588249,390
2017-06-20,24.456,24.47,24.32,24.325,23.64204984297976,390
2017-06-21,24.36,24.34,24.11,24.12,4.88999992236495,390
2017-06-22,24.05,24.1,23.95,23.99,2.9399999510496855,390
2017-06-23,24.08,24.08,23.81,23.88,2.769999962300062,390
2017-06-26,23.95,24.1,23.86,24.0,4.059999939054251,390
2017-06-27,24.09,24.31,24.04,24.13,4.999999918043613,390
2017-06-28,24.29,24.55,24.29,24.51,2.83999995701015,390
2017-06-29,24.92,25.01,24.51,24.68,9.629999864846468,390
2017-06-30,24.82,24.84,24.62,24.69,5.909999925643206,390
2017-07-03,24.81,25.18,24.81,25.0,3.4299999363720417,390
2017-07-05,25.07,25.12,24.91,25.06,5.389999911189079,390
2017-07-06,25.05,25.16,24.89,24.9,7.17999991774559,390
2017-07-07,25.0,25.09,24.88,25.04,4.449999937787652,390
2017-07-10,24.96,25.07,24.93,25.0,3.549999939277768,390
2017-07-11,25.0,24.99,24.73,24.83,4.399999935179949,390
2017-07-12,24.79,24.89,24.73,24.85,3.129999937489629,390
2017-07-13,24.9,25.02,24.86,25.02,2.3799999598413706,390
2017-07-14,24.72,24.95,24.59,24.88,3.829999942332506,390
2017-07-17,24.84,24.89,24.74,24.84,2.569999957457185,390
2017-07-18,24.67,24.83,24.64,24.78,4.029999939724803,390
2017-07-19,24.84,24.9,24.72,24.82,2.7499999422580004,390
2017-07-20,24.83,24.93,24.75,24.81,3.5699999406933784,390
2017-07-21,24.78,24.87,24.73,24.8,3.2399999536573887,390
2017-07-24,24.78,24.93,24.78,24.89,2.0399999637156725,390
2017-07-25,25.2,25.31,25.14,25.2,3.4799999464303255,390
2017-07-26,25.26,25.28,24.99,25.04,3.809999944642186,390
2017-07-27,25.1,25.06,24.8,24.91,5.969999900087714,390
2017-07-28,24.88,24.97,24.77,24.92,4.059999944642186,390
2017-07-31,24.96,25.17,24.96,25.09,2.5199999529868364,390
2017-08-01,25.21,25.28,25.14,25.28,3.9799999352544546,390
2017-08-02,25.27,25.32,25.18,25.31,2.5499999597668648,390
2017-08-03,25.26,25.28,25.18,25.21,2.669999945908785,390
2017-08-04,25.42,25.47,25.34,25.38,3.479999938979745,390
2017-08-07,25.39,25.39,25.31,25.34,1.5999999698251486,390
2017-08-08,25.31,25.58,25.27,25.31,4.019999923184514,390
2017-08-09,25.12,25.29,25.08,25.29,4.3799999486655,390
2017-08-10,25.11,25.16,24.84,24.84,5.479999912902713,390
2017-08-11,24.84,24.93,24.67,24.71,3.799999937415123,390
2017-08-14,24.93,25.13,24.93,25.04,2.759999953210354,390
2017-08-15,25.25,25.29,25.09,25.11,2.619999945163727,390
2017-08-16,25.21,25.23,24.99,25.04,3.1099999360740185,390
2017-08-17,24.97,25.01,24.6,24.62,6.0099998991936445,390
2017-08-18,24.5,24.78,24.49,24.59,5.579999923706055,390
2017-08-21,24.6,24.6,24.44,24.54,3.2799999453127384,390
2017-08-22,24.63,24.82,24.62,24.8,2.1199999526143074,390
2017-08-23,24.62,24.87,24.61,24.73,3.1599999479949474,390
2017-08-24,24.84,24.82,24.68,24.72,2.609999956563115,390
2017-08-25,24.79,24.91,24.77,24.8,3.219999937340617,390
2017-08-28,24.82,24.81,24.58,24.66,1.9299999605864286,390
2017-08-29,24.38,24.6,24.34,24.55,3.119999961927533,390
2017-08-30,24.59,24.77,24.58,24.66,2.7399999517947435,390
2017-08-31,24.73,24.76,24.61,24.68,2.3199999686330557,390
2017-09-01,24.72,24.9,24.67,24.81,1.8599999733269215,390
2017-09-05,24.59,24.58,24.16,24.24,5.349999910220504,390
2017-09-06,24.32,24.41,24.21,24.3,3.5299999453127384,390
2017-09-07,24.3,24.28,23.79,23.89,3.6399999354034662,390
2017-09-08,23.87,24.17,23.84,24.07,3.4099999610334635,390
2017-09-11,24.37,24.57,24.33,24.51,9.899999925866723,390
2017-09-12,24.58,24.82,24.56,24.8,10.42999992147088,390
2017-09-13,24.71,24.85,24.67,24.85,7.839999917894602,390
2017-09-14,24.85,24.89,24.74,24.78,7.2399999257177114,390
2017-09-15,24.629,24.778,24.619,24.778,1051.4777620881796,390
2017-09-18,24.857,25.058,24.838,25.028,829.5277108019218,390
2017-09-19,25.047,25.298,25.017,25.238,679.9870700463653,390
2017-09-20,25.228,25.477,25.137,25.388,515.1665932671167,390
2017-09-21,25.368,25.498,25.317,25.448,527.4970508925617,390
2017-09-22,25.298,25.448,25.267,25.448,720.802391698584,390
2017-09-25,25.357,25.478,25.227,25.388,806.1806297525764,390
2017-09-26,25.427,25.468,25.317,25.378,780.4500503148884,390
2017-09-27,25.697,25.818,25.587,25.708,807.8328268043697,390
2017-09-28,25.787,25.768,25.607,25.738,729.036550658755,390
2017-09-29,25.728,25.848,25.697,25.828,626.3194315545261,390
2017-10-02,25.808,26.058,25.807,26.058,805.6232635816559,390
2017-10-03,26.058,26.148,26.007,26.138,759.7271434874274,390
2017-10-04,26.087,26.168,26.037,26.048,702.6326480209827,390
2017-10-05,26.097,26.398,25.997,26.328,736.3196161054075,390
2017-10-06,26.397,26.447,26.208,26.328,838.8297325368039,390
2017-10-09,26.388,26.387,26.187,26.238,702.5742157176137,390
2017-10-10,26.267,26.348,26.217,26.348,708.4219338367693,390
2017-10-11,26.308,26.328,26.207,26.308,735.5821416070685,390
2017-10-12,26.367,26.378,26.087,26.118,783.7535271123052,390
2017-10-13,25.977,26.207,25.887,26.118,798.8564051985741,390
2017-10-16,26.138,26.298,26.128,26.288,613.1199150294997,390
2017-10-17,26.387,26.368,26.107,26.138,642.9690992087126,390
2017-10-18,26.258,26.338,26.167,26.297,616.8096701535396,390
2017-10-19,26.127,26.328,26.068,26.327,901.1602711295709,390
2017-10-20,26.608,26.647,26.517,26.628,981.782219260931,390
2017-10-23,26.637,26.678,26.557,26.598,746.8703721165657,390
2017-10-24,26.707,26.848,26.677,26.788,774.3378762975335,390
2017-10-25,26.817,26.858,26.497,26.658,1159.2708365432918,390
2017-10-26,26.738,26.898,26.738,26.818,1034.1408451497555,390
2017-10-27,26.748,26.818,26.607,26.778,970.3209187081084,390
2017-10-30,26.64,26.78,26.6,26.679,57.14582028845325,390
2017-10-31,26.6,26.76,26.57,26.589,24.410557927563787,390
2017-11-01,26.71,26.82,26.61,26.64,57.658079924061894,390
2017-11-02,26.64,26.918,26.53,26.888,802.913320227759,390
2017-11-03,26.668,26.808,26.668,26.778,942.26069169119,390
2017-11-06,26.667,26.788,26.657,26.758,990.4091356396675,390
2017-11-07,26.757,26.838,26.307,26.388,951.0846353541128,390
2017-11-08,26.327,26.318,26.158,26.238,862.8427949398756,390
2017-11-09,26.067,26.227,25.887,26.158,1029.1889594048262,390
2017-11-10,26.187,26.208,26.057,26.088,857.6064437325113,390
2017-11-13,25.917,26.167,25.907,26.138,779.3235482722521,390
2017-11-14,26.007,26.108,25.927,26.108,853.1988747338764,390
2017-11-15,25.897,26.248,25.857,26.208,917.0945243835449,390
2017-11-16,26.238,26.348,26.167,26.178,784.8200129009783,390
2017-11-17,26.057,26.208,26.027,26.148,858.3394098095596,390
2017-11-20,26.158,26.308,26.128,26.278,707.7880632197484,390
2017-11-21,26.358,26.388,26.297,26.348,899.8617825577967,390
2017-11-22,26.368,26.418,26.237,26.248,650.3092513377778,390
2017-11-24,26.308,26.307,26.188,26.197,252.94023764878511,390
2017-11-27,26.137,26.328,26.137,26.208,695.5569042935967,390
2017-11-28,26.207,26.898,26.207,26.868,1216.2714212164283,390
2017-11-29,27.037,27.508,27.037,27.358,827.7319040223956,390
2017-11-30,27.537,27.877,27.368,27.548,893.0198117475957,390
2017-12-01,27.518,27.698,26.937,27.578,631.1795979281887,390
2017-12-04,27.967,28.188,27.967,28.038,1087.6047422513366,390
2017-12-05,28.008,28.138,27.777,27.848,952.6327237263322,390
2017-12-06,27.678,27.888,27.667,27.748,899.8448077142239,390
2017-12-07,27.557,27.928,27.557,27.828,883.2139070625417,390
2017-12-08,27.928,27.988,27.777,27.988,761.8020146409981,390
2017-12-11,27.987,28.028,27.857,27.928,867.5205851937644,390
2017-12-12,28.027,28.308,27.947,28.217,843.8461929662153,390
2017-12-13,28.168,28.237,27.847,27.858,825.2644326239824,390
2017-12-14,27.968,27.978,27.657,27.688,962.1351005360484,390
2017-12-15,27.718,27.978,27.627,27.818,1199.1803751327097,390
2017-12-18,28.037,28.178,27.987,28.068,716.8824292304926,390
2017-12-19,28.188,28.188,27.937,27.968,731.4026225944981,390
2017-12-20,28.097,28.187,27.867,27.898,688.9850248917937,390
2017-12-21,28.017,28.198,27.998,28.118,672.8420185111463,390
2017-12-22,28.147,28.217,27.917,28.058,456.0293541913852,390
2017-12-26,27.978,28.118,27.848,27.958,286.38596852775663,390
2017-12-27,27.937,27.998,27.907,27.988,438.76094826869667,390
2017-12-28,27.987,28.108,27.987,28.108,580.254872421734,390
2017-12-29,28.138,28.178,27.927,27.988,535.5186220463365,390
2018-01-02,28.047,28.037,27.787,27.908,619.1656217351556,390
2018-01-03,27.918,28.068,27.867,28.058,480.7115395627916,390
2018-01-04,28.158,28.518,28.098,28.328,451.8481749291532,390
2018-01-05,28.388,28.438,28.228,28.418,730.699077565223,390
2018-01-08,28.388,28.418,28.268,28.378,420.0014349594712,390
2018-01-09,28.458,28.728,28.428,28.598,668.5170607082546,390
2018-01-10,28.657,28.938,28.627,28.828,604.6203610221855,390
2018-01-11,28.928,28.958,28.807,28.958,471.79626577347517,390
2018-01-12,29.117,29.237,28.957,29.238,499.1402117088437,390
2018-01-16,29.428,29.518,28.987,29.138,641.124128524214,390
2018-01-17,29.188,29.428,28.987,29.378,542.0765127921477,390
2018-01-18,29.368,29.458,29.287,29.348,461.621756400913,390
2018-01-19,29.367,29.538,29.367,29.538,475.2520240335725,390
2018-01-22,29.517,29.778,29.498,29.778,315.7140953466296,390
2018-01-23,29.627,29.848,29.567,29.798,338.0074630472809,390
2018-01-24,29.847,30.067,29.767,30.008,448.94061693549156,390
2018-01-25,30.098,30.077,29.847,29.948,451.16095473617315,390
2018-01-26,29.998,30.168,29.897,30.168,400.3507779687643,390
2018-01-29,30.107,30.308,30.017,30.068,581.0851943995804,390
2018-01-30,29.767,30.008,29.678,29.708,469.63350769877434,390
2018-01-31,29.727,29.868,29.637,29.738,431.9747534915805,390
2018-02-01,29.657,30.038,29.657,30.038,502.08475382998586,390
2018-02-02,29.957,30.018,29.337,29.378,571.8135389387608,390
2018-02-05,28.817,29.198,27.587,28.008,589.9741416573524,390
2018-02-06,27.218,28.438,27.167,28.388,367.6584883928299,390
2018-02-07,28.238,28.788,28.217,28.478,553.1567614674568,390
2018-02-08,28.447,28.357,27.167,27.228,611.4043361544609,390
2018-02-09,27.547,27.857,26.757,27.688,594.1146247386932,390
2018-02-12,27.937,28.328,27.697,28.078,609.9346241354942,390
2018-02-13,27.888,28.238,27.827,28.188,565.7658686935902,390
2018-02-14,28.127,28.848,28.108,28.848,677.791874691844,390
2018-02-15,29.078,29.128,28.697,29.008,621.6140137538314,390
2018-02-16,28.857,29.218,28.838,29.028,732.9103198125958,390
2018-02-20,28.908,29.178,28.797,28.928,896.5345532894135,390
2018-02-21,28.847,29.368,28.847,28.928,937.6347937583923,390
2018-02-22,28.988,29.128,28.617,28.698,794.5299645662308,390
2018-02-23,28.778,29.098,28.767,29.108,1047.940790399909,390
2018-02-26,29.308,29.548,29.137,29.548,666.305569767952,390
2018-02-27,29.507,29.748,29.267,29.318,719.5211212337017,390
2018-02-28,29.407,29.528,28.877,28.928,903.4083297550678,390
2018-03-01,28.867,29.098,28.207,28.378,1039.687388241291,390
2018-03-02,28.147,28.507,27.887,28.488,969.6215920746326,390
2018-03-05,28.128,28.988,28.117,28.868,928.7938402593136,390
2018-03-06,28.917,29.007,28.657,28.958,701.6504333615303,390
2018-03-07,28.587,28.958,28.567,28.908,1020.9370615929365,390
2018-03-08,28.947,29.018,28.677,28.998,818.2213252782822,390
2018-03-09,29.267,29.708,29.177,29.708,710.873014613986,390
2018-03-12,29.688,29.788,29.547,29.658,868.6833234131336,390
2018-03-13,29.737,29.718,29.197,29.288,698.4342342168093,390
2018-03-14,29.327,29.368,28.847,28.928,876.2061709165573,390
2018-03-15,29.048,29.097,28.857,28.968,676.420802205801,390
2018-03-16,28.867,29.128,28.867,28.928,685.2617511451244,390
2018-03-19,28.828,28.908,28.387,28.678,729.3050952404737,390
2018-03-20,28.747,28.838,28.647,28.738,701.5792317688465,390
2018-03-21,28.708,29.078,28.617,28.748,643.9989951997995,390
2018-03-22,28.338,28.428,27.557,27.678,825.9477504789829,390
2018-03-23,27.688,27.778,26.767,26.848,769.1259573698044,390
2018-03-26,27.357,27.757,27.097,27.687,673.7757828831673,390
2018-03-27,27.797,27.887,26.927,27.158,813.6515553891659,390
2018-03-28,27.117,27.428,26.847,27.208,868.7659151256084,390
2018-03-29,27.287,27.728,27.197,27.618,713.0213767886162,390
2018-04-02,27.548,27.578,26.547,26.978,797.7366426885128,390
2018-04-03,27.107,27.377,26.887,27.338,808.3728104233742,390
2018-04-04,26.817,27.688,26.787,27.668,898.5444588661194,390
2018-04-05,27.847,28.018,27.737,27.858,777.3021964281797,390
2018-04-06,27.447,27.678,26.907,27.187,915.2910298109055,390
2018-04-09,27.297,27.858,27.267,27.308,826.546957463026,390
2018-04-10,27.727,27.867,27.547,27.728,1068.976151458919,390
2018-04-11,27.447,27.588,27.317,27.418,870.1282743811607,390
2018-04-12,27.598,28.048,27.578,27.898,756.0329483747482,390
2018-04-13,28.208,28.077,27.307,27.478,832.7346168756485,390
2018-04-16,27.577,27.757,27.497,27.598,798.6999837458134,390
2018-04-17,27.787,27.818,27.467,27.578,804.0805583447218,390
2018-04-18,27.588,27.748,27.387,27.458,773.7254544496536,390
2018-04-19,27.467,27.898,27.467,27.868,783.0984067320824,390
2018-04-20,27.897,28.028,27.747,27.887,722.1854825615883,390
2018-04-23,27.937,27.968,27.757,27.858,777.4312043637037,390
2018-04-24,27.997,28.157,27.477,27.678,766.7750153243542,390
2018-04-25,27.618,27.768,27.367,27.638,816.9264519959688,390
2018-04-26,27.597,27.788,27.507,27.648,632.6741400063038,390
2018-04-27,27.568,27.748,27.548,27.718,559.7776197977364,390
2018-04-30,27.727,27.907,27.437,27.458,668.55393589288,390
2018-05-01,27.387,27.448,27.157,27.458,540.0793908983469,390
2018-05-02,27.348,27.437,27.097,27.128,586.044445514679,390
2018-05-03,26.947,27.017,26.447,26.908,743.1227310858667,390
2018-05-04,26.708,27.388,26.657,27.248,542.250907048583,390
2018-05-07,27.338,27.538,27.247,27.438,681.5700407847762,390
2018-05-08,27.408,27.808,27.408,27.627,566.1957934498787,390
2018-05-09,27.757,28.088,27.657,28.038,701.0015508010983,390
2018-05-10,28.017,28.317,27.947,28.258,696.1414624899626,390
2018-05-11,28.228,28.428,28.187,28.238,686.8493507951498,390
2018-05-14,28.308,28.367,28.177,28.228,517.2371637374163,390
2018-05-15,28.158,28.308,28.067,28.178,604.5708382129669,390
2018-05-16,28.078,28.298,28.078,28.208,494.23659353516996,390
2018-05-17,28.158,28.258,27.987,28.188,530.7399442456663,390
2018-05-18,28.127,28.128,27.927,27.948,566.0255286763422,390
2018-05-21,28.097,28.238,28.087,28.138,506.518539309036,390
2018-05-22,28.127,28.478,28.127,28.338,545.5205415673554,390
2018-05-23,28.137,28.198,27.847,28.138,749.8252715496346,390
2018-05-24,27.998,28.058,27.647,27.948,566.1141659989953,390
2018-05-25,27.748,27.877,27.707,27.838,471.6433925777674,390
2018-05-29,27.438,27.457,26.707,26.898,763.602260068059,390
2018-05-30,27.178,27.498,27.097,27.418,833.0263564437628,390
2018-05-31,27.288,27.358,27.087,27.208,905.8918552994728,390
2018-06-01,27.498,27.608,27.387,27.478,749.5171428024769,390
2018-06-04,27.578,27.638,27.507,27.558,579.4701363872737,390
2018-06-05,27.398,27.498,27.297,27.448,736.2969273030758,390
2018-06-06,27.557,27.938,27.557,27.947,755.264564178884,390
2018-06-07,28.057,28.148,27.848,28.028,769.9268624633551,390
2018-06-08,27.988,28.078,27.847,28.088,645.5932338684797,390
2018-06-11,28.138,28.248,28.007,28.048,491.53767344355583,390
2018-06-12,28.057,28.148,27.797,27.918,486.98502350691706,390
2018-06-13,27.938,28.148,27.808,27.858,475.50295739248395,390
2018-06-14,27.898,27.917,27.497,27.578,476.502263776958,390
2018-06-15,27.287,27.528,27.097,27.448,743.5626495778561,390
2018-06-18,27.217,27.438,27.127,27.428,629.3515808843076,390
2018-06-19,27.117,27.387,27.107,27.338,784.1236889585853,390
2018-06-20,27.478,27.488,27.237,27.248,676.1594039797783,390
2018-06-21,27.147,27.328,26.997,27.208,924.9683239758015,390
2018-06-22,27.367,27.398,27.037,27.058,704.2335210889578,390
2018-06-25,26.898,26.978,26.577,26.798,1211.3432086706161,390
2018-06-26,26.778,26.787,26.507,26.688,956.2209715992212,390
2018-06-27,26.638,26.857,26.347,26.398,1273.6601116657257,390
2018-06-28,26.347,26.678,26.297,26.578,1178.9487209916115,390
2018-06-29,26.847,27.048,26.537,26.578,1037.279957830906,390
2018-07-02,26.367,26.707,26.367,26.708,1283.0401105880737,390
2018-07-03,26.757,26.838,26.407,26.457,505.98412636414287,390
2018-07-05,26.578,26.637,26.437,26.518,816.3389704599977,390
2018-07-06,26.417,26.758,26.357,26.668,925.5768581032753,390
2018-07-09,26.768,27.288,26.767,27.268,968.1203892230988,390
2018-07-10,27.287,27.357,27.087,27.178,932.0113843977451,390
2018-07-11,26.968,27.158,26.968,27.038,1050.991697601974,390
2018-07-12,27.187,27.198,26.927,27.078,1066.092006906867,390
2018-07-13,26.997,27.048,26.687,26.958,1008.7700815796852,390
2018-07-16,27.047,27.457,27.027,27.448,1089.3385355211794,390
2018-07-17,27.437,27.578,27.327,27.478,882.0816807821393,390
2018-07-18,27.587,27.958,27.547,27.908,1185.2839695513248,390
2018-07-19,27.747,27.758,27.457,27.498,949.4078820720315,390
2018-07-20,27.438,27.618,27.337,27.548,873.5573442429304,390
2018-07-23,27.517,27.957,27.517,27.918,907.1730298995972,390
2018-07-24,28.018,28.168,27.928,28.008,932.6361262500286,390
2018-07-25,27.937,28.098,27.837,28.077,763.6061495617032,390
2018-07-26,28.098,28.227,28.027,28.048,751.228092584759,390
2018-07-27,28.048,28.238,27.957,28.118,927.7973477318883,390
2018-07-30,28.098,28.338,28.097,28.138,775.471417888999,390
2018-07-31,28.187,28.208,27.877,27.948,814.0756344869733,390
2018-08-01,28.077,28.238,27.867,27.938,1070.4342601001263,390
2018-08-02,27.758,27.987,27.667,27.948,1104.3190626502037,390
2018-08-03,27.877,28.098,27.877,28.098,919.425972238183,390
2018-08-06,28.088,28.318,28.087,28.228,988.477819621563,390
2018-08-07,28.278,28.538,28.278,28.368,912.6163553223014,390
2018-08-08,28.338,28.498,28.327,28.458,820.9502998031676,390
2018-08-09,28.337,28.438,28.287,28.298,712.4642380028963,390
2018-08-10,27.908,28.047,27.817,27.978,1202.1483931913972,390
2018-08-13,27.947,28.018,27.677,27.688,999.2560997754335,390
2018-08-14,27.767,27.988,27.707,27.928,1071.1833987385035,390
2018-08-15,27.647,27.857,27.597,27.738,1248.9910180717707,390
2018-08-16,27.868,28.168,27.858,28.088,1040.9624398872256,390
2018-08-17,28.007,28.188,27.997,28.138,1004.7935400009155,390
2018-08-20,28.117,28.287,28.117,28.238,1156.9685913845897,390
2018-08-21,28.227,28.488,28.197,28.378,990.755520619452,390
2018-08-22,28.188,28.358,28.188,28.288,674.4720403272659,390
2018-08-23,28.227,28.268,28.087,28.128,829.3922530598938,390
2018-08-24,28.177,28.267,28.177,28.218,814.8523654565215,390
2018-08-27,28.307,28.688,28.307,28.608,1209.041224166751,390
2018-08-28,28.677,28.667,28.527,28.568,859.054105874151,390
2018-08-29,28.528,28.638,28.427,28.568,717.6332068927586,390
2018-08-30,28.417,28.528,28.297,28.368,1115.9617904946208,390
2018-08-31,28.217,28.328,28.157,28.328,1074.2386008575559,390
2018-09-04,28.307,28.468,28.237,28.468,1181.0854697674513,390
2018-09-05,28.407,28.608,28.407,28.498,1061.989623978734,390
2018-09-06,28.427,28.508,28.257,28.338,940.4009966850281,390
2018-09-07,28.388,28.407,28.197,28.338,1455.6835867986083,390
2018-09-10,28.387,28.417,28.257,28.278,979.9899255633354,390
2018-09-11,28.187,28.388,28.107,28.318,1006.2386765629053,390
2018-09-12,28.268,28.357,28.037,28.058,1207.7211035192013,390
2018-09-13,28.118,28.247,27.957,28.018,1194.3261944949627,390
2018-09-14,28.028,28.238,28.028,28.208,1116.0758211910725,390
2018-09-17,28.197,28.288,28.067,28.108,984.862233646214,390
2018-09-18,28.167,28.258,28.047,28.238,1051.3142246827483,390
2018-09-19,28.218,28.798,28.218,28.728,1431.1982758939266,390
2018-09-20,28.898,29.038,28.857,28.958,1432.4708260595798,390
2018-09-21,28.937,28.908,28.687,28.728,1123.9920448958874,390
2018-09-24,28.677,28.718,28.387,28.418,1175.3235318660736,390
2018-09-25,28.498,28.517,28.287,28.298,932.0713470578194,390
2018-09-26,28.298,28.358,27.888,27.948,1075.3483225032687,390
2018-09-27,27.998,28.078,27.827,27.868,1224.5954476743937,390
2018-09-28,27.678,27.738,27.527,27.558,1327.7033590078354,390
2018-10-01,27.737,27.858,27.577,27.668,1157.3518037572503,390
2018-10-02,27.598,27.707,27.458,27.678,1115.7598175406456,390
2018-10-03,27.857,28.048,27.777,27.908,1281.8162438869476,390
2018-10-04,27.918,28.318,27.907,28.128,1296.3270680308342,390
2018-10-05,28.148,28.287,27.917,27.998,1385.341662466526,390
2018-10-08,27.887,28.238,27.867,28.178,1202.7332033962011,390
2018-10-09,28.048,28.177,27.867,28.078,1233.1582428365946,390
2018-10-10,28.017,28.108,27.207,27.258,1600.1660750508308,390
2018-10-11,27.007,27.188,26.307,26.448,2006.6304933428764,390
2018-10-12,26.867,26.867,26.018,26.478,1261.7934216856956,390
2018-10-15,26.398,26.588,26.297,26.368,1209.9166457355022,390
2018-10-16,26.488,26.748,26.297,26.738,1005.4616065621376,390
2018-10-17,26.648,27.157,26.538,26.988,1667.446976467967,390
2018-10-18,26.818,27.038,26.477,26.558,1308.2253067195415,390
2018-10-19,26.518,26.848,26.407,26.658,1397.1943642497063,390
2018-10-22,26.618,26.728,26.097,26.118,1114.0459057837725,390
2018-10-23,25.537,26.018,25.397,25.888,1721.0348500609398,390
2018-10-24,25.718,25.788,25.127,25.208,1636.2329568564892,390
2018-10-25,25.367,25.818,25.317,25.608,1527.5167811214924,390
2018-10-26,25.268,25.497,25.007,25.278,1757.774428486824,390
2018-10-29,24.908,25.907,24.908,25.478,1381.5986493229866,390
2018-10-30,25.537,25.908,25.417,25.898,1469.0459155142307,390
2018-10-31,26.118,26.588,26.117,26.278,1389.3358733281493,390
2018-11-01,26.368,26.458,26.207,26.388,1189.8686329126358,390
2018-11-02,25.938,26.778,25.938,26.378,1039.2026266753674,390
2018-11-05,26.527,26.858,26.527,26.768,1274.713858872652,390
2018-11-06,26.737,26.898,26.637,26.908,1177.735377162695,390
2018-11-07,27.028,27.298,26.807,27.268,999.7582835257053,390
2018-11-08,26.987,27.498,26.987,27.368,950.105472266674,390
2018-11-09,27.198,27.347,26.967,27.128,1032.035734564066,390
2018-11-12,27.088,27.147,26.517,26.578,1041.5239081308246,390
2018-11-13,26.617,26.958,26.587,26.738,1447.8902918100357,390
2018-11-14,26.927,26.957,26.067,26.368,1235.8535407185555,390
2018-11-15,26.137,26.748,26.017,26.738,1469.617743164301,390
2018-11-16,26.547,26.878,26.457,26.768,919.4286839962006,390
2018-11-19,26.748,26.867,26.527,26.758,924.9863435849547,390
2018-11-20,26.347,26.547,26.097,26.238,1304.0515078008175,390
2018-11-21,26.288,26.567,26.117,26.248,911.1902359426022,390
2018-11-23,25.987,26.198,25.907,25.977,525.7439816743135,390
2018-11-26,26.288,26.608,26.257,26.528,1031.488117709756,390
2018-11-27,26.437,26.608,26.397,26.547,1093.3440059423447,390
2018-11-28,26.588,27.028,26.387,27.028,1026.0432808324695,390
2018-11-29,26.807,26.987,26.707,26.828,781.1229391172528,390
2018-11-30,26.697,27.048,26.697,26.998,989.9824262112379,390
2018-12-03,27.288,27.428,26.937,27.128,1081.4808215796947,390
2018-12-04,26.918,26.988,25.807,25.948,1130.6481872200966,390
2018-12-06,25.318,25.587,24.917,25.568,1392.2122510671616,390
2018-12-07,25.498,25.857,24.977,25.128,1075.8997793197632,390
2018-12-10,24.997,25.057,24.287,24.778,1213.6320074908435,390
2018-12-11,25.097,25.178,24.417,24.508,1377.437237471342,390
2018-12-12,24.807,24.998,24.527,24.638,1464.912790864706,390
2018-12-13,24.608,24.747,24.377,24.478,1414.5306702554226,390
2018-12-14,24.208,24.548,24.177,24.238,1228.9276814758778,390
2018-12-17,24.088,24.438,23.877,24.018,1492.6871348023415,390
2018-12-18,24.117,24.377,23.737,23.898,1476.0655831992626,390
2018-12-19,23.838,24.338,23.407,23.628,2457.906096160412,390
2018-12-20,23.357,23.718,23.257,23.398,3321.2210671901703,390
2018-12-21,23.017,23.627,22.727,22.808,1989.1414870023727,390
2018-12-24,22.547,22.708,22.267,22.277,1383.2545799016953,390
2018-12-26,22.277,23.298,22.027,23.308,2717.612741827965,390
2018-12-27,22.597,23.557,22.597,23.558,2874.099385023117,390
2018-12-28,23.488,23.877,23.467,23.598,3433.9924281835556,390
2018-12-31,23.738,23.897,23.507,23.808,2495.349299788475,390
2019-01-02,23.358,24.048,23.348,23.998,3457.5932527780533,390
2019-01-03,23.768,23.858,23.407,23.508,2695.102306365967,390
2019-01-04,23.807,24.287,23.807,24.248,3091.94396173954,390
2019-01-07,24.098,24.488,24.047,24.298,2190.270984902978,390
2019-01-08,24.348,24.487,24.017,24.278,2454.371605426073,390
2019-01-09,23.997,24.498,23.997,24.418,2379.7338295578957,390
2019-01-10,24.238,24.478,24.197,24.448,1832.8417936563492,390
2019-01-11,24.187,24.527,24.168,24.478,1902.2421221733093,390
2019-01-14,24.228,24.728,24.217,24.668,1943.5828768126667,390
2019-01-15,24.407,24.908,24.407,24.858,2191.9544394612312,390
2019-01-16,25.128,25.548,25.097,25.418,2618.0705179423094,390
2019-01-17,25.247,25.627,25.147,25.538,2477.736723601818,390
2019-01-18,25.657,26.007,25.517,25.988,2366.4274289608,390
2019-01-22,25.688,25.878,25.557,25.698,1999.9081984460354,390
2019-01-23,25.777,25.798,25.427,25.718,2341.7671007514,390
2019-01-24,25.468,25.838,25.468,25.768,1896.4174739718437,390
2019-01-25,25.957,26.138,25.868,25.978,929.0763615686446,390
2019-01-28,25.978,25.978,25.697,25.908,1736.9006763100624,390
2019-01-29,25.797,25.978,25.797,25.828,1886.2922648116946,390
2019-01-30,25.827,26.108,25.707,25.948,1725.546318769455,390
2019-01-31,25.628,25.957,25.628,25.958,1635.9264382263646,390
2019-02-01,25.978,26.148,25.937,26.058,2149.721702069044,390
2019-02-04,26.047,26.148,25.907,26.148,1397.2035032655112,390
2019-02-05,26.197,26.158,25.977,26.108,1610.3823067247868,390
2019-02-06,26.008,26.167,25.957,26.048,1484.5259024314582,390
2019-02-07,25.967,26.008,25.577,25.798,2216.444295734167,390
2019-02-08,25.567,25.757,25.327,25.658,1782.6381714716554,390
2019-02-11,25.707,25.777,25.607,25.748,1416.7542704753578,390
2019-02-12,25.887,26.198,25.887,26.138,1934.5336687862873,390
2019-02-13,26.218,26.407,26.177,26.198,1404.124772682786,390
2019-02-14,25.927,26.048,25.717,25.899,1621.6472636163235,390
2019-02-15,26.048,26.407,26.047,26.408,1820.4508910775185,390
2019-02-19,26.268,26.528,26.207,26.478,1373.6272900924087,390
2019-02-20,26.448,26.618,26.387,26.618,1861.3585051894188,390
2019-02-21,26.478,26.637,26.397,26.492,1729.517829477787,390
2019-02-22,26.448,26.538,26.347,26.438,1223.9961912930012,390
2019-02-25,26.527,26.798,26.527,26.548,1344.4135286808014,390
2019-02-26,26.387,26.658,26.357,26.508,1592.9631460011005,390
2019-02-27,26.437,26.618,26.387,26.588,1774.706964313984,390
2019-02-28,26.477,26.628,26.477,26.521,1369.3201629519463,390
2019-03-01,26.677,26.918,26.597,26.678,1664.0199962556362,390
2019-03-04,26.688,26.908,26.287,26.508,1958.164698421955,390
2019-03-05,26.477,26.498,26.207,26.438,1620.7799552381039,390
2019-03-06,26.388,26.478,26.217,26.251,2015.8622888326645,390
2019-03-07,26.028,26.128,25.817,25.968,2056.3776510357857,390
2019-03-08,25.547,25.967,25.547,25.968,2432.3820816278458,390
2019-03-11,25.957,26.27,25.957,26.218,1261.3990705907345,390
2019-03-12,26.238,26.368,26.227,26.268,1646.8058394491673,390
2019-03-13,26.347,26.558,26.307,26.459,2112.4042710363865,390
2019-03-14,26.298,26.658,26.298,26.578,2340.619440972805,390
2019-03-15,26.438,26.678,26.417,26.609,1936.6329047977924,390
2019-03-18,26.618,26.957,26.618,26.882,1678.9104012846947,390
2019-03-19,27.018,27.077,26.607,26.679,2017.8310636878014,390
2019-03-20,26.608,26.611,26.097,26.138,2165.6466267704964,390
2019-03-21,25.888,26.148,25.767,26.039,3348.936485648155,390
2019-03-22,25.718,25.857,25.217,25.338,3707.5060557723045,390
2019-03-25,25.278,25.497,25.067,25.228,2485.844121605158,390
2019-03-26,25.407,25.568,25.267,25.518,2105.3724309802055,390
2019-03-27,25.447,25.568,25.287,25.4,2800.982835352421,390
2019-03-28,25.408,25.618,25.337,25.628,2575.4804443717003,390
2019-03-29,25.797,25.819,25.597,25.712,2460.11870433297,390
2019-04-01,25.907,26.338,25.887,26.338,2425.9963686466217,390
2019-04-02,26.217,26.428,26.217,26.319,2170.47810998559,390
2019-04-03,26.508,26.598,26.277,26.408,2092.184900224209,390
2019-04-04,26.358,26.648,26.358,26.548,2439.2384189367294,390
2019-04-05,26.597,26.688,26.507,26.58,1799.1627914309502,390
2019-04-08,26.467,26.618,26.438,26.618,1857.3103411793709,390
2019-04-09,26.498,26.477,26.277,26.388,2047.8983829915524,390
2019-04-10,26.388,26.508,26.267,26.478,2567.2192650437355,390
2019-04-11,26.518,26.722,26.497,26.649,2470.50088006258,390
2019-04-12,27.018,27.298,26.887,27.131,2619.9355154931545,390
2019-04-15,27.137,27.1,26.897,26.97,2253.0648611932993,390
2019-04-16,26.948,27.358,26.947,27.338,2431.852115869522,390
2019-04-17,27.437,27.438,27.187,27.408,2585.6527997255325,390
2019-04-18,27.307,27.428,27.287,27.328,2312.0392734180205,390
2019-04-22,27.229,27.308,27.157,27.259,1675.6622688770294,390
2019-04-23,27.237,27.437,27.127,27.411,2403.476786494255,390
2019-04-24,27.188,27.448,27.188,27.388,2211.9838309357874,390
2019-04-25,27.218,27.538,27.187,27.459,2873.789665400982,390
2019-04-26,27.447,27.698,27.417,27.698,3365.6466441750526,390
2019-04-29,27.667,28.099,27.667,27.988,3702.216672837734,390
2019-04-30,27.968,28.03,27.767,28.028,3321.078732550144,390
2019-05-01,27.878,28.108,27.757,27.778,3454.9990597963333,390
2019-05-02,27.737,27.928,27.607,27.808,3931.1175184156746,390
2019-05-03,27.858,28.098,27.847,28.058,3405.028129339218,390
2019-05-06,27.538,27.958,27.528,27.878,3485.25736696925,390
2019-05-07,27.547,27.658,27.217,27.399,4325.345639526844,390
2019-05-08,27.258,27.568,27.217,27.348,2601.9899495244026,390
2019-05-09,26.988,27.332,26.877,27.298,3280.7513909339905,390
2019-05-10,27.077,27.498,26.897,27.458,4083.1061337590218,390
2019-05-13,26.878,26.968,26.577,26.678,3292.4091585874557,390
2019-05-14,26.708,27.098,26.697,26.888,3007.6952810287476,390
2019-05-15,26.568,26.898,26.498,26.758,3007.9033831954002,390
2019-05-16,26.768,27.188,26.768,27.049,2991.191167473793,390
2019-05-17,26.717,27.118,26.708,26.888,3678.8808119893074,390
2019-05-20,26.758,27.007,26.758,26.928,3629.504322350025,390
2019-05-21,26.948,27.158,26.948,27.148,2281.1081950068474,390
2019-05-22,26.967,27.078,26.937,27.011,3007.4364635944366,390
2019-05-23,26.727,26.727,26.407,26.618,3635.6869909763336,390
2019-05-24,26.698,26.848,26.657,26.828,2982.2449007332325,390
2019-05-28,26.498,26.838,26.498,26.558,2878.117157638073,390
2019-05-29,26.212,26.518,26.197,26.519,3944.999432384968,390
2019-05-30,26.485,26.68,26.267,26.389,3716.9885717630386,390
2019-05-31,25.98,26.171,25.977,26.008,3184.896358013153,390
2019-06-03,25.907,26.268,25.907,26.179,4362.964567005634,390
2019-06-04,26.467,26.888,26.417,26.889,3386.9457211494446,390
2019-06-05,26.837,27.058,26.697,27.048,2727.3775479495525,390
2019-06-06,27.008,27.238,26.907,27.169,3272.4516031630337,390
2019-06-07,27.018,27.228,27.018,27.109,3257.918262243271,390
2019-06-10,26.408,27.528,26.408,27.36,3365.031075656414,390
2019-06-11,27.498,27.588,27.257,27.348,3803.848731338978,390
2019-06-12,27.247,27.341,27.017,27.088,2890.253975749016,390
2019-06-13,26.678,27.248,26.678,27.161,2725.7874540686607,390
2019-06-14,27.137,27.308,26.987,27.238,2708.0719158649445,390
2019-06-17,27.117,27.278,26.947,26.968,2613.3069161474705,390
2019-06-18,26.777,27.429,26.777,27.331,2864.5436445474625,390
2019-06-19,27.368,27.558,27.247,27.281,2853.275165438652,390
2019-06-20,27.477,27.488,27.107,27.46,3334.5604610443115,390
2019-06-21,27.038,27.451,27.038,27.198,3304.7587808966637,390
2019-06-24,27.147,27.328,27.067,27.107,3278.3831611573696,390
2019-06-25,27.057,27.128,26.877,27.018,3428.7306799292564,390
2019-06-26,27.048,27.188,26.947,26.979,3322.283936083317,390
2019-06-27,27.028,27.268,27.028,27.248,3525.967146843672,390
2019-06-28,27.488,27.678,27.417,27.598,4097.475487053394,390
2019-07-01,27.908,28.028,27.767,27.918,2869.505627542734,390
2019-07-02,27.858,27.958,27.697,27.86,2664.8354101479053,390
2019-07-03,27.937,28.058,27.857,28.018,1650.9425642940478,390
2019-07-05,28.147,28.228,28.007,28.158,2536.9696535915136,390
2019-07-08,27.918,28.108,27.918,27.988,2546.383214622736,390
2019-07-09,27.767,28.098,27.767,28.088,2793.659892015159,390
2019-07-10,28.028,28.208,27.917,27.948,2867.3397342562675,390
2019-07-11,27.998,28.148,27.947,28.118,2707.3358948300593,390
2019-07-12,27.868,28.298,27.868,28.298,2789.626477330923,390
2019-07-15,28.237,28.248,28.067,28.138,2667.3087292313576,390
2019-07-16,28.177,28.228,28.007,28.088,2769.4130420684814,390
2019-07-17,27.977,28.048,27.797,27.838,2525.336958706379,390
2019-07-18,27.768,28.088,27.757,28.051,2709.103129029274,390
2019-07-19,28.108,28.158,27.907,27.948,2722.271943256259,390
2019-07-22,27.738,28.019,27.738,27.979,2381.722603030037,390
2019-07-23,28.047,28.308,28.047,28.289,3053.8807547688484,390
2019-07-24,28.187,28.548,28.187,28.558,2923.108065634966,390
2019-07-25,28.528,28.578,28.297,28.388,3347.073248177767,390
2019-07-26,28.388,28.688,28.358,28.668,2752.1017868816853,390
2019-07-29,28.527,28.698,28.427,28.458,2208.1598907262087,390
2019-07-30,28.218,28.398,28.147,28.391,2773.1696346998215,390
2019-07-31,28.387,28.501,28.178,28.298,2753.3289673030376,390
2019-08-01,28.208,28.397,27.557,27.63,3253.327436685562,390
2019-08-02,27.507,27.668,27.217,27.57,4269.297562599182,390
2019-08-05,26.888,27.068,26.457,26.698,3430.0027652978897,390
2019-08-06,26.737,27.088,26.577,27.098,4741.203653842211,390
2019-08-07,26.578,26.848,26.227,26.789,4965.392152130604,390
2019-08-08,27.018,27.248,26.867,27.228,5345.241722404957,390
2019-08-09,27.097,27.288,26.887,27.158,5395.422660797834,390
2019-08-12,26.83,26.928,26.557,26.631,5578.408567011356,390
2019-08-13,26.488,27.148,26.487,26.948,4043.644527375698,390
2019-08-14,26.238,26.491,25.947,26.021,6541.426955580711,390
2019-08-15,26.038,26.238,25.897,26.088,6398.484659552574,390
2019-08-16,26.197,26.617,26.148,26.578,4453.795336037874,390
2019-08-19,26.938,26.988,26.767,26.838,3429.0593868494034,390
2019-08-20,26.527,26.718,26.437,26.458,4239.928932785988,390
2019-08-21,26.558,26.657,26.517,26.578,5085.077097415924,390
2019-08-22,26.707,26.827,26.547,26.758,5930.394927620888,390
2019-08-23,25.997,26.748,25.917,26.078,5176.815173745155,390
2019-08-26,26.258,26.358,26.107,26.358,6714.805538654327,390
2019-08-27,26.348,26.508,26.027,26.198,6568.06643730402,390
2019-08-28,25.968,26.448,25.968,26.418,6057.12674331665,390
2019-08-29,26.637,26.898,26.618,26.818,688.099015712738,390
2019-08-30,26.977,27.039,26.817,26.938,62.31425001658499,390
2019-09-03,26.657,26.707,26.397,26.618,28.966500028967857,390
2019-09-04,26.777,26.938,26.777,26.908,23.26375001296401,390
2019-09-05,27.247,27.668,27.247,27.438,27.40575005952269,390
2019-09-06,27.088,27.548,27.088,27.438,21.809749978594482,390
2019-09-09,27.588,27.958,27.567,27.868,26.32224996795412,390
2019-09-10,27.847,28.048,27.697,27.948,28.336750004906207,390
2019-09-11,27.948,28.127,27.727,28.138,26.37050006724894,390
2019-09-12,27.908,28.368,27.908,28.288,26.6564999287948,390
2019-09-13,28.357,28.588,28.357,28.508,28.212500072084367,390
2019-09-16,28.208,28.418,28.207,28.388,26.434999969322234,390
2019-09-17,28.208,28.397,28.187,28.398,22.46874998777639,390
2019-09-18,28.397,28.578,28.247,28.528,25.08775007072836,390
2019-09-19,28.387,28.658,28.367,28.438,23.146750018931925,390
2019-09-20,27.968,28.388,27.968,28.128,30.448000034317374,390
2019-09-23,27.858,28.198,27.858,28.148,23.058499998413026,390
2019-09-24,28.157,28.248,27.777,27.878,38.59999997727573,390
2019-09-25,27.838,28.118,27.807,28.088,30.645749961957335,390
2019-09-26,27.958,28.068,27.917,27.978,29.577750008553267,390
2019-09-27,27.808,28.268,27.808,28.038,37.48625005595386,390
2019-09-30,27.758,28.148,27.758,28.028,23.706000005360693,390
2019-10-01,28.027,28.128,27.417,27.428,32.391250064596534,390
2019-10-02,27.187,27.198,26.787,26.858,41.41649998165667,390
2019-10-03,26.788,26.928,26.447,26.928,40.56550000794232,390
2019-10-04,26.977,27.468,26.937,27.468,28.596999946050346,390
2019-10-07,27.318,27.558,27.287,27.378,32.36525000166148,390
2019-10-08,27.052,27.018,26.757,26.788,38.4754999242723,390
2019-10-09,26.988,27.138,26.917,27.048,25.659000034444034,390
2019-10-10,27.057,27.498,27.057,27.318,35.02150004543364,390
2019-10-11,27.198,27.978,27.198,27.678,36.477000021375716,390
2019-10-14,27.508,27.737,27.507,27.708,20.683250036556274,390
2019-10-15,27.827,28.237,27.737,28.088,30.657749976962805,390
2019-10-16,28.057,28.138,27.947,28.008,27.201749943196774,390
2019-10-17,28.087,28.228,27.967,28.048,27.035750082693994,390
2019-10-18,27.937,28.208,27.937,28.128,28.354000009596348,390
2019-10-21,28.277,28.518,28.277,28.508,21.285750003065914,390
2019-10-22,28.358,28.598,28.327,28.428,26.143000056035817,390
2019-10-23,28.317,28.528,28.317,28.528,20.91449998738244,390
2019-10-24,28.498,28.608,28.387,28.528,16.168000015430152,390
2019-10-25,28.378,28.718,28.378,28.668,22.09149999683723,390
2019-10-28,28.447,28.898,28.447,28.818,24.013000031001866,390
2019-10-29,28.698,28.988,28.687,28.878,24.30200002109632,390
2019-10-30,28.798,28.898,28.667,28.848,28.633499955758452,390
2019-10-31,28.648,28.738,28.467,28.688,32.42900000791997,390
2019-11-01,28.868,29.138,28.857,29.098,22.52349994610995,390
2019-11-04,29.327,29.408,29.287,29.368,21.169250019360334,390
2019-11-05,29.037,29.598,29.037,29.498,25.71200006827712,390
2019-11-06,29.397,29.608,29.397,29.608,26.32449993956834,390
2019-11-07,29.457,30.018,29.457,29.838,27.03824998997152,390
2019-11-08,29.755,29.838,29.168,29.838,21.688250025501475,390
2019-11-11,29.388,29.808,29.388,29.758,17.108500035479665,390
2019-11-12,29.708,29.878,29.687,29.778,23.014500012621284,390
2019-11-13,29.558,29.698,29.447,29.608,25.472749982960522,390
2019-11-14,29.437,29.648,29.437,29.638,21.03025004826486,390
2019-11-15,29.668,29.768,29.657,29.758,19.501500012818724,390
2019-11-18,29.648,29.808,29.648,29.808,16.266250046668574,390
2019-11-19,29.827,29.948,29.787,29.868,18.487250002333894,390
2019-11-20,29.678,29.798,29.517,29.708,21.458500005304813,390
2019-11-21,29.767,29.818,29.587,29.688,20.945499995257705,390
2019-11-22,29.707,29.928,29.707,29.898,17.017750040628016,390
2019-11-25,29.908,30.138,29.908,30.098,14.98025004984811,390
2019-11-26,29.998,30.077,29.927,30.078,18.085999984294176,390
2019-11-27,30.097,30.198,30.057,30.188,15.123250002972782,390
2019-11-29,30.137,30.228,29.478,30.167,10.173999996623024,390
2019-12-02,30.148,30.248,29.927,29.948,24.912249989807606,390
2019-12-03,29.558,29.578,29.347,29.558,27.22299989592284,390
2019-12-04,29.568,29.888,29.547,29.848,21.39775002654642,390
2019-12-05,29.858,29.998,29.827,29.968,23.066250015981495,390
2019-12-06,30.247,30.448,30.247,30.368,16.83850002847612,390
2019-12-09,30.287,30.408,30.277,30.288,16.693250010721385,390
2019-12-10,30.148,30.338,30.127,30.278,21.917750015389174,390
2019-12-11,30.197,30.318,30.197,30.228,16.87500000419095,390
2019-12-12,30.207,30.897,30.207,30.828,33.3037500847131,390
2019-12-13,30.707,30.958,30.527,30.698,28.362249950878322,390
2019-12-16,30.898,30.998,30.787,30.818,17.953000000678003,390
2019-12-17,30.808,31.028,30.807,30.958,16.777500035474077,390
2019-12-18,30.928,30.998,30.797,30.818,15.45200002589263,390
2019-12-19,30.697,30.878,30.697,30.818,16.667249963618815,390
2019-12-20,30.608,30.867,30.608,30.718,16.903749997727573,390
2019-12-23,30.658,30.738,30.567,30.618,12.813500041607767,390
2019-12-24,30.588,30.678,30.588,30.658,7.874250028282404,390
2019-12-26,30.638,30.838,30.638,30.838,10.539500012644567,390
2019-12-27,30.788,30.898,30.747,30.778,14.697750051156618,390
2019-12-30,30.767,30.908,30.647,30.688,19.84475005278364,390
2019-12-31,30.537,30.768,30.537,30.778,17.675000022165477,390
2020-01-02,30.787,31.058,30.787,31.058,13.409999993047677,390
2020-01-03,30.66,30.868,30.307,30.768,22.40375000378117,390
2020-01-06,30.358,30.728,30.357,30.738,20.29050002945587,390
2020-01-07,30.608,30.698,30.527,30.548,19.204250012058765,390
2020-01-08,30.448,30.878,30.448,30.708,23.796000024303794,390
2020-01-09,30.818,30.958,30.817,30.938,21.933999974280596,390
2020-01-10,30.918,30.918,30.647,30.698,19.626500023063272,390
2020-01-13,30.777,30.918,30.677,30.918,15.955999978818,390
2020-01-14,30.787,31.058,30.787,30.858,25.413249944336712,390
2020-01-15,30.328,30.778,30.328,30.678,24.73550004605204,390
2020-01-16,30.698,30.928,30.698,30.918,21.142499996814877,390
2020-01-17,30.997,31.088,30.967,31.038,19.535249955952168,390
2020-01-21,30.848,31.008,30.767,30.778,20.504749960033223,390
2020-01-22,30.767,30.918,30.767,30.878,18.48825001786463,390
2020-01-23,30.608,30.838,30.487,30.798,23.413750031031668,390
2020-01-24,30.707,30.768,30.187,30.378,35.50725008547306,390
2020-01-27,29.697,30.048,29.697,29.928,33.492249973118305,390
2020-01-28,30.008,30.388,30.008,30.278,23.652749997098,390
2020-01-29,30.337,30.458,30.167,30.208,27.606750000733882,390
2020-01-30,29.897,30.588,29.897,30.608,37.211499985307455,390
2020-01-31,30.218,30.367,29.847,29.998,39.74525008350611,390
2020-02-03,30.048,30.458,30.048,30.158,26.186500031501055,390
2020-02-04,30.458,30.738,30.447,30.468,25.78325004130602,390
2020-02-05,30.867,31.088,30.797,31.068,31.017250097356737,390
2020-02-06,31.108,31.258,30.957,31.048,25.26775004249066,390
2020-02-07,30.748,30.998,30.748,30.938,25.77825000928715,390
2020-02-10,30.728,30.988,30.728,30.988,18.88099998817779,390
2020-02-11,31.008,31.248,31.008,31.108,26.188500065356493,390
2020-02-12,31.278,31.368,31.097,31.138,20.61249998398125,390
2020-02-13,30.918,31.188,30.918,31.128,24.187999953515828,390
2020-02-14,31.037,31.178,31.007,31.158,20.49075001431629,390
2020-02-18,31.028,31.137,30.717,30.888,23.98175005428493,390
2020-02-19,30.928,31.198,30.928,31.138,17.8227499993518,390
2020-02-20,30.998,31.268,30.857,31.088,38.83874997496605,390
2020-02-21,30.867,30.978,30.597,30.768,35.2357500246726,390
2020-02-24,29.708,30.047,29.627,29.778,45.47125004976988,390
2020-02-25,29.668,29.818,28.617,28.788,74.8722498640418,390
2020-02-26,28.868,29.208,28.557,28.598,68.72075004130602,390
2020-02-27,27.878,28.378,27.317,27.388,81.68450000882149,390
2020-02-28,26.257,26.818,25.967,26.568,95.05250009894371,390
2020-03-02,26.488,27.938,26.357,27.938,85.66650006175041,390
2020-03-03,27.787,28.178,26.617,26.928,101.37400009483099,390
2020-03-04,27.157,27.768,26.797,27.788,59.964749835431576,390
2020-03-05,26.748,26.908,26.147,26.488,71.13674993813038,390
2020-03-06,25.187,25.818,25.027,25.598,88.94624986499548,390
2020-03-09,23.195,23.757,22.257,22.828,59.654999900609255,390
2020-03-10,23.778,24.157,22.837,24.158,71.30824989825487,390
2020-03-11,23.398,23.627,22.517,22.898,96.6889999806881,390
2020-03-12,21.017,22.198,20.357,20.437,80.71549999515992,390
2020-03-13,21.747,23.078,20.897,23.078,89.93324987217784,390
2020-03-16,19.108,21.298,18.928,19.908,77.79650008305907,390
2020-03-17,20.188,21.178,19.527,21.027,91.98999986797571,390
2020-03-18,19.557,19.908,18.268,19.188,93.60924994945526,390
2020-03-19,18.677,19.867,18.098,19.618,94.7472499832511,390
2020-03-20,19.787,19.858,18.657,19.008,110.90824979543686,390
2020-03-23,18.408,18.498,17.487,17.788,137.42850056290627,390
2020-03-24,18.467,19.947,18.467,19.908,86.63050002604723,390
2020-03-25,19.998,21.207,19.377,20.407,102.90474984049797,390
2020-03-26,20.477,21.788,20.477,21.748,103.83725009858608,390
2020-03-27,20.577,21.657,20.547,21.008,89.96950007230043,390
2020-03-30,20.998,21.508,20.597,21.437,77.37424969673157,390
2020-03-31,21.068,21.428,20.627,20.818,74.05625005811453,390
2020-04-01,19.558,19.917,19.367,19.578,61.495250046253204,390
2020-04-02,19.288,20.148,19.288,20.058,75.7007500641048,390
2020-04-03,19.637,20.108,19.347,19.638,67.88499992340803,390
2020-04-06,20.428,21.198,20.417,21.088,44.64950006827712,390
2020-04-07,22.048,22.187,21.247,21.328,80.46075000613928,390
2020-04-08,21.448,22.288,21.327,22.198,59.23250002786517,390
2020-04-09,22.697,23.628,22.697,23.378,65.63150002807379,390
2020-04-13,23.218,23.177,22.317,22.588,63.30549994856119,390
2020-04-14,22.958,23.098,22.197,22.618,60.18475005030632,390
2020-04-15,21.727,21.848,21.537,21.648,56.9740000218153,390
2020-04-16,21.578,21.598,21.057,21.278,51.89975009486079,390
2020-04-17,21.958,22.478,21.917,22.408,47.49050000682473,390
2020-04-20,21.828,22.338,21.747,22.038,47.514749988913536,390
2020-04-21,21.297,21.698,21.197,21.338,57.73900007037446,390
2020-04-22,21.568,21.747,21.467,21.518,41.88900003582239,390
2020-04-23,21.497,21.828,21.387,21.458,44.10749994404614,390
2020-04-24,21.578,21.808,21.327,21.728,33.8082499820739,390
2020-04-27,21.858,22.578,21.858,22.528,31.066499972715974,390
2020-04-28,23.008,23.308,22.667,22.738,39.262750059366226,390
2020-04-29,23.308,23.638,23.177,23.398,41.63574996963143,390
2020-04-30,22.898,23.137,22.667,22.828,45.087000047788024,390
2020-05-01,22.247,22.298,21.907,22.038,40.07100008800626,390
2020-05-04,21.708,21.878,21.428,21.838,37.40525005571544,390
2020-05-05,22.057,22.258,21.797,21.848,36.07524997740984,390
2020-05-06,21.927,22.018,21.297,21.328,43.30324997752905,390
2020-05-07,21.358,22.157,21.358,21.808,40.003000082448125,390
2020-05-08,22.208,22.298,22.007,22.278,32.69749994762242,390
2020-05-11,21.957,22.027,21.737,21.878,33.54024997353554,390
2020-05-12,21.915,22.008,21.267,21.328,39.64175006747246,390
2020-05-13,21.108,21.108,20.497,20.658,52.52325012534857,390
2020-05-14,20.277,21.198,20.077,21.188,64.12625005841255,390
2020-05-15,20.948,21.198,20.787,21.038,46.725999906659126,390
2020-05-18,21.767,22.278,21.668,22.148,42.28024994023144,390
2020-05-19,21.998,22.088,21.577,21.638,48.52950003743172,390
2020-05-20,21.927,22.188,21.927,22.068,41.35850000567734,390
2020-05-21,22.027,22.198,21.717,22.008,44.168250031769276,390
2020-05-22,21.958,21.997,21.687,21.938,30.246999947354198,390
2020-05-26,22.667,23.288,22.667,23.048,33.81500003673136,390
2020-05-27,24.048,24.058,23.537,24.048,49.74874991364777,390
2020-05-28,24.278,24.198,23.607,23.698,42.48924997635186,390
2020-05-29,23.348,23.598,23.167,23.418,57.214750066399574,390
2020-06-01,23.458,23.777,23.337,23.668,38.799749959260225,390
2020-06-02,23.857,24.018,23.697,23.858,39.048499992117286,390
2020-06-03,24.367,24.857,24.327,24.768,38.67550003528595,390
2020-06-04,24.678,25.278,24.507,25.288,47.64149993658066,390
2020-06-05,26.698,26.807,26.147,26.268,55.24200000986457,390
2020-06-08,26.768,26.758,26.367,26.718,39.79950009100139,390
2020-06-09,26.108,26.388,25.917,26.198,40.938750153407454,390
2020-06-10,25.968,26.008,25.167,25.198,60.91675004735589,390
2020-06-11,23.958,24.338,23.087,23.148,70.6229999884963,390
2020-06-12,23.997,24.018,23.217,23.848,78.69324991479516,390
2020-06-15,22.968,24.218,22.957,24.158,76.57625008374453,390
2020-06-16,24.998,24.998,23.947,24.518,72.32825001701713,390
2020-06-17,24.578,24.558,24.117,24.188,48.778500135988,390
2020-06-18,23.917,24.338,23.857,24.158,48.77300002798438,390
2020-06-19,24.318,24.447,23.707,24.008,54.71150006726384,390
2020-06-22,23.707,23.858,23.527,23.728,35.292500004172325,390
2020-06-23,24.047,24.207,23.797,23.828,38.43875000812113,390
2020-06-24,23.498,23.468,22.907,22.988,58.74600010365248,390
2020-06-25,22.857,23.627,22.857,23.618,53.46974986046553,390
2020-06-26,23.157,23.197,22.517,22.587,54.42075004056096,390
2020-06-29,22.768,22.958,22.627,22.808,37.088999988511205,390
2020-06-30,22.678,23.268,22.678,23.198,38.18675000779331,390
2020-07-01,23.198,23.338,22.867,22.928,40.285499926656485,390
2020-07-02,23.377,23.498,22.907,22.968,39.14924993738532,390
2020-07-06,23.448,23.618,23.277,23.418,35.404000056907535,390
2020-07-07,23.208,23.208,22.867,22.928,30.12999995239079,390
2020-07-08,22.878,23.198,22.837,23.178,35.678249932825565,390
2020-07-09,23.118,23.198,22.487,22.688,41.84200004674494,390
2020-07-10,22.648,23.478,22.648,23.478,36.6039999332279,390
2020-07-13,23.737,23.888,23.417,23.588,49.0972499884665,390
2020-07-14,23.398,23.728,23.247,23.708,56.59925000369549,390
2020-07-15,24.267,24.237,23.887,24.158,49.894249964505434,390
2020-07-16,23.867,24.378,23.847,24.148,41.06675004400313,390
2020-07-17,24.12,24.197,23.937,23.958,27.60549997817725,390
2020-07-20,23.807,23.968,23.737,23.878,32.414749974384904,390
2020-07-21,23.697,24.407,23.697,24.308,34.47575004957616,390
2020-07-22,23.968,24.308,23.968,24.288,32.17975001037121,390
2020-07-23,24.248,24.458,24.177,24.338,46.51150004938245,390
2020-07-24,24.298,24.458,24.187,24.248,39.011999882757664,390
2020-07-27,24.148,24.158,23.857,24.058,25.80174997728318,390
2020-07-28,23.897,24.098,23.897,23.998,31.034499945119023,390
2020-07-29,23.928,24.468,23.927,24.468,28.023500004783273,390
2020-07-30,23.948,24.058,23.707,24.028,35.762249963358045,390
2020-07-31,23.968,24.038,23.707,24.048,37.53749992325902,390
2020-08-03,23.857,24.268,23.857,24.088,26.914249991066754,390
2020-08-04,24.008,24.018,23.867,23.978,21.713749994989485,390
2020-08-05,24.008,24.378,24.008,24.358,25.23700005467981,390
2020-08-06,24.227,24.408,24.147,24.298,27.16774996370077,390
2020-08-07,24.147,24.848,24.138,24.838,36.308749973773956,390
2020-08-10,24.948,25.098,24.867,25.008,34.2997499871999,390
2020-08-11,25.397,25.708,25.247,25.318,41.4065000154078,390
2020-08-12,25.667,25.718,25.057,25.258,34.83150006458163,390
2020-08-13,25.008,25.227,24.927,25.098,34.64600002858788,390
2020-08-14,24.907,25.288,24.907,25.148,27.33599997125566,390
2020-08-17,25.108,25.077,24.737,24.778,21.08850005781278,390
2020-08-18,24.758,24.817,24.577,24.608,29.13924995251,390
2020-08-19,24.618,24.908,24.517,24.598,27.41024994291365,390
2020-08-20,24.287,24.478,24.287,24.388,28.20875003375113,390
2020-08-21,24.267,24.508,24.227,24.318,91758.70114833489,390
2020-08-24,24.422,24.867,24.387,24.878,9662.541210586554,390
2020-08-25,25.088,25.147,24.798,24.948,10700.037460327148,390
2020-08-26,24.827,24.947,24.747,24.828,8505.035997390747,390
2020-08-27,24.787,25.368,24.787,25.288,15730.057691574097,390
2020-08-28,25.418,25.388,25.147,25.377,9120.044967651367,390
2020-08-31,25.007,25.268,25.007,25.107,7617.525472640991,390
2020-09-01,24.862,25.207,24.847,25.117,9770.047231674194,390
2020-09-02,25.048,25.568,25.037,25.508,13255.062963897712,390
2020-09-03,25.317,25.987,24.937,25.118,45182.66260719299,390
2020-09-04,25.467,25.678,24.888,25.327,46072.67928927613,390
2020-09-08,24.708,25.028,24.547,24.697,34977.6290473938,390
2020-09-09,24.837,25.057,24.707,24.888,15275.059206008911,390
2020-09-10,24.948,25.128,24.487,24.567,24632.599699020386,390
2020-09-11,24.308,24.828,24.308,24.718,21450.102727890015,390
2020-09-14,24.867,25.258,24.857,25.077,13845.083984786994,390
2020-09-15,25.078,25.107,24.687,24.718,11942.54419708252,390
2020-09-16,24.708,25.247,24.697,24.998,17072.58247947693,390
2020-09-17,24.617,24.858,24.567,24.738,18105.082468032837,390
2020-09-18,24.657,24.908,24.627,24.698,15510.080972671509,390
2020-09-21,24.027,24.147,23.557,23.938,22282.58769607544,390
2020-09-22,23.847,24.088,23.527,23.718,10627.545011520386,390
2020-09-23,23.777,23.927,23.197,23.228,19897.61248397827,390
2020-09-24,23.177,23.568,22.937,23.257,26685.131916046143,390
2020-09-25,22.998,23.558,22.998,23.518,18777.586183547974,390
2020-09-28,23.818,24.208,23.788,24.028,12635.044216156006,390
2020-09-29,23.937,23.988,23.617,23.798,12980.050970077515,390
2020-09-30,23.598,24.258,23.598,24.098,22562.594413757324,390
2020-10-01,23.897,24.308,23.897,24.107,23322.581077575684,390
2020-10-02,23.608,24.428,23.608,24.288,21375.090728759766,390
2020-10-05,24.528,24.768,24.457,24.698,9220.044208526611,390
2020-10-06,24.698,25.068,24.357,24.488,31685.134960586554,390
2020-10-07,24.607,24.967,24.607,24.868,13705.044981002808,390
2020-10-08,24.928,25.238,24.927,25.208,11082.541243423475,390
2020-10-09,25.297,25.358,25.028,25.218,11367.535232543945,390
2020-10-12,25.228,25.578,25.188,25.507,7832.540500640869,390
2020-10-13,25.307,25.497,24.937,25.068,17557.568937301636,390
2020-10-14,25.018,25.098,24.747,24.778,13865.071968490607,390
2020-10-15,24.525,24.968,24.517,24.968,15527.584707260132,390
2020-10-16,24.797,25.138,24.797,24.998,10250.043472290039,390
2020-10-19,25.077,25.078,24.558,24.628,12870.063718795776,390
2020-10-20,24.767,25.078,24.727,24.838,17070.090705871582,390
2020-10-21,24.747,24.908,24.667,24.707,14697.58772277832,390
2020-10-22,24.657,25.178,24.647,25.158,12615.074935913086,390
2020-10-23,25.318,25.388,25.047,25.247,11230.05924987793,390
2020-10-26,24.818,24.908,24.447,24.698,15117.586269378662,390
2020-10-27,24.588,24.617,24.197,24.238,11117.56746673584,390
2020-10-28,23.718,23.908,23.467,23.648,23170.149978637695,390
2020-10-29,23.518,23.947,23.248,23.808,27957.63942718506,390
2020-10-30,23.618,23.897,23.467,23.868,34125.14690589905,390
2020-11-02,24.218,24.408,23.957,24.317,24807.551736831665,390
2020-11-03,24.688,25.078,24.688,24.877,17425.06449317932,390
2020-11-04,24.402,24.978,24.187,24.568,41560.140394210815,390
2020-11-05,24.742,25.327,24.742,25.178,20712.58023071289,390
2020-11-06,25.247,25.277,24.877,24.957,17015.087739944458,390
2020-11-09,26.848,27.418,26.658,27.008,49055.16337776184,390
2020-11-10,27.027,27.227,26.788,27.177,33790.12668991089,390
2020-11-11,26.967,27.277,26.867,27.048,17605.077182769775,390
2020-11-12,26.687,26.748,26.348,26.607,19567.581741745,390
2020-11-13,26.798,27.118,26.767,27.048,13232.554729873664,390
2020-11-16,27.688,27.697,27.347,27.638,16335.10118484497,390
2020-11-17,27.268,27.628,27.128,27.578,14002.559970855713,390
2020-11-18,27.327,27.928,27.318,27.358,13347.554238319397,390
2020-11-19,26.877,27.438,26.877,27.438,19670.07868276979,390
2020-11-20,27.217,27.358,27.117,27.178,14282.562196731567,390
2020-11-23,27.418,27.757,27.387,27.707,15880.109415466315,390
2020-11-24,28.067,28.678,28.067,28.668,17297.580966949463,390
2020-11-25,28.468,28.567,28.217,28.568,14610.074979782104,390
2020-11-27,28.208,28.578,28.208,28.437,9360.043441772461,390
2020-11-30,28.267,28.347,27.827,27.898,15965.086935043335,390
2020-12-01,28.297,28.548,28.287,28.347,18550.079475402832,390
2020-12-02,28.217,28.658,28.207,28.627,12610.02997970581,390
2020-12-03,28.612,28.778,28.457,28.647,21407.5,390
2020-12-04,28.798,29.007,28.798,28.968,16315.0,390
2020-12-07,28.778,28.828,28.607,28.777,14520.0,390
2020-12-08,28.5,28.817,28.498,28.777,12850.0,390
2020-12-09,28.948,28.907,28.588,28.728,18810.0,390
2020-12-10,28.448,28.768,28.387,28.768,22197.5,390
2020-12-11,28.288,28.498,28.228,28.468,14822.5,390
2020-12-14,28.838,28.787,28.107,28.187,18487.5,390
2020-12-15,27.998,28.678,27.998,28.597,18845.0,390
2020-12-16,28.607,28.668,28.517,28.667,19917.5,390
2020-12-17,28.648,28.778,28.577,28.728,11497.5,390
2020-12-18,28.747,28.768,28.307,28.537,15825.0,390
2020-12-21,28.668,28.838,28.217,28.737,40750.0,390
2020-12-22,28.717,28.698,28.417,28.428,19625.0,390
2020-12-23,28.537,29.058,28.537,28.938,14640.0,390
2020-12-24,28.987,28.938,28.698,28.928,9340.000999450684,390
2020-12-28,28.928,29.298,28.928,29.078,12742.5,390
2020-12-29,29.198,29.188,28.957,28.987,15720.0,390
2020-12-30,28.997,29.187,28.997,29.128,11957.5,390
2020-12-31,28.707,29.478,28.707,29.508,10650.0,390
2021-01-04,29.468,29.568,28.827,29.108,36685.0,390
2021-01-05,29.018,29.328,28.917,29.208,26947.5,390
2021-01-06,29.418,30.727,29.418,30.488,44322.5,390
2021-01-07,30.917,31.247,30.877,30.958,10862.525001235306,390
2021-01-08,31.018,30.978,30.507,30.907,312.90000086277723,390
2021-01-11,30.507,31.048,30.477,31.028,255.5750018581748,390
2021-01-12,31.137,31.477,31.097,31.387,265.2250008508563,390
2021-01-13,31.198,31.378,31.087,31.347,214.55000116676092,390
2021-01-14,31.398,31.608,31.287,31.498,203.8500011190772,390
2021-01-15,30.917,31.158,30.707,30.918,373.2760006412864,390
2021-01-19,30.998,31.158,30.827,31.047,218.00000056624413,390
2021-01-20,30.998,31.028,30.777,30.908,186.57500091940165,390
2021-01-21,30.837,30.898,30.557,30.608,140.32500061392784,390
2021-01-22,30.227,30.447,30.197,30.368,142.2250006943941,390
2021-01-25,29.987,30.128,29.737,30.118,294.8249995261431,390
2021-01-26,30.148,30.248,29.847,29.878,168.6250011175871,390
2021-01-27,29.438,29.468,28.927,29.008,506.80000402778387,390
2021-01-28,28.958,29.868,28.958,29.578,366.87500093877316,390
2021-01-29,29.097,29.518,28.827,29.038,490.52500107884407,390
2021-02-01,29.258,29.358,29.007,29.337,250.8750007674098,390
2021-02-02,29.497,30.178,29.497,30.028,183.27500107884407,390
2021-02-03,29.997,30.208,29.937,30.197,194.5750007480383,390
2021-02-04,30.347,30.868,30.287,30.878,159.30000114440918,390
2021-02-05,31.097,31.098,30.817,30.908,194.7750011011958,390
2021-02-08,30.997,31.267,30.947,31.267,147.75000046938658,390
2021-02-09,30.808,31.378,30.808,31.318,112.27600134909153,390
2021-02-10,31.347,31.477,31.137,31.287,266.10000129789114,390
2021-02-11,30.997,31.418,30.987,31.228,201.5500012934208,390
2021-02-12,31.108,31.537,31.108,31.537,164.42500064522028,390
2021-02-16,31.808,32.198,31.698,32.098,171.35000098496675,390
2021-02-17,31.877,32.248,31.847,32.198,252.02500102669,390
2021-02-18,31.908,32.187,31.757,32.047,266.07499969005585,390
2021-02-19,32.208,32.508,32.197,32.408,206.4500015079975,390
2021-02-22,32.178,32.818,32.178,32.727,186.22500123083591,390
2021-02-23,32.837,32.937,32.567,32.908,308.00000044703484,390
2021-02-24,32.908,33.627,32.908,33.578,229.55000153183937,390
2021-02-25,33.788,33.788,32.847,32.968,504.25000032782555,390
2021-02-26,32.747,32.928,32.187,32.368,732.6749987527728,390
2021-03-01,32.828,33.507,32.828,33.328,214.82500057667494,390
2021-03-02,33.257,33.457,33.167,33.238,225.1500011831522,390
2021-03-03,33.247,33.938,33.247,33.498,299.5250022187829,390
2021-03-04,33.217,33.658,32.597,33.088,694.775000654161,390
2021-03-05,33.547,33.778,32.777,33.717,686.0000025033951,390
2021-03-08,33.927,34.558,33.817,34.187,424.35000067949295,390
2021-03-09,33.807,34.308,33.517,33.897,357.9000004604459,390
2021-03-10,33.557,34.637,33.557,34.498,335.27500073611736,390
2021-03-11,34.318,34.678,34.138,34.418,243.1750008240342,390
2021-03-12,34.717,34.927,34.657,34.778,163.90000097453594,390
2021-03-15,34.888,34.817,34.247,34.598,231.35000041872263,390
2021-03-16,34.298,34.387,33.937,34.217,231.92500110715628,390
2021-03-17,34.418,34.598,34.077,34.447,414.75000097602606,390
2021-03-18,34.817,35.268,34.497,34.627,318.55000162124634,390
2021-03-19,34.018,34.358,33.847,34.238,426.8000011742115,390
2021-03-22,33.797,33.848,33.507,33.628,261.12500136345625,390
2021-03-23,33.358,33.647,33.037,33.157,266.62500101327896,390
2021-03-24,33.387,33.778,33.277,33.317,337.2750006765127,390
2021-03-25,33.168,33.878,32.997,33.838,449.5499994158745,390
2021-03-26,34.097,34.377,33.937,34.418,274.20000056922436,390
2021-03-29,33.898,34.277,33.717,34.078,344.6500017940998,390
2021-03-30,34.117,34.448,34.117,34.318,307.925001218915,390
2021-03-31,34.198,34.328,34.027,34.098,207.02500074356794,390
2021-04-01,33.908,34.448,33.908,34.448,176.05000077933073,390
2021-04-05,34.768,34.868,34.627,34.748,165.77500166743994,390
2021-04-06,34.547,34.808,34.538,34.697,146.05000043660402,390
2021-04-07,34.627,34.888,34.597,34.838,128.70100058615208,390
2021-04-08,34.667,34.878,34.467,34.838,119.87500064820051,390
2021-04-09,35.088,35.147,34.887,35.147,118.50000020116568,390
2021-04-12,35.137,35.297,35.137,35.288,110.70100153237581,390
2021-04-13,35.097,35.088,34.777,34.967,138.3500010818243,390
2021-04-14,34.868,35.418,34.817,35.197,200.55000028014183,390
2021-04-15,35.007,35.228,34.817,35.158,231.32500114291906,390
2021-04-16,35.337,35.488,35.237,35.388,152.9000011011958,390
2021-04-19,35.277,35.457,35.177,35.298,203.75000083446503,390
2021-04-20,35.038,35.018,34.518,34.657,201.326001226902,390
2021-04-21,34.297,35.127,34.297,35.127,229.35000143945217,390
2021-04-22,35.057,35.117,34.666,34.756,296.8000020161271,390
2021-04-23,34.726,35.517,34.657,35.387,180.97500022500753,390
2021-04-26,35.457,35.836,35.457,35.497,145.6000009253621,390
2021-04-27,35.487,35.827,35.486,35.837,151.67500118911266,390
2021-04-28,35.937,36.006,35.826,35.927,164.82500129193068,390
2021-04-29,36.097,36.596,36.097,36.577,180.1500004902482,390
2021-04-30,35.917,36.486,35.917,36.237,183.62500073760748,390
2021-05-03,36.457,36.627,36.296,36.427,158.00000078231096,390
2021-05-04,36.226,36.716,36.037,36.707,308.87500151246786,390
2021-05-05,36.836,37.156,36.596,37.027,201.976000957191,390
2021-05-06,37.046,37.556,36.956,37.576,232.2250006273389,390
2021-05-07,37.106,37.777,37.066,37.766,281.9000010192394,390
2021-05-10,37.966,38.246,37.716,37.747,257.2250008806586,390
2021-05-11,37.326,37.677,36.926,37.097,542.302002325654,390
2021-05-12,37.366,37.496,36.546,36.696,497.77500116825104,390
2021-05-13,36.556,37.497,36.526,37.327,502.4750002473593,390
2021-05-14,37.457,37.957,37.456,37.917,251.87500151246786,390
2021-05-17,37.766,37.977,37.606,37.957,342.1000006943941,390
2021-05-18,37.917,38.017,37.396,37.447,267.6500004976988,390
2021-05-19,36.997,37.197,36.586,37.206,564.6020014584064,390
2021-05-20,37.056,37.446,36.946,37.227,305.2000004723668,390
2021-05-21,37.257,37.766,37.257,37.567,239.52499990165234,390
2021-05-24,37.697,37.837,37.536,37.757,169.60000176727772,390
2021-05-25,37.756,38.067,37.326,37.397,216.27500094473362,390
2021-05-26,37.426,37.646,37.216,37.507,197.57500068098307,390
2021-05-27,37.796,37.967,37.596,38.007,176.30000134557486,390
2021-05-28,38.056,38.046,37.706,37.986,172.20000064373016,390
2021-06-01,38.247,38.447,38.107,38.217,169.75500082224607,390
2021-06-02,38.297,38.347,38.066,38.277,293.5779990851879,390
2021-06-03,38.137,38.577,38.036,38.387,343.70000022649765,390
2021-06-04,38.367,38.487,38.116,38.457,210.95000088214874,390
2021-06-07,38.506,38.477,38.146,38.217,204.07500012218952,390
2021-06-08,37.977,38.226,37.726,38.126,244.32499942928553,390
2021-06-09,37.906,37.957,37.657,37.757,217.57500064373016,390
2021-06-10,38.057,38.137,37.286,37.337,275.800000436604,390
2021-06-11,37.317,37.546,37.317,37.536,128.80000074207783,390
2021-06-14,37.446,37.526,36.946,37.157,197.30000109225512,390
2021-06-15,37.187,37.406,36.996,37.256,211.27500078827143,390
2021-06-16,37.066,37.436,36.726,37.236,564.0270002260804,390
2021-06-17,37.346,37.376,35.986,36.107,448.90100041776896,390
2021-06-18,35.616,35.697,35.177,35.266,483.0250020995736,390
2021-06-21,35.427,35.917,35.376,35.917,336.7250005155802,390
2021-06-22,35.987,36.087,35.626,35.976,287.6249998807907,390
2021-06-23,36.016,36.197,35.946,36.047,229.1250000745058,390
2021-06-24,36.216,36.567,36.076,36.477,220.82600055634975,390
2021-06-25,36.606,36.997,36.456,36.947,184.77500090748072,390
2021-06-28,36.797,36.767,36.446,36.646,210.90000054240227,390
2021-06-29,36.847,37.016,36.427,36.526,257.2250002026558,390
2021-06-30,36.357,36.757,36.357,36.717,253.27700056880713,390
2021-07-01,36.827,36.987,36.676,36.987,217.3750006482005,390
2021-07-02,36.936,36.977,36.786,36.937,179.3750008046627,390
2021-07-06,36.817,36.737,36.116,36.366,287.52500043064356,390
2021-07-07,36.097,36.467,36.056,36.397,455.3509996533394,390
2021-07-08,35.657,36.026,35.496,35.687,549.0650006905198,390
2021-07-09,36.117,36.747,36.086,36.706,244.3499998897314,390
2021-07-12,36.487,37.127,36.317,37.076,280.1750009804964,390
2021-07-13,36.916,36.997,36.526,36.677,359.8500003144145,390
2021-07-14,36.606,36.917,36.096,36.516,454.324999563396,390
2021-07-15,36.127,36.836,36.126,36.617,346.80000003427267,390
2021-07-16,36.767,36.657,36.036,36.127,393.9000006169081,390
2021-07-19,35.246,35.557,34.896,35.127,637.3499986156821,390
2021-07-20,35.036,36.207,34.996,35.977,428.3250000998378,390
2021-07-21,36.176,36.766,36.176,36.576,218.5750010535121,390
2021-07-22,36.456,36.506,36.036,36.197,284.25000085681677,390
2021-07-23,35.996,36.636,35.996,36.247,325.7500006631017,390
2021-07-26,36.026,36.527,36.026,36.437,298.55000122636557,390
2021-07-27,36.147,36.597,36.006,36.467,415.5500012859702,390
2021-07-28,36.497,36.617,36.157,36.416,380.17500088363886,390
2021-07-29,36.597,36.947,36.477,36.786,308.9750004336238,390
2021-07-30,36.696,36.956,36.426,36.547,321.6250012218952,390
2021-08-02,36.697,37.147,36.476,36.506,366.550000205636,390
2021-08-03,36.536,36.976,36.116,36.916,399.85000071674585,390
2021-08-04,36.557,36.996,36.496,36.646,440.9750010818243,390
2021-08-05,36.735,37.087,36.735,37.096,206.15000059455633,390
2021-08-06,37.456,37.916,37.446,37.847,260.0000009611249,390
2021-08-09,37.787,38.127,37.597,37.956,275.2750017940998,390
2021-08-10,37.897,38.457,37.867,38.347,185.27500028908253,390
2021-08-11,38.456,38.787,38.286,38.797,224.87499971687794,390
2021-08-12,38.806,38.906,38.586,38.846,222.42500039190054,390
2021-08-13,38.867,38.887,38.486,38.567,203.5250008031726,390
2021-08-16,38.307,38.496,37.986,38.507,274.3500012457371,390
2021-08-17,38.167,38.466,37.827,38.187,394.150000885129,390
2021-08-18,37.606,38.316,37.606,37.737,400.3260011225939,390
2021-08-19,37.266,37.726,37.206,37.447,677.1999993175268,390
2021-08-20,37.177,37.727,37.177,37.676,386.60000140964985,390
2021-08-23,37.837,38.147,37.837,37.977,253.75000047683716,390
2021-08-24,37.946,38.297,37.946,38.226,209.00000145286322,390
2021-08-25,38.307,38.907,38.237,38.706,220.52500126510859,390
2021-08-26,38.796,38.887,38.446,38.497,316.07500129938126,390
2021-08-27,38.516,38.997,38.516,38.997,234.65000128000975,390
2021-08-30,39.017,38.967,38.416,38.427,240.05000116676092,390
2021-08-31,38.396,38.667,38.256,38.437,339.9250005185604,390
2021-09-01,38.427,38.357,38.046,38.166,256.8000007942319,390
2021-09-02,38.266,38.427,38.156,38.286,238.72500014305115,390
2021-09-03,37.997,38.286,37.976,38.077,228.77500099688768,390
2021-09-07,38.166,38.167,37.836,37.857,271.1500013321638,390
2021-09-08,37.726,37.907,37.546,37.736,286.20000060647726,390
2021-09-09,37.617,38.186,37.617,37.847,288.77500227093697,390
2021-09-10,38.037,38.086,37.566,37.597,285.50000059604645,390
2021-09-13,37.847,38.046,37.736,38.017,404.2000004053116,390
2021-09-14,37.997,38.247,37.366,37.486,398.77500131726265,390
2021-09-15,37.396,37.937,37.396,37.836,380.1750011071563,390
2021-09-16,38.016,38.127,37.576,37.757,344.10000191628933,390
2021-09-17,37.676,37.906,37.466,37.606,404.45000144839287,390
2021-09-20,36.557,36.667,36.027,36.597,696.7760005742311,390
2021-09-21,36.626,36.887,36.406,36.547,625.3249997869134,390
2021-09-22,36.817,37.356,36.817,37.106,521.7500011399388,390
2021-09-23,37.277,38.186,37.277,38.017,234.32500040531158,390
2021-09-24,37.897,38.326,37.897,38.227,238.50000128895044,390
2021-09-27,38.396,38.827,38.396,38.727,239.62500128895044,390
2021-09-28,38.706,38.876,38.036,38.116,473.40000102669,390
2021-09-29,38.137,38.287,37.946,38.146,308.20000065118074,390
2021-09-30,38.247,38.317,37.507,37.577,544.3499996438622,390
2021-10-01,37.577,38.386,37.476,38.127,506.62500112503767,390
2021-10-04,37.976,38.527,37.746,37.847,621.4879987966269,390
2021-10-05,38.097,38.737,37.947,38.556,308.47500140964985,390
2021-10-06,38.177,38.616,37.916,38.607,609.125001013279,390
2021-10-07,38.937,39.227,38.777,38.837,241.60000011324883,390
2021-10-08,38.367,39.146,38.367,39.037,310.775000102818,390
2021-10-11,39.017,39.386,38.607,38.627,304.97500079870224,390
2021-10-12,38.567,38.747,38.406,38.517,453.77600092440844,390
2021-10-13,38.486,38.486,37.737,38.267,364.77500063180923,390
2021-10-14,38.696,38.917,38.346,38.926,329.57500275969505,390
2021-10-15,39.286,39.697,39.166,39.517,232.77500096708536,390
2021-10-18,39.316,39.727,39.316,39.506,236.6510010883212,390
2021-10-19,39.696,39.897,39.546,39.897,218.37500055879354,390
2021-10-20,39.826,40.207,39.726,40.207,225.02500116080046,390
2021-10-21,40.066,40.277,39.846,40.097,236.80000087618828,390
2021-10-22,40.057,40.666,40.057,40.607,263.10000082850456,390
2021-10-25,40.686,40.727,40.456,40.546,254.8000005632639,390
2021-10-26,40.577,40.847,40.527,40.627,198.42500177770853,390
2021-10-27,40.416,40.656,39.906,39.927,331.0000002607703,390
2021-10-28,40.056,40.406,40.056,40.426,289.52500132471323,390
2021-10-29,40.377,40.526,40.176,40.277,251.90000143647194,390
2021-11-01,40.487,40.606,40.116,40.297,262.9500009715557,390
2021-11-02,40.276,40.486,40.147,40.377,212.72500164061785,390
2021-11-03,40.156,40.667,40.156,40.517,262.5750007033348,390
2021-11-04,40.396,40.337,39.686,39.997,225.72500067204237,390
2021-11-05,40.232,40.477,39.886,40.017,228.35000163316727,390
2021-11-08,40.196,40.517,40.136,40.227,221.9750015437603,390
2021-11-09,39.947,40.127,39.756,40.007,278.0000003874302,390
2021-11-10,39.917,40.177,39.846,39.997,277.92500080913305,390
2021-11-11,39.996,40.176,39.826,40.076,148.6500002220273,390
2021-11-12,40.046,40.147,39.786,40.137,119.50000084936619,390
2021-11-15,40.237,40.347,40.066,40.137,169.85000056773424,390
2021-11-16,40.167,40.336,39.996,40.097,164.6750010251999,390
2021-11-17,40.036,40.027,39.536,39.637,200.3500013872981,390
2021-11-18,39.686,39.736,39.257,39.446,207.4000009149313,390
2021-11-19,39.097,39.237,38.707,39.017,204.5500007942319,390
2021-11-22,39.417,39.936,39.216,39.577,281.42500072717667,390
2021-11-23,39.776,40.207,39.656,40.187,359.4500004798174,390
2021-11-24,39.996,40.246,39.936,40.096,279.2509998008609,390
2021-11-26,38.816,38.987,38.326,38.867,446.7010006606579,390
2021-11-29,39.216,39.317,38.586,38.947,395.85000095516443,390
2021-11-30,38.337,38.546,37.896,37.996,641.52799962461,390
2021-12-01,38.596,38.866,37.546,37.616,637.0520000085235,390
2021-12-02,37.696,38.837,37.696,38.646,613.6750006377697,390
2021-12-03,38.676,38.787,37.717,38.077,715.2250013872981,390
2021-12-06,38.557,38.967,38.317,38.587,4.90400002640672,390
2021-12-07,39.037,39.397,38.866,39.296,219.12600115686655,390
2021-12-08,39.296,39.456,38.987,39.107,258.1750016286969,390
2021-12-09,38.826,39.197,38.746,39.007,264.65000107884407,390
2021-12-10,38.997,39.256,38.796,39.046,259.3250003159046,390
2021-12-13,38.867,38.926,38.496,38.607,271.3500013872981,390
2021-12-14,38.536,39.127,38.536,38.867,319.80400098860264,390
2021-12-15,38.947,39.037,38.476,38.987,536.879000402987,390
2021-12-16,39.296,39.726,39.207,39.477,410.7500007972121,390
2021-12-17,39.176,39.166,38.347,38.597,488.7000004053116,390
2021-12-20,37.777,37.717,37.206,37.717,393.42500208318233,390
2021-12-21,37.996,38.586,37.996,38.427,286.3250021710992,390
2021-12-22,38.307,38.627,38.266,38.597,231.00000109523535,390
2021-12-23,38.757,39.136,38.756,38.847,178.65000123530626,390
2021-12-27,38.846,39.196,38.727,39.196,180.57499998807907,390
2021-12-28,39.096,39.467,39.096,39.216,182.92500069737434,390
2021-12-29,39.276,39.407,39.136,39.207,184.15000072866678,390
2021-12-30,39.206,39.486,39.066,39.097,195.72600030899048,390
2022-01-03,39.296,39.656,39.296,39.526,298.57500087469816,390
2022-01-04,39.936,40.677,39.897,40.586,306.80000092834234,390
2022-01-05,40.697,40.837,40.066,40.106,350.62500063329935,390
2022-01-06,40.456,40.697,40.146,40.707,426.3500015884638,390
2022-01-07,40.717,41.247,40.626,41.187,319.0000006854534,390
2022-01-10,41.416,41.407,40.596,41.057,479.3500014618039,390
2022-01-11,41.097,41.386,40.787,41.397,350.85000141710043,390
2022-01-12,41.446,41.627,41.217,41.417,341.3750017732382,390
2022-01-13,41.486,41.667,41.106,41.246,333.67500104010105,390
2022-01-14,40.497,40.857,40.326,40.836,486.52600010484457,390
2022-01-18,40.536,40.447,39.666,39.907,410.19999995082617,390
2022-01-19,40.207,40.137,39.207,39.237,448.35000121593475,390
2022-01-20,39.336,39.846,38.916,39.026,401.1500015631318,390
2022-01-21,38.687,38.926,38.036,38.297,730.4250015094876,390
2022-01-24,37.416,38.327,36.817,38.327,1454.7857986092567,390
2022-01-25,37.807,38.727,37.247,38.497,1173.5474991351366,390
2022-01-26,38.737,39.187,38.106,38.587,1284.1379998251796,390
2022-01-27,38.797,39.307,37.966,38.226,1158.034801647067,390
2022-01-28,37.997,38.717,37.577,38.717,867.0452985018492,390
2022-01-31,38.337,39.076,38.216,39.077,510.301197424531,390
2022-02-01,38.997,39.657,38.906,39.616,531.721198566258,390
2022-02-02,39.477,39.917,39.326,39.867,512.3123981058598,390
2022-02-03,39.796,39.977,39.366,39.447,529.2347982376814,390
2022-02-04,39.496,40.417,39.466,40.156,537.2999982237816,390
2022-02-07,40.096,40.466,39.917,40.227,358.1052013153676,390
2022-02-08,40.396,40.857,40.396,40.776,340.4711995497346,390
2022-02-09,40.916,41.296,40.886,41.027,276.96000081300735,390
2022-02-10,40.377,41.366,40.377,40.716,953.5799981951714,390
2022-02-11,40.496,41.027,39.866,40.126,1460.789999857545,390
2022-02-14,40.096,40.196,39.326,39.687,1189.051198296249,390
2022-02-15,39.687,40.377,39.687,40.217,501.83999770879745,390
2022-02-16,39.897,40.366,39.897,40.237,1010.4300002902746,390
2022-02-17,39.777,39.897,39.107,39.256,723.3311984911561,390
2022-02-18,38.996,39.527,38.996,39.197,1143.3899996504188,390
2022-02-22,38.577,39.387,38.577,39.026,1534.7399992346764,390
2022-02-23,39.297,39.377,38.227,38.347,1104.7211968749762,390
2022-02-24,36.816,37.976,36.796,37.917,2097.030000567436,390
2022-02-25,38.096,39.187,38.096,39.097,1223.7600007802248,390
2022-02-28,38.096,38.757,38.096,38.547,1542.211198411882,390
2022-03-01,38.127,38.227,36.836,37.127,1399.6211978718638,390
2022-03-02,37.166,38.267,37.166,38.057,1143.1499995440245,390
2022-03-03,38.177,38.386,37.616,37.957,1085.4600042328238,390
2022-03-04,37.197,37.256,36.796,36.977,902.8499995097518,390
2022-03-07,36.846,36.877,35.836,35.907,1027.8000002503395,390
2022-03-08,36.007,36.657,35.486,35.677,2167.951204061508,390
2022-03-09,36.586,37.277,36.586,36.966,1207.1399958953261,390
2022-03-10,36.297,36.866,36.247,36.687,1017.0300002396107,390
2022-03-11,36.546,37.186,36.367,36.397,886.1112003028393,390
2022-03-14,36.807,37.437,36.677,36.857,1044.8411977663636,390
2022-03-15,37.027,37.407,36.907,37.347,1025.399999909103,390
2022-03-16,37.406,38.466,37.406,38.427,1515.721197873354,390
2022-03-17,38.096,38.897,37.946,38.897,881.009999871254,390
2022-03-18,38.587,39.087,38.526,39.016,802.4999976232648,390
2022-03-21,38.937,39.117,38.606,38.817,800.0699983537197,390
2022-03-22,38.767,39.667,38.767,39.437,593.3999999091029,390
2022-03-23,39.016,39.256,38.676,38.706,494.58000215142965,390
2022-03-24,38.517,39.037,38.517,39.006,485.25000144541264,390
2022-03-25,39.116,39.577,39.076,39.507,449.8799987286329,390
2022-03-28,39.296,39.386,38.956,39.387,411.70319931581616,390
2022-03-29,39.877,39.976,39.266,39.477,513.8700013831258,390
2022-03-30,39.337,39.486,38.986,39.217,235.1459999694489,390
2022-03-31,39.086,39.317,38.306,38.406,332.77889918815345,390
2022-04-01,38.197,38.577,37.947,38.246,478.5011986643076,390
2022-04-04,38.077,38.337,37.777,38.046,322.64999970048666,390
2022-04-05,37.846,38.277,37.706,37.787,382.26000052690506,390
2022-04-06,37.497,37.677,37.397,37.566,576.5412001311779,390
2022-04-07,37.246,37.676,36.976,37.516,515.0099986121058,390
2022-04-08,37.497,38.046,37.497,37.887,346.2600005120039,390
2022-04-11,37.736,38.117,37.656,37.697,314.6700012534857,390
2022-04-12,37.657,38.027,37.146,37.347,437.9711992740631,390
2022-04-13,36.846,37.307,36.846,37.296,417.87119979411364,390
2022-04-14,37.067,37.477,36.887,36.896,419.1600004211068,390
2022-04-18,36.496,37.267,36.496,37.116,363.1800017133355,390
2022-04-19,37.197,37.667,37.197,37.637,311.8031997049693,390
2022-04-20,37.866,38.137,37.776,37.876,275.2800005376339,390
2022-04-21,38.107,38.276,37.207,37.296,378.84119971096516,390
2022-04-22,36.996,37.187,36.127,36.186,416.04000049084425,390
2022-04-25,35.766,36.276,35.316,36.227,658.529996663332,390
2022-04-26,35.677,36.187,35.306,35.337,503.3099991232157,390
2022-04-27,34.997,35.637,34.997,35.306,776.6567991897464,390
2022-04-28,35.496,35.846,35.116,35.737,423.3899994045496,390
2022-04-29,35.296,35.667,34.426,34.507,462.8100006952882,390
2022-05-02,34.667,34.757,33.837,34.526,1016.339997947216,390
2022-05-03,34.376,35.287,34.376,34.986,658.1699987500906,390
2022-05-04,34.997,36.076,34.896,36.037,1096.1735983788967,390
2022-05-05,35.567,35.627,34.556,34.967,1065.75000166893,390
2022-05-06,34.516,34.867,34.227,34.757,1234.6212011277676,390
2022-05-09,33.996,34.457,33.746,33.906,985.829999089241,390
2022-05-10,34.057,34.397,33.177,33.637,1386.44999730587,390
2022-05-11,33.647,34.316,33.246,33.277,1207.7699925899506,390
2022-05-12,32.836,33.327,32.406,33.067,1280.939996957779,390
2022-05-13,33.397,33.787,33.226,33.517,612.9000008627772,390
2022-05-16,33.087,33.526,32.976,33.247,804.6000002846122,390
2022-05-17,33.916,34.217,33.706,34.137,626.7300004214048,390
2022-05-18,33.766,33.847,33.066,33.177,573.599999293685,390
2022-05-19,32.717,33.196,32.686,32.997,1232.7599978744984,390
2022-05-20,33.247,33.316,32.217,32.937,875.1899978816509,390
2022-05-23,33.506,34.226,33.376,33.987,718.0499991476536,390
2022-05-24,33.816,33.996,33.206,33.887,872.0999985337257,390
2022-05-25,33.756,34.386,33.736,34.186,826.6199996173382,390
2022-05-26,34.217,35.057,34.217,34.976,367.56000009924173,390
2022-05-27,34.817,35.547,34.817,35.547,319.01999924331903,390
2022-05-31,35.216,35.727,35.086,35.456,684.8399978727102,390
2022-06-01,35.066,35.407,34.566,34.907,661.949998088181,390
2022-06-02,34.907,35.376,34.646,35.397,533.310000769794,390
2022-06-03,34.756,35.146,34.756,34.857,533.220002129674,390
2022-06-06,34.877,35.487,34.877,34.996,429.6599990502,390
2022-06-07,34.666,35.247,34.666,35.227,341.640000410378,390
2022-06-08,34.647,35.057,34.487,34.637,317.27999902516603,390
2022-06-09,34.227,34.587,33.726,33.747,521.7300006896257,390
2022-06-10,32.736,33.116,32.496,32.576,692.4599996656179,390
2022-06-13,31.427,32.087,31.366,31.577,819.6312018483877,390
2022-06-14,31.537,31.877,31.037,31.287,683.5800016596913,390
2022-06-15,31.336,32.056,31.096,31.667,1390.1100031584501,390
2022-06-16,30.997,30.987,30.576,30.857,775.4399985894561,390
2022-06-17,30.876,31.257,30.626,30.946,777.419998139143,390
2022-06-21,31.146,31.557,31.146,31.396,315.4200020059943,390
2022-06-22,30.997,31.586,30.936,31.356,500.0700011700392,390
2022-06-23,31.027,31.377,30.666,31.196,498.5700003579259,390
2022-06-24,31.217,32.347,31.217,32.356,342.8100011199713,390
2022-06-27,32.226,32.506,32.076,32.217,461.0400001630187,390
2022-06-28,32.516,32.857,31.886,31.917,587.5800006613135,390
2022-06-29,31.696,32.047,31.616,31.736,666.2099999189377,390
2022-06-30,31.216,31.696,30.846,31.477,608.9399998635054,390
2022-07-01,31.126,31.967,31.126,31.846,717.869997471571,390
2022-07-05,31.107,31.777,31.016,31.777,614.9399995580316,390
2022-07-06,31.616,31.916,31.386,31.707,834.6011995375156,390
2022-07-07,31.646,32.227,31.646,32.157,517.9799985140562,390
2022-07-08,32.027,32.317,31.936,32.087,679.9200013354421,390
2022-07-11,31.577,32.047,31.577,31.826,548.219999872148,390
2022-07-12,31.577,32.186,31.546,31.636,566.3399982750416,390
2022-07-13,30.967,31.507,30.946,31.347,774.2399981245399,390
2022-07-14,30.597,30.817,30.356,30.746,734.0399999767542,390
2022-07-15,31.157,31.937,31.097,31.797,579.2700008302927,390
2022-07-18,32.097,32.407,31.506,31.656,586.2900004014373,390
2022-07-19,32.037,32.697,31.986,32.617,501.8699997961521,390
2022-07-20,32.247,32.766,32.247,32.727,486.89999928325415,390
2022-07-21,32.597,32.927,32.376,32.927,562.6499979570508,390
2022-07-22,32.957,33.127,32.496,32.737,624.9323997497559,390
2022-07-25,32.846,33.097,32.716,32.947,431.9100012406707,390
2022-07-26,32.797,32.966,32.417,32.497,501.30000285059214,390
2022-07-27,32.346,33.147,32.346,33.007,671.2199996262789,390
2022-07-28,33.026,33.227,32.486,33.237,533.729998447001,390
2022-07-29,32.996,33.806,32.996,33.727,436.76999951153994,390
2022-08-01,33.076,33.577,33.076,33.446,595.5899979397655,390
2022-08-02,33.047,33.477,33.016,33.057,619.2300001978874,390
2022-08-03,33.057,33.626,33.056,33.556,472.469999730587,390
2022-08-04,33.506,33.567,33.386,33.437,499.35000136494637,390
2022-08-05,33.007,33.837,33.007,33.707,491.34000051021576,390
2022-08-08,33.577,34.037,33.577,33.657,423.0599978417158,390
2022-08-09,33.646,33.907,33.646,33.847,371.93999844044447,390
2022-08-10,34.376,34.707,34.356,34.617,368.5800002813339,390
2022-08-11,34.897,35.207,34.867,34.987,398.3099991157651,390
2022-08-12,34.827,35.546,34.827,35.556,320.8799995407462,390
2022-08-15,34.996,35.636,34.996,35.557,274.22999903559685,390
2022-08-16,35.446,35.957,35.397,35.807,284.1299993619323,390
2022-08-17,35.397,35.767,35.366,35.627,442.9499992951751,390
2022-08-18,35.256,35.706,35.256,35.677,320.10000029206276,390
2022-08-19,35.376,35.367,34.837,34.957,362.91000105440617,390
2022-08-22,34.436,34.397,34.096,34.197,311.190000474453,390
2022-08-23,33.827,34.376,33.827,34.076,436.7399994581938,390
2022-08-24,33.996,34.327,33.916,34.237,363.2711985707283,390
2022-08-25,34.026,34.767,34.026,34.777,373.25999969244003,390
2022-08-26,34.717,34.877,33.686,33.747,848.8199980854988,390
2022-08-29,33.467,33.707,33.266,33.506,594.8099998533726,390
2022-08-30,33.577,33.657,33.086,33.337,618.9911998584867,390
2022-08-31,33.397,33.566,33.007,33.087,585.9299993664026,390
2022-09-01,32.907,33.157,32.506,33.187,713.9099999889731,390
2022-09-02,33.196,33.796,32.726,32.817,799.0247981250286,390
2022-09-06,33.026,33.116,32.476,32.827,609.1512004584074,390
2022-09-07,32.697,33.507,32.656,33.467,518.1599985957146,390
2022-09-08,32.976,34.047,32.976,34.047,737.8799992501736,390
2022-09-09,34.227,34.436,34.176,34.367,403.71000161767006,390
2022-09-12,34.497,34.807,34.416,34.646,379.73729990422726,390
2022-09-13,33.957,34.036,33.226,33.367,533.8872000873089,390
2022-09-14,33.147,33.557,32.946,33.277,617.0699992179871,390
2022-09-15,32.937,33.767,32.937,33.377,549.8123998939991,390
2022-09-16,32.987,33.087,32.697,33.087,722.9699979797006,390
2022-09-19,32.527,33.257,32.516,33.246,533.7311993837357,390
2022-09-20,32.696,33.036,32.456,32.776,520.8611999601126,390
2022-09-21,32.736,33.026,32.066,32.126,1274.461200632155,390
2022-09-22,32.166,32.187,31.486,31.586,620.3435988128185,390
2022-09-23,31.046,31.287,30.586,31.077,553.2900010570884,390
2022-09-26,30.696,31.097,30.336,30.557,806.2223973870277,390
2022-09-27,30.596,30.937,30.117,30.446,735.3900010734797,390
2022-09-28,30.516,31.186,30.436,31.046,851.5500000715256,390
2022-09-29,30.676,30.767,30.256,30.666,977.3700003251433,390
2022-09-30,30.637,31.026,30.276,30.346,946.3811999261379,390
2022-10-03,30.377,31.327,30.296,31.167,697.4367006272078,390
2022-10-04,31.587,32.346,31.587,32.357,578.100897833705,390
2022-10-05,31.827,32.237,31.716,32.077,635.7000009194016,390
2022-10-06,31.616,32.087,31.566,31.647,890.3399997130036,390
2022-10-07,31.337,31.407,30.706,30.917,685.6200010254979,390
2022-10-10,31.056,31.136,30.566,30.767,826.2572972849011,390
2022-10-11,30.566,30.847,30.216,30.347,963.9300007522106,390
2022-10-12,30.316,30.667,30.166,30.297,721.1699983030558,390
2022-10-13,29.667,31.597,29.576,31.537,1431.5999941825867,390
2022-10-14,31.787,32.136,30.936,31.017,1383.0623941645026,390
2022-10-17,31.637,31.977,31.576,31.766,613.6512011960149,390
2022-10-18,31.766,32.357,31.766,32.307,412.37999902665615,390
2022-10-19,32.016,32.266,31.586,31.787,631.6800001189113,390
2022-10-20,31.696,32.016,31.166,31.267,709.5899992585182,390
2022-10-21,30.997,32.207,30.997,32.187,1045.229998074472,390
2022-10-24,32.377,32.757,32.267,32.626,910.171201094985,390
2022-10-25,32.406,33.057,32.376,33.007,509.25000144541264,390
2022-10-26,33.066,33.447,33.006,33.097,573.179999165237,390
2022-10-27,33.346,33.727,33.296,33.366,554.3699971809983,390
2022-10-28,33.436,34.197,33.376,34.187,527.7600009664893,390
2022-10-31,33.987,34.187,33.926,33.966,432.12000223994255,390
2022-11-01,34.257,34.307,33.916,34.097,525.6900003775954,390
2022-11-02,33.986,34.557,33.606,33.676,1625.6399908438325,390
2022-11-03,33.267,33.546,33.076,33.296,507.51090194284916,390
2022-11-04,33.776,34.047,33.426,33.937,796.2012003064156,390
2022-11-07,34.146,34.257,33.926,34.236,386.5511994808912,390
2022-11-08,34.276,34.606,34.086,34.447,478.4400002360344,390
2022-11-09,34.237,34.317,33.786,33.887,516.4511994943023,390
2022-11-10,34.876,35.617,34.806,35.597,582.5999998226762,390
2022-11-11,35.716,36.017,35.616,35.896,632.7911995053291,390
2022-11-14,35.707,35.786,35.327,35.357,365.6712002530694,390
2022-11-15,35.706,35.837,35.066,35.426,1097.8811993002892,390
2022-11-16,35.287,35.476,35.146,35.287,592.9800005033612,390
2022-11-17,34.847,35.086,34.747,35.086,297.1199999079108,390
2022-11-18,35.397,35.556,35.066,35.367,375.5111999511719,390
2022-11-21,35.287,35.527,35.276,35.486,276.27000111341476,390
2022-11-22,35.667,35.857,35.657,35.847,210.35999926179647,390
2022-11-23,35.787,36.056,35.766,35.966,237.06000070273876,390
2022-11-25,36.017,36.147,35.956,36.096,108.38999959081411,390
2022-11-28,35.867,36.017,35.427,35.497,259.02480059862137,390
2022-11-29,35.437,35.757,35.396,35.727,272.57999973744154,390
2022-11-30,35.646,36.297,35.136,36.306,536.220001026988,390
2022-12-01,36.396,36.467,35.806,36.097,419.67000037431717,390
2022-12-02,35.677,35.937,35.606,35.936,293.6408997923136,390
2022-12-05,35.676,35.677,34.846,35.027,346.5300006568432,390
2022-12-06,35.006,35.157,34.447,34.737,384.0900025293231,390
2022-12-07,34.597,34.957,34.506,34.596,494.8499993979931,390
2022-12-08,34.687,34.837,34.496,34.637,284.01089952886105,390
2022-12-09,34.467,34.766,34.467,34.537,394.38000147789717,390
2022-12-12,34.557,35.017,34.386,34.987,250.25999929010868,390
2022-12-13,35.867,35.806,34.836,35.096,851.6999982818961,390
2022-12-14,35.026,35.306,34.487,34.647,930.120000898838,390
2022-12-15,34.116,34.227,33.726,33.957,384.0000005364418,390
2022-12-16,33.557,33.787,33.386,33.696,397.77000023424625,390
2022-12-19,33.386,33.727,33.186,33.417,290.70119920372963,390
2022-12-20,33.146,33.757,33.146,33.516,353.8500016629696,390
2022-12-21,33.767,34.146,33.766,34.077,149.55000028014183,390
2022-12-22,33.837,33.856,33.206,33.747,328.74000081419945,390
2022-12-23,33.707,33.977,33.567,33.936,340.44000113755465,390
2022-12-27,34.006,34.087,33.786,33.956,184.5600001066923,390
2022-12-28,33.937,34.057,33.776,33.827,223.08000022917986,390
2022-12-29,33.946,34.337,33.906,34.307,161.79000076651573,390
2022-12-30,34.067,34.256,33.906,34.187,245.25000105053186,390
2023-01-03,34.406,34.667,34.056,34.337,397.1100020930171,390
2023-01-04,34.636,35.107,34.566,34.876,530.7599995359778,390
2023-01-05,34.696,34.737,34.366,34.607,367.2900026664138,390
2023-01-06,34.817,35.467,34.586,35.376,341.0100012868643,390
2023-01-09,35.517,35.687,35.156,35.237,263.94000098109245,390
2023-01-10,35.157,35.456,35.066,35.457,282.48000095039606,390
2023-01-11,35.547,35.756,35.466,35.757,164.28000044822693,390
2023-01-12,35.837,36.047,35.606,35.867,336.24000100791454,390
2023-01-13,35.346,36.147,35.256,36.106,311.3412005454302,390
2023-01-17,36.007,36.007,35.756,35.857,247.9499990940094,390
2023-01-18,35.676,35.887,35.176,35.197,274.77000066637993,390
2023-01-19,34.727,34.966,34.556,34.787,304.4400007650256,390
2023-01-20,34.816,35.347,34.736,35.347,272.24999991059303,390
2023-01-23,35.036,35.887,35.036,35.757,244.6800002232194,390
2023-01-24,35.666,35.927,35.296,35.796,298.1100005283952,390
2023-01-25,35.457,36.047,35.446,36.046,291.33000042289495,390
2023-01-26,36.167,36.267,35.896,36.236,316.65000063180923,390
2023-01-27,36.176,36.447,36.146,36.237,252.8999991863966,390
2023-01-30,35.706,36.307,35.706,36.076,267.12000008672476,390
2023-01-31,36.077,36.547,35.966,36.547,213.45000010728836,390
2023-02-01,35.877,36.846,35.877,36.566,688.9200010672212,390
2023-02-02,36.696,36.786,36.356,36.647,434.3400000333786,390
2023-02-03,36.007,36.886,36.007,36.607,484.9199993684888,390
2023-02-06,36.377,36.577,36.296,36.567,267.24000057578087,390
2023-02-07,36.297,37.087,36.297,37.006,610.6500000283122,390
2023-02-08,36.676,37.077,36.676,36.807,421.17000141739845,390
2023-02-09,36.927,37.006,36.277,36.347,399.38999992609024,390
2023-02-10,36.176,36.506,36.066,36.487,326.46000035852194,390
2023-02-13,36.396,36.886,36.396,36.886,245.67000035196543,390
2023-02-14,36.747,37.047,36.467,36.697,605.4900008067489,390
2023-02-15,36.396,36.747,36.366,36.747,260.9100006297231,390
2023-02-16,36.066,36.646,36.066,36.367,358.25999946147203,390
2023-02-17,36.186,36.416,36.086,36.377,332.46000139415264,390
2023-02-21,36.066,36.116,35.466,35.647,306.2399997189641,390
2023-02-22,35.607,35.757,35.406,35.587,369.8099998757243,390
2023-02-23,35.736,35.887,35.296,35.656,367.02000046521425,390
2023-02-24,34.997,35.757,34.997,35.676,417.84000047296286,390
2023-02-27,35.927,36.037,35.576,35.667,241.68000023812056,390
2023-02-28,35.617,35.877,35.606,35.777,269.4599993005395,390
2023-03-01,35.477,35.737,35.456,35.577,282.2700001299381,390
2023-03-02,35.387,35.457,35.006,35.416,276.06000009924173,390
2023-03-03,35.516,35.987,35.496,35.987,217.05000047385693,390
2023-03-06,35.976,36.226,35.906,36.036,164.55000013113022,390
2023-03-07,35.896,35.877,34.996,35.086,344.88000153005123,390
2023-03-08,35.016,35.227,34.776,34.957,266.52000012248755,390
2023-03-09,34.436,34.787,33.357,33.536,363.8700003027916,390
2023-03-10,32.867,33.686,32.516,32.916,1064.1000009477139,390
2023-03-13,31.727,32.246,31.356,31.617,1784.6699973791838,390
2023-03-14,32.496,32.687,31.866,32.327,786.569998562336,390
2023-03-15,31.297,31.507,30.956,31.377,1029.2699985206127,390
2023-03-16,30.997,32.326,30.896,31.997,831.3311967477202,390
2023-03-17,31.596,31.557,30.886,30.987,527.5800010040402,390
2023-03-20,31.027,31.416,31.017,31.177,350.4900000616908,390
2023-03-21,31.847,32.027,31.796,31.957,200.5200000628829,390
2023-03-22,31.897,32.016,31.196,31.266,765.8412007316947,390
2023-03-23,31.287,31.567,30.786,31.017,611.7599970027804,390
2023-03-24,30.597,30.997,30.386,30.987,462.930000141263,390
2023-03-27,31.526,31.567,31.226,31.407,340.53000087291,390
2023-03-28,31.306,31.507,31.216,31.396,202.56000044941902,390
2023-03-29,31.666,31.867,31.606,31.867,145.17000006884336,390
2023-03-30,32.066,32.097,31.607,31.796,176.2200000360608,390
2023-03-31,31.946,32.147,31.856,32.147,116.16000022739172,390
2023-04-03,32.046,32.316,32.016,32.216,148.41000044345856,390
2023-04-04,32.197,32.306,31.697,31.887,178.2900008931756,390
2023-04-05,31.646,31.927,31.646,31.877,180.2700000628829,390
2023-04-06,31.786,32.027,31.766,31.966,119.16000042110682,390
2023-04-10,31.566,32.056,31.566,32.057,144.6000007390976,390
2023-04-11,32.106,32.467,32.106,32.337,89.29559999285266,390
2023-04-12,32.456,32.637,32.186,32.277,313.19999865442514,390
2023-04-13,32.246,32.557,32.066,32.546,161.7300002425909,390
2023-04-14,32.817,33.127,32.716,32.886,309.93000065535307,390
2023-04-17,32.807,33.257,32.706,33.257,201.68999994546175,390
2023-04-18,33.316,33.406,33.076,33.376,182.36999986320734,390
2023-04-19,33.157,33.517,33.157,33.447,126.6599997729063,390
2023-04-20,33.197,33.427,33.196,33.337,130.89000093191862,390
2023-04-21,33.246,33.237,32.947,33.227,183.48000007122755,390
2023-04-24,33.167,33.266,33.056,33.137,109.3200003951788,390
2023-04-25,32.886,32.977,32.556,32.567,170.3699999153614,390
2023-04-26,32.477,32.646,32.117,32.267,194.34000039100647,390
2023-04-27,32.377,32.827,32.377,32.777,151.71000038087368,390
2023-04-28,32.557,33.187,32.536,33.176,243.7800006493926,390
2023-05-01,33.216,33.397,33.036,33.087,181.2399996370077,390
2023-05-02,32.937,32.867,32.016,32.337,336.5099987834692,390
2023-05-03,32.366,32.496,31.926,31.946,545.8500010445714,390
2023-05-04,31.687,31.817,31.256,31.536,472.09999998658895,390
2023-05-05,32.016,32.367,32.006,32.296,200.3799998164177,390
2023-05-08,32.476,32.597,32.337,32.377,169.8499997034669,390
2023-05-09,32.147,32.377,32.056,32.257,140.7599999010563,390
2023-05-10,32.456,32.516,31.786,32.087,287.420000128448,390
2023-05-11,31.856,32.047,31.736,32.026,200.51999926567078,390
2023-05-12,32.166,32.176,31.687,31.887,184.1599997356534,390
2023-05-15,31.936,32.206,31.896,32.146,129.2400003001094,390
2023-05-16,32.057,32.176,31.836,31.846,166.19999954104424,390
2023-05-17,32.056,32.577,32.036,32.506,170.6399996727705,390
2023-05-18,32.426,32.747,32.316,32.747,193.86000039428473,390
2023-05-19,32.787,32.907,32.446,32.607,220.3800000473857,390
2023-05-22,32.646,32.757,32.456,32.667,164.78999942541122,390
2023-05-23,32.557,32.677,32.246,32.287,191.1300000846386,390
2023-05-24,32.027,32.057,31.786,31.846,146.37000042945147,390
2023-05-25,31.757,31.936,31.656,31.857,203.3700007200241,390
2023-05-26,31.867,32.177,31.866,32.087,147.749999769032,390
2023-05-30,32.116,32.227,31.876,32.107,174.32999980449677,390
2023-05-31,31.927,31.907,31.486,31.766,171.4199999049306,390
2023-06-01,31.807,32.157,31.716,32.096,173.00999981164932,390
2023-06-02,32.406,32.897,32.397,32.817,187.85999983549118,390
2023-06-05,32.826,32.807,32.467,32.617,211.29000010341406,390
2023-06-06,32.587,33.077,32.567,33.056,159.1499996855855,390
2023-06-07,33.057,33.217,32.867,33.167,186.7200007662177,390
2023-06-08,33.056,33.177,32.876,33.127,125.00999956578016,390
2023-06-09,33.066,33.277,33.057,33.167,156.74999985843897,390
2023-06-12,33.167,33.256,32.886,33.127,151.17000038921833,390
2023-06-13,33.107,33.457,33.066,33.327,225.84000043570995,390
2023-06-14,33.376,33.577,33.097,33.206,298.7699999436736,390
2023-06-15,33.106,33.707,33.066,33.637,157.76999985426664,390
2023-06-16,33.75,33.777,33.536,33.567,176.6700006276369,390
2023-06-20,33.237,33.256,32.976,33.187,137.48999996483326,390
2023-06-21,33.106,33.286,32.996,33.117,183.78999934345484,390
2023-06-22,33.046,33.037,32.766,32.867,186.85000001639128,390
2023-06-23,32.616,32.827,32.506,32.747,206.60999980568886,390
2023-06-26,32.706,32.917,32.576,32.676,135.30999962240458,390
2023-06-27,32.717,32.977,32.696,32.917,142.92999942600727,390
2023-06-28,32.886,32.857,32.697,32.846,137.8400002643466,390
2023-06-29,33.017,33.397,32.976,33.406,184.67999997735023,390
2023-06-30,33.647,33.837,33.576,33.727,130.67999923974276,390
2023-07-03,33.706,33.987,33.647,33.897,80.95999976247549,390
2023-07-05,33.677,33.907,33.587,33.827,100.6799998730421,390
2023-07-06,33.556,33.546,33.246,33.537,138.7999994903803,390
2023-07-07,33.407,33.856,33.406,33.576,119.90999962389469,390
2023-07-10,33.577,33.916,33.566,33.726,127.71999925374985,390
2023-07-11,33.836,34.156,33.786,34.137,97.32999956607819,390
2023-07-12,34.417,34.577,34.256,34.347,140.7099997550249,390
2023-07-13,34.396,34.517,34.336,34.467,83.47999991476536,390
2023-07-14,34.727,34.607,34.196,34.247,160.2599998190999,390
2023-07-17,34.206,34.667,34.206,34.576,115.73999936878681,390
2023-07-18,34.617,34.986,34.597,34.987,131.97999939322472,390
2023-07-19,34.967,35.247,34.956,35.137,129.45999918878078,390
2023-07-20,35.057,35.367,35.037,35.376,127.44999881088734,390
2023-07-21,35.396,35.387,35.166,35.257,111.50089883804321,390
2023-07-24,35.266,35.696,35.266,35.617,87.73999955505133,390
2023-07-25,35.506,35.557,35.336,35.347,118.1499993801117,390
2023-07-26,35.327,35.667,35.276,35.577,232.9599984511733,390
2023-07-27,35.567,35.647,35.076,35.137,181.86479959636927,390
2023-07-28,35.357,35.396,35.007,35.187,111.44119977205992,390
2023-07-31,35.257,35.427,35.177,35.336,124.17999970167875,390
2023-08-01,35.247,35.347,35.136,35.327,137.67239989340305,390
2023-08-02,35.017,35.126,34.826,35.047,152.54000005126,390
2023-08-03,34.806,35.116,34.716,35.067,175.68240009993315,390
2023-08-04,35.006,35.347,34.866,34.917,206.00119943916798,390
2023-08-07,35.116,35.446,35.106,35.387,126.16999996453524,390
2023-08-08,34.937,35.087,34.656,35.077,175.81000009179115,390
2023-08-09,35.037,35.147,34.776,34.827,164.60120032727718,390
2023-08-10,34.987,35.246,34.756,34.847,274.0812009051442,390
2023-08-11,34.707,34.966,34.646,34.907,166.38000032305717,390
2023-08-14,34.816,34.906,34.686,34.847,136.99119977653027,390
2023-08-15,34.537,34.566,34.166,34.237,163.20119965821505,390
2023-08-16,34.147,34.397,34.116,34.157,200.82999972254038,390
2023-08-17,34.267,34.307,33.886,33.997,201.37360006570816,390
2023-08-18,33.747,34.057,33.686,33.946,198.89000039547682,390
2023-08-21,34.056,34.067,33.666,33.916,173.1923997476697,390
2023-08-22,33.857,33.967,33.566,33.627,159.54999954253435,390
2023-08-23,33.677,33.936,33.626,33.926,117.27120023965836,390
2023-08-24,33.896,34.277,33.836,33.877,187.7500005811453,390
2023-08-25,33.956,34.096,33.706,33.967,315.80120070278645,390
2023-08-28,34.097,34.287,34.066,34.177,139.26120042800903,390
2023-08-29,34.147,34.487,34.087,34.477,131.49999998509884,390
2023-08-30,34.496,34.696,34.437,34.517,115.19240004569292,390
2023-08-31,34.586,34.597,34.336,34.407,99.51119974255562,390
2023-09-01,34.547,34.787,34.546,34.687,129.9023997336626,390
2023-09-05,34.647,34.757,34.326,34.357,131.89239959418774,390
2023-09-06,34.226,34.377,34.066,34.297,131.81000059098005,390
2023-09-07,34.147,34.347,34.126,34.247,126.63120007514954,390
2023-09-08,34.227,34.357,34.116,34.307,120.19999966025352,390
2023-09-11,34.456,34.616,34.366,34.436,97.39999980479479,390
2023-09-12,34.406,34.916,34.396,34.726,111.08000006526709,390
2023-09-13,34.836,34.867,34.547,34.707,134.53000010550022,390
2023-09-14,34.897,35.046,34.747,35.007,127.43120083212852,390
2023-09-15,34.796,35.026,34.756,34.816,122.52119958400726,390
2023-09-18,34.626,34.797,34.516,34.776,116.58000029623508,390
2023-09-19,34.776,34.847,34.496,34.736,105.54999977350235,390
2023-09-20,34.847,34.947,34.477,34.497,229.09999913722277,390
2023-09-21,34.337,34.337,33.926,33.956,153.60999949276447,390
2023-09-22,33.957,33.976,33.666,33.696,152.62999949604273,390
2023-09-25,33.557,33.737,33.476,33.746,149.95239938050508,390
2023-09-26,33.467,33.616,33.226,33.316,137.9324001967907,390
2023-09-27,33.357,33.327,32.946,33.227,190.77119985967875,390
2023-09-28,33.246,33.586,33.246,33.467,199.07999999076128,390
2023-09-29,33.647,33.597,33.086,33.177,256.81239998340607,390
2023-10-02,33.057,33.106,32.706,32.887,301.2999994158745,390
2023-10-03,32.716,32.796,32.236,32.337,305.23460130393505,390
2023-10-04,32.377,32.616,32.196,32.617,244.48999969661236,390
2023-10-05,32.497,32.806,32.446,32.767,221.0711997076869,390
2023-10-06,32.606,33.216,32.506,33.027,285.751800224185,390
2023-10-09,32.756,33.116,32.707,33.037,174.8312006443739,390
2023-10-10,33.157,33.497,33.136,33.296,198.43999974429607,390
2023-10-11,33.387,33.507,33.096,33.346,163.230000436306,390
2023-10-12,33.407,33.366,32.906,33.127,246.99240071326494,390
2023-10-13,33.357,33.626,33.026,33.197,347.33120092749596,390
2023-10-16,33.467,33.707,33.376,33.556,226.86999985575676,390
2023-10-17,33.387,33.917,33.387,33.716,299.4024004638195,390
2023-10-18,33.536,33.567,33.066,33.147,324.7812008485198,390
2023-10-19,33.076,33.237,32.676,32.747,513.571199208498,390
2023-10-20,32.637,32.727,32.166,32.226,337.6200009062886,390
2023-10-23,32.107,32.347,31.966,31.997,309.65000066906214,390
2023-10-24,32.126,32.347,32.046,32.227,272.5123996436596,390
2023-10-25,32.087,32.306,32.006,32.117,294.9412003979087,390
2023-10-26,32.006,32.317,31.966,32.057,350.5512000769377,390
2023-10-27,32.007,31.946,31.346,31.476,323.51120153814554,390
2023-10-30,31.636,32.077,31.587,32.007,256.2136005535722,390
2023-10-31,32.067,32.357,32.006,32.357,194.76999969035387,390
2023-11-01,32.356,32.687,32.336,32.556,342.6309001594782,390
2023-11-02,32.847,33.337,32.797,33.346,185.16240045428276,390
2023-11-03,33.657,33.927,33.646,33.797,198.9812004044652,390
2023-11-06,33.827,33.896,33.496,33.667,167.93000023812056,390
2023-11-07,33.547,33.697,33.516,33.616,131.37999984622002,390
2023-11-08,33.626,33.686,33.456,33.657,128.86239971220493,390
2023-11-09,33.776,33.797,33.456,33.516,205.4411990121007,390
2023-11-10,33.676,33.926,33.486,33.906,171.59999990463257,390
2023-11-13,33.786,33.937,33.736,33.857,140.2700006365776,390
2023-11-14,34.196,34.676,34.196,34.506,149.37120014429092,390
2023-11-15,34.547,34.777,34.546,34.717,147.91999945789576,390
2023-11-16,34.766,34.846,34.667,34.816,147.1899996623397,390
2023-11-17,34.937,35.007,34.857,35.007,110.2884002327919,390
2023-11-20,34.956,35.217,34.876,35.137,91.2199993878603,390
2023-11-21,35.096,35.207,35.066,35.116,99.771199837327,390
2023-11-22,35.226,35.327,35.146,35.267,120.99000006914139,390
2023-11-24,35.276,35.417,35.246,35.306,47.95999962836504,390
2023-11-27,35.247,35.306,35.177,35.277,76.88999997079372,390
2023-11-28,35.227,35.357,35.156,35.256,104.9999998062849,390
2023-11-29,35.357,35.697,35.357,35.487,96.36999983340502,390
2023-11-30,35.547,35.876,35.457,35.887,148.27000047266483,390
2023-12-01,35.786,36.197,35.776,36.127,144.67999992519617,390
2023-12-04,35.946,36.257,35.927,36.127,119.72000019997358,390
2023-12-05,35.997,36.017,35.786,35.956,156.1899998113513,390
2023-12-06,36.137,36.266,35.716,35.776,136.1200004145503,390
2023-12-07,35.836,35.947,35.757,35.927,92.88999993354082,390
2023-12-08,35.907,36.167,35.856,36.107,127.57999977469444,390
2023-12-11,36.136,36.397,36.136,36.357,87.84999941289425,390
2023-12-12,36.376,36.616,36.286,36.616,76.60999983549118,390
2023-12-13,36.617,37.227,36.546,37.197,158.89119958132505,390
2023-12-14,37.477,37.696,37.356,37.567,214.73999992758036,390
2023-12-15,37.226,37.426,37.186,37.386,210.5921996831894,390
2023-12-18,37.316,37.397,37.246,37.276,128.13999953866005,390
2023-12-19,37.267,37.567,37.166,37.556,99.43120021582581,390
2023-12-20,37.427,37.546,36.897,36.937,174.51099989563227,390
2023-12-21,37.047,37.256,36.916,37.257,213.12999957799911,390
2023-12-22,37.356,37.476,37.196,37.326,141.09000036120415,390
2023-12-26,37.347,37.536,37.306,37.487,66.59999977052212,390
2023-12-27,37.396,37.587,37.346,37.587,112.4200000166893,390
2023-12-28,37.536,37.786,37.536,37.727,94.2099996432662,390
2023-12-29,37.686,37.756,37.486,37.637,134.31999976187944,390
2024-01-02,37.447,37.757,37.427,37.767,177.6111995652318,390
2024-01-03,37.577,37.637,37.376,37.466,242.18119989335537,390
2024-01-04,37.517,37.877,37.506,37.586,160.5900005698204,390
2024-01-05,37.557,37.916,37.556,37.757,249.70000014454126,390
2024-01-08,37.737,37.987,37.556,37.996,142.14000026881695,390
2024-01-09,37.777,37.777,37.627,37.727,150.24999960511923,390
2024-01-10,37.647,37.827,37.566,37.817,124.09119995683432,390
2024-01-11,37.757,37.747,37.366,37.667,202.55000095069408,390
2024-01-12,37.746,37.977,37.436,37.587,288.9500000178814,390
2024-01-16,37.276,37.397,37.126,37.327,256.8300009891391,390
2024-01-17,37.007,37.397,36.987,37.237,226.84119997173548,390
2024-01-18,37.247,37.347,36.946,37.317,160.72999995946884,390
2024-01-19,37.467,37.957,37.346,37.927,192.6499994173646,390
2024-01-22,38.046,38.276,38.016,38.106,166.23999992758036,390
2024-01-23,38.097,38.177,38.006,38.147,126.88119998574257,390
2024-01-24,38.337,38.516,38.286,38.317,158.34000029414892,390
2024-01-25,38.457,38.527,38.266,38.527,176.69120024889708,390
2024-01-26,38.016,38.697,38.016,38.627,166.7600001245737,390
2024-01-29,38.527,38.767,38.427,38.767,96.45999996364117,390
2024-01-30,38.786,39.267,38.766,39.236,91.52999999374151,390
2024-01-31,39.147,39.427,38.736,38.786,358.4800023213029,390
2024-02-01,38.676,38.817,38.246,38.797,233.39000061154366,390
2024-02-02,38.746,39.147,38.656,38.996,275.74999982118607,390
2024-02-05,38.757,38.856,38.566,38.756,160.1900005042553,390
2024-02-06,38.706,38.867,38.636,38.857,168.95120035111904,390
2024-02-07,38.996,39.157,38.766,39.126,192.0112000927329,390
2024-02-08,38.946,39.067,38.717,38.966,107.71999970823526,390
2024-02-09,38.926,39.086,38.816,39.066,134.55119960010052,390
2024-02-12,39.006,39.416,38.986,39.247,153.41999958455563,390
2024-02-13,38.787,39.017,38.416,38.736,294.4799997359514,390
2024-02-14,38.927,39.087,38.806,39.116,205.64000057429075,390
2024-02-15,39.216,39.827,39.196,39.756,209.4699997678399,390
2024-02-16,39.667,39.796,39.546,39.636,199.70119985193014,390
2024-02-20,39.367,39.647,39.257,39.497,206.38000018894672,390
2024-02-21,39.447,39.616,39.316,39.627,203.7200004607439,390
2024-02-22,39.797,40.226,39.786,40.147,199.6812008023262,390
2024-02-23,40.227,40.447,40.216,40.316,149.60119967907667,390
2024-02-26,40.246,40.517,40.026,40.097,154.74120027571917,390
2024-02-27,40.097,40.197,39.927,40.207,144.4799997806549,390
2024-02-28,40.107,40.487,40.106,40.357,135.08999975025654,390
2024-02-29,40.487,40.496,40.166,40.387,170.60000009834766,390
2024-03-01,40.246,40.406,40.146,40.287,203.85999965667725,390
2024-03-04,40.206,40.487,40.206,40.367,115.98000000417233,390
2024-03-05,40.247,40.617,40.246,40.436,201.86999979615211,390
2024-03-06,40.466,40.717,40.267,40.596,305.7399997487664,390
2024-03-07,40.756,40.816,40.396,40.547,179.91000059247017,390
2024-03-08,40.576,40.797,40.556,40.617,305.44000101834536,390
2024-03-11,40.497,40.717,40.396,40.697,176.69999953359365,390
2024-03-12,40.776,40.967,40.636,40.897,169.33000020682812,390
2024-03-13,40.927,41.156,40.916,41.127,133.58999966830015,390
2024-03-14,41.136,41.216,40.606,40.837,239.69119992107153,390
2024-03-15,40.347,40.957,40.346,40.816,243.42000026255846,390
2024-03-18,40.756,40.907,40.567,40.857,135.6300001963973,390
2024-03-19,40.897,41.076,40.866,41.057,120.70999992638826,390
2024-03-20,40.997,41.577,40.946,41.566,243.85000002384186,390
2024-03-21,41.646,41.986,41.606,41.947,156.5400002449751,390
2024-03-22,41.477,41.987,41.386,41.447,111.92000012844801,390
2024-03-25,41.386,41.437,41.256,41.297,109.95999988168478,390
2024-03-26,41.396,41.517,41.266,41.386,105.48119983822107,390
2024-03-27,41.597,41.886,41.486,41.887,129.54000010341406,390
2024-03-28,41.957,42.206,41.726,42.157,132.02999987453222,390
2024-04-01,42.126,42.167,41.806,41.877,135.98089971393347,390
2024-04-02,41.737,41.797,41.597,41.687,172.2632997483015,390
2024-04-03,41.667,41.936,41.527,41.667,153.40000000596046,390
2024-04-04,41.966,42.057,41.126,41.187,288.65999951958656,390
2024-04-05,41.266,41.656,41.196,41.576,290.8712009191513,390
2024-04-08,41.616,41.807,41.556,41.737,159.0112001746893,390
2024-04-09,41.746,41.847,41.166,41.517,226.75999982655048,390
2024-04-10,41.087,41.257,40.757,40.946,542.2700000926852,390
2024-04-11,40.817,40.906,40.346,40.677,310.67240089923143,390
2024-04-12,40.147,40.476,39.896,40.066,393.32999937981367,390
2024-04-15,40.546,40.726,39.736,39.877,447.899999730289,390
2024-04-16,39.887,39.947,39.526,39.607,694.929999127984,390
2024-04-17,39.777,39.917,39.526,39.737,525.369997240603,390
2024-04-18,39.737,40.167,39.726,39.857,467.94999834895134,390
2024-04-19,39.876,40.427,39.876,40.397,517.9199997037649,390
2024-04-22,40.587,41.087,40.426,40.877,232.87999966740608,390
2024-04-23,41.016,41.207,40.936,41.166,229.2811992391944,390
2024-04-24,41.026,41.157,40.907,41.116,288.84119951725006,390
2024-04-25,40.917,41.017,40.517,40.917,305.9748002141714,390
2024-04-26,40.776,41.026,40.716,40.837,205.16999983787537,390
2024-04-29,40.807,40.977,40.606,40.747,136.58999975770712,390
2024-04-30,40.647,40.737,40.356,40.387,209.39999965578318,390
2024-05-01,40.327,40.817,40.276,40.377,598.6511971354485,390
2024-05-02,40.617,40.656,40.166,40.457,285.6400007084012,390
2024-05-03,40.666,40.747,40.346,40.577,309.0768994688988,390
2024-05-06,40.837,41.057,40.766,41.057,90.26999966800213,390
2024-05-07,41.207,41.277,41.096,41.207,104.10999991744757,390
2024-05-08,41.156,41.417,41.046,41.377,101.01999977976084,390
2024-05-09,41.287,41.657,41.246,41.657,85.65119977295399,390
2024-05-10,41.816,41.887,41.766,41.867,76.81999967992306,390
2024-05-13,41.946,41.997,41.656,41.677,74.7999997138977,390
2024-05-14,41.776,41.887,41.656,41.887,110.89119955897331,390
2024-05-15,41.847,42.207,41.847,42.196,105.62999963015318,390
2024-05-16,42.226,42.367,42.157,42.217,115.44120016694069,390
2024-05-17,42.266,42.437,42.196,42.437,71.6126000508666,390
2024-05-20,42.376,42.416,41.886,41.927,91.30999974161386,390
2024-05-21,41.967,42.196,41.966,42.177,101.64999962598085,390
2024-05-22,42.076,42.256,41.846,41.947,124.40000006556511,390
2024-05-23,41.906,41.866,41.197,41.327,210.86999959498644,390
2024-05-24,41.446,41.607,41.446,41.577,110.37999995797873,390
2024-05-28,41.506,41.477,41.017,41.146,138.26780025660992,390
2024-05-29,40.807,40.937,40.686,40.797,129.1013994142413,390
2024-05-30,40.847,41.107,40.756,41.057,167.59349966794252,390
2024-05-31,41.107,41.646,40.996,41.667,159.1420001387596,390
2024-06-03,41.626,41.616,41.006,41.387,261.404199950397,390
2024-06-04,41.157,41.477,40.996,41.206,201.54199976474047,390
2024-06-05,41.307,41.327,41.016,41.297,171.0556998550892,390
2024-06-06,41.356,41.476,41.126,41.297,138.19029935449362,390
2024-06-07,41.266,41.697,41.207,41.496,173.8622000515461,390
2024-06-10,41.267,41.356,41.046,41.317,107.25210066139698,390
2024-06-11,41.106,41.007,40.646,40.806,181.49819920957088,390
2024-06-12,41.246,41.286,40.746,40.847,530.7279009368503,390
2024-06-13,40.807,40.787,40.497,40.777,156.21149932593107,390
2024-06-14,40.456,40.707,40.366,40.657,159.01450024510268,390
2024-06-17,40.517,40.997,40.476,40.987,167.3045003041625,390
2024-06-18,40.946,41.256,40.917,41.247,164.91250048577785,390
2024-06-20,41.197,41.577,41.126,41.477,191.68819967657328,390
2024-06-21,41.386,41.386,41.087,41.357,196.27959869801998,390
2024-06-24,41.287,41.817,41.226,41.606,192.56100000441074,390
2024-06-25,41.506,41.616,41.156,41.267,162.35849994421005,390
2024-06-26,41.067,41.097,40.816,41.067,153.42739993333817,390
2024-06-27,40.836,41.007,40.716,40.936,144.39389967173338,390
2024-06-28,41.056,41.347,40.927,41.097,233.1086998283863,390
2024-07-01,41.247,41.517,41.027,41.197,216.2134005203843,390
2024-07-02,41.087,41.647,41.087,41.647,108.69889996945858,390
2024-07-03,41.706,41.737,41.527,41.567,112.37100020051003,390
2024-07-05,41.596,41.526,41.296,41.517,151.44579941034317,390
2024-07-08,41.586,41.827,41.376,41.446,117.72270027548075,390
2024-07-09,41.487,42.006,41.416,41.727,129.017300888896,390
2024-07-10,41.547,41.886,41.526,41.907,121.44880047440529,390
2024-07-11,41.926,42.297,41.806,42.267,203.61690106987953,390
2024-07-12,42.196,42.546,42.076,42.357,209.53119957447052,390
2024-07-15,42.516,43.026,42.506,42.967,198.2872004136443,390
2024-07-16,43.016,43.496,42.946,43.496,194.178201071918,390
2024-07-17,43.377,43.877,43.376,43.857,231.49400133639574,390
2024-07-18,43.667,44.086,43.186,43.297,261.618600577116,390
2024-07-19,43.326,43.246,42.797,42.867,283.7529994621873,390
2024-07-22,42.976,43.157,42.746,43.137,193.67210052907467,390
2024-07-23,43.176,43.367,43.096,43.157,186.6632003635168,390
2024-07-24,43.007,43.097,42.596,42.666,247.50060038268566,390
2024-07-25,42.676,43.356,42.636,42.777,316.8089002519846,390
2024-07-26,42.967,43.516,42.946,43.427,311.23000102490187,390
2024-07-29,43.486,43.467,43.126,43.327,222.87540066242218,390
2024-07-30,43.617,43.986,43.596,43.877,270.931201197207,390
2024-07-31,43.956,44.087,43.697,43.777,397.63329887390137,390
2024-08-01,43.887,43.926,42.926,43.147,382.6757997125387,390
2024-08-02,42.616,42.757,41.796,42.107,511.0367996171117,390
2024-08-05,40.866,41.216,40.657,40.897,903.6058008521795,390
2024-08-06,41.007,41.966,40.906,41.506,522.5534005910158,390
2024-08-07,41.927,42.337,41.486,41.537,520.4332010820508,390
2024-08-08,41.427,42.247,41.427,42.237,425.739201284945,390
2024-08-09,42.197,42.486,42.026,42.397,300.0609013736248,390
2024-08-12,42.476,42.567,42.086,42.177,301.04110100120306,390
2024-08-13,42.386,42.536,42.106,42.546,227.54540037363768,390
2024-08-14,42.607,43.116,42.596,43.087,211.90250124782324,390
2024-08-15,43.497,43.666,43.307,43.467,202.11300133133773,390
2024-08-16,43.436,43.747,43.416,43.746,143.28740060329437,390
2024-08-19,43.757,44.007,43.757,43.997,123.83080112189054,390
2024-08-20,43.956,43.987,43.776,43.857,134.42540110647678,390
2024-08-21,43.937,43.976,43.556,43.797,179.0127006843686,390
2024-08-22,43.836,44.037,43.796,44.037,205.24390130490065,390
2024-08-23,44.186,44.517,44.086,44.417,348.3410007432103,390
2024-08-26,44.596,44.796,44.466,44.567,158.98720076680183,390
2024-08-27,44.656,44.807,44.576,44.797,156.46020141243935,390
2024-08-28,44.637,45.147,44.636,44.927,208.5793007388711,390
2024-08-29,45.087,45.437,44.747,45.307,287.0089010000229,390
2024-08-30,45.376,45.767,45.226,45.736,213.85650046169758,390
2024-09-03,45.507,45.846,45.176,45.407,394.87620051950216,390
2024-09-04,45.486,45.746,45.206,45.467,396.0084997266531,390
2024-09-05,45.626,45.647,44.736,44.967,338.4923999607563,390
2024-09-06,44.936,45.186,44.187,44.296,646.0032991990447,390
2024-09-09,44.707,45.186,44.646,44.916,311.09360106289387,390
2024-09-10,45.096,44.957,43.966,44.487,410.1784009411931,390
2024-09-11,44.286,44.316,43.376,44.337,539.8410011529922,390
2024-09-12,44.346,44.486,43.996,44.357,438.14200166612864,390
2024-09-13,44.487,44.666,44.406,44.527,354.8107009008527,390
2024-09-16,44.727,45.087,44.717,45.087,253.07840131223202,390
2024-09-17,45.057,45.457,45.057,45.317,356.95650049299,390
2024-09-18,45.356,45.607,45.086,45.197,838.8221031725407,390
2024-09-19,45.666,45.796,45.336,45.707,366.5023004412651,390
2024-09-20,45.566,45.597,45.326,45.567,243.881900832057,390
2024-09-23,45.476,45.647,45.356,45.456,225.08720083534718,390
2024-09-24,45.256,45.236,44.886,45.047,193.508800432086,390
2024-09-25,45.067,45.127,44.646,44.767,185.3695010393858,390
2024-09-26,44.927,45.087,44.766,45.037,326.08290116488934,390
2024-09-27,45.107,45.417,45.046,45.166,232.87280052900314,390
2024-09-30,45.046,45.316,44.826,45.327,288.8016004636884,390
2024-10-01,45.196,45.287,44.766,45.057,506.1082006394863,390
2024-10-02,45.057,45.196,44.826,45.107,266.67090152949095,390
2024-10-03,44.946,44.997,44.656,44.917,463.1105016246438,390
2024-10-04,45.297,45.677,45.146,45.667,402.33390109986067,390
2024-10-07,45.626,45.646,44.897,45.097,345.86820098757744,390
2024-10-08,45.267,45.447,45.176,45.387,260.2241018861532,390
2024-10-09,45.296,45.846,45.246,45.767,222.08420011401176,390
2024-10-10,45.827,45.817,45.436,45.627,230.11870085448027,390
2024-10-11,45.887,46.586,45.886,46.516,238.68809955567122,390
2024-10-14,46.576,46.836,46.447,46.777,246.45029935240746,390
2024-10-15,47.117,47.377,46.837,46.897,352.4541015177965,390
2024-10-16,47.056,47.486,46.977,47.457,274.26229978515767,390
2024-10-17,47.675,47.787,47.576,47.627,244.24760059360415,390
2024-10-18,47.617,47.706,47.356,47.637,149.325401233742,390
2024-10-21,47.547,47.587,47.146,47.226,175.71550038456917,390
2024-10-22,46.997,47.217,46.777,47.167,257.4467006549239,390
2024-10-23,46.967,47.197,46.876,47.097,251.67910096794367,390
2024-10-24,47.107,47.187,46.856,47.147,247.21240056306124,390
2024-10-25,47.346,47.397,46.516,46.647,294.41650139540434,390
2024-10-28,46.856,47.227,46.846,47.197,185.95780064165592,390
2024-10-29,47.066,47.186,46.877,46.907,224.0000013783574,390
2024-10-30,46.957,47.406,46.927,47.127,208.77010080963373,390
2024-10-31,47.016,47.176,46.496,46.566,307.06370055675507,390
2024-11-01,46.607,46.987,46.517,46.587,220.1881021335721,390
2024-11-04,46.587,46.617,46.016,46.256,277.7295001670718,390
2024-11-05,46.276,46.707,46.226,46.717,256.50520019978285,390
2024-11-06,49.057,49.646,48.687,49.597,571.5796999186277,390
2024-11-07,49.396,49.336,48.657,48.807,344.4658031016588,390
2024-11-08,49.057,49.446,48.846,49.196,196.15840078145266,390
2024-11-11,49.677,50.117,49.666,49.886,223.78939903527498,390
2024-11-12,49.877,49.926,49.576,49.747,210.87440114468336,390
2024-11-13,49.816,50.107,49.676,49.767,262.388799311826,390
2024-11-14,49.875,49.977,49.537,49.637,287.4880992695689,390
2024-11-15,49.606,49.967,49.577,49.907,426.1725001260638,390
2024-11-18,49.907,50.096,49.697,50.007,219.32199923694134,390
2024-11-19,49.546,49.866,49.417,49.677,315.003599435091,390
2024-11-20,49.886,49.877,49.286,49.537,340.2545998841524,390
2024-11-21,49.787,50.387,49.647,50.186,436.33990037441254,390
2024-11-22,50.086,50.747,50.086,50.767,292.01370061188936,390
2024-11-25,50.956,51.226,50.857,51.047,305.61950089782476,390
2024-11-26,51.037,51.227,50.756,51.167,272.7324998602271,390
2024-11-27,51.226,51.597,51.196,51.256,188.32640017569065,390
2024-11-29,51.446,51.556,51.246,51.327,139.57019950449467,390
2024-12-02,51.417,51.446,50.696,50.856,281.41609950363636,390
2024-12-03,51.087,51.027,50.446,50.457,178.7180999815464,390
2024-12-04,50.387,50.396,50.077,50.267,208.26060020178556,390
2024-12-05,50.336,50.657,50.296,50.397,197.04349983483553,390
2024-12-06,50.407,50.557,50.257,50.437,226.54150021076202,390
2024-12-09,50.417,50.427,49.686,49.727,223.96979947388172,390
2024-12-10,49.726,49.926,49.376,49.687,347.2046991735697,390
2024-12-11,49.837,49.906,49.576,49.787,257.9023992270231,390
2024-12-12,49.887,49.947,49.576,49.616,241.39429999887943,390
2024-12-13,49.767,49.766,49.426,49.477,198.95679941028357,390
2024-12-16,49.526,49.616,49.346,49.477,199.71429949998856,390
2024-12-17,49.237,49.197,48.926,49.127,259.02959955483675,390
2024-12-18,49.126,49.286,47.596,47.687,578.8637996464968,390
2024-12-19,48.097,48.476,47.786,47.827,603.3055984899402,390
2024-12-20,47.647,48.866,47.596,48.517,676.7603007033467,390
2024-12-23,48.026,48.437,47.866,48.407,441.9920005425811,390
2024-12-24,48.517,48.967,48.416,48.966,181.1128995269537,390
2024-12-26,48.747,49.107,48.737,49.117,287.08599841594696,390
2024-12-27,48.796,49.157,48.486,48.747,510.6625993400812,390
2024-12-30,48.186,48.487,47.856,48.306,583.626099921763,390
2024-12-31,48.386,48.547,48.156,48.267,545.5450998172164,390
