2017.11.02,00:00,109.918000,110.078000,109.638000,110.048000,22.706419
2017.11.03,00:00,109.548000,110.617000,109.547000,110.198000,32.920236
2017.11.06,00:00,109.798000,109.917000,109.178000,109.308000,44.523901
2017.11.07,00:00,109.090000,110.548000,109.090000,110.468000,38.161026
2017.11.08,00:00,110.378000,112.027000,109.917000,111.997000,40.705903
2017.11.09,00:00,111.308000,112.398000,111.007000,111.558000,53.353537
2017.11.10,00:00,111.198000,112.958000,111.197000,112.818000,50.439304
2017.11.13,00:00,112.587000,114.168000,112.498000,114.108000,43.283415
2017.11.14,00:00,113.588000,116.117000,113.588000,115.847000,55.988534
2017.11.15,00:00,115.437000,115.868000,115.028000,115.158000,49.924060
2017.11.16,00:00,114.987000,115.818000,114.917000,115.248000,45.624922
2017.11.17,00:00,114.438000,115.098000,114.227000,114.758000,35.405749
2017.11.20,00:00,114.247000,115.748000,114.247000,114.928000,39.347458
2017.11.21,00:00,114.997000,116.307000,114.987000,116.168000,40.471235
2017.11.22,00:00,115.567000,115.748000,114.267000,115.158000,45.310974
2017.11.24,00:00,114.818000,116.217000,114.818000,115.898000,16.298885
2017.11.27,00:00,115.508000,116.378000,115.508000,115.998000,36.643056
2017.11.28,00:00,115.807000,116.818000,115.278000,116.818000,54.366443
2017.11.29,00:00,115.747000,117.348000,115.747000,116.920000,65.866668
2017.11.30,00:00,115.838000,117.188000,115.507000,116.847000,63.286016
2017.12.01,00:00,115.528000,116.838000,115.098000,116.838000,72.214635
2017.12.04,00:00,116.977000,118.187000,116.547000,117.498000,53.714529
2017.12.05,00:00,116.877000,117.918000,116.877000,117.668000,53.282986
2017.12.06,00:00,116.997000,118.898000,116.997000,118.898000,48.983589
2017.12.07,00:00,117.208000,118.598000,116.538000,116.707000,46.755043
2017.12.08,00:00,116.258000,116.558000,115.897000,116.558000,44.921903
2017.12.11,00:00,116.018000,117.398000,115.557000,117.398000,40.310083
2017.12.12,00:00,117.278000,118.318000,117.107000,117.417000,50.434269
2017.12.13,00:00,117.137000,118.178000,117.038000,118.110000,60.567492
2017.12.14,00:00,116.928000,118.547000,116.928000,118.208000,60.007831
2017.12.15,00:00,117.597000,119.338000,117.597000,119.208000,46.901904
2017.12.18,00:00,119.008000,119.677000,117.998000,118.177000,40.082509
2017.12.19,00:00,117.908000,119.358000,117.497000,118.818000,50.102034
2017.12.20,00:00,118.657000,119.088000,117.557000,119.088000,2.132166
2017.12.21,00:00,118.747000,119.368000,118.068000,118.278000,2.030037
2017.12.22,00:00,118.277000,118.698000,118.197000,118.657000,1.622342
2017.12.26,00:00,118.397000,119.208000,118.347000,118.888000,1.748276
2017.12.27,00:00,118.868000,119.308000,118.797000,119.308000,1.373977
2017.12.28,00:00,119.358000,119.467000,119.037000,119.448000,2.079293
2017.12.29,00:00,119.467000,120.518000,119.398000,119.988000,1.457665
2018.01.02,00:00,119.978000,119.978000,117.947000,118.058000,3.864602
2018.01.03,00:00,117.368000,118.407000,117.368000,117.748000,3.673048
2018.01.04,00:00,116.578000,119.087000,116.577000,118.318000,4.048284
2018.01.05,00:00,117.568000,119.038000,117.568000,118.638000,3.205495
2018.01.08,00:00,117.998000,118.698000,117.667000,117.998000,4.182116
2018.01.09,00:00,118.148000,118.978000,117.947000,118.108000,4.261825
2018.01.10,00:00,118.227000,118.227000,116.658000,117.508000,2.724531
2018.01.11,00:00,117.458000,117.777000,116.377000,116.908000,2.748449
2018.01.12,00:00,116.878000,117.987000,116.847000,117.328000,4.060382
2018.01.16,00:00,117.058000,118.227000,117.037000,117.888000,4.074077
2018.01.17,00:00,118.328000,120.148000,117.637000,119.178000,4.365550
2018.01.18,00:00,118.087000,119.567000,118.087000,119.048000,3.137554
2018.01.19,00:00,118.807000,120.657000,118.797000,120.188000,4.340665
2018.01.22,00:00,118.308000,121.828000,118.308000,121.518000,2.992044
2018.01.23,00:00,120.867000,122.418000,120.838000,121.318000,2.693230
2018.01.24,00:00,120.998000,121.398000,120.798000,121.258000,2.567373
2018.01.25,00:00,119.198000,121.427000,119.198000,120.918000,2.598428
2018.01.26,00:00,120.607000,121.798000,120.498000,121.737000,3.097561
2018.01.29,00:00,121.308000,122.078000,119.647000,119.828000,3.317276
2018.01.30,00:00,119.778000,120.857000,119.497000,119.988000,3.592923
2018.01.31,00:00,118.997000,120.668000,118.997000,120.337000,1.993250
2018.02.01,00:00,120.177000,120.957000,119.247000,120.348000,1.928688
2018.02.02,00:00,119.967000,119.967000,118.387000,118.738000,2.322856
2018.02.05,00:00,118.568000,119.328000,114.407000,114.857000,3.428153
2018.02.06,00:00,111.687000,113.887000,110.237000,113.578000,3.767713
2018.02.07,00:00,112.187000,115.698000,112.187000,113.597000,46.212047
2018.02.08,00:00,113.658000,113.658000,110.127000,110.407000,83.371197
2018.02.09,00:00,110.498000,111.807000,108.807000,111.138000,98.132514
2018.02.12,00:00,111.558000,112.728000,111.017000,111.928000,69.012402
2018.02.13,00:00,110.998000,112.618000,110.667000,112.208000,45.138921
2018.02.14,00:00,110.658000,111.498000,108.747000,109.128000,60.129936
2018.02.15,00:00,109.527000,111.007000,108.698000,111.007000,43.011705
2018.02.16,00:00,110.998000,111.678000,109.747000,111.227000,52.656181
2018.02.20,00:00,110.348000,110.618000,109.337000,109.578000,48.810312
2018.02.21,00:00,109.097000,109.588000,107.927000,108.038000,20.094093
2018.02.22,00:00,108.357000,109.947000,107.997000,109.368000,28.003568
2018.02.23,00:00,109.398000,109.848000,108.557000,109.677000,15.457552
2018.02.26,00:00,110.087000,111.137000,109.997000,110.938000,14.892043
2018.02.27,00:00,111.017000,112.057000,110.648000,111.048000,28.079406
2018.02.28,00:00,111.027000,111.507000,109.667000,109.808000,21.154959
2018.03.01,00:00,108.975000,109.807000,107.237000,108.248000,49.270762
2018.03.02,00:00,107.597000,109.277000,107.597000,109.208000,24.517198
2018.03.05,00:00,108.347000,109.568000,108.007000,109.568000,15.488896
2018.03.06,00:00,109.198000,109.607000,108.417000,109.607000,13.616831
2018.03.07,00:00,108.527000,110.038000,108.527000,109.888000,15.493125
2018.03.08,00:00,110.017000,112.107000,109.528000,112.107000,15.222672
2018.03.09,00:00,112.217000,112.557000,111.617000,112.557000,13.460844
2018.03.12,00:00,112.488000,113.047000,112.007000,112.948000,12.671053
2018.03.13,00:00,112.997000,113.817000,112.688000,113.698000,17.837359
2018.03.14,00:00,113.297000,113.688000,112.197000,112.607000,19.269552
2018.03.15,00:00,112.248000,113.158000,111.637000,112.098000,16.687464
2018.03.16,00:00,112.047000,112.917000,111.577000,111.807000,13.750764
2018.03.19,00:00,110.747000,111.767000,110.058000,110.458000,18.147251
2018.03.20,00:00,110.748000,111.138000,109.827000,109.895000,12.652324
2018.03.21,00:00,109.218000,109.888000,108.508000,108.768000,19.886934
2018.03.22,00:00,108.398000,109.638000,107.797000,108.005000,23.107716
2018.03.23,00:00,107.998000,108.687000,105.928000,106.225000,32.075271
2018.03.26,00:00,106.677000,107.377000,106.047000,106.798000,21.426745
2018.03.27,00:00,107.098000,108.468000,106.507000,107.698000,25.189839
2018.03.28,00:00,107.997000,110.048000,107.947000,109.248000,27.493410
2018.03.29,00:00,109.588000,110.577000,108.957000,109.378000,16.881946
2018.04.02,00:00,108.498000,109.138000,106.428000,107.117000,31.091650
2018.04.03,00:00,107.178000,108.468000,106.557000,108.200000,22.460604
2018.04.04,00:00,107.048000,110.678000,107.048000,110.308000,19.449585
2018.04.05,00:00,110.428000,111.158000,109.737000,110.718000,13.399974
2018.04.06,00:00,109.558000,110.937000,108.738000,109.467000,23.514365
2018.04.09,00:00,109.397000,110.427000,108.758000,109.387000,12.144320
2018.04.10,00:00,109.577000,110.178000,108.907000,109.437000,14.711784
2018.04.11,00:00,108.827000,109.418000,108.407000,108.738000,14.431808
2018.04.12,00:00,108.777000,109.508000,108.258000,108.408000,11.250723
2018.04.13,00:00,108.478000,109.418000,108.438000,109.358000,10.145738
2018.04.16,00:00,108.158000,110.587000,108.158000,109.938000,9.410655
2018.04.17,00:00,108.747000,109.047000,107.977000,108.918000,11.601325
2018.04.18,00:00,108.878000,109.248000,106.457000,107.038000,12.545720
2018.04.19,00:00,106.678000,106.888000,105.077000,105.588000,18.192578
2018.04.20,00:00,105.008000,105.458000,102.258000,102.432000,15.872542
2018.04.23,00:00,102.208000,102.717000,101.827000,102.608000,13.573767
2018.04.24,00:00,102.598000,102.738000,100.967000,101.477000,18.856729
2018.04.25,00:00,101.197000,102.308000,100.827000,101.098000,28.146540
2018.04.26,00:00,101.960000,103.998000,101.147000,103.308000,42.084849
2018.04.27,00:00,102.167000,102.820000,101.637000,101.818000,37.686447
2018.04.30,00:00,101.697000,102.358000,100.567000,100.978000,32.491649
2018.05.01,00:00,100.398000,100.707000,98.557000,99.207000,42.655936
2018.05.02,00:00,99.138000,99.138000,97.017000,97.228000,56.863902
2018.05.03,00:00,97.437000,98.038000,96.687000,97.628000,57.109600
2018.05.04,00:00,97.497000,99.747000,97.478000,98.988000,50.542272
2018.05.07,00:00,98.937000,99.168000,98.038000,98.217000,31.756865
2018.05.08,00:00,97.888000,97.888000,96.417000,96.767000,42.403433
2018.05.09,00:00,97.117000,97.457000,95.928000,96.148000,45.668433
2018.05.10,00:00,96.248000,97.697000,96.248000,97.258000,34.672376
2018.05.11,00:00,97.318000,98.208000,96.867000,97.428000,34.449341
2018.05.14,00:00,97.488000,97.627000,96.707000,97.128000,29.739821
2018.05.15,00:00,96.588000,97.217000,96.327000,96.778000,46.899696
2018.05.16,00:00,96.538000,97.468000,96.538000,97.218000,35.632182
2018.05.17,00:00,97.337000,97.968000,97.227000,97.968000,39.268861
2018.05.18,00:00,98.028000,98.288000,97.307000,97.498000,46.323700
2018.05.21,00:00,98.088000,99.927000,98.047000,99.527000,60.127238
2018.05.22,00:00,99.868000,100.287000,99.407000,99.977000,59.751364
2018.05.23,00:00,99.888000,100.527000,99.587000,100.458000,46.433671
2018.05.24,00:00,100.197000,100.488000,99.747000,100.198000,37.135323
2018.05.25,00:00,99.458000,101.078000,99.458000,100.368000,45.138966
2018.05.29,00:00,99.988000,101.248000,99.987000,101.248000,61.081658
2018.05.30,00:00,101.488000,102.197000,101.067000,101.888000,50.121501
2018.05.31,00:00,100.807000,100.807000,99.637000,100.307000,57.874843
2018.06.01,00:00,100.337000,100.768000,99.627000,100.228000,43.621950
2018.06.04,00:00,100.708000,101.047000,100.007000,100.128000,32.899459
2018.06.05,00:00,100.228000,100.927000,99.867000,100.228000,48.970886
2018.06.06,00:00,100.167000,100.828000,99.797000,100.828000,43.622624
2018.06.07,00:00,100.277000,101.478000,100.277000,101.168000,55.918501
2018.06.08,00:00,101.147000,102.538000,101.147000,102.518000,55.293023
2018.06.11,00:00,102.587000,103.368000,102.257000,103.258000,46.754091
2018.06.12,00:00,103.168000,104.488000,102.788000,104.478000,55.877390
2018.06.13,00:00,104.208000,105.568000,104.137000,105.297000,63.338410
2018.06.14,00:00,105.238000,105.317000,104.407000,105.148000,54.242203
2018.06.15,00:00,105.037000,107.708000,104.807000,107.708000,54.253321
2018.06.18,00:00,106.887000,106.887000,104.807000,105.408000,65.811390
2018.06.19,00:00,105.007000,106.648000,105.007000,105.968000,60.513758
2018.06.20,00:00,105.688000,106.078000,105.347000,105.798000,51.413734
2018.06.21,00:00,106.508000,107.397000,106.287000,107.267000,66.271301
2018.06.22,00:00,106.678000,108.627000,106.678000,108.428000,56.948118
2018.06.25,00:00,107.997000,109.507000,107.917000,109.057000,66.202941
2018.06.26,00:00,108.997000,109.038000,107.457000,108.088000,49.350951
2018.06.27,00:00,108.288000,108.908000,107.587000,108.398000,58.629976
2018.06.28,00:00,108.427000,109.147000,108.287000,108.687000,55.779384
2018.06.29,00:00,108.698000,109.477000,107.767000,108.967000,47.428953
2018.07.02,00:00,108.287000,109.898000,108.287000,109.628000,61.587243
2018.07.03,00:00,108.498000,109.548000,108.037000,108.788000,36.107450
2018.07.05,00:00,108.807000,109.578000,108.247000,109.578000,52.988619
2018.07.06,00:00,109.438000,109.977000,108.958000,109.548000,59.125503
2018.07.09,00:00,109.077000,109.077000,107.547000,107.747000,60.744109
2018.07.10,00:00,110.498000,112.948000,109.657000,112.948000,88.099485
2018.07.11,00:00,112.737000,112.868000,112.087000,112.528000,59.870165
2018.07.12,00:00,112.507000,112.638000,110.938000,111.577000,59.590877
2018.07.13,00:00,111.587000,112.718000,111.587000,112.718000,46.830209
2018.07.16,00:00,112.487000,113.068000,111.667000,112.998000,46.464081
2018.07.17,00:00,113.447000,114.978000,113.447000,114.858000,48.629760
2018.07.18,00:00,114.877000,114.928000,113.878000,114.878000,25.264121
2018.07.19,00:00,114.688000,116.568000,114.687000,115.768000,37.328348
2018.07.20,00:00,115.258000,116.717000,115.258000,116.068000,29.939294
2018.07.23,00:00,115.497000,115.948000,113.558000,114.388000,27.813337
2018.07.24,00:00,113.498000,114.887000,113.498000,114.788000,36.387814
2018.07.25,00:00,114.838000,115.618000,114.487000,115.198000,33.041917
2018.07.26,00:00,116.088000,116.818000,114.877000,115.018000,33.351088
2018.07.27,00:00,114.737000,115.247000,114.007000,114.278000,34.980160
2018.07.30,00:00,113.737000,114.528000,113.658000,114.218000,28.629810
2018.07.31,00:00,114.688000,115.387000,114.027000,115.108000,23.301719
2018.08.01,00:00,114.137000,114.378000,113.198000,113.658000,25.156528
2018.08.02,00:00,113.397000,114.898000,113.077000,114.728000,27.485123
2018.08.03,00:00,114.598000,116.648000,114.347000,116.297000,24.196173
2018.08.06,00:00,117.237000,118.398000,116.887000,117.368000,26.159452
2018.08.07,00:00,116.058000,116.058000,113.507000,114.238000,44.967091
2018.08.08,00:00,113.607000,114.688000,113.457000,113.548000,49.785841
2018.08.09,00:00,113.588000,114.057000,113.367000,113.817000,34.718568
2018.08.10,00:00,113.537000,113.868000,112.557000,112.998000,48.138192
2018.08.13,00:00,112.867000,113.117000,111.987000,113.008000,46.527643
2018.08.14,00:00,112.237000,113.457000,112.097000,113.128000,41.473077
2018.08.15,00:00,112.778000,113.697000,112.218000,113.448000,52.377212
2018.08.16,00:00,113.188000,114.688000,113.188000,114.268000,43.849300
2018.08.17,00:00,114.138000,115.048000,114.137000,115.018000,42.446364
2018.08.20,00:00,114.777000,115.718000,114.587000,114.828000,48.042952
2018.08.21,00:00,115.038000,115.038000,113.627000,113.858000,45.292086
2018.08.22,00:00,113.637000,113.637000,111.947000,112.228000,46.712013
2018.08.23,00:00,111.987000,112.107000,111.498000,111.948000,54.283065
2018.08.24,00:00,111.848000,112.317000,111.787000,112.158000,42.925169
2018.08.27,00:00,112.207000,112.697000,111.807000,112.418000,46.160699
2018.08.28,00:00,112.228000,112.267000,110.897000,111.168000,48.789378
2018.08.29,00:00,111.247000,112.068000,111.197000,112.027000,45.170796
2018.08.30,00:00,111.858000,112.187000,111.507000,112.028000,43.708460
2018.08.31,00:00,111.828000,112.537000,111.237000,112.128000,17.757854
2018.09.04,00:00,111.977000,111.977000,110.427000,110.988000,30.970549
2018.09.05,00:00,110.687000,113.138000,110.687000,113.138000,22.705137
2018.09.06,00:00,112.118000,113.508000,111.397000,113.508000,25.727508
2018.09.07,00:00,112.487000,113.307000,111.487000,112.738000,23.541765
2018.09.10,00:00,112.908000,113.948000,112.687000,113.608000,23.891853
2018.09.11,00:00,112.988000,113.708000,112.937000,113.398000,23.483749
2018.09.12,00:00,113.108000,114.188000,113.047000,113.878000,29.914357
2018.09.13,00:00,114.508000,114.987000,113.638000,114.987000,22.013405
2018.09.14,00:00,114.797000,114.797000,113.698000,114.608000,22.127536
2018.09.17,00:00,114.558000,115.417000,114.137000,115.417000,19.619736
2018.09.18,00:00,114.932000,114.967000,113.658000,114.048000,19.220878
2018.09.19,00:00,113.887000,114.207000,113.407000,113.828000,20.028867
2018.09.20,00:00,113.977000,115.487000,113.977000,115.178000,16.863878
2018.09.21,00:00,115.008000,115.478000,114.787000,114.938000,18.156524
2018.09.24,00:00,114.108000,114.627000,112.187000,112.338000,23.220521
2018.09.25,00:00,111.988000,112.648000,111.738000,111.968000,54.746276
2018.09.26,00:00,112.168000,112.788000,111.288000,111.487000,114.714251
2018.09.27,00:00,111.378000,112.358000,110.877000,111.148000,133.208560
2018.09.28,00:00,111.038000,111.808000,110.887000,111.808000,145.169030
2018.10.01,00:00,111.488000,112.188000,110.648000,110.888000,149.540201
2018.10.02,00:00,109.457000,110.017000,107.677000,108.878000,166.040078
2018.10.03,00:00,109.197000,109.667000,107.158000,107.538000,133.640490
2018.10.04,00:00,106.597000,107.028000,105.778000,106.618000,192.674969
2018.10.05,00:00,106.257000,106.738000,105.957000,106.527000,184.157400
2018.10.08,00:00,106.297000,108.298000,106.297000,108.217000,175.826910
2018.10.09,00:00,108.488000,108.858000,107.478000,108.118000,164.001280
2018.10.10,00:00,107.547000,109.237000,107.187000,107.448000,255.813441
2018.10.11,00:00,107.727000,108.088000,104.877000,105.218000,313.828236
2018.10.12,00:00,105.262000,105.737000,104.497000,105.468000,231.912623
2018.10.15,00:00,105.157000,106.568000,105.157000,105.767000,168.364490
2018.10.16,00:00,105.517000,107.617000,105.517000,107.468000,163.917290
2018.10.17,00:00,107.252000,108.747000,107.138000,108.347000,183.284390
2018.10.18,00:00,108.468000,109.288000,107.517000,107.878000,210.628499
2018.10.19,00:00,108.507000,110.527000,108.498000,110.318000,209.759940
2018.10.22,00:00,110.018000,110.838000,109.228000,109.538000,252.151700
2018.10.23,00:00,108.908000,110.488000,108.287000,110.138000,308.765150
2018.10.24,00:00,108.978000,114.128000,108.978000,113.048000,366.947123
2018.10.25,00:00,112.038000,113.167000,111.378000,112.897000,298.356185
2018.10.26,00:00,111.477000,111.858000,109.677000,110.498000,341.963701
2018.10.29,00:00,111.277000,113.238000,111.037000,112.998000,309.502286
2018.10.30,00:00,113.248000,114.108000,112.567000,113.828000,277.975984
2018.10.31,00:00,113.558000,113.558000,111.148000,112.478000,249.623790
2018.11.01,00:00,112.158000,113.077000,110.957000,111.677000,266.116884
2018.11.02,00:00,111.497000,111.837000,109.607000,111.148000,302.023410
2018.11.05,00:00,111.167000,114.378000,111.167000,114.378000,220.346502
2018.11.06,00:00,113.467000,115.288000,113.467000,115.288000,192.524010
2018.11.07,00:00,115.428000,115.747000,114.398000,115.667000,197.637870
2018.11.08,00:00,114.337000,116.287000,114.337000,116.058000,172.272670
2018.11.09,00:00,116.087000,117.608000,115.987000,117.598000,228.716139
2018.11.12,00:00,116.987000,118.227000,116.697000,116.997000,237.910553
2018.11.13,00:00,117.117000,117.427000,116.187000,117.137000,252.170000
2018.11.14,00:00,117.307000,117.407000,116.228000,116.678000,258.087980
2018.11.15,00:00,116.208000,116.907000,115.577000,116.788000,263.652197
2018.11.16,00:00,116.398000,118.417000,116.398000,118.367000,220.965718
2018.11.19,00:00,117.788000,119.487000,117.788000,119.028000,237.798150
2018.11.20,00:00,119.868000,120.147000,115.748000,116.068000,241.305711
2018.11.21,00:00,115.198000,116.628000,114.897000,115.388000,34.663797
2018.11.23,00:00,114.988000,116.517000,114.987000,115.398000,14.031268
2018.11.26,00:00,115.398000,116.407000,114.967000,115.828000,30.556621
2018.11.27,00:00,115.307000,116.468000,114.867000,116.418000,26.646492
2018.11.28,00:00,115.958000,118.498000,115.548000,118.488000,69.361136
2018.11.29,00:00,117.697000,118.787000,117.387000,118.268000,145.963500
2018.11.30,00:00,118.067000,121.888000,118.067000,121.888000,147.684810
2018.12.03,00:00,120.487000,120.487000,117.477000,118.977000,208.467820
2018.12.04,00:00,119.437000,120.568000,117.488000,117.757000,251.865650
2018.12.06,00:00,116.238000,116.787000,114.077000,116.787000,258.786410
2018.12.07,00:00,116.337000,116.888000,115.347000,115.987000,226.642500
2018.12.10,00:00,115.988000,116.537000,114.397000,116.358000,213.161056
2018.12.11,00:00,116.888000,118.117000,116.567000,117.287000,223.790400
2018.12.12,00:00,118.288000,118.288000,116.377000,117.068000,200.282650
2018.12.13,00:00,117.097000,118.817000,117.087000,118.458000,233.974403
2018.12.14,00:00,117.278000,117.278000,113.647000,114.068000,225.833998
2018.12.17,00:00,113.447000,114.968000,112.178000,113.087000,232.761519
2018.12.18,00:00,112.988000,113.287000,110.698000,111.927000,233.362873
2018.12.19,00:00,112.038000,112.798000,109.608000,110.228000,405.039228
2018.12.20,00:00,109.358000,111.798000,109.168000,110.227000,370.454222
2018.12.21,00:00,110.468000,114.097000,109.128000,109.678000,361.291156
2018.12.24,00:00,110.077000,110.817000,105.937000,105.987000,189.362900
2018.12.26,00:00,105.987000,108.318000,104.997000,108.318000,294.590800
2018.12.27,00:00,107.587000,109.418000,105.997000,109.418000,385.275768
2018.12.28,00:00,110.047000,111.028000,109.167000,110.427000,406.119188
2018.12.31,00:00,110.568000,110.748000,109.287000,110.427000,322.099200
2019.01.02,00:00,108.978000,109.738000,108.197000,109.317000,343.724097
2019.01.03,00:00,108.108000,110.027000,108.037000,108.457000,380.587764
2019.01.04,00:00,109.538000,110.568000,108.217000,110.568000,383.055690
2019.01.07,00:00,109.497000,110.348000,108.607000,109.578000,272.993400
2019.01.08,00:00,109.248000,110.698000,109.247000,110.568000,284.637916
2019.01.09,00:00,109.617000,109.777000,107.467000,107.648000,331.911410
2019.01.10,00:00,107.387000,108.258000,107.268000,108.128000,135.840024
2019.01.11,00:00,107.287000,108.288000,107.287000,108.228000,70.131840
2019.01.14,00:00,107.628000,107.868000,106.937000,107.428000,83.359918
2019.01.15,00:00,107.028000,109.027000,106.717000,108.978000,87.644381
2019.01.16,00:00,108.767000,108.978000,107.687000,108.428000,84.215969
2019.01.17,00:00,107.947000,109.398000,107.947000,109.207000,100.416864
2019.01.18,00:00,109.805000,110.258000,109.157000,110.088000,91.101656
2019.01.22,00:00,109.867000,110.208000,108.757000,110.008000,99.124820
2019.01.23,00:00,109.648000,110.758000,109.487000,110.758000,105.571567
2019.01.24,00:00,110.237000,110.237000,108.397000,109.537000,112.748241
2019.01.25,00:00,109.883000,110.508000,109.017000,109.372000,156.188468
2019.01.28,00:00,109.357000,109.508000,107.987000,108.808000,113.522880
2019.01.29,00:00,108.598000,109.567000,108.497000,109.048000,102.314200
2019.01.30,00:00,108.937000,111.188000,108.637000,110.878000,111.162521
2019.01.31,00:00,110.487000,112.878000,110.167000,112.878000,113.869030
2019.02.01,00:00,112.757000,113.227000,111.437000,112.210000,120.574171
2019.02.04,00:00,112.178000,113.348000,111.837000,113.088000,79.684943
2019.02.05,00:00,113.037000,113.508000,112.467000,112.918000,83.365484
2019.02.06,00:00,112.477000,113.228000,112.277000,113.078000,84.617068
2019.02.07,00:00,112.808000,113.127000,112.148000,113.080000,118.531011
2019.02.08,00:00,112.748000,113.008000,111.911000,113.008000,99.253818
2019.02.11,00:00,113.098000,113.540000,112.627000,113.068000,101.505405
2019.02.12,00:00,113.208000,114.478000,112.197000,113.790000,110.033575
2019.02.13,00:00,113.988000,114.658000,113.617000,114.138000,90.309204
2019.02.14,00:00,112.967000,112.967000,111.867000,112.620000,143.967375
2019.02.15,00:00,115.837000,116.258000,114.087000,115.951000,124.246905
2019.02.19,00:00,116.787000,116.787000,115.098000,115.928000,128.563856
2019.02.20,00:00,115.737000,116.597000,115.387000,115.828000,125.711948
2019.02.21,00:00,115.487000,116.859000,115.467000,116.108000,134.295282
2019.02.22,00:00,116.088000,116.748000,115.567000,116.748000,109.847163
2019.02.25,00:00,117.157000,117.157000,115.687000,116.128000,69.353436
2019.02.26,00:00,116.358000,116.358000,115.418000,116.078000,77.922059
2019.02.27,00:00,115.508000,115.637000,114.397000,115.378000,87.987836
2019.02.28,00:00,114.737000,116.198000,114.177000,115.748000,95.572822
2019.03.01,00:00,115.698000,116.318000,115.217000,116.217000,86.668677
2019.03.04,00:00,116.632000,116.747000,115.487000,116.218000,113.971885
2019.03.05,00:00,115.737000,116.758000,115.647000,116.168000,86.358963
2019.03.06,00:00,115.767000,116.768000,115.657000,116.768000,104.250745
2019.03.07,00:00,115.957000,117.247000,115.687000,116.127000,104.392784
2019.03.08,00:00,115.647000,116.048000,114.247000,115.268000,118.253346
2019.03.11,00:00,115.208000,116.688000,115.208000,116.642000,44.922584
2019.03.12,00:00,116.697000,117.117000,115.987000,116.597000,92.447790
2019.03.13,00:00,116.388000,117.528000,116.388000,116.650000,96.430761
2019.03.14,00:00,116.788000,116.908000,115.457000,115.558000,98.341610
2019.03.15,00:00,115.738000,116.458000,115.357000,115.738000,105.870510
2019.03.18,00:00,116.147000,117.347000,116.037000,117.257000,99.366768
2019.03.19,00:00,117.347000,118.707000,117.227000,118.100000,109.196307
2019.03.20,00:00,118.077000,119.430000,117.327000,118.438000,121.614678
2019.03.21,00:00,117.987000,119.628000,117.987000,119.438000,110.377841
2019.03.22,00:00,119.447000,121.230000,119.428000,120.732000,155.574892
2019.03.25,00:00,120.218000,121.268000,120.058000,120.928000,125.478117
2019.03.26,00:00,121.367000,122.130000,121.247000,122.028000,118.712152
2019.03.27,00:00,122.278000,123.107000,121.167000,121.898000,135.108752
2019.03.28,00:00,121.807000,122.387000,121.567000,121.918000,102.552033
2019.03.29,00:00,122.238000,122.677000,121.237000,122.677000,102.589568
2019.04.01,00:00,122.507000,122.808000,121.568000,121.988000,73.431864
2019.04.02,00:00,121.887000,122.127000,121.547000,121.688000,68.765855
2019.04.03,00:00,121.548000,122.188000,120.697000,121.578000,64.970401
2019.04.04,00:00,121.367000,122.078000,121.147000,121.488000,58.206803
2019.04.05,00:00,120.548000,121.647000,120.548000,121.647000,62.590925
2019.04.08,00:00,121.657000,122.018000,121.157000,122.018000,59.641355
2019.04.09,00:00,121.538000,122.168000,120.847000,122.168000,65.707325
2019.04.10,00:00,121.338000,122.598000,121.338000,122.038000,60.439725
2019.04.11,00:00,122.368000,122.657000,121.157000,121.698000,66.940708
2019.04.12,00:00,121.187000,122.228000,121.137000,122.228000,71.881360
2019.04.15,00:00,122.228000,123.978000,122.228000,123.648000,56.448030
2019.04.16,00:00,123.438000,123.658000,121.877000,122.378000,64.119659
2019.04.17,00:00,124.778000,127.077000,123.827000,127.077000,68.082847
2019.04.18,00:00,127.587000,128.187000,126.688000,127.158000,67.529729
2019.04.22,00:00,126.707000,127.218000,125.858000,126.418000,50.144679
2019.04.23,00:00,126.658000,127.498000,126.097000,127.087000,66.228639
2019.04.24,00:00,126.988000,127.917000,126.657000,126.988000,59.403777
2019.04.25,00:00,125.508000,126.328000,125.168000,126.268000,62.130423
2019.04.26,00:00,126.427000,127.208000,126.097000,126.408000,46.936581
2019.04.29,00:00,126.018000,126.938000,125.987000,126.738000,38.949046
2019.04.30,00:00,126.678000,128.328000,126.297000,128.158000,46.149874
2019.05.01,00:00,127.118000,127.947000,127.007000,127.298000,54.854591
2019.05.02,00:00,126.418000,127.398000,126.147000,126.828000,68.562701
2019.05.03,00:00,127.087000,128.128000,126.868000,127.718000,49.027058
2019.05.06,00:00,127.157000,127.468000,126.738000,127.291000,59.007349
2019.05.07,00:00,126.087000,126.802000,125.167000,125.968000,105.275586
2019.05.08,00:00,125.788000,126.698000,124.938000,126.148000,60.280974
2019.05.09,00:00,125.738000,126.478000,124.837000,126.098000,89.088265
2019.05.10,00:00,126.087000,128.148000,125.597000,128.028000,93.338762
2019.05.13,00:00,126.997000,127.597000,126.618000,127.288000,92.663906
2019.05.14,00:00,127.092000,128.488000,125.998000,127.488000,67.851188
2019.05.15,00:00,126.878000,129.828000,126.878000,129.328000,59.214958
2019.05.16,00:00,129.338000,130.708000,128.697000,130.328000,56.731301
2019.05.17,00:00,129.907000,130.818000,129.617000,130.548000,76.269956
2019.05.20,00:00,129.498000,130.368000,129.498000,130.028000,68.579906
2019.05.21,00:00,129.788000,130.087000,128.837000,129.048000,51.139328
2019.05.22,00:00,129.037000,130.618000,128.908000,130.118000,48.831479
2019.05.23,00:00,129.488000,130.867000,129.488000,129.988000,71.614064
2019.05.24,00:00,130.350000,130.350000,128.937000,129.467000,48.645952
2019.05.28,00:00,129.368000,129.828000,127.337000,127.818000,65.726707
2019.05.29,00:00,127.298000,128.268000,126.807000,128.248000,88.164155
2019.05.30,00:00,128.178000,128.798000,127.747000,128.608000,65.714442
2019.05.31,00:00,128.032000,128.298000,126.947000,128.118000,60.321897
2019.06.03,00:00,128.128000,129.108000,127.837000,129.077000,87.713923
2019.06.04,00:00,128.998000,129.738000,128.007000,129.138000,63.611352
2019.06.05,00:00,129.167000,131.558000,128.867000,131.378000,66.854628
2019.06.06,00:00,131.042000,132.248000,130.007000,132.038000,54.166426
2019.06.07,00:00,132.817000,134.668000,132.547000,133.538000,58.651707
2019.06.10,00:00,133.048000,133.648000,132.237000,133.648000,49.918726
2019.06.11,00:00,133.687000,134.148000,132.667000,133.208000,58.454739
2019.06.12,00:00,133.108000,134.378000,132.647000,133.128000,50.211424
2019.06.13,00:00,132.358000,133.648000,131.827000,132.988000,47.072738
2019.06.14,00:00,133.048000,133.478000,132.528000,132.728000,57.064142
2019.06.17,00:00,132.698000,132.927000,131.867000,132.498000,41.156661
2019.06.18,00:00,132.948000,133.708000,131.847000,132.097000,64.239020
2019.06.19,00:00,132.047000,133.248000,131.287000,132.887000,61.006616
2019.06.20,00:00,133.857000,134.427000,133.247000,134.298000,72.196017
2019.06.21,00:00,133.058000,134.448000,133.057000,134.017000,68.649132
2019.06.24,00:00,134.747000,134.837000,133.918000,134.168000,71.775858
2019.06.25,00:00,133.998000,134.328000,133.528000,133.908000,72.676237
2019.06.26,00:00,132.987000,133.728000,132.288000,132.368000,77.494597
2019.06.27,00:00,131.258000,132.298000,131.258000,131.878000,64.583320
2019.06.28,00:00,132.277000,132.277000,130.738000,131.088000,62.269154
2019.07.01,00:00,131.818000,132.267000,131.048000,131.848000,68.086363
2019.07.02,00:00,132.058000,132.588000,131.328000,132.418000,55.325657
2019.07.03,00:00,131.588000,134.017000,131.588000,133.728000,36.799186
2019.07.05,00:00,132.908000,133.158000,131.548000,133.018000,51.297056
2019.07.08,00:00,132.987000,133.358000,132.018000,132.628000,53.418839
2019.07.09,00:00,132.928000,133.218000,130.697000,131.817000,63.725056
2019.07.10,00:00,132.243000,134.388000,131.857000,134.388000,65.238030
2019.07.11,00:00,133.488000,134.708000,133.318000,134.338000,51.810926
2019.07.12,00:00,134.037000,134.378000,132.617000,133.338000,49.667870
2019.07.15,00:00,133.388000,134.138000,132.538000,134.138000,45.859126
2019.07.16,00:00,134.058000,135.037000,133.017000,133.808000,63.555858
2019.07.17,00:00,133.128000,134.128000,132.527000,132.808000,47.868548
2019.07.18,00:00,131.988000,133.158000,131.498000,132.858000,54.239851
2019.07.19,00:00,132.588000,133.088000,129.997000,130.138000,55.689431
2019.07.22,00:00,130.288000,130.628000,129.607000,130.268000,42.156743
2019.07.23,00:00,130.487000,131.677000,130.297000,130.728000,58.026178
2019.07.24,00:00,130.488000,130.728000,128.607000,129.208000,58.213576
2019.07.25,00:00,128.038000,129.437000,128.038000,128.988000,61.258698
2019.07.26,00:00,128.768000,131.308000,128.768000,131.258000,71.411113
2019.07.29,00:00,131.618000,132.048000,130.887000,131.550000,63.036102
2019.07.30,00:00,131.347000,132.018000,130.217000,130.477000,76.808784
2019.07.31,00:00,130.097000,130.328000,126.228000,128.008000,73.748525
2019.08.01,00:00,127.787000,129.367000,126.858000,127.208000,103.262208
2019.08.02,00:00,126.977000,128.557000,126.728000,127.928000,102.141907
2019.08.05,00:00,128.328000,128.918000,123.818000,124.658000,112.054995
2019.08.06,00:00,124.818000,126.952000,124.287000,126.548000,109.221266
2019.08.07,00:00,126.238000,128.268000,124.588000,127.928000,115.111031
2019.08.08,00:00,127.768000,129.698000,127.028000,129.467000,78.057965
2019.08.09,00:00,129.321000,129.688000,127.297000,128.620000,93.204363
2019.08.12,00:00,128.086000,129.078000,127.827000,128.417000,72.424965
2019.08.13,00:00,127.508000,130.329000,127.507000,129.930000,96.487955
2019.08.14,00:00,129.088000,130.441000,128.787000,129.308000,127.388467
2019.08.15,00:00,129.638000,131.153000,129.338000,130.828000,119.425697
2019.08.16,00:00,131.027000,132.227000,129.987000,131.928000,60.135859
2019.08.19,00:00,132.058000,132.817000,131.908000,132.658000,63.334923
2019.08.20,00:00,131.518000,132.958000,131.517000,132.128000,78.554716
2019.08.21,00:00,132.898000,133.508000,131.597000,132.338000,4.619806
2019.08.22,00:00,131.738000,132.898000,131.298000,132.748000,5.713821
2019.08.23,00:00,131.318000,133.288000,129.538000,130.458000,57.214312
2019.08.26,00:00,130.788000,133.728000,130.558000,133.728000,6.992270
2019.08.27,00:00,133.587000,135.248000,133.587000,135.018000,7.765358
2019.08.28,00:00,134.388000,135.308000,134.267000,135.208000,6.449422
2019.08.29,00:00,135.678000,136.389000,134.517000,136.098000,140.573754
2019.08.30,00:00,135.897000,137.007000,135.737000,136.878000,87.354000
2019.09.03,00:00,136.217000,137.617000,135.817000,137.548000,14.613750
2019.09.04,00:00,137.807000,139.158000,137.017000,139.158000,12.801750
2019.09.05,00:00,137.908000,138.518000,135.518000,135.968000,14.644750
2019.09.06,00:00,136.877000,137.378000,135.537000,137.378000,14.235250
2019.09.09,00:00,136.128000,136.487000,135.398000,136.378000,16.130750
2019.09.10,00:00,135.468000,136.337000,134.257000,135.848000,16.141250
2019.09.11,00:00,135.068000,136.348000,134.658000,136.348000,16.746500
2019.09.12,00:00,136.658000,138.087000,136.327000,137.407000,17.839750
2019.09.13,00:00,135.607000,136.868000,135.587000,136.478000,15.371750
2019.09.16,00:00,134.998000,136.288000,134.367000,134.968000,12.913250
2019.09.17,00:00,134.048000,136.288000,133.377000,135.718000,13.496000
2019.09.18,00:00,135.648000,135.778000,134.068000,135.538000,16.326750
2019.09.19,00:00,134.288000,135.808000,133.908000,135.618000,11.685250
2019.09.20,00:00,134.998000,135.678000,134.247000,134.887000,15.723750
2019.09.23,00:00,133.898000,135.708000,133.897000,135.508000,14.732000
2019.09.24,00:00,134.827000,136.398000,134.548000,135.418000,22.037750
2019.09.25,00:00,135.088000,135.588000,134.378000,135.197000,16.384250
2019.09.26,00:00,134.808000,136.277000,134.598000,135.737000,17.685250
2019.09.27,00:00,135.498000,136.078000,134.648000,135.588000,17.100250
2019.09.30,00:00,135.298000,137.688000,135.297000,137.207000,13.901750
2019.10.01,00:00,135.828000,137.738000,135.827000,137.468000,18.148500
2019.10.02,00:00,135.628000,137.337000,133.467000,134.177000,21.457250
2019.10.03,00:00,138.130000,139.688000,136.457000,138.218000,22.147250
2019.10.04,00:00,137.468000,140.398000,136.638000,140.258000,16.026750
2019.10.07,00:00,138.277000,139.578000,137.948000,138.467000,16.606000
2019.10.08,00:00,136.098000,138.407000,136.098000,137.388000,20.017500
2019.10.09,00:00,136.668000,138.118000,136.668000,137.888000,14.817750
2019.10.10,00:00,135.387000,138.197000,135.387000,137.878000,16.420500
2019.10.11,00:00,136.947000,138.618000,136.658000,137.698000,17.783250
2019.10.14,00:00,137.798000,138.268000,136.437000,137.497000,11.149000
2019.10.15,00:00,137.428000,137.787000,136.127000,136.368000,14.703250
2019.10.16,00:00,136.158000,136.428000,135.098000,136.418000,12.273000
2019.10.17,00:00,137.047000,137.597000,136.468000,136.967000,25.088250
2019.10.18,00:00,136.902000,137.217000,136.237000,136.338000,13.081750
2019.10.21,00:00,136.158000,136.708000,135.647000,136.157000,10.403750
2019.10.22,00:00,135.458000,137.297000,135.458000,136.748000,15.642500
2019.10.23,00:00,134.830000,137.468000,134.830000,137.468000,11.343250
2019.10.24,00:00,137.148000,138.038000,136.117000,137.958000,7.783250
2019.10.25,00:00,137.117000,137.598000,136.218000,136.688000,10.037500
2019.10.28,00:00,136.528000,137.457000,136.118000,136.668000,12.095250
2019.10.29,00:00,136.468000,137.088000,135.908000,136.138000,11.546000
2019.10.30,00:00,135.407000,137.258000,135.328000,136.928000,13.294750
2019.10.31,00:00,136.438000,137.498000,136.067000,137.218000,13.298500
2019.11.01,00:00,136.428000,138.147000,136.427000,136.888000,13.257750
2019.11.04,00:00,136.007000,136.998000,134.737000,135.128000,11.508750
2019.11.05,00:00,134.888000,134.888000,132.568000,134.078000,13.364500
2019.11.06,00:00,133.998000,134.758000,133.527000,134.418000,12.403750
2019.11.07,00:00,132.748000,134.378000,132.748000,133.308000,12.416000
2019.11.08,00:00,133.147000,134.068000,132.557000,133.088000,10.452500
2019.11.11,00:00,131.908000,132.947000,131.907000,132.398000,9.137500
2019.11.12,00:00,132.498000,132.527000,131.587000,132.017000,16.015250
2019.11.13,00:00,131.608000,133.528000,131.608000,133.308000,20.082500
2019.11.14,00:00,133.328000,133.848000,132.708000,133.328000,19.281500
2019.11.15,00:00,133.598000,133.847000,132.708000,133.847000,16.353250
2019.11.18,00:00,132.007000,135.628000,132.007000,134.058000,11.587250
2019.11.19,00:00,133.698000,135.038000,133.697000,134.608000,10.537750
2019.11.20,00:00,134.378000,135.138000,133.348000,133.728000,19.259750
2019.11.21,00:00,133.358000,134.068000,133.057000,133.988000,16.552750
2019.11.22,00:00,133.917000,134.237000,133.007000,134.078000,13.628500
2019.11.25,00:00,134.498000,134.748000,133.187000,133.827000,19.122000
2019.11.26,00:00,132.768000,135.838000,132.768000,135.758000,20.846500
2019.11.27,00:00,135.697000,136.497000,135.307000,135.898000,18.585000
2019.11.29,00:00,134.998000,136.308000,134.998000,134.998000,11.030250
2019.12.02,00:00,135.438000,135.978000,133.597000,135.898000,30.475000
2019.12.03,00:00,135.918000,136.228000,134.277000,135.448000,24.428750
2019.12.04,00:00,134.828000,137.297000,134.537000,137.268000,23.077500
2019.12.05,00:00,136.068000,136.468000,135.257000,136.347000,17.905500
2019.12.06,00:00,136.598000,137.668000,136.257000,137.518000,20.083500
2019.12.09,00:00,136.948000,138.008000,136.948000,137.238000,23.824750
2019.12.10,00:00,136.708000,137.208000,136.148000,136.248000,24.078250
2019.12.11,00:00,136.578000,137.498000,136.388000,137.188000,25.015000
2019.12.12,00:00,136.797000,137.728000,136.707000,137.228000,31.471250
2019.12.13,00:00,136.758000,138.218000,136.157000,138.078000,30.565000
2019.12.16,00:00,137.047000,137.368000,136.128000,137.118000,13.854000
2019.12.17,00:00,136.597000,137.387000,135.647000,136.208000,16.386500
2019.12.18,00:00,136.798000,137.188000,135.607000,135.978000,13.976250
2019.12.19,00:00,135.967000,136.648000,135.918000,136.468000,11.095250
2019.12.20,00:00,136.998000,138.078000,134.698000,137.968000,15.678500
2019.12.23,00:00,137.718000,138.087000,136.837000,137.018000,12.076250
2019.12.24,00:00,137.038000,137.158000,136.257000,136.828000,3.831000
2019.12.26,00:00,136.618000,137.298000,136.068000,136.648000,9.238750
2019.12.27,00:00,136.058000,137.548000,136.058000,137.548000,9.891500
2019.12.30,00:00,136.708000,137.788000,136.458000,136.877000,11.204750
2019.12.31,00:00,136.627000,137.117000,136.027000,136.738000,17.420000
2020.01.02,00:00,136.708000,137.078000,135.107000,135.818000,14.025500
2020.01.03,00:00,135.268000,136.677000,135.097000,135.748000,14.902500
2020.01.06,00:00,135.168000,136.297000,135.167000,136.168000,14.878250
2020.01.07,00:00,135.668000,135.748000,133.928000,134.038000,16.173250
2020.01.08,00:00,134.208000,135.337000,134.018000,134.718000,14.592500
2020.01.09,00:00,134.977000,135.317000,134.518000,134.798000,13.021750
2020.01.10,00:00,133.798000,135.308000,133.798000,134.558000,15.733250
2020.01.13,00:00,133.498000,136.578000,133.498000,136.578000,13.530750
2020.01.14,00:00,135.428000,136.918000,135.427000,136.918000,17.756500
2020.01.15,00:00,136.918000,139.228000,136.398000,139.228000,19.854250
2020.01.16,00:00,138.198000,140.047000,138.198000,139.608000,17.620750
2020.01.17,00:00,139.848000,141.298000,139.848000,141.238000,18.219000
2020.01.21,00:00,140.598000,142.107000,140.318000,141.848000,24.540500
2020.01.22,00:00,141.148000,143.528000,141.148000,143.438000,20.979750
2020.01.23,00:00,142.918000,143.798000,142.357000,143.698000,18.156250
2020.01.24,00:00,142.148000,144.057000,142.148000,142.918000,24.777000
2020.01.27,00:00,141.688000,143.317000,139.962000,142.257000,21.966500
2020.01.28,00:00,141.528000,142.818000,141.527000,142.478000,18.164000
2020.01.29,00:00,141.848000,142.408000,141.157000,141.748000,18.699750
2020.01.30,00:00,141.498000,143.938000,141.288000,143.938000,26.461750
2020.01.31,00:00,142.947000,144.508000,141.538000,142.198000,30.582750
2020.02.03,00:00,142.588000,142.888000,141.827000,142.588000,23.277250
2020.02.04,00:00,143.128000,143.978000,142.068000,143.238000,17.456500
2020.02.05,00:00,143.698000,144.467000,143.098000,144.358000,18.582000
2020.02.06,00:00,144.297000,145.218000,144.047000,144.458000,16.751750
2020.02.07,00:00,142.998000,145.668000,142.998000,145.478000,17.293500
2020.02.10,00:00,145.818000,146.377000,145.117000,145.628000,15.560750
2020.02.11,00:00,144.248000,146.337000,144.248000,146.118000,18.217500
2020.02.12,00:00,146.077000,146.387000,144.797000,146.088000,18.015000
2020.02.13,00:00,145.308000,147.048000,143.438000,146.448000,13.524000
2020.02.14,00:00,144.788000,147.018000,144.788000,147.018000,13.659250
2020.02.18,00:00,146.987000,147.038000,145.348000,145.597000,17.093750
2020.02.19,00:00,145.607000,146.448000,145.408000,145.558000,14.803000
2020.02.20,00:00,145.298000,145.448000,143.758000,145.448000,20.249750
2020.02.21,00:00,143.977000,145.908000,143.977000,145.908000,16.583000
2020.02.24,00:00,145.058000,146.858000,142.548000,142.808000,26.891500
2020.02.25,00:00,142.548000,144.327000,140.547000,141.328000,96.024750
2020.02.26,00:00,141.528000,143.708000,141.017000,142.117000,88.621250
2020.02.27,00:00,140.477000,143.088000,136.308000,136.747000,123.352000
2020.02.28,00:00,132.707000,133.297000,128.337000,132.478000,129.808250
2020.03.02,00:00,131.928000,137.638000,131.518000,137.548000,54.386750
2020.03.03,00:00,137.087000,139.398000,134.668000,135.718000,57.059000
2020.03.04,00:00,136.028000,142.668000,135.997000,142.668000,40.167000
2020.03.05,00:00,137.288000,139.647000,136.617000,138.618000,42.264500
2020.03.06,00:00,131.368000,137.777000,129.997000,137.618000,67.918750
2020.03.09,00:00,130.298000,133.278000,128.118000,130.518000,59.432250
2020.03.10,00:00,131.997000,134.418000,126.808000,134.228000,61.264750
2020.03.11,00:00,130.598000,132.477000,127.567000,130.378000,81.596750
2020.03.12,00:00,121.828000,124.938000,113.437000,115.697000,74.799000
2020.03.13,00:00,119.668000,127.438000,114.997000,127.438000,78.207500
2020.03.16,00:00,114.668000,123.598000,111.068000,113.488000,55.751750
2020.03.17,00:00,116.978000,127.678000,116.238000,127.678000,71.786750
2020.03.18,00:00,120.088000,127.658000,113.687000,127.658000,44.018750
2020.03.19,00:00,120.397000,121.768000,116.058000,117.360000,36.634500
2020.03.20,00:00,117.678000,117.678000,100.678000,104.158000,35.321500
2020.03.23,00:00,104.998000,112.408000,102.697000,105.548000,61.000000
2020.03.24,00:00,110.147000,114.268000,108.228000,114.007000,56.129000
2020.03.25,00:00,111.978000,116.207000,111.027000,112.198000,53.954250
2020.03.26,00:00,112.708000,121.278000,112.187000,120.998000,50.225250
2020.03.27,00:00,117.997000,124.288000,117.957000,120.388000,50.721750
2020.03.30,00:00,121.458000,125.638000,121.458000,125.508000,45.038000
2020.03.31,00:00,122.998000,125.668000,119.207000,120.048000,59.264000
2020.04.01,00:00,115.998000,122.198000,114.908000,118.298000,40.495000
2020.04.02,00:00,116.478000,124.858000,114.948000,124.368000,36.173500
2020.04.03,00:00,123.018000,125.168000,121.537000,124.748000,36.192250
2020.04.06,00:00,128.488000,132.058000,125.057000,131.667000,38.128750
2020.04.07,00:00,132.007000,134.938000,129.907000,130.637000,45.605250
2020.04.08,00:00,129.218000,133.158000,128.958000,132.738000,45.656250
2020.04.09,00:00,131.487000,135.047000,130.978000,133.578000,59.339500
2020.04.13,00:00,131.528000,133.037000,129.317000,130.958000,41.604250
2020.04.14,00:00,132.518000,138.618000,131.397000,138.618000,38.885500
2020.04.15,00:00,135.568000,137.418000,133.667000,135.098000,43.937250
2020.04.16,00:00,135.048000,136.087000,133.748000,135.878000,42.741250
2020.04.17,00:00,137.508000,137.848000,134.817000,137.528000,35.243500
2020.04.20,00:00,136.548000,137.308000,134.498000,134.808000,33.885250
2020.04.21,00:00,132.058000,132.798000,130.498000,131.388000,40.808750
2020.04.22,00:00,130.998000,133.277000,130.997000,132.668000,30.463000
2020.04.23,00:00,132.338000,134.118000,129.997000,130.287000,37.033250
2020.04.24,00:00,130.448000,134.738000,129.997000,134.287000,34.030000
2020.04.27,00:00,134.397000,135.118000,133.887000,134.768000,24.752250
2020.04.28,00:00,136.588000,136.888000,134.627000,136.288000,28.477500
2020.04.29,00:00,136.427000,136.427000,132.887000,133.388000,37.944250
2020.04.30,00:00,132.257000,133.097000,130.257000,132.538000,46.568750
2020.05.01,00:00,131.047000,132.137000,129.507000,130.348000,42.563000
2020.05.04,00:00,128.377000,131.318000,128.377000,131.238000,39.005500
2020.05.05,00:00,130.418000,133.308000,130.347000,131.788000,33.947750
2020.05.06,00:00,131.568000,132.058000,130.638000,130.928000,40.841750
2020.05.07,00:00,131.027000,131.597000,130.107000,131.557000,38.364000
2020.05.08,00:00,133.027000,135.078000,132.437000,134.298000,28.931250
2020.05.11,00:00,133.388000,136.128000,133.067000,134.498000,34.166250
2020.05.12,00:00,134.128000,136.298000,132.857000,133.367000,39.918250
2020.05.13,00:00,133.007000,134.277000,131.427000,133.178000,55.055000
2020.05.14,00:00,131.998000,133.528000,130.127000,133.108000,56.089500
2020.05.15,00:00,132.328000,137.507000,132.328000,136.028000,74.622500
2020.05.18,00:00,136.578000,137.608000,135.027000,135.528000,33.732500
2020.05.19,00:00,134.367000,134.367000,131.368000,131.978000,65.530500
2020.05.20,00:00,132.148000,132.148000,130.297000,131.347000,40.060000
2020.05.21,00:00,130.558000,131.378000,129.577000,130.308000,60.931750
2020.05.22,00:00,129.497000,130.597000,129.147000,130.548000,25.048250
2020.05.26,00:00,131.317000,131.638000,129.487000,129.768000,54.223750
2020.05.27,00:00,128.748000,130.778000,128.527000,130.778000,36.868250
2020.05.28,00:00,130.828000,132.698000,130.067000,132.458000,71.822000
2020.05.29,00:00,131.998000,132.048000,130.297000,132.048000,44.646250
2020.06.01,00:00,131.037000,133.908000,131.037000,133.057000,24.801500
2020.06.02,00:00,132.508000,133.628000,131.107000,132.678000,55.417500
2020.06.03,00:00,132.348000,134.267000,132.348000,132.848000,26.309500
2020.06.04,00:00,131.118000,133.388000,130.117000,130.648000,69.967500
2020.06.05,00:00,130.838000,133.418000,130.757000,132.608000,71.477250
2020.06.08,00:00,131.367000,132.417000,131.197000,132.198000,59.054000
2020.06.09,00:00,131.068000,133.118000,131.028000,133.118000,55.724000
2020.06.10,00:00,131.998000,135.068000,131.997000,134.368000,75.548000
2020.06.11,00:00,133.838000,134.597000,127.498000,127.958000,129.347250
2020.06.12,00:00,128.948000,129.868000,127.357000,129.298000,143.580750
2020.06.15,00:00,127.997000,130.917000,126.517000,130.518000,51.098000
2020.06.16,00:00,132.098000,132.787000,130.077000,131.638000,101.644250
2020.06.17,00:00,131.667000,133.008000,131.257000,131.918000,34.467500
2020.06.18,00:00,131.447000,133.098000,130.567000,132.827000,76.819500
2020.06.19,00:00,133.948000,134.778000,131.177000,131.558000,35.637250
2020.06.22,00:00,130.178000,131.697000,129.917000,131.078000,67.725000
2020.06.23,00:00,131.137000,132.638000,130.947000,131.408000,23.618500
2020.06.24,00:00,130.497000,130.927000,128.508000,129.648000,116.301750
2020.06.25,00:00,129.137000,131.598000,128.007000,131.548000,34.538750
2020.06.26,00:00,130.488000,132.188000,128.047000,129.038000,103.098500
2020.06.29,00:00,129.508000,131.358000,128.997000,131.118000,24.464750
2020.06.30,00:00,131.007000,132.708000,130.678000,132.558000,24.111500
2020.07.01,00:00,130.998000,133.477000,130.997000,132.428000,77.530500
2020.07.02,00:00,132.978000,134.028000,132.497000,132.938000,24.682250
2020.07.06,00:00,132.347000,133.877000,131.998000,133.458000,21.422000
2020.07.07,00:00,132.387000,134.607000,132.037000,133.548000,65.936500
2020.07.08,00:00,133.007000,134.658000,133.007000,134.198000,35.357250
2020.07.09,00:00,132.828000,133.868000,131.667000,132.788000,35.247000
2020.07.10,00:00,132.098000,134.608000,131.237000,134.488000,31.899250
2020.07.13,00:00,136.118000,137.998000,134.457000,134.998000,33.461500
2020.07.14,00:00,134.368000,136.858000,134.128000,135.658000,37.063750
2020.07.15,00:00,135.098000,136.068000,133.108000,133.768000,27.121250
2020.07.16,00:00,132.998000,134.327000,132.997000,133.868000,27.070500
2020.07.17,00:00,134.327000,134.998000,133.378000,134.698000,18.953500
2020.07.20,00:00,134.098000,134.358000,132.167000,133.288000,19.877500
2020.07.21,00:00,133.778000,136.318000,133.497000,134.438000,32.843750
2020.07.22,00:00,134.457000,136.048000,133.608000,136.027000,21.309750
2020.07.23,00:00,136.148000,137.237000,135.137000,137.237000,31.220250
2020.07.24,00:00,136.718000,138.547000,135.337000,136.088000,28.248500
2020.07.27,00:00,134.998000,137.728000,133.997000,137.728000,16.377500
2020.07.28,00:00,137.107000,138.518000,137.087000,137.508000,18.925250
2020.07.29,00:00,137.378000,138.928000,136.667000,137.978000,19.700750
2020.07.30,00:00,135.498000,138.158000,135.498000,137.648000,23.944000
2020.07.31,00:00,136.238000,137.668000,134.997000,137.668000,31.839250
2020.08.03,00:00,136.068000,137.298000,135.997000,136.758000,25.890750
2020.08.04,00:00,136.518000,137.538000,135.958000,137.408000,19.219500
2020.08.05,00:00,136.998000,137.947000,135.747000,136.295000,15.199500
2020.08.06,00:00,134.997000,136.207000,134.997000,135.887000,17.963250
2020.08.07,00:00,135.198000,136.728000,135.197000,136.728000,22.589000
2020.08.10,00:00,134.998000,136.757000,134.998000,136.138000,30.562000
2020.08.11,00:00,135.597000,137.248000,134.547000,135.168000,29.859750
2020.08.12,00:00,135.057000,138.658000,134.998000,137.808000,21.196750
2020.08.13,00:00,137.008000,138.588000,137.008000,138.098000,27.842000
2020.08.14,00:00,136.498000,138.128000,136.498000,137.488000,26.051000
2020.08.17,00:00,137.197000,138.808000,137.037000,137.968000,12.608000
2020.08.18,00:00,137.918000,138.428000,137.027000,138.188000,20.785500
2020.08.19,00:00,138.108000,138.728000,135.997000,136.528000,17.704750
2020.08.20,00:00,135.628000,137.108000,135.498000,136.758000,17.913500
2020.08.21,00:00,136.138000,136.628000,135.227000,136.538000,91.509000
2020.08.24,00:00,136.498000,137.618000,136.067000,137.618000,155.434000
2020.08.25,00:00,136.938000,137.888000,136.607000,137.348000,106.243750
2020.08.26,00:00,136.098000,138.608000,136.098000,138.548000,161.398250
2020.08.27,00:00,138.648000,139.838000,137.887000,138.458000,192.287750
2020.08.28,00:00,137.988000,139.938000,137.217000,139.938000,159.833750
2020.08.31,00:00,139.268000,140.917000,139.187000,140.368000,94.958000
2020.09.01,00:00,139.968000,139.968000,138.497000,139.258000,144.164250
2020.09.02,00:00,139.518000,143.797000,138.737000,143.388000,166.286750
2020.09.03,00:00,142.397000,143.817000,137.997000,139.547000,256.963500
2020.09.04,00:00,139.378000,140.138000,136.887000,139.008000,292.986250
2020.09.08,00:00,137.638000,138.187000,134.377000,135.607000,253.567999
2020.09.09,00:00,135.097000,138.388000,134.907000,137.118000,169.055250
2020.09.10,00:00,135.998000,137.508000,133.987000,134.878000,243.217750
2020.09.11,00:00,135.008000,136.327000,134.157000,135.938000,237.934750
2020.09.14,00:00,136.127000,137.437000,135.707000,136.757000,146.064000
2020.09.15,00:00,136.307000,137.118000,135.357000,135.718000,167.418750
2020.09.16,00:00,135.747000,136.528000,134.757000,135.038000,201.072749
2020.09.17,00:00,133.097000,134.437000,131.657000,133.218000,260.691750
2020.09.18,00:00,133.107000,134.707000,129.997000,131.598000,228.671000
2020.09.21,00:00,130.057000,131.288000,129.307000,131.288000,255.177250
2020.09.22,00:00,130.467000,132.857000,129.997000,132.197000,219.084251
2020.09.23,00:00,132.298000,132.667000,129.817000,130.998000,218.395500
2020.09.24,00:00,130.628000,132.267000,129.838000,131.568000,277.391750
2020.09.25,00:00,130.898000,133.787000,130.497000,133.668000,247.847500
2020.09.28,00:00,136.037000,138.538000,134.877000,138.037000,190.401000
2020.09.29,00:00,138.497000,139.447000,137.097000,137.238000,256.337500
2020.09.30,00:00,137.957000,139.107000,136.777000,138.908000,197.940000
2020.10.01,00:00,138.997000,140.838000,137.218000,140.838000,185.440250
2020.10.02,00:00,139.247000,139.758000,136.177000,138.177000,180.948000
2020.10.05,00:00,138.025000,138.038000,136.967000,137.928000,103.570500
2020.10.06,00:00,137.098000,138.658000,135.087000,135.938000,159.229250
2020.10.07,00:00,135.748000,137.467000,135.497000,137.228000,102.903000
2020.10.08,00:00,137.008000,138.028000,136.257000,137.888000,111.042000
2020.10.09,00:00,137.997000,139.197000,137.857000,138.527000,129.315250
2020.10.12,00:00,138.997000,143.337000,138.948000,142.168000,164.637250
2020.10.13,00:00,141.867000,143.928000,141.867000,143.717000,158.664249
2020.10.14,00:00,142.148000,144.078000,141.578000,142.547000,310.323250
2020.10.15,00:00,141.157000,141.838000,140.597000,141.518000,240.928500
2020.10.16,00:00,141.297000,142.738000,141.067000,141.738000,254.510500
2020.10.19,00:00,141.228000,142.397000,139.207000,139.868000,233.417000
2020.10.20,00:00,140.018000,141.108000,139.327000,139.878000,207.396750
2020.10.21,00:00,139.007000,140.418000,139.007000,139.727000,174.472250
2020.10.22,00:00,139.187000,139.998000,138.997000,139.598000,218.152000
2020.10.23,00:00,138.498000,140.437000,138.497000,139.497000,187.671500
2020.10.26,00:00,138.307000,138.898000,136.367000,138.098000,239.003250
2020.10.27,00:00,138.267000,139.758000,138.267000,139.178000,205.425250
2020.10.28,00:00,135.997000,137.488000,133.877000,134.358000,292.763499
2020.10.29,00:00,133.568000,135.568000,132.208000,134.298000,310.493999
2020.10.30,00:00,132.887000,133.707000,131.677000,133.467000,327.144000
2020.11.02,00:00,135.157000,135.968000,133.737000,135.168000,271.125750
2020.11.03,00:00,136.228000,138.587000,135.997000,137.138000,254.849750
2020.11.04,00:00,138.997000,141.427000,137.558000,137.898000,330.294750
2020.11.05,00:00,139.358000,140.167000,137.427000,138.168000,304.056249
2020.11.06,00:00,138.208000,139.668000,137.207000,138.397000,213.358500
2020.11.09,00:00,141.527000,143.447000,138.117000,138.468000,298.743750
2020.11.10,00:00,136.408000,142.377000,136.347000,141.787000,290.915250
2020.11.11,00:00,142.008000,144.227000,141.547000,143.988000,207.014250
2020.11.12,00:00,143.078000,144.678000,142.728000,143.887000,252.022500
2020.11.13,00:00,143.608000,144.837000,143.028000,144.798000,243.808000
2020.11.16,00:00,144.098000,146.067000,144.098000,145.698000,245.633500
2020.11.17,00:00,144.357000,146.048000,144.047000,145.228000,206.894000
2020.11.18,00:00,144.298000,146.528000,143.267000,143.598000,194.453250
2020.11.19,00:00,142.407000,143.657000,142.297000,143.417000,236.237499
2020.11.20,00:00,143.497000,144.578000,142.947000,143.488000,198.508250
2020.11.23,00:00,142.947000,143.618000,141.808000,143.108000,114.449250
2020.11.24,00:00,142.948000,144.168000,142.577000,144.008000,115.425750
2020.11.25,00:00,143.998000,144.788000,143.658000,144.207000,105.837500
2020.11.27,00:00,144.608000,145.128000,144.157000,144.548000,55.687500
2020.11.30,00:00,144.008000,144.568000,142.867000,144.238000,150.246500
2020.12.01,00:00,144.707000,146.597000,144.487000,146.098000,154.978500
2020.12.02,00:00,145.577000,146.797000,143.858000,144.588000,144.881000
2020.12.03,00:00,142.987000,144.907000,142.987000,144.388000,130.365000
2020.12.04,00:00,143.768000,145.938000,143.267000,145.938000,124.782500
2020.12.07,00:00,144.857000,146.497000,144.578000,145.408000,116.135500
2020.12.08,00:00,144.508000,146.048000,144.237000,145.638000,114.573500
2020.12.09,00:00,145.497000,146.037000,144.187000,145.997000,151.529000
2020.12.10,00:00,145.497000,146.058000,144.387000,144.848000,155.366750
2020.12.11,00:00,142.997000,145.047000,142.997000,144.988000,166.905750
2020.12.14,00:00,144.818000,146.457000,144.037000,144.428000,153.088750
2020.12.15,00:00,144.328000,145.138000,143.598000,144.708000,159.977500
2020.12.16,00:00,144.018000,145.388000,143.877000,144.968000,126.672500
2020.12.17,00:00,144.958000,146.177000,144.957000,145.738000,116.709250
2020.12.18,00:00,145.498000,146.947000,145.128000,146.938000,124.639500
2020.12.21,00:00,144.758000,145.637000,143.417000,145.478000,165.809750
2020.12.22,00:00,144.277000,144.957000,143.457000,144.017000,212.320750
2020.12.23,00:00,144.258000,145.478000,143.987000,144.708000,152.223250
2020.12.24,00:00,144.608000,145.068000,144.107000,145.018000,52.314500
2020.12.28,00:00,145.018000,147.558000,145.018000,146.958000,115.809250
2020.12.29,00:00,146.917000,148.678000,146.797000,147.458000,192.517000
2020.12.30,00:00,147.258000,147.948000,146.367000,147.398000,154.637000
2020.12.31,00:00,147.208000,148.427000,146.597000,148.427000,94.533500
2021.01.04,00:00,148.157000,148.157000,141.917000,144.258000,387.857999
2021.01.05,00:00,143.498000,145.148000,142.857000,144.818000,197.967000
2021.01.06,00:00,141.367000,143.548000,140.998000,142.938000,282.528500
2021.01.07,00:00,142.867000,143.008000,141.117000,142.558000,179.672750
2021.01.08,00:00,141.808000,144.308000,141.627000,144.298000,187.647750
2021.01.11,00:00,143.208000,144.068000,141.687000,142.168000,191.136750
2021.01.12,00:00,141.528000,141.837000,139.427000,141.608000,225.054250
2021.01.13,00:00,140.797000,143.218000,140.797000,142.728000,179.216500
2021.01.14,00:00,141.018000,142.198000,139.997000,141.858000,174.182000
2021.01.15,00:00,141.358000,142.458000,140.498000,141.488000,161.614000
2021.01.19,00:00,142.118000,142.527000,141.437000,142.127000,175.282250
2021.01.20,00:00,141.037000,141.698000,139.907000,141.508000,175.307500
2021.01.21,00:00,140.207000,140.207000,138.727000,139.648000,213.308000
2021.01.22,00:00,139.418000,139.517000,138.177000,138.758000,180.967000
2021.01.25,00:00,138.008000,140.277000,137.517000,140.168000,327.378750
2021.01.26,00:00,141.157000,142.028000,139.617000,141.848000,227.062250
2021.01.27,00:00,140.508000,142.117000,137.517000,138.038000,599.977000
2021.01.28,00:00,138.357000,140.737000,137.498000,139.288000,471.928000
2021.01.29,00:00,137.777000,138.417000,135.997000,136.787000,484.498500
2021.02.01,00:00,136.568000,137.908000,135.898000,137.228000,313.809750
2021.02.02,00:00,136.977000,139.477000,136.467000,138.487000,284.193500
2021.02.03,00:00,137.927000,138.918000,137.038000,138.118000,387.582500
2021.02.04,00:00,137.718000,139.717000,137.717000,139.717000,324.464749
2021.02.05,00:00,139.708000,142.067000,139.708000,141.198000,331.448750
2021.02.08,00:00,141.167000,141.637000,139.467000,140.438000,201.477750
2021.02.09,00:00,141.147000,141.147000,139.468000,139.638000,157.577000
2021.02.10,00:00,140.417000,140.428000,136.737000,137.688000,265.720999
2021.02.11,00:00,137.848000,137.848000,134.337000,135.078000,272.499251
2021.02.12,00:00,135.208000,135.388000,133.417000,134.008000,216.569000
2021.02.16,00:00,134.157000,134.748000,133.397000,134.498000,300.030501
2021.02.17,00:00,133.908000,135.028000,133.807000,134.438000,273.089001
2021.02.18,00:00,133.937000,135.647000,133.867000,135.348000,314.704500
2021.02.19,00:00,134.898000,134.898000,132.257000,132.538000,296.677501
2021.02.22,00:00,132.128000,132.557000,130.747000,132.068000,425.837000
2021.02.23,00:00,132.398000,134.258000,131.297000,132.858000,717.442500
2021.02.24,00:00,131.627000,132.248000,131.197000,132.218000,550.224501
2021.02.25,00:00,131.148000,131.937000,129.777000,130.158000,742.489499
2021.02.26,00:00,130.347000,130.347000,128.547000,129.428000,898.427997
2021.03.01,00:00,130.368000,131.918000,130.327000,130.708000,360.876500
2021.03.02,00:00,130.407000,131.998000,130.327000,131.147000,403.690001
2021.03.03,00:00,129.188000,130.398000,129.028000,129.247000,863.206002
2021.03.04,00:00,128.768000,131.688000,128.307000,128.828000,1183.704249
2021.03.05,00:00,129.417000,133.347000,128.828000,133.277000,1036.158752
2021.03.08,00:00,132.998000,134.127000,131.937000,132.237000,813.781000
2021.03.09,00:00,132.588000,133.868000,131.997000,132.348000,586.167499
2021.03.10,00:00,131.497000,134.378000,130.518000,133.578000,699.026249
2021.03.11,00:00,133.418000,134.558000,132.947000,133.298000,405.358500
2021.03.12,00:00,132.107000,133.778000,132.107000,133.067000,422.911251
2021.03.15,00:00,133.238000,133.458000,131.947000,133.198000,338.417250
2021.03.16,00:00,133.047000,134.558000,132.727000,134.048000,357.865250
2021.03.17,00:00,134.208000,134.448000,133.358000,133.568000,476.692251
2021.03.18,00:00,132.197000,133.007000,131.397000,132.627000,479.932001
2021.03.19,00:00,132.048000,134.567000,132.047000,134.527000,463.804251
2021.03.22,00:00,134.498000,138.157000,134.497000,137.828000,355.736499
2021.03.23,00:00,137.408000,140.148000,137.408000,139.578000,408.424751
2021.03.24,00:00,138.998000,140.057000,138.688000,138.918000,561.987751
2021.03.25,00:00,139.118000,140.207000,138.297000,139.808000,575.951249
2021.03.26,00:00,139.028000,142.957000,138.417000,142.957000,452.237500
2021.03.29,00:00,142.787000,144.898000,142.387000,144.848000,605.276751
2021.03.30,00:00,143.537000,144.577000,142.107000,142.548000,431.109001
2021.03.31,00:00,142.478000,143.147000,141.137000,141.598000,384.801500
2021.04.01,00:00,141.017000,142.247000,140.077000,141.428000,322.701749
2021.04.05,00:00,141.268000,144.317000,141.267000,143.248000,360.718749
2021.04.06,00:00,142.717000,144.108000,142.537000,143.788000,372.990251
2021.04.07,00:00,143.597000,144.038000,143.007000,143.468000,314.837501
2021.04.08,00:00,143.507000,144.068000,142.027000,142.558000,293.635749
2021.04.09,00:00,142.048000,143.088000,141.598000,142.628000,249.922500
2021.04.12,00:00,141.027000,143.448000,141.027000,143.077000,260.260750
2021.04.13,00:00,141.498000,143.897000,141.498000,143.078000,250.799500
2021.04.14,00:00,142.208000,142.557000,141.227000,142.187000,313.482000
2021.04.15,00:00,141.147000,143.008000,141.147000,142.278000,213.524000
2021.04.16,00:00,142.988000,144.288000,142.427000,144.198000,284.070000
2021.04.19,00:00,144.267000,145.517000,143.237000,144.727000,450.341250
2021.04.20,00:00,143.808000,146.608000,143.807000,145.778000,428.758999
2021.04.21,00:00,147.238000,147.678000,146.187000,146.957000,374.772000
2021.04.22,00:00,145.565000,146.557000,145.346000,146.077000,517.278751
2021.04.23,00:00,144.926000,146.297000,144.926000,145.867000,332.475499
2021.04.26,00:00,145.146000,145.146000,142.966000,143.407000,309.041249
2021.04.27,00:00,142.566000,143.067000,142.096000,142.997000,317.761250
2021.04.28,00:00,143.047000,143.577000,141.696000,141.797000,330.841750
2021.04.29,00:00,141.996000,144.417000,141.217000,143.955000,397.431250
2021.04.30,00:00,143.266000,144.217000,142.496000,144.217000,388.582750
2021.05.03,00:00,144.466000,146.746000,144.007000,145.877000,293.018250
2021.05.04,00:00,144.486000,146.687000,143.476000,143.907000,471.900750
2021.05.05,00:00,143.497000,144.476000,142.866000,143.867000,262.568750
2021.05.06,00:00,143.127000,145.906000,143.126000,145.537000,438.847499
2021.05.07,00:00,145.006000,145.917000,143.906000,145.657000,383.531000
2021.05.10,00:00,145.717000,147.946000,145.537000,146.826000,373.256500
2021.05.11,00:00,147.166000,147.346000,144.996000,145.767000,579.222752
2021.05.12,00:00,144.517000,145.597000,143.616000,144.297000,612.158750
2021.05.13,00:00,143.537000,147.096000,143.266000,146.507000,477.394000
2021.05.14,00:00,145.797000,147.796000,145.796000,146.756000,396.825249
2021.05.17,00:00,146.267000,147.317000,145.696000,146.187000,461.071000
2021.05.18,00:00,146.187000,146.786000,145.287000,145.607000,380.892000
2021.05.19,00:00,143.886000,145.567000,143.886000,145.466000,633.592499
2021.05.20,00:00,144.306000,147.667000,144.306000,147.227000,334.196500
2021.05.21,00:00,147.306000,148.177000,146.487000,147.137000,352.601500
2021.05.24,00:00,147.096000,148.296000,146.956000,147.837000,270.162750
2021.05.25,00:00,147.056000,148.347000,146.996000,148.347000,357.679251
2021.05.26,00:00,147.566000,148.646000,147.557000,148.297000,267.188749
2021.05.27,00:00,146.997000,148.636000,145.496000,146.707000,260.292750
2021.05.28,00:00,146.746000,148.466000,146.496000,148.037000,291.515750
2021.06.01,00:00,148.557000,148.666000,147.066000,147.617000,308.435750
2021.06.02,00:00,147.937000,148.496000,147.196000,148.256000,284.216250
2021.06.03,00:00,146.477000,147.737000,145.996000,147.737000,321.124499
2021.06.04,00:00,147.566000,148.547000,147.456000,147.867000,270.516000
2021.06.07,00:00,147.157000,148.127000,146.246000,147.757000,298.352000
2021.06.08,00:00,147.147000,147.797000,145.886000,146.387000,291.953249
2021.06.09,00:00,146.187000,147.497000,146.006000,146.156000,272.111000
2021.06.10,00:00,145.857000,147.977000,145.156000,147.697000,262.591500
2021.06.11,00:00,147.527000,147.767000,146.747000,147.697000,219.085000
2021.06.14,00:00,147.116000,148.556000,146.766000,148.556000,205.661750
2021.06.15,00:00,148.616000,149.126000,148.027000,148.617000,184.279750
2021.06.16,00:00,147.966000,149.216000,146.746000,147.107000,289.804750
2021.06.17,00:00,147.142000,148.937000,146.516000,148.567000,323.921000
2021.06.18,00:00,146.997000,147.316000,145.057000,145.717000,321.022000
2021.06.21,00:00,145.946000,146.637000,145.446000,146.606000,242.842750
2021.06.22,00:00,146.497000,147.457000,146.236000,146.786000,206.741500
2021.06.23,00:00,145.656000,145.767000,144.796000,144.877000,196.834250
2021.06.24,00:00,144.187000,145.896000,143.986000,145.697000,241.019250
2021.06.25,00:00,144.997000,146.776000,144.996000,146.457000,173.531000
2021.06.28,00:00,146.536000,147.567000,146.406000,147.057000,201.229751
2021.06.29,00:00,146.966000,147.346000,146.386000,146.967000,229.444250
2021.06.30,00:00,146.566000,148.267000,146.566000,148.267000,208.241000
2021.07.01,00:00,147.707000,149.007000,147.706000,148.207000,199.274500
2021.07.02,00:00,148.616000,149.757000,148.556000,148.867000,199.480000
2021.07.06,00:00,148.696000,149.376000,147.756000,149.187000,224.067000
2021.07.07,00:00,148.776000,150.647000,148.666000,149.776000,248.927250
2021.07.08,00:00,149.126000,150.577000,148.976000,149.916000,336.349750
2021.07.09,00:00,148.927000,150.226000,148.927000,149.457000,203.864000
2021.07.12,00:00,149.336000,149.767000,148.707000,149.576000,176.386750
2021.07.13,00:00,151.017000,153.856000,150.626000,153.057000,187.465750
2021.07.14,00:00,152.246000,155.107000,152.246000,154.557000,209.461250
2021.07.15,00:00,153.936000,155.346000,153.217000,155.247000,264.442249
2021.07.16,00:00,155.576000,156.806000,155.086000,155.887000,230.004751
2021.07.19,00:00,155.436000,157.477000,154.586000,155.787000,410.125000
2021.07.20,00:00,154.847000,157.226000,154.846000,155.957000,211.616000
2021.07.21,00:00,154.586000,156.046000,154.546000,155.247000,251.605750
2021.07.22,00:00,154.326000,155.677000,153.966000,155.257000,239.256500
2021.07.23,00:00,155.297000,157.767000,155.166000,157.277000,212.859250
2021.07.26,00:00,156.496000,157.456000,155.896000,157.137000,202.251000
2021.07.27,00:00,156.707000,158.536000,156.027000,158.027000,289.294250
2021.07.28,00:00,157.196000,157.916000,155.807000,156.597000,256.647250
2021.07.29,00:00,157.086000,157.366000,156.176000,156.846000,209.359000
2021.07.30,00:00,156.327000,157.506000,156.326000,156.957000,236.230250
2021.08.02,00:00,156.997000,156.997000,155.486000,156.326000,300.382250
2021.08.03,00:00,156.707000,157.096000,156.256000,156.717000,265.807501
2021.08.04,00:00,155.687000,156.577000,153.806000,154.077000,242.387000
2021.08.05,00:00,154.417000,155.106000,153.856000,154.327000,225.982250
2021.08.06,00:00,153.216000,154.747000,153.017000,154.317000,245.281749
2021.08.09,00:00,154.117000,154.566000,153.686000,154.357000,193.902000
2021.08.10,00:00,154.147000,155.246000,153.756000,154.487000,243.151250
2021.08.11,00:00,154.616000,155.966000,153.836000,155.006000,275.538250
2021.08.12,00:00,154.946000,155.237000,154.556000,155.136000,175.850750
2021.08.13,00:00,154.516000,156.636000,153.986000,156.517000,164.533750
2021.08.16,00:00,156.486000,158.056000,155.966000,158.017000,237.080751
2021.08.17,00:00,156.956000,158.357000,156.956000,157.877000,362.527501
2021.08.18,00:00,157.216000,158.157000,156.146000,156.306000,303.320250
2021.08.19,00:00,155.587000,159.396000,154.636000,158.917000,373.614749
2021.08.20,00:00,158.206000,159.516000,157.756000,158.377000,266.505750
2021.08.23,00:00,156.896000,158.477000,156.896000,157.866000,227.897000
2021.08.24,00:00,157.146000,157.196000,155.676000,155.867000,197.690500
2021.08.25,00:00,155.307000,155.597000,154.127000,155.237000,237.851750
2021.08.26,00:00,155.466000,155.466000,154.046000,154.717000,277.535000
2021.08.27,00:00,154.666000,155.317000,154.096000,154.987000,238.620500
2021.08.30,00:00,154.996000,156.127000,154.996000,156.036000,237.401750
2021.08.31,00:00,155.916000,156.446000,155.296000,156.396000,282.624250
2021.09.01,00:00,156.256000,158.146000,156.256000,157.906000,247.658249
2021.09.02,00:00,155.946000,157.227000,155.866000,156.957000,239.147499
2021.09.03,00:00,155.387000,157.396000,155.387000,157.097000,258.648000
2021.09.07,00:00,155.216000,156.067000,153.627000,154.657000,257.943000
2021.09.08,00:00,153.507000,156.697000,153.506000,156.697000,297.098750
2021.09.09,00:00,155.997000,156.847000,155.326000,155.736000,295.819499
2021.09.10,00:00,155.046000,156.237000,154.996000,155.516000,292.934500
2021.09.13,00:00,155.945000,157.266000,154.717000,155.837000,361.185250
2021.09.14,00:00,156.016000,156.516000,154.796000,155.156000,253.242000
2021.09.15,00:00,155.116000,156.357000,154.737000,155.997000,189.830250
2021.09.16,00:00,155.216000,156.037000,153.786000,155.547000,197.406750
2021.09.17,00:00,154.686000,155.126000,153.776000,154.297000,337.663500
2021.09.20,00:00,152.427000,154.876000,152.367000,153.757000,414.241249
2021.09.21,00:00,154.207000,156.026000,152.916000,153.716000,435.361749
2021.09.22,00:00,154.546000,155.056000,153.397000,154.007000,288.731500
2021.09.23,00:00,153.627000,154.877000,153.436000,154.137000,239.081751
2021.09.24,00:00,153.547000,154.507000,153.126000,154.217000,231.826500
2021.09.27,00:00,153.027000,154.047000,152.347000,152.756000,256.955750
2021.09.28,00:00,151.866000,152.136000,150.067000,151.117000,470.452251
2021.09.29,00:00,150.457000,153.157000,150.136000,152.315000,319.557750
2021.09.30,00:00,152.996000,153.377000,150.266000,150.717000,335.026750
2021.10.01,00:00,150.736000,151.567000,149.496000,150.897000,365.234500
2021.10.04,00:00,150.176000,151.976000,149.426000,150.246000,439.570001
2021.10.05,00:00,151.007000,152.357000,150.066000,151.026000,271.791001
2021.10.06,00:00,149.797000,155.117000,149.697000,155.107000,340.966751
2021.10.07,00:00,155.447000,157.727000,155.446000,156.457000,225.260749
2021.10.08,00:00,156.547000,156.656000,155.216000,156.077000,369.090501
2021.10.11,00:00,155.336000,157.196000,155.276000,156.287000,265.635750
2021.10.12,00:00,156.266000,157.807000,155.696000,157.046000,264.995250
2021.10.13,00:00,157.317000,158.007000,155.996000,158.007000,208.375501
2021.10.14,00:00,157.736000,159.457000,157.736000,159.356000,188.270500
2021.10.15,00:00,158.767000,159.526000,157.436000,158.817000,165.758250
2021.10.18,00:00,158.116000,158.667000,156.726000,158.097000,139.226250
2021.10.19,00:00,158.137000,160.116000,157.446000,160.116000,169.655000
2021.10.20,00:00,159.896000,161.817000,158.746000,161.237000,202.135500
2021.10.21,00:00,160.707000,161.267000,158.926000,159.146000,168.224000
2021.10.22,00:00,159.816000,160.436000,158.106000,159.987000,190.893500
2021.10.25,00:00,158.896000,159.577000,158.726000,159.196000,143.482750
2021.10.26,00:00,159.036000,161.376000,158.726000,161.257000,251.473250
2021.10.27,00:00,161.367000,161.707000,159.497000,160.702000,225.774250
2021.10.28,00:00,159.696000,161.667000,159.696000,161.667000,176.650500
2021.10.29,00:00,160.997000,162.067000,160.796000,161.627000,143.713750
2021.11.01,00:00,160.757000,161.407000,159.916000,161.277000,144.733250
2021.11.02,00:00,160.957000,162.747000,160.846000,162.747000,197.403250
2021.11.03,00:00,161.016000,164.317000,161.016000,164.297000,164.740500
2021.11.04,00:00,163.037000,164.537000,163.036000,164.267000,168.800250
2021.11.05,00:00,165.276000,166.397000,164.436000,166.116000,189.012250
2021.11.08,00:00,165.606000,165.766000,161.146000,162.427000,166.552251
2021.11.09,00:00,162.187000,163.716000,161.946000,163.497000,267.682000
2021.11.10,00:00,164.436000,164.826000,162.966000,164.186000,290.427501
2021.11.11,00:00,163.677000,163.677000,162.487000,162.666000,246.773749
2021.11.12,00:00,162.996000,163.907000,162.056000,162.687000,210.594750
2021.11.15,00:00,161.897000,163.847000,161.896000,163.847000,217.713500
2021.11.16,00:00,162.996000,164.866000,162.996000,163.317000,227.408250
2021.11.17,00:00,162.496000,163.636000,161.916000,163.307000,219.894000
2021.11.18,00:00,162.247000,163.476000,161.487000,163.357000,225.216000
2021.11.19,00:00,164.257000,164.996000,163.386000,163.857000,185.179000
2021.11.22,00:00,163.116000,166.686000,162.826000,164.157000,130.800750
2021.11.23,00:00,163.266000,165.537000,162.996000,165.286000,144.872500
2021.11.24,00:00,164.226000,164.886000,162.546000,163.746000,118.903500
2021.11.26,00:00,162.166000,163.506000,160.826000,161.517000,94.908750
2021.11.29,00:00,162.386000,164.556000,160.806000,164.267000,137.389750
2021.11.30,00:00,163.136000,163.897000,159.327000,159.977000,214.663500
2021.12.01,00:00,161.657000,163.227000,160.026000,160.547000,357.311750
2021.12.02,00:00,159.006000,161.626000,159.006000,160.607000,245.438250
2021.12.03,00:00,160.257000,164.797000,160.257000,164.797000,242.265500
2021.12.06,00:00,166.097000,167.017000,165.776000,166.396000,17.684000
2021.12.07,00:00,166.437000,166.886000,165.247000,166.177000,126.593500
2021.12.08,00:00,165.786000,166.636000,163.996000,166.537000,120.588750
2021.12.09,00:00,164.737000,166.856000,164.737000,166.427000,123.831250
2021.12.10,00:00,166.816000,169.066000,166.417000,168.977000,173.293750
2021.12.13,00:00,168.596000,171.116000,167.996000,169.847000,196.179500
2021.12.14,00:00,169.247000,170.106000,168.196000,169.387000,187.060750
2021.12.15,00:00,169.766000,171.726000,168.996000,171.687000,210.734500
2021.12.16,00:00,171.436000,173.496000,169.557000,171.947000,224.910499
2021.12.17,00:00,171.236000,172.257000,167.776000,168.346000,262.152499
2021.12.20,00:00,166.757000,169.467000,166.756000,169.467000,255.724000
2021.12.21,00:00,169.037000,169.496000,167.726000,169.037000,205.083750
2021.12.22,00:00,168.747000,169.956000,167.216000,169.956000,224.453750
2021.12.23,00:00,169.247000,170.607000,168.986000,169.767000,205.512500
2021.12.27,00:00,169.497000,171.537000,168.997000,171.467000,231.894000
2021.12.28,00:00,170.386000,172.736000,170.386000,172.377000,200.545000
2021.12.29,00:00,171.626000,173.437000,171.626000,173.107000,199.879501
2021.12.30,00:00,173.496000,173.496000,172.166000,172.727000,149.265500
2022.01.03,00:00,171.216000,173.076000,170.516000,172.937000,259.466750
2022.01.04,00:00,172.657000,174.397000,171.606000,173.387000,248.303250
2022.01.05,00:00,172.996000,175.256000,172.996000,173.967000,338.851250
2022.01.06,00:00,172.476000,175.507000,172.476000,173.985000,300.366000
2022.01.07,00:00,172.816000,174.637000,172.556000,174.117000,367.929499
2022.01.10,00:00,173.316000,175.776000,172.986000,174.277000,274.178500
2022.01.11,00:00,173.326000,174.146000,171.427000,174.127000,216.026750
2022.01.12,00:00,173.517000,174.306000,172.457000,173.887000,248.274250
2022.01.13,00:00,172.446000,174.657000,172.446000,174.156000,265.528000
2022.01.14,00:00,173.897000,175.917000,173.316000,175.767000,291.222250
2022.01.18,00:00,173.896000,174.666000,173.096000,174.047000,315.423500
2022.01.19,00:00,172.936000,175.897000,172.897000,175.447000,293.651250
2022.01.20,00:00,174.996000,176.787000,173.756000,174.067000,318.803001
2022.01.21,00:00,174.157000,177.126000,174.076000,174.667000,498.749000
2022.01.24,00:00,174.887000,176.177000,168.906000,173.577000,403.060500
2022.01.25,00:00,170.597000,172.237000,169.736000,171.357000,573.219599
2022.01.26,00:00,168.186000,171.657000,166.387000,169.647000,434.893800
2022.01.27,00:00,170.387000,173.196000,168.756000,169.516000,467.795101
2022.01.28,00:00,167.997000,172.566000,167.176000,172.566000,388.092600
2022.01.31,00:00,170.007000,173.727000,170.006000,173.617000,358.083900
2022.02.01,00:00,171.846000,173.307000,169.496000,172.477000,245.533801
2022.02.02,00:00,172.226000,175.566000,172.216000,175.487000,412.098900
2022.02.03,00:00,175.006000,176.536000,173.787000,175.547000,336.781500
2022.02.04,00:00,171.546000,174.816000,171.136000,172.706000,288.678900
2022.02.07,00:00,172.716000,172.716000,171.176000,171.856000,373.811999
2022.02.08,00:00,172.047000,172.427000,170.276000,172.085000,362.302200
2022.02.09,00:00,172.407000,172.607000,170.996000,171.926000,325.469100
2022.02.10,00:00,168.026000,171.286000,167.036000,168.596000,226.862100
2022.02.11,00:00,167.787000,170.206000,167.647000,168.677000,496.743001
2022.02.14,00:00,168.506000,169.476000,165.056000,166.797000,312.741000
2022.02.15,00:00,166.876000,168.016000,165.236000,165.997000,348.491099
2022.02.16,00:00,164.666000,167.136000,164.436000,166.397000,308.577000
2022.02.17,00:00,164.996000,167.916000,164.976000,166.806000,276.389400
2022.02.18,00:00,166.516000,168.167000,166.146000,167.806000,396.210901
2022.02.22,00:00,168.246000,168.756000,166.207000,168.436000,457.587301
2022.02.23,00:00,167.957000,168.867000,166.496000,166.747000,453.687000
2022.02.24,00:00,165.587000,165.717000,160.246000,163.947000,546.238501
2022.02.25,00:00,163.787000,168.416000,163.786000,168.377000,386.512200
2022.02.28,00:00,164.036000,164.996000,161.376000,163.807000,484.227301
2022.03.01,00:00,161.986000,164.217000,161.197000,162.357000,484.164899
2022.03.02,00:00,162.057000,165.787000,161.586000,164.647000,374.128200
2022.03.03,00:00,163.356000,165.036000,162.786000,163.267000,382.380000
2022.03.04,00:00,161.746000,166.417000,160.896000,165.366000,408.096000
2022.03.07,00:00,164.037000,165.007000,162.096000,162.577000,484.257600
2022.03.08,00:00,160.846000,163.636000,157.667000,157.897000,580.255801
2022.03.09,00:00,159.807000,159.807000,156.376000,157.387000,361.145100
2022.03.10,00:00,154.316000,155.837000,153.326000,154.607000,420.587400
2022.03.11,00:00,155.016000,156.736000,153.416000,153.656000,331.166700
2022.03.14,00:00,154.496000,157.747000,154.496000,155.906000,322.707901
2022.03.15,00:00,155.397000,159.387000,155.396000,158.927000,367.360200
2022.03.16,00:00,157.697000,159.866000,156.996000,159.866000,382.024200
2022.03.17,00:00,157.987000,161.506000,157.987000,160.807000,281.519401
2022.03.18,00:00,161.286000,162.836000,160.016000,162.796000,315.848400
2022.03.21,00:00,161.166000,163.637000,161.046000,162.517000,239.032500
2022.03.22,00:00,161.147000,164.706000,161.147000,164.457000,195.862799
2022.03.23,00:00,163.397000,165.227000,162.606000,163.457000,335.250001
2022.03.24,00:00,164.107000,164.647000,163.226000,164.507000,244.304100
2022.03.25,00:00,164.246000,165.847000,164.246000,165.227000,270.790200
2022.03.28,00:00,164.426000,165.706000,163.696000,165.706000,194.930700
2022.03.29,00:00,166.106000,168.526000,166.106000,168.227000,336.090300
2022.03.30,00:00,167.696000,167.927000,166.076000,167.906000,251.507400
2022.03.31,00:00,166.966000,169.166000,166.966000,167.777000,295.029300
2022.04.01,00:00,167.497000,169.836000,167.216000,169.817000,216.561900
2022.04.04,00:00,168.117000,169.366000,167.426000,169.366000,163.882500
2022.04.05,00:00,168.007000,171.256000,166.947000,169.417000,348.416400
2022.04.06,00:00,168.086000,172.596000,168.086000,172.497000,352.731000
2022.04.07,00:00,172.027000,173.187000,170.746000,172.707000,218.376300
2022.04.08,00:00,172.846000,173.647000,171.467000,173.067000,212.001301
2022.04.11,00:00,173.016000,174.677000,172.306000,172.617000,266.572200
2022.04.12,00:00,173.177000,174.567000,172.116000,173.427000,219.803100
2022.04.13,00:00,171.957000,173.657000,171.706000,172.986000,285.737100
2022.04.14,00:00,173.267000,174.126000,171.736000,171.747000,189.724800
2022.04.18,00:00,170.376000,172.237000,169.916000,170.356000,150.999000
2022.04.19,00:00,169.787000,173.117000,169.787000,173.026000,189.278700
2022.04.20,00:00,173.667000,175.946000,173.656000,175.547000,268.032900
2022.04.21,00:00,175.736000,177.157000,174.606000,174.887000,504.202199
2022.04.22,00:00,174.117000,174.947000,171.906000,172.187000,502.986601
2022.04.25,00:00,172.947000,173.796000,170.976000,173.716000,682.460099
2022.04.26,00:00,173.537000,175.236000,171.996000,173.227000,170.563200
2022.04.27,00:00,172.207000,176.636000,172.207000,175.047000,660.010500
2022.04.28,00:00,174.287000,177.567000,173.136000,177.567000,197.920800
2022.04.29,00:00,176.226000,176.396000,171.386000,171.526000,267.304200
2022.05.02,00:00,171.707000,172.877000,165.267000,167.826000,386.385600
2022.05.03,00:00,167.787000,169.227000,166.467000,168.087000,273.533101
2022.05.04,00:00,167.607000,174.057000,167.607000,173.947000,254.792700
2022.05.05,00:00,172.627000,172.966000,168.987000,170.247000,289.357800
2022.05.06,00:00,168.036000,170.667000,168.036000,170.487000,294.031200
2022.05.09,00:00,168.627000,172.777000,168.627000,171.637000,313.183500
2022.05.10,00:00,171.926000,174.386000,170.696000,171.577000,412.544100
2022.05.11,00:00,169.717000,172.266000,169.446000,170.717000,346.064400
2022.05.12,00:00,170.346000,171.407000,168.106000,170.387000,315.059700
2022.05.13,00:00,170.026000,173.976000,169.356000,173.797000,279.993000
2022.05.16,00:00,173.046000,176.187000,172.896000,175.366000,389.343301
2022.05.17,00:00,175.346000,175.346000,172.427000,174.587000,364.746900
2022.05.18,00:00,173.696000,173.696000,163.286000,163.647000,213.886800
2022.05.19,00:00,161.727000,162.647000,159.606000,161.306000,304.465200
2022.05.20,00:00,161.717000,163.037000,159.586000,162.276000,339.191399
2022.05.23,00:00,163.446000,166.867000,163.446000,165.636000,470.459100
2022.05.24,00:00,165.177000,168.157000,165.126000,167.747000,368.616899
2022.05.25,00:00,166.147000,169.447000,166.147000,168.997000,445.436700
2022.05.26,00:00,168.107000,170.927000,168.106000,170.197000,298.042500
2022.05.27,00:00,170.137000,171.766000,170.137000,171.636000,399.674100
2022.05.31,00:00,169.867000,169.867000,165.336000,167.786000,378.649200
2022.06.01,00:00,167.417000,168.196000,163.796000,166.636000,380.750401
2022.06.02,00:00,164.866000,166.727000,162.487000,166.727000,234.390900
2022.06.03,00:00,165.937000,166.487000,164.326000,164.946000,325.843800
2022.06.06,00:00,166.307000,167.466000,164.697000,165.646000,313.190400
2022.06.07,00:00,164.707000,166.807000,163.946000,166.627000,281.924101
2022.06.08,00:00,164.636000,166.767000,164.636000,165.757000,291.965700
2022.06.09,00:00,164.537000,166.797000,162.587000,162.857000,308.757900
2022.06.10,00:00,159.996000,163.797000,159.426000,162.726000,282.607800
2022.06.13,00:00,160.166000,162.826000,159.046000,159.777000,408.302700
2022.06.14,00:00,159.647000,159.806000,154.826000,156.257000,464.455500
2022.06.15,00:00,157.446000,159.747000,155.806000,157.897000,571.886701
2022.06.16,00:00,155.997000,158.266000,155.017000,157.017000,465.133201
2022.06.17,00:00,156.826000,158.777000,156.106000,157.117000,696.846300
2022.06.21,00:00,157.096000,160.837000,156.877000,160.707000,375.857400
2022.06.22,00:00,160.197000,162.937000,159.477000,162.276000,573.196500
2022.06.23,00:00,162.517000,165.057000,162.516000,164.167000,394.306500
2022.06.24,00:00,164.856000,166.147000,163.866000,166.147000,264.153300
2022.06.27,00:00,165.527000,167.046000,165.086000,166.367000,339.436800
2022.06.28,00:00,166.496000,168.337000,163.826000,164.006000,404.768999
2022.06.29,00:00,165.126000,167.516000,165.126000,166.932000,387.472801
2022.06.30,00:00,166.506000,167.446000,165.566000,166.637000,402.797700
2022.07.01,00:00,165.737000,169.396000,165.737000,169.246000,386.028300
2022.07.05,00:00,168.466000,169.066000,165.316000,169.016000,248.979600
2022.07.06,00:00,169.096000,171.826000,169.096000,170.727000,264.764400
2022.07.07,00:00,168.277000,170.996000,168.277000,170.506000,278.251801
2022.07.08,00:00,169.117000,172.676000,169.117000,171.906000,368.138700
2022.07.11,00:00,171.106000,172.716000,169.996000,170.567000,419.902200
2022.07.12,00:00,172.655000,172.655000,168.806000,169.737000,236.426100
2022.07.13,00:00,168.486000,171.407000,167.476000,170.287000,454.363200
2022.07.14,00:00,167.807000,171.086000,167.136000,171.007000,251.712000
2022.07.15,00:00,170.867000,172.526000,169.946000,171.217000,291.443400
2022.07.18,00:00,170.856000,170.997000,167.857000,168.417000,426.582900
2022.07.19,00:00,169.086000,170.176000,168.566000,170.127000,420.214799
2022.07.20,00:00,169.716000,169.847000,167.446000,168.307000,455.839800
2022.07.21,00:00,168.107000,169.297000,167.536000,168.517000,511.141499
2022.07.22,00:00,169.067000,170.457000,168.457000,169.616000,531.050400
2022.07.25,00:00,169.616000,170.807000,169.026000,169.927000,428.302500
2022.07.26,00:00,169.197000,171.957000,169.196000,171.917000,434.460300
2022.07.27,00:00,170.076000,171.907000,169.017000,171.736000,449.988300
2022.07.28,00:00,171.697000,175.077000,170.996000,175.007000,391.051500
2022.07.29,00:00,173.646000,175.167000,173.237000,175.087000,412.183200
2022.08.01,00:00,174.576000,177.577000,174.546000,177.057000,582.816299
2022.08.02,00:00,176.406000,177.006000,175.186000,175.606000,386.580898
2022.08.03,00:00,174.626000,176.966000,174.216000,176.957000,355.652100
2022.08.04,00:00,175.476000,176.547000,174.546000,175.896000,299.680500
2022.08.05,00:00,174.456000,174.676000,172.356000,174.676000,431.097000
2022.08.08,00:00,174.497000,175.636000,173.276000,173.967000,428.279701
2022.08.09,00:00,174.716000,175.177000,173.827000,174.557000,401.106900
2022.08.10,00:00,175.606000,176.297000,174.687000,176.037000,373.965599
2022.08.11,00:00,176.066000,177.026000,174.676000,175.047000,322.457700
2022.08.12,00:00,175.457000,177.367000,175.297000,177.367000,279.747300
2022.08.15,00:00,177.137000,179.337000,176.716000,179.306000,259.212600
2022.08.16,00:00,179.056000,180.637000,178.586000,180.456000,334.200000
2022.08.17,00:00,179.766000,181.027000,179.046000,180.326000,367.782001
2022.08.18,00:00,180.176000,180.767000,179.916000,180.366000,324.047700
2022.08.19,00:00,179.496000,180.977000,179.246000,180.277000,277.171200
2022.08.22,00:00,178.967000,180.316000,178.006000,178.496000,253.688100
2022.08.23,00:00,177.036000,178.827000,177.036000,178.477000,322.881600
2022.08.24,00:00,178.326000,179.456000,178.056000,179.326000,294.681299
2022.08.25,00:00,177.976000,179.256000,177.346000,179.256000,284.551201
2022.08.26,00:00,178.947000,179.637000,174.736000,175.057000,304.826100
2022.08.29,00:00,173.997000,175.236000,172.896000,174.697000,231.789300
2022.08.30,00:00,174.507000,174.507000,172.316000,173.137000,416.444700
2022.08.31,00:00,173.797000,174.346000,172.136000,172.477000,493.188899
2022.09.01,00:00,170.457000,172.956000,170.216000,172.937000,478.290599
2022.09.02,00:00,173.457000,174.957000,169.876000,170.377000,319.354799
2022.09.06,00:00,170.886000,172.476000,169.096000,169.457000,340.070100
2022.09.07,00:00,169.867000,173.746000,169.866000,173.257000,357.118500
2022.09.08,00:00,172.066000,173.407000,170.477000,172.667000,331.185600
2022.09.09,00:00,171.706000,174.507000,171.607000,173.227000,354.412201
2022.09.12,00:00,173.527000,174.397000,172.696000,173.927000,506.898000
2022.09.13,00:00,171.436000,172.246000,166.926000,167.537000,559.635600
2022.09.14,00:00,168.056000,169.127000,167.537000,168.787000,543.112800
2022.09.15,00:00,168.567000,168.567000,165.316000,165.967000,364.689300
2022.09.16,00:00,164.937000,167.146000,164.936000,167.146000,608.448301
2022.09.19,00:00,166.867000,168.757000,166.007000,168.757000,648.069000
2022.09.20,00:00,167.056000,169.077000,166.816000,168.946000,393.788699
2022.09.21,00:00,169.496000,171.916000,168.377000,168.717000,409.270200
2022.09.22,00:00,167.396000,169.837000,167.396000,168.727000,423.587099
2022.09.23,00:00,166.916000,168.686000,166.506000,168.607000,539.091899
2022.09.26,00:00,168.016000,169.807000,167.487000,168.477000,613.360200
2022.09.27,00:00,168.467000,169.887000,165.216000,166.017000,502.632300
2022.09.28,00:00,166.767000,169.477000,165.176000,168.776000,342.302400
2022.09.29,00:00,168.626000,168.626000,164.976000,166.687000,437.764500
2022.09.30,00:00,166.616000,167.736000,162.576000,163.307000,651.862500
2022.10.03,00:00,163.087000,165.647000,162.996000,165.317000,460.209601
2022.10.04,00:00,167.026000,168.666000,165.506000,167.216000,357.088200
2022.10.05,00:00,166.517000,166.887000,163.666000,165.887000,216.892800
2022.10.06,00:00,165.486000,165.796000,162.456000,162.806000,270.129300
2022.10.07,00:00,162.176000,162.386000,160.926000,161.666000,306.031501
2022.10.10,00:00,161.806000,162.887000,161.186000,162.017000,477.503999
2022.10.11,00:00,161.827000,164.237000,161.096000,162.587000,469.257300
2022.10.12,00:00,167.346000,170.636000,166.486000,169.477000,314.156100
2022.10.13,00:00,167.106000,174.907000,166.246000,174.807000,348.503100
2022.10.14,00:00,175.637000,175.637000,169.916000,170.287000,373.210500
2022.10.17,00:00,172.106000,173.476000,171.007000,172.777000,274.821000
2022.10.18,00:00,172.647000,175.207000,172.647000,175.127000,225.739500
2022.10.19,00:00,174.677000,175.707000,172.266000,173.417000,244.603800
2022.10.20,00:00,172.506000,173.436000,171.076000,171.427000,271.249200
2022.10.21,00:00,171.157000,173.616000,170.156000,173.067000,316.163699
2022.10.24,00:00,174.076000,177.936000,174.076000,177.747000,321.038701
2022.10.25,00:00,177.666000,178.586000,176.556000,178.227000,288.232800
2022.10.26,00:00,178.337000,180.806000,178.266000,179.037000,290.664300
2022.10.27,00:00,180.236000,180.576000,178.556000,178.897000,310.254600
2022.10.28,00:00,179.656000,182.886000,177.996000,182.196000,256.159800
2022.10.31,00:00,179.907000,182.887000,179.907000,181.627000,294.066300
2022.11.01,00:00,180.206000,182.636000,179.806000,180.837000,388.193700
2022.11.02,00:00,180.647000,183.256000,178.076000,178.467000,392.067000
2022.11.03,00:00,175.397000,178.817000,175.397000,177.937000,393.848400
2022.11.04,00:00,177.906000,179.686000,176.436000,178.876000,381.943800
2022.11.07,00:00,179.377000,180.547000,178.566000,180.236000,298.346700
2022.11.08,00:00,180.547000,182.047000,178.696000,180.707000,285.442800
2022.11.09,00:00,179.977000,180.966000,178.456000,178.617000,285.698100
2022.11.10,00:00,182.287000,182.637000,178.477000,181.837000,275.439900
2022.11.11,00:00,180.606000,180.606000,175.426000,178.046000,429.916501
2022.11.14,00:00,178.457000,179.077000,176.456000,176.727000,340.931399
2022.11.15,00:00,176.666000,178.536000,175.296000,177.207000,422.028900
2022.11.16,00:00,177.456000,179.527000,177.356000,178.407000,351.650099
2022.11.17,00:00,177.126000,180.116000,177.126000,180.116000,333.153300
2022.11.18,00:00,180.147000,181.727000,179.736000,181.357000,310.568100
2022.11.21,00:00,180.917000,185.077000,180.917000,184.927000,347.238001
2022.11.22,00:00,185.816000,186.336000,184.207000,184.897000,300.545699
2022.11.23,00:00,183.656000,185.767000,183.656000,185.046000,240.197700
2022.11.25,00:00,184.006000,184.896000,183.546000,184.116000,93.211800
2022.11.28,00:00,183.327000,185.426000,183.326000,184.007000,286.903500
2022.11.29,00:00,182.496000,183.297000,180.747000,182.697000,389.025000
2022.11.30,00:00,181.847000,185.496000,180.107000,185.496000,368.978100
2022.12.01,00:00,184.156000,186.206000,183.996000,185.877000,349.997700
2022.12.02,00:00,183.476000,186.247000,183.056000,185.797000,317.424900
2022.12.05,00:00,183.417000,183.857000,180.667000,183.217000,233.281799
2022.12.06,00:00,183.417000,183.956000,180.596000,181.646000,285.378600
2022.12.07,00:00,180.396000,182.426000,180.196000,182.366000,299.843400
2022.12.08,00:00,181.597000,183.936000,180.356000,183.837000,313.117500
2022.12.09,00:00,182.847000,183.947000,182.386000,183.157000,265.488300
2022.12.12,00:00,182.937000,184.036000,182.227000,183.987000,250.061100
2022.12.13,00:00,185.387000,185.727000,182.666000,184.047000,406.321200
2022.12.14,00:00,183.047000,185.727000,181.996000,183.427000,332.868899
2022.12.15,00:00,181.957000,182.066000,178.326000,180.277000,310.470600
2022.12.16,00:00,179.617000,180.756000,178.396000,180.447000,351.801900
2022.12.19,00:00,180.047000,183.446000,179.996000,181.427000,179.874000
2022.12.20,00:00,180.397000,182.077000,180.367000,181.227000,371.549699
2022.12.21,00:00,181.736000,183.636000,180.857000,182.506000,331.625100
2022.12.22,00:00,180.457000,181.527000,178.796000,181.107000,369.360000
2022.12.23,00:00,181.006000,182.507000,179.676000,182.156000,238.186500
2022.12.27,00:00,182.256000,183.536000,182.256000,183.037000,178.563000
2022.12.28,00:00,183.086000,184.236000,181.236000,181.877000,217.601400
2022.12.29,00:00,181.867000,182.806000,181.146000,181.987000,164.448300
2022.12.30,00:00,180.196000,181.456000,179.146000,180.576000,188.049600
2023.01.03,00:00,180.566000,180.587000,176.516000,179.417000,185.787600
2023.01.04,00:00,178.386000,180.467000,177.476000,179.067000,312.977400
2023.01.05,00:00,177.996000,178.397000,176.666000,177.156000,257.515800
2023.01.06,00:00,178.577000,181.745000,177.566000,181.117000,178.006800
2023.01.09,00:00,178.777000,182.726000,178.777000,179.387000,581.744700
2023.01.10,00:00,177.106000,179.457000,177.026000,177.867000,221.054400
2023.01.11,00:00,179.036000,179.347000,175.626000,178.047000,193.236300
2023.01.12,00:00,176.836000,177.956000,175.296000,175.867000,190.308300
2023.01.13,00:00,174.787000,175.527000,174.086000,175.157000,122.799600
2023.01.17,00:00,175.506000,177.417000,175.296000,176.087000,272.907000
2023.01.18,00:00,175.007000,175.507000,171.296000,171.627000,310.723800
2023.01.19,00:00,171.277000,172.037000,169.436000,169.677000,134.088300
2023.01.20,00:00,167.997000,169.847000,167.416000,169.847000,169.245600
2023.01.23,00:00,170.097000,170.647000,168.596000,169.116000,215.286300
2023.01.24,00:00,169.116000,170.856000,168.346000,170.856000,207.748800
2023.01.25,00:00,170.006000,171.967000,169.286000,171.926000,314.658300
2023.01.26,00:00,171.507000,171.507000,170.016000,170.197000,283.605000
2023.01.27,00:00,169.766000,170.197000,168.546000,169.627000,232.488299
2023.01.30,00:00,168.586000,171.337000,168.586000,169.537000,222.931200
2023.01.31,00:00,170.007000,171.037000,169.147000,171.037000,187.209300
2023.02.01,00:00,170.576000,172.277000,169.416000,171.567000,250.566300
2023.02.02,00:00,169.397000,170.506000,168.496000,169.967000,353.755500
2023.02.03,00:00,170.496000,170.817000,166.996000,169.296000,393.562501
2023.02.06,00:00,168.826000,172.307000,168.766000,171.887000,243.002100
2023.02.07,00:00,169.997000,171.987000,169.176000,171.677000,237.325800
2023.02.08,00:00,170.447000,171.297000,170.196000,171.297000,253.962600
2023.02.09,00:00,174.176000,175.946000,171.996000,172.826000,220.406700
2023.02.10,00:00,172.967000,176.516000,172.537000,176.206000,278.849999
2023.02.13,00:00,175.016000,178.197000,175.016000,177.767000,157.272600
2023.02.14,00:00,177.056000,177.056000,174.756000,175.816000,191.954700
2023.02.15,00:00,174.806000,176.017000,173.806000,176.017000,178.352100
2023.02.16,00:00,174.497000,176.847000,174.397000,175.517000,379.189499
2023.02.17,00:00,174.377000,176.376000,174.377000,176.227000,567.022199
2023.02.21,00:00,175.567000,177.316000,174.566000,176.227000,450.033299
2023.02.22,00:00,175.656000,177.347000,175.656000,176.156000,357.532501
2023.02.23,00:00,176.506000,176.917000,174.976000,176.417000,328.585499
2023.02.24,00:00,175.067000,176.306000,174.227000,176.036000,335.341200
2023.02.27,00:00,176.496000,177.196000,175.546000,175.917000,236.815500
2023.02.28,00:00,174.137000,174.757000,173.186000,173.777000,193.388700
2023.03.01,00:00,171.337000,171.666000,169.086000,171.456000,332.309399
2023.03.02,00:00,170.466000,173.737000,169.726000,173.317000,463.483800
2023.03.03,00:00,172.997000,173.427000,171.296000,173.167000,262.465199
2023.03.06,00:00,172.056000,173.597000,171.997000,173.547000,377.542200
2023.03.07,00:00,173.497000,174.157000,171.807000,172.607000,361.063200
2023.03.08,00:00,171.896000,173.326000,171.766000,173.136000,479.784600
2023.03.09,00:00,173.536000,174.336000,171.157000,171.837000,298.822800
2023.03.10,00:00,171.377000,174.146000,170.906000,172.117000,913.327201
2023.03.13,00:00,172.276000,176.946000,172.047000,173.726000,311.213999
2023.03.14,00:00,171.246000,173.777000,171.246000,173.777000,209.024100
2023.03.15,00:00,172.297000,176.547000,172.296000,176.547000,244.821600
2023.03.16,00:00,176.447000,176.926000,174.976000,176.545000,303.226199
2023.03.17,00:00,175.476000,176.177000,174.097000,175.117000,371.800200
2023.03.20,00:00,175.306000,177.637000,175.126000,177.566000,305.367000
2023.03.21,00:00,176.207000,178.087000,176.136000,177.947000,198.777601
2023.03.22,00:00,176.506000,179.277000,175.926000,176.757000,230.755500
2023.03.23,00:00,175.837000,177.166000,174.996000,175.677000,222.031200
2023.03.24,00:00,176.097000,179.287000,175.027000,179.087000,233.208600
2023.03.27,00:00,178.086000,180.576000,178.086000,179.497000,186.888000
2023.03.28,00:00,178.227000,180.406000,178.227000,179.517000,140.340900
2023.03.29,00:00,180.367000,180.847000,179.847000,180.677000,157.552200
2023.03.30,00:00,180.186000,181.136000,179.966000,180.857000,145.818300
2023.03.31,00:00,181.106000,182.406000,181.106000,182.386000,188.001300
2023.04.03,00:00,181.077000,182.737000,180.356000,182.497000,221.519400
2023.04.04,00:00,181.306000,183.207000,180.996000,181.967000,177.810000
2023.04.05,00:00,182.487000,184.907000,182.487000,183.607000,143.657200
2023.04.06,00:00,183.306000,184.717000,182.997000,184.217000,142.812600
2023.04.10,00:00,183.006000,183.546000,181.646000,183.097000,172.709100
2023.04.11,00:00,182.326000,183.836000,182.317000,182.917000,131.478000
2023.04.12,00:00,181.886000,183.746000,181.606000,182.616000,219.026800
2023.04.13,00:00,181.937000,184.487000,181.937000,184.416000,188.479500
2023.04.14,00:00,182.727000,184.016000,182.716000,183.547000,229.065100
2023.04.17,00:00,183.637000,184.666000,183.446000,184.447000,132.720000
2023.04.18,00:00,184.216000,185.076000,183.676000,184.965000,135.413500
2023.04.19,00:00,184.397000,185.097000,184.146000,184.726000,158.730000
2023.04.20,00:00,183.867000,185.996000,183.857000,185.317000,155.472100
2023.04.21,00:00,185.896000,186.177000,185.026000,185.487000,170.537400
2023.04.24,00:00,185.227000,186.406000,184.986000,185.617000,174.121200
2023.04.25,00:00,186.547000,190.037000,185.566000,189.817000,136.944600
2023.04.26,00:00,187.337000,189.257000,187.327000,188.626000,129.650700
2023.04.27,00:00,187.126000,189.887000,187.126000,189.756000,145.863600
2023.04.28,00:00,189.897000,191.417000,188.846000,190.877000,145.302600
2023.05.01,00:00,190.136000,192.287000,190.136000,191.886000,98.478300
2023.05.02,00:00,190.157000,192.457000,189.676000,192.457000,137.455300
2023.05.03,00:00,191.847000,193.226000,191.576000,192.237000,221.072700
2023.05.04,00:00,192.956000,193.907000,191.667000,193.397000,211.353899
2023.05.05,00:00,191.826000,194.437000,191.826000,194.207000,153.184200
2023.05.08,00:00,191.636000,193.886000,191.636000,193.377000,134.110500
2023.05.09,00:00,193.486000,194.626000,192.546000,194.177000,138.468000
2023.05.10,00:00,192.897000,195.437000,192.646000,194.317000,215.154300
2023.05.11,00:00,193.597000,195.447000,192.817000,195.377000,121.550700
2023.05.12,00:00,194.947000,196.207000,194.857000,196.207000,132.878700
2023.05.15,00:00,195.637000,196.526000,193.996000,194.287000,124.447800
2023.05.16,00:00,193.796000,194.236000,192.566000,193.467000,170.699500
2023.05.17,00:00,192.537000,193.437000,190.806000,192.047000,121.732200
2023.05.18,00:00,191.046000,191.637000,190.376000,191.637000,132.586200
2023.05.19,00:00,192.076000,192.746000,190.997000,191.907000,154.865100
2023.05.22,00:00,190.136000,191.187000,186.306000,186.637000,125.364700
2023.05.23,00:00,186.447000,186.447000,184.487000,186.147000,156.654000
2023.05.24,00:00,185.927000,185.937000,184.187000,184.847000,141.504900
2023.05.25,00:00,182.407000,184.137000,181.796000,183.767000,177.825900
2023.05.26,00:00,183.587000,184.166000,182.167000,183.597000,158.632200
2023.05.30,00:00,182.037000,182.796000,180.497000,181.637000,165.709300
2023.05.31,00:00,181.997000,184.507000,181.336000,182.626000,177.353400
2023.06.01,00:00,182.097000,182.657000,180.697000,182.187000,179.191199
2023.06.02,00:00,181.996000,184.266000,181.037000,184.097000,189.894600
2023.06.05,00:00,183.007000,186.137000,182.996000,184.207000,250.444500
2023.06.06,00:00,183.996000,184.996000,180.406000,181.647000,215.205900
2023.06.07,00:00,180.716000,181.607000,179.596000,180.156000,237.200401
2023.06.08,00:00,179.666000,182.286000,178.996000,182.137000,169.308300
2023.06.09,00:00,181.516000,182.797000,180.427000,182.397000,186.267000
2023.06.12,00:00,182.397000,182.577000,180.516000,181.937000,152.438200
2023.06.13,00:00,181.896000,182.087000,181.016000,181.567000,187.958100
2023.06.14,00:00,181.796000,183.596000,181.227000,183.157000,187.027200
2023.06.15,00:00,184.347000,186.146000,183.347000,185.716000,202.667401
2023.06.16,00:00,186.126000,187.537000,185.146000,186.037000,226.991400
2023.06.20,00:00,186.397000,187.617000,185.236000,185.376000,132.858900
2023.06.21,00:00,185.337000,186.806000,184.036000,185.437000,157.178001
2023.06.22,00:00,186.437000,187.537000,185.796000,187.427000,179.840700
2023.06.23,00:00,187.056000,187.826000,185.506000,186.057000,167.202100
2023.06.26,00:00,186.156000,186.156000,184.037000,184.957000,221.842900
2023.06.27,00:00,184.667000,186.556000,183.956000,186.417000,216.390400
2023.06.28,00:00,186.186000,186.387000,183.336000,183.737000,273.445200
2023.06.29,00:00,182.857000,183.876000,181.266000,183.876000,188.282100
2023.06.30,00:00,184.006000,185.366000,183.956000,185.277000,146.110400
2023.07.03,00:00,184.006000,185.556000,183.306000,185.527000,72.627000
2023.07.05,00:00,184.897000,186.667000,184.897000,186.667000,154.241400
2023.07.06,00:00,184.506000,186.737000,184.496000,186.737000,125.989900
2023.07.07,00:00,185.707000,185.707000,183.016000,183.127000,155.277100
2023.07.10,00:00,183.776000,185.847000,183.497000,184.317000,159.861000
2023.07.11,00:00,184.367000,184.617000,182.406000,184.027000,114.807300
2023.07.12,00:00,183.986000,184.486000,182.957000,183.167000,143.088100
2023.07.13,00:00,185.797000,187.967000,183.136000,187.707000,139.928800
2023.07.14,00:00,186.687000,188.556000,186.636000,188.176000,114.022800
2023.07.17,00:00,186.217000,186.946000,185.256000,185.596000,151.119600
2023.07.18,00:00,185.287000,186.726000,183.796000,184.466000,151.230300
2023.07.19,00:00,185.066000,186.557000,184.306000,186.337000,164.452500
2023.07.20,00:00,187.127000,189.926000,186.676000,189.377000,179.527600
2023.07.21,00:00,189.497000,191.436000,189.216000,190.047000,169.538500
2023.07.24,00:00,190.157000,191.336000,190.086000,190.927000,147.205800
2023.07.25,00:00,190.197000,191.976000,189.906000,191.546000,126.449700
2023.07.26,00:00,190.996000,192.327000,190.006000,191.617000,173.591700
2023.07.27,00:00,191.946000,192.216000,188.276000,188.587000,186.608200
2023.07.28,00:00,189.646000,191.207000,189.646000,190.296000,160.670900
2023.07.31,00:00,189.267000,189.407000,186.806000,187.457000,136.742200
2023.08.01,00:00,187.226000,188.537000,186.386000,186.787000,122.867701
2023.08.02,00:00,185.996000,189.886000,185.996000,188.447000,156.080600
2023.08.03,00:00,187.046000,188.956000,186.946000,187.217000,146.147500
2023.08.04,00:00,186.616000,187.887000,184.307000,184.566000,176.484600
2023.08.07,00:00,184.797000,187.177000,184.797000,186.976000,152.412100
2023.08.08,00:00,186.557000,187.297000,183.996000,184.457000,156.390000
2023.08.09,00:00,183.347000,184.947000,182.566000,183.992000,158.117500
2023.08.10,00:00,182.796000,185.437000,182.796000,183.797000,198.777600
2023.08.11,00:00,183.697000,184.216000,183.066000,184.037000,171.435399
2023.08.14,00:00,183.996000,184.727000,183.096000,183.607000,137.216800
2023.08.15,00:00,183.176000,183.447000,181.147000,181.486000,148.130600
2023.08.16,00:00,181.107000,182.916000,180.926000,181.307000,169.031400
2023.08.17,00:00,180.186000,181.186000,178.256000,178.557000,190.187099
2023.08.18,00:00,177.547000,179.437000,177.236000,178.126000,170.390000
2023.08.21,00:00,177.507000,177.777000,176.216000,177.096000,182.428900
2023.08.22,00:00,176.267000,176.697000,175.286000,175.817000,150.214500
2023.08.23,00:00,177.077000,178.196000,176.297000,178.136000,150.704300
2023.08.24,00:00,177.246000,180.406000,177.006000,177.367000,197.170300
2023.08.25,00:00,177.806000,179.677000,177.667000,179.447000,204.722200
2023.08.28,00:00,180.506000,180.826000,179.326000,180.367000,151.671900
2023.08.29,00:00,180.297000,181.136000,178.996000,181.007000,156.185800
2023.08.30,00:00,181.507000,182.126000,180.696000,181.117000,167.497300
2023.08.31,00:00,179.296000,179.336000,177.836000,177.977000,150.610100
2023.09.01,00:00,178.076000,178.076000,174.616000,175.296000,156.227900
2023.09.05,00:00,173.997000,175.786000,173.606000,174.187000,133.093300
2023.09.06,00:00,174.096000,174.987000,173.437000,174.736000,153.190400
2023.09.07,00:00,175.437000,177.007000,175.177000,176.487000,161.382000
2023.09.08,00:00,175.597000,177.067000,175.586000,176.297000,125.015100
2023.09.11,00:00,176.746000,179.387000,176.746000,178.967000,118.105100
2023.09.12,00:00,178.736000,178.806000,177.726000,178.326000,145.042000
2023.09.13,00:00,178.366000,180.107000,177.796000,179.687000,128.039400
2023.09.14,00:00,179.747000,181.666000,179.286000,181.327000,145.893201
2023.09.15,00:00,180.317000,181.757000,179.586000,179.937000,163.206900
2023.09.18,00:00,180.487000,180.727000,178.426000,179.417000,159.837000
2023.09.19,00:00,178.506000,178.846000,177.276000,178.337000,150.570400
2023.09.20,00:00,178.637000,179.396000,177.546000,178.427000,192.046300
2023.09.21,00:00,177.897000,178.026000,175.196000,175.457000,196.426500
2023.09.22,00:00,174.246000,176.357000,174.246000,175.317000,143.446900
2023.09.25,00:00,174.696000,175.326000,173.166000,174.367000,136.606600
2023.09.26,00:00,173.086000,173.187000,171.627000,172.577000,149.639899
2023.09.27,00:00,172.017000,172.347000,169.006000,169.557000,159.455500
2023.09.28,00:00,169.897000,169.897000,168.127000,169.567000,176.700000
2023.09.29,00:00,169.686000,170.677000,168.017000,169.457000,201.039200
2023.10.02,00:00,169.076000,169.236000,167.277000,169.177000,337.820699
2023.10.03,00:00,168.067000,169.016000,166.996000,167.727000,294.351100
2023.10.04,00:00,167.837000,169.087000,167.016000,168.987000,286.750000
2023.10.05,00:00,168.557000,168.557000,159.836000,160.157000,336.379300
2023.10.06,00:00,158.706000,160.857000,155.817000,160.306000,331.845001
2023.10.09,00:00,159.997000,161.346000,158.636000,161.346000,292.647600
2023.10.10,00:00,163.756000,165.126000,162.026000,164.417000,304.520700
2023.10.11,00:00,164.417000,165.256000,161.586000,162.667000,245.262900
2023.10.12,00:00,162.507000,162.507000,157.417000,158.157000,334.476400
2023.10.13,00:00,158.437000,160.127000,157.897000,160.127000,297.489700
2023.10.16,00:00,160.697000,161.856000,159.796000,161.137000,206.131400
2023.10.17,00:00,159.656000,161.566000,159.126000,160.397000,200.622700
2023.10.18,00:00,160.797000,163.307000,160.027000,162.117000,241.916200
2023.10.19,00:00,161.496000,162.636000,160.376000,160.717000,265.369900
2023.10.20,00:00,160.796000,162.096000,159.656000,160.087000,252.007900
2023.10.23,00:00,158.996000,161.547000,158.996000,160.197000,237.282300
2023.10.24,00:00,160.087000,162.757000,158.906000,162.276000,260.547900
2023.10.25,00:00,161.946000,163.417000,161.436000,162.396000,195.265199
2023.10.26,00:00,162.457000,163.276000,161.296000,161.506000,331.343200
2023.10.27,00:00,161.797000,161.857000,158.856000,159.657000,443.027301
2023.10.30,00:00,160.217000,162.497000,160.217000,162.347000,328.491200
2023.10.31,00:00,162.787000,163.327000,161.636000,163.327000,263.384900
2023.11.01,00:00,163.097000,165.377000,162.726000,164.907000,413.442800
2023.11.02,00:00,164.476000,167.137000,164.476000,166.907000,309.195100
2023.11.03,00:00,168.316000,168.537000,166.686000,166.816000,236.881100
2023.11.06,00:00,165.047000,167.386000,165.047000,166.717000,240.958800
2023.11.07,00:00,165.857000,167.637000,165.856000,167.177000,287.218100
2023.11.08,00:00,167.747000,168.257000,166.617000,167.447000,280.265300
2023.11.09,00:00,167.376000,167.376000,165.796000,166.157000,334.832500
2023.11.10,00:00,167.196000,167.426000,164.856000,166.937000,264.715400
2023.11.13,00:00,166.916000,168.707000,166.406000,167.787000,295.411000
2023.11.14,00:00,167.946000,168.347000,166.797000,168.147000,269.713401
2023.11.15,00:00,168.457000,168.457000,166.256000,167.287000,238.971600
2023.11.16,00:00,168.246000,168.766000,166.356000,167.717000,267.806600
2023.11.17,00:00,167.206000,167.296000,165.746000,166.817000,206.894599
2023.11.20,00:00,165.807000,166.727000,165.706000,166.497000,179.806300
2023.11.21,00:00,166.547000,167.816000,165.907000,167.816000,151.167700
2023.11.22,00:00,167.757000,169.437000,167.756000,169.197000,159.375900
2023.11.24,00:00,168.697000,169.906000,168.697000,169.357000,82.500100
2023.11.27,00:00,169.396000,169.407000,168.036000,168.337000,136.883800
2023.11.28,00:00,167.997000,169.736000,167.996000,168.877000,221.966300
2023.11.29,00:00,168.857000,169.026000,166.636000,167.157000,165.334200
2023.11.30,00:00,165.996000,168.346000,164.707000,168.346000,234.010700
2023.12.01,00:00,167.996000,168.706000,167.357000,168.677000,196.273000
2023.12.04,00:00,168.106000,169.817000,168.106000,169.147000,180.038100
2023.12.05,00:00,167.787000,169.557000,167.686000,167.927000,207.179400
2023.12.06,00:00,167.896000,168.027000,166.686000,167.487000,197.185300
2023.12.07,00:00,167.276000,168.247000,166.656000,167.487000,140.713500
2023.12.08,00:00,167.007000,167.007000,165.266000,165.627000,169.946500
2023.12.11,00:00,167.146000,167.946000,166.426000,167.827000,157.311800
2023.12.12,00:00,168.506000,168.667000,167.506000,168.467000,172.257800
2023.12.13,00:00,168.257000,172.016000,168.026000,171.967000,205.507000
2023.12.14,00:00,170.997000,171.776000,167.896000,168.267000,212.880400
2023.12.15,00:00,166.777000,168.467000,166.366000,167.187000,222.139900
2023.12.18,00:00,167.866000,170.217000,167.246000,168.907000,172.523500
2023.12.19,00:00,167.817000,168.506000,167.247000,167.947000,146.485300
2023.12.20,00:00,166.107000,167.396000,165.646000,165.757000,203.387400
2023.12.21,00:00,166.097000,167.047000,165.346000,167.047000,180.225800
2023.12.22,00:00,166.936000,168.157000,166.796000,167.587000,182.082500
2023.12.26,00:00,167.536000,169.317000,167.146000,168.907000,122.569800
2023.12.27,00:00,168.686000,169.447000,168.296000,169.447000,200.554200
2023.12.28,00:00,169.196000,169.477000,168.676000,169.477000,127.878600
2023.12.29,00:00,169.297000,170.036000,168.946000,169.707000,170.824600
2024.01.02,00:00,169.266000,172.957000,169.037000,172.957000,202.157000
2024.01.03,00:00,174.476000,174.476000,172.396000,173.037000,231.812200
2024.01.04,00:00,171.006000,173.466000,170.326000,171.517000,235.816899
2024.01.05,00:00,170.647000,171.026000,167.536000,168.907000,179.246000
2024.01.08,00:00,168.596000,169.657000,167.756000,169.207000,164.216400
2024.01.09,00:00,167.107000,167.497000,165.906000,167.197000,165.016700
2024.01.10,00:00,166.396000,167.916000,166.046000,166.916000,180.906200
2024.01.11,00:00,166.726000,166.726000,164.796000,166.267000,212.104800
2024.01.12,00:00,166.097000,167.367000,165.386000,167.367000,191.353800
2024.01.16,00:00,167.096000,167.456000,165.156000,166.186000,213.345400
2024.01.17,00:00,165.597000,166.667000,165.307000,166.627000,198.944400
2024.01.18,00:00,165.187000,167.256000,164.946000,167.256000,176.252800
2024.01.19,00:00,166.996000,166.996000,165.556000,165.737000,214.432600
2024.01.22,00:00,165.786000,166.627000,164.996000,165.126000,179.110700
2024.01.23,00:00,164.116000,167.896000,164.107000,167.627000,180.956300
2024.01.24,00:00,167.566000,167.566000,165.496000,165.597000,165.539900
2024.01.25,00:00,165.697000,166.587000,164.887000,166.587000,183.973500
2024.01.26,00:00,166.327000,167.976000,166.327000,167.877000,140.323601
2024.01.29,00:00,167.007000,168.647000,167.007000,168.166000,126.352500
2024.01.30,00:00,167.296000,169.666000,167.286000,169.647000,145.399000
2024.01.31,00:00,169.687000,170.307000,167.816000,168.616000,191.599100
2024.02.01,00:00,168.367000,171.776000,167.106000,171.776000,167.564200
2024.02.02,00:00,171.007000,171.877000,170.047000,170.997000,164.557200
2024.02.05,00:00,169.656000,171.537000,168.836000,170.986000,166.365800
2024.02.06,00:00,170.616000,171.777000,169.916000,171.437000,145.600600
2024.02.07,00:00,172.377000,172.786000,171.356000,171.497000,139.214100
2024.02.08,00:00,170.847000,174.037000,170.847000,174.037000,174.751700
2024.02.09,00:00,171.257000,171.257000,166.806000,167.737000,169.377499
2024.02.12,00:00,167.496000,171.017000,167.186000,170.726000,141.440200
2024.02.13,00:00,170.636000,171.167000,167.117000,168.947000,186.184000
2024.02.14,00:00,168.166000,168.367000,166.046000,167.497000,138.013600
2024.02.15,00:00,167.527000,168.216000,166.656000,167.867000,139.571200
2024.02.16,00:00,166.607000,167.397000,165.447000,166.316000,144.170100
2024.02.20,00:00,167.427000,169.477000,167.016000,168.686000,178.278200
2024.02.21,00:00,168.756000,169.877000,167.846000,168.897000,140.861900
2024.02.22,00:00,166.776000,168.796000,166.096000,168.277000,147.411400
2024.02.23,00:00,167.856000,170.166000,167.627000,169.676000,139.528400
2024.02.26,00:00,168.996000,169.336000,167.696000,168.287000,116.005900
2024.02.27,00:00,166.887000,168.207000,166.876000,168.207000,118.336200
2024.02.28,00:00,167.356000,167.886000,166.436000,167.057000,120.419100
2024.02.29,00:00,165.917000,166.637000,164.887000,165.427000,140.150300
2024.03.01,00:00,164.797000,164.807000,163.226000,164.587000,137.058300
2024.03.04,00:00,164.157000,165.586000,163.447000,165.417000,104.985100
2024.03.05,00:00,164.907000,165.307000,161.786000,162.097000,121.565400
2024.03.06,00:00,161.897000,163.966000,161.897000,162.997000,109.571200
2024.03.07,00:00,162.826000,163.567000,162.466000,163.137000,95.872200
2024.03.08,00:00,162.006000,164.016000,161.556000,163.137000,127.780300
2024.03.11,00:00,163.737000,165.287000,163.267000,164.767000,96.553201
2024.03.12,00:00,164.826000,165.346000,163.886000,164.706000,91.867800
2024.03.13,00:00,165.007000,166.096000,164.696000,165.357000,91.678800
2024.03.14,00:00,165.237000,165.577000,164.167000,164.797000,108.672200
2024.03.15,00:00,163.397000,165.157000,163.397000,164.637000,140.876900
2024.03.18,00:00,166.136000,172.136000,166.136000,171.287000,167.117600
2024.03.19,00:00,170.996000,172.546000,170.966000,171.946000,129.159700
2024.03.20,00:00,171.307000,172.906000,171.096000,171.837000,125.680600
2024.03.21,00:00,170.996000,173.376000,170.946000,172.537000,102.873900
2024.03.22,00:00,172.587000,173.066000,171.747000,172.127000,83.922300
2024.03.25,00:00,172.017000,173.047000,172.016000,172.637000,116.860200
2024.03.26,00:00,171.797000,172.906000,171.786000,172.786000,110.227100
2024.03.27,00:00,173.836000,174.577000,173.026000,173.587000,113.907100
2024.03.28,00:00,174.307000,175.776000,174.256000,175.157000,115.359400
2024.04.01,00:00,175.117000,175.857000,172.627000,172.997000,111.824400
2024.04.02,00:00,172.647000,173.777000,171.356000,171.447000,94.282000
2024.04.03,00:00,168.996000,170.886000,168.636000,169.747000,120.844300
2024.04.04,00:00,169.826000,171.696000,169.326000,169.676000,135.020001
2024.04.05,00:00,169.257000,169.927000,168.037000,169.217000,118.225600
2024.04.08,00:00,168.257000,169.957000,168.257000,169.637000,87.807100
2024.04.09,00:00,170.047000,170.697000,168.696000,170.637000,81.849600
2024.04.10,00:00,168.337000,169.127000,167.707000,169.107000,143.429200
2024.04.11,00:00,169.276000,169.646000,167.746000,168.467000,105.271200
2024.04.12,00:00,167.496000,168.467000,167.097000,168.117000,120.157600
2024.04.15,00:00,168.767000,168.866000,166.006000,167.016000,121.713300
2024.04.16,00:00,167.047000,168.486000,166.647000,167.547000,137.317200
2024.04.17,00:00,168.997000,169.577000,168.176000,169.577000,135.032400
2024.04.18,00:00,169.607000,172.587000,169.606000,172.397000,121.351500
2024.04.19,00:00,171.097000,174.216000,171.086000,174.216000,119.731200
2024.04.22,00:00,174.017000,177.137000,173.966000,176.507000,142.072400
2024.04.23,00:00,174.456000,174.456000,170.116000,171.407000,151.674400
2024.04.24,00:00,168.316000,178.047000,167.587000,177.486000,163.221300
2024.04.25,00:00,178.156000,180.107000,175.476000,176.797000,149.532500
2024.04.26,00:00,173.836000,178.456000,173.467000,175.727000,112.753200
2024.04.29,00:00,174.996000,176.267000,174.996000,176.107000,123.887401
2024.04.30,00:00,176.047000,176.126000,174.726000,175.967000,156.510000
2024.05.01,00:00,174.787000,176.116000,173.577000,175.317000,143.300400
2024.05.02,00:00,175.616000,176.297000,174.347000,175.487000,123.214100
2024.05.03,00:00,175.456000,176.447000,174.796000,176.177000,113.212500
2024.05.06,00:00,176.396000,176.466000,175.106000,175.887000,99.710100
2024.05.07,00:00,176.677000,178.137000,176.406000,178.137000,98.125500
2024.05.08,00:00,178.016000,178.797000,177.136000,177.487000,98.560500
2024.05.09,00:00,177.147000,178.356000,176.937000,178.076000,79.909800
2024.05.10,00:00,177.936000,180.107000,177.056000,179.907000,100.492200
2024.05.13,00:00,180.507000,181.297000,179.806000,180.947000,97.491900
2024.05.14,00:00,180.797000,180.916000,178.557000,180.057000,133.899300
2024.05.15,00:00,178.586000,180.376000,178.586000,179.467000,111.049500
2024.05.16,00:00,179.377000,183.327000,179.136000,183.226000,125.218200
2024.05.17,00:00,182.436000,182.916000,181.697000,182.166000,110.730700
2024.05.20,00:00,181.127000,181.916000,179.877000,180.317000,95.895400
2024.05.21,00:00,180.896000,181.496000,179.697000,181.157000,115.566600
2024.05.22,00:00,179.746000,182.117000,179.736000,182.117000,116.766000
2024.05.23,00:00,181.237000,181.796000,179.006000,179.216000,108.679200
2024.05.24,00:00,178.997000,179.116000,177.817000,177.897000,92.383500
2024.05.28,00:00,175.336000,175.787000,171.846000,173.397000,136.526100
2024.05.29,00:00,171.906000,173.007000,170.706000,171.237000,102.336900
2024.05.30,00:00,171.247000,171.596000,170.376000,170.556000,83.559600
2024.05.31,00:00,169.826000,172.936000,169.376000,172.936000,107.345401
2024.06.03,00:00,172.387000,172.726000,171.006000,171.187000,115.560900
2024.06.04,00:00,171.197000,174.267000,170.637000,173.927000,114.596400
2024.06.05,00:00,173.677000,173.747000,171.856000,173.467000,110.288700
2024.06.06,00:00,173.497000,174.296000,172.626000,173.237000,150.839400
2024.06.07,00:00,171.336000,172.477000,170.697000,171.067000,103.453500
2024.06.10,00:00,169.997000,169.997000,165.606000,165.907000,134.973301
2024.06.11,00:00,164.726000,165.407000,163.496000,165.057000,122.272900
2024.06.12,00:00,164.596000,164.987000,162.396000,163.827000,126.656100
2024.06.13,00:00,162.007000,163.446000,161.496000,163.446000,120.210500
2024.06.14,00:00,162.887000,164.327000,162.436000,163.776000,90.363700
2024.06.17,00:00,163.076000,166.306000,162.696000,166.287000,100.289800
2024.06.18,00:00,165.997000,166.737000,165.206000,166.527000,80.350100
2024.06.20,00:00,165.507000,167.536000,165.506000,166.647000,122.485500
2024.06.21,00:00,167.067000,168.846000,166.406000,167.367000,119.049301
2024.06.24,00:00,167.397000,169.456000,166.996000,168.157000,99.105200
2024.06.25,00:00,168.026000,168.647000,167.056000,167.427000,81.258200
2024.06.26,00:00,165.507000,166.917000,164.286000,166.917000,91.619200
2024.06.27,00:00,166.347000,167.057000,165.256000,166.297000,79.911500
2024.06.28,00:00,165.146000,166.146000,164.136000,164.967000,127.873400
2024.07.01,00:00,164.566000,165.767000,162.556000,162.907000,82.812900
2024.07.02,00:00,163.107000,164.316000,162.296000,163.617000,94.295400
2024.07.03,00:00,162.777000,164.017000,161.926000,162.517000,63.193900
2024.07.05,00:00,162.597000,164.397000,162.256000,164.367000,86.583200
2024.07.08,00:00,162.846000,163.496000,161.896000,162.077000,81.456900
2024.07.09,00:00,162.146000,162.506000,161.496000,161.917000,85.868100
2024.07.10,00:00,161.857000,163.747000,160.627000,163.737000,120.473700
2024.07.11,00:00,158.097000,164.766000,158.016000,164.157000,157.882200
2024.07.12,00:00,164.496000,167.976000,163.957000,166.337000,108.421500
2024.07.15,00:00,165.156000,166.156000,163.637000,163.847000,145.434600
2024.07.16,00:00,162.507000,164.966000,162.507000,164.826000,104.254500
2024.07.17,00:00,165.707000,169.966000,165.706000,169.966000,141.560700
2024.07.18,00:00,168.277000,172.637000,168.277000,170.446000,124.778100
2024.07.19,00:00,170.027000,170.166000,168.436000,169.436000,112.655100
2024.07.22,00:00,169.366000,169.366000,167.336000,167.667000,98.677500
2024.07.23,00:00,167.676000,168.297000,166.156000,166.317000,91.567201
2024.07.24,00:00,166.087000,168.597000,164.936000,168.287000,133.403700
2024.07.25,00:00,169.120000,173.367000,168.626000,171.217000,135.207900
2024.07.26,00:00,170.116000,172.737000,170.116000,172.737000,109.496700
2024.07.29,00:00,171.777000,173.406000,170.566000,173.267000,115.808100
2024.07.30,00:00,172.656000,173.377000,171.417000,173.277000,130.724700
2024.07.31,00:00,173.496000,174.627000,172.136000,172.787000,147.129000
2024.08.01,00:00,172.026000,175.476000,171.837000,174.967000,163.150200
2024.08.02,00:00,178.556000,179.737000,173.787000,178.037000,157.373400
2024.08.05,00:00,179.177000,180.507000,172.946000,174.077000,185.047500
2024.08.06,00:00,172.137000,176.096000,172.137000,172.547000,164.350200
2024.08.07,00:00,171.366000,174.327000,171.156000,171.817000,118.481400
2024.08.08,00:00,170.106000,172.846000,169.176000,172.557000,121.486800
2024.08.09,00:00,171.196000,172.776000,170.296000,172.556000,124.440900
2024.08.12,00:00,171.187000,172.746000,170.676000,171.407000,133.797000
2024.08.13,00:00,171.116000,172.397000,170.166000,172.397000,102.816000
2024.08.14,00:00,172.026000,174.277000,171.796000,173.737000,110.346300
2024.08.15,00:00,172.627000,174.026000,171.796000,172.537000,91.846200
2024.08.16,00:00,171.957000,172.686000,171.056000,172.616000,99.515700
2024.08.19,00:00,172.436000,173.916000,172.346000,173.797000,81.108600
2024.08.20,00:00,172.937000,175.877000,172.457000,175.877000,139.033500
2024.08.21,00:00,175.807000,176.756000,174.616000,175.247000,163.442400
2024.08.22,00:00,175.277000,175.946000,174.666000,175.717000,116.501700
2024.08.23,00:00,175.646000,175.976000,173.636000,175.947000,119.376600
2024.08.26,00:00,176.027000,176.727000,175.706000,175.937000,83.526900
2024.08.27,00:00,176.427000,176.756000,174.486000,175.347000,81.537900
2024.08.28,00:00,175.336000,175.626000,173.306000,173.926000,99.760500
2024.08.29,00:00,173.016000,173.556000,171.906000,172.167000,102.507300
2024.08.30,00:00,172.046000,173.077000,171.226000,172.857000,101.165700
2024.09.03,00:00,171.596000,177.837000,171.596000,177.547000,162.930000
2024.09.04,00:00,177.597000,179.536000,176.266000,178.747000,141.817200
2024.09.05,00:00,178.816000,179.667000,177.476000,179.317000,128.469900
2024.09.06,00:00,177.006000,178.536000,176.736000,177.387000,151.219500
2024.09.09,00:00,176.737000,178.737000,175.787000,178.257000,108.939301
2024.09.10,00:00,178.467000,179.037000,177.496000,177.867000,139.554600
2024.09.11,00:00,177.477000,177.477000,174.386000,176.047000,151.965600
2024.09.12,00:00,175.616000,177.637000,173.897000,177.227000,125.731200
2024.09.13,00:00,177.297000,177.866000,176.016000,177.427000,123.903001
2024.09.16,00:00,178.817000,179.116000,176.336000,177.207000,110.851500
2024.09.17,00:00,176.857000,178.027000,176.247000,176.847000,125.448300
2024.09.18,00:00,176.417000,177.987000,174.387000,175.216000,136.251600
2024.09.19,00:00,175.516000,175.616000,174.137000,174.727000,150.690300
2024.09.20,00:00,172.726000,173.536000,170.206000,171.227000,211.360800
2024.09.23,00:00,170.725000,173.887000,170.547000,172.116000,107.278500
2024.09.24,00:00,170.786000,171.527000,169.627000,169.937000,231.671100
2024.09.25,00:00,170.206000,170.647000,168.766000,169.387000,111.239100
2024.09.26,00:00,169.037000,170.886000,168.617000,169.767000,145.084500
2024.09.27,00:00,169.766000,171.606000,169.627000,170.057000,157.135800
2024.09.30,00:00,170.287000,171.377000,169.566000,170.057000,131.511600
2024.10.01,00:00,171.137000,171.847000,169.766000,171.407000,201.729000
2024.10.02,00:00,171.477000,171.477000,168.516000,169.566000,105.369600
2024.10.03,00:00,168.026000,169.067000,167.147000,168.557000,146.463300
2024.10.04,00:00,166.996000,168.416000,166.826000,168.016000,151.332000
2024.10.07,00:00,167.817000,167.857000,166.416000,167.256000,126.964800
2024.10.08,00:00,167.586000,170.627000,166.826000,170.627000,230.177100
2024.10.09,00:00,169.246000,173.247000,169.217000,172.547000,244.010399
2024.10.10,00:00,171.806000,173.027000,171.176000,173.027000,191.216400
2024.10.11,00:00,173.806000,175.107000,172.826000,174.837000,147.419400
2024.10.14,00:00,174.937000,176.216000,174.386000,176.186000,250.337400
2024.10.15,00:00,176.446000,177.277000,175.097000,175.927000,162.683700
2024.10.16,00:00,175.066000,175.237000,173.606000,174.507000,125.169000
2024.10.17,00:00,174.446000,175.427000,173.676000,174.766000,160.058400
2024.10.18,00:00,172.116000,175.257000,172.116000,175.047000,161.284500
2024.10.21,00:00,173.886000,177.437000,173.886000,175.077000,87.770700
2024.10.22,00:00,174.116000,174.826000,173.457000,174.387000,93.562800
2024.10.23,00:00,173.366000,173.726000,172.356000,173.027000,179.806200
2024.10.24,00:00,172.646000,173.306000,171.676000,172.177000,99.547500
2024.10.25,00:00,172.477000,173.926000,171.596000,171.837000,152.150700
2024.10.28,00:00,172.586000,172.586000,169.657000,169.846000,86.949300
2024.10.29,00:00,169.106000,169.106000,166.956000,167.506000,94.501800
2024.10.30,00:00,166.797000,167.496000,166.056000,166.217000,194.076600
2024.10.31,00:00,165.997000,167.456000,165.866000,166.227000,143.198700
2024.11.01,00:00,166.027000,166.207000,165.196000,165.677000,96.568800
2024.11.04,00:00,165.296000,166.566000,165.176000,166.407000,158.768400
2024.11.05,00:00,166.166000,167.927000,165.496000,167.857000,109.079100
2024.11.06,00:00,166.897000,166.897000,163.557000,164.727000,123.690900
2024.11.07,00:00,164.127000,164.826000,163.446000,164.017000,94.720200
2024.11.08,00:00,163.797000,165.796000,163.596000,165.137000,126.867600
2024.11.11,00:00,164.246000,166.056000,163.976000,164.297000,86.260200
2024.11.12,00:00,164.087000,164.947000,163.116000,164.436000,76.014900
2024.11.13,00:00,163.417000,164.787000,162.226000,164.787000,167.340600
2024.11.14,00:00,164.406000,166.857000,163.796000,165.136000,181.538400
2024.11.15,00:00,164.007000,164.007000,158.036000,158.727000,159.040201
2024.11.18,00:00,158.996000,159.787000,157.706000,158.347000,79.188000
2024.11.19,00:00,157.796000,157.796000,155.846000,156.716000,90.639600
2024.11.20,00:00,156.417000,158.977000,156.206000,158.757000,88.985100
2024.11.21,00:00,157.996000,160.457000,157.896000,160.457000,83.861100
2024.11.22,00:00,159.997000,161.997000,159.866000,161.997000,140.755200
2024.11.25,00:00,162.467000,163.516000,161.996000,163.107000,147.361500
2024.11.26,00:00,162.917000,163.097000,161.877000,162.297000,86.049600
2024.11.27,00:00,161.607000,165.056000,161.606000,162.636000,76.981200
2024.11.29,00:00,161.447000,163.506000,160.556000,163.446000,67.262400
2024.12.02,00:00,163.007000,163.247000,161.696000,163.117000,88.531800
2024.12.03,00:00,162.416000,162.717000,161.376000,161.806000,91.811700
2024.12.04,00:00,159.826000,160.606000,159.067000,160.177000,84.389700
2024.12.05,00:00,160.297000,160.956000,158.826000,160.517000,89.676000
2024.12.06,00:00,158.966000,160.736000,157.626000,157.777000,84.733500
2024.12.09,00:00,157.787000,161.367000,156.516000,159.467000,148.854000
2024.12.10,00:00,158.747000,160.356000,157.306000,159.837000,90.880500
2024.12.11,00:00,160.087000,160.266000,156.246000,156.817000,96.457200
2024.12.12,00:00,158.237000,159.156000,157.956000,158.907000,108.233100
2024.12.13,00:00,157.297000,159.487000,156.996000,157.976000,86.530200
2024.12.16,00:00,157.696000,158.716000,155.876000,156.047000,78.386400
2024.12.17,00:00,155.426000,158.427000,155.206000,156.157000,89.808300
2024.12.18,00:00,154.267000,155.757000,153.826000,154.557000,88.934400
2024.12.19,00:00,153.007000,153.967000,151.396000,151.556000,102.722400
2024.12.20,00:00,150.116000,153.367000,150.116000,152.817000,95.306701
2024.12.23,00:00,152.196000,152.196000,149.696000,151.347000,84.427800
2024.12.24,00:00,150.496000,152.716000,150.296000,152.716000,41.605200
2024.12.26,00:00,152.496000,153.077000,152.246000,152.437000,64.200900
2024.12.27,00:00,150.446000,153.447000,150.437000,152.947000,87.976200
2024.12.30,00:00,152.437000,152.796000,151.037000,151.787000,93.221700
2024.12.31,00:00,150.807000,152.886000,150.807000,151.977000,69.869700
