2017.01.03,00:00,111.90396622699191,112.57950068287084,111.54743733448183,112.15729522705078,22307600.0
2017.01.04,00:00,112.2792769040338,112.9735802628437,112.26989964977022,112.76716613769531,19749100.0
2017.01.05,00:00,112.68273995297145,113.48024335211136,112.68273995297145,113.40518951416016,20644300.0
2017.01.06,00:00,113.52716244027745,114.69996370515635,113.23631001721495,114.39972686767578,24074300.0
2017.01.09,00:00,114.49353402655018,114.98142329524252,114.41847303779599,114.77500915527344,18909200.0
2017.01.10,00:00,114.8219061917892,115.3754719844417,114.55919991386972,115.0283203125,16176600.0
2017.01.11,00:00,115.07525297109723,115.33795928955078,114.48415659636642,115.33795928955078,20686000.0
2017.01.12,00:00,114.92516107758567,115.23478238749898,114.09012699318593,115.15972137451172,19622500.0
2017.01.13,00:00,115.21596658413839,115.75076352355015,115.21596658413839,115.5537338256836,16930800.0
2017.01.17,00:00,115.25349649021369,115.4317645329244,114.86882148430175,115.20658874511719,14538500.0
2017.01.18,00:00,115.37547028207513,115.55373832155122,115.08461792984284,115.44114685058594,12499700.0
2017.01.19,00:00,115.61006354343628,116.01350748202242,115.14094301755524,115.3848876953125,12710700.0
2017.01.20,00:00,115.89149782496965,116.18235733392261,115.3285547894422,115.63817596435547,22091000.0
2017.01.23,00:00,115.56314148128232,115.90090881168643,115.000198316679,115.73202514648438,17434200.0
2017.01.24,00:00,115.95719917572266,116.6890331523472,115.76016942908896,116.5107650756836,17640900.0
2017.01.25,00:00,117.24257363679388,117.71169405331028,117.1393665725035,117.68354797363281,15036200.0
2017.01.26,00:00,117.84307249254996,118.04948666543794,117.59912781929953,117.8055419921875,16052200.0
2017.01.27,00:00,118.05883150108785,118.14326972993736,117.64600329371174,118.03068542480469,15053000.0
2017.01.30,00:00,117.63667221114649,117.63667221114649,116.46387077961731,117.11125946044922,25006700.0
2017.01.31,00:00,116.6984027724032,116.90481691962113,116.20113623131095,116.87667083740234,19091100.0
2017.02.01,00:00,117.70230964068129,117.91810818189101,117.1487509851325,117.68354797363281,22861900.0
2017.02.02,00:00,117.47714570849038,117.93688175880428,117.14876281540903,117.58035278320312,15101400.0
2017.02.03,00:00,117.70229992630792,118.0400671709794,117.58971561689002,117.91809844970703,16957200.0
2017.02.06,00:00,117.72108585566278,118.07761481764028,117.6084943716757,118.05885314941406,11630100.0
2017.02.07,00:00,118.30279551697922,118.73439264432972,118.19021118654885,118.49044799804688,17541100.0
2017.02.08,00:00,118.33093292402101,118.85634548428492,118.1057499768714,118.68746185302734,12569100.0
2017.02.09,00:00,118.80945072428074,119.38177828512168,118.74377414311262,119.11907196044922,17542700.0
2017.02.10,00:00,119.3817922690549,119.68202912645069,119.17537808743066,119.51314544677734,13915700.0
2017.02.13,00:00,119.87903130856733,120.33876732480951,119.83212356058081,120.18865966796875,19120200.0
2017.02.14,00:00,120.23559635393492,120.60150982584604,119.85092120883866,120.59213256835938,16333500.0
2017.02.15,00:00,120.50769465860103,121.36149753439676,120.44201090672888,121.30519104003906,17891400.0
2017.02.16,00:00,121.380223489534,121.62417529174621,120.9580179379471,121.26763916015625,15098300.0
2017.02.17,00:00,121.08937956207478,121.80245187511949,121.0706107337259,121.79306030273438,15563700.0
2017.02.21,00:00,122.02758036036956,122.46855462459699,121.96191095740835,122.39349365234375,18479600.0
2017.02.22,00:00,122.28093046258235,122.52486792720596,122.07451633235503,122.4404296875,12110900.0
2017.02.23,00:00,122.62807082161248,122.62807082161248,121.49280746039278,121.98068237304688,17489000.0
2017.02.24,00:00,121.42711406855165,122.2152328491211,121.38959073841771,122.2152328491211,18624500.0
2017.02.27,00:00,121.99008869125126,122.3747565888051,121.7836745430905,122.3653793334961,12008700.0
2017.02.28,00:00,122.3372263273599,122.3935184888687,121.65231450163715,121.99008178710938,16598600.0
2017.03.01,00:00,122.76879861288774,123.54752577825958,122.53423844306289,123.32235717773438,25813800.0
2017.03.02,00:00,123.29425192248812,123.31300643446332,122.55303352324839,122.70315551757812,19951400.0
2017.03.03,00:00,122.61869302554226,122.96583754193863,122.29030301741373,122.92831420898438,13722700.0
2017.03.06,00:00,122.5248815815571,122.86264889444135,122.16835975759422,122.65623474121094,12026200.0
2017.03.07,00:00,122.41228287920588,122.98461036117263,122.2340148299413,122.4498062133789,15500900.0
2017.03.08,00:00,122.52491989722441,123.05033270014545,122.40295827139104,122.66566467285156,15776000.0
2017.03.09,00:00,122.63746835575571,122.92832072994022,122.10266419696279,122.75942993164062,20855300.0
2017.03.10,00:00,123.32237419327221,123.47249615861334,122.74066947309859,123.27545928955078,21922600.0
2017.03.13,00:00,123.22856637461274,123.51004153074885,123.16289695081963,123.48189544677734,10731600.0
2017.03.14,00:00,123.2004018209131,123.24731672597268,122.68436649809578,123.18163299560547,14019700.0
2017.03.15,00:00,123.43501499303967,124.23252577198977,123.04095539101114,123.9416732788086,22709100.0
2017.03.16,00:00,124.17618287613425,124.17618287613425,123.57570930163784,123.85717010498047,18457300.0
2017.03.17,00:00,124.01135904656837,124.14298539516106,123.74810634938298,123.81392669677734,21234500.0
2017.03.20,00:00,123.77634644597754,124.20884134170743,123.59772190798925,123.9267807006836,10105200.0
2017.03.21,00:00,124.39686020376782,124.50967870647618,121.97116197215048,122.04637908935547,35841900.0
2017.03.22,00:00,122.08399059527835,122.99597838379893,121.92414526037673,122.87374877929688,29177900.0
2017.03.23,00:00,122.7139413381478,123.05241124570435,122.35666356178244,122.56350708007812,20311700.0
2017.03.24,00:00,122.95834488046378,123.43783777726753,122.3472256386828,122.81732177734375,22967600.0
2017.03.27,00:00,121.9429366169021,123.2310098040501,121.6608760618816,123.01475524902344,18472400.0
2017.03.28,00:00,123.01479557012122,124.13362705250289,122.74214603015784,123.76695251464844,23721900.0
2017.03.29,00:00,123.85151960286319,124.3874360651644,123.71989326327616,124.34042358398438,13710000.0
2017.03.30,00:00,124.29343102519924,124.67891334798948,124.1806125292401,124.54728698730469,16092400.0
2017.03.31,00:00,124.36865964521706,124.80115449673967,124.22763651221985,124.46268463134766,19841400.0
2017.04.03,00:00,124.56609765468902,124.86695176608157,123.69171125274039,124.38745880126953,23700300.0
2017.04.04,00:00,124.03014421172045,124.6036619855325,123.98313173592733,124.58485412597656,13400000.0
2017.04.05,00:00,124.76356901818978,125.49691818000527,123.84218418471433,124.07723236083984,32011200.0
2017.04.06,00:00,124.19943660202851,124.47208611824308,123.82335098942313,124.14301300048828,18832200.0
2017.04.07,00:00,124.10543699427875,124.45330370415984,123.63534064202769,124.07723236083984,16743100.0
2017.04.10,00:00,124.19943892568612,124.64133056239031,123.78575191718012,124.12422180175781,15619300.0
2017.04.11,00:00,124.01134043963391,124.19939034900464,122.69507715120201,123.5882568359375,33778400.0
2017.04.12,00:00,123.56949699163367,123.67291874349702,122.9583775872954,123.09000396728516,15955200.0
2017.04.13,00:00,122.92076581296142,123.6447036686399,122.58229595784228,122.60108947753906,23683000.0
2017.04.17,00:00,122.94898741690959,123.63532398177348,122.90197491877913,123.61651611328125,13325500.0
2017.04.18,00:00,123.20280782311404,123.78573687617788,123.11819394880078,123.42845916748047,12841100.0
2017.04.19,00:00,123.9643318452092,124.3780043108045,123.4566200866721,123.62586212158203,17764800.0
2017.04.20,00:00,124.12420065357989,124.93276666529714,123.93616504889619,124.66010284423828,21977900.0
2017.04.21,00:00,124.77291152031972,124.81990965274115,124.3122121837968,124.63187408447266,22454900.0
2017.04.24,00:00,126.01391700976288,126.2583617348678,125.79767689347047,126.13614654541016,22469900.0
2017.04.25,00:00,126.54990169461206,127.27383950714952,126.43706885216413,127.04820251464844,19384400.0
2017.04.26,00:00,127.09522015700247,127.4054854154916,126.79436600544305,126.86958312988281,25398500.0
2017.04.27,00:00,127.17983804008979,127.6311264038086,127.10462092177026,127.6311264038086,16136500.0
2017.04.28,00:00,128.13881198152328,128.18582446933112,127.64992227767341,127.85676574707031,22771900.0
2017.05.01,00:00,128.27990445674664,129.16368796022823,128.2234951856654,128.99444580078125,24815500.0
2017.05.02,00:00,129.15420782449632,129.26704065255862,128.82514913698657,129.2106170654297,18345100.0
2017.05.03,00:00,128.9191970868697,128.96620958332582,128.4491008147079,128.79698181152344,23827600.0
2017.05.04,00:00,128.77812711132142,129.21060749055954,128.39264486524806,128.84393310546875,14630100.0
2017.05.05,00:00,129.17306375924667,129.3140869140625,128.69357068667193,129.3140869140625,19330700.0
2017.05.08,00:00,129.37985964701585,129.59609985351562,129.11660695748682,129.59609985351562,13279900.0
2017.05.09,00:00,129.79358357137366,130.33889696844994,129.6807507106753,130.0474395751953,28426100.0
2017.05.10,00:00,130.12261962890625,130.16963211713679,129.6619345443596,130.12261962890625,20499400.0
2017.05.11,00:00,129.76538440591,130.05684181143508,129.16366172625166,130.01922607421875,27232100.0
2017.05.12,00:00,130.07565131403706,130.338904093057,129.96281844717103,130.31069946289062,19738600.0
2017.05.15,00:00,130.36705617118255,130.79953655686438,130.2448265922663,130.7243194580078,20481300.0
2017.05.16,00:00,131.06280985245888,131.28846118453473,130.67734188618346,131.2696533203125,21786000.0
2017.05.17,00:00,130.22601023780885,130.47046937969802,127.91314557013959,127.93195343017578,55642200.0
2017.05.18,00:00,127.88498229989595,129.4833066110785,127.74394482331611,129.05081176757812,41319900.0
2017.05.19,00:00,129.51148599178038,130.1414130950245,129.4268721300451,129.59609985351562,36730100.0
2017.05.22,00:00,129.8875981530161,130.7525879443764,129.84060000135102,130.686767578125,19509700.0
2017.05.23,00:00,131.07224589618886,131.08164265698937,130.4799200031637,130.81838989257812,19687500.0
2017.05.24,00:00,131.21321578084877,131.4858795415883,130.8465414116632,131.42005920410156,15891900.0
2017.05.25,00:00,131.91839473727887,132.87739501230934,131.6363341450702,132.53892517089844,23928600.0
2017.05.26,00:00,132.5671280824169,132.83038080609046,132.38848923145326,132.7739715576172,13851600.0
2017.05.30,00:00,132.70815618627446,133.04662603601975,132.62354231038765,132.8867950439453,20306400.0
2017.05.31,00:00,133.3568454683277,133.3568454683277,132.16281181762693,132.83973693847656,33229400.0
2017.06.01,00:00,133.11241249409377,133.41326653603073,132.54829143944474,133.3568572998047,20120700.0
2017.06.02,00:00,133.82697966386195,134.90820950646147,133.6107394338209,134.8800048828125,37222900.0
2017.06.05,00:00,134.87058398617984,135.08682420052233,134.66374053030574,134.85177612304688,15727500.0
2017.06.06,00:00,134.69194337289795,135.13383490041102,134.118425497585,134.3158721923828,22393000.0
2017.06.07,00:00,134.69194249927568,134.95519519316798,134.07142649007,134.84237670898438,18842400.0
2017.06.08,00:00,135.14321411001822,135.19962333916286,134.25002016125313,134.98338317871094,25417400.0
2017.06.09,00:00,135.14322493055045,135.29364477158228,129.84993853037557,131.60809326171875,109783700.0
2017.06.12,00:00,130.49870877089393,131.1380327205485,129.2482511498603,130.90298461914062,104454000.0
2017.06.13,00:00,131.63630479903523,132.15341337843782,130.94996850975244,131.9653778076172,51193000.0
2017.06.14,00:00,132.50126549265678,132.50126549265678,130.3294240415416,131.391845703125,60093800.0
2017.06.15,00:00,130.0662303505499,130.95001361866133,129.26707531272527,130.80899047851562,55145200.0
2017.06.16,00:00,130.7410982136015,130.8353793535801,129.76064053012254,130.24143981933594,48087400.0
2017.06.19,00:00,131.50476268444353,132.54178346940517,131.30677801183845,132.4192352294922,39626500.0
2017.06.20,00:00,132.28720625472772,132.4568950160061,131.33501580995528,131.3821563720703,40935100.0
2017.06.21,00:00,131.68386574391857,132.74918231809428,131.5990213402985,132.68319702148438,35743400.0
2017.06.22,00:00,132.89057195343375,133.13568274424347,132.30605485953322,132.64544677734375,24099100.0
2017.06.23,00:00,132.49463226762606,133.3242603373,132.12695880679942,133.15457153320312,21654300.0
2017.06.26,00:00,133.91816721805444,134.1444189015973,132.24006676713816,132.53231811523438,34411100.0
2017.06.27,00:00,132.03270890276983,132.19297536664178,130.1189193129129,130.1283416748047,65957800.0
2017.06.28,00:00,130.6091085136201,132.11752038689716,129.85491696226333,132.00439453125,57427200.0
2017.06.29,00:00,131.45755499099076,131.45755499099076,128.45016891798227,129.7134552001953,88769400.0
2017.06.30,00:00,130.08115292623935,130.7316552880258,129.3363838245859,129.7606201171875,68898300.0
2017.07.03,00:00,130.3545914221188,130.5054211198311,128.30881709681958,128.39366149902344,32797000.0
2017.07.05,00:00,128.79899686855762,130.00572036920627,128.36533825269137,129.6569061279297,42116600.0
2017.07.06,00:00,128.66701001090274,129.2138088366562,128.02594445433024,128.48788452148438,48430500.0
2017.07.07,00:00,128.92157268986787,130.22257744169153,128.91215033126056,129.87374877929688,36970400.0
2017.07.10,00:00,129.95863116240625,131.03337003542043,129.62866154254843,130.72225952148438,24853500.0
2017.07.11,00:00,130.5336835549497,131.25017118782864,130.0434476033589,131.08990478515625,31517700.0
2017.07.12,00:00,132.2117881178127,132.79629082643294,131.94781822454675,132.64544677734375,36045800.0
2017.07.13,00:00,132.80568293011464,133.25821497428936,132.551149838703,132.9376678466797,31073600.0
2017.07.14,00:00,133.53164359459737,134.15386453613712,133.10740727455877,133.98416137695312,34544800.0
2017.07.17,00:00,134.1255776645461,134.5215325062987,133.7956081037788,134.05015563964844,25343200.0
2017.07.18,00:00,133.95589110283944,134.97406698714022,133.53165474736798,134.94578552246094,25748500.0
2017.07.19,00:00,135.34174650739448,135.9356860629676,135.285183575489,135.73770141601562,33752300.0
2017.07.20,00:00,136.08648168503004,136.17132605267966,135.3039945066134,135.91677856445312,36139400.0
2017.07.21,00:00,135.41711891548684,135.86021423339844,135.14372671637932,135.86021423339844,39697100.0
2017.07.24,00:00,135.84138760582132,136.57673439743388,135.68112119075508,136.4824676513672,26712700.0
2017.07.25,00:00,136.02993298614302,136.4541836841385,135.76596308555244,136.13363647460938,28120900.0
2017.07.26,00:00,136.47301771106362,136.65214321213537,136.2561883922671,136.57672119140625,18610600.0
2017.07.27,00:00,137.47237962850545,137.6043645981586,134.1538818961484,135.71885681152344,80665900.0
2017.07.28,00:00,134.90806905475057,135.8319637133473,134.6912253321552,135.60569763183594,38013200.0
2017.07.31,00:00,135.99225267268517,136.16194147299072,134.73838823550025,135.0306396484375,33848600.0
2017.08.01,00:00,135.4925646274285,135.53026844638194,134.92690664616674,135.3417205810547,20149400.0
2017.08.02,00:00,136.21849143153338,136.24677289257048,134.44610981837917,135.7093963623047,41769700.0
2017.08.03,00:00,135.8413822571377,135.91680428218993,134.93634672707182,135.18145751953125,27112800.0
2017.08.04,00:00,135.48315201745237,135.72826282148628,134.87035342944597,135.42657470703125,29472900.0
2017.08.07,00:00,135.6717158472998,136.2845001220703,135.48316794623832,136.2845001220703,17933900.0
2017.08.08,00:00,136.02050088882868,137.14238007865742,135.66224988427038,136.0487823486328,30810400.0
2017.08.09,00:00,134.92696633004826,135.93572015294737,134.61585574126497,135.86972045898438,36169500.0
2017.08.10,00:00,135.09667525355297,135.190942039252,132.82463425448705,132.9566192626953,63331700.0
2017.08.11,00:00,133.1357040139984,134.2575834322502,132.83401586762236,133.96533203125,45862500.0
2017.08.14,00:00,135.0306117697238,135.8979434689862,134.99290795031249,135.69053649902344,34161000.0
2017.08.15,00:00,136.02996192397256,136.03939867011016,135.41717760694618,135.78485107421875,25509200.0
2017.08.16,00:00,136.12418075797527,136.66155717160026,135.56795963126942,136.02047729492188,31913000.0
2017.08.17,00:00,135.49260716258908,135.7000141951443,133.2394256591797,133.2394256591797,70191000.0
2017.08.18,00:00,133.3148447996282,134.05961412008728,132.5983425626818,133.1451416015625,60751900.0
2017.08.21,00:00,133.1356692234323,133.42792054806236,132.15519738920628,132.97540283203125,37111500.0
2017.08.22,00:00,133.69187723170518,135.14372573934233,133.64473667764057,135.00230407714844,36294200.0
2017.08.23,00:00,134.32354554131663,134.8232038603965,134.22927880080502,134.5215301513672,25702300.0
2017.08.24,00:00,134.82320840133127,134.9740524535665,133.37137395808884,134.12557983398438,38160800.0
2017.08.25,00:00,134.6440739627806,134.983451443635,133.66360217827426,133.8427276611328,26380400.0
2017.08.28,00:00,134.24813161505858,134.5686788309165,133.8238952939678,134.257568359375,15362100.0
2017.08.29,00:00,133.10742171673314,135.01178856930576,132.98485910987336,134.7855224609375,24498300.0
2017.08.30,00:00,134.89867546968392,136.5956356607383,134.81383105645256,136.36936950683594,33642700.0
2017.08.31,00:00,136.75582793253,137.84000314834634,136.68040592214714,137.83056640625,38480700.0
2017.09.01,00:00,138.0097174453023,138.19826531354403,137.27437068946335,137.6420440673828,22293600.0
2017.09.05,00:00,137.23667136681593,137.52892272995896,135.37944531395385,136.40704345703125,44794300.0
2017.09.06,00:00,136.75585397156453,137.1329640952826,135.83195934269585,136.8218536376953,30722700.0
2017.09.07,00:00,137.0763648463867,137.49117872343848,136.6427062551257,137.14236450195312,22721100.0
2017.09.08,00:00,136.96326787184793,137.02926754131747,135.81310711056526,135.95452880859375,27890100.0
2017.09.11,00:00,137.01988794829782,137.7552350518618,136.98218411093248,137.51954650878906,27126300.0
2017.09.12,00:00,137.90600444636274,138.02856702564085,137.1989392002738,137.8494415283203,30256700.0
2017.09.13,00:00,137.61377331069153,138.0568687474299,137.3875072200332,138.0380096435547,28450900.0
2017.09.14,00:00,137.5006711090303,137.91547076866348,137.14242000018672,137.22726440429688,35296400.0
2017.09.15,00:00,137.19901088278942,138.19832798439805,136.9727447071229,137.69866943359375,46422400.0
2017.09.18,00:00,137.85824686679533,138.29285459744568,137.1023904112036,137.5181121826172,24858200.0
2017.09.19,00:00,137.76382225638756,137.95278285230543,137.29141355820818,137.75437927246094,20871200.0
2017.09.20,00:00,137.70711424869546,137.85828846878675,136.27098799136246,137.32919311523438,34236200.0
2017.09.21,00:00,137.2347110817188,137.24415406456242,136.00644572396777,136.48831176757812,28841800.0
2017.09.22,00:00,136.05366965822935,136.55442159460242,135.91195285237495,136.35601806640625,21702400.0
2017.09.25,00:00,135.81746476293688,135.8930518646429,134.25852223845112,134.91989135742188,54947700.0
2017.09.26,00:00,135.60963556128564,135.86474028712573,134.79709204882045,135.26950073242188,29628800.0
2017.09.27,00:00,135.98754534151286,136.9985067597193,135.64742495793055,136.48831176757812,33249400.0
2017.09.28,00:00,136.15760725452773,136.58277211113028,135.84581584854814,136.44105529785156,24149400.0
2017.09.29,00:00,136.715092911315,137.52763655905298,136.35607205541075,137.4237060546875,43102400.0
2017.10.02,00:00,137.6315083523917,138.1039169131194,136.9323384924793,137.54647827148438,27351300.0
2017.10.03,00:00,137.72601253137108,138.00000318643953,137.42366409579648,137.83938598632812,19715200.0
2017.10.04,00:00,137.5748124765408,138.26452489261044,137.44253866501015,137.9716339111328,26381100.0
2017.10.05,00:00,138.47240975634875,139.39832659725897,138.3306929397486,139.32275390625,31562400.0
2017.10.06,00:00,138.85034955761876,139.51171875,138.85034955761876,139.51171875,23561100.0
2017.10.09,00:00,139.69125482719394,139.8424146506299,139.17160238696988,139.3511199951172,13704800.0
2017.10.10,00:00,139.8235105007355,139.9652273220184,138.8408924839502,139.4550323486328,19223100.0
2017.10.11,00:00,139.3888455598297,139.899054793829,139.2093280299693,139.87069702148438,12439100.0
2017.10.12,00:00,139.66287484328976,140.16362676801182,139.47389988419326,139.61563110351562,14513500.0
2017.10.13,00:00,140.1824876425483,140.3147614401841,139.62504909656616,140.15414428710938,18409900.0
2017.10.16,00:00,140.5038040195323,140.67386423405156,140.20145552691633,140.63607788085938,21809400.0
2017.10.17,00:00,140.58885055499132,140.83449792136915,140.37154656101205,140.8155975341797,13138200.0
2017.10.18,00:00,140.9572533824391,140.9761537595144,140.43760113859528,140.6454620361328,17218200.0
2017.10.19,00:00,139.82352044635664,140.144754875292,139.14325082227697,140.1258544921875,27680300.0
2017.10.20,00:00,140.6927294731952,140.81554590296676,140.33369433209515,140.50376892089844,30173300.0
2017.10.23,00:00,140.79670654371665,140.80614952858903,139.38892329210714,139.58734130859375,29297100.0
2017.10.24,00:00,139.8612879312582,140.11639261007153,139.30384924739295,139.82350158691406,20289500.0
2017.10.25,00:00,139.5495077755472,140.00301602806204,138.25511273012677,139.29440307617188,36179100.0
2017.10.26,00:00,139.20937782704868,139.55897003221696,138.8125562901912,138.85035705566406,28230200.0
2017.10.27,00:00,141.1840940236349,143.15877386194785,140.96679000159455,142.89422607421875,60165100.0
2017.10.30,00:00,142.7902129957932,143.79171681552765,142.65793917840875,143.2153778076172,31733400.0
2017.10.31,00:00,143.6783488246452,143.96178243209815,143.26262697802704,143.75392150878906,26319300.0
2017.11.01,00:00,144.33030989942975,144.3964540416336,143.13984509069297,143.7067413330078,29481600.0
2017.11.02,00:00,143.5460974711371,143.60279862396303,142.45012026824378,143.43272399902344,31017400.0
2017.11.03,00:00,143.95233152363835,144.83100449188672,143.4610226031662,144.81211853027344,26199200.0
2017.11.06,00:00,144.69876902064044,145.3601526882448,144.65153968732733,145.30345153808594,28693900.0
2017.11.07,00:00,145.1900403199095,145.57741878637844,144.87824895056363,145.38845825195312,21333100.0
2017.11.08,00:00,145.31288926157058,146.01204476773913,145.14281466766036,145.97425842285156,17373500.0
2017.11.09,00:00,144.77436204000588,145.2845714948585,143.7161711955249,145.208984375,40594500.0
2017.11.10,00:00,144.86889217432477,145.31295762368714,144.61378737182923,145.19956970214844,20150800.0
2017.11.13,00:00,144.65151422206108,145.56798802858128,144.65151422206108,145.37901306152344,12522400.0
2017.11.14,00:00,144.86881493042225,145.0294321154568,144.15075908848556,144.84991455078125,25173800.0
2017.11.15,00:00,144.22633393980573,144.55702571304516,143.40434762264562,144.16964721679688,24808000.0
2017.11.16,00:00,144.89717698571684,146.34274625429669,144.86883362098135,146.01205444335938,34790600.0
2017.11.17,00:00,146.04985987332424,146.15379035293043,145.31290353312326,145.45462036132812,28725800.0
2017.11.20,00:00,145.5585820649562,145.69085593857764,145.1334170723709,145.34127807617188,21143900.0
2017.11.21,00:00,146.030936951758,146.9852115036111,145.96480724772505,146.9190673828125,20147800.0
2017.11.22,00:00,147.05138905609505,147.2403496649445,146.76794093443573,147.0986328125,17299000.0
2017.11.24,00:00,147.2497514226235,147.68435921706782,147.1647069265236,147.63711547851562,8280600.0
2017.11.27,00:00,147.5899147867371,147.92059218721855,147.23087960421148,147.57101440429688,22653400.0
2017.11.28,00:00,147.90166983352026,148.0434010556157,147.1080268901417,147.94891357421875,25227300.0
2017.11.29,00:00,147.7788855201772,147.81667187088763,144.6704283579951,145.36959838867188,71986300.0
2017.11.30,00:00,145.98368129519136,146.87181165375455,145.64354657099193,146.58836364746094,56595500.0
2017.12.01,00:00,145.6908234034036,146.67344145953174,143.85787555199764,145.96482849121094,59015800.0
2017.12.04,00:00,146.88131354322624,147.04193076486698,144.14133454143743,144.28306579589844,51319100.0
2017.12.05,00:00,144.25467160189618,146.02148942753934,143.706690356617,144.37750244140625,40604200.0
2017.12.06,00:00,143.83901517196932,145.25624136070354,143.66894053260066,145.02947998046875,28647800.0
2017.12.07,00:00,145.02003039349006,145.93650444048822,144.86885614688282,145.52078247070312,32666200.0
2017.12.08,00:00,146.58835753234533,146.94739261979058,145.93644588685916,146.16319274902344,28081700.0
2017.12.11,00:00,146.22936342787773,147.34424081410103,146.21990602906013,147.2969970703125,20821500.0
2017.12.12,00:00,147.23090668037165,147.53324077117668,146.78684132035178,147.0986328125,20310300.0
2017.12.13,00:00,147.69381040418418,147.8544275750956,147.16470073812013,147.38201904296875,24418500.0
2017.12.14,00:00,147.63717330254934,148.01510894222537,147.11753522524697,147.2781524658203,24594700.0
2017.12.15,00:00,147.8544926505354,149.1111016290779,147.6088308789768,148.95046997070312,49816200.0
2017.12.18,00:00,149.9341636004943,150.32235225870707,149.65959994402485,150.1992645263672,26844500.0
2017.12.19,00:00,149.91524276867096,150.06673315899417,148.89270430436744,149.30929565429688,31415000.0
2017.12.20,00:00,149.8300076153495,149.85841025250906,148.5613083325015,149.1483154296875,38972600.0
2017.12.21,00:00,149.35660731218977,149.83000384883698,148.99682132132486,149.16725158691406,18638700.0
2017.12.22,00:00,148.9400361501062,149.05364671122192,148.59919001984136,148.99684143066406,23330400.0
2017.12.26,00:00,148.16361397264453,148.3813722766529,147.65233775829722,148.1920166015625,21918700.0
2017.12.27,00:00,148.20153580421493,148.60866438537064,148.0689853364493,148.21099853515625,22388200.0
2017.12.28,00:00,148.684342093632,148.71275917015498,148.21094567090444,148.39083862304688,25393800.0
2017.12.29,00:00,148.523444692207,148.55184733245954,147.41569838160427,147.47250366210938,33186000.0
2018.01.02,00:00,148.2299326915804,150.09511634577575,147.86068394235434,150.0572509765625,32573300.0
2018.01.03,00:00,150.19927780906815,151.64787029887714,150.1708751678498,151.51531982421875,29383600.0
2018.01.04,00:00,152.03603368314177,152.23485213857447,151.5626371457476,151.7803955078125,24776100.0
2018.01.05,00:00,152.499998186538,153.408911631012,152.21595731754536,153.3047637939453,26992300.0
2018.01.08,00:00,153.30476074884282,153.97699031054225,153.24795546555637,153.9012451171875,23159100.0
2018.01.09,00:00,154.20417858120518,154.36513166518887,153.44675570290903,153.91067504882812,24782400.0
2018.01.10,00:00,153.2290275760687,153.57935092868158,152.54733522931664,153.55093383789062,34004000.0
2018.01.11,00:00,153.81602678878824,154.61132959484456,153.5793284931583,154.6018524169922,20473500.0
2018.01.12,00:00,154.46926255355714,155.89892914056762,154.27044412620833,155.73797607421875,37762700.0
2018.01.16,00:00,156.7699787021804,157.5652813144813,154.82905026148993,155.29298400878906,41231800.0
2018.01.17,00:00,156.03154067884094,157.20555513948074,155.27410313999366,156.96885681152344,33849900.0
2018.01.18,00:00,156.72270576729355,157.35705559312933,156.3534569299587,156.99728393554688,26432200.0
2018.01.19,00:00,157.4611603506375,157.74520117399135,156.73212560830981,157.48956298828125,38937600.0
2018.01.22,00:00,157.4327395450257,159.17483520507812,157.2528465627643,159.17483520507812,26081400.0
2018.01.23,00:00,159.6672155036326,160.6329486782951,159.5914703088631,160.4909210205078,37989700.0
2018.01.24,00:00,160.83174223421628,161.18206551156723,158.53104189338993,159.44943237304688,54287400.0
2018.01.25,00:00,160.54769726785224,160.60450253681412,158.88133232809164,159.39260864257812,28925000.0
2018.01.26,00:00,160.28258714305753,161.8542670543452,159.9701581536145,161.8353271484375,32038200.0
2018.01.29,00:00,161.49453929257186,161.81644554567086,160.70869912394605,161.04954528808594,37277800.0
2018.01.30,00:00,159.5819705866979,160.40567591264175,158.89081570914632,159.72398376464844,44987700.0
2018.01.31,00:00,160.6234475483431,160.94536818984005,159.3831508686413,160.38674926757812,42449200.0
2018.02.01,00:00,159.15592692182747,160.69918986094157,158.51210009725204,159.02337646484375,38037900.0
2018.02.02,00:00,158.39848395345868,158.7771954037756,155.71905782406466,155.8516082763672,68478100.0
2018.02.05,00:00,154.39354623256088,156.93094461673147,149.5932986391769,149.7069091796875,105372200.0
2018.02.06,00:00,147.51981111686754,153.86332115971052,146.84759619491862,153.67396545410156,118537900.0
2018.02.07,00:00,153.1816811943043,154.84804664337153,151.67628331904677,151.68576049804688,91028300.0
2018.02.08,00:00,152.07392125317836,152.24435154392032,145.28541564941406,145.28541564941406,94184800.0
2018.02.09,00:00,147.33993200365109,148.87374659130643,142.1420473280707,147.79440307617188,113836600.0
2018.02.12,00:00,149.30927645624536,151.4395610379046,148.13526219949108,150.41702270507812,63050600.0
2018.02.13,00:00,149.5554871828765,151.49640203515142,149.32825157303168,151.1934356689453,31785600.0
2018.02.14,00:00,150.30341699623577,154.26100554545883,149.59332211278897,154.02430725097656,52107400.0
2018.02.15,00:00,155.4066262213275,156.8836212158203,153.79708076442938,156.8836212158203,51633900.0
2018.02.16,00:00,156.37233911361537,157.8871992819532,155.91786806089047,156.1829833984375,62256300.0
2018.02.20,00:00,155.63389716158724,157.81151033235574,155.56761469185628,156.49546813964844,36785600.0
2018.02.21,00:00,157.26233956795636,158.79613976576488,155.9557604679469,156.05044555664062,41161800.0
2018.02.22,00:00,156.73211173638282,157.56529422530033,155.6338428018912,156.031494140625,37074400.0
2018.02.23,00:00,157.29077701063954,159.22222900390625,156.64695004827104,159.22222900390625,50096900.0
2018.02.26,00:00,159.97018704256226,161.33355712890625,159.83763657110168,161.33355712890625,39266700.0
2018.02.27,00:00,161.38090758860565,161.64600854452033,159.2600999412883,159.33583068847656,42209900.0
2018.02.28,00:00,160.24479151600048,160.7655308032211,158.2091913759543,158.31333923339844,42936300.0
2018.03.01,00:00,158.39850998085222,159.12754481176594,154.32729620985882,155.72854614257812,76809900.0
2018.03.02,00:00,153.85384495456606,157.43272093067924,153.34258314951262,157.1581573486328,57445100.0
2018.03.05,00:00,156.41972061643384,159.30742849774862,155.83269897217284,158.9003143310547,38540200.0
2018.03.06,00:00,159.67664232035384,160.11217348058747,158.5688961839809,159.57249450683594,29480900.0
2018.03.07,00:00,158.3511214573648,160.07429156708474,158.07655785751885,159.9417266845703,34609400.0
2018.03.08,00:00,160.60453774817742,160.93590670541016,159.96071084932066,160.82229614257812,25828400.0
2018.03.09,00:00,161.96792195973956,163.94671630859375,161.73122365637659,163.94671630859375,38310500.0
2018.03.12,00:00,164.429560374716,165.19646049487721,164.06031163364145,164.8177490234375,37635000.0
2018.03.13,00:00,165.19645907237845,165.8876284498334,162.1572612559161,162.5738525390625,55638900.0
2018.03.14,00:00,163.42593513075172,163.54902283986516,161.8353154287449,162.54541015625,40536400.0
2018.03.15,00:00,162.6590653184958,163.35022026971095,161.80694281922692,162.40342712402344,28810400.0
2018.03.16,00:00,162.67798479616,163.0377563224348,161.84480230957922,161.92054748535156,31176700.0
2018.03.19,00:00,160.36244789195098,160.4762427472598,157.08122301713536,158.46578979492188,71395100.0
2018.03.20,00:00,158.5321718123798,159.35721348794715,158.001109838665,158.98736572265625,34075700.0
2018.03.21,00:00,158.57012854605242,160.0400271986878,157.60282873080612,158.29510498046875,43863500.0
2018.03.22,00:00,156.1044586392178,157.20452390269915,154.1888297452732,154.3879852294922,66607300.0
2018.03.23,00:00,154.20778057558155,154.8621299063829,150.24375779740703,150.3196258544922,80110400.0
2018.03.26,00:00,153.3638188399669,156.09501191300612,150.93609809520188,155.90533447265625,57481500.0
2018.03.27,00:00,157.06228097261555,157.06228097261555,149.53254464160668,150.86021423339844,78889100.0
2018.03.28,00:00,149.99721692350883,151.52402740333153,147.9772712438351,149.124755859375,89369700.0
2018.03.29,00:00,149.93088007394456,153.35434969875348,148.53683473415194,151.85598754882812,68692600.0
2018.04.02,00:00,150.77486648346974,151.48611339180113,145.92890363589106,147.47467041015625,85549400.0
2018.04.03,00:00,148.76441423286607,149.76016290246207,146.45998095528037,149.13426208496094,64090000.0
2018.04.04,00:00,146.25130370356482,151.9507559465857,146.08059695411916,151.486083984375,65768700.0
2018.04.05,00:00,152.99391603058,153.23099827550368,151.23950163000418,152.3490447998047,43054900.0
2018.04.06,00:00,150.67052937774895,152.1688910657311,147.82554212798996,148.5367889404297,59870900.0
2018.04.09,00:00,149.81705363035536,152.56721718836326,149.32393282990395,149.57997131347656,41810400.0
2018.04.10,00:00,151.9318131017785,153.3732629305298,150.85071849503805,152.88014221191406,48296800.0
2018.04.11,00:00,151.9222856387042,153.62928053876055,151.82746143169308,151.99815368652344,41622100.0
2018.04.12,00:00,152.91808878054334,154.35955326601922,152.83274262248142,153.8284912109375,30467900.0
2018.04.13,00:00,154.59662744431162,154.82421718717495,152.36804807640866,153.03187561035156,44604900.0
2018.04.16,00:00,154.10344928385982,154.75779855299822,153.13614973511827,154.1982879638672,28180800.0
2018.04.17,00:00,155.7536087619345,157.85890095637978,155.44065835785676,157.5175018310547,35536100.0
2018.04.18,00:00,157.51747634960722,158.3709667896733,156.76828822367082,157.83990478515625,29573900.0
2018.04.19,00:00,157.0432652452858,157.4131129224397,155.84836161882694,156.388916015625,34705700.0
2018.04.20,00:00,155.9906305084734,156.10442534927176,153.37323340730254,153.91378784179688,49197100.0
2018.04.23,00:00,154.66301664008176,155.26994679198245,152.69998258251087,153.5250244140625,33040600.0
2018.04.24,00:00,154.25522695212194,154.4923092456779,149.25752815226338,150.27224731445312,70256800.0
2018.04.25,00:00,150.5377531870203,151.0782932014775,148.3850422693183,150.452392578125,52089300.0
2018.04.26,00:00,152.396489835845,154.1319338977122,151.90335463156612,153.61984252929688,43005500.0
2018.04.27,00:00,155.8768653125236,155.91480658376165,152.84221477946244,153.7146759033203,51043400.0
2018.04.30,00:00,154.07504221148793,155.03284946885802,152.24475937925305,152.6240997314453,35615300.0
2018.05.01,00:00,152.22578482869912,154.3879739288055,151.86541515523035,154.36900329589844,36513500.0
2018.05.02,00:00,154.63453695834895,155.11819404857624,153.27843332420161,153.4586181640625,38646800.0
2018.05.03,00:00,152.68101568081028,154.00867089858772,150.9929907023404,153.43968200683594,60337100.0
2018.05.04,00:00,152.77582291589437,156.7113828700259,152.66201358471108,156.35101318359375,41543200.0
2018.05.07,00:00,157.08120436982844,158.16229877798284,156.9579169776442,157.65020751953125,32500200.0
2018.05.08,00:00,157.3183526435309,157.83044411695025,156.34157458710789,157.4890594482422,26040200.0
2018.05.09,00:00,157.77348882315076,159.3192697013611,157.21397819410782,159.20547485351562,29122700.0
2018.05.10,00:00,159.71759869881342,160.96940016171084,159.59431127494645,160.8555908203125,27067600.0
2018.05.11,00:00,160.6659161540593,161.0831832779089,160.00208867082307,160.703857421875,24688800.0
2018.05.14,00:00,161.07373581193826,161.99361638153667,160.71336605096172,160.97889709472656,21821700.0
2018.05.15,00:00,159.7081355714449,159.7934817327193,158.35201719298553,159.19602966308594,49361600.0
2018.05.16,00:00,159.4046144970717,160.61847443172474,159.3287464423619,160.24862670898438,22941200.0
2018.05.17,00:00,159.68911483022399,160.84607733234424,158.85458070532368,159.63221740722656,27480200.0
2018.05.18,00:00,159.0158090208132,159.56584160923921,158.5701076776202,158.80718994140625,26217900.0
2018.05.21,00:00,160.04003802270097,160.7418068726531,159.0158407026449,159.69863891601562,22954600.0
2018.05.22,00:00,160.4288413065183,160.69437231211054,159.20550306435084,159.489990234375,19477700.0
2018.05.23,00:00,158.27607890389433,160.85553452744404,158.25712274559092,160.83657836914062,26557800.0
2018.05.24,00:00,160.7891845703125,161.07368616389854,159.16753561611853,160.7891845703125,27696500.0
2018.05.25,00:00,160.77022409920974,161.52889023993566,160.46676632513123,160.95040893554688,27460500.0
2018.05.29,00:00,160.22021088339542,161.14009133882874,159.2813742631577,160.2391815185547,41220500.0
2018.05.30,00:00,160.81763846212016,161.67112880001466,160.47623943289182,161.38662719726562,22665800.0
2018.05.31,00:00,161.38662041249307,162.353920033033,160.86505104479156,161.28231811523438,35670900.0
2018.06.01,00:00,162.08838069681786,163.90917052527075,162.04096135574514,163.81434631347656,45543300.0
2018.06.04,00:00,164.23163895403206,165.33170426571945,164.12733663672074,165.2937774658203,20459600.0
2018.06.05,00:00,165.68257423165159,166.08087069510148,165.07564422015375,165.80584716796875,24779300.0
2018.06.06,00:00,165.97658502440788,166.80162681970975,165.14205067582768,166.77317810058594,25036600.0
2018.06.07,00:00,166.80162020330224,166.83954700384436,164.582533377534,165.41705322265625,39600300.0
2018.06.08,00:00,164.63938367640765,165.84376545135885,164.23159471796788,165.42649841308594,31780300.0
2018.06.11,00:00,165.3032349391491,166.28001270626433,165.27478622518285,165.8722381591797,22319700.0
2018.06.12,00:00,166.09978829674722,166.90587358801096,165.91961797467198,166.74465942382812,22511800.0
2018.06.13,00:00,167.00074519976374,167.98700100764165,166.36535202629776,166.73521423339844,37858600.0
2018.06.14,00:00,167.5033831127348,168.69827263752708,167.38009569219312,168.4232635498047,35916000.0
2018.06.15,00:00,167.7878925315865,168.16723292572564,167.01027004672497,167.83531188964844,49615700.0
2018.06.18,00:00,166.77850020850585,167.8809055883527,166.25579987680038,167.7383575439453,31633200.0
2018.06.19,00:00,165.61903637051,167.3011610485608,165.08683774911597,167.26315307617188,38236000.0
2018.06.20,00:00,168.03296583493164,169.14488408086777,167.88090492061724,168.4511260986328,33038000.0
2018.06.21,00:00,168.8787843964263,169.04985655002235,166.66444627809435,166.98757934570312,43469400.0
2018.06.22,00:00,167.54827575546196,167.61479333729017,166.0181973575027,166.61692810058594,30073200.0
2018.06.25,00:00,165.105854265904,165.3529568706742,161.38044896848186,162.86300659179688,77799700.0
2018.06.26,00:00,163.46172719517452,164.4691052867466,162.862996460954,163.52825927734375,39008100.0
2018.06.27,00:00,164.22206824434846,164.96334724030908,161.19042015765635,161.30445861816406,52843500.0
2018.06.28,00:00,161.1048578152334,163.24316551313595,160.77222637280659,162.69195556640625,46407700.0
2018.06.29,00:00,163.47120382769677,164.33603377295162,162.89148440851014,163.1290740966797,36408500.0
2018.07.02,00:00,161.59900060781902,164.26952096134607,161.2473724995618,164.2220001220703,31770000.0
2018.07.03,00:00,164.83971863488026,164.83971863488026,162.15971455994944,162.32127380371094,25512700.0
2018.07.05,00:00,163.37615679091067,164.4690634230919,162.5398365498052,164.3360137939453,31626200.0
2018.07.06,00:00,164.71623183839802,167.01609892009526,164.41210999222594,166.89254760742188,37005600.0
2018.07.09,00:00,167.7573500489949,168.43209671893888,167.09210174717504,168.3940887451172,27362100.0
2018.07.10,00:00,168.70773858292458,168.89780748811478,167.93795009104113,168.51766967773438,23902500.0
2018.07.11,00:00,167.19667232827572,168.28009564186334,167.0731355040915,167.662353515625,30280600.0
2018.07.12,00:00,168.40358656265124,170.55140686035156,168.28954814023365,170.55140686035156,27930100.0
2018.07.13,00:00,170.54189357070777,170.96955215504533,170.06671414337154,170.69395446777344,28049800.0
2018.07.16,00:00,170.73194810460666,171.01705863733204,170.00018228891122,170.2852783203125,21405300.0
2018.07.17,00:00,168.479634274446,171.68233931032128,168.479634274446,171.3212127685547,31034100.0
2018.07.18,00:00,171.3401766129523,171.48273912953812,170.47536115149077,170.998046875,23220800.0
2018.07.19,00:00,170.38033568727454,170.95055680523234,169.94317873132223,170.1427459716797,31094100.0
2018.07.20,00:00,170.6559308948199,171.22613745470667,169.91463771471638,170.10472106933594,35897300.0
2018.07.23,00:00,169.60105252881826,170.72246904938171,168.91679297340386,170.6464385986328,22184700.0
2018.07.24,00:00,172.40461516783964,173.012844296623,170.64644536520387,171.34971618652344,36900300.0
2018.07.25,00:00,171.42576582043793,173.84916973666705,171.3402224870537,173.74464416503906,35026600.0
2018.07.26,00:00,171.38771928041322,171.93892917850303,170.8840302272378,171.11212158203125,40873500.0
2018.07.27,00:00,172.1955379971898,172.30957642912713,167.83339395966874,168.80274963378906,59456100.0
2018.07.30,00:00,168.81225156442017,168.90727875110102,165.6190451651664,166.41734313964844,60193000.0
2018.07.31,00:00,167.07309892634723,168.33707801414397,166.14175125688033,167.69082641601562,47285100.0
2018.08.01,00:00,168.08048757252087,168.83126477626385,167.3582199776968,168.32757568359375,37101900.0
2018.08.02,00:00,167.13963301241594,170.81753221042274,167.06360255210978,170.61795043945312,47178200.0
2018.08.03,00:00,170.94107374109615,171.15015388738092,170.19029648949385,171.14065551757812,28934400.0
2018.08.06,00:00,171.02660887396482,172.1955463620865,170.81752873770537,172.1480255126953,24808800.0
2018.08.07,00:00,172.63269075814264,173.09837184602304,172.26205136209944,172.77525329589844,29895700.0
2018.08.08,00:00,172.53765938521263,173.2979493975018,172.07197830862066,172.9843292236328,22680700.0
2018.08.09,00:00,172.87977600097656,173.56403550979823,172.62317505983725,172.87977600097656,18852900.0
2018.08.10,00:00,171.71082324442887,172.2240251238088,170.91252532242083,171.55877685546875,33818500.0
2018.08.13,00:00,171.87237179786922,172.97477683744975,171.29265242733592,171.36868286132812,26089200.0
2018.08.14,00:00,172.02446669885106,172.64220871132906,171.10261736592713,172.442626953125,20913000.0
2018.08.15,00:00,171.07410350250498,171.6158150460653,169.27792572865306,170.33282470703125,58528000.0
2018.08.16,00:00,171.64434720911845,172.0054882856159,170.56093848095423,170.89356994628906,27711800.0
2018.08.17,00:00,170.44684083194653,171.35917707490873,169.42045168262172,170.9315185546875,36092600.0
2018.08.20,00:00,171.31172452759702,171.37825662460662,170.11427729338456,170.77952575683594,24939000.0
2018.08.21,00:00,171.29268460071444,172.43311232215535,171.18814454700504,171.40672302246094,26258700.0
2018.08.22,00:00,171.04558638212865,172.2715574524811,170.8270079010965,172.0719757080078,18042400.0
2018.08.23,00:00,171.76787092355596,173.01283874869645,171.53977956957894,171.82489013671875,25776200.0
2018.08.24,00:00,172.39508897697198,173.56404079927302,172.35708100369013,173.42147827148438,23136100.0
2018.08.27,00:00,174.29583866676296,175.18917846679688,174.02024093123205,175.18917846679688,29343600.0
2018.08.28,00:00,175.6548656744275,175.835436214883,175.075146071489,175.44578552246094,20277000.0
2018.08.29,00:00,175.74988500543972,177.56507419740714,175.68336741533673,177.4700469970703,29175600.0
2018.08.30,00:00,177.12787772521705,178.21128617680193,176.56715501239788,177.15638732910156,29315500.0
2018.08.31,00:00,176.93785154407095,177.8882106508746,176.74778262297605,177.384521484375,28653200.0
2018.09.04,00:00,176.84280030625186,177.1469076384183,175.67386282408106,176.6242218017578,29063500.0
2018.09.05,00:00,176.31058790432024,176.33909751132992,173.74462176416577,174.3433380126953,42623300.0
2018.09.06,00:00,174.41933187696478,174.62841195206084,171.61577659895138,172.7847137451172,46091400.0
2018.09.07,00:00,171.5397568922992,173.6020336699037,171.48273768667426,172.11947631835938,46629500.0
2018.09.10,00:00,173.10794258677296,173.20298431834476,171.75843410618086,172.6992950439453,26132000.0
2018.09.11,00:00,172.00542419973718,174.31478885145435,171.55875445617232,174.02967834472656,30116500.0
2018.09.12,00:00,173.77311094401526,173.8966477260934,172.02443974546424,173.51651000976562,36204000.0
2018.09.13,00:00,174.59993209740236,175.70235186275892,174.5239016479303,175.36972045898438,31133200.0
2018.09.14,00:00,175.49326026510477,175.7688579377419,174.16274923842084,174.8565216064453,31224100.0
2018.09.17,00:00,174.5619254580891,174.68547676235534,172.17652970747025,172.3380889892578,33071200.0
2018.09.18,00:00,172.48066536925043,174.60946031305892,172.3951220356433,173.76364135742188,31877300.0
2018.09.19,00:00,173.7921134590976,174.20077529399987,172.49962487874194,173.63055419921875,31843400.0
2018.09.20,00:00,174.82804063851455,175.7878979675069,174.40988037595886,175.55030822753906,33295800.0
2018.09.21,00:00,176.02546016840182,176.2725482388339,174.37183061645732,174.59042358398438,38605400.0
2018.09.24,00:00,173.32416998047074,175.1426253160669,172.6101182072972,175.0759735107422,34945600.0
2018.09.25,00:00,174.99982606105374,175.44729971843907,174.40001785489423,175.3140106201172,25277500.0
2018.09.26,00:00,175.46636609115419,177.07536545180778,175.09505966388213,175.43780517578125,36210600.0
2018.09.27,00:00,176.1518001124462,177.55134262252545,176.05658740706454,176.9229736328125,33113300.0
2018.09.28,00:00,176.42792909573444,177.3514373189477,176.1042290763914,176.88491821289062,28076800.0
2018.10.01,00:00,177.91319552019587,178.54156478037203,176.79927611938837,177.2467498779297,27371300.0
2018.10.02,00:00,177.0943650072503,178.2082840917509,176.4374495426125,176.84683227539062,25618600.0
2018.10.03,00:00,177.58944852684127,178.00836125632804,176.76115305644254,177.03724670410156,29128700.0
2018.10.04,00:00,176.32322499010417,176.43748318056393,172.38165881370793,173.63839721679688,80557300.0
2018.10.05,00:00,173.61936898324808,174.20013187365257,169.8777288460714,171.51528930664062,83325600.0
2018.10.08,00:00,170.9154760295584,171.98178894204224,168.44960562830366,170.46800231933594,66864500.0
2018.10.09,00:00,170.5917750763233,172.34359367923273,170.182392238787,171.0202178955078,49097900.0
2018.10.10,00:00,169.95388423404546,170.05861243735427,163.2798837211472,163.4988555908203,114471100.0
2018.10.11,00:00,162.82283766968902,165.0887519167179,159.7666899148455,161.4709014892578,143084500.0
2018.10.12,00:00,165.8218568361367,166.47878677388903,162.73714803046397,165.9646759033203,102078400.0
2018.10.15,00:00,165.38392945307362,165.69809947137276,163.33697217533367,163.95582580566406,64885300.0
2018.10.16,00:00,165.67907443185885,169.1350755026543,165.37440533643138,168.72569274902344,71979700.0
2018.10.17,00:00,169.54448594774533,169.71585143166217,167.05958473898878,168.79234313964844,66987600.0
2018.10.18,00:00,168.15443823534963,168.21156005643297,164.1747964073816,164.8793182373047,82486200.0
2018.10.19,00:00,166.2122459202444,167.63083428577764,164.12721200720088,164.72702026367188,82923700.0
2018.10.22,00:00,165.71714537447562,166.85010992890815,164.3176026339909,165.5743408203125,52909300.0
2018.10.23,00:00,162.46105027011325,165.7837762423116,160.72829227966218,164.96499633789062,77567000.0
2018.10.24,00:00,164.77460463449026,165.05069827895215,157.1294764647299,157.41510009765625,102997400.0
2018.10.25,00:00,159.86194961822082,163.8320766068038,159.14789768802768,162.8609619140625,83481100.0
2018.10.26,00:00,157.28178691216328,161.81364439089802,156.35827887271117,158.67181396484375,130970900.0
2018.10.29,00:00,161.09960258708008,161.71844162882027,152.41672339043583,155.40621948242188,111871900.0
2018.10.30,00:00,154.949228199736,158.08152878633257,154.24469191691367,157.96728515625,92584000.0
2018.10.31,00:00,160.53787965578863,163.04182592311986,160.4617123879793,161.6803741455078,73828600.0
2018.11.01,00:00,161.91838028654476,163.98436825390317,160.69020315269333,163.81298828125,52706800.0
2018.11.02,00:00,163.30843288953432,164.27954756604376,160.15708608134338,161.26148986816406,75966800.0
2018.11.05,00:00,161.47095706403547,161.52807889693048,159.0717383904738,160.86163330078125,39573500.0
2018.11.06,00:00,160.87112931316187,162.98472403927326,160.63311201992792,162.08026123046875,34410400.0
2018.11.07,00:00,164.0224605015983,167.16429138183594,163.63210869088113,167.16429138183594,51169600.0
2018.11.08,00:00,166.38358578421858,166.89771121842776,165.30775761156076,166.0979766845703,40296500.0
2018.11.09,00:00,164.54609730376765,164.9459645654844,162.0040746580836,163.29888916015625,50602700.0
2018.11.12,00:00,162.15642721523568,162.4610817938873,158.21484692436925,158.357666015625,62578400.0
2018.11.13,00:00,159.10029052650188,161.35668996587552,158.0434930939933,158.490966796875,64128100.0
2018.11.14,00:00,160.0618701705922,160.6140720530409,156.37736699429652,157.28182983398438,75270700.0
2018.11.15,00:00,156.9961918646553,160.46172287567043,155.62522453674424,160.03329467773438,73254300.0
2018.11.16,00:00,158.47189742410555,160.24274651594462,157.83401287589223,159.47157287597656,65390700.0
2018.11.19,00:00,158.70989687197084,158.90030776346043,153.79721742347246,154.29229736328125,67280500.0
2018.11.20,00:00,150.77915317940824,153.64488998256252,149.59859699291943,151.5312957763672,102652800.0
2018.11.21,00:00,153.61637263485753,154.20665089547666,151.59797603376384,152.68333435058594,42965800.0
2018.11.23,00:00,151.46466029342952,153.13078111570005,151.46466029342952,151.57891845703125,23503700.0
2018.11.26,00:00,153.70205262640192,155.15871732745188,153.0546380218114,155.08255004882812,42012600.0
2018.11.27,00:00,154.23521912195864,155.99655305253083,153.45451536064698,155.606201171875,36608100.0
2018.11.28,00:00,156.7296156515834,160.6140594482422,155.6347419622156,160.6140594482422,70141000.0
2018.11.29,00:00,159.93810355909136,161.14722093361175,158.8241843842013,160.09042358398438,44885700.0
2018.11.30,00:00,160.30944426912362,161.34719639001372,159.50969496197126,161.25198364257812,36722800.0
2018.12.03,00:00,164.81272707246367,165.00313803849536,161.38527157419105,164.0701141357422,50771700.0
2018.12.04,00:00,163.21319219049573,163.6701957996208,157.58647507956982,157.77688598632812,70594700.0
2018.12.06,00:00,154.5969966329966,158.9098688153558,154.01623385760004,158.8908233642578,71715500.0
2018.12.07,00:00,158.19583317966627,159.10981154229478,153.1498631498835,153.6449432373047,80432200.0
2018.12.10,00:00,153.35934390957314,155.92992843796517,151.7693897215402,155.25396728515625,73960800.0
2018.12.11,00:00,157.78638694660157,157.82447784090527,154.45414553858868,155.76800537109375,59058300.0
2018.12.12,00:00,158.04348565280944,159.56680216886593,157.0533400865688,157.13902282714844,53780000.0
2018.12.13,00:00,158.16724500583982,158.82417501244228,156.16789407508645,157.18661499023438,46378500.0
2018.12.14,00:00,155.38719516103572,155.95842787134256,152.99749256154345,153.35928344726562,56547400.0
2018.12.17,00:00,152.70233140647522,153.9209784451926,148.68459945690375,149.8842010498047,74834100.0
2018.12.18,00:00,151.04572348585984,152.28341594751038,149.51289199289488,150.82675170898438,63642100.0
2018.12.19,00:00,150.59827622198677,153.0165397582508,145.99026548006532,147.12322998046875,81856500.0
2018.12.20,00:00,146.7614651838538,148.39902541261333,143.18169012867574,144.99061584472656,99002100.0
2018.12.21,00:00,145.7141442824949,146.70428952082682,139.6875465580451,140.49681091308594,141129400.0
2018.12.24,00:00,139.47618546452412,141.29028662666678,136.97463206706718,137.0128173828125,56163300.0
2018.12.26,00:00,138.52140097296882,145.6441501772813,137.57615044806383,145.56777954101562,98982100.0
2018.12.27,00:00,143.57220516546255,146.25517091060647,140.43094290299098,146.1310577392578,85824300.0
2018.12.28,00:00,147.18132087906773,148.55622499705024,144.86118110670995,146.05467224121094,77856600.0
2018.12.31,00:00,147.48692047168637,147.97385980408944,145.80648952840284,147.28640747070312,53015300.0
2019.01.02,00:00,144.16421243412046,148.70902225134913,144.05918461253182,147.87835693359375,58576700.0
2019.01.03,00:00,145.7014429769087,146.3315953941148,142.7320356475282,143.047119140625,74820200.0
2019.01.04,00:00,145.45313851996602,149.90247667450393,144.88027155431928,149.1672821044922,74709300.0
2019.01.07,00:00,149.53967516877606,151.6784167360542,149.05273598305433,150.94322204589844,52059300.0
2019.01.08,00:00,152.32766386092172,152.8719028463536,150.09345181006177,152.30857849121094,49388700.0
2019.01.09,00:00,152.90052273049088,154.21814149380342,152.26081328468933,153.54978942871094,46491700.0
2019.01.10,00:00,152.3849835269423,154.0749568125092,151.52566100153157,153.98902893066406,38943400.0
2019.01.11,00:00,153.08196363406662,153.58800275919504,152.5663672547756,153.42568969726562,30176600.0
2019.01.14,00:00,152.12715523835587,152.72867943032924,151.42060324411707,152.0698699951172,30710200.0
2019.01.15,00:00,152.76684931856983,155.2493164475894,152.68092146238382,155.0392608642578,40874200.0
2019.01.16,00:00,155.2970463079326,156.37596685634657,154.95332031005626,155.0106201171875,33812200.0
2019.01.17,00:00,154.51418790083702,156.92981357191172,154.2659469095011,156.23281860351562,39329000.0
2019.01.18,00:00,157.3307719310709,158.51472036464,156.41417891132602,157.77952575683594,57183200.0
2019.01.22,00:00,156.6433120561708,156.71969723216404,153.49249274911702,154.61915588378906,56711700.0
2019.01.23,00:00,155.4116072177223,156.1181444704776,153.07236808636807,154.8196258544922,38106100.0
2019.01.24,00:00,155.32570818269798,156.05136013983042,154.73374122312916,155.82220458984375,32417800.0
2019.01.25,00:00,157.07299980169913,158.1614632986494,156.53831802340574,157.68406677246094,36515900.0
2019.01.28,00:00,155.6503392272823,155.74580977380063,154.43774819153273,155.73626708984375,33491200.0
2019.01.29,00:00,155.8221713912995,155.86037125931733,153.71208760621397,154.265869140625,30784200.0
2019.01.30,00:00,156.01319726203363,158.76300623805167,155.5262579929419,158.19012451171875,41346500.0
2019.01.31,00:00,159.16397930339883,161.35046328253006,158.94438100772962,160.5579833984375,37258400.0
2019.02.01,00:00,159.76551068152705,160.97810184232978,159.44088456571674,159.8800811767578,32143700.0
2019.02.04,00:00,159.9087297589055,161.86605834960938,159.7655166345308,161.86605834960938,26718800.0
2019.02.05,00:00,162.08565708189914,163.48920398033678,162.01882914668008,163.29824829101562,28156400.0
2019.02.06,00:00,163.336433581131,163.62285980503665,162.07609992001036,162.81129455566406,27970000.0
2019.02.07,00:00,161.3886695139231,161.78968085021774,159.4026982039502,160.6248321533203,42036200.0
2019.02.08,00:00,159.22125032829962,160.96852299105842,159.0398519248509,160.93988037109375,29020700.0
2019.02.11,00:00,161.52234993112174,161.913818605834,160.38614379031566,160.7871551513672,21434100.0
2019.02.12,00:00,161.9615473186012,163.40327955776894,161.6751064940751,163.16458129882812,29722100.0
2019.02.13,00:00,163.8902112191178,164.37716496909871,163.09774585660995,163.27914428710938,26094100.0
2019.02.14,00:00,162.69672277432053,164.06208435195768,162.15249833550328,163.4796600341797,30326800.0
2019.02.15,00:00,164.72089595792002,164.75908126838232,163.40327692769915,164.1671142578125,32521700.0
2019.02.19,00:00,163.66111006965176,164.9882720686354,163.63246743844257,164.4917755126953,19487700.0
2019.02.20,00:00,164.60628683500653,165.25555356987178,163.57512334436828,164.46307373046875,32593000.0
2019.02.21,00:00,164.02383950788212,164.4725932642474,162.99267616238436,163.8615264892578,25207400.0
2019.02.22,00:00,164.2148650398717,165.188743479738,164.1289225913068,165.0741729736328,27735400.0
2019.02.25,00:00,166.33449921523496,166.76415316248028,165.56110462741094,165.67568969726562,32608800.0
2019.02.26,00:00,165.2746367331153,166.37264260709023,164.99773866713372,165.84750366210938,21939700.0
2019.02.27,00:00,165.0837440495625,165.94306670009064,163.99528034741772,165.7425537109375,25162000.0
2019.02.28,00:00,165.22691002452086,165.95254736509088,164.8927266904916,165.36058044433594,25085500.0
2019.03.01,00:00,166.5540902191779,166.75458858689657,165.35104173692716,166.50634765625,31431200.0
2019.03.04,00:00,167.60436722649663,167.84306549133208,164.67316011019014,166.53500366210938,38063500.0
2019.03.05,00:00,166.65907287597656,167.17465453654785,165.83795055063655,166.65907287597656,22319900.0
2019.03.06,00:00,166.82144590102558,166.85008852752858,165.44654155293694,165.71388244628906,27194600.0
2019.03.07,00:00,165.29376305825457,165.35104830845088,163.0690935720583,163.68016052246094,39407400.0
2019.03.08,00:00,161.8469554141968,163.5178431562374,161.68464235324817,163.43191528320312,39303200.0
2019.03.11,00:00,164.1097970393166,166.94553292301305,164.08115441980308,166.83094787597656,30518400.0
2019.03.12,00:00,167.27019259820761,168.17724305933953,166.8691812754646,167.74758911132812,33953500.0
2019.03.13,00:00,168.61646521775845,169.88632720446222,168.37776694568856,169.00791931152344,42426100.0
2019.03.14,00:00,169.12250793924832,169.32300633336354,168.6737540128178,168.72149658203125,23751500.0
2019.03.15,00:00,169.38027324696452,170.79337738392996,169.26570274844815,170.28733825683594,38192000.0
2019.03.18,00:00,170.21466669027356,171.20946697611117,169.8703149906379,170.69293212890625,32935100.0
2019.03.19,00:00,171.39121532412756,172.1755777396727,170.5399033291238,171.26687622070312,36893300.0
2019.03.20,00:00,171.27635439953295,172.99811227296433,170.4920069544405,171.9459228515625,50105000.0
2019.03.21,00:00,171.42942086898657,174.88249703098901,171.41028616962532,174.63380432128906,42428500.0
2019.03.22,00:00,173.8781718982724,174.3468772560875,170.61639828777814,170.7981414794922,70794500.0
2019.03.25,00:00,170.17637821261172,171.06594474665152,169.2389676295698,170.472900390625,46336500.0
2019.03.26,00:00,171.79297118289747,172.83558645628884,170.39642951920922,171.26687622070312,33248100.0
2019.03.27,00:00,171.5251109277186,171.90771741144937,168.92334597094447,170.1668243408203,37096700.0
2019.03.28,00:00,170.6068046705843,171.19984899382246,169.53549502976716,170.55897521972656,30368200.0
2019.03.29,00:00,171.87900603302663,172.01291974893215,170.82681641126857,171.85031127929688,35205500.0
2019.04.01,00:00,173.61988619815784,174.3372842400806,172.91206280458104,174.12684631347656,30969500.0
2019.04.02,00:00,174.31815927571364,174.9590330905085,173.87814873357826,174.78684997558594,22645200.0
2019.04.03,00:00,175.772064031051,176.88164306929457,175.24598385880543,175.79119873046875,31633500.0
2019.04.04,00:00,175.8390068968883,176.47988059256693,174.71029329585173,175.72422790527344,28530800.0
2019.04.05,00:00,176.2312239396123,176.73818405021353,176.02078601496646,176.63296508789062,25674700.0
2019.04.08,00:00,176.34597166687823,177.22597801585468,175.6477084565324,177.08250427246094,22697500.0
2019.04.09,00:00,176.47988909255446,177.06337332052863,176.08770805831813,176.46075439453125,25631900.0
2019.04.10,00:00,176.69036255256256,177.4651501302414,176.49905932031487,177.4077606201172,24563000.0
2019.04.11,00:00,177.7042295174117,177.7042295174117,176.661614808216,176.98683166503906,20654100.0
2019.04.12,00:00,177.77120989319587,177.86685419161674,177.01554257953163,177.7520751953125,24989100.0
2019.04.15,00:00,177.76162702175196,177.9816395484861,176.59465862832602,177.78076171875,21073000.0
2019.04.16,00:00,178.431214397285,178.78514064957034,177.8477301386512,178.39295959472656,27195700.0
2019.04.17,00:00,179.5886337142038,179.76080222936824,178.48862927932072,179.01470947265625,29651600.0
2019.04.18,00:00,179.31124210545414,179.62688437597527,178.19208840069973,179.24427795410156,28580900.0
2019.04.22,00:00,178.45992835633018,179.8182001124958,178.32600005516667,179.75123596191406,17936000.0
2019.04.23,00:00,180.21034618113106,182.25732093341182,179.95209344654953,182.03732299804688,33665600.0
2019.04.24,00:00,182.19035203693056,182.4199245943418,181.40599007906422,181.46339416503906,24977100.0
2019.04.25,00:00,182.82172015245564,182.90780441384973,181.21474096226393,182.19996643066406,29517500.0
2019.04.26,00:00,181.91297828889756,182.4008182247179,180.39209817304214,182.362548828125,26359500.0
2019.04.29,00:00,182.36259588672448,183.0034843833008,182.06607366635453,182.71652221679688,21716200.0
2019.04.30,00:00,181.2434680261185,181.59739437855558,180.0286843107761,181.3008575439453,31495300.0
2019.05.01,00:00,182.4869030869885,183.00343777423998,180.59297662322922,180.71731567382812,34797100.0
2019.05.02,00:00,180.65992612668325,181.5973366046341,178.7468649650669,179.93296813964844,44110100.0
2019.05.03,00:00,181.4251601065977,182.9364802306823,181.09994320021843,182.8025665283203,30386200.0
2019.05.06,00:00,178.9190680583989,181.93213388653834,178.64166598547814,181.68344116210938,38371800.0
2019.05.07,00:00,179.70340687061966,180.4686343025898,176.48946333274444,178.14427185058594,58818100.0
2019.05.08,00:00,177.56074269998257,179.03379309294763,176.91986908388446,177.6946563720703,37165300.0
2019.05.09,00:00,175.71467962467898,177.35035347810796,174.1746646756141,176.73817443847656,55351700.0
2019.05.10,00:00,176.1068791238591,177.8095027120784,173.16076262630523,176.95819091796875,58526400.0
2019.05.13,00:00,172.4529355336589,173.38077159894735,170.31987588663074,170.81727600097656,67185800.0
2019.05.14,00:00,171.7163811358771,173.73466132962173,171.08506742321788,172.69203186035156,43360600.0
2019.05.15,00:00,171.55380963462164,175.57123618831167,171.51554022806627,175.1312255859375,40944500.0
2019.05.16,00:00,175.2077161564002,177.98166377886764,174.99727824726477,176.89120483398438,39281200.0
2019.05.17,00:00,175.14074759844019,177.51293924936002,174.93030971213705,175.08334350585938,44702300.0
2019.05.20,00:00,172.64418965619058,173.3041834197822,171.54417085921125,172.12765502929688,38608300.0
2019.05.21,00:00,173.6103074994644,174.40422966538463,173.05551798850212,173.92596435546875,31613800.0
2019.05.22,00:00,172.95989611114788,174.15555954097664,172.89293195323705,173.1511993408203,24332600.0
2019.05.23,00:00,171.16159539223554,171.23811959504536,169.43983731776225,170.5015869140625,45351300.0
2019.05.24,00:00,171.41987223358018,172.0320512944195,170.2050741644693,170.41551208496094,25903300.0
2019.05.28,00:00,170.89376677720188,171.85029741234283,169.7554929861043,169.77462768554688,24763800.0
2019.05.29,00:00,168.7224950391273,169.30597950712456,167.47900187505888,168.37814331054688,42178800.0
2019.05.30,00:00,168.8276548863731,169.5641875525038,168.12939161862525,169.08592224121094,30354800.0
2019.05.31,00:00,167.09634196531633,167.67025159932712,166.31197982468566,166.3885040283203,45446200.0
2019.06.03,00:00,165.93894999912084,166.3885206181118,161.91196372539434,162.72500610351562,75842300.0
2019.06.04,00:00,164.55198004444745,167.36418272131644,163.92066626076243,167.30679321289062,47797800.0
2019.06.05,00:00,168.90418939134773,168.93288414413587,166.7998248123859,168.55027770996094,34412700.0
2019.06.06,00:00,168.83719961056366,170.30069016261885,168.09110696031976,169.88938903808594,29913200.0
2019.06.07,00:00,170.7980813077346,173.8685505909432,170.5780833826128,173.17027282714844,45888300.0
2019.06.10,00:00,174.32768125634118,176.81466636074836,174.2894264588797,175.1885528564453,41385300.0
2019.06.11,00:00,177.0155635320225,177.34078045704422,174.83467477111253,175.42771911621094,41260300.0
2019.06.12,00:00,174.94944264786312,175.31292895005043,174.08857093747076,174.41378784179688,27758100.0
2019.06.13,00:00,175.14077141313354,175.87728951984454,174.79641978831424,175.4468536376953,23715800.0
2019.06.14,00:00,174.54774196937956,175.15036106352287,174.0312217426154,174.70079040527344,22844100.0
2019.06.17,00:00,175.0833922235894,176.24080092031076,174.89208898158225,175.7529754638672,20379500.0
2019.06.18,00:00,177.82860421526382,179.55992223547514,177.36945902659576,178.30686950683594,48177300.0
2019.06.19,00:00,178.5460654688867,179.37824270077058,177.50345026644538,178.97650146484375,31672900.0
2019.06.20,00:00,181.4729850498021,181.511239851456,179.02426906999472,180.64080810546875,40922000.0
2019.06.21,00:00,180.43037534170685,181.52081966360234,179.99036483492492,180.37298583984375,39980400.0
2019.06.24,00:00,180.7334631303271,180.9156081441759,180.28289850483958,180.37876892089844,19375200.0
2019.06.25,00:00,180.25410971669757,180.35956130535862,177.01388329035703,177.2823028564453,33921100.0
2019.06.26,00:00,178.46147457822113,179.58308821367626,177.81918375934194,178.1067657470703,22595700.0
2019.06.27,00:00,178.74904464978982,179.20919038959585,178.2984800988948,178.78738403320312,19709200.0
2019.06.28,00:00,179.21880923486822,179.41053544775764,178.37521097260034,179.0175018310547,21179200.0
2019.07.01,00:00,182.44938863078622,182.68904996644386,180.5896143256401,181.43321228027344,31025600.0
2019.07.02,00:00,181.37575157183758,182.17142920577922,180.85808936414273,182.15225219726562,18035800.0
2019.07.03,00:00,182.6124218487881,183.52313232421875,182.4206810095208,183.52313232421875,15792100.0
2019.07.05,00:00,182.26724845642988,183.4847175415148,181.55784561827824,183.14920043945312,21415600.0
2019.07.08,00:00,181.96049505295113,182.0180114409397,181.1168823550681,181.86463928222656,17598800.0
2019.07.09,00:00,181.00187513802936,183.00544095065231,180.84848832988772,182.77537536621094,19193500.0
2019.07.10,00:00,183.88742854744442,185.10489807664166,183.55189669521894,184.59681701660156,28374500.0
2019.07.11,00:00,184.8748106655649,185.34453764996246,183.8778110454052,184.46258544921875,23736100.0
2019.07.12,00:00,184.66386684260507,185.5362230336423,184.49130306532473,185.52664184570312,20211900.0
2019.07.15,00:00,185.9580799676973,186.15940199136577,185.440417750477,186.1210479736328,15606100.0
2019.07.16,00:00,185.89096402045934,186.0635131999019,184.5967866635587,185.16238403320312,20190900.0
2019.07.17,00:00,185.16232750993413,185.48827801788664,184.23244043052205,184.25161743164062,16765100.0
2019.07.18,00:00,183.37931123532533,184.81727964197137,182.80413264932957,184.46258544921875,28877000.0
2019.07.19,00:00,185.7280295199724,185.8143041252502,182.91918991670923,183.1109161376953,29387900.0
2019.07.22,00:00,183.52311873156737,184.96108715293536,183.52311873156737,184.5680389404297,18954900.0
2019.07.23,00:00,185.57464778235865,185.79513221115187,184.33798656169682,185.7759552001953,23786700.0
2019.07.24,00:00,185.06651933569205,187.0892619546044,185.04734232964356,187.0796661376953,20422900.0
2019.07.25,00:00,186.44697337623364,186.4757315717548,184.95147407028406,185.30618286132812,23434700.0
2019.07.26,00:00,186.48530189712415,187.46312437118914,186.3894314991254,187.2138671875,20431200.0
2019.07.29,00:00,187.0413358287591,187.10843341152997,185.39246429505494,186.57159423828125,20451700.0
2019.07.30,00:00,185.14324358527168,186.49492286766355,185.0090337761061,185.766357421875,18705000.0
2019.07.31,00:00,186.26482145296498,186.3894354196617,181.49077101314333,183.19715881347656,41627500.0
2019.08.01,00:00,183.5134569871078,186.91665062064797,181.4044403189789,182.28639221191406,63251600.0
2019.08.02,00:00,180.9156042348478,181.1744426503962,178.5094089725909,179.60226440429688,55214000.0
2019.08.05,00:00,175.8443675958383,175.92106100449575,171.78930052206408,173.2560272216797,75040000.0
2019.08.06,00:00,174.85693026622062,176.1990427192213,173.58194464613536,175.68136596679688,41897200.0
2019.08.07,00:00,173.77364263083822,176.87964413050952,172.45070739785712,176.63040161132812,49990600.0
2019.08.08,00:00,177.4261684930684,180.5321861873698,176.9372643953528,180.4746551513672,38418100.0
2019.08.09,00:00,179.61180307359666,180.22533554566266,177.3781575319805,178.7777862548828,33608900.0
2019.08.12,00:00,177.67533743945452,178.21217653060796,175.91143338915944,176.72628784179688,24642900.0
2019.08.13,00:00,176.57290475101414,181.83585881958075,176.40993678263823,180.59921264648438,40241900.0
2019.08.14,00:00,177.69452571039088,178.26012302959205,174.87610567536257,175.20204162597656,51000500.0
2019.08.15,00:00,175.43215054803335,175.9977479599001,173.66824609690406,175.00076293945312,36685000.0
2019.08.16,00:00,176.59210101109724,178.26013488563237,176.48664941679456,177.8095703125,32781400.0
2019.08.19,00:00,180.37874947671799,181.02104023731485,179.7460399055855,180.6375732421875,22494100.0
2019.08.20,00:00,180.1870251820782,180.83889713897352,179.19002561206494,179.2379608154297,19902900.0
2019.08.21,00:00,180.81012292155705,181.40447843285907,180.18700921633845,180.8292999267578,20418500.0
2019.08.22,00:00,181.16481353767767,181.62497388692196,178.82571629287642,180.24452209472656,24243700.0
2019.08.23,00:00,179.01749228509075,180.65676813982037,174.05170025774933,174.54061889648438,55372400.0
2019.08.26,00:00,176.52500849651847,177.2248157216373,175.5088464531967,177.17689514160156,27598900.0
2019.08.27,00:00,178.41351052537289,178.71068828315927,176.11276722889778,176.802978515625,28012800.0
2019.08.28,00:00,176.22781134865835,177.73287723980545,175.34585920731524,177.43569946289062,21792400.0
2019.08.29,00:00,179.6405854207639,180.66634315998814,178.9599406577178,180.14866638183594,25358900.0
2019.08.30,00:00,181.1168994889403,181.15525350307374,178.70112319827118,179.71728515625,26319800.0
2019.09.03,00:00,178.51896914509211,179.43926064882555,177.37817864070257,177.9725341796875,27964200.0
2019.09.04,00:00,179.68856913805482,180.6951501426615,179.1708922201319,180.54176330566406,21592100.0
2019.09.05,00:00,182.53568991032395,184.3762874821664,182.46857770519148,183.84902954101562,33932600.0
2019.09.06,00:00,184.15584983442812,184.22294742881303,183.26430170271558,183.66693115234375,19487800.0
2019.09.09,00:00,184.24210816583866,184.31880157248523,182.35357508201045,183.28346252441406,24407600.0
2019.09.10,00:00,182.29603405961853,182.85205021187136,181.09772716970377,182.7561798095703,23744700.0
2019.09.11,00:00,183.10131176586452,184.56803838099242,182.6795053564317,184.47216796875,25063600.0
2019.09.12,00:00,185.60337998409477,186.65789602237794,184.9898473693949,185.2390899658203,28689900.0
2019.09.13,00:00,184.97065438401563,185.40204195231652,184.33794481569691,184.57760620117188,27669800.0
2019.09.16,00:00,183.38892891946952,184.1366714098606,183.2067838924663,183.75320434570312,20319000.0
2019.09.17,00:00,183.77234209672974,184.6351318359375,183.37929392534966,184.6351318359375,20953400.0
2019.09.18,00:00,184.25165233836776,184.63511929455845,182.24808686099064,184.5584259033203,29781300.0
2019.09.19,00:00,184.88436560377437,186.0155602350535,184.51049445624344,184.8651885986328,26039400.0
2019.09.20,00:00,185.12404532695058,185.31577151406995,182.29604384057143,182.90957641601562,29086100.0
2019.09.23,00:00,182.85581493945278,183.5378324634095,182.24104497948383,182.99029541015625,22485900.0
2019.09.24,00:00,183.8260217430868,184.22946321513848,179.77237667883423,180.56005859375,40820700.0
2019.09.25,00:00,180.3774581603941,183.06708131834836,178.86935729802784,182.5867919921875,34704900.0
2019.09.26,00:00,182.34667097028182,182.50996760347581,180.5695943701825,181.91441345214844,26826000.0
2019.09.27,00:00,182.2506186443283,182.34668239093853,178.42751897701254,179.6570587158203,40773500.0
2019.09.30,00:00,180.3870423073261,181.6550130488609,180.0124172531937,181.36683654785156,26307700.0
2019.10.01,00:00,182.0296595913917,183.07668683330246,179.5897961969897,179.8875732421875,32367600.0
2019.10.02,00:00,178.66761997134614,178.69643615682472,175.80509984143117,176.79449462890625,48544300.0
2019.10.03,00:00,176.77530495445313,178.8693742365975,174.65243413986005,178.73489379882812,39392500.0
2019.10.04,00:00,179.70503973411192,181.62619686448653,179.5129269525276,181.36683654785156,31887600.0
2019.10.07,00:00,180.8481826477502,182.26023471776242,180.50237367841518,180.81936645507812,21216000.0
2019.10.08,00:00,179.6858526617765,180.45431856770648,177.9664232055835,178.11050415039062,32379300.0
2019.10.09,00:00,179.61860685742442,180.6656340671154,179.08067050186727,179.84913635253906,20147400.0
2019.10.10,00:00,179.8971999118697,181.96243850822913,179.7435037832028,181.24200439453125,25177700.0
2019.10.11,00:00,183.30725675614372,185.03630155205857,183.2015925003581,183.5762176513672,40976700.0
2019.10.14,00:00,183.31684688734927,184.14294520654917,183.13433457793892,183.55699157714844,14975000.0
2019.10.15,00:00,184.1237287846674,186.32346234242564,184.0084640243547,185.89120483398438,23234200.0
2019.10.16,00:00,185.2572480963629,185.9008342034644,184.84419154567334,185.43014526367188,20457100.0
2019.10.17,00:00,186.54439904030806,186.83257561023527,185.2091951016722,185.92002868652344,19045200.0
2019.10.18,00:00,185.58387673800212,186.03535008162254,183.19204419124034,184.13340759277344,27700800.0
2019.10.21,00:00,185.113155584275,185.89122210320508,184.56561860738648,185.76634216308594,15801200.0
2019.10.22,00:00,186.49635240867647,186.75571276681055,184.2293860458164,184.2870330810547,22392300.0
2019.10.23,00:00,183.91240625296584,184.68085749509788,183.61461454078156,184.64244079589844,14828400.0
2019.10.24,00:00,185.9584313419501,186.55400011674928,185.14194822231366,186.438720703125,18998500.0
2019.10.25,00:00,185.4781337400711,188.02367603556166,185.4397170420819,187.9276123046875,21507100.0
2019.10.28,00:00,188.8017910835228,190.03133093782816,188.8017910835228,189.78158569335938,18818700.0
2019.10.29,00:00,189.46461145873184,189.7527734393355,188.28308870916618,188.31190490722656,18569700.0
2019.10.30,00:00,188.67688930883773,189.54141903773228,187.5914305562647,189.22442626953125,21764300.0
2019.10.31,00:00,189.77189513107504,189.85834368243874,188.21576257746645,189.31082153320312,26801800.0
2019.11.01,00:00,190.12732715187286,191.03988860475167,189.83916527966602,191.0302734375,22131900.0
2019.11.04,00:00,192.29830161477,192.62489493878348,191.030330370099,192.21185302734375,19015900.0
2019.11.05,00:00,192.45193953195232,192.64405233163845,191.6834736759407,192.3174591064453,15048900.0
2019.11.06,00:00,192.09658245678648,192.11579814063674,190.95349111268612,191.88525390625,19725500.0
2019.11.07,00:00,192.84577079990376,193.76793278323902,191.97165533935913,192.52877807617188,17832400.0
2019.11.08,00:00,192.1830266083394,193.3165026692455,191.67390630916734,193.2972869873047,15258800.0
2019.11.11,00:00,192.31745360208856,193.1147209651039,192.0580932684386,193.0378875732422,10147600.0
2019.11.12,00:00,193.20122082433465,194.23864769842962,192.90344373827645,193.5950469970703,14778300.0
2019.11.13,00:00,192.92264754684328,193.8255939868118,192.7977822666327,193.64308166503906,15774600.0
2019.11.14,00:00,192.9130413994548,193.61425981664448,192.32708774748286,193.4893798828125,16945400.0
2019.11.15,00:00,194.6613118779997,194.91107177734375,194.03694144418182,194.91107177734375,18427900.0
2019.11.18,00:00,194.60357855330426,195.37204422061183,193.81591187083,195.06466674804688,18365900.0
2019.11.19,00:00,195.80437848065034,195.80437848065034,194.6036549842905,195.3529052734375,16923300.0
2019.11.20,00:00,194.84377085536985,195.42972442118923,192.71128506876605,194.18096923828125,36629000.0
2019.11.21,00:00,193.96967780809953,194.10417291645842,193.1435940780313,193.74874877929688,17883600.0
2019.11.22,00:00,194.229036185192,194.34431561155182,192.82659930369675,193.87362670898438,17189600.0
2019.11.25,00:00,194.7093040556252,196.2078045170723,194.68048786654109,196.1693878173828,17752800.0
2019.11.26,00:00,196.29426116487198,196.7937515304405,196.0060846264178,196.54400634765625,14780600.0
2019.11.27,00:00,197.05313326352393,197.92726348402437,196.81298856496463,197.9176483154297,16963100.0
2019.11.29,00:00,197.41815079284834,197.71592786318521,196.9186457337811,197.01470947265625,9854600.0
2019.12.02,00:00,197.02433484231736,197.09156774219787,193.82560541013513,194.9975128173828,28007000.0
2019.12.03,00:00,192.31744716598823,193.54698659636128,191.37606958861963,193.4701385498047,31104100.0
2019.12.04,00:00,194.45953582103093,194.9110089395402,194.17135930707045,194.44992065429688,15300100.0
2019.12.05,00:00,195.14157558948258,195.14157558948258,193.883219718044,194.83419799804688,14962300.0
2019.12.06,00:00,196.25583846621763,197.06272108366758,196.10214235129337,196.91864013671875,16555300.0
2019.12.09,00:00,196.56320548946195,197.48535274621793,195.93882059912676,196.02528381347656,13984100.0
2019.12.10,00:00,196.1213598759361,196.80337723153923,195.4201414987379,195.86199951171875,21799800.0
2019.12.11,00:00,196.30387518283317,197.1011573092682,195.99648294539233,196.89942932128906,18780800.0
2019.12.12,00:00,196.69768222182503,199.14716056081042,196.42872138887336,198.36907958984375,32612000.0
2019.12.13,00:00,198.26342774828933,199.71391089227794,197.84078545385813,199.0222930908203,32519400.0
2019.12.16,00:00,200.32867640263422,201.27003935686736,200.2614288629842,201.02029418945312,21296600.0
2019.12.17,00:00,201.27964001386283,201.4429512796276,200.79935069806857,201.13555908203125,15996100.0
2019.12.18,00:00,201.30849180171253,201.846413546205,201.07794762952935,201.28927612304688,15443300.0
2019.12.19,00:00,201.37570033855,202.6148403031719,201.35648466220812,202.547607421875,17865900.0
2019.12.20,00:00,203.50824723248897,204.1422328270134,202.94150919674934,203.36416625976562,27672600.0
2019.12.23,00:00,204.08419889375398,204.22859221546608,203.72801890750017,203.9012908935547,23774700.0
2019.12.24,00:00,204.0842015585825,204.170837552741,203.54511356509022,204.00718688964844,7089000.0
2019.12.26,00:00,204.33448713896883,205.8266151274795,204.30560847440154,205.80735778808594,17067500.0
2019.12.27,00:00,206.52934692947355,206.54860426822833,205.08535499282314,205.6340789794922,18134100.0
2019.12.30,00:00,205.5281269065846,205.6532775391521,203.27550365461772,204.2863006591797,21815500.0
2019.12.31,00:00,203.6317261002722,204.81579528450203,203.3140461359092,204.67140197753906,18170900.0
2020.01.02,00:00,206.3945739224965,208.0888671875,205.9902579449058,208.0888671875,30969400.0
2020.01.03,00:00,205.3356530998865,207.42462630603234,205.31639576143465,206.1827850341797,27518900.0
2020.01.06,00:00,204.56556497727038,207.5401854320388,204.3152782799439,207.5113067626953,21655300.0
2020.01.07,00:00,207.5882541561284,208.06958474123246,206.82775829484316,207.48236083984375,22139300.0
2020.01.08,00:00,207.4535153257553,209.99494063359947,207.12621400096043,209.04190063476562,26397300.0
2020.01.09,00:00,210.7650506465186,211.21750259673692,209.58098145441585,210.8131866455078,23547000.0
2020.01.10,00:00,211.64110091224714,211.66034356288264,209.8986715526782,210.27410888671875,21898500.0
2020.01.13,00:00,211.14050559485497,212.72889087103113,210.8035682627954,212.70001220703125,22756900.0
2020.01.14,00:00,212.59410504845593,212.95029969636303,211.53518649622802,211.86248779296875,24418100.0
2020.01.15,00:00,211.97800585985289,212.94066711688131,211.25600991708154,211.94912719726562,25742100.0
2020.01.16,00:00,213.00807927105038,214.01887661802502,212.5556272651574,213.98036193847656,18805000.0
2020.01.17,00:00,214.94298886984544,215.21253282734727,213.82629836645552,215.0392608642578,24325200.0
2020.01.21,00:00,214.44246611640583,215.48214227807182,214.3462087817812,214.94305419921875,21146300.0
2020.01.22,00:00,216.03084696557093,216.7432069961825,215.24145757170203,215.51100158691406,20736400.0
2020.01.23,00:00,215.38587865892558,216.30040410094222,214.38470252251204,216.20413208007812,26496100.0
2020.01.24,00:00,217.21488525689296,217.44592924643237,213.39311889473478,214.38465881347656,37436500.0
2020.01.27,00:00,209.54246892973623,211.09235410320696,209.07075963727306,209.9564208984375,42264400.0
2020.01.28,00:00,211.43896630179555,213.6723479800352,210.88062088223563,213.18138122558594,26731900.0
2020.01.29,00:00,214.36540366735215,214.606068983858,212.58448913863594,213.52789306640625,28924500.0
2020.01.30,00:00,212.15128205303816,214.384648420806,211.4870434682269,214.28839111328125,39568100.0
2020.01.31,00:00,215.18368965188355,215.21256831716073,210.1393389071386,210.89022827148438,52015800.0
2020.02.03,00:00,211.92026298780607,214.56758162518346,211.7758696650221,214.07662963867188,25408600.0
2020.02.04,00:00,217.00311905979584,219.3520150965256,216.2618657097352,218.97657775878906,30691200.0
2020.02.05,00:00,221.61426389329836,221.6527638820413,218.37972134420056,219.6985626220703,38534800.0
2020.02.06,00:00,220.24725145642293,221.652743284184,219.46749822768984,221.59498596191406,22467100.0
2020.02.07,00:00,220.60346778448653,221.8356730775583,220.00660778790325,220.6419677734375,25884900.0
2020.02.10,00:00,219.91036970968705,223.3181845582399,219.85261237668485,223.30856323242188,21478900.0
2020.02.11,00:00,224.54072053370317,225.28197375622153,222.75979147271644,223.34701538085938,30198000.0
2020.02.12,00:00,224.66593696350986,225.62859842663016,224.1075915522143,225.522705078125,24471300.0
2020.02.13,00:00,223.95345427434881,226.1579414994177,223.68391036968646,225.23379516601562,22773200.0
2020.02.14,00:00,225.59010484623684,226.090692966823,224.82960868240846,225.87890625,23438500.0
2020.02.18,00:00,224.7813849660654,226.38902736994686,224.54071967166917,225.9654541015625,24394500.0
2020.02.19,00:00,227.3132316427599,228.6031943398197,227.04368763707714,228.13148498535156,22230500.0
2020.02.20,00:00,227.63088940490908,228.1025840242257,223.2218990442658,226.01361083984375,42604000.0
2020.02.21,00:00,224.887328370558,225.27238705173554,220.75751746209775,221.6720428466797,66017200.0
2020.02.24,00:00,213.4027462416078,215.87679279055124,212.03576898194058,213.1235809326172,84522600.0
2020.02.25,00:00,214.9141294214852,215.6265040523048,206.72188726776398,207.32835388183594,97743000.0
2020.02.26,00:00,208.61831901855945,212.05501192855917,206.8758898751604,208.3968963623047,79537700.0
2020.02.27,00:00,203.02524744261598,208.33914154282516,197.82688267850665,197.96165466308594,121822600.0
2020.02.28,00:00,191.22306338168502,199.43456409770943,190.7706113403432,198.11572265625,148173700.0
2020.03.02,00:00,201.0806973544826,208.48356511314225,198.25047077787218,208.3391571044922,112933900.0
2020.03.03,00:00,209.0033738201867,211.4100268213454,199.86771373973244,201.65826416015625,131953500.0
2020.03.04,00:00,205.3549555539038,210.17788431797848,203.47775390213445,210.07199096679688,73086200.0
2020.03.05,00:00,204.7484628726104,208.2814285748599,202.25517328240088,203.6895294189453,78705500.0
2020.03.06,00:00,197.02790140158754,201.34062023865172,195.33362267357404,200.25282287597656,89828400.0
2020.03.09,00:00,186.25572601816444,193.6489733060806,184.93688458324715,186.34237670898438,116424000.0
2020.03.10,00:00,193.6008461955448,196.67173859347517,186.4482639320729,196.48883056640625,100599200.0
2020.03.11,00:00,191.90648948527638,193.25420910277978,185.5336632364019,187.93069458007812,89168800.0
2020.03.12,00:00,175.2910115179422,183.65654146842257,170.33331116327355,170.69912719726562,137820700.0
2020.03.13,00:00,180.08504987039206,187.21835867942104,171.478855812187,185.15826416015625,134882000.0
2020.03.16,00:00,167.64747559955362,177.78429888571935,162.8438046527912,162.97857666015625,92054400.0
2020.03.17,00:00,168.9182069521346,177.50514538168073,163.4406609142412,175.3391571044922,121257100.0
2020.03.18,00:00,165.20234103601828,172.52819565780175,160.57194155911688,170.0060272216797,114156300.0
2020.03.19,00:00,169.12998408539326,176.63874595959146,165.22158114311028,171.02642822265625,120896500.0
2020.03.20,00:00,174.9540837622137,176.04188112854132,163.7487059331409,164.3262939453125,118983900.0
2020.03.23,00:00,164.88870592266807,168.06261919939575,159.11007109457017,164.4449462890625,124639800.0
2020.03.24,00:00,173.56143566068377,177.34310703048257,171.6705926156118,177.17910766601562,94881800.0
2020.03.25,00:00,177.91234353116005,182.8227284461927,173.62901608577633,175.86715698242188,88754900.0
2020.03.26,00:00,177.38175917136832,185.91947436692502,177.13093911251065,185.12840270996094,79887600.0
2020.03.27,00:00,180.33371723814128,183.78739007400978,178.14383025924863,178.76124572753906,58845000.0
2020.03.30,00:00,180.45914755758488,185.69754494822178,179.7645532657839,185.26341247558594,49356900.0
2020.03.31,00:00,184.95476357888072,188.36019903424045,182.52368288065855,183.68133544921875,62659300.0
2020.04.01,00:00,178.24998520367816,181.0380045603474,174.477954685729,175.8767852783203,53715400.0
2020.04.02,00:00,174.84452869655937,183.39188349691315,174.58405215532315,179.44619750976562,56465300.0
2020.04.03,00:00,179.00246512870046,180.46883272396678,174.89277913043884,176.89938354492188,47487600.0
2020.04.06,00:00,183.75849134675707,190.67548040616995,182.51401830274105,189.54676818847656,64763500.0
2020.04.07,00:00,195.2289258635497,195.50870082071944,189.08370999909098,189.46958923339844,69904500.0
2020.04.08,00:00,191.15784412216092,194.07128103230755,189.24771681302164,193.49246215820312,45940400.0
2020.04.09,00:00,195.20962881995843,196.04892419321612,192.0067754575091,193.77220153808594,68252600.0
2020.04.13,00:00,192.9425526091154,196.24186849228946,191.73666165530844,195.86563110351562,42853900.0
2020.04.14,00:00,199.9173937664595,205.00143343740413,199.13597889308295,204.38401794433594,63959600.0
2020.04.15,00:00,201.12329032551108,204.35508361003392,199.81128052503084,202.03976440429688,47036000.0
2020.04.16,00:00,204.22007162693848,206.80549507582907,202.29064586973047,205.7250213623047,64657400.0
2020.04.17,00:00,208.54197570294068,208.86997454013388,204.59630366636645,207.69302368164062,62863200.0
2020.04.20,00:00,205.83108831436854,208.2621682753438,205.06897180996003,205.23297119140625,38249100.0
2020.04.21,00:00,203.16850450565815,203.7087412730322,196.44445567672878,197.6599884033203,72932800.0
2020.04.22,00:00,201.72148888446725,204.8568060520333,200.97865577229925,203.52549743652344,40089100.0
2020.04.23,00:00,204.31649839571924,206.8729959097003,202.68614628073763,203.09132385253906,43278500.0
2020.04.24,00:00,203.52543821449993,206.73793325170422,202.10730937680577,206.29415893554688,34231900.0
2020.04.27,00:00,208.56128029584335,208.98575631914073,206.93091317015575,207.95350646972656,36451700.0
2020.04.28,00:00,209.6514096969461,209.6514096969461,203.7570134239958,204.03677368164062,46862800.0
2020.04.29,00:00,208.5612692855443,212.20788260903336,207.5483178689419,211.27210998535156,48716400.0
2020.04.30,00:00,212.188582333886,212.27540295501447,209.68033782796115,211.18528747558594,43359500.0
2020.05.01,00:00,206.93086012903768,209.02428477975232,204.21036343360285,205.23297119140625,48795000.0
2020.05.04,00:00,203.99818847470257,207.84738337681773,203.67017491383618,207.62550354003906,32841000.0
2020.05.05,00:00,209.76713214525415,212.3718534949346,209.19795518431812,209.9793701171875,37783100.0
2020.05.06,00:00,211.65798922960508,213.24011768360376,210.41351615459038,211.27210998535156,36455200.0
2020.05.07,00:00,213.99253845214844,214.87041565870678,212.64193209067935,213.99253845214844,38624800.0
2020.05.08,00:00,215.6615217181276,217.0603521546101,214.62927208878122,216.92529296875,31852300.0
2020.05.11,00:00,215.60366075294203,219.8869730565774,215.37212439044205,218.8643798828125,35714100.0
2020.05.12,00:00,219.4625309394779,220.05100636516602,214.25307273166106,214.28201293945312,41054100.0
2020.05.13,00:00,214.80292017247677,216.68410687830956,209.0628829027422,211.60006713867188,65521200.0
2020.05.14,00:00,210.2784810169111,214.04085560027218,208.36835351461633,214.0022735595703,51549300.0
2020.05.15,00:00,211.05986788943042,215.44931412930026,210.6257500679816,215.3914337158203,55747200.0
2020.05.18,00:00,218.29521869842316,220.61052360974645,217.51380365886027,219.40463256835938,42398100.0
2020.05.19,00:00,219.6651221405356,221.73926368654432,218.7100658003225,218.85476684570312,36237300.0
2020.05.20,00:00,221.40160778139554,223.58185360880555,221.38230940193867,223.22491455078125,37417000.0
2020.05.21,00:00,223.27315773982804,223.94845383122797,220.282541837463,220.79383850097656,43642900.0
2020.05.22,00:00,220.38864496818147,221.75853543214174,219.47217071585553,221.5559539794922,28762400.0
2020.05.26,00:00,225.12537573858546,225.32797190006696,220.71663125237555,220.9578094482422,33055300.0
2020.05.27,00:00,220.6201798492537,222.27948709749987,216.03779389841856,222.16371154785156,55665600.0
2020.05.28,00:00,221.02531573597636,225.23146347699497,220.96743533225654,221.874267578125,42784300.0
2020.05.29,00:00,222.25054142350731,225.3569178429785,220.68769666466795,225.12538146972656,50691800.0
2020.06.01,00:00,224.25714279871312,226.17691183970598,223.81336843606732,225.80067443847656,25776000.0
2020.06.02,00:00,226.2251165762912,227.37312698581445,223.8229767768599,227.31524658203125,33383400.0
2020.06.03,00:00,227.92302597587337,229.0903348647583,227.04514857254634,228.33786010742188,37228700.0
2020.06.04,00:00,227.990549104006,229.3990213713924,225.43405167346248,226.73641967773438,38716100.0
2020.06.05,00:00,227.88445534473067,231.82048527560306,227.31527833422862,231.2320098876953,47365600.0
2020.06.08,00:00,231.0873002751125,233.15178510188434,229.51482840298513,233.02638244628906,32937300.0
2020.06.09,00:00,232.16780398505347,235.56358270573824,231.9845061835832,234.7146453857422,35046300.0
2020.06.10,00:00,236.4028886753113,239.0751474122941,235.88193548886338,237.53160095214844,58084400.0
2020.06.11,00:00,233.6148620539446,234.9943943327635,225.70421980527954,225.76210021972656,72919400.0
2020.06.12,00:00,230.65317733072695,231.91694872983695,223.56254715943328,227.55645751953125,72034800.0
2020.06.15,00:00,224.23781495495695,231.00044545981333,223.30204248916144,230.3251495361328,45307400.0
2020.06.16,00:00,235.1776628133525,235.76613815413336,230.66281440501248,234.28048706054688,48890100.0
2020.06.17,00:00,235.7758055046554,236.83699548662523,234.16473687410073,235.02333068847656,34749300.0
2020.06.18,00:00,234.70499363235834,235.9012429208972,233.93323509301771,235.66006469726562,30578600.0
2020.06.19,00:00,238.02360083023623,238.2840774252331,233.89463094964563,235.62147521972656,49422100.0
2020.06.22,00:00,235.49000704346753,238.5727947977947,235.20010171844086,238.44717407226562,24068700.0
2020.06.23,00:00,240.04170503853615,242.70893716924127,239.49087019180166,240.47657775878906,32767400.0
2020.06.24,00:00,239.72280187178637,240.95012181687974,234.02110437194023,235.51901245117188,46032400.0
2020.06.25,00:00,235.6059402511512,238.0605649390922,233.03533870874787,237.760986328125,36940800.0
2020.06.26,00:00,237.51942949256085,237.693387431106,231.62444219984297,232.14630126953125,52824600.0
2020.06.29,00:00,231.9047022245296,234.68791125631003,229.37276413064143,234.67823791503906,34377800.0
2020.06.30,00:00,234.61062198655384,239.8194661067416,234.42700543519746,239.27828979492188,38909200.0
2020.07.01,00:00,239.3169179377088,243.06651740639933,238.77574167335084,242.07113647460938,34689200.0
2020.07.02,00:00,244.51607972373313,245.72406760806473,243.25011078030494,243.71397399902344,31956500.0
2020.07.06,00:00,246.86437732929244,250.22741114667622,246.8450453961392,249.70558166503906,34589000.0
2020.07.07,00:00,249.4543447987828,252.11191825099766,247.68583394966709,247.98541259765625,36578200.0
2020.07.08,00:00,249.3094064021136,251.28082158705743,247.87913799077677,251.2518310546875,30426300.0
2020.07.09,00:00,253.16529137370648,254.0350368253854,248.97116062467754,253.36822509765625,40312900.0
2020.07.10,00:00,253.22331399209335,255.34938499343983,250.54642279249265,255.09811401367188,32885300.0
2020.07.13,00:00,257.9393319965214,260.7225417879378,249.02920902156566,249.85064697265625,64108100.0
2020.07.14,00:00,247.32828858544156,252.024961276459,244.26483277962885,251.6190643310547,72230500.0
2020.07.15,00:00,253.0300686870357,253.86118004020582,248.83593651044922,252.13133239746094,54523900.0
2020.07.16,00:00,249.34803645574152,251.0488929703051,247.0287054307238,250.41107177734375,47594100.0
2020.07.17,00:00,250.86527387658973,251.56107612618052,248.5266256848358,250.7010040283203,35137900.0
2020.07.20,00:00,251.33886119054432,258.4418381944587,250.09223851639513,257.8136901855469,40610100.0
2020.07.21,00:00,259.3792027299571,259.3888760723057,254.28633544289957,255.12709045410156,43243800.0
2020.07.22,00:00,255.6198894543515,256.9535126919128,253.72574336731898,256.0257568359375,29865500.0
2020.07.23,00:00,255.61991606197068,256.3253621292635,247.92742778787942,249.33837890625,51363500.0
2020.07.24,00:00,245.50181607372636,248.29468380070477,242.87324769475924,246.97073364257812,54054500.0
2020.07.27,00:00,248.61362456324807,251.76403747661257,247.83085063304088,251.3774871826172,36445700.0
2020.07.28,00:00,250.5947177003025,251.11657682700226,247.8888361024102,248.17874145507812,31302400.0
2020.07.29,00:00,249.71528018175377,251.89933198193543,249.24175831041697,251.0392303466797,27556900.0
2020.07.30,00:00,249.07746831922572,252.9140396342854,247.92746130972114,252.35354614257812,41774500.0
2020.07.31,00:00,256.97283466978,257.0114985374721,252.08290236882655,256.85687255859375,53686300.0
2020.08.03,00:00,258.9926398916783,261.07037345511674,258.86700441481855,260.3262634277344,32081600.0
2020.08.04,00:00,259.8237008188815,261.3892779920553,259.079590850786,261.2926330566406,24911300.0
2020.08.05,00:00,261.77582414920806,262.3942986407845,260.88673204594375,261.9400939941406,21612100.0
2020.08.06,00:00,261.7467966414092,265.7379929634665,261.10897555802075,265.409423828125,28048200.0
2020.08.07,00:00,264.86824232800205,265.6413722686258,260.20059012229626,262.3459777832031,44969400.0
2020.08.10,00:00,262.63595861718676,262.83892187416535,257.70739022816736,261.22503662109375,35088400.0
2020.08.11,00:00,260.065302893434,261.35061862362437,255.73589283442016,256.2770690917969,43104300.0
2020.08.12,00:00,258.4322138522942,263.6700349284336,258.38387662217406,262.72296142578125,38773400.0
2020.08.13,00:00,263.49605626159166,265.5931072822826,262.3847130048665,263.3221130371094,31895700.0
2020.08.14,00:00,263.94051329295877,264.2111013965405,261.62118247770206,263.0127868652344,30799500.0
2020.08.17,00:00,264.72335338472254,266.56916285403884,263.0515166263446,266.066650390625,24803000.0
2020.08.18,00:00,267.1296396787266,269.10105480398965,265.6703807791961,268.6275329589844,23529500.0
2020.08.19,00:00,268.5889470057557,269.6423092780877,266.30827922167595,266.8204650878906,31999400.0
2020.08.20,00:00,266.02807789718895,271.0049849864774,265.62218075476426,270.52178955078125,27723400.0
2020.08.21,00:00,270.71497434945246,272.8506890877729,270.06747974073045,272.396484375,34748900.0
2020.08.24,00:00,275.6629297078929,276.3877226869671,271.81668434852105,274.0973815917969,36418500.0
2020.08.25,00:00,273.32427865829044,276.44573135005055,272.8797471778348,276.25244140625,34866600.0
2020.08.26,00:00,277.4990033046633,282.39860981388455,276.2233608717486,282.1473388671875,42216700.0
2020.08.27,00:00,283.1233963607817,283.973824630563,279.00656382383795,281.2679138183594,49482700.0
2020.08.28,00:00,282.50492177324173,283.32635959628595,281.15198097217353,282.6982116699219,28021000.0
2020.08.31,00:00,283.2201041479217,286.7764145271866,282.78521657513016,284.9692687988281,36321000.0
2020.09.01,00:00,287.6171279661076,289.9558058881011,285.8486463762724,289.83984375,36216200.0
2020.09.02,00:00,293.086893518757,293.2995005967237,286.9116738996399,292.5843811035156,50836800.0
2020.09.03,00:00,288.0809906262113,288.58350302844633,274.8511033929113,277.7502746582031,110083300.0
2020.09.04,00:00,275.9624136196439,279.21914423449357,262.66487356215526,274.0489501953125,123959000.0
2020.09.08,00:00,263.0708628979168,268.8692067753301,260.596905202906,260.8771667480469,99568600.0
2020.09.09,00:00,266.37579234994115,270.6375469145487,263.82450822419503,268.5404968261719,64837900.0
2020.09.10,00:00,271.4977312190594,272.71539260479386,261.4665937831789,263.186767578125,69667500.0
2020.09.11,00:00,264.9360409848311,265.9700862542624,257.929707445151,261.36041259765625,71809000.0
2020.09.14,00:00,265.1388877146155,267.9027799251302,263.7859468911005,265.9120178222656,38525200.0
2020.09.15,00:00,269.6518871559079,271.02417437323385,265.88297084338143,269.6808776855469,41849900.0
2020.09.16,00:00,270.47335910313967,270.93720763616034,265.03257624671886,265.3804626464844,42321000.0
2020.09.17,00:00,258.5576992765682,265.17747837940243,257.7169444787922,261.234619140625,81570800.0
2020.09.18,00:00,262.65525804629056,262.9451633728137,253.80311834308048,257.9006042480469,86251100.0
2020.09.21,00:00,253.64845821276162,258.65435278987366,251.36776181400703,258.5190734863281,57168600.0
2020.09.22,00:00,260.9157804641727,263.9019237853836,257.5817506939973,263.3221130371094,41128900.0
2020.09.23,00:00,263.00317383139145,263.1867903893421,254.4023041111969,255.28172302246094,48837300.0
2020.09.24,00:00,252.60477569837306,259.6690864606942,252.44047637027398,256.4703369140625,70631700.0
2020.09.25,00:00,256.9729132377426,263.2447784344016,255.41700912524527,262.4330139160156,55242400.0
2020.09.28,00:00,267.28429694651027,267.88348388671875,262.53934509288297,267.88348388671875,58438300.0
2020.09.29,00:00,267.32297179951615,268.3763340489518,266.11498350999346,266.6755065917969,27050000.0
2020.09.30,00:00,266.8687203661687,271.64269161107853,266.5981322162988,268.5019226074219,49380800.0
2020.10.01,00:00,272.3191710467639,273.37253309004967,270.43469788715163,272.7637023925781,50020200.0
2020.10.02,00:00,266.74312637993074,272.75407717239364,264.24985157485753,265.0906066894531,75497400.0
2020.10.05,00:00,267.0523087458991,271.06282284456194,266.9460199623273,270.7439270019531,28184600.0
2020.10.06,00:00,270.05784139208856,271.73935145189307,265.0325989140063,265.9120178222656,49704200.0
2020.10.07,00:00,268.5502222233586,271.3044110627918,267.9607087878912,270.5119934082031,27539700.0
2020.10.08,00:00,272.9085906541694,272.9762450472322,270.8888386450558,271.9518737792969,25443300.0
2020.10.09,00:00,273.59470995359305,276.1846580521934,273.2081597796176,276.1073303222656,30201100.0
2020.10.12,00:00,280.7847066862767,287.46246759827847,279.7410180761956,284.6309509277344,79370700.0
2020.10.13,00:00,286.4285130159509,287.06630483441944,283.25872365827956,284.621337890625,64240000.0
2020.10.14,00:00,285.42345168678463,286.3898422261055,280.5045273806695,282.2440185546875,36949100.0
2020.10.15,00:00,277.5473273282057,280.939337487908,276.90950614206577,280.349853515625,42514200.0
2020.10.16,00:00,281.9927582527519,283.41335357901045,278.4654385490732,278.8133544921875,40570700.0
2020.10.19,00:00,280.7267198834933,281.6834663727205,273.2855319750937,274.2615661621094,36756800.0
2020.10.20,00:00,274.99608793559486,277.95324060963674,273.4402133323062,274.85113525390625,32195400.0
2020.10.21,00:00,275.10233620718253,277.66326457149967,274.15526310804836,274.6384582519531,29306100.0
2020.10.22,00:00,275.4696614531597,276.36842723175835,271.381847604431,274.62890625,32196200.0
2020.10.23,00:00,275.198942920618,275.33425171273075,272.30944548904887,275.1699523925781,24658500.0
2020.10.26,00:00,272.88932727895894,275.71117074606025,267.4582179216346,271.04351806640625,38421100.0
2020.10.27,00:00,272.03889571411895,273.9813498420594,270.78259999958595,273.159912109375,30559100.0
2020.10.28,00:00,268.6662798309558,269.27511067227425,262.2591049647414,262.5103759765625,53413500.0
2020.10.29,00:00,263.82456948123104,270.09643350878184,263.3606914892373,267.10064697265625,43246300.0
2020.10.30,00:00,265.1195517888943,265.98929729313636,258.09390385369136,260.3262634277344,65838300.0
2020.11.02,00:00,262.7132120581859,264.3270673627996,257.9972226197486,260.90606689453125,39987400.0
2020.11.03,00:00,262.8195357753075,267.5162086489686,261.73718320133173,265.41912841796875,43604100.0
2020.11.04,00:00,274.0586362806946,279.06453122410136,272.39644369620936,277.2670593261719,75728200.0
2020.11.05,00:00,283.66464676054557,285.4621487081591,282.1860702433984,284.4957580566406,52054200.0
2020.11.06,00:00,283.83853694528784,285.4330753238653,280.0889371995587,284.7082824707031,40959800.0
2020.11.09,00:00,287.64615186245305,289.0860938892739,278.43645076273805,278.8906555175781,86537100.0
2020.11.10,00:00,275.58550044093386,277.0254123708619,271.18840742945133,273.8943176269531,69024900.0
2020.11.11,00:00,276.41662421306324,280.4947925750533,273.85569574340076,280.0212707519531,36102900.0
2020.11.12,00:00,280.98769753717005,282.25366667118294,277.5956576099085,278.7070007324219,34414600.0
2020.11.13,00:00,280.41751038496193,281.77045102265487,278.1947948091362,281.1519470214844,24806900.0
2020.11.16,00:00,280.85230840121227,283.6451901676568,280.24347787126,283.3456115722656,30168400.0
2020.11.17,00:00,283.5388946021178,283.86746374942425,281.80904778986957,282.4468688964844,21843500.0
2020.11.18,00:00,281.89605303204337,283.5099082644864,280.27249496762283,280.3594665527344,28069600.0
2020.11.19,00:00,279.80864730820457,282.8624441034292,279.1418356618987,282.5531921386719,22718400.0
2020.11.20,00:00,282.4759673973097,283.22010705207674,280.5335422989457,280.6205139160156,25907300.0
2020.11.23,00:00,281.6157426856817,282.9107018811413,278.38800328949696,280.6300354003906,26875600.0
2020.11.24,00:00,281.6931740868517,285.06589718604346,279.8957018065329,284.5730285644531,24516800.0
2020.11.25,00:00,285.63604508000066,286.9599953366419,284.6889717798242,286.3221740722656,23326800.0
2020.11.27,00:00,288.28390314138545,290.0814045293684,287.8876795585941,288.96038818359375,17163100.0
2020.11.30,00:00,289.27930809920895,289.88813878949003,284.87257009285486,289.5498962402344,27836200.0
2020.12.01,00:00,291.8208606911067,294.88433071509655,290.71916166616165,293.2607727050781,27521300.0
2020.12.02,00:00,292.09149530806684,293.97596836487656,290.2553594658821,293.6377258300781,23620000.0
2020.12.03,00:00,293.94708641811155,295.59960633733596,293.32858218407137,294.0533752441406,22828700.0
2020.12.04,00:00,294.1015495701713,295.39653853625344,293.4250940494465,295.2515563964844,19332100.0
2020.12.07,00:00,295.4352123826209,297.2906949990062,295.25159584014904,296.9234619140625,20851000.0
2020.12.08,00:00,296.4500426831471,298.2281981647605,294.7008777450202,297.9286193847656,18341500.0
2020.12.09,00:00,297.7159143781888,297.9961463758119,290.1200700704839,291.18310546875,48839300.0
2020.12.10,00:00,289.15369726962035,293.4734640443875,288.07134461326757,292.3524475097656,27519500.0
2020.12.11,00:00,290.6999017536818,291.83059152880014,288.43855169534044,291.7049560546875,26760400.0
2020.12.14,00:00,292.8935940648919,295.7637747777363,292.8259691496675,293.82135009765625,28804800.0
2020.12.15,00:00,296.07303550095884,296.9621276855469,293.8889836609134,296.9621276855469,25709000.0
2020.12.16,00:00,297.35832790563893,299.3780802348846,296.31460979317626,298.5953063964844,25461900.0
2020.12.17,00:00,300.18986457531184,300.77934858265223,298.9915498771804,300.54742431640625,23730500.0
2020.12.18,00:00,301.18526879471654,301.49452083485187,297.2713695482542,299.6390380859375,41173400.0
2020.12.21,00:00,296.6968704821686,299.6109881565229,293.92799778395926,299.0785217285156,37095500.0
2020.12.22,00:00,299.97888340783595,300.81147156477346,297.0744566448981,299.8917541503906,26176300.0
2020.12.23,00:00,299.9400726222767,300.2982804373687,298.2264719073709,298.3813781738281,21201300.0
2020.12.24,00:00,298.64281817335035,300.1434267278117,298.5653797992365,299.6980895996094,16785000.0
2020.12.28,00:00,302.30236444379983,303.19306815724786,300.47256173105023,302.7186584472656,22497700.0
2020.12.29,00:00,304.0450480707538,304.66467326455717,302.0894114503533,302.9897766113281,25871900.0
2020.12.30,00:00,304.1515422088258,304.4710161192308,302.37982552415474,302.99945068359375,18138100.0
2020.12.31,00:00,302.902624635413,304.22897463129027,301.8280010488041,303.7449035644531,21611400.0
2021.01.04,00:00,305.071236411445,305.2455244401776,295.4575926553533,299.4560241699219,45305900.0
2021.01.05,00:00,298.4685294069981,302.19588231521544,298.4685294069981,301.9247741699219,29323400.0
2021.01.06,00:00,297.2196266305306,301.9441648364743,296.23213231844335,297.742431640625,52809600.0
2021.01.07,00:00,300.39509438060014,305.77796146175444,300.36605130282,304.94537353515625,30394800.0
2021.01.08,00:00,307.2302010628528,309.21491003430316,305.042190529325,308.8663635253906,33955800.0
2021.01.11,00:00,305.9135279564242,307.08497153497416,303.7545606025091,304.4032287597656,32746400.0
2021.01.12,00:00,304.44202606910045,305.5263407416484,301.2859021926537,303.91925048828125,29266800.0
2021.01.13,00:00,304.1805196299968,306.7654420740711,303.5802763522072,305.9715881347656,22898400.0
2021.01.14,00:00,306.4169793743503,307.4141645709109,303.86107000917417,304.3354797363281,23500100.0
2021.01.15,00:00,304.12247559532705,305.08092679773813,300.68555349227927,301.9247741699219,35118700.0
2021.01.19,00:00,304.23864358090657,306.83325722127717,303.14463832144224,306.329833984375,24537000.0
2021.01.20,00:00,309.94105200190813,314.3944823981497,306.4266911576804,313.45538330078125,30728100.0
2021.01.21,00:00,314.7914467748411,316.70837906675666,313.4167013248198,315.962890625,25130600.0
2021.01.22,00:00,314.9269017124123,316.05961124320964,314.3653628386491,315.0527648925781,21609400.0
2021.01.25,00:00,318.4316053421389,319.79668917864336,311.1705399641472,317.6570739746094,39080600.0
2021.01.26,00:00,318.37358312762797,319.25459611588326,316.79550654126723,318.1218566894531,25498100.0
2021.01.27,00:00,315.8660588444002,315.8757201748006,307.2495703041456,309.2536315917969,55264000.0
2021.01.28,00:00,310.4542094973697,316.02102781483035,309.8345842333062,311.08349609375,42836300.0
2021.01.29,00:00,309.39891273587983,310.502609173547,302.79620450157876,304.5388488769531,55259000.0
2021.02.01,00:00,307.97565699810855,313.2326908464539,305.9522436350412,312.14837646484375,35646000.0
2021.02.02,00:00,315.1109495082248,318.3929363652849,314.9463523261116,317.2408447265625,33930800.0
2021.02.03,00:00,319.31261928071063,319.68051798841714,315.92412209235215,315.9822082519531,24824500.0
2021.02.04,00:00,317.3763206460709,319.8063369990852,316.0596321495655,319.7192077636719,22350900.0
2021.02.05,00:00,320.66800331185556,321.81040381264313,319.0318409228675,320.80352783203125,22732000.0
2021.02.08,00:00,322.4881914853754,323.1077871658272,320.8520287085858,322.952880859375,20462800.0
2021.02.09,00:00,322.02337974169393,324.1436130354733,322.01368886741005,322.8850402832031,17597500.0
2021.02.10,00:00,324.3178287279463,324.77285657905094,319.0027394283991,322.1492004394531,28068700.0
2021.02.11,00:00,323.6789239561336,324.32759214036884,321.5393382627716,323.92095947265625,22046100.0
2021.02.12,00:00,323.07868540357345,325.89598240320623,322.033104956612,325.7314147949219,20346800.0
2021.02.16,00:00,326.5252697267484,327.415973443144,323.68862051418506,324.85040283203125,27080800.0
2021.02.17,00:00,321.87823819098367,324.9666141704549,319.6515229506811,323.2917175292969,31360300.0
2021.02.18,00:00,319.7095451897931,323.23356672708246,317.89909482097755,321.878173828125,32236200.0
2021.02.19,00:00,323.223915842976,323.34977904654954,319.4578583383026,320.4743957519531,39157700.0
2021.02.22,00:00,316.0983480624215,317.3569207848066,311.96439255410183,312.1676940917969,47256900.0
2021.02.23,00:00,306.90102481836163,312.90351724809113,301.0921726135977,311.2383117675781,97241900.0
2021.02.24,00:00,308.5856241112255,314.1137371441251,305.8941900752673,313.8039245605469,58206300.0
2021.02.25,00:00,311.15121547282814,313.70709534994387,301.32454914976546,302.8638916015625,110182600.0
2021.02.26,00:00,305.7876863391182,308.9438094751332,300.97601894949236,304.1321716308594,104739800.0
2021.03.01,00:00,309.0987164649975,313.61995305490194,307.8111004768083,313.2810974121094,49164500.0
2021.03.02,00:00,313.9201074901199,313.99754586595145,308.0047728460935,308.2564697265625,48370000.0
2021.03.03,00:00,307.16247126718065,308.10157040167365,299.25276588125433,299.31085205078125,86301100.0
2021.03.04,00:00,298.9428847614246,302.0990371273131,290.5490806444042,294.4119873046875,139131600.0
2021.03.05,00:00,297.02598795684276,299.7464649262253,287.9738828516121,298.8460998535156,121523700.0
2021.03.08,00:00,298.30388481201396,300.18208250767526,289.9681970304768,290.3844909667969,88409800.0
2021.03.09,00:00,297.67470754029097,303.7352876579728,297.14224110528033,301.83770751953125,80391100.0
2021.03.10,00:00,306.0877711249526,306.3878927743234,300.2886101347486,300.9759826660156,76798100.0
2021.03.11,00:00,305.7101663433619,309.66986328829904,304.81949231390325,307.9078674316406,53484800.0
2021.03.12,00:00,303.86109232570243,308.0918984967529,301.4698094897482,305.4101257324219,69315600.0
2021.03.15,00:00,305.729568585238,308.8372961135576,304.0934062516041,308.6726989746094,42955700.0
2021.03.16,00:00,310.8607357904687,313.8716730118941,308.9341425127925,310.3669738769531,54925900.0
2021.03.17,00:00,307.3367134727356,313.53281684257354,305.6230830912627,311.6449279785156,78258700.0
2021.03.18,00:00,306.77526623066706,307.7530994730686,301.64412351831913,302.0991516113281,82718100.0
2021.03.19,00:00,301.93447260393606,304.70337437905994,299.7948868313532,303.1640319824219,78446200.0
2021.03.22,00:00,305.553499993313,310.91408667450554,305.553499993313,308.8493347167969,56194800.0
2021.03.23,00:00,309.9350993948063,311.25342166868893,306.6877205470612,307.5019836425781,53455400.0
2021.03.24,00:00,308.8687426018364,308.9075254809563,302.17042759765224,302.3158264160156,64803700.0
2021.03.25,00:00,300.4740667310642,303.30462551444776,297.9731180765903,301.7923889160156,78729000.0
2021.03.26,00:00,301.5790668600298,306.63915226798906,300.1832087727299,306.31927490234375,63519600.0
2021.03.29,00:00,305.7861256396447,307.2789260718177,302.89740800258596,306.2320251464844,54608000.0
2021.03.30,00:00,304.2739455970751,305.2626870898659,301.9959322932917,304.6907653808594,44635700.0
2021.03.31,00:00,306.4744393806723,310.91411802707773,306.1351557169822,309.35345458984375,55032500.0
2021.04.01,00:00,313.17272268188594,314.76246572139036,312.9206783435734,314.62677001953125,55685600.0
2021.04.05,00:00,317.10830969994527,321.67400959517823,316.8659685015175,320.908203125,42172500.0
2021.04.06,00:00,320.59809395273015,322.6337367666103,319.90982350996234,320.6853332519531,33537200.0
2021.04.07,00:00,320.2102047055061,322.2943623228412,319.2796229453217,321.460693359375,32046400.0
2021.04.08,00:00,324.31072970282855,324.99897052229124,323.51584335771946,324.8147888183594,29940800.0
2021.04.09,00:00,323.4576782099701,326.98618070540704,322.72098098970895,326.7825927734375,36664900.0
2021.04.12,00:00,325.74540496949743,326.7729294463772,324.4755392559447,326.3561096191406,25833000.0
2021.04.13,00:00,327.8779028481073,330.6308950141686,327.66464143328113,330.1656188964844,30374000.0
2021.04.14,00:00,330.4079361108956,330.53395824451815,325.3866344872288,326.2008972167969,42564300.0
2021.04.15,00:00,329.07034959881554,331.5325450707448,325.9199132352182,331.144775390625,36342800.0
2021.04.16,00:00,331.6681358645209,331.74570160907507,329.6615437771417,331.5324401855469,40860100.0
2021.04.19,00:00,329.9621023825836,331.115619292203,326.5789990742722,328.49835205078125,34533100.0
2021.04.20,00:00,327.8391751174834,329.1187141235269,324.13619461803864,326.10400390625,38081800.0
2021.04.21,00:00,324.824498866238,329.08002521372185,323.7388148510512,328.8958435058594,36598100.0
2021.04.22,00:00,328.5080497708654,329.4870880981797,323.7775448352505,324.93109130859375,45936100.0
2021.04.23,00:00,325.5612107593178,330.3304695475756,325.5612107593178,329.0218505859375,36381900.0
2021.04.26,00:00,329.2642070255575,331.4452781726139,328.5177770778778,331.1641540527344,30812000.0
2021.04.27,00:00,331.4548686375867,331.66813005738095,328.77944215058864,329.7294006347656,33187200.0
2021.04.28,00:00,329.39989881314733,330.4080466367057,327.9652280481862,328.6147155761719,33615700.0
2021.04.29,00:00,331.88143070521437,332.29825048050515,326.57900392431367,329.79730224609375,37708900.0
2021.04.30,00:00,327.35458658962574,329.83615873108647,326.72447564604624,327.63568115234375,38263400.0
2021.05.03,00:00,328.8376242784692,329.5840245077419,325.4448475555954,325.8907470703125,29729700.0
2021.05.04,00:00,323.34130340556635,323.6612103391232,316.2164665817739,320.0260925292969,65147000.0
2021.05.05,00:00,322.07142882980395,322.934177631916,318.1745932977846,318.9500732421875,46219300.0
2021.05.06,00:00,318.68843337457514,321.5092889550731,316.4492026859882,321.35418701171875,46814300.0
2021.05.07,00:00,324.1264758751457,326.33662624786115,321.5285855319415,323.9617004394531,53324500.0
2021.05.10,00:00,322.5851410471898,322.75961957029017,315.5766245427343,315.78021240234375,60700500.0
2021.05.11,00:00,309.90593294309514,316.1389413976423,309.2467424078614,315.34405517578125,71963600.0
2021.05.12,00:00,310.4196815194903,312.73644786644485,306.3192580171597,307.1820068359375,91164900.0
2021.05.13,00:00,310.119193940392,312.5231996658119,307.1916933671056,309.55694580078125,69877800.0
2021.05.14,00:00,312.7171506629184,317.3022281176415,312.2130619368649,316.39105224609375,44370000.0
2021.05.17,00:00,314.68488007831405,316.37156525838355,311.6023073069235,314.47161865234375,39395000.0
2021.05.18,00:00,315.4216237712998,316.64300329263045,312.0773034068647,312.3487243652344,36528500.0
2021.05.19,00:00,306.9591010662555,313.0079287390102,306.61011430985127,312.7074279785156,66319100.0
2021.05.20,00:00,314.190525497534,319.6092713737214,313.96759051845436,318.7562255859375,46466100.0
2021.05.21,00:00,320.3071538929097,320.7239735921718,316.6332831724443,316.991943359375,50330400.0
2021.05.24,00:00,319.2797272359701,323.4480142495234,316.8853946382542,322.32354736328125,32475800.0
2021.05.25,00:00,323.83568579264556,324.55300623379526,321.5964556098517,322.7693786621094,31280300.0
2021.05.26,00:00,323.43828770635344,324.3591665878998,322.7500469283273,323.8938903808594,25444900.0
2021.05.27,00:00,323.44796589913267,324.2913085420802,322.4786010989326,322.6821594238281,27931700.0
2021.05.28,00:00,323.88428550847584,325.2898768364901,323.3802262703979,323.7001037597656,29927400.0
2021.06.01,00:00,325.02802938445956,325.5030382874219,321.27659206724854,322.6240234375,31145400.0
2021.06.02,00:00,323.0408584081203,324.0974626171343,321.53835462068525,323.2541198730469,22047900.0
2021.06.03,00:00,320.4235807979536,321.69344654916364,318.22313295347107,319.89044189453125,37057800.0
2021.06.04,00:00,321.6837596667815,325.7647777608782,321.6158970214758,325.3188781738281,38736500.0
2021.06.07,00:00,324.78576590141046,326.34645910010823,324.09752496148394,326.2882995605469,32611900.0
2021.06.08,00:00,328.0330718893326,328.8958208385621,324.76631695292076,326.4433288574219,27282800.0
2021.06.09,00:00,327.810176563199,328.58565673367104,326.3367228235608,326.5209045410156,21485300.0
2021.06.10,00:00,326.8601130664696,330.0299252524659,326.4142135500906,329.9233093261719,33702100.0
2021.06.11,00:00,329.93299548610094,330.79574437440573,329.28353762387894,330.7860412597656,21222800.0
2021.06.14,00:00,331.2125224070112,333.9655145952076,330.0298962939506,333.9558410644531,27827700.0
2021.06.15,00:00,333.606894906958,333.9170987473574,331.05746071225883,331.7748107910156,35963800.0
2021.06.16,00:00,332.2400925756048,333.3063998058053,327.1121739212168,330.5631103515625,55399500.0
2021.06.17,00:00,329.5549527607095,335.76858468846024,329.5064963536992,334.76043701171875,59722700.0
2021.06.18,00:00,333.1029099517575,334.24675358717735,331.3871149159547,332.133544921875,55414900.0
2021.06.21,00:00,332.32471625745603,334.5180320305038,330.11200135629787,334.19775390625,32992600.0
2021.06.22,00:00,333.9938714771948,337.75937452860774,333.69302217724,337.3129577636719,28941600.0
2021.06.23,00:00,337.25471171207795,338.6231050395058,336.6432987767399,337.4779052734375,27188500.0
2021.06.24,00:00,339.4092323186821,341.0881598467166,338.8657606820142,339.56451416015625,32581600.0
2021.06.25,00:00,340.12738996069703,340.37001228841126,338.54548764528295,339.1471862792969,28682800.0
2021.06.28,00:00,340.42823251693966,343.40764175017654,340.3700055288033,343.2717590332031,39130300.0
2021.06.29,00:00,343.0971013990546,344.5431210644073,342.2624947676922,344.5140075683594,29426000.0
2021.06.30,00:00,344.3586792692265,344.7468986534807,343.3881900425526,343.9704895019531,32724000.0
2021.07.01,00:00,343.6211701215332,344.6110585931317,342.2721757133601,344.1064147949219,29290000.0
2021.07.02,00:00,345.99884268911813,348.3765533766794,345.76593472908996,348.0563049316406,32727200.0
2021.07.06,00:00,348.6579380473728,349.8419359833054,345.9696641736772,349.56048583984375,38842400.0
2021.07.07,00:00,351.7538908214984,352.05474016267107,348.34746358933484,350.29815673828125,35265200.0
2021.07.08,00:00,345.2418224398353,349.0364388088404,343.9607991902347,348.1824035644531,50890000.0
2021.07.09,00:00,347.6002282403716,350.83194516016465,347.01792863206083,350.3564147949219,35184500.0
2021.07.12,00:00,351.753875458604,352.1808931403898,350.18165783912826,351.7247619628906,25717700.0
2021.07.13,00:00,351.3462569016323,354.68474262269365,350.8707265993189,351.7247619628906,39723000.0
2021.07.14,00:00,354.06354001491627,354.70406640153493,351.53057757494906,352.3554992675781,35336400.0
2021.07.15,00:00,352.2682233868746,352.4720178509438,347.88159271368477,349.88079833984375,53391600.0
2021.07.16,00:00,350.7348755909981,351.7150793969607,346.69763599075077,347.0470275878906,47262000.0
2021.07.19,00:00,343.6017933642096,344.69845123070195,341.6511296216151,344.2035217285156,64404600.0
2021.07.20,00:00,345.13512395324045,349.6478933984783,343.3591119000733,348.2018737792969,42183700.0
2021.07.21,00:00,347.7748438652309,350.8901062011719,347.5516206658584,350.8901062011719,30259900.0
2021.07.22,00:00,351.09390553080846,353.2192794800728,351.09390553080846,353.2095947265625,30252200.0
2021.07.23,00:00,354.5294695016737,357.6156185912099,353.18050467776334,357.3341979980469,31960800.0
2021.07.26,00:00,356.645050394961,358.00375890669227,355.78133044710984,357.61553955078125,28438100.0
2021.07.27,00:00,357.353516177006,357.353516177006,349.531375993439,353.67535400390625,57933100.0
2021.07.28,00:00,354.81089455029075,356.6063056814547,352.52052439792925,355.0340881347656,42066200.0
2021.07.29,00:00,354.4712957779272,356.8295781941217,354.4712957779272,355.6650085449219,25672500.0
2021.07.30,00:00,351.74416275803367,354.3936093484703,351.71504926218205,353.8113098144531,36484600.0
2021.08.02,00:00,355.4707772705137,356.0530767045384,353.1318947821172,353.8403625488281,27334100.0
2021.08.03,00:00,354.50032105152934,356.1016224312695,351.31711741542796,355.98516845703125,35558500.0
2021.08.04,00:00,355.94635621743237,357.4506324293252,354.8400137966244,356.4995422363281,29602200.0
2021.08.05,00:00,357.31469319399685,358.99365010936197,356.60625505934047,358.7607421875,21443900.0
2021.08.06,00:00,357.4991317933084,358.46962107455283,356.0822257354465,357.1885681152344,33332100.0
2021.08.09,00:00,357.6447476764634,358.3726147359281,356.5481195184718,357.84857177734375,25960200.0
2021.08.10,00:00,358.3629100233557,358.6540449841331,354.83031454200466,356.0143127441406,35130800.0
2021.08.11,00:00,357.27596000234576,357.77088942641615,354.0733274087336,355.40289306640625,34249800.0
2021.08.12,00:00,354.89826305920906,357.04303629212944,353.5492686074497,356.6839599609375,25969200.0
2021.08.13,00:00,357.03330415696774,358.26581484152007,356.5383451623687,357.93585205078125,19336200.0
2021.08.16,00:00,356.8198477892723,358.1299847748878,352.9670037183403,358.0911865234375,34856900.0
2021.08.17,00:00,355.3445394758508,356.3150284705231,352.51072819691313,354.93695068359375,44793900.0
2021.08.18,00:00,354.4032895790549,355.80079659606537,351.19097223749185,351.52093505859375,38541900.0
2021.08.19,00:00,349.5896483819814,354.8885115391661,349.3373116926452,353.2192687988281,48499400.0
2021.08.20,00:00,354.2868322168747,357.2759559368995,353.97626852339454,356.8780517578125,39486000.0
2021.08.23,00:00,357.9164688468706,362.90479843928557,357.9067840926924,362.21575927734375,34034700.0
2021.08.24,00:00,362.80766341511224,363.9237200238546,362.341817956977,363.322021484375,21732900.0
2021.08.25,00:00,363.57444379011275,364.3120252016674,362.8271480072528,363.7394104003906,20441900.0
2021.08.26,00:00,362.88539100832384,363.56471578355405,360.9929249278574,361.4296569824219,29133300.0
2021.08.27,00:00,362.0604858868606,365.44748439971636,361.5752411891111,364.9428405761719,27104700.0
2021.08.30,00:00,365.72892723465935,369.5235442485013,365.70949849227054,369.0382995605469,27295700.0
2021.08.31,00:00,369.2808678418203,369.3487795792828,367.1942922955025,368.7373962402344,29628200.0
2021.09.01,00:00,369.79526233368057,371.4159629281201,369.1450214515688,369.34881591796875,28138300.0
2021.09.02,00:00,370.69783929261524,371.0278021363482,367.96105206184734,369.1741638183594,25453400.0
2021.09.03,00:00,368.02891477427477,370.7074744376355,368.00951565243156,370.3095703125,24605400.0
2021.09.07,00:00,370.41631491144716,371.4838589668425,369.26143038110774,370.8336181640625,23970200.0
2021.09.08,00:00,370.6590256855365,370.6590256855365,367.28174138032995,369.54296875,32949200.0
2021.09.09,00:00,369.76613774278206,370.87248014416735,368.0289536026869,368.2715759277344,29399000.0
2021.09.10,00:00,369.9796161815492,370.69776872726254,365.14656920150003,365.4765319824219,40249400.0
2021.09.13,00:00,367.80568691624063,368.232704527197,363.17646416375703,365.22418212890625,48741800.0
2021.09.14,00:00,366.7091007301896,367.4369677608617,363.2347618019217,364.18585205078125,41826600.0
2021.09.15,00:00,364.6420111582431,367.2429157722262,362.35164065887915,366.8935241699219,34097900.0
2021.09.16,00:00,365.56388026882286,367.718367568976,363.642330526106,367.1457824707031,35193100.0
2021.09.17,00:00,366.6702766200241,366.71878923852006,361.7596031021072,362.7980041503906,60912300.0
2021.09.20,00:00,357.01138745369525,358.7504976943666,350.6670670420057,355.30145263671875,76203200.0
2021.09.21,00:00,357.12791752385976,358.32295337490024,354.6115672536215,355.73858642578125,41927500.0
2021.09.22,00:00,356.6519087067731,360.5187493428805,355.55403515444647,359.0614013671875,46972900.0
2021.09.23,00:00,360.217574445798,363.404307570577,359.5763377643105,362.37445068359375,44652000.0
2021.09.24,00:00,360.11062893099836,363.1322120662038,359.74142941771123,362.71441650390625,36056800.0
2021.09.27,00:00,359.6735155077415,360.69364729673265,357.2737478333367,359.8192443847656,43338100.0
2021.09.28,00:00,355.2722416593605,359.77056340071175,349.13194279172444,349.63714599609375,97701600.0
2021.09.29,00:00,350.9002374139958,353.0376631925343,348.44217849629433,349.06396484375,58076600.0
2021.09.30,00:00,350.7059458519513,352.3673142998109,346.9459926884588,347.7815246582031,61384600.0
2021.10.01,00:00,348.40332487128245,350.97796700376824,344.3033180915017,349.9383850097656,56375500.0
2021.10.04,00:00,348.3255826438038,348.6559112896858,340.3587649288273,342.5933532714844,76766000.0
2021.10.05,00:00,343.6523296162224,349.4623003725709,343.4288885889361,347.2179870605469,47232900.0
2021.10.06,00:00,344.0119156671475,349.715030331096,343.1083668248391,349.4429931640625,56806500.0
2021.10.07,00:00,352.48383820617084,355.29167583028516,351.9494892129102,352.6490173339844,39411200.0
2021.10.08,00:00,353.72742604039263,353.96062183778866,350.35609379081643,350.8904724121094,41822300.0
2021.10.11,00:00,349.35541514023294,352.8725062066949,348.11181282191984,348.19927978515625,34847200.0
2021.10.12,00:00,349.64681984508604,350.08400630882704,346.3435047476397,346.9847412109375,43905100.0
2021.10.13,00:00,349.2874617626891,350.4339017377287,347.266589269575,349.7635192871094,40120800.0
2021.10.14,00:00,353.34852170552784,356.4186710500105,352.6878645383114,356.2049255371094,43433900.0
2021.10.15,00:00,357.41939257925725,358.5658323417555,356.3895358909364,358.4492492675781,40419900.0
2021.10.18,00:00,357.15710508473506,362.2675480418583,356.5547393437458,362.0538024902344,34513500.0
2021.10.19,00:00,363.12257694031103,364.84223706552996,362.1024451058263,364.7936706542969,29091000.0
2021.10.20,00:00,365.250199110174,365.8622898890038,362.84070690219073,364.3175048828125,31390300.0
2021.10.21,00:00,363.5208051380614,366.7366832803752,363.2196223259279,366.5423583984375,25469300.0
2021.10.22,00:00,365.28913296115627,366.2509731223025,361.8012170845607,363.46258544921875,36275800.0
2021.10.25,00:00,364.8811104953325,368.09698969643966,362.93797963545757,367.1837158203125,32597800.0
2021.10.26,00:00,369.4182966859178,371.8277597322551,367.1642580007848,368.33984375,47191300.0
2021.10.27,00:00,368.78681470322863,372.2553106095985,368.5245026955381,369.19488525390625,45760500.0
2021.10.28,00:00,371.0893573713803,373.54741625645437,370.32181252550123,373.2947998046875,38007000.0
2021.10.29,00:00,370.2246498535982,375.29622161802354,369.8749005973432,375.13104248046875,37310100.0
2021.11.01,00:00,375.5682257211383,376.5397908807335,373.4890916975087,376.4134826660156,30765300.0
2021.11.02,00:00,375.8014354130221,378.46354442062784,375.75286900934157,377.9874572753906,25135300.0
2021.11.03,00:00,378.47324379942285,382.41779647294356,377.4336914813911,382.0000305175781,33748900.0
2021.11.04,00:00,383.26311407298033,387.84890376040164,382.7190398431017,386.8967590332031,40265300.0
2021.11.05,00:00,388.66492530845403,389.5878943977676,385.86681297279597,387.265869140625,43383800.0
2021.11.08,00:00,387.2367491954232,388.2568807963275,386.1000048645777,386.7412414550781,29256300.0
2021.11.09,00:00,387.81006185572306,388.20840724129505,382.71906847393984,384.0792541503906,50490700.0
2021.11.10,00:00,381.3102427732296,384.1180511334133,376.51070771481966,378.4344177246094,54937400.0
2021.11.11,00:00,381.40738299331053,381.5822576249606,379.143619323171,379.4836730957031,32243000.0
2021.11.12,00:00,380.63006770296744,384.011125095005,379.03671627670747,383.4767761230469,34730600.0
2021.11.15,00:00,384.65242647558927,384.9730299828314,380.95076500650976,383.3893737792969,33716900.0
2021.11.16,00:00,382.66064649183136,386.61492387931935,382.466351246265,386.11944580078125,27872900.0
2021.11.17,00:00,386.4401609918692,388.3541461304807,385.36173756520316,386.3235778808594,28703300.0
2021.11.18,00:00,388.3637126775872,390.83146658574316,386.1485455235294,390.3262634277344,45721500.0
2021.11.19,00:00,391.9586113099856,393.7754338135081,391.1327748129784,392.502685546875,45191700.0
2021.11.22,00:00,394.03771684540067,397.0884162450373,387.8391259434944,387.94598388671875,61715400.0
2021.11.23,00:00,386.78982609208884,388.8495693207287,381.74742974006676,386.1777648925781,70098700.0
2021.11.24,00:00,383.70021458418785,387.70305822703176,381.37818931168243,387.42132568359375,46954400.0
2021.11.26,00:00,384.84668358291367,386.23604437603416,378.6869636697701,380.0763244628906,51533300.0
2021.11.29,00:00,384.6330449857297,389.33541801935075,383.90437092711403,388.3249816894531,54447100.0
2021.11.30,00:00,387.4408432168267,389.782319353698,380.6107397432283,382.62188720703125,81332700.0
2021.12.01,00:00,386.9550383610428,389.0924939464996,375.64603334024446,376.11236572265625,77766500.0
2021.12.02,00:00,374.829879775316,380.6009800122921,373.41140274344633,378.8230285644531,84416600.0
2021.12.03,00:00,380.1832061761861,381.1839172255173,368.1260775304697,372.2358093261719,105349100.0
2021.12.06,00:00,372.7215457733595,376.57866063108446,368.5146520413517,375.2184753417969,67588800.0
2021.12.07,00:00,381.85426024187535,387.1298520358076,381.81538933285583,386.51776123046875,56005300.0
2021.12.08,00:00,386.8481656391627,388.4512424421491,384.9536014584753,388.2471923828125,39204000.0
2021.12.09,00:00,387.02301998348895,388.8204216107013,382.3400684022684,382.5343933105469,49973700.0
2021.12.10,00:00,385.3421676711023,386.9549693890545,382.1748557726093,386.6926574707031,52545800.0
2021.12.13,00:00,386.6829143889607,387.00351782984734,380.73694065036705,381.10614013671875,50166400.0
2021.12.14,00:00,376.28718869715664,378.9978638969991,372.72156103034786,377.16162109375,75199200.0
2021.12.15,00:00,376.9090040378662,386.1194527583862,372.9644517190141,385.75994873046875,73858000.0
2021.12.16,00:00,386.72181288136824,387.1493039329208,374.2566150073627,375.84027099609375,82591400.0
2021.12.17,00:00,372.4301505475138,378.123539191252,370.9145109003366,373.9652404785156,80492500.0
2021.12.20,00:00,369.24801685453167,371.1255254941099,367.2051181161095,370.3375549316406,65336800.0
2021.12.21,00:00,373.6062918973448,378.9372817404234,369.8610109488325,378.6259765625,48899500.0
2021.12.22,00:00,378.33401801404176,383.4412499594031,377.67251700140145,383.2369689941406,37042200.0
2021.12.23,00:00,383.58724190976255,387.59519903351975,383.42188146726215,386.12628173828125,29595500.0
2021.12.27,00:00,387.4200560757079,392.5078430175781,387.39087307820034,392.5078430175781,32820700.0
2021.12.28,00:00,393.4027971113481,393.57789509151775,389.813140079433,390.68865966796875,33113700.0
2021.12.29,00:00,390.8248526370669,392.0894886983413,388.2566302700842,390.6302795410156,32248500.0
2021.12.30,00:00,390.41625210349576,392.5953579163481,388.8792315554268,389.4629211425781,23850100.0
2021.12.31,00:00,388.7917829486263,390.1537058784763,386.53486512905016,387.031005859375,34752900.0
2022.01.03,00:00,388.19832024519195,391.00974454371743,386.0873473183604,390.7568054199219,40575900.0
2022.01.04,00:00,391.30158862899646,391.34050919275626,382.59499023423507,385.6885070800781,58027200.0
2022.01.05,00:00,384.0054351251383,385.1241857874778,373.5866910641378,373.8396301269531,75739800.0
2022.01.06,00:00,372.02056019679407,376.8164876394273,369.79282568546137,373.5770263671875,70814300.0
2022.01.07,00:00,373.5867354584606,375.26970074436014,367.7596362625609,369.5301208496094,72652300.0
2022.01.10,00:00,364.6272827725465,370.2890228474581,359.2671102907393,369.7734069824219,91770500.0
2022.01.11,00:00,369.043745067452,375.4934549109958,366.96195524108066,375.3280944824219,68295700.0
2022.01.12,00:00,377.89626785911645,379.5889707439038,374.54010446184316,376.81646728515625,54576400.0
2022.01.13,00:00,378.1978779155955,378.8788541706966,366.4561289540999,367.3900146484375,77994000.0
2022.01.14,00:00,364.8703913946755,370.0068064199914,364.6660807383496,369.6760559082031,80121200.0
2022.01.18,00:00,363.868379872128,365.9890899163701,359.71447907712337,360.4732666015625,75450900.0
2022.01.19,00:00,362.02986377818786,364.50080012803306,356.25139189864086,356.5140686035156,81791500.0
2022.01.20,00:00,359.734037581992,363.70307408651166,351.3484523152494,351.88348388671875,88610700.0
2022.01.21,00:00,349.6946206883517,352.33091698772046,341.84406809533505,342.1261901855469,143388900.0
2022.01.24,00:00,336.503361180351,344.35391352228993,325.0631519590181,343.6923828125,198685800.0
2022.01.25,00:00,337.2426718236753,341.48409176806155,332.3883496565951,335.7250671386719,124398400.0
2022.01.26,00:00,343.31306025257425,347.1751022863586,331.51291558684187,335.1998596191406,146559500.0
2022.01.27,00:00,339.89843625241,341.717578860409,330.8026935247298,331.82415771484375,95255700.0
2022.01.28,00:00,333.7017154948516,342.4472338873204,328.7598729741147,342.23321533203125,108167900.0
2022.01.31,00:00,343.5951296676344,353.76093569684656,341.9607928414267,353.17724609375,94326400.0
2022.02.01,00:00,354.51978388230384,356.23193242737494,349.37366005965646,355.58013916015625,74433000.0
2022.02.02,00:00,359.70475140294946,360.03550187614525,354.3835014643365,358.4692687988281,78777100.0
2022.02.03,00:00,348.78022424897017,352.0877595673493,342.87528317586026,343.9356384277344,95384800.0
2022.02.04,00:00,344.45123232666253,351.5721813751419,342.3986253392621,348.2743835449219,86318300.0
2022.02.07,00:00,348.8678635172903,351.2317761956267,344.2178496183061,345.4727783203125,58198100.0
2022.02.08,00:00,344.33444287920713,350.44366407130263,343.20598422745877,349.3541259765625,64720900.0
2022.02.09,00:00,353.8679667596408,356.8350135761256,352.2725504590075,356.7572021484375,55766400.0
2022.02.10,00:00,349.74327756855774,356.52373803272644,346.84433406588846,348.68292236328125,112468500.0
2022.02.11,00:00,348.68293354866245,350.2783500326764,336.39638598494747,337.62213134765625,101569100.0
2022.02.14,00:00,337.0676599665158,341.43558063007725,334.53838722726806,338.04046630859375,80254400.0
2022.02.15,00:00,343.31296755858426,346.67886799168025,342.25261258562773,346.4454040527344,55128800.0
2022.02.16,00:00,344.19830964180295,347.37937534683465,341.17286680940686,346.3579406738281,58947100.0
2022.02.17,00:00,343.14761274914025,343.84803432565775,335.63754850169113,336.0558776855469,61801400.0
2022.02.18,00:00,336.98979739395264,337.3789139342087,329.9175070476172,332.2230529785156,80001500.0
2022.02.22,00:00,329.2851455895957,334.6842375572723,325.25774354936186,328.88629150390625,85967100.0
2022.02.23,00:00,332.038210028671,332.8748090871975,320.1505174094211,320.4618225097656,86215400.0
2022.02.24,00:00,310.1694684544113,331.7657740152705,309.60525402430045,331.230712890625,130614100.0
2022.02.25,00:00,332.0285103049562,336.57152871228726,328.21512629807074,336.3672180175781,78842100.0
2022.02.28,00:00,333.1958540080665,339.06187408237105,332.0382122795594,337.3691711425781,77515500.0
2022.03.01,00:00,336.34771581519976,338.61434101103964,329.68398795912555,332.20355224609375,67407000.0
2022.03.02,00:00,333.75039937296265,339.11057202016224,330.9876328197201,337.77783203125,70609000.0
2022.03.03,00:00,340.41404313685024,340.5210672491219,331.0945734414268,332.95263671875,71089400.0
2022.03.04,00:00,330.5984383743675,332.02846460203284,325.81224874261795,328.12750244140625,76936300.0
2022.03.07,00:00,328.1176951408974,329.2753364833455,315.82141488378414,316.02569580078125,89933800.0
2022.03.08,00:00,315.23789244743244,324.14880236266123,311.23967251525295,314.55694580078125,116153900.0
2022.03.09,00:00,322.7284579772235,327.2325554489857,320.1407899136627,325.8803405761719,64723400.0
2022.03.10,00:00,321.8238210937463,323.4678662884436,317.8255713431909,322.2615661621094,69362700.0
2022.03.11,00:00,325.2285581449521,325.5398632369939,315.0919050320362,315.57830810546875,66228400.0
2022.03.14,00:00,314.34290265565807,317.70880412168714,308.8173700285798,309.5177917480469,79802600.0
2022.03.15,00:00,312.15405848421847,320.00461165026024,310.54893419032584,319.2263488769531,76471000.0
2022.03.16,00:00,323.13703491127427,331.18213115897674,319.4695366915689,331.0653991699219,105243000.0
2022.03.17,00:00,329.1685135375677,335.13182182249585,327.8746940224361,335.0734558105469,67810000.0
2022.03.18,00:00,333.4195566448327,342.2234697530368,332.26191499890564,341.9316101074219,85446300.0
2022.03.21,00:00,341.09789357328924,343.3186324478158,336.5979479498107,340.9809875488281,73799100.0
2022.03.22,00:00,341.4777583376518,348.5490720835401,341.0979103437439,347.68218994140625,63345900.0
2022.03.23,00:00,344.80887821456724,348.3640045280012,342.6270782050995,342.6855163574219,70615500.0
2022.03.24,00:00,344.604348920767,350.351025410237,342.4517974996988,350.30230712890625,53555300.0
2022.03.25,00:00,350.24388447861514,351.29583081945475,345.7147486803651,350.0101318359375,57584200.0
2022.03.28,00:00,350.00036133268156,355.5230049812949,348.7633807065235,355.42559814453125,56833900.0
2022.03.29,00:00,359.31193039992064,362.16576976509015,356.54574828178664,361.54241943359375,68073000.0
2022.03.30,00:00,359.6820322233208,361.3378593665474,356.0684672576992,357.5489501953125,68757700.0
2022.03.31,00:00,357.6949804858477,358.0456391088496,352.279493961754,353.1171569824219,67011400.0
2022.04.01,00:00,353.3801084265365,354.1593035284398,349.26979035656285,352.445068359375,54527800.0
2022.04.04,00:00,353.2827619279761,359.71122665164575,353.0197902241706,359.70147705078125,45950200.0
2022.04.05,00:00,358.2502217162296,358.96125893501994,350.5750266015486,351.7146301269531,62738700.0
2022.04.06,00:00,346.4062040659175,347.5068387031979,341.44850312291874,344.0783386230469,90077100.0
2022.04.07,00:00,343.08484310536005,347.0880346472585,339.62712382661994,344.8965148925781,63777400.0
2022.04.08,00:00,343.162847342799,343.91282354869514,339.44212594464426,340.0752258300781,61956100.0
2022.04.11,00:00,335.84797458933093,336.7635452464772,331.6889676814274,332.0298767089844,66107400.0
2022.04.12,00:00,336.77325069335205,338.6530803118143,329.25390249511713,330.62725830078125,72790200.0
2022.04.13,00:00,330.9681858074025,338.39987787475087,330.2474287909676,337.34796142578125,61367800.0
2022.04.14,00:00,337.43564025513336,337.9518637748371,329.41953643655626,329.6338195800781,73519400.0
2022.04.18,00:00,328.58188617241785,332.1759811486784,327.0624347689701,329.8870544433594,58560600.0
2022.04.19,00:00,329.2442411729046,337.8350071673093,328.2215436745014,337.2603454589844,56515700.0
2022.04.20,00:00,338.068698508038,338.5264838163348,331.1240112611551,332.3415222167969,65500000.0
2022.04.21,00:00,336.2181551269493,338.8284920047036,324.5397972136839,325.465087890625,75801000.0
2022.04.22,00:00,325.6208654467017,326.83837639396864,316.5138776162672,316.94244384765625,82562100.0
2022.04.25,00:00,315.3159564082332,321.3255755238997,314.0497268248548,321.0138854980469,101755900.0
2022.04.26,00:00,318.95862177122086,319.14368579729404,308.62437427991836,308.8971252441406,105819600.0
2022.04.27,00:00,308.99448264935336,314.4879054903426,306.8127128696388,308.5269775390625,111204200.0
2022.04.28,00:00,313.4848115156932,321.31585242137135,309.2673357800152,319.4847106933594,99450000.0
2022.04.29,00:00,315.28674394766375,318.7249947332458,304.47523745955675,305.10833740234375,91977900.0
2022.05.02,00:00,304.69918805124564,310.436114682396,301.6018469141752,310.2023620605469,115511800.0
2022.05.03,00:00,310.2218793092127,312.82249652532755,307.767387228648,310.5335693359375,78185500.0
2022.05.04,00:00,311.0108248641342,321.70545484748925,305.73171250145947,321.03338623046875,116083400.0
2022.05.05,00:00,316.71847764967674,316.79638528062134,301.57262187157147,304.8647766113281,154607400.0
2022.05.06,00:00,302.86807676149334,306.9004581164156,297.1798386765447,301.2122497558594,139572800.0
2022.05.09,00:00,295.5921888671596,301.3096155262985,288.0338713858974,289.42669677734375,113387300.0
2022.05.10,00:00,296.5955582711368,297.81306980096883,288.8619226556914,292.9430236816406,124124600.0
2022.05.11,00:00,290.68319437612166,296.18633825965026,283.38787783221585,284.2547302246094,140326100.0
2022.05.12,00:00,279.9787969316437,288.0630567964477,277.5340257205706,283.5826110839844,120910900.0
2022.05.13,00:00,288.0339179888043,295.12470171225505,286.43652909796657,294.0922546386719,83684900.0
2022.05.16,00:00,292.3487744870589,294.40394878669343,289.4072782183106,290.6832275390625,59190400.0
2022.05.17,00:00,296.53704468062864,298.5921893526094,292.73838589410195,298.21234130859375,62715300.0
2022.05.18,00:00,293.70268582770615,294.3942239034574,282.3165180984512,283.572998046875,79477100.0
2022.05.19,00:00,281.77102563484806,286.738476663522,280.10544911695507,282.053466796875,79920700.0
2022.05.20,00:00,285.5111693670965,286.1637385375953,272.9269641320652,281.17681884765625,91764200.0
2022.05.23,00:00,282.21913869993335,286.2320514641114,279.82308461999776,285.8522033691406,63648400.0
2022.05.24,00:00,280.6412353589031,281.3522429494565,274.9140573272363,279.77435302734375,73491100.0
2022.05.25,00:00,278.28408246900483,285.76449362585697,278.07954891697494,283.6898498535156,67144500.0
2022.05.26,00:00,282.89118504350165,293.0988103784084,282.60871410197825,291.55010986328125,59462200.0
2022.05.27,00:00,294.6766361236019,301.21222696962036,294.5597598213431,301.0661315917969,66985600.0
2022.05.31,00:00,301.03687020042577,303.23810960712194,296.4200488394447,300.26739501953125,60968300.0
2022.06.01,00:00,302.40054336965414,304.523875630762,295.8357329172192,298.0467224121094,65341700.0
2022.06.02,00:00,296.9265309161337,306.38414620318287,295.5142065408682,306.2088317871094,59291300.0
2022.06.03,00:00,300.997978827493,302.4005540664085,296.9948163878671,298.2415466308594,60914700.0
2022.06.06,00:00,302.67323523378644,304.23165526192764,297.6765653234213,299.2349853515625,51785000.0
2022.06.07,00:00,295.91369990650855,302.595417735308,294.8228144792103,301.8161926269531,44900300.0
2022.06.08,00:00,301.01743035758443,303.61804712763023,298.7966913157756,299.64410400390625,38342100.0
2022.06.09,00:00,297.9590629986376,301.01743545544304,291.4526907496542,291.6182556152344,55900500.0
2022.06.10,00:00,286.01771368601544,287.20600575852495,280.88469737349953,281.3327331542969,85963500.0
2022.06.13,00:00,272.47896468943065,275.001643941255,267.39463751053967,268.25177001953125,94442000.0
2022.06.14,00:00,270.44328491828765,271.41729371088064,266.2355598004326,268.73876953125,64697500.0
2022.06.15,00:00,272.15764219949926,279.3750236427179,269.4206492177023,275.44976806640625,86051400.0
2022.06.16,00:00,268.4270924842186,268.88487782771375,262.28109908553523,264.3362731933594,81910300.0
2022.06.17,00:00,265.10573474580815,269.98552883699915,263.4791565316729,267.5505065917969,82703400.0
2022.06.21,00:00,272.0268994799265,276.6135532851158,271.9195668371507,274.3006896972656,51633700.0
2022.06.22,00:00,271.8023751623008,278.3017464295533,271.2071020260493,273.9005432128906,67472900.0
2022.06.23,00:00,276.37930737641136,278.8287787279244,273.5492578418302,277.9797668457031,57457800.0
2022.06.24,00:00,280.80006451551657,287.92401558987484,280.56586254296246,287.5043640136719,58422300.0
2022.06.27,00:00,288.8608200227862,289.42681798517424,284.26442815111665,285.3964538574219,54151500.0
2022.06.28,00:00,285.93311942830076,288.51919799924866,276.5158741815914,276.7012939453125,61609800.0
2022.06.29,00:00,276.56482301728386,278.4580355910872,274.066568652551,276.9551696777344,57302700.0
2022.06.30,00:00,273.9785932439517,277.09165604481103,269.12846343854136,273.5199279785156,79313600.0
2022.07.01,00:00,272.22205305536403,275.71569439598346,270.3483481823784,275.3253479003906,56675100.0
2022.07.05,00:00,271.5974236177196,280.15588879023824,270.0750517249355,280.0387878417969,61829300.0
2022.07.06,00:00,280.4194628152482,283.9326410168725,278.7019024096697,281.83447265625,63194700.0
2022.07.07,00:00,282.6444776054049,288.56808365550654,282.6444776054049,287.8654479980469,56620100.0
2022.07.08,00:00,285.0353208882049,289.5926984461402,284.0984834291946,288.2264709472656,59895500.0
2022.07.11,00:00,285.8160132530351,286.0404468081032,281.1903471472542,282.0686340332031,55273900.0
2022.07.12,00:00,283.3177929939941,285.2305115091865,277.74549076739095,279.336181640625,55797100.0
2022.07.13,00:00,273.8322792280034,281.10257652613404,273.2662514366693,278.7604675292969,73939400.0
2022.07.14,00:00,276.16462427336086,280.62440871511484,273.0515607161218,279.7558898925781,63741800.0
2022.07.15,00:00,282.74207403045335,284.93780675556116,281.1318462068161,284.8304443359375,63818100.0
2022.07.18,00:00,287.6117085612143,289.01697987225447,281.2489738562214,282.4200134277344,59519600.0
2022.07.19,00:00,286.0404609545284,291.3980678086759,284.44003162699636,291.10528564453125,55172600.0
2022.07.20,00:00,291.5250357377501,296.9021215280179,290.74431281740146,295.7213134765625,67769400.0
2022.07.21,00:00,296.1799156552056,300.0248895951628,293.525517855766,299.9663391113281,55049400.0
2022.07.22,00:00,299.0393058254194,301.1081694593646,292.8814970769838,294.7063903808594,57127700.0
2022.07.25,00:00,294.7355934056734,295.2040270459721,291.0272572099381,293.0278015136719,40582400.0
2022.07.26,00:00,291.3298418811851,291.5835805480421,286.46020374795387,287.2701721191406,50074100.0
2022.07.27,00:00,291.82747960619065,301.0983496471215,291.26145191551063,299.4100646972656,69304400.0
2022.07.28,00:00,299.1953693285458,302.91347376867895,295.4479896479993,302.33770751953125,55139900.0
2022.07.29,00:00,303.8796571496862,308.75906308524213,302.454849173802,307.8514709472656,57501000.0
2022.08.01,00:00,306.08506268864676,311.12061210718633,304.9920807587046,307.6659851074219,46358800.0
2022.08.02,00:00,305.37278238610025,310.8669689606227,304.31881392899396,306.7487487792969,48676500.0
2022.08.03,00:00,308.4272114359011,315.92200095901455,308.36866095210183,315.1022644042969,53735700.0
2022.08.04,00:00,315.1803940636946,316.8881863896901,313.03344322697217,316.5758972167969,38973700.0
2022.08.05,00:00,311.4915231177822,316.0195964067601,310.7108300691232,313.9897766113281,53894000.0
2022.08.08,00:00,314.907078320585,318.5959077315919,311.51100133048016,312.9748229980469,43878500.0
2022.08.09,00:00,311.0816452057415,311.3353838525647,307.812466949981,309.4324035644531,39764200.0
2022.08.10,00:00,316.7612924209817,318.3617519714591,314.29231404150215,318.0689697265625,51459600.0
2022.08.11,00:00,320.39156870404844,322.3921133408172,315.56094463561175,316.2635803222656,45897700.0
2022.08.12,00:00,318.31281525766974,322.6164534712434,317.25887702118183,322.4212951660156,40928400.0
2022.08.15,00:00,321.4747855946209,325.5246864619341,321.4552489111956,325.0269775390625,38266600.0
2022.08.16,00:00,324.0511130474527,326.35420819540025,321.22106348744586,324.26580810546875,41186900.0
2022.08.17,00:00,321.1331968983646,323.436261971791,318.48853770617495,320.5671691894531,47842200.0
2022.08.18,00:00,320.51845907611624,322.51900384424147,318.9082608747552,321.33819580078125,41937200.0
2022.08.19,00:00,318.3031614705781,318.9569851504218,314.31178143869266,315.0729675292969,51770600.0
2022.08.22,00:00,310.8181159636958,311.0523178867668,305.9679859299243,306.7779541015625,51098900.0
2022.08.23,00:00,306.54376837538723,309.35431072684594,305.7728139625083,306.5242614746094,39497100.0
2022.08.24,00:00,306.04609597851845,309.22747829484655,305.4410543854446,307.412353515625,38057100.0
2022.08.25,00:00,309.1883770057598,312.8674675891927,308.1442069262223,312.8479309082031,38098300.0
2022.08.26,00:00,312.55518091065204,313.7555253212276,299.9370461056214,300.0248718261719,69047700.0
2022.08.29,00:00,297.2728893341187,299.81018609423813,295.9652122628593,297.0679626464844,48321900.0
2022.08.30,00:00,298.7172280617715,299.33203795561866,291.24197482667506,293.7597351074219,51184500.0
2022.08.31,00:00,296.6581011353187,297.555924896819,291.9446082866473,292.05194091796875,50044000.0
2022.09.01,00:00,289.5634784705977,292.5496726386103,285.8844169711918,292.1788330078125,57990700.0
2022.09.02,00:00,295.0479557311508,296.4239519708738,286.4406753115394,288.0509033203125,64666800.0
2022.09.06,00:00,288.52899865452224,289.44632923624584,283.85452002401945,285.98193359375,57005400.0
2022.09.07,00:00,286.46012838191547,292.7545432113645,286.19662144134224,291.7591552734375,49260400.0
2022.09.08,00:00,289.69032244366866,294.58923504644343,288.32409480360485,293.27178955078125,55649800.0
2022.09.09,00:00,295.5259959473569,300.1809668391665,293.2717134805957,299.6832580566406,56125200.0
2022.09.12,00:00,301.0593360378884,303.57709631157707,300.74704692101136,303.24530029296875,45905700.0
2022.09.13,00:00,294.52097861083143,295.7115550454282,285.7283079258399,286.6163635253906,79562200.0
2022.09.14,00:00,287.75808045201677,289.7683933119644,285.9917378884854,288.8901062011719,54907200.0
2022.09.15,00:00,286.9773474007332,289.37800644389927,282.47852027572605,284.0789794921875,65299400.0
2022.09.16,00:00,280.78059431997553,282.73235709718057,278.731237447603,282.3420104980469,79920400.0
2022.09.19,00:00,279.7013441584104,284.6970440569441,279.6426884526191,284.5406188964844,52613800.0
2022.09.20,00:00,282.0379303044172,284.56024547929866,279.97513463846064,282.2725830078125,51271100.0
2022.09.21,00:00,283.11327668494283,287.3757802061988,277.08128628170294,277.2181396484375,82931000.0
2022.09.22,00:00,275.6930415739473,276.70000432671964,272.58416975490826,273.80621337890625,62757100.0
2022.09.23,00:00,271.3425593161207,271.63586769229045,265.93623941777963,269.34820556640625,74815200.0
2022.09.26,00:00,268.8789768686887,273.23922100426324,267.44185209694496,268.2337341308594,71176700.0
2022.09.27,00:00,271.5967278751962,273.94304548411566,266.0241974483463,268.3412170410156,69780100.0
2022.09.28,00:00,268.32165784227294,274.9598069578421,266.8454494776389,273.6791076660156,79652100.0
2022.09.29,00:00,269.6903967252643,270.0716887242896,262.82740925830205,265.7896423339844,81216000.0
2022.09.30,00:00,264.9683877032516,269.0353524973825,261.12628967839305,261.28271484375,78482400.0
2022.10.03,00:00,263.0522322436455,269.0060252619339,261.54666612929276,267.4124755859375,61267400.0
2022.10.04,00:00,272.7503114179168,276.52399709567806,272.7503114179168,275.8200988769531,66696900.0
2022.10.05,00:00,272.05623146486425,277.4625511231233,269.2602100468539,275.6734924316406,55766300.0
2022.10.06,00:00,274.6762872643789,277.82427276832533,273.1805070928327,273.5031433105469,53489400.0
2022.10.07,00:00,268.8691557371326,268.9962530554361,261.75197442759656,263.0815734863281,71354700.0
2022.10.10,00:00,263.27700888325273,263.66808662550505,257.74362281790576,260.45166015625,60393000.0
2022.10.11,00:00,258.7800271190582,261.6444908483016,255.19209311619318,256.8736267089844,66522500.0
2022.10.12,00:00,257.50905437021186,259.42521062634756,256.0915015138821,256.7856140136719,50580200.0
2022.10.13,00:00,249.45327606305003,264.1275826002605,248.57339587396288,262.8077697753906,112894100.0
2022.10.14,00:00,265.1346699508041,265.73101308348026,254.32202736096565,254.90858459472656,77244300.0
2022.10.17,00:00,260.8721154137595,264.1960683906086,260.77434594840025,263.32598876953125,64576500.0
2022.10.18,00:00,270.34536935380896,271.0101539048648,262.7295853642135,265.4083251953125,69781000.0
2022.10.19,00:00,263.89304794497684,267.5591797444997,262.07466089324083,264.4405212402344,53115400.0
2022.10.20,00:00,263.5507676104997,268.6931360370133,261.92792015057984,263.0912780761719,60605500.0
2022.10.21,00:00,261.9865577946035,269.797849504802,260.85249796175776,269.2601623535156,77897700.0
2022.10.24,00:00,269.52410039705074,273.1511166129297,265.8872982874094,272.2223815917969,63963600.0
2022.10.25,00:00,273.16094157940734,278.2348685509283,271.68470349213027,277.85357666015625,59014500.0
2022.10.26,00:00,272.2321955769183,277.6287591147078,271.2252328615051,271.71405029296875,63492400.0
2022.10.27,00:00,270.59958454005965,272.05625105959984,266.2490971046528,266.7672424316406,57760300.0
2022.10.28,00:00,266.14152342908994,275.3997258683495,265.9753123912375,274.9304504394531,62651300.0
2022.10.31,00:00,272.68194966008537,273.503159426672,269.81745662103884,271.733642578125,47742000.0
2022.11.01,00:00,275.2041929031402,275.7614518928756,268.595372187097,268.95709228515625,45895900.0
2022.11.02,00:00,268.9278309425427,271.98783336025116,259.66962601443583,259.7380676269531,79803100.0
2022.11.03,00:00,257.1277673451375,258.58443381449473,254.28284617551688,254.6641082763672,70038900.0
2022.11.04,00:00,259.5913715372942,260.64720401130904,253.28561503914713,258.7603759765625,78313200.0
2022.11.07,00:00,259.8064715479662,262.1430332516671,257.6752346520297,261.6053161621094,47333800.0
2022.11.08,00:00,263.12070123011625,266.74771876778345,259.58163742819613,263.5117492675781,63213800.0
2022.11.09,00:00,261.77151778448103,262.55361373285587,257.14729418920933,257.4308166503906,64862100.0
2022.11.10,00:00,269.8370496054912,276.71957861883755,267.7253543962646,276.4263000488281,99256700.0
2022.11.11,00:00,276.2405222408589,282.1845592972137,274.90116716615194,281.5197448730469,66961800.0
2022.11.14,00:00,279.4666812340499,282.741763917315,278.07845646792043,279.05609130859375,55290700.0
2022.11.15,00:00,285.6746934620761,286.70122803572764,279.57426106914244,282.91778564453125,73985400.0
2022.11.16,00:00,280.96249118192577,283.00574441872726,278.2348816226339,279.05609130859375,48859800.0
2022.11.17,00:00,274.5981177562604,279.9164544303959,274.44169257936795,278.4402160644531,55462100.0
2022.11.18,00:00,281.45126632473546,281.54900592608294,276.00583391974624,278.4499206542969,53588600.0
2022.11.21,00:00,277.0617493138327,278.21535143793466,274.7545450656288,275.5855407714844,40083500.0
2022.11.22,00:00,276.318718646645,279.71108281568,274.1874520736571,279.5546875,41873400.0
2022.11.23,00:00,279.5742690811381,282.9862055245089,279.39830194977225,282.36053466796875,46390000.0
2022.11.25,00:00,280.76703301765747,281.4709314987585,280.0142647144887,280.5030822753906,15498800.0
2022.11.28,00:00,278.52823025811415,280.5421561500874,275.4584715998371,276.38720703125,38714200.0
2022.11.29,00:00,276.6120339936034,277.0128679016486,272.9263609879941,274.2950439453125,35618900.0
2022.11.30,00:00,274.55900161910057,286.9065360739054,273.70846396811334,286.7989807128906,74718100.0
2022.12.01,00:00,287.121581571721,289.13550697653733,284.3744300291789,287.1509094238281,51547300.0
2022.12.02,00:00,282.08675429003557,286.8869447509054,281.910757350936,286.0070495605469,53583200.0
2022.12.05,00:00,283.8855883761072,285.15650163901466,279.7501825716484,281.2068786621094,41482100.0
2022.12.06,00:00,281.05045709162715,281.1873104465043,273.9919327917334,275.3801574707031,53937600.0
2022.12.07,00:00,274.19723419124455,276.25027324305955,272.54502898857334,274.2558898925781,45614300.0
2022.12.08,00:00,275.60500371405897,278.4694662439475,273.5324229097021,277.5016174316406,42594900.0
2022.12.09,00:00,276.4848541246429,279.2515769032235,275.29213865330206,275.7320861816406,47860500.0
2022.12.12,00:00,275.90812369116725,279.2516481889468,274.871833080141,279.1929626464844,35732500.0
2022.12.13,00:00,290.0153218239279,290.2401885409192,279.5155349090662,282.1942443847656,80667700.0
2022.12.14,00:00,281.6077090523937,284.8925776911261,276.856417960983,280.1021728515625,64984400.0
2022.12.15,00:00,276.01566388796755,276.68047833241644,269.5046413384967,270.6973571777344,60554100.0
2022.12.16,00:00,270.0227634589525,271.55762753266515,266.5130280152086,268.1163635253906,68300400.0
2022.12.19,00:00,268.38582094200126,268.4740151270423,263.113549233201,264.34832763671875,44167900.0
2022.12.20,00:00,263.1822522783271,265.8869945818374,261.6045058722679,264.14263916015625,51064200.0
2022.12.21,00:00,265.18139832829826,269.27768908130616,264.3386037768599,267.9743347167969,46394700.0
2022.12.22,00:00,264.96578045041497,265.0931820504398,257.2043613322855,261.41827392578125,60278400.0
2022.12.23,00:00,260.1540875111518,262.6726316300907,258.2529327193007,262.0062255859375,39373600.0
2022.12.27,00:00,261.39866722805584,261.50648008934456,257.76296633096587,258.30194091796875,38009000.0
2022.12.28,00:00,257.9001177088302,260.15404897861896,254.5290002209293,254.89158630371094,47139000.0
2022.12.29,00:00,257.69434977774887,262.04544340160635,256.99857554474977,261.10467529296875,45893600.0
2022.12.30,00:00,258.341077122022,261.07521651214813,257.0377231655659,260.94781494140625,37858300.0
2023.01.03,00:00,263.2703795073479,264.7403425754029,256.8809508045334,259.18389892578125,42335300.0
2023.01.04,00:00,261.300672498505,262.09445023311,257.27295778358507,260.4186706542969,47754900.0
2023.01.05,00:00,258.7527412605254,258.919320349099,256.02841054713053,256.34197998046875,45396700.0
2023.01.06,00:00,258.0765107602251,264.5345446367725,255.1267754282982,263.4173583984375,54659700.0
2023.01.09,00:00,265.40669938269843,269.77741078699546,264.5149481705316,265.1225280761719,45568700.0
2023.01.10,00:00,264.09358467777196,267.4745120737934,263.58400819036984,267.36669921875,35247800.0
2023.01.11,00:00,268.4349015637978,272.1000003561461,267.65090322153156,271.9921875,44077000.0
2023.01.12,00:00,272.55075772684324,274.4911198155303,268.25846062265697,273.4621276855469,60600000.0
2023.01.13,00:00,270.96319773646184,275.58868281451504,270.63000968968595,275.34368896484375,44802900.0
2023.01.17,00:00,275.14771295019546,277.1860787569483,273.98153970173576,275.9023132324219,36269700.0
2023.01.18,00:00,277.44080363633776,278.9891814182837,272.10976531060794,272.3155517578125,47754500.0
2023.01.19,00:00,270.6889010472485,271.8256764984088,268.4055707239042,269.64031982421875,44150400.0
2023.01.20,00:00,271.2474001259053,277.35262774545413,270.1890099432116,277.0194396972656,60613600.0
2023.01.23,00:00,277.8621658703305,284.39858345473107,277.0683883814479,283.1736145019531,52799900.0
2023.01.24,00:00,281.55668760848556,283.75182260561473,281.0373019205408,282.595458984375,44875100.0
2023.01.25,00:00,278.08762887043525,282.5857126972859,275.54949598721333,281.9683532714844,50872000.0
2023.01.26,00:00,285.3883692964734,287.6423002177212,282.74242438329674,287.4659118652344,51596300.0
2023.01.27,00:00,286.15284005270786,292.2874961252807,286.03524778018846,290.3275451660156,56441900.0
2023.01.30,00:00,287.0641967396339,288.48517308170074,284.0850929525682,284.45745849609375,49405800.0
2023.01.31,00:00,284.4966755594997,288.81837095968,284.3888926131909,288.7203674316406,46705100.0
2023.02.01,00:00,288.5145763137995,297.35394412149606,286.4468125594158,294.89422607421875,67562200.0
2023.02.02,00:00,301.41101371232133,307.39864851001664,300.5878380395017,305.4779052734375,83070600.0
2023.02.03,00:00,298.83375951333676,306.1345896386831,298.44177525770675,300.0489196777344,76170800.0
2023.02.06,00:00,297.43235731063703,299.7842924007308,296.16818061095165,297.5107421875,40802300.0
2023.02.07,00:00,297.38337887049175,304.8018011322079,296.26622226916135,303.6748352050781,67584000.0
2023.02.08,00:00,302.36165759241106,303.30242572488396,297.58918155909504,298.275146484375,56720900.0
2023.02.09,00:00,302.65560463543113,302.8025949668986,294.18863257166754,295.63897705078125,49137800.0
2023.02.10,00:00,293.48307362724574,295.53121883431214,291.297717495013,293.69866943359375,50050100.0
2023.02.13,00:00,295.1000143482131,298.9905181113563,293.92403183643796,298.40252685546875,39636700.0
2023.02.14,00:00,296.8247617232843,301.5580297219123,294.88439967500585,300.6074523925781,64079100.0
2023.02.15,00:00,298.7944917715508,303.0769794600468,298.1085269393555,302.910400390625,43100600.0
2023.02.16,00:00,298.28492218029794,302.25381065614226,297.0795416511825,297.2265319824219,59498600.0
2023.02.17,00:00,295.04126135109993,295.8840260127928,292.13073262006327,295.12945556640625,58230700.0
2023.02.21,00:00,291.30754373044596,292.74810899592325,288.00503088741164,288.1422119140625,46526700.0
2023.02.22,00:00,288.7204047883453,290.4255527522393,286.7016574567407,288.3578186035156,51389200.0
2023.02.23,00:00,292.0032167394752,292.1600163630434,286.6917379020558,290.8762512207031,69294400.0
2023.02.24,00:00,285.9176346594632,287.1033965295427,284.24185517881966,286.0058288574219,74332000.0
2023.02.27,00:00,289.161423906845,290.55297259031727,287.4660552561388,288.0540466308594,48995000.0
2023.02.28,00:00,287.4267764126198,290.1903142523565,287.0935883612757,287.68157958984375,48243100.0
2023.03.01,00:00,287.387613022248,288.0441798329406,284.3888905066176,285.3688659667969,58287000.0
2023.03.02,00:00,282.8797600655393,288.5342085068235,282.5955587679446,287.7306213378906,53565900.0
2023.03.03,00:00,289.4749733262371,293.914261084036,288.96536693308644,293.6790466308594,60511500.0
2023.03.06,00:00,294.9137669416939,297.9124889444724,293.8161993990393,294.0121765136719,56736300.0
2023.03.07,00:00,294.06123341389787,294.9824127073463,289.7983343272335,290.4059143066406,65955800.0
2023.03.08,00:00,290.8272701587182,292.45403280782995,288.975132322113,291.85626220703125,50876300.0
2023.03.09,00:00,292.3560656900784,294.9530245830803,285.98622520297346,286.79962158203125,71456700.0
2023.03.10,00:00,286.9662054618756,288.4557873254567,281.62535706186685,282.77191162109375,98593600.0
2023.03.13,00:00,280.98838499588663,288.57338577191166,279.4792143568282,284.86907958984375,97123600.0
2023.03.14,00:00,288.4165608377867,291.9640670408029,287.57379633938,291.415283203125,73602500.0
2023.03.15,00:00,288.8086538428421,293.2773410085599,287.3680882495194,292.94415283203125,83631500.0
2023.03.16,00:00,292.0327082473355,301.02887644464795,291.2389304597185,300.6662902832031,98198100.0
2023.03.17,00:00,300.57811315987806,302.9594466580906,297.29518896301664,299.2453308105469,89923700.0
2023.03.20,00:00,298.62893759374526,300.6311608615665,296.4205793211497,300.3072814941406,56359500.0
2023.03.21,00:00,302.2407379727223,305.0477915428797,300.72923146037806,304.5963134765625,49757000.0
2023.03.22,00:00,304.52768643281496,309.4155301746397,300.2876613290279,300.4544982910156,75791900.0
2023.03.23,00:00,304.1841093032343,308.33580259669384,301.3279630923531,304.0172424316406,74576000.0
2023.03.24,00:00,303.5952799906133,305.23435576063616,301.2691474607354,305.13623046875,57195200.0
2023.03.27,00:00,305.8330587920121,306.9127064965641,302.1917301252153,303.0456237792969,50287400.0
2023.03.28,00:00,302.4665286037527,302.49597217788687,299.12943045377114,301.4359436035156,48585900.0
2023.03.29,00:00,305.1263998840245,307.55068761030134,304.3117443176052,306.9323425292969,53274300.0
2023.03.30,00:00,309.40566534682836,310.4656939492293,307.0206459205841,309.8375244140625,58354800.0
2023.03.31,00:00,310.0633053000576,315.22596553535897,309.7590450153617,314.9903869628906,62138100.0
2023.04.03,00:00,312.8703281475286,314.489814603818,311.54533734186873,314.22479248046875,47126800.0
2023.04.04,00:00,314.6665077964357,315.6774438935838,311.94775434717684,313.1648254394531,45875400.0
2023.04.05,00:00,312.212766553252,313.1549909553474,308.2573530230773,310.0731201171875,62795700.0
2023.04.06,00:00,308.4242421889301,312.6544731339284,307.03053939298894,312.1637268066406,46916500.0
2023.04.10,00:00,309.238832639675,312.03609210575996,307.45250919646037,311.98699951171875,45134700.0
2023.04.11,00:00,311.9477567831826,312.0066738913755,309.47440639730115,309.9847717285156,40113600.0
2023.04.12,00:00,311.93802449762427,312.5269261221411,306.78518770046855,307.2464904785156,62813300.0
2023.04.13,00:00,309.00329632515286,313.7340977577321,307.8255231987492,313.26300048828125,54613800.0
2023.04.14,00:00,311.7122292583174,314.4309529600365,309.7688631396703,312.6741027832031,56278300.0
2023.04.17,00:00,312.261854645645,313.2924398141298,310.19091970365525,312.9390869140625,43007000.0
2023.04.18,00:00,315.04929370487713,315.4713582784349,311.76131752372714,312.9587097167969,46746900.0
2023.04.19,00:00,310.55407195884237,313.87152168372256,310.4264731305352,312.8114929199219,38960100.0
2023.04.20,00:00,309.8473756449807,313.3611056829367,309.14069983335924,310.42645263671875,62462100.0
2023.04.21,00:00,310.0633088936985,311.52572317920414,308.2868098097779,310.7503356933594,59002300.0
2023.04.24,00:00,310.52460416943904,311.85941960168043,307.9334495735245,310.1025695800781,44043100.0
2023.04.25,00:00,308.4732736850432,309.1406813692748,304.15471285096964,304.2528381347656,57121600.0
2023.04.26,00:00,307.63909536450745,309.1113345153894,305.57795456271634,306.09814453125,55400500.0
2023.04.27,00:00,309.8572082373793,314.92168340786424,309.2192141213213,314.421142578125,65430400.0
2023.04.28,00:00,314.18554141895567,316.678540689249,313.056831064611,316.5902099609375,59712600.0
2023.05.01,00:00,316.1289260550677,317.6404329412085,315.1474335230133,316.2270812988281,41013400.0
2023.05.02,00:00,316.1583348327076,316.4822441061862,311.73179441549286,313.46905517578125,56519400.0
2023.05.03,00:00,313.83224897780207,316.5019099639338,311.3098058864839,311.41778564453125,59882100.0
2023.05.04,00:00,311.1920247548366,312.34038421478306,309.28792681621553,310.3185119628906,50224500.0
2023.05.05,00:00,312.57597376263107,317.76807840609376,310.35779072970627,316.9141845703125,51806100.0
2023.05.08,00:00,316.45282560845146,318.04283866891797,315.3731778659205,317.6993103027344,36465800.0
2023.05.09,00:00,316.0406398785521,316.90435822097544,315.37323205132657,315.68731689453125,31768800.0
2023.05.10,00:00,318.1213560020154,319.9763912725399,315.6480055940912,319.12249755859375,60446600.0
2023.05.11,00:00,319.67218699558043,320.7027423579291,318.12141174329184,320.1629333496094,44278500.0
2023.05.12,00:00,320.6929009402905,321.1149655466189,316.9632408273955,319.0145568847656,48432800.0
2023.05.15,00:00,319.4856341539702,320.9774919751465,317.9643028030483,320.741943359375,33375600.0
2023.05.16,00:00,320.0254851709617,322.8129206513103,319.98621707890663,321.1051330566406,40019200.0
2023.05.17,00:00,322.16502708376544,325.5708066063955,320.9872542803765,324.9917297363281,47486100.0
2023.05.18,00:00,325.3844024044097,331.24391418025004,325.36478333622733,331.0279846191406,64213500.0
2023.05.19,00:00,331.24385630953753,331.9505320267274,329.22198438728304,330.2820129394531,61554900.0
2023.05.22,00:00,330.0268852313511,332.40211049164327,330.0170607205077,331.39117431640625,43015900.0
2023.05.23,00:00,329.67354301090694,330.8218725069687,326.8370151983698,327.1903381347656,48216700.0
2023.05.24,00:00,325.2372376800007,326.7487448548638,323.46073825386406,325.5120544433594,62891200.0
2023.05.25,00:00,332.8634256751795,334.6988121050236,330.43913767543575,333.43267822265625,66862800.0
2023.05.26,00:00,334.45346809635555,342.78633168543666,334.35531283402116,341.9520568847656,63007000.0
2023.05.30,00:00,346.18217110868756,347.37959301782007,342.079540123524,343.5027160644531,72652200.0
2023.05.31,00:00,341.9225324839208,344.1112715102419,340.09697083767367,341.549560546875,65105400.0
2023.06.01,00:00,341.2944217437348,346.8201997459397,340.2442175064159,345.4952087402344,50488600.0
2023.06.02,00:00,347.25202910838146,349.2444576542266,345.49517912675213,348.0863037109375,53372100.0
2023.06.05,00:00,347.8703928659199,350.883582144611,347.30114037340985,348.3316955566406,47266200.0
2023.06.06,00:00,347.7232241635067,349.2347312717959,346.398203059938,348.2728576660156,41390400.0
2023.06.07,00:00,348.5575048261277,350.5106657001321,341.7361186292804,342.3642883300781,69225900.0
2023.06.08,00:00,342.6587214194635,347.07543850228194,342.43299727167624,346.6141357421875,47153900.0
2023.06.09,00:00,348.06671625868603,351.04063755935596,346.49632214996257,347.9391174316406,53196900.0
2023.06.12,00:00,349.5978615036992,353.91642307560437,348.6261933870345,353.8182678222656,44606500.0
2023.06.13,00:00,356.5664003624832,357.371201406959,353.36672539225424,356.5369567871094,57097800.0
2023.06.14,00:00,356.54681293006774,359.41278455684176,353.7495829280698,359.1281433105469,69525600.0
2023.06.15,00:00,357.86195327861964,364.8894429222012,357.2436381860123,363.40740966796875,71138800.0
2023.06.16,00:00,365.82193301981806,365.9495318537329,360.67892124082596,361.1205749511719,80932000.0
2023.06.20,00:00,359.6698977267216,361.9992210577164,357.645252046979,360.60357666015625,49204700.0
2023.06.21,00:00,359.4635207098651,359.89597226269495,354.7655515621823,355.6894226074219,53378300.0
2023.06.22,00:00,354.4412029254088,360.043366747909,354.03823537075647,359.8861389160156,47603000.0
2023.06.23,00:00,355.99406677913646,358.6182598188581,354.6279363156579,356.31842041015625,48922900.0
2023.06.26,00:00,355.78764942462146,358.57890804736354,351.4533266707655,351.5417785644531,52685500.0
2023.06.27,00:00,353.08485397686843,358.31356381466287,352.35756283184793,357.58624267578125,49428100.0
2023.06.28,00:00,355.76796243411707,360.23002852412765,355.689318541776,358.2840270996094,46498000.0
2023.06.29,00:00,357.9891722966641,358.62804147138905,355.9252349421489,357.5665588378906,46151000.0
2023.06.30,00:00,361.24244924314036,364.1319981969894,360.9279635699781,363.08038330078125,58712500.0
2023.07.03,00:00,363.7191990468585,364.56442610409556,362.63807025771337,363.9354248046875,19432900.0
2023.07.05,00:00,362.3726954436045,365.6258896326675,362.3333734913829,363.9255676269531,34460900.0
2023.07.06,00:00,360.22028225556915,361.59625066873787,358.2644125170553,361.1539611816406,49374700.0
2023.07.07,00:00,360.92792588819304,364.12215218790664,359.7288612774692,359.95489501953125,47133700.0
2023.07.10,00:00,359.67971589726346,360.7510067003448,357.1734886966623,360.0728454589844,48498800.0
2023.07.11,00:00,360.4954233696064,362.3038430194703,358.3626501448062,361.85174560546875,38214100.0
2023.07.12,00:00,365.95016265531314,367.76842027241986,363.9451632833012,366.42193603515625,61975400.0
2023.07.13,00:00,369.5965346545085,373.46892209273324,369.0166633368068,372.6433410644531,46960000.0
2023.07.14,00:00,373.0758237437194,376.28969622897483,371.6900172609404,372.56475830078125,55148500.0
2023.07.17,00:00,373.28220093014846,376.918716845104,372.80061946885183,376.0439758300781,40868900.0
2023.07.18,00:00,375.40507947563793,380.48636899587035,373.4787239294401,379.1202087402344,55262000.0
2023.07.19,00:00,380.18176458690317,381.32186135242125,377.70499127103625,379.0318298339844,54093000.0
2023.07.20,00:00,376.04401778523453,377.50846830037983,369.27227262896486,370.29443359375,71941700.0
2023.07.21,00:00,372.67281210959555,373.40013322351746,368.7512948627566,369.1837463378906,60499600.0
2023.07.24,00:00,370.15669847041056,371.10021520393116,367.9158274821389,369.7734069824219,40380100.0
2023.07.25,00:00,370.48102061808453,373.9406016768944,370.46134465010573,372.27960205078125,38894400.0
2023.07.26,00:00,371.23793110681225,372.73183551991457,368.7415117640106,371.0413513183594,47075700.0
2023.07.27,00:00,376.49612252032574,378.10796279614465,368.86928269570615,370.15679931640625,63940200.0
2023.07.28,00:00,374.206049043493,377.9211786460314,373.69498364625855,376.8990478515625,56902900.0
2023.07.31,00:00,377.2038004977551,378.2750914433943,375.7786719037773,377.0956726074219,44019900.0
2023.08.01,00:00,375.7490823123402,376.9776307570312,374.1568883270381,376.2208557128906,41060600.0
2023.08.02,00:00,372.7515087651388,372.7515087651388,366.72670121894356,367.965087890625,72687100.0
2023.08.03,00:00,365.5571082205294,369.4983018652998,365.39001240778197,367.3753662109375,47666400.0
2023.08.04,00:00,369.30178109978937,371.61145891648584,365.1541990184881,365.65545654296875,61702800.0
2023.08.07,00:00,367.4638261668701,368.84963266580394,365.13450268771936,368.7513427734375,37230400.0
2023.08.08,00:00,366.244997910995,366.26464388561584,362.490547182459,365.615966796875,44726500.0
2023.08.09,00:00,365.90112237406527,366.05838020587925,360.83950776262765,361.5962829589844,51150900.0
2023.08.10,00:00,364.6036873595908,367.93549508025467,360.7411383228196,362.2645263671875,72035300.0
2023.08.11,00:00,359.70918530416867,361.6847010137196,358.4315067818279,359.95489501953125,48707200.0
2023.08.14,00:00,359.15880428458615,364.1123206320641,358.44135109912753,363.994384765625,42130800.0
2023.08.15,00:00,363.0212931281273,363.8174200810838,359.46342178126736,360.13177490234375,45539900.0
2023.08.16,00:00,359.59126072419207,361.12448699666004,356.2201305221544,356.31842041015625,53190500.0
2023.08.17,00:00,357.71400821234437,358.058007797812,352.01355505893343,352.42633056640625,62604300.0
2023.08.18,00:00,349.16338776854,353.2421635617153,348.6228083299143,351.984130859375,61191400.0
2023.08.21,00:00,353.44851063860824,358.33322103619656,352.9865751686361,357.6550598144531,50696500.0
2023.08.22,00:00,360.2595334712791,360.269371456859,356.45595229030914,357.1439514160156,44530200.0
2023.08.23,00:00,358.32334581662815,363.86657088030654,358.1071200873245,362.7756042480469,51770600.0
2023.08.24,00:00,366.24505871732504,366.3433186005974,354.814638865053,355.0210266113281,66842500.0
2023.08.25,00:00,355.8564620160863,359.46346372196984,352.42633410703627,357.7729797363281,69960500.0
2023.08.28,00:00,360.69206770489353,361.39971297031235,357.9990984974861,360.4660339355469,40910000.0
2023.08.29,00:00,360.26943235388745,368.6923691023836,359.945108707373,368.3385314941406,58492400.0
2023.08.30,00:00,368.4466677665844,370.97257104872966,367.44415284860855,370.3926696777344,41731500.0
2023.08.31,00:00,370.47126610291014,373.20355681458847,370.4024601871893,371.50323486328125,35730700.0
2023.09.01,00:00,373.87185136915167,374.29446482958525,369.62598080619506,371.1100769042969,39801200.0
2023.09.05,00:00,370.30417020396686,372.800589196893,369.380299316676,371.5818786621094,32344200.0
2023.09.06,00:00,370.80547079743104,371.1494704221554,366.30408168942176,368.3090515136719,42998700.0
2023.09.07,00:00,363.8567908141635,366.4514999788388,362.8149839509158,365.675048828125,52060700.0
2023.09.08,00:00,365.6258703550477,368.4171289383869,365.22290284914124,366.1860656738281,35800100.0
2023.09.11,00:00,369.2133072669349,371.0118894636385,367.2476292407002,370.5008239746094,39936600.0
2023.09.12,00:00,368.8299383335772,370.4811304591035,366.10748541432696,366.39251708984375,41391000.0
2023.09.13,00:00,366.62834339305766,369.3901179238382,365.4980848118178,367.7880859375,46300700.0
2023.09.14,00:00,369.53756076360116,371.77843208818126,367.47362322311847,370.79559326171875,48039400.0
2023.09.15,00:00,369.45892537267173,369.8618928673542,363.5127328219973,364.4464416503906,69811200.0
2023.09.18,00:00,363.5074786408104,365.9386058426175,363.2220343841815,364.8263854980469,36903500.0
2023.09.19,00:00,363.50746579523855,364.846047022524,361.0271075817854,364.0487976074219,37621700.0
2023.09.20,00:00,365.1117927675392,365.46611246764394,358.72391560385915,358.80267333984375,45514200.0
2023.09.21,00:00,355.1216065339352,355.9090339100719,352.0605670890625,352.2278747558594,69734800.0
2023.09.22,00:00,353.9699695629412,356.1058002061891,351.9620676839268,352.27703857421875,51589700.0
2023.09.25,00:00,351.31250337092115,354.0389273640815,350.3282417213544,353.9503173828125,39168000.0
2023.09.26,00:00,351.37153040361153,351.91289229277817,347.6510228478301,348.6352844238281,53657700.0
2023.09.27,00:00,349.78685477636566,351.36167917526865,345.83010434399625,349.45220947265625,56066000.0
2023.09.28,00:00,348.536874378989,354.50152754238655,347.68057155948935,352.3755187988281,56453300.0
2023.09.29,00:00,355.84993269784667,357.23774510147166,351.4010512242257,352.6313781738281,64829600.0
2023.10.02,00:00,352.89711788749423,356.9719447772727,352.2868805785598,355.5743103027344,51625100.0
2023.10.03,00:00,353.13331058587585,355.32822436290985,347.7198727832377,349.3340759277344,60478500.0
2023.10.04,00:00,350.1707625168533,354.9345853814986,349.7081583317905,354.088134765625,54786700.0
2023.10.05,00:00,354.07826248177054,354.48181334692805,349.55068309904425,353.0447998046875,45897400.0
2023.10.06,00:00,350.05264964515703,360.15118378118626,349.2652523404519,358.9602355957031,75049100.0
2023.10.09,00:00,356.5978997838273,361.33219480218656,355.10183324164564,360.7908630371094,45304800.0
2023.10.10,00:00,361.12553610202554,365.43660625124284,360.6235831654883,362.7889404296875,46968800.0
2023.10.11,00:00,364.11770992962386,365.5645755687648,362.39525226575506,365.3775634765625,38215100.0
2023.10.12,00:00,365.8795071756126,367.8578521974668,361.71607057032304,364.1078186035156,49587900.0
2023.10.13,00:00,364.7378190364302,365.3185297611744,358.13340224170594,359.53106689453125,52469900.0
2023.10.16,00:00,360.8499408644695,364.64920581637176,360.70230764915857,363.5960388183594,44201100.0
2023.10.17,00:00,360.05269096797355,364.0980212855741,357.9365347853642,362.40509033203125,50999100.0
2023.10.18,00:00,359.9149426875973,362.1196789996307,356.32236391560224,357.651123046875,54280500.0
2023.10.19,00:00,359.0685105524273,360.2594588062133,353.5074379211459,354.3046875,72274200.0
2023.10.20,00:00,353.802661937845,354.373550479642,348.79277406044923,349.0191650390625,72559700.0
2023.10.23,00:00,347.70028297707074,353.6058529260909,345.59394861069154,350.0723571777344,60665200.0
2023.10.24,00:00,351.88334538295214,354.2455670218574,350.1904143682358,353.47784423828125,47082100.0
2023.10.25,00:00,351.0860595912868,351.26321943746774,344.24543072564575,344.8261413574219,71190500.0
2023.10.26,00:00,343.6253716602287,344.5604321044559,336.9619320878897,338.2513122558594,78621400.0
2023.10.27,00:00,340.9777343824353,343.34980841162735,338.664713645482,339.8753662109375,63476700.0
2023.10.30,00:00,342.3556685770316,345.0230389019717,340.99741292148934,343.7041320800781,55298500.0
2023.10.31,00:00,343.73372681024495,345.72192464531696,341.16478813513004,345.347900390625,47671900.0
2023.11.01,00:00,346.1845194223992,351.9030773823857,346.0860872469054,351.342041015625,58992700.0
2023.11.02,00:00,355.8499407400772,357.95624490601404,354.62943595313834,357.72003173828125,58162400.0
2023.11.03,00:00,359.0094151473788,363.21220132553935,358.7830241681351,361.9228210449219,53280500.0
2023.11.06,00:00,362.6905309181117,363.96023673494824,361.1354108770652,363.3992004394531,38848700.0
2023.11.07,00:00,364.4425414885638,367.7004450680254,363.241741103211,366.8343200683594,50777400.0
2023.11.08,00:00,367.20830712864307,367.90715449646547,364.7870319858255,367.0705261230469,35663400.0
2023.11.09,00:00,367.7595181376134,368.9012351592412,363.7535662221592,364.2456970214844,53859400.0
2023.11.10,00:00,365.96811764516906,372.58235611773597,365.43660802544855,372.4347229003906,58309800.0
2023.11.13,00:00,370.8600033394137,372.3265437751061,369.3343795628028,371.27337646484375,40733500.0
2023.11.14,00:00,377.6710039696422,380.1808890311,377.14934653163624,379.2655029296875,67792600.0
2023.11.15,00:00,381.15531561580104,381.64744643002416,378.19267850224793,379.55096435546875,54141400.0
2023.11.16,00:00,378.78321698316876,380.11197610306954,377.52336338174916,379.8757629394531,45343500.0
2023.11.17,00:00,379.1473710700725,380.978113113573,378.2418672940734,379.9643249511719,46571900.0
2023.11.20,00:00,379.97414315566067,385.24980045802454,379.97414315566067,384.59033203125,44429600.0
2023.11.21,00:00,382.8875887400645,383.104127478915,380.6139470007728,382.3560791015625,43337000.0
2023.11.22,00:00,384.42303401897493,386.8836878506186,382.91711507550013,383.9210510253906,44121000.0
2023.11.24,00:00,383.51751122375975,384.1080741677964,382.3856164361023,383.3797302246094,15718800.0
2023.11.27,00:00,382.8876500230149,384.9939544223412,382.16912817517203,383.0451354980469,34139700.0
2023.11.28,00:00,382.29705727580426,384.629752496103,381.9427074752137,384.0490417480469,35491100.0
2023.11.29,00:00,386.5096965719259,387.9368879307099,383.3305207373286,383.6750183105469,38811700.0
2023.11.30,00:00,383.94077629753497,384.4033804806494,379.74784203838783,382.71044921875,52834400.0
2023.12.01,00:00,381.6474735109709,384.3935720596323,379.9939210667959,383.8030090332031,40490100.0
2023.12.04,00:00,380.01353822930184,380.5155212317235,376.6375283217996,380.23992919921875,51186900.0
2023.12.05,00:00,378.3403493760643,382.3856503323413,378.16315945105106,381.1947021484375,42933000.0
2023.12.06,00:00,384.12777611720855,384.2262082878161,378.64546165801414,378.98992919921875,41994100.0
2023.12.07,00:00,381.96237452044045,385.1119933558489,380.8698286160153,384.28521728515625,49593500.0
2023.12.08,00:00,382.5529786032287,386.44079399552544,382.36596649169275,385.9978942871094,46687500.0
2023.12.11,00:00,385.5746278679813,389.56090535273165,385.36794134333326,389.2951354980469,41198000.0
2023.12.12,00:00,389.3344997805244,392.51367542874294,388.20260499540507,392.39556884765625,39221200.0
2023.12.13,00:00,393.33061967890825,397.9960100971529,392.56289682480116,397.3857727050781,55408100.0
2023.12.14,00:00,398.60629321740066,399.90549576506845,394.039304750529,397.04132080078125,55447800.0
2023.12.15,00:00,397.8188547219358,400.1417277666197,397.2184695510884,398.9606018066406,62896600.0
2023.12.18,00:00,399.35309710444824,402.3709508674687,399.0276552700058,401.4734802246094,46610000.0
2023.12.19,00:00,401.9271575987177,403.6431837912106,401.7397719688163,403.52484130859375,35711900.0
2023.12.20,00:00,402.7260644342573,404.81686222390726,397.3511117357138,397.52862548828125,54042400.0
2023.12.21,00:00,401.45380904002565,402.5189517146843,398.89948313848276,402.1540222167969,45568900.0
2023.12.22,00:00,403.36707150520004,404.32371344102273,400.8817888923147,402.755615234375,34314000.0
2023.12.26,00:00,403.61363564115584,405.8918189348546,403.5150068640605,405.22119140625,22722500.0
2023.12.27,00:00,405.5034136279449,406.33227692599,404.64491903161536,406.0461120605469,31980500.0
2023.12.28,00:00,407.20062265458364,407.447309237934,405.49354065707996,405.8487548828125,27029200.0
2023.12.29,00:00,405.82902936827423,406.1842737058646,402.1780559022972,404.09234619140625,42662100.0
2024.01.02,00:00,400.46110631543075,400.7077928852175,394.93532112958644,397.2541809082031,58026900.0
2024.01.03,00:00,394.6294899977862,395.6853158982774,392.61654897490575,393.0506896972656,47002800.0
2024.01.04,00:00,391.1857150566472,394.29395995431605,390.8107466354673,391.02783203125,39432800.0
2024.01.05,00:00,391.19553482231566,394.26430098559865,390.10023090449675,391.4915466308594,44922800.0
2024.01.08,00:00,392.7151704947561,399.86908153761993,392.56716456476687,399.58294677734375,42473800.0
2024.01.09,00:00,396.5831820153857,401.2998278033739,396.385820723595,400.3722839355469,39132900.0
2024.01.10,00:00,400.68805977012255,404.0923162885945,399.7999941615258,403.0858459472656,33962800.0
2024.01.11,00:00,404.3587923820562,405.75010833943963,398.88233210983117,403.92462158203125,54536200.0
2024.01.12,00:00,404.96066868440437,405.79940904791505,402.7404895467562,404.1318054199219,39595000.0
2024.01.16,00:00,402.89839156386364,405.67114634191273,401.4379961548512,404.09234619140625,43903000.0
2024.01.17,00:00,400.78679371902757,402.18795672683933,397.5798679575851,401.81298828125,54386000.0
2024.01.18,00:00,405.0790927808669,408.0985341433326,403.73713222559695,407.516357421875,59562500.0
2024.01.19,00:00,409.71680918810495,415.7556918630463,409.13463247146666,415.5978088378906,70325100.0
2024.01.22,00:00,417.79829066520676,419.1008031211105,415.53863301091906,416.14056396484375,44880600.0
2024.01.23,00:00,416.8312383898438,418.08442548159593,414.99590469924146,417.8673400878906,33003800.0
2024.01.24,00:00,421.77483440398146,424.1528965640352,419.6927840841391,420.1861572265625,46948000.0
2024.01.25,00:00,422.68261931824196,423.3536296702719,418.36069593474804,420.69927978515625,44367200.0
2024.01.26,00:00,418.81458709390614,420.5611171421055,417.54167598048286,418.19293212890625,37137000.0
2024.01.29,00:00,418.6468225465606,422.67276412816915,417.99556640503255,422.47540283203125,38694700.0
2024.01.30,00:00,421.43936949466547,422.0116691243493,418.7554182347818,419.6632080078125,36739000.0
2024.01.31,00:00,415.2721839553905,417.2654006290457,411.2659964098067,411.443603515625,64010600.0
2024.02.01,00:00,413.2395314697367,416.78194741657956,412.2725091612711,416.28857421875,51008600.0
2024.02.02,00:00,418.1830657905494,424.5377143092311,417.18647251424335,423.32403564453125,59602400.0
2024.02.05,00:00,423.3832622919812,423.9160836378695,419.3671974329479,422.771484375,39889200.0
2024.02.06,00:00,423.91612959375783,424.51806058943816,419.58432832007696,421.92291259765625,35846100.0
2024.02.07,00:00,424.70551086208974,427.0934202261627,423.4029984199902,426.2645568847656,37712700.0
2024.02.08,00:00,426.382944683857,427.8137389159285,425.70211741625366,427.053955078125,29889900.0
2024.02.09,00:00,428.1886798363185,432.0468613748132,427.39929486367424,431.2574462890625,36943900.0
2024.02.12,00:00,431.1489601223572,433.31981417558666,428.88930250964694,429.5701599121094,33203300.0
2024.02.13,00:00,421.6169297930613,425.5540376317795,419.6927625909073,422.8700866699219,64491700.0
2024.02.14,00:00,425.54419623622834,427.90250410840184,423.19573534961575,427.47821044921875,45092700.0
2024.02.15,00:00,428.1689524677369,429.2149010993665,425.6132531423956,428.7511291503906,38796100.0
2024.02.16,00:00,429.1260933343297,429.2247438693549,424.15288377696066,424.86334228515625,53716500.0
2024.02.20,00:00,422.87011177333653,424.37983239693597,417.8870550394781,421.65643310546875,53999500.0
2024.02.21,00:00,418.9231370059664,420.05791936146005,416.04185462250535,419.9690856933594,49779000.0
2024.02.22,00:00,428.73140828484816,433.30004866411934,427.9617473429976,432.26397705078125,53887800.0
2024.02.23,00:00,433.82298476432334,434.7505286525933,430.0141586762791,430.99102783203125,39853900.0
2024.02.26,00:00,431.8002008373945,432.7869471692382,430.5766149089948,430.76409912109375,33043200.0
2024.02.27,00:00,431.8692503640229,432.184986282359,429.26422577428366,431.8001708984375,33713200.0
2024.02.28,00:00,429.6589511430398,430.88253708025496,428.5439229619259,429.5010681152344,32938800.0
2024.02.29,00:00,432.4219177166437,434.2572517021854,429.25443985677646,433.18170166015625,42495200.0
2024.03.01,00:00,434.06966686859715,440.6611245537349,434.01046450298435,439.7039794921875,43853000.0
2024.03.04,00:00,439.70396313980547,440.12828689505744,437.8883537312889,438.1350402832031,34325700.0
2024.03.05,00:00,435.09589454205684,435.1057716407656,427.9025059370084,430.27069091796875,57917100.0
2024.03.06,00:00,434.48414693490355,436.13199642628683,431.09961428378455,432.97442626953125,46234500.0
2024.03.07,00:00,436.556272243528,440.79926890872684,435.01692044917235,439.5461120605469,44526700.0
2024.03.08,00:00,439.90140185906074,442.693910981613,432.53040518587756,433.2013854980469,72096000.0
2024.03.11,00:00,431.7113307488668,432.84608283298553,429.668758929591,431.5929260253906,45860000.0
2024.03.12,00:00,433.9019708917608,438.13509093051266,430.67529114733907,437.7798767089844,55300900.0
2024.03.13,00:00,436.78325473745014,436.8030089363392,433.30004141473387,434.4150695800781,37928700.0
2024.03.14,00:00,435.6485312451789,436.1715056274267,430.60627164587515,433.31982421875,52195200.0
2024.03.15,00:00,430.2904743925129,433.0533520394362,427.0045922881317,428.1689758300781,73069800.0
2024.03.18,00:00,433.4876578345993,435.77005339953286,432.015441232783,432.2525939941406,47323800.0
2024.03.19,00:00,430.2468751531262,433.73469442402046,428.15218143620706,433.32958984375,43004100.0
2024.03.20,00:00,434.5250931534227,438.80334096798737,432.8256441272629,438.4674072265625,43653500.0
2024.03.21,00:00,443.51637126483735,443.97086631640985,440.34473575766197,440.5423278808594,39345700.0
2024.03.22,00:00,440.0285427517674,442.1429563269523,439.17880316614946,441.0462341308594,28253900.0
2024.03.25,00:00,438.2500541325225,440.92769432844847,437.2521430237167,439.44561767578125,27789200.0
2024.03.26,00:00,440.9672001706422,441.88611062299844,437.79556453713616,438.0228271484375,34142000.0
2024.03.27,00:00,441.105517877216,441.20432901385453,436.6493979452697,439.5147399902344,41359200.0
2024.03.28,00:00,439.46534778476365,440.3150873730311,438.3488452662453,438.7045593261719,36839600.0
2024.04.01,00:00,439.65308146497904,442.18248976686664,437.7263698364116,439.6333312988281,38729000.0
2024.04.02,00:00,434.8214810155187,436.15535592740196,432.7959884791613,435.83917236328125,44259700.0
2024.04.03,00:00,433.71491828910797,438.69470445821014,433.70505828173714,436.8174133300781,39949800.0
2024.04.04,00:00,440.996824784503,441.60944178188765,429.9108904729682,430.1381530761719,57267700.0
2024.04.05,00:00,431.56090708796177,437.8745673418474,430.75069804531415,435.2068176269531,54744600.0
2024.04.08,00:00,436.13561556539395,437.2125875865216,433.9520311978938,435.3352966308594,28144900.0
2024.04.09,00:00,437.66708927505294,437.94374236584986,432.21305827665964,436.9458312988281,39443600.0
2024.04.10,00:00,431.7782719742298,433.9914964882746,431.0668740728693,433.13189697265625,61502200.0
2024.04.11,00:00,434.99935255997985,440.9967993468194,432.7268171178065,440.04827880859375,45474600.0
2024.04.12,00:00,435.82931285671975,436.9556753449203,431.65973632798597,433.0331115722656,53665000.0
2024.04.15,00:00,436.7778950777009,436.8668160640957,425.0694827555355,425.9093322753906,63453600.0
2024.04.16,00:00,425.75113873960834,428.5769800725105,424.56549571805357,425.9487609863281,47619000.0
2024.04.17,00:00,427.9249391300538,427.9446892970782,419.82290801689595,420.7516784667969,56880500.0
2024.04.18,00:00,421.3938920422411,423.12298141821606,417.77762150042236,418.3507080078125,46549400.0
2024.04.19,00:00,417.17492743365193,417.69859329896826,408.13426609892537,409.69537353515625,75231000.0
2024.04.22,00:00,412.3236154173701,416.147368473136,408.993887927526,413.8155822753906,47807700.0
2024.04.23,00:00,415.7422677634582,421.1864391995663,413.86497662605376,419.99090576171875,44384700.0
2024.04.24,00:00,423.0834131922599,424.5951298836923,419.1312095385365,421.4136047363281,48440300.0
2024.04.25,00:00,414.23052802555014,420.23789551957753,413.1436959522945,419.3782958984375,57392200.0
2024.04.26,00:00,422.5103887021801,427.381473182625,421.81877105316397,425.8500061035156,41874900.0
2024.04.29,00:00,427.9545657944638,428.57704279451684,424.84221094712433,427.5791015625,30022200.0
2024.04.30,00:00,425.9982141906258,427.39136982222493,419.4375707439293,419.5166015625,43665900.0
2024.05.01,00:00,418.0937738009243,425.00027078139163,415.6335364646761,416.4832458496094,52251700.0
2024.05.02,00:00,420.2181538330717,422.6981719381448,415.60397171865054,421.7990417480469,36559000.0
2024.05.03,00:00,429.2489381506173,431.26457091188445,427.4506778454958,430.2765197753906,48515300.0
2024.05.06,00:00,432.07470879916997,435.0783924110158,431.3040301921814,434.9894714355469,30227200.0
2024.05.07,00:00,435.4341190165748,436.6889330215927,434.32747648868434,435.05865478515625,30996100.0
2024.05.08,00:00,432.44033140017706,436.20480361971187,432.3217399415846,434.8017578125,24896700.0
2024.05.09,00:00,435.06845606390397,436.3233000524617,433.2208056351538,435.7502136230469,24580100.0
2024.05.10,00:00,437.25210737649155,439.0009468290101,435.23647485037026,436.77783203125,27116600.0
2024.05.13,00:00,438.6848357626639,438.78364691170094,436.3727996092567,437.78570556640625,22994200.0
2024.05.14,00:00,437.3608171056989,441.1351795765155,437.17308498286746,440.60162353515625,34478300.0
2024.05.15,00:00,443.0717223950717,447.7353245285619,441.5600055039681,447.4883117675781,41464700.0
2024.05.16,00:00,447.30057313923777,449.2569250327754,446.41133324323863,446.5793151855469,34780400.0
2024.05.17,00:00,446.70773221124824,447.31045901301263,444.16846400588616,446.3619384765625,35803700.0
2024.05.20,00:00,446.57935219702347,450.13631207581267,446.3916200736185,449.4743347167969,24474200.0
2024.05.21,00:00,447.62663741534305,450.54136979919565,447.42901515243744,450.3536376953125,23167700.0
2024.05.22,00:00,450.6105944327446,451.36152293797704,447.66619122011053,450.2647705078125,25120000.0
2024.05.23,00:00,455.04691409303155,455.0765544193966,446.4508877649814,448.2392578125,40899200.0
2024.05.24,00:00,449.8498077178615,453.74273158486886,448.1503585670211,452.47802734375,29669500.0
2024.05.28,00:00,453.6932913505319,454.24659754757704,451.23305379035156,454.18731689453125,26216800.0
2024.05.29,00:00,450.0374719321695,452.76447213726425,449.8991303213493,450.9859924316406,29739200.0
2024.05.30,00:00,450.0572940426685,450.195635675604,444.8304950718889,446.15447998046875,30536800.0
2024.05.31,00:00,446.3817458895466,447.07339375346913,437.76593868344236,445.32452392578125,55941300.0
2024.06.03,00:00,449.13837209312464,450.13628314754243,442.5480583361609,447.715576171875,32997500.0
2024.06.04,00:00,447.4586887576052,450.1362987474651,445.73948952356676,448.9407653808594,23767400.0
2024.06.05,00:00,452.50763121803925,458.07033330703183,448.98028172906453,457.9913024902344,33817400.0
2024.06.06,00:00,458.6731014527762,458.98928505430365,456.6673588445365,457.833251953125,21966800.0
2024.06.07,00:00,457.467661590533,460.17491196915165,456.3215186904431,457.4281311035156,25829700.0
2024.06.10,00:00,456.3017739959468,459.6315014350847,456.015230729256,459.2757873535156,20660800.0
2024.06.11,00:00,458.0012538550275,462.54629532785384,456.5092869196156,462.4277038574219,22053300.0
2024.06.12,00:00,466.35021160302534,470.80633154634563,465.6585939506412,468.4844055175781,34532600.0
2024.06.13,00:00,472.01173265680745,472.6737401049363,468.7511763645749,471.023681640625,25859000.0
2024.06.14,00:00,470.8260932107854,473.5333736936647,470.36170799369097,473.4642028808594,23372600.0
2024.06.17,00:00,473.7309160310512,481.04248727720847,472.42671164925935,479.2640075683594,37054500.0
2024.06.18,00:00,479.21463933122305,480.09398906770866,477.65350181941676,479.4122314453125,24438600.0
2024.06.20,00:00,480.6078143162827,481.0227788796813,473.8890489544044,475.7169494628906,33918700.0
2024.06.21,00:00,475.4403240994677,476.77419915118367,472.9504461150781,474.4423828125,37456800.0
2024.06.24,00:00,473.2172197227776,474.9490574140219,468.9024843141438,469.041015625,37751000.0
2024.06.25,00:00,471.129109923321,474.7016290052878,470.1889574276186,474.4047546386719,29014700.0
2024.06.26,00:00,473.58337252856364,475.92880093044886,473.1677483971883,475.3844909667969,22737100.0
2024.06.27,00:00,475.1370763918568,478.0861593754013,474.32557950230506,476.6116027832031,26222100.0
2024.06.28,00:00,477.4033117975724,482.1436072423702,473.49429478929665,474.1375427246094,34881600.0
2024.07.01,00:00,475.0579027852008,477.48245728594264,471.3171348061598,476.91839599609375,24898300.0
2024.07.02,00:00,475.4240826231297,481.98527819601577,475.2954269921551,481.9259033203125,26723600.0
2024.07.03,00:00,481.1738335996362,486.072472783632,481.1738335996362,485.9438171386719,18064900.0
2024.07.05,00:00,486.7849168172166,491.44602546018973,486.4880122572662,491.0105895996094,28495900.0
2024.07.08,00:00,491.37678420928336,492.73256089290976,490.35747522663445,492.1783752441406,22109400.0
2024.07.09,00:00,493.6924409381137,494.8107179929136,491.089731729335,492.6038513183594,25614500.0
2024.07.10,00:00,494.52378120012463,498.2942369269607,493.2175036938141,497.74005126953125,28046900.0
2024.07.11,00:00,497.84886011902,498.05667216311593,485.636935294942,486.824462890625,49966600.0
2024.07.12,00:00,487.3984860685638,494.43468031357077,486.9333627636992,489.68450927734375,37109400.0
2024.07.15,00:00,491.4558887928539,495.8102472892754,488.9620536365076,491.00067138671875,31151400.0
2024.07.16,00:00,492.4554349867678,493.2669318468274,488.03182577264374,491.188720703125,25950600.0
2024.07.17,00:00,483.21237345638946,483.72696575198995,476.70067742779014,476.7699279785156,56268800.0
2024.07.18,00:00,480.4909023481686,480.6690269613123,471.32699803901284,474.5135803222656,49347400.0
2024.07.19,00:00,474.1771939398709,476.6908413149235,469.0212737476787,470.3077697753906,42042900.0
2024.07.22,00:00,476.1663054051844,478.3335790011108,472.75209900040915,477.31427001953125,40300000.0
2024.07.23,00:00,476.41370644097475,479.40235260218805,475.1568979647483,475.63189697265625,23282500.0
2024.07.24,00:00,468.90248253079744,469.2686376662744,457.7098653963061,458.5708312988281,58818600.0
2024.07.25,00:00,458.9073044861217,463.08350861797516,450.9012698036603,453.51385498046875,59256800.0
2024.07.26,00:00,457.8483529536498,461.0943100672406,454.9982383756969,458.1650390625,39992100.0
2024.07.29,00:00,460.87660060595,463.05377989321454,456.8290524680878,459.08538818359375,28218500.0
2024.07.30,00:00,461.01518280406907,461.7178056143378,449.4365991488919,452.7815246582031,41317200.0
2024.07.31,00:00,463.0141686161788,467.8831192875128,461.5693298002372,466.18096923828125,44552100.0
2024.08.01,00:00,466.86389265459763,470.61453674967504,451.2476651158383,454.88946533203125,56653900.0
2024.08.02,00:00,446.2104252259462,448.86260343484975,439.85704229778526,444.0926208496094,66323200.0
2024.08.05,00:00,420.30213280152026,437.6996954353394,419.0552302659208,430.85150146484375,87483500.0
2024.08.06,00:00,432.6922358150409,442.4301081222253,430.04993302092026,434.9683532714844,63164400.0
2024.08.07,00:00,441.85611726701137,444.3400770278095,429.8619088840542,430.25775146484375,54929200.0
2024.08.08,00:00,436.48245194310226,444.33014311023425,432.61302829327946,443.4197082519531,47890100.0
2024.08.09,00:00,442.1034884926195,447.36828199277033,440.98521139268263,445.73541259765625,33574000.0
2024.08.12,00:00,446.7052794147843,449.65433226208825,443.8947276771572,446.69537353515625,27795000.0
2024.08.13,00:00,451.08929276754145,458.0463309110078,450.9507312570199,457.77911376953125,40084500.0
2024.08.14,00:00,458.69948537304487,460.2828556615313,453.6425036465701,457.9275817871094,34733700.0
2024.08.15,00:00,463.8950151651175,469.89211944188804,463.51895413772047,469.49627685546875,38280600.0
2024.08.16,00:00,467.71492303753774,471.46559709537195,466.7549889446626,470.09991455078125,38383600.0
2024.08.19,00:00,470.23847926625564,476.31473980211405,468.4571423782289,476.275146484375,23737700.0
2024.08.20,00:00,475.36469707718084,477.92781315701507,473.5833602435094,475.275634765625,29209300.0
2024.08.21,00:00,476.0574073595781,479.34295796614543,474.3453815043976,477.49237060546875,25658800.0
2024.08.22,00:00,479.8080615794647,480.50080867680515,468.89253816247736,469.9217529296875,37739600.0
2024.08.23,00:00,474.2661885575702,477.72986373864114,470.3472959517967,475.018310546875,36061500.0
2024.08.26,00:00,474.47409885301283,475.39443971347083,468.3285268344201,470.40673828125,27452600.0
2024.08.27,00:00,468.77377514358506,472.8806980164579,466.81431385011683,471.8119201660156,27510000.0
2024.08.28,00:00,471.346801146548,472.0692054646564,463.0339871430499,466.45806884765625,37372400.0
2024.08.29,00:00,468.3680414193151,472.96977514887374,464.4986179028176,465.7752380371094,41081500.0
2024.08.30,00:00,470.1098112366977,471.9504927515124,465.626826998042,471.3270263671875,33466500.0
2024.09.03,00:00,468.28892418329235,468.41754961460447,454.6420347086688,457.0171203613281,44985200.0
2024.09.04,00:00,453.9096909499647,459.62970181353774,452.9794443561613,455.82952880859375,32505100.0
2024.09.05,00:00,454.2065727199707,460.5302382843721,453.18726380172785,456.2550964355469,34452400.0
2024.09.06,00:00,455.55247378914544,456.43325146305574,443.53848390385747,444.0332946777344,50624400.0
2024.09.09,00:00,448.3579744751556,450.73306035335935,445.1516100496232,449.7434387207031,32981200.0
2024.09.10,00:00,451.5049437765593,454.4045579828943,447.5365817441025,453.89984130859375,29680300.0
2024.09.11,00:00,455.1368141392579,464.49862479430976,446.5963760163785,463.75640869140625,57843000.0
2024.09.12,00:00,463.7861380430132,469.12021274769836,462.004831315396,468.3087158203125,40067800.0
2024.09.13,00:00,467.5764349381155,471.5843904277585,467.34881109269736,470.40673828125,29111800.0
2024.09.16,00:00,468.2790222139315,468.94205173790556,465.0132831893614,468.3284912109375,22585600.0
2024.09.17,00:00,471.3468249743636,472.6432267020708,466.08203143235426,468.57586669921875,30084400.0
2024.09.18,00:00,469.7733560531388,473.8604676353551,465.9434953333067,466.54718017578125,39909200.0
2024.09.19,00:00,477.6012591522515,481.18371466250795,475.50326622193984,478.3434753417969,52782500.0
2024.09.20,00:00,477.4824829122334,478.6700408299841,473.335966280543,477.4330139160156,34577700.0
2024.09.23,00:00,478.60929886960974,479.78860567101515,477.27142650530317,478.698486328125,24843000.0
2024.09.24,00:00,480.10574366251944,481.9589315670274,475.85432326157445,481.007568359375,25952600.0
2024.09.25,00:00,480.3832116885974,483.40581684032236,480.2048367630411,481.4535217285156,26549900.0
2024.09.26,00:00,488.935650492815,489.26270143246154,481.4336813987619,485.0707092285156,32020200.0
2024.09.27,00:00,486.0914480623736,486.23020427686686,481.1958457378582,482.3751525878906,22851100.0
2024.09.30,00:00,481.41389274489046,484.0202596018101,478.5796124436247,483.6833190917969,30281100.0
2024.10.01,00:00,483.31665887950265,483.61395044024334,473.109215140219,476.9444274902344,42735400.0
2024.10.02,00:00,476.0425807215539,479.530962836938,473.42632437830656,477.6183166503906,23744000.0
2024.10.03,00:00,475.42815712622803,480.19492312784206,474.6848980169124,477.26153564453125,25337200.0
2024.10.04,00:00,483.06886937334593,483.49499732601123,478.054350472024,482.9400329589844,30686600.0
2024.10.07,00:00,481.0274369696279,482.19682413323716,476.548042370329,477.7669982910156,24975100.0
2024.10.08,00:00,480.30397136476074,485.5860530274448,479.50125391077506,484.9022521972656,28272000.0
2024.10.09,00:00,484.6049871224668,489.29248592230044,483.5644363639998,488.7176818847656,24995000.0
2024.10.10,00:00,486.4383376827158,490.0257969581118,485.13019433844016,488.1626892089844,25750400.0
2024.10.11,00:00,486.3293643913581,489.94658346587494,485.7645103676236,488.9258117675781,20644500.0
2024.10.14,00:00,491.3141024770898,494.3465973585844,490.808706825702,493.028564453125,26060100.0
2024.10.15,00:00,493.355600435728,494.019591930527,484.28784466660454,486.4383544921875,34784500.0
2024.10.16,00:00,486.76533460642946,487.2707604745814,483.18779530560226,486.4977722167969,22996800.0
2024.10.17,00:00,491.97810309485703,492.0276416079537,486.7752890014201,486.8347473144531,27210700.0
2024.10.18,00:00,489.6194382436373,491.1158762002441,488.866259365882,490.0257568359375,25335000.0
2024.10.21,00:00,488.81671457355066,491.7699414964701,486.8941486948424,490.96722412109375,30336500.0
2024.10.22,00:00,488.30143046324906,492.9790090488197,487.54825154691343,491.50238037109375,26685800.0
2024.10.23,00:00,489.1536769704334,489.80774860991164,480.69042485410046,483.9706726074219,39346600.0
2024.10.24,00:00,487.68697675640317,488.56899209054706,485.0409912405532,487.8951110839844,22024900.0
2024.10.25,00:00,490.6897586206183,495.7835452221233,489.9861182359376,490.8681335449219,38762100.0
2024.10.28,00:00,493.9799130042475,494.0393713144082,490.65012666208736,490.9474182128906,20477800.0
2024.10.29,00:00,491.2645761995589,496.8439798063239,489.41138819730327,495.6646728515625,28014100.0
2024.10.30,00:00,494.9015965333086,495.8529597761459,491.43305383710356,491.91864013671875,29756000.0
2024.10.31,00:00,487.954583939498,488.00412245137545,479.40214395365643,479.5012512207031,41245200.0
2024.11.01,00:00,481.1364259666195,486.33924004761803,480.8391344021652,483.049072265625,33655800.0
2024.11.04,00:00,482.4445631601672,484.9815519553387,479.8976545652101,481.641845703125,23291600.0
2024.11.05,00:00,483.2274401655053,488.45009377025474,483.1382526974681,487.7861022949219,24353600.0
2024.11.06,00:00,496.06101877316587,501.85844565844053,495.1096556168165,501.035888671875,43082200.0
2024.11.07,00:00,503.83056030755586,509.70728521710686,503.7711019992823,508.9243469238281,32853100.0
2024.11.08,00:00,508.4288627704024,510.2919704920393,507.80452026333353,509.5190124511719,22924500.0
2024.11.11,00:00,510.73789673440615,510.9460310487798,506.3279110734033,509.2216796875,24167500.0
2024.11.12,00:00,509.15236530324336,510.0343202052163,505.2477445114932,508.300048828125,25835300.0
2024.11.13,00:00,507.7946721174008,510.3514400261562,505.36668014613633,507.64599609375,24567400.0
2024.11.14,00:00,507.30907205086606,508.18113740505333,503.2062669199819,504.1180114746094,28679500.0
2024.11.15,00:00,498.4196764454938,498.8061554755535,490.0456112891242,492.10693359375,51461100.0
2024.11.18,00:00,493.6529424943126,497.6269113394485,492.26553137733686,495.52593994140625,27080800.0
2024.11.19,00:00,492.94930559999926,499.42061410574536,492.6123348353257,498.93499755859375,24523000.0
2024.11.20,00:00,498.63769372570533,498.9548248827178,492.0970072679585,498.6476135253906,29565500.0
2024.11.21,00:00,501.6900000053646,502.4035299899302,493.088021478257,500.44134521484375,34526700.0
2024.11.22,00:00,499.88639768637404,501.97741895532835,498.2611231276005,501.24407958984375,23826600.0
2024.11.25,00:00,505.3171131868859,506.8532002381663,499.727820122481,502.036865234375,26375200.0
2024.11.26,00:00,503.5134050919411,505.55491780378014,502.671069017246,504.73236083984375,26557100.0
2024.11.27,00:00,503.6026837920866,503.6720316612962,497.41874708868886,500.7584533691406,24957400.0
2024.11.29,00:00,501.38275454356886,505.7531216213566,500.7683318681806,505.15850830078125,15334000.0
2024.12.02,00:00,506.41722060301674,511.62003533728245,506.0307112774034,510.6587219238281,25147200.0
2024.12.03,00:00,509.33074852467934,512.5019997630951,508.755944494111,512.2244873046875,18597900.0
2024.12.04,00:00,515.6434288103802,518.8146796626284,514.9298686374995,518.5570068359375,26086200.0
2024.12.05,00:00,518.6066356126173,519.330055223799,516.7336078801881,517.1201171875,18169600.0
2024.12.06,00:00,517.7840589262187,521.9859411713386,517.6552224953138,521.7481079101562,23762600.0
2024.12.09,00:00,520.8264281316256,521.6192257616104,516.5353285463648,517.6849365234375,20674400.0
2024.12.10,00:00,518.9137130815643,520.6579039280881,514.4937776630583,515.9208374023438,24350000.0
2024.12.11,00:00,520.2814629318415,525.8410274761027,519.8751744986995,525.1572265625,32168600.0
2024.12.12,00:00,522.9372703487448,524.2057949010591,521.2922168369533,521.7678833007812,23577500.0
2024.12.13,00:00,525.6923406392922,528.3779449247531,522.5607082907461,525.76171875,28780400.0
2024.12.16,00:00,528.2887896903175,534.3042408794819,528.2094917796982,533.3330078125,31979900.0
2024.12.17,00:00,531.5391561683037,532.6490847158486,529.329218870587,530.9841918945312,28579100.0
2024.12.18,00:00,530.3401626443599,532.0545942641155,510.38116393926435,511.8280029296875,54703200.0
2024.12.19,00:00,516.5056307829288,517.0705149732767,509.21179579232137,509.5487060546875,46441800.0
2024.12.20,00:00,505.852260942774,520.1030209685301,504.71260298135905,513.9983520507812,60530000.0
2024.12.23,00:00,515.7106302984251,519.3833002478667,512.3159202923702,519.006103515625,29672800.0
2024.12.24,00:00,520.9516666586724,526.1330632045123,520.3163815436208,526.0437622070312,17558200.0
2024.12.26,00:00,524.4158916610216,527.3142968325767,522.4207352238725,525.6864013671875,19090500.0
2024.12.27,00:00,522.1228814363513,522.559632331355,514.0330843757536,518.6983642578125,33839600.0
2024.12.30,00:00,511.7005068634762,515.5220319966776,508.04767821293757,511.79974365234375,34584000.0
2024.12.31,00:00,513.0802310210817,513.8345638741997,506.48928482473434,507.4521179199219,29117000.0
