2018.01.03,00:00,2697.169,2714.07,2696.87,2712.369,33441640.0
2018.01.04,00:00,2718.47,2728.37,2717.87,2722.899,11909910.0
2018.01.08,00:00,2740.399,2748.4,2737.149,2746.52,7508760.0
2018.01.09,00:00,2750.249,2759.1,2747.349,2751.88,14613460.0
2018.01.10,00:00,2743.47,2750.859,2735.57,2747.839,11484990.0
2018.01.11,00:00,2753.269,2767.32,2751.77,2767.32,3977430.0
2018.01.12,00:00,2770.389,2787.64,2769.139,2785.889,5805000.0
2018.01.16,00:00,2799.67,2807.47,2768.07,2776.65,40229770.0
2018.01.17,00:00,2787.769,2808.4,2779.269,2803.639,6415990.0
2018.01.18,00:00,2800.169,2805.839,2792.189,2798.79,12289660.0
2018.01.19,00:00,2804.57,2811.189,2797.669,2810.939,8354980.0
2018.01.22,00:00,2807.519,2833.17,2806.97,2832.87,20753120.0
2018.01.23,00:00,2833.069,2842.439,2830.169,2839.689,11629270.0
2018.01.24,00:00,2845.819,2852.87,2823.44,2837.569,29348620.0
2018.01.25,00:00,2846.97,2848.27,2830.169,2839.169,174963270.0
2018.01.26,00:00,2848.069,2871.669,2845.019,2871.669,136410150.0
2018.01.29,00:00,2865.12,2869.47,2850.519,2851.77,18605380.0
2018.01.30,00:00,2831.109,2838.709,2818.009,2822.469,17683410.0
2018.01.31,00:00,2832.87,2838.899,2811.749,2824.769,53878600.0
2018.02.01,00:00,2815.66,2835.469,2811.47,2821.369,22072000.0
2018.02.02,00:00,2805.469,2807.07,2758.27,2759.069,48861070.0
2018.02.05,00:00,2738.169,2762.77,2636.869,2644.439,41990740.0
2018.02.06,00:00,2602.97,2701.77,2590.469,2697.97,70685380.0
2018.02.07,00:00,2688.969,2728.07,2680.369,2680.669,46873070.0
2018.02.08,00:00,2682.97,2684.469,2579.369,2580.67,60069710.0
2018.02.09,00:00,2610.869,2639.07,2532.17,2619.769,61091300.0
2018.02.12,00:00,2641.069,2672.67,2621.669,2655.87,29663420.0
2018.02.13,00:00,2641.669,2668.67,2635.57,2662.669,22849280.0
2018.02.14,00:00,2656.07,2702.269,2647.57,2698.769,26656610.0
2018.02.15,00:00,2716.77,2731.67,2688.669,2731.67,19525900.0
2018.02.16,00:00,2724.069,2754.47,2724.069,2731.769,25127190.0
2018.02.20,00:00,2720.47,2737.67,2705.97,2715.17,19871440.0
2018.02.21,00:00,2719.869,2747.77,2700.769,2700.97,21781640.0
2018.02.22,00:00,2712.669,2731.27,2697.269,2703.469,23535950.0
2018.02.23,00:00,2718.77,2747.97,2713.169,2747.47,14123100.0
2018.02.26,00:00,2758.769,2780.27,2753.17,2779.269,11582030.0
2018.02.27,00:00,2781.07,2789.17,2743.269,2743.269,20664980.0
2018.02.28,00:00,2755.869,2761.27,2712.369,2712.369,23572610.0
2018.03.01,00:00,2712.77,2730.67,2658.769,2675.769,47751430.0
2018.03.02,00:00,2656.27,2696.269,2647.07,2689.969,30675400.0
2018.03.05,00:00,2676.169,2727.87,2674.969,2721.169,17675450.0
2018.03.06,00:00,2731.469,2732.669,2710.569,2727.869,21310740.0
2018.03.07,00:00,2702.67,2730.569,2700.469,2726.87,17685760.0
2018.03.08,00:00,2733.17,2740.27,2722.27,2738.769,14654770.0
2018.03.09,00:00,2754.67,2786.67,2751.469,2786.17,12222270.0
2018.03.12,00:00,2789.77,2796.87,2778.669,2783.469,11407730.0
2018.03.13,00:00,2796.77,2802.07,2757.969,2764.969,17149880.0
2018.03.14,00:00,2775.769,2777.37,2743.569,2749.569,20261870.0
2018.03.15,00:00,2754.869,2763.069,2741.569,2747.27,12050830.0
2018.03.16,00:00,2751.57,2761.17,2749.469,2750.07,7847940.0
2018.03.19,00:00,2740.469,2740.67,2693.07,2711.869,15801580.0
2018.03.20,00:00,2716.47,2723.57,2709.37,2716.77,9831470.0
2018.03.21,00:00,2716.469,2739.77,2709.269,2711.27,36657090.0
2018.03.22,00:00,2684.47,2694.769,2640.469,2643.969,82562200.0
2018.03.23,00:00,2648.67,2656.969,2584.869,2587.37,100077150.0
2018.03.26,00:00,2629.07,2661.37,2601.269,2658.869,74267010.0
2018.03.27,00:00,2669.07,2675.17,2595.17,2611.669,97142510.0
2018.03.28,00:00,2613.37,2632.769,2592.269,2604.57,145114020.0
2018.03.29,00:00,2616.47,2659.269,2608.87,2640.969,55522500.0
2018.04.02,00:00,2632.069,2637.47,2552.67,2581.369,97546000.0
2018.04.03,00:00,2595.57,2619.67,2574.869,2614.17,70130770.0
2018.04.04,00:00,2573.37,2649.77,2571.869,2644.77,69142640.0
2018.04.05,00:00,2660.67,2672.22,2648.969,2662.37,51611110.0
2018.04.06,00:00,2639.77,2656.57,2585.169,2603.57,82929010.0
2018.04.09,00:00,2619.369,2653.57,2610.169,2613.17,41112510.0
2018.04.10,00:00,2647.57,2665.57,2634.669,2656.57,58869870.0
2018.04.11,00:00,2638.37,2661.37,2638.17,2642.069,43959240.0
2018.04.12,00:00,2656.969,2674.77,2654.77,2663.57,40838740.0
2018.04.13,00:00,2678.47,2680.07,2644.27,2656.27,41061600.0
2018.04.16,00:00,2674.869,2686.17,2665.669,2677.97,27272690.0
2018.04.17,00:00,2698.07,2713.07,2691.97,2705.57,21449180.0
2018.04.18,00:00,2710.969,2717.37,2703.37,2707.97,18635340.0
2018.04.19,00:00,2699.969,2702.77,2680.97,2692.769,35288080.0
2018.04.20,00:00,2692.27,2694.27,2659.77,2670.67,33095350.0
2018.04.23,00:00,2676.57,2683.27,2657.77,2669.57,28581340.0
2018.04.24,00:00,2681.17,2683.77,2616.469,2634.369,60389940.0
2018.04.25,00:00,2633.07,2645.37,2611.87,2639.67,50106880.0
2018.04.26,00:00,2651.569,2676.47,2646.67,2667.17,24005470.0
2018.04.27,00:00,2673.769,2677.069,2659.07,2670.069,35384920.0
2018.04.30,00:00,2676.37,2682.67,2647.97,2647.97,32364010.0
2018.05.01,00:00,2642.57,2654.67,2624.869,2653.669,40127650.0
2018.05.02,00:00,2651.07,2660.67,2631.169,2635.17,47609450.0
2018.05.03,00:00,2624.869,2637.27,2593.269,2629.87,72652500.0
2018.05.04,00:00,2618.67,2671.27,2614.269,2663.469,27208500.0
2018.05.07,00:00,2671.669,2683.27,2664.27,2672.869,22823920.0
2018.05.08,00:00,2667.57,2676.87,2654.67,2672.17,37078960.0
2018.05.09,00:00,2679.77,2701.67,2673.869,2697.269,22470970.0
2018.05.10,00:00,2705.27,2725.67,2703.87,2722.569,26774380.0
2018.05.11,00:00,2722.669,2733.169,2717.47,2727.47,37740400.0
2018.05.14,00:00,2734.469,2741.57,2725.07,2730.57,29889640.0
2018.05.15,00:00,2716.57,2717.07,2701.57,2711.57,44390040.0
2018.05.16,00:00,2711.869,2728.17,2711.67,2722.57,19804890.0
2018.05.17,00:00,2718.87,2731.47,2710.47,2719.47,23714810.0
2018.05.18,00:00,2715.269,2719.57,2708.369,2712.87,35389980.0
2018.05.21,00:00,2728.869,2738.97,2725.27,2732.769,19278710.0
2018.05.22,00:00,2738.669,2741.47,2721.87,2724.87,18809760.0
2018.05.23,00:00,2710.669,2733.07,2708.969,2732.87,24495310.0
2018.05.24,00:00,2727.77,2731.07,2707.07,2728.07,32668620.0
2018.05.25,00:00,2720.669,2727.569,2714.469,2720.77,22243600.0
2018.05.29,00:00,2701.569,2710.17,2676.269,2689.769,39602250.0
2018.05.30,00:00,2704.069,2729.67,2702.669,2723.97,13909950.0
2018.05.31,00:00,2718.57,2722.57,2699.769,2705.469,31403900.0
2018.06.01,00:00,2721.169,2737.17,2720.67,2733.77,18921850.0
2018.06.04,00:00,2742.27,2749.269,2739.67,2746.769,14158960.0
2018.06.05,00:00,2747.47,2752.07,2739.069,2749.57,15438320.0
2018.06.06,00:00,2755.17,2772.069,2748.269,2772.069,12436600.0
2018.06.07,00:00,2775.87,2778.97,2760.169,2769.97,19860410.0
2018.06.08,00:00,2765.27,2779.07,2763.369,2778.069,23850230.0
2018.06.12,00:00,2787.27,2790.069,2778.37,2786.57,15013410.0
2018.06.14,00:00,2785.069,2788.67,2775.869,2783.27,23842710.0
2018.06.15,00:00,2773.769,2782.769,2760.569,2779.669,36062650.0
2018.06.18,00:00,2761.77,2774.87,2756.369,2773.57,19037050.0
2018.06.19,00:00,2746.669,2765.27,2742.27,2762.47,26269090.0
2018.06.20,00:00,2770.37,2775.07,2763.469,2768.47,14789280.0
2018.06.21,00:00,2766.669,2766.67,2743.97,2748.97,27379480.0
2018.06.22,00:00,2763.87,2765.17,2752.07,2754.27,16507140.0
2018.06.25,00:00,2741.169,2742.77,2698.369,2716.37,50003210.0
2018.06.26,00:00,2724.066,2732.87,2715.17,2722.67,36939220.0
2018.06.27,00:00,2729.569,2745.67,2699.07,2699.869,67963310.0
2018.06.28,00:00,2699.47,2724.07,2691.57,2716.369,78939310.0
2018.06.29,00:00,2727.369,2743.17,2718.769,2718.769,54995990.0
2018.07.02,00:00,2701.069,2726.87,2698.37,2725.769,20356230.0
2018.07.05,00:00,2727.47,2737.97,2715.469,2737.17,52747590.0
2018.07.06,00:00,2737.369,2764.57,2732.969,2759.269,42125820.0
2018.07.09,00:00,2770.769,2784.77,2770.37,2784.769,13697110.0
2018.07.10,00:00,2789.67,2795.27,2786.369,2793.369,5665530.0
2018.07.11,00:00,2776.569,2785.37,2769.87,2773.469,10081640.0
2018.07.12,00:00,2787.67,2799.169,2780.77,2798.269,7089420.0
2018.07.13,00:00,2797.07,2804.37,2791.67,2800.669,6039370.0
2018.07.16,00:00,2801.269,2802.57,2793.07,2798.069,3989700.0
2018.07.17,00:00,2789.269,2813.97,2788.769,2809.97,4057200.0
2018.07.19,00:00,2807.07,2812.07,2798.669,2804.67,6344730.0
2018.07.20,00:00,2801.769,2809.57,2799.67,2801.57,5381800.0
2018.07.24,00:00,2822.269,2829.87,2810.869,2819.669,30159610.0
2018.07.25,00:00,2817.569,2848.17,2817.07,2846.369,27937390.0
2018.07.26,00:00,2835.769,2845.67,2834.77,2837.57,26483740.0
2018.07.27,00:00,2841.966,2842.17,2808.069,2819.069,33033490.0
2018.07.30,00:00,2819.07,2820.87,2797.869,2803.57,26605730.0
2018.07.31,00:00,2811.97,2824.07,2807.769,2815.77,25730080.0
2018.08.01,00:00,2818.97,2824.77,2805.47,2813.47,22680000.0
2018.08.02,00:00,2796.669,2829.87,2794.67,2827.07,19446800.0
2018.08.03,00:00,2829.166,2840.17,2826.969,2840.17,7551930.0
2018.08.10,00:00,2835.67,2841.97,2825.169,2832.969,10821440.0
2018.08.13,00:00,2836.269,2842.97,2819.469,2821.47,17984730.0
2018.08.14,00:00,2830.169,2842.869,2826.069,2840.37,14110670.0
2018.08.15,00:00,2824.77,2826.07,2802.369,2818.57,11070440.0
2018.08.16,00:00,2833.67,2850.57,2833.67,2841.07,7380000.0
2018.08.17,00:00,2837.569,2855.37,2833.37,2850.169,25771900.0
2018.08.21,00:00,2862.666,2872.77,2860.969,2863.269,9093750.0
2018.08.22,00:00,2858.37,2866.97,2855.269,2862.07,7691330.0
2018.08.23,00:00,2858.77,2868.67,2854.069,2857.37,14695570.0
2018.08.24,00:00,2864.069,2876.17,2863.369,2874.97,8350500.0
2018.08.28,00:00,2901.37,2902.469,2893.269,2897.67,10525440.0
2018.08.29,00:00,2900.67,2916.27,2897.769,2913.97,13848610.0
2018.08.30,00:00,2907.67,2911.97,2894.969,2900.97,17292910.0
2018.08.31,00:00,2896.67,2906.57,2891.07,2900.77,15377430.0
2018.09.04,00:00,2896.67,2900.07,2884.769,2896.469,17951710.0
2018.09.05,00:00,2892.169,2894.27,2876.969,2888.769,37786140.0
2018.09.06,00:00,2887.869,2891.47,2866.97,2879.07,23696980.0
2018.09.07,00:00,2866.37,2883.77,2863.97,2872.77,19610080.0
2018.09.10,00:00,2884.17,2887.27,2875.669,2878.17,14951500.0
2018.09.11,00:00,2870.37,2891.97,2866.47,2888.169,12209810.0
2018.09.12,00:00,2886.87,2894.27,2878.669,2888.569,21063450.0
2018.09.13,00:00,2898.569,2905.87,2895.67,2904.27,10257440.0
2018.09.14,00:00,2905.97,2908.37,2895.869,2904.67,12329210.0
2018.09.17,00:00,2903.269,2903.87,2885.969,2889.17,10808980.0
2018.09.18,00:00,2890.969,2911.17,2890.969,2904.37,10097980.0
2018.09.19,00:00,2904.769,2912.17,2903.369,2907.97,10835600.0
2018.09.20,00:00,2920.769,2934.77,2919.869,2930.969,12780380.0
2018.09.21,00:00,2939.069,2940.17,2926.669,2928.469,11917880.0
2018.09.24,00:00,2921.37,2922.97,2911.97,2918.67,11023460.0
2018.09.25,00:00,2923.07,2924.17,2912.87,2914.869,10083810.0
2018.09.27,00:00,2912.169,2927.07,2908.769,2914.57,14633750.0
2018.09.28,00:00,2907.37,2920.269,2906.969,2913.969,18637170.0
2018.10.01,00:00,2928.669,2936.77,2917.67,2924.469,11368640.0
2018.10.02,00:00,2923.07,2930.97,2918.97,2923.17,9315660.0
2018.10.03,00:00,2934.57,2939.67,2921.169,2925.67,10825150.0
2018.10.04,00:00,2918.469,2918.87,2883.47,2901.67,23355730.0
2018.10.05,00:00,2903.669,2909.77,2868.769,2885.369,61548090.0
2018.10.08,00:00,2877.47,2889.37,2861.869,2885.169,29835100.0
2018.10.09,00:00,2879.87,2894.77,2873.969,2880.47,23660040.0
2018.10.10,00:00,2873.97,2874.27,2784.47,2786.969,75328180.0
2018.10.11,00:00,2775.769,2793.569,2708.669,2727.47,144037670.0
2018.10.12,00:00,2771.77,2776.07,2729.269,2766.07,94443680.0
2018.10.15,00:00,2760.37,2775.969,2748.47,2749.87,54179760.0
2018.10.16,00:00,2770.87,2813.669,2765.969,2809.87,35991000.0
2018.10.17,00:00,2809.67,2817.07,2781.269,2809.569,58764900.0
2018.10.18,00:00,2798.369,2805.87,2754.569,2768.97,53914370.0
2018.10.19,00:00,2776.269,2798.37,2759.769,2766.669,69594010.0
2018.10.22,00:00,2773.769,2777.67,2748.369,2755.369,70900800.0
2018.10.23,00:00,2713.27,2753.27,2690.37,2741.069,74988230.0
2018.10.24,00:00,2737.669,2742.07,2651.269,2655.17,116455090.0
2018.10.25,00:00,2678.17,2723.07,2666.469,2706.27,62391750.0
2018.10.26,00:00,2663.069,2691.669,2626.669,2656.469,129947280.0
2018.10.29,00:00,2692.166,2706.269,2602.97,2642.27,150489810.0
2018.10.30,00:00,2640.67,2685.97,2635.269,2682.97,105459650.0
2018.10.31,00:00,2711.069,2736.77,2705.67,2711.27,59523440.0
2018.11.01,00:00,2720.17,2741.769,2707.769,2739.47,50460560.0
2018.11.02,00:00,2751.67,2756.57,2699.769,2721.57,74786970.0
2018.11.05,00:00,2727.87,2744.07,2717.17,2737.67,35447430.0
2018.11.06,00:00,2736.77,2756.77,2736.169,2754.97,32322850.0
2018.11.07,00:00,2779.469,2814.77,2774.87,2813.77,27657980.0
2018.11.08,00:00,2803.069,2813.97,2793.67,2806.77,26670530.0
2018.11.09,00:00,2792.07,2793.97,2763.669,2780.169,41478310.0
2018.11.12,00:00,2773.666,2776.57,2721.57,2726.669,52304110.0
2018.11.13,00:00,2732.17,2755.07,2714.47,2722.37,54037630.0
2018.11.14,00:00,2742.37,2747.269,2685.069,2701.969,85337470.0
2018.11.15,00:00,2686.97,2735.67,2669.37,2730.57,54859000.0
2018.11.16,00:00,2717.37,2747.37,2711.969,2737.17,84215310.0
2018.11.19,00:00,2729.57,2733.17,2680.669,2690.57,59080820.0
2018.11.20,00:00,2652.57,2669.47,2630.77,2641.669,91794020.0
2018.11.21,00:00,2657.47,2669.77,2649.369,2649.569,35427860.0
2018.11.26,00:00,2657.169,2674.07,2652.269,2672.969,43239850.0
2018.11.27,00:00,2661.669,2682.47,2655.269,2681.869,72758010.0
2018.11.28,00:00,2694.47,2744.17,2683.57,2743.67,56722250.0
2018.11.29,00:00,2734.87,2753.67,2722.669,2738.069,60960130.0
2018.11.30,00:00,2735.37,2760.469,2732.27,2757.069,31785290.0
2018.12.03,00:00,2800.069,2801.369,2772.869,2789.87,58132090.0
2018.12.04,00:00,2781.269,2786.069,2696.369,2700.869,90097590.0
2018.12.06,00:00,2655.57,2695.77,2620.669,2695.77,137425460.0
2018.12.07,00:00,2690.17,2708.269,2622.669,2632.77,128715060.0
2018.12.10,00:00,2629.769,2647.57,2582.27,2636.97,129277640.0
2018.12.11,00:00,2672.37,2674.47,2620.67,2636.87,67246960.0
2018.12.12,00:00,2670.87,2685.47,2649.37,2650.57,34263880.0
2018.12.13,00:00,2659.67,2670.17,2636.669,2649.07,45831060.0
2018.12.14,00:00,2624.569,2635.369,2593.57,2599.97,34419430.0
2018.12.17,00:00,2589.37,2601.47,2529.969,2545.369,51873990.0
2018.12.18,00:00,2566.569,2573.87,2528.07,2545.67,46526500.0
2018.12.19,00:00,2545.769,2585.57,2487.569,2505.469,111406010.0
2018.12.20,00:00,2492.57,2510.169,2440.27,2466.269,125983790.0
2018.12.21,00:00,2475.269,2506.37,2407.569,2414.37,156952510.0
2018.12.26,00:00,2366.266,2467.664,2345.569,2467.469,146759510.0
2018.12.27,00:00,2432.969,2489.169,2397.27,2489.165,142250900.0
2018.12.28,00:00,2503.57,2522.069,2472.47,2484.57,74119150.0
2018.12.31,00:00,2502.669,2509.37,2482.17,2506.77,52617520.0
2019.01.02,00:00,2467.07,2520.27,2466.269,2509.97,63044160.0
2019.01.03,00:00,2489.67,2492.27,2443.27,2447.77,62929890.0
2019.01.04,00:00,2483.469,2538.07,2478.67,2531.27,49503060.0
2019.01.07,00:00,2533.469,2566.77,2523.57,2549.069,53946590.0
2019.01.08,00:00,2575.369,2580.169,2547.169,2574.47,62114990.0
2019.01.09,00:00,2581.57,2595.669,2567.869,2584.069,64557730.0
2019.01.10,00:00,2568.27,2598.169,2560.869,2596.07,71185800.0
2019.01.11,00:00,2583.266,2596.17,2576.369,2595.469,39900880.0
2019.01.14,00:00,2574.37,2588.969,2569.969,2580.269,40587690.0
2019.01.15,00:00,2583.869,2613.27,2583.67,2609.469,56540690.0
2019.01.16,00:00,2614.166,2625.87,2611.769,2614.87,39063020.0
2019.01.17,00:00,2604.969,2645.27,2604.569,2635.869,53264370.0
2019.01.18,00:00,2655.369,2676.07,2646.97,2669.969,57737700.0
2019.01.22,00:00,2653.669,2655.77,2616.069,2633.97,65132490.0
2019.01.23,00:00,2645.67,2653.269,2612.569,2638.67,64847970.0
2019.01.24,00:00,2637.87,2647.169,2626.469,2641.27,60580070.0
2019.01.25,00:00,2661.769,2672.769,2656.869,2663.27,39374990.0
2019.01.28,00:00,2638.969,2643.97,2623.369,2643.67,32251510.0
2019.01.29,00:00,2644.97,2651.07,2630.57,2639.97,45461960.0
2019.01.30,00:00,2656.269,2690.969,2647.57,2680.77,47415260.0
2019.01.31,00:00,2678.87,2709.17,2676.77,2704.47,43882850.0
2019.02.01,00:00,2705.87,2716.77,2696.27,2705.169,51270950.0
2019.02.04,00:00,2705.67,2724.67,2697.769,2724.67,33935460.0
2019.02.05,00:00,2728.969,2739.469,2723.969,2736.269,29071700.0
2019.02.06,00:00,2732.369,2737.469,2724.0,2731.67,38700430.0
2019.02.07,00:00,2712.769,2719.17,2686.769,2705.769,76194140.0
2019.02.08,00:00,2690.97,2708.07,2681.57,2708.069,51080240.0
2019.02.11,00:00,2715.366,2717.969,2703.37,2709.27,32892470.0
2019.02.12,00:00,2727.269,2748.17,2726.27,2743.97,28044330.0
2019.02.13,00:00,2752.769,2761.869,2748.069,2751.97,21837760.0
2019.02.14,00:00,2738.47,2758.169,2729.57,2745.269,37358130.0
2019.02.15,00:00,2764.57,2775.869,2763.169,2775.57,34377330.0
2019.02.19,00:00,2765.87,2787.57,2765.87,2779.37,23391320.0
2019.02.20,00:00,2778.67,2790.17,2773.47,2784.87,23263500.0
2019.02.21,00:00,2777.37,2781.67,2764.17,2774.769,31680730.0
2019.02.22,00:00,2781.769,2794.17,2778.87,2791.969,27337030.0
2019.02.25,00:00,2807.37,2813.27,2794.369,2794.37,26216760.0
2019.02.26,00:00,2790.769,2802.77,2788.97,2793.17,19003150.0
2019.02.27,00:00,2785.069,2795.67,2774.769,2791.87,13197790.0
2019.02.28,00:00,2787.869,2793.57,2782.369,2783.969,30426060.0
2019.03.01,00:00,2803.169,2807.769,2786.969,2803.77,24940540.0
2019.03.04,00:00,2814.57,2817.069,2766.869,2793.669,32197050.0
2019.03.05,00:00,2794.369,2796.07,2782.969,2789.27,15256160.0
2019.03.06,00:00,2789.669,2789.87,2768.17,2771.47,39830120.0
2019.03.07,00:00,2765.47,2767.07,2738.469,2748.669,58635030.0
2019.03.08,00:00,2726.97,2744.27,2721.769,2742.87,30128840.0
2019.03.11,00:00,2750.169,2783.77,2749.969,2782.77,14014420.0
2019.03.12,00:00,2787.87,2797.87,2785.67,2792.269,14307620.0
2019.03.13,00:00,2802.369,2821.17,2800.469,2810.87,26349320.0
2019.03.14,00:00,2809.769,2814.37,2802.569,2808.57,16175160.0
2019.03.15,00:00,2813.969,2831.169,2811.969,2822.87,23042520.0
2019.03.18,00:00,2824.57,2835.67,2822.369,2832.869,18213870.0
2019.03.19,00:00,2843.77,2852.57,2822.869,2833.67,18110150.0
2019.03.20,00:00,2830.07,2843.17,2811.169,2823.169,43901580.0
2019.03.21,00:00,2814.37,2860.57,2813.77,2855.77,22410480.0
2019.03.22,00:00,2839.969,2846.07,2800.37,2800.87,55654000.0
2019.03.25,00:00,2796.769,2809.67,2784.169,2798.669,49533810.0
2019.03.26,00:00,2817.77,2829.67,2803.369,2818.37,34475550.0
2019.03.27,00:00,2818.969,2825.07,2787.07,2804.77,35392690.0
2019.03.28,00:00,2810.269,2819.37,2798.069,2815.17,22064630.0
2019.03.29,00:00,2831.17,2836.07,2819.07,2833.57,18585460.0
2019.04.01,00:00,2854.97,2869.069,2851.769,2866.47,22794660.0
2019.04.02,00:00,2867.57,2869.57,2858.169,2866.97,15415830.0
2019.04.03,00:00,2880.469,2885.07,2865.07,2872.47,18068340.0
2019.04.04,00:00,2874.769,2881.57,2866.869,2879.169,32825870.0
2019.04.05,00:00,2885.87,2892.869,2882.769,2891.869,28691280.0
2019.04.08,00:00,2887.17,2895.669,2880.269,2894.57,24273990.0
2019.04.09,00:00,2882.869,2886.67,2873.17,2879.27,19874110.0
2019.04.10,00:00,2883.37,2889.67,2878.969,2888.67,19869790.0
2019.04.11,00:00,2893.37,2893.47,2881.669,2888.169,16859360.0
2019.04.12,00:00,2905.469,2910.27,2897.769,2907.17,15647860.0
2019.04.15,00:00,2907.569,2908.67,2896.069,2905.37,12950300.0
2019.04.16,00:00,2915.07,2915.47,2900.469,2907.07,13745880.0
2019.04.17,00:00,2918.369,2918.77,2894.87,2899.77,29595190.0
2019.04.22,00:00,2896.17,2909.27,2895.569,2908.17,17153570.0
2019.04.23,00:00,2911.866,2936.369,2908.969,2933.569,17661600.0
2019.04.24,00:00,2932.27,2936.37,2925.67,2927.57,18368600.0
2019.04.25,00:00,2925.87,2933.07,2911.469,2925.77,24683250.0
2019.04.26,00:00,2925.469,2939.97,2917.069,2939.469,26463630.0
2019.04.29,00:00,2939.67,2949.17,2938.769,2942.57,14115450.0
2019.04.30,00:00,2938.67,2947.67,2924.069,2944.17,23959090.0
2019.05.01,00:00,2951.67,2954.07,2922.67,2922.97,31060760.0
2019.05.02,00:00,2920.369,2931.57,2900.069,2917.47,33016760.0
2019.05.03,00:00,2932.665,2947.47,2930.169,2944.57,18800480.0
2019.05.06,00:00,2895.869,2937.37,2892.669,2932.77,39520470.0
2019.05.07,00:00,2905.27,2912.17,2862.07,2884.67,70482730.0
2019.05.08,00:00,2879.569,2898.17,2872.669,2879.67,55808830.0
2019.05.09,00:00,2854.469,2876.17,2835.669,2870.47,77815170.0
2019.05.10,00:00,2858.9,2891.67,2824.669,2882.27,74348890.0
2019.05.13,00:00,2824.769,2835.87,2801.17,2811.369,57282500.0
2019.05.14,00:00,2821.27,2852.37,2819.57,2834.67,39139360.0
2019.05.15,00:00,2816.269,2858.57,2814.169,2851.769,45312380.0
2019.05.16,00:00,2857.97,2892.07,2857.369,2876.569,25257860.0
2019.05.17,00:00,2850.97,2885.67,2850.47,2858.669,51169170.0
2019.05.20,00:00,2840.07,2853.87,2830.869,2838.87,59730920.0
2019.05.21,00:00,2857.47,2868.67,2854.77,2864.37,31070810.0
2019.05.22,00:00,2853.569,2866.37,2850.87,2856.07,33771590.0
2019.05.23,00:00,2830.37,2830.37,2805.269,2822.27,56246110.0
2019.05.24,00:00,2836.269,2840.87,2819.869,2827.069,26553920.0
2019.05.28,00:00,2829.47,2840.07,2800.77,2800.77,37330050.0
2019.05.29,00:00,2787.669,2791.77,2765.27,2782.07,46921540.0
2019.05.30,00:00,2788.47,2798.27,2776.369,2788.77,15238190.0
2019.05.31,00:00,2759.564,2768.67,2749.969,2751.469,42099080.0
2019.06.03,00:00,2750.369,2762.97,2728.67,2743.169,80659540.0
2019.06.04,00:00,2768.47,2804.37,2763.57,2803.07,25593750.0
2019.06.05,00:00,2820.47,2827.07,2800.269,2826.07,47833260.0
2019.06.06,00:00,2828.77,2852.17,2821.869,2844.17,34058100.0
2019.06.07,00:00,2855.369,2884.97,2853.769,2872.37,22885420.0
2019.06.10,00:00,2889.569,2904.87,2885.37,2885.87,21255580.0
2019.06.11,00:00,2906.169,2910.27,2878.469,2885.17,22449860.0
2019.06.12,00:00,2882.87,2888.97,2874.47,2879.97,16405040.0
2019.06.13,00:00,2888.87,2894.77,2881.669,2891.97,24270800.0
2019.06.14,00:00,2887.866,2894.47,2878.969,2886.97,24534090.0
2019.06.17,00:00,2890.366,2897.17,2886.67,2889.17,11955670.0
2019.06.18,00:00,2908.47,2931.169,2904.869,2918.17,30320730.0
2019.06.19,00:00,2920.27,2931.669,2910.27,2925.87,31276080.0
2019.06.20,00:00,2955.07,2958.27,2931.07,2954.07,22500960.0
2019.06.21,00:00,2950.77,2964.069,2946.869,2950.369,20638930.0
2019.06.24,00:00,2950.969,2954.569,2943.87,2945.569,18675460.0
2019.06.25,00:00,2945.77,2946.07,2915.569,2917.27,24262460.0
2019.06.26,00:00,2926.666,2932.07,2912.269,2913.77,22411980.0
2019.06.27,00:00,2921.466,2929.17,2917.67,2923.87,16059690.0
2019.06.28,00:00,2934.466,2944.07,2928.569,2939.57,18096040.0
2019.07.01,00:00,2975.165,2977.57,2951.469,2964.27,21356270.0
2019.07.02,00:00,2963.67,2973.37,2954.47,2973.37,19357090.0
2019.07.05,00:00,2982.066,2993.969,2967.469,2991.464,23049830.0
2019.07.08,00:00,2977.669,2980.97,2969.67,2976.17,17118170.0
2019.07.09,00:00,2961.469,2981.87,2961.369,2979.37,14991170.0
2019.07.10,00:00,2990.57,3003.17,2984.27,2992.57,21897310.0
2019.07.11,00:00,2999.169,3002.069,2988.669,2999.77,17409030.0
2019.07.16,00:00,3012.825,3014.77,3000.669,3003.469,11364320.0
2019.07.17,00:00,3003.069,3005.17,2983.57,2983.57,11481580.0
2019.07.18,00:00,2976.97,2998.57,2973.069,2994.269,27172390.0
2019.07.19,00:00,3006.069,3006.469,2975.369,2976.869,32654980.0
2019.07.22,00:00,2981.67,2990.97,2976.169,2985.164,23674970.0
2019.07.23,00:00,2997.57,3005.87,2987.97,3005.37,11934500.0
2019.07.24,00:00,2997.17,3019.77,2996.27,3019.47,13728080.0
2019.07.25,00:00,3014.869,3015.27,2996.77,3005.37,22989950.0
2019.07.29,00:00,3023.97,3024.57,3014.369,3020.369,14939380.0
2019.07.30,00:00,3003.97,3016.67,3000.069,3013.369,21404860.0
2019.07.31,00:00,3014.67,3017.07,2956.769,2979.869,71526440.0
2019.08.01,00:00,2980.269,3013.97,2944.469,2953.77,78812900.0
2019.08.02,00:00,2942.97,2945.57,2913.469,2930.969,86387820.0
2019.08.05,00:00,2885.069,2886.37,2820.669,2844.369,84112650.0
2019.08.06,00:00,2863.07,2884.37,2846.87,2882.17,82836300.0
2019.08.07,00:00,2847.47,2892.07,2823.97,2884.37,126802050.0
2019.08.08,00:00,2898.769,2938.969,2892.87,2938.969,40141290.0
2019.08.09,00:00,2928.469,2935.37,2899.369,2919.17,71955400.0
2019.08.12,00:00,2901.67,2907.77,2872.369,2882.669,65633360.0
2019.08.13,00:00,2878.67,2943.77,2875.569,2926.67,91067130.0
2019.08.14,00:00,2880.47,2887.87,2838.869,2840.47,93905930.0
2019.08.15,00:00,2848.37,2856.47,2824.569,2847.87,104928020.0
2019.08.16,00:00,2864.569,2893.67,2864.569,2888.669,38218610.0
2019.08.19,00:00,2922.766,2930.97,2914.569,2922.969,29940260.0
2019.08.20,00:00,2917.47,2923.37,2899.769,2901.269,48000150.0
2019.08.21,00:00,2925.269,2928.67,2917.569,2924.169,35526840.0
2019.08.22,00:00,2931.769,2938.57,2904.0,2923.47,41623870.0
2019.08.23,00:00,2909.069,2927.17,2834.369,2848.169,138548990.0
2019.08.26,00:00,2872.47,2879.569,2855.37,2879.569,61732970.0
2019.08.27,00:00,2894.969,2899.07,2860.269,2867.269,71010500.0
2019.08.28,00:00,2860.169,2890.269,2851.569,2887.97,56880950.0
2019.08.29,00:00,2915.97,2930.27,2904.869,2924.27,21034860.0
2019.08.30,00:00,2940.669,2940.77,2912.769,2922.57,34558910.0
2019.09.03,00:00,2903.669,2914.07,2890.77,2906.17,43462810.0
2019.09.04,00:00,2929.87,2938.77,2921.47,2937.77,17026840.0
2019.09.05,00:00,2965.27,2985.869,2963.87,2975.77,23098110.0
2019.09.06,00:00,2979.77,2984.87,2971.669,2978.169,21667230.0
2019.09.09,00:00,2987.37,2989.17,2968.67,2978.77,15446200.0
2019.09.10,00:00,2970.569,2978.57,2956.669,2978.57,25686090.0
2019.09.11,00:00,2980.969,3000.17,2974.07,3000.169,17903270.0
2019.09.12,00:00,3008.369,3021.07,2999.969,3009.87,32981780.0
2019.09.13,00:00,3013.766,3017.37,3002.369,3005.87,25049920.0
2019.09.16,00:00,2993.77,3001.57,2990.269,2997.27,23655260.0
2019.09.17,00:00,2995.17,3005.77,2993.47,3004.97,20483160.0
2019.09.18,00:00,3000.669,3007.87,2977.67,3006.37,28588580.0
2019.09.19,00:00,3010.07,3021.97,3002.47,3005.17,13605850.0
2019.09.20,00:00,3012.47,3015.37,2983.57,2990.17,25679250.0
2019.09.23,00:00,2984.57,2999.17,2981.87,2991.17,16917590.0
2019.09.24,00:00,3002.87,3007.17,2956.67,2967.77,41563560.0
2019.09.25,00:00,2968.469,2989.97,2952.57,2984.569,32618030.0
2019.09.26,00:00,2984.769,2987.27,2963.269,2978.77,30049600.0
2019.09.27,00:00,2986.77,2987.87,2944.47,2962.07,42018560.0
2019.09.30,00:00,2967.866,2983.67,2967.27,2976.069,19993860.0
2019.10.01,00:00,2985.569,2992.469,2937.67,2939.87,33677190.0
2019.10.02,00:00,2922.469,2922.97,2873.67,2888.97,41121690.0
2019.10.03,00:00,2885.269,2911.67,2855.07,2911.17,53138620.0
2019.10.04,00:00,2919.07,2953.47,2918.17,2950.77,24837810.0
2019.10.07,00:00,2941.67,2959.77,2934.77,2938.533,31681910.0
2019.10.08,00:00,2917.269,2925.57,2892.07,2892.57,45729530.0
2019.10.09,00:00,2913.67,2929.57,2906.77,2918.569,31938000.0
2019.10.10,00:00,2917.37,2948.57,2915.969,2939.37,33537140.0
2019.10.11,00:00,2969.766,2993.27,2967.07,2968.369,37442980.0
2019.10.14,00:00,2964.766,2971.87,2961.07,2966.37,15482470.0
2019.10.15,00:00,2977.07,3003.67,2975.869,2995.17,16090720.0
2019.10.16,00:00,2989.87,2997.57,2984.77,2990.57,18445520.0
2019.10.17,00:00,3002.469,3007.869,2990.97,2998.47,21255880.0
2019.10.18,00:00,2992.669,2999.77,2975.77,2985.869,22944790.0
2019.10.21,00:00,2999.87,3007.67,2994.97,3006.47,13291340.0
2019.10.22,00:00,3011.07,3014.27,2994.77,2995.769,19721270.0
2019.10.23,00:00,2992.27,3005.17,2990.169,3004.369,15580240.0
2019.10.24,00:00,3014.069,3015.87,2999.87,3009.17,15407860.0
2019.10.25,00:00,3002.57,3027.47,3002.07,3021.77,11192530.0
2019.10.28,00:00,3034.67,3043.77,3034.469,3038.97,11792000.0
2019.10.29,00:00,3035.47,3047.67,3033.97,3037.97,13814470.0
2019.10.30,00:00,3039.269,3050.37,3024.97,3046.87,23283500.0
2019.10.31,00:00,3045.769,3045.769,3021.87,3038.47,27848160.0
2019.11.01,00:00,3054.37,3066.469,3052.769,3066.27,15251150.0
2019.11.04,00:00,3083.37,3084.77,3074.469,3078.469,13521090.0
2019.11.05,00:00,3080.369,3083.77,3071.77,3075.07,15699440.0
2019.11.06,00:00,3075.27,3078.833,3065.47,3076.17,16357550.0
2019.11.07,00:00,3088.869,3097.87,3080.0,3085.57,17187600.0
2019.11.08,00:00,3080.47,3092.17,3073.069,3091.869,18903240.0
2019.11.12,00:00,3090.27,3102.87,3083.67,3092.069,16808800.0
2019.11.13,00:00,3081.37,3098.07,3078.97,3093.77,19837130.0
2019.11.14,00:00,3088.97,3097.87,3082.67,3096.87,15391760.0
2019.11.15,00:00,3111.77,3119.57,3104.17,3119.57,10747040.0
2019.11.19,00:00,3128.169,3128.169,3113.37,3119.87,13576130.0
2019.11.20,00:00,3113.769,3118.57,3090.77,3108.069,23569380.0
2019.11.21,00:00,3108.566,3109.669,3093.37,3103.37,22138540.0
2019.11.22,00:00,3110.969,3112.37,3098.37,3110.37,13171440.0
2019.12.02,00:00,3144.77,3145.07,3110.369,3114.469,38648720.0
2019.12.03,00:00,3084.369,3094.87,3069.469,3093.669,50442050.0
2019.12.04,00:00,3105.266,3119.67,3101.37,3113.369,22378220.0
2019.12.05,00:00,3119.77,3119.77,3103.17,3117.87,15281870.0
2019.12.09,00:00,3140.67,3148.57,3134.87,3135.669,7788830.0
2019.12.10,00:00,3134.97,3142.07,3124.769,3132.47,18305910.0
2019.12.11,00:00,3136.27,3143.67,3132.869,3140.469,18695150.0
2019.12.12,00:00,3140.469,3176.07,3137.869,3167.37,40269790.0
2019.12.13,00:00,3164.07,3182.033,3156.169,3168.77,33136100.0
2019.12.17,00:00,3195.27,3198.17,3190.27,3191.069,12353950.0
2019.12.27,00:00,3247.952,3248.4,3233.734,3239.555,26467090.0
2019.12.30,00:00,3239.249,3240.652,3215.134,3222.146,41417420.0
2019.12.31,00:00,3215.552,3230.937,3211.837,3229.652,26975260.0
2020.01.02,00:00,3245.537,3257.446,3235.137,3257.234,26245400.0
2020.01.03,00:00,3220.037,3245.955,3219.84,3235.2,50288700.0
2020.01.06,00:00,3214.4,3247.149,3213.243,3246.155,28383590.0
2020.01.07,00:00,3238.952,3244.952,3231.04,3237.137,26029030.0
2020.01.08,00:00,3238.646,3266.846,3235.743,3253.155,44851170.0
2020.01.09,00:00,3269.055,3275.9,3263.655,3274.549,23412970.0
2020.01.10,00:00,3280.74,3282.555,3260.134,3265.134,18481810.0
2020.01.13,00:00,3272.1,3287.9,3267.34,3287.849,17369680.0
2020.01.14,00:00,3282.44,3294.346,3276.834,3282.555,21476680.0
2020.01.15,00:00,3281.534,3298.5,3280.455,3289.64,20538980.0
2020.01.17,00:00,3324.743,3329.552,3318.352,3327.834,11275910.0
2020.01.21,00:00,3315.649,3330.1,3315.337,3321.349,11714150.0
2020.01.22,00:00,3330.146,3337.549,3319.834,3322.146,25643390.0
2020.01.23,00:00,3313.6,3327.6,3301.437,3325.752,22794370.0
2020.01.24,00:00,3332.355,3332.955,3281.149,3294.946,28887480.0
2020.01.27,00:00,3237.534,3258.143,3233.646,3242.455,32597930.0
2020.01.28,00:00,3258.0,3285.9,3252.543,3276.9,20190300.0
2020.01.29,00:00,3291.355,3293.6,3271.24,3273.8,27149650.0
2020.01.30,00:00,3249.74,3286.155,3242.4,3283.652,43674320.0
2020.01.31,00:00,3275.855,3278.3,3213.949,3223.7,50377440.0
2020.02.03,00:00,3239.449,3267.6,3238.34,3247.752,31241610.0
2020.02.04,00:00,3287.452,3306.6,3283.54,3297.949,20756590.0
2020.02.05,00:00,3329.3,3337.6,3313.34,3335.243,29600870.0
2020.02.06,00:00,3345.146,3347.852,3334.04,3345.8,22741900.0
2020.02.07,00:00,3333.752,3341.852,3321.852,3327.255,25318950.0
2020.02.10,00:00,3317.146,3352.5,3316.949,3352.417,15841910.0
2020.02.11,00:00,3366.743,3375.443,3352.955,3358.152,18510150.0
2020.02.12,00:00,3373.452,3381.4,3369.534,3379.152,14203060.0
2020.02.13,00:00,3362.143,3385.049,3358.949,3374.855,31036480.0
2020.02.14,00:00,3378.54,3380.4,3365.352,3379.343,14745180.0
2020.02.18,00:00,3368.252,3375.243,3355.437,3370.455,33072520.0
2020.02.19,00:00,3380.549,3393.555,3377.446,3386.1,11017310.0
2020.02.20,00:00,3379.54,3388.549,3339.052,3371.952,77074820.0
2020.02.21,00:00,3357.046,3360.443,3328.234,3336.749,72616770.0
2020.02.24,00:00,3231.655,3259.7,3213.94,3226.934,118372350.0
2020.02.25,00:00,3240.749,3247.555,3117.837,3129.4,193168840.0
2020.02.26,00:00,3142.237,3182.7,3108.343,3115.634,202754580.0
2020.02.27,00:00,3054.8,3096.537,2976.0,2976.1,218519460.0
2020.02.28,00:00,2884.6,2959.152,2853.437,2958.446,110909180.0
2020.03.02,00:00,2982.052,3091.152,2944.149,3091.149,128004080.0
2020.03.03,00:00,3094.834,3137.546,2974.546,2999.843,125113080.0
2020.03.04,00:00,3059.837,3130.446,3032.237,3128.2,17470370.0
2020.03.05,00:00,3048.435,3084.155,2998.949,3025.355,115200180.0
2020.03.06,00:00,2930.152,2986.546,2900.837,2970.4,23687030.0
2020.03.09,00:00,2733.755,2839.1,2717.234,2741.346,248776010.0
2020.03.10,00:00,2844.155,2883.6,2732.337,2882.7,374016540.0
2020.03.11,00:00,2805.549,2817.937,2706.146,2740.849,379901270.0
2020.03.12,00:00,2561.649,2660.7,2469.355,2470.849,459637050.0
2020.03.13,00:00,2621.355,2708.155,2490.834,2706.652,438627470.0
2020.03.16,00:00,2389.143,2564.946,2364.737,2389.749,115589230.0
2020.03.17,00:00,2445.152,2554.855,2365.9,2531.337,253741980.0
2020.03.18,00:00,2379.055,2455.655,2275.152,2407.337,250611200.0
2020.03.19,00:00,2387.534,2469.449,2319.437,2414.952,326587980.0
2020.03.20,00:00,2433.055,2454.552,2293.34,2298.84,356144720.0
2020.03.23,00:00,2292.1,2298.155,2187.349,2231.546,373254660.0
2020.03.24,00:00,2357.352,2449.7,2346.9,2445.149,323718500.0
2020.03.25,00:00,2455.334,2573.146,2406.934,2479.255,415101820.0
2020.03.26,00:00,2505.64,2637.149,2500.54,2623.937,378342680.0
2020.03.27,00:00,2539.6,2616.652,2517.443,2544.446,234710910.0
2020.03.30,00:00,2565.04,2632.0,2544.052,2625.746,182465810.0
2020.03.31,00:00,2613.149,2641.7,2570.849,2587.9,140497150.0
2020.04.01,00:00,2487.3,2522.7,2447.055,2469.549,101865090.0
2020.04.02,00:00,2459.437,2534.646,2453.146,2526.455,141966890.0
2020.04.03,00:00,2513.243,2539.455,2459.143,2488.7,100692660.0
2020.04.06,00:00,2585.746,2676.452,2573.634,2654.843,111860760.0
2020.04.07,00:00,2747.937,2756.343,2656.043,2657.549,15686160.0
2020.04.08,00:00,2685.234,2760.74,2661.443,2747.046,47804890.0
2020.04.09,00:00,2781.255,2818.643,2761.649,2788.646,123285530.0
2020.04.13,00:00,2777.7,2780.837,2720.355,2761.637,103100990.0
2020.04.14,00:00,2816.14,2853.455,2805.346,2844.9,82031040.0
2020.04.15,00:00,2781.152,2801.352,2760.152,2784.346,92693590.0
2020.04.16,00:00,2797.137,2806.143,2763.337,2796.646,95504280.0
2020.04.17,00:00,2859.14,2879.249,2829.434,2873.1,54310150.0
2020.04.20,00:00,2831.043,2869.652,2819.5,2821.652,67186150.0
2020.04.21,00:00,2772.455,2785.555,2726.537,2736.255,102270520.0
2020.04.22,00:00,2789.6,2815.955,2775.149,2797.0,61831520.0
2020.04.23,00:00,2810.84,2844.9,2793.337,2796.152,80435860.0
2020.04.24,00:00,2812.843,2843.1,2790.743,2836.455,56172320.0
2020.04.27,00:00,2856.9,2889.049,2852.246,2876.9,43234110.0
2020.04.28,00:00,2916.452,2920.052,2860.1,2863.552,62266630.0
2020.04.29,00:00,2921.443,2955.052,2910.443,2938.1,56457050.0
2020.04.30,00:00,2922.549,2927.446,2892.046,2908.752,75144870.0
2020.05.01,00:00,2858.649,2865.946,2820.255,2833.0,77140410.0
2020.05.04,00:00,2812.9,2844.949,2797.452,2842.652,56471340.0
2020.05.05,00:00,2872.04,2898.643,2862.943,2866.7,39336090.0
2020.05.06,00:00,2886.34,2889.855,2846.837,2847.7,62780640.0
2020.05.07,00:00,2882.64,2902.643,2875.74,2880.943,57410730.0
2020.05.08,00:00,2914.84,2932.446,2902.455,2928.046,40105590.0
2020.05.11,00:00,2907.143,2944.3,2902.243,2928.94,43887180.0
2020.05.12,00:00,2941.737,2945.6,2869.2,2869.452,47091730.0
2020.05.13,00:00,2863.355,2875.0,2792.143,2819.2,89056390.0
2020.05.14,00:00,2791.6,2853.155,2765.64,2852.949,83372790.0
2020.05.15,00:00,2825.334,2865.655,2814.449,2864.843,82852830.0
2020.05.18,00:00,2932.955,2969.04,2929.6,2951.6,43451780.0
2020.05.19,00:00,2944.549,2963.9,2921.34,2921.555,60180970.0
2020.05.20,00:00,2959.746,2980.052,2957.337,2971.055,46228100.0
2020.05.21,00:00,2968.749,2977.4,2938.34,2948.849,53778250.0
2020.05.22,00:00,2946.355,2957.043,2933.134,2954.646,48790340.0
2020.05.26,00:00,3020.249,3023.2,2987.137,2991.455,47872650.0
2020.05.27,00:00,3021.055,3036.14,2969.14,3035.837,69390310.0
2020.05.28,00:00,3047.252,3068.84,3023.034,3030.4,61560290.0
2020.05.29,00:00,3024.034,3049.2,2995.443,3045.7,86459810.0
2020.06.01,00:00,3035.449,3061.8,3030.055,3056.049,43092250.0
2020.06.02,00:00,3065.549,3081.0,3050.846,3080.14,38783180.0
2020.06.03,00:00,3101.54,3131.9,3098.843,3121.637,37015500.0
2020.06.04,00:00,3109.552,3129.152,3089.846,3111.749,54611650.0
2020.06.05,00:00,3171.94,3212.555,3170.749,3192.14,59030500.0
2020.06.08,00:00,3201.549,3232.955,3195.14,3232.455,32572300.0
2020.06.09,00:00,3202.137,3222.8,3192.74,3207.455,44473550.0
2020.06.10,00:00,3213.4,3222.955,3181.746,3188.452,76613300.0
2020.06.11,00:00,3112.855,3119.452,2998.074,3004.0,101010800.0
2020.06.12,00:00,3080.7,3088.949,2983.152,3038.855,165853900.0
2020.06.15,00:00,2977.649,3080.2,2964.855,3068.146,127379420.0
2020.06.16,00:00,3153.055,3153.84,3074.343,3127.152,236228580.0
2020.06.17,00:00,3138.8,3141.052,3106.052,3113.049,114230260.0
2020.06.18,00:00,3097.352,3120.455,3091.752,3114.334,99313030.0
2020.06.19,00:00,3152.343,3154.834,3082.2,3097.2,117934510.0
2020.06.22,00:00,3089.755,3121.0,3077.446,3117.2,73949830.0
2020.06.23,00:00,3145.537,3156.149,3126.652,3130.949,43798710.0
2020.06.24,00:00,3108.552,3115.455,3030.646,3050.449,84626650.0
2020.06.25,00:00,3045.234,3086.552,3022.543,3082.734,71246950.0
2020.06.26,00:00,3072.8,3074.1,3003.6,3010.54,111558590.0
2020.06.29,00:00,3024.155,3054.4,2999.734,3054.049,106280370.0
2020.06.30,00:00,3048.743,3111.2,3047.855,3097.152,58079460.0
2020.07.01,00:00,3104.64,3128.6,3100.246,3115.055,57853950.0
2020.07.02,00:00,3151.852,3166.446,3124.2,3131.7,48291840.0
2020.07.06,00:00,3173.24,3184.1,3164.74,3178.749,40899840.0
2020.07.07,00:00,3162.637,3184.2,3142.646,3146.446,37631080.0
2020.07.08,00:00,3155.052,3172.149,3136.149,3170.4,41566070.0
2020.07.09,00:00,3176.643,3179.3,3114.752,3153.249,73191870.0
2020.07.10,00:00,3150.652,3187.134,3135.94,3185.149,54617940.0
2020.07.13,00:00,3209.743,3235.352,3150.0,3156.334,78098070.0
2020.07.14,00:00,3140.846,3200.555,3128.037,3196.84,92391500.0
2020.07.15,00:00,3231.349,3238.0,3200.455,3227.149,82824290.0
2020.07.16,00:00,3205.255,3220.5,3198.652,3215.6,56815260.0
2020.07.17,00:00,3226.8,3233.6,3204.843,3225.537,32124170.0
2020.07.20,00:00,3222.24,3259.049,3214.343,3251.352,29411130.0
2020.07.21,00:00,3272.237,3277.1,3247.249,3257.8,49337350.0
2020.07.22,00:00,3253.54,3279.2,3252.84,3276.646,40462640.0
2020.07.23,00:00,3271.849,3279.2,3222.146,3236.637,81689940.0
2020.07.24,00:00,3216.752,3226.9,3199.346,3215.837,106045410.0
2020.07.27,00:00,3224.043,3241.355,3215.146,3239.2,30859050.0
2020.07.28,00:00,3231.6,3243.855,3215.84,3220.134,60892180.0
2020.07.29,00:00,3228.052,3265.2,3227.734,3258.9,54005320.0
2020.07.30,00:00,3226.046,3251.0,3202.837,3246.537,96294870.0
2020.07.31,00:00,3265.54,3272.2,3219.834,3270.846,122460860.0
2020.08.03,00:00,3290.037,3302.3,3283.834,3293.937,67476090.0
2020.08.04,00:00,3284.7,3307.149,3284.7,3306.934,56196380.0
2020.08.05,00:00,3321.1,3330.449,3318.437,3327.437,38516530.0
2020.08.06,00:00,3320.555,3351.2,3317.837,3349.849,61709200.0
2020.08.07,00:00,3338.743,3352.852,3329.146,3351.346,97625180.0
2020.08.10,00:00,3355.746,3362.9,3335.34,3360.852,77101890.0
2020.08.11,00:00,3374.246,3380.852,3325.834,3334.149,116786360.0
2020.08.12,00:00,3359.4,3387.8,3359.4,3378.8,78356770.0
2020.08.13,00:00,3370.143,3387.2,3362.837,3372.852,89333830.0
2020.08.14,00:00,3368.355,3378.546,3360.849,3372.543,59331260.0
2020.08.17,00:00,3383.437,3387.555,3379.052,3383.3,26665360.0
2020.08.18,00:00,3386.84,3394.752,3369.734,3389.955,44780480.0
2020.08.19,00:00,3393.855,3399.5,3369.434,3375.752,59371480.0
2020.08.20,00:00,3356.546,3390.646,3355.134,3385.346,49839600.0
2020.08.21,00:00,3381.852,3400.2,3378.437,3398.134,47851710.0
2020.08.24,00:00,3423.752,3432.637,3413.34,3432.155,58793000.0
2020.08.25,00:00,3438.04,3444.655,3425.134,3443.4,55654640.0
2020.08.26,00:00,3449.549,3481.4,3444.34,3478.34,43621510.0
2020.08.27,00:00,3487.043,3501.149,3467.634,3485.934,83021580.0
2020.08.28,00:00,3496.249,3509.3,3483.537,3507.543,63575130.0
2020.08.31,00:00,3505.037,3514.955,3492.637,3499.5,54352140.0
2020.09.01,00:00,3503.752,3529.1,3494.14,3528.04,60774260.0
2020.09.02,00:00,3548.7,3587.652,3535.949,3578.443,92595320.0
2020.09.03,00:00,3559.4,3564.3,3426.437,3456.44,274475540.0
2020.09.04,00:00,3461.9,3478.655,3349.646,3426.052,416239060.0
2020.09.08,00:00,3367.134,3380.752,3328.64,3332.54,334010120.0
2020.09.09,00:00,3375.552,3425.0,3366.152,3398.04,134798100.0
2020.09.10,00:00,3417.949,3425.052,3328.134,3339.137,275693900.0
2020.09.11,00:00,3357.446,3369.055,3309.24,3340.043,325141710.0
2020.09.14,00:00,3373.446,3402.355,3368.037,3381.546,115728700.0
2020.09.15,00:00,3409.237,3418.355,3388.6,3399.849,73238950.0
2020.09.16,00:00,3413.84,3428.9,3383.555,3386.034,107947990.0
2020.09.17,00:00,3333.655,3374.6,3327.834,3357.2,177505240.0
2020.09.18,00:00,3364.249,3366.046,3290.849,3317.349,159426420.0
2020.09.21,00:00,3268.446,3282.452,3227.834,3281.64,168456390.0
2020.09.22,00:00,3297.04,3320.8,3269.955,3314.752,117951020.0
2020.09.23,00:00,3320.155,3323.555,3232.234,3237.537,178589670.0
2020.09.24,00:00,3223.055,3279.2,3209.14,3246.437,175274970.0
2020.09.25,00:00,3236.534,3307.1,3227.049,3298.834,111742540.0
2020.09.28,00:00,3344.0,3360.643,3332.846,3351.746,87320390.0
2020.09.29,00:00,3350.449,3357.849,3326.64,3334.855,93627060.0
2020.09.30,00:00,3341.452,3393.6,3339.234,3362.346,157659540.0
2020.10.01,00:00,3386.84,3397.052,3360.534,3380.537,139837600.0
2020.10.02,00:00,3327.146,3369.934,3322.143,3349.237,166056810.0
2020.10.05,00:00,3370.9,3409.949,3370.555,3406.94,42953590.0
2020.10.06,00:00,3408.8,3431.7,3353.643,3360.146,112545940.0
2020.10.07,00:00,3391.34,3426.452,3391.04,3417.637,67325100.0
2020.10.08,00:00,3437.549,3447.2,3427.934,3446.44,59021850.0
2020.10.09,00:00,3464.843,3482.4,3458.037,3477.043,48307450.0
2020.10.12,00:00,3505.24,3549.8,3500.034,3534.052,73485600.0
2020.10.13,00:00,3531.943,3533.1,3500.237,3510.746,124432300.0
2020.10.14,00:00,3516.34,3528.5,3479.94,3488.755,110476200.0
2020.10.15,00:00,3445.137,3488.8,3439.455,3483.743,114484250.0
2020.10.16,00:00,3498.249,3516.255,3480.437,3481.74,82438700.0
2020.10.19,00:00,3495.349,3501.452,3419.349,3429.437,122353640.0
2020.10.20,00:00,3443.1,3477.855,3435.152,3442.146,139402110.0
2020.10.21,00:00,3441.537,3464.9,3432.837,3434.137,118374540.0
2020.10.22,00:00,3437.355,3460.351,3414.333,3454.736,91107810.0
2020.10.23,00:00,3467.651,3468.099,3439.536,3465.839,100060400.0
2020.10.26,00:00,3429.536,3437.699,3364.351,3402.845,187651720.0
2020.10.27,00:00,3405.742,3409.298,3387.942,3390.248,104608430.0
2020.10.28,00:00,3328.899,3335.954,3268.745,3271.742,195873430.0
2020.10.29,00:00,3276.439,3341.739,3257.739,3307.739,168190620.0
2020.10.30,00:00,3289.545,3304.199,3233.633,3273.448,201799110.0
2020.11.02,00:00,3309.836,3331.454,3279.535,3308.899,142777350.0
2020.11.03,00:00,3344.199,3389.999,3338.933,3366.748,129615020.0
2020.11.04,00:00,3415.833,3487.242,3403.245,3441.736,185092210.0
2020.11.05,00:00,3498.848,3528.798,3495.251,3508.754,126526920.0
2020.11.06,00:00,3504.936,3521.151,3482.836,3507.945,116936700.0
2020.11.09,00:00,3645.933,3650.548,3546.439,3551.254,235513920.0
2020.11.10,00:00,3539.833,3557.248,3510.739,3546.551,214685370.0
2020.11.11,00:00,3569.439,3581.099,3556.042,3572.042,99911430.0
2020.11.12,00:00,3560.751,3568.851,3517.533,3537.839,99225710.0
2020.11.13,00:00,3557.643,3594.099,3552.051,3585.336,80018300.0
2020.11.16,00:00,3614.551,3630.045,3600.651,3629.642,75852700.0
2020.11.17,00:00,3604.154,3623.799,3587.733,3611.154,65194400.0
2020.11.18,00:00,3613.049,3619.397,3565.651,3566.436,52711690.0
2020.11.19,00:00,3558.852,3585.933,3544.739,3581.854,68370350.0
2020.11.20,00:00,3578.451,3580.399,3555.839,3556.554,51101660.0
2020.11.23,00:00,3575.831,3590.448,3551.736,3577.599,72538990.0
2020.11.24,00:00,3605.434,3641.248,3596.033,3635.245,68904400.0
2020.11.25,00:00,3634.331,3634.499,3617.939,3629.439,46734980.0
2020.11.30,00:00,3629.742,3632.699,3594.245,3624.999,88234550.0
2020.12.01,00:00,3657.854,3678.554,3651.433,3661.133,68246700.0
2020.12.02,00:00,3649.997,3671.354,3643.833,3669.654,59842480.0
2020.12.03,00:00,3668.636,3683.199,3656.633,3667.645,53130150.0
2020.12.04,00:00,3674.345,3699.999,3673.139,3699.148,30503550.0
2020.12.07,00:00,3691.451,3697.442,3678.442,3692.154,57068900.0
2020.12.08,00:00,3677.599,3709.199,3677.536,3702.633,61041220.0
2020.12.09,00:00,3709.145,3711.099,3660.333,3670.839,129649120.0
2020.12.10,00:00,3653.954,3678.948,3644.633,3667.999,101884580.0
2020.12.11,00:00,3648.548,3666.142,3632.433,3662.739,94532620.0
2020.12.14,00:00,3685.933,3697.951,3644.736,3645.748,109894030.0
2020.12.15,00:00,3674.245,3694.636,3658.533,3694.636,101949820.0
2020.12.16,00:00,3697.954,3711.499,3688.433,3701.145,66008060.0
2020.12.17,00:00,3718.948,3723.999,3710.154,3721.139,61375650.0
2020.12.18,00:00,3724.643,3726.399,3685.836,3714.136,72844180.0
2020.12.21,00:00,3664.552,3703.399,3633.846,3695.199,133210400.0
2020.12.22,00:00,3696.597,3697.951,3675.431,3687.351,87447490.0
2020.12.23,00:00,3697.843,3711.036,3689.046,3691.446,49965310.0
2020.12.28,00:00,3732.034,3740.354,3725.342,3736.148,43508920.0
2020.12.29,00:00,3752.252,3754.397,3722.831,3728.699,96709690.0
2020.12.30,00:00,3736.949,3744.097,3729.031,3733.448,51391630.0
2020.12.31,00:00,3730.934,3760.451,3725.233,3755.139,51319250.0
2021.01.04,00:00,3765.797,3767.397,3661.134,3703.454,159753500.0
2021.01.05,00:00,3694.751,3739.142,3694.746,3725.397,91199660.0
2021.01.06,00:00,3710.642,3783.399,3704.139,3749.399,128049450.0
2021.01.07,00:00,3773.851,3812.148,3771.933,3802.642,56035040.0
2021.01.08,00:00,3817.849,3826.945,3783.236,3824.536,98245060.0
2021.01.11,00:00,3790.642,3818.354,3788.748,3800.433,82997410.0
2021.01.12,00:00,3801.04,3811.045,3776.042,3800.154,66255410.0
2021.01.13,00:00,3799.451,3821.299,3790.939,3810.339,53407330.0
2021.01.14,00:00,3817.754,3823.399,3793.233,3797.433,49513120.0
2021.01.15,00:00,3778.334,3787.297,3748.299,3767.636,91964000.0
2021.01.19,00:00,3794.631,3804.199,3779.633,3798.145,53843670.0
2021.01.20,00:00,3822.736,3859.999,3818.699,3850.699,39094770.0
2021.01.21,00:00,3856.234,3861.299,3843.851,3854.245,45160220.0
2021.01.22,00:00,3833.933,3852.599,3830.036,3840.039,45563550.0
2021.01.25,00:00,3848.442,3859.599,3796.236,3856.051,124786150.0
2021.01.26,00:00,3865.939,3870.054,3847.733,3850.148,66602070.0
2021.01.27,00:00,3813.345,3813.951,3730.933,3756.745,121144700.0
2021.01.28,00:00,3774.149,3830.197,3769.939,3787.154,118682100.0
2021.01.29,00:00,3766.648,3776.854,3692.433,3713.742,247543260.0
2021.02.01,00:00,3747.697,3784.499,3724.254,3771.154,92952130.0
2021.02.02,00:00,3806.897,3843.154,3806.634,3825.936,66127910.0
2021.02.03,00:00,3834.849,3848.049,3815.633,3829.348,77913180.0
2021.02.04,00:00,3839.651,3872.797,3837.731,3872.233,56059330.0
2021.02.05,00:00,3892.651,3894.799,3875.433,3886.245,58357190.0
2021.02.08,00:00,3902.334,3915.799,3893.937,3915.748,43544150.0
2021.02.09,00:00,3905.737,3918.354,3901.331,3912.636,38073130.0
2021.02.10,00:00,3930.552,3932.142,3884.631,3910.436,112079740.0
2021.02.11,00:00,3920.746,3925.197,3889.937,3915.554,93260530.0
2021.02.12,00:00,3906.249,3937.642,3905.837,3934.649,46363430.0
2021.02.16,00:00,3947.845,3949.699,3923.634,3931.199,82046170.0
2021.02.17,00:00,3911.634,3933.754,3900.731,3931.951,96319730.0
2021.02.18,00:00,3902.649,3922.149,3884.334,3914.542,88606770.0
2021.02.19,00:00,3928.336,3930.44,3902.436,3906.446,70338520.0
2021.02.22,00:00,3876.348,3902.654,3873.349,3878.331,91084210.0
2021.02.23,00:00,3852.648,3895.399,3808.251,3880.154,188439480.0
2021.02.24,00:00,3869.152,3929.142,3858.836,3924.199,105412960.0
2021.02.25,00:00,3910.152,3924.948,3813.033,3830.048,232660200.0
2021.02.26,00:00,3849.243,3861.437,3788.133,3812.436,226501180.0
2021.03.01,00:00,3861.852,3914.999,3861.439,3900.133,84520050.0
2021.03.02,00:00,3903.549,3906.454,3868.336,3871.133,133322420.0
2021.03.03,00:00,3862.933,3872.954,3818.236,3819.299,203119710.0
2021.03.04,00:00,3816.048,3844.233,3722.733,3771.054,346728800.0
2021.03.05,00:00,3808.936,3852.054,3730.733,3840.245,319980970.0
2021.03.08,00:00,3850.448,3881.299,3818.345,3821.854,259581730.0
2021.03.09,00:00,3862.336,3903.099,3856.936,3875.048,109701980.0
2021.03.10,00:00,3900.754,3918.039,3885.339,3899.051,182844820.0
2021.03.11,00:00,3926.199,3960.199,3920.854,3938.145,90513680.0
2021.03.12,00:00,3923.239,3945.048,3914.836,3943.599,112839040.0
2021.03.15,00:00,3945.733,3969.599,3923.033,3967.336,63805070.0
2021.03.16,00:00,3973.154,3980.448,3952.733,3961.799,87046620.0
2021.03.17,00:00,3946.836,3982.999,3934.936,3974.736,137941260.0
2021.03.18,00:00,3946.336,3969.754,3911.733,3918.099,110835030.0
2021.03.19,00:00,3913.042,3930.299,3885.933,3908.748,130180750.0
2021.03.22,00:00,3914.639,3956.851,3914.448,3941.848,59040560.0
2021.03.23,00:00,3935.24,3950.851,3903.033,3909.833,81024360.0
2021.03.24,00:00,3924.648,3941.699,3889.336,3889.839,132574710.0
2021.03.25,00:00,3874.239,3919.599,3853.533,3910.251,143061460.0
2021.03.26,00:00,3923.636,3978.099,3917.036,3972.739,97599430.0
2021.03.29,00:00,3957.999,3981.254,3942.036,3971.754,112619980.0
2021.03.30,00:00,3957.839,3968.797,3943.633,3963.251,72688580.0
2021.03.31,00:00,3967.248,3993.997,3967.239,3978.742,36894700.0
2021.04.01,00:00,3998.151,4021.251,3995.939,4019.945,30019820.0
2021.04.05,00:00,4048.248,4083.448,4047.445,4076.851,34077670.0
2021.04.06,00:00,4071.154,4085.599,4068.036,4074.045,48062610.0
2021.04.07,00:00,4072.833,4082.997,4067.945,4079.148,32796530.0
2021.04.08,00:00,4091.752,4098.854,4081.833,4098.854,30686410.0
2021.04.09,00:00,4096.746,4129.933,4095.831,4126.948,28288480.0
2021.04.12,00:00,4121.037,4132.199,4114.631,4129.499,39958580.0
2021.04.13,00:00,4127.837,4147.951,4124.131,4141.299,36560690.0
2021.04.14,00:00,4140.24,4151.848,4120.834,4127.639,62474010.0
2021.04.15,00:00,4149.531,4173.999,4148.846,4170.248,34179680.0
2021.04.16,00:00,4184.397,4190.799,4169.236,4185.239,34728330.0
2021.04.19,00:00,4173.649,4178.94,4149.433,4164.943,71867990.0
2021.04.20,00:00,4150.54,4158.199,4117.836,4133.839,75451770.0
2021.04.21,00:00,4126.039,4174.599,4125.136,4173.336,52682870.0
2021.04.22,00:00,4170.736,4179.299,4123.042,4134.736,118228490.0
2021.04.23,00:00,4140.048,4194.151,4139.439,4179.199,45765920.0
2021.04.26,00:00,4185.351,4193.499,4180.942,4188.148,42929020.0
2021.04.27,00:00,4190.499,4192.699,4174.651,4185.833,51220840.0
2021.04.28,00:00,4190.051,4201.945,4180.948,4185.442,55458400.0
2021.04.29,00:00,4214.836,4218.733,4175.936,4211.454,71374900.0
2021.04.30,00:00,4187.436,4196.699,4174.933,4183.545,77579280.0
2021.05.03,00:00,4205.539,4209.999,4187.842,4192.399,69391450.0
2021.05.04,00:00,4171.699,4176.848,4127.345,4168.245,115335410.0
2021.05.05,00:00,4184.654,4187.299,4160.436,4168.148,75727820.0
2021.05.06,00:00,4169.236,4202.748,4147.142,4201.548,113471070.0
2021.05.07,00:00,4209.642,4237.954,4202.436,4229.749,65883630.0
2021.05.10,00:00,4234.945,4237.045,4188.033,4189.542,91423330.0
2021.05.11,00:00,4140.099,4162.245,4110.239,4151.742,166425680.0
2021.05.12,00:00,4121.148,4134.599,4056.733,4063.745,168335820.0
2021.05.13,00:00,4078.642,4131.651,4078.64,4110.149,157648310.0
2021.05.14,00:00,4139.699,4182.845,4139.637,4171.699,78427170.0
2021.05.17,00:00,4161.599,4171.648,4141.939,4163.233,126826320.0
2021.05.18,00:00,4165.736,4168.254,4125.439,4128.142,79883630.0
2021.05.19,00:00,4075.854,4117.245,4060.233,4115.748,156008490.0
2021.05.20,00:00,4124.642,4173.354,4123.136,4157.699,62486740.0
2021.05.21,00:00,4176.036,4189.048,4150.936,4156.445,73597820.0
2021.05.24,00:00,4179.733,4209.199,4177.039,4197.699,36186680.0
2021.05.25,00:00,4209.399,4212.999,4182.754,4189.442,64863560.0
2021.05.26,00:00,4195.236,4202.248,4183.942,4196.948,41835950.0
2021.05.27,00:00,4206.999,4213.099,4197.536,4198.748,46858170.0
2021.05.28,00:00,4215.236,4218.199,4204.136,4205.654,34857070.0
2021.06.01,00:00,4231.545,4232.699,4196.833,4200.642,52069520.0
2021.06.02,00:00,4207.354,4217.351,4198.033,4208.842,49290870.0
2021.06.03,00:00,4182.633,4204.699,4167.233,4192.699,67806470.0
2021.06.04,00:00,4212.145,4233.648,4211.148,4230.336,28621710.0
2021.06.07,00:00,4230.251,4232.154,4216.333,4226.836,33977940.0
2021.06.08,00:00,4235.751,4236.699,4207.833,4227.145,45979980.0
2021.06.09,00:00,4236.048,4236.699,4217.833,4220.136,32656680.0
2021.06.10,00:00,4232.636,4249.433,4219.239,4239.551,48285150.0
2021.06.11,00:00,4245.299,4247.951,4231.642,4246.651,31797140.0
2021.06.14,00:00,4247.233,4256.648,4233.651,4256.648,31979690.0
2021.06.15,00:00,4257.045,4257.254,4237.539,4247.639,32950120.0
2021.06.16,00:00,4249.033,4251.199,4200.348,4223.842,81659170.0
2021.06.17,00:00,4218.536,4231.899,4195.336,4222.336,76890280.0
2021.06.18,00:00,4185.042,4193.154,4162.645,4165.899,63194090.0
2021.06.21,00:00,4184.099,4226.454,4175.442,4223.948,26720130.0
2021.06.22,00:00,4224.497,4255.954,4216.251,4247.099,18768530.0
2021.06.23,00:00,4247.64,4256.297,4241.237,4242.554,16494440.0
2021.06.24,00:00,4264.654,4271.199,4261.954,4266.633,15819140.0
2021.06.25,00:00,4275.039,4287.254,4271.499,4281.754,12025840.0
2021.06.28,00:00,4287.652,4291.899,4274.342,4290.345,13792060.0
2021.06.29,00:00,4293.552,4300.454,4286.633,4291.939,13101000.0
2021.06.30,00:00,4286.736,4303.199,4286.736,4296.631,24240520.0
2021.07.01,00:00,4303.352,4321.239,4302.736,4320.497,22506760.0
2021.07.02,00:00,4331.199,4355.797,4327.939,4351.748,17508340.0
2021.07.06,00:00,4351.939,4353.951,4313.942,4342.954,44102240.0
2021.07.07,00:00,4350.536,4362.199,4329.642,4359.339,58058040.0
2021.07.08,00:00,4301.348,4330.999,4288.951,4323.939,95446720.0
2021.07.09,00:00,4339.151,4371.754,4336.733,4368.299,28623670.0
2021.07.12,00:00,4368.151,4387.251,4363.236,4385.539,31810750.0
2021.07.13,00:00,4375.936,4392.248,4367.233,4371.242,48639310.0
2021.07.14,00:00,4386.945,4392.599,4362.333,4377.242,53452050.0
2021.07.15,00:00,4361.245,4368.354,4340.333,4360.399,67650040.0
2021.07.16,00:00,4372.739,4373.354,4322.339,4327.048,66268710.0
2021.07.19,00:00,4274.642,4280.048,4231.542,4262.345,135796600.0
2021.07.20,00:00,4268.736,4337.099,4260.533,4323.045,62626910.0
2021.07.21,00:00,4336.539,4360.299,4334.245,4359.248,43052820.0
2021.07.22,00:00,4360.245,4370.033,4349.733,4368.054,49946890.0
2021.07.23,00:00,4387.954,4415.654,4380.548,4411.651,32977470.0
2021.07.26,00:00,4405.833,4422.951,4405.139,4422.651,39216870.0
2021.07.27,00:00,4411.539,4411.539,4372.036,4402.899,89024440.0
2021.07.28,00:00,4408.739,4415.051,4385.536,4400.342,79044560.0
2021.07.29,00:00,4409.936,4429.542,4409.899,4418.536,33177150.0
2021.07.30,00:00,4390.439,4411.554,4389.036,4396.033,55181420.0
2021.08.02,00:00,4413.945,4420.599,4384.833,4387.599,59385120.0
2021.08.03,00:00,4396.439,4424.351,4372.833,4423.054,63974920.0
2021.08.04,00:00,4409.242,4415.399,4399.354,4401.836,40446430.0
2021.08.05,00:00,4414.042,4430.039,4410.333,4429.051,23104240.0
2021.08.06,00:00,4431.997,4440.045,4428.845,4436.733,27764610.0
2021.08.09,00:00,4435.399,4438.742,4423.733,4432.433,29531390.0
2021.08.10,00:00,4436.499,4444.951,4429.439,4437.148,36857390.0
2021.08.11,00:00,4448.951,4449.454,4437.033,4448.033,34102260.0
2021.08.12,00:00,4445.439,4461.899,4436.336,4460.333,22619060.0
2021.08.13,00:00,4465.299,4468.848,4460.136,4468.345,21029250.0
2021.08.16,00:00,4455.039,4479.854,4438.345,4479.039,38701690.0
2021.08.17,00:00,4450.536,4458.145,4416.833,4449.333,75926340.0
2021.08.18,00:00,4436.945,4453.633,4397.039,4401.033,63300800.0
2021.08.19,00:00,4370.254,4418.899,4368.833,4406.851,109596790.0
2021.08.20,00:00,4409.039,4444.242,4404.454,4440.099,57154410.0
2021.08.23,00:00,4457.648,4488.999,4457.648,4479.799,26661440.0
2021.08.24,00:00,4486.242,4492.354,4480.933,4486.848,25539230.0
2021.08.25,00:00,4488.548,4501.648,4484.636,4496.048,22788050.0
2021.08.26,00:00,4493.039,4495.648,4468.833,4470.139,59885100.0
2021.08.27,00:00,4477.745,4513.136,4477.639,4508.845,35189550.0
2021.08.30,00:00,4515.999,4537.399,4513.533,4528.399,18492260.0
2021.08.31,00:00,4527.233,4530.999,4515.142,4522.999,36857750.0
2021.09.01,00:00,4531.551,4537.148,4521.633,4524.333,28891340.0
2021.09.02,00:00,4538.554,4545.699,4524.636,4537.836,29415650.0
2021.09.03,00:00,4524.736,4541.654,4521.133,4536.248,37864290.0
2021.09.07,00:00,4532.399,4533.251,4512.351,4520.354,31439470.0
2021.09.08,00:00,4514.039,4521.399,4493.345,4514.639,59767350.0
2021.09.09,00:00,4510.742,4530.039,4491.533,4493.533,55989990.0
2021.09.10,00:00,4514.299,4518.899,4457.842,4460.333,75373140.0
2021.09.13,00:00,4491.554,4493.851,4444.639,4469.945,138069280.0
2021.09.14,00:00,4483.799,4486.045,4434.333,4444.845,89740770.0
2021.09.15,00:00,4448.139,4487.099,4436.433,4482.048,75631980.0
2021.09.16,00:00,4475.754,4486.499,4443.136,4474.633,79905810.0
2021.09.17,00:00,4465.551,4470.199,4427.699,4431.333,99376960.0
2021.09.20,00:00,4365.048,4381.899,4305.039,4358.254,169994360.0
2021.09.21,00:00,4382.645,4395.754,4347.242,4353.251,149133110.0
2021.09.22,00:00,4376.651,4416.499,4367.236,4394.433,124068240.0
2021.09.23,00:00,4414.142,4465.354,4412.233,4447.542,67706730.0
2021.09.24,00:00,4430.251,4463.754,4428.339,4456.445,72984390.0
2021.09.27,00:00,4444.233,4457.299,4435.945,4444.233,81102780.0
2021.09.28,00:00,4413.454,4416.754,4345.539,4354.548,166735610.0
2021.09.29,00:00,4368.045,4385.842,4354.142,4360.333,115520850.0
2021.09.30,00:00,4375.133,4383.039,4305.0,4305.551,153971580.0
2021.10.01,00:00,4325.436,4376.051,4287.833,4357.899,123028950.0
2021.10.04,00:00,4343.948,4354.299,4278.345,4303.148,155854390.0
2021.10.05,00:00,4317.245,4369.099,4309.136,4344.545,86833660.0
2021.10.06,00:00,4306.443,4365.851,4289.033,4364.154,147319650.0
2021.10.07,00:00,4397.639,4430.754,4395.333,4399.636,59766110.0
2021.10.08,00:00,4408.099,4411.851,4385.636,4392.499,83010940.0
2021.10.11,00:00,4385.539,4416.939,4359.199,4359.645,77878660.0
2021.10.12,00:00,4369.333,4374.554,4341.533,4350.145,112174910.0
2021.10.13,00:00,4359.848,4374.645,4328.642,4365.533,104149850.0
2021.10.14,00:00,4405.099,4439.854,4399.839,4437.654,45766130.0
2021.10.15,00:00,4460.599,4476.245,4453.836,4471.939,46319470.0
2021.10.18,00:00,4452.654,4489.099,4445.742,4486.033,42249400.0
2021.10.19,00:00,4502.945,4521.242,4496.548,4520.736,36851960.0
2021.10.20,00:00,4524.733,4541.042,4523.745,4537.951,40700950.0
2021.10.21,00:00,4530.899,4551.799,4526.739,4549.533,32143030.0
2021.10.22,00:00,4544.645,4560.051,4524.039,4544.751,70139760.0
2021.10.25,00:00,4555.654,4571.954,4537.033,4568.545,48864710.0
2021.10.26,00:00,4585.033,4598.399,4569.045,4572.299,67538800.0
2021.10.27,00:00,4577.545,4584.639,4551.939,4552.454,72623500.0
2021.10.28,00:00,4567.339,4596.754,4567.339,4595.154,58785890.0
2021.10.29,00:00,4571.536,4608.099,4568.334,4604.299,50717440.0
2021.11.01,00:00,4615.154,4619.048,4593.936,4612.954,51030160.0
2021.11.02,00:00,4614.999,4635.054,4613.445,4631.733,30903260.0
2021.11.03,00:00,4626.039,4664.699,4621.242,4660.242,44206160.0
2021.11.04,00:00,4665.697,4682.699,4662.239,4682.242,36731970.0
2021.11.05,00:00,4705.254,4719.099,4681.145,4697.448,61134500.0
2021.11.08,00:00,4708.839,4713.999,4694.351,4701.845,63326090.0
2021.11.09,00:00,4705.742,4707.842,4670.454,4685.939,91810320.0
2021.11.10,00:00,4666.699,4684.352,4631.133,4647.642,92470920.0
2021.11.11,00:00,4662.054,4663.142,4648.339,4649.339,54856690.0
2021.11.12,00:00,4661.751,4688.999,4651.733,4683.154,40657190.0
2021.11.15,00:00,4696.836,4697.736,4672.442,4685.733,45186320.0
2021.11.16,00:00,4681.352,4714.452,4680.839,4701.751,35660710.0
2021.11.17,00:00,4699.642,4701.199,4684.236,4690.542,41807600.0
2021.11.18,00:00,4700.899,4708.654,4671.651,4705.345,51918410.0
2021.11.19,00:00,4704.551,4717.899,4693.854,4697.399,55301130.0
2021.11.22,00:00,4715.736,4743.754,4681.131,4682.854,64785180.0
2021.11.23,00:00,4679.233,4698.354,4652.836,4690.033,108689040.0
2021.11.24,00:00,4668.499,4703.845,4659.333,4702.151,77444480.0
2021.11.29,00:00,4647.645,4673.299,4624.533,4654.254,99896070.0
2021.11.30,00:00,4627.445,4646.954,4559.733,4564.742,181966720.0
2021.12.01,00:00,4623.345,4653.254,4508.251,4511.036,103705370.0
2021.12.02,00:00,4512.536,4595.199,4508.154,4579.442,115133220.0
2021.12.03,00:00,4596.899,4607.948,4493.933,4538.939,232137810.0
2021.12.06,00:00,4565.745,4612.899,4540.833,4593.045,162311580.0
2021.12.07,00:00,4649.454,4693.899,4648.899,4687.851,71704430.0
2021.12.08,00:00,4691.739,4704.799,4674.136,4700.245,90420460.0
2021.12.09,00:00,4685.933,4695.751,4666.233,4668.036,108364100.0
2021.12.10,00:00,4696.454,4713.799,4670.039,4711.799,100165340.0
2021.12.13,00:00,4707.136,4710.254,4666.654,4670.499,120417320.0
2021.12.14,00:00,4632.848,4660.299,4605.133,4637.854,155482390.0
2021.12.15,00:00,4637.751,4712.199,4611.133,4709.354,166503000.0
2021.12.16,00:00,4728.545,4731.899,4650.639,4666.439,178943320.0
2021.12.17,00:00,4633.033,4666.699,4598.636,4617.836,115194010.0
2021.12.20,00:00,4562.597,4572.851,4530.139,4569.336,176820320.0
2021.12.21,00:00,4604.542,4651.845,4582.133,4650.348,101811060.0
2021.12.22,00:00,4646.733,4697.199,4645.333,4696.199,84780110.0
2021.12.23,00:00,4706.339,4740.699,4705.333,4725.136,45701010.0
2021.12.27,00:00,4739.154,4791.445,4738.854,4790.939,46529080.0
2021.12.28,00:00,4794.836,4805.951,4778.631,4788.136,83840980.0
2021.12.29,00:00,4787.833,4804.036,4778.133,4793.545,57172490.0
2021.12.30,00:00,4796.533,4807.699,4775.833,4780.833,44694890.0
2021.12.31,00:00,4774.433,4786.899,4765.731,4766.633,62425450.0
2022.01.03,00:00,4781.699,4796.254,4755.933,4795.736,95008590.0
2022.01.04,00:00,4810.354,4816.999,4773.636,4792.445,84708810.0
2022.01.05,00:00,4789.033,4797.145,4699.836,4701.636,118980980.0
2022.01.06,00:00,4695.742,4725.348,4671.133,4696.848,163516730.0
2022.01.07,00:00,4695.536,4708.154,4662.742,4677.342,111738510.0
2022.01.10,00:00,4642.745,4673.639,4581.0,4671.851,147625360.0
2022.01.11,00:00,4667.548,4715.348,4636.333,4714.554,122908950.0
2022.01.12,00:00,4732.448,4748.399,4705.839,4728.054,113331740.0
2022.01.13,00:00,4738.399,4744.651,4650.933,4661.251,131842340.0
2022.01.14,00:00,4627.142,4666.751,4614.442,4662.948,167026880.0
2022.01.18,00:00,4611.851,4614.745,4568.333,4580.854,148977160.0
2022.01.19,00:00,4595.533,4611.142,4529.142,4533.148,163243450.0
2022.01.20,00:00,4551.248,4601.899,4476.833,4481.339,151955510.0
2022.01.21,00:00,4471.233,4494.352,4393.336,4394.348,185921370.0
2022.01.24,00:00,4333.799,4417.448,4220.633,4412.199,464423040.0
2022.01.25,00:00,4343.599,4411.999,4284.139,4360.951,422795190.0
2022.01.26,00:00,4422.151,4454.599,4303.031,4349.351,293586250.0
2022.01.27,00:00,4396.236,4429.848,4307.539,4326.233,246514520.0
2022.01.28,00:00,4339.745,4433.143,4290.833,4432.736,230192300.0
2022.01.31,00:00,4425.299,4516.854,4411.139,4511.151,120170140.0
2022.02.01,00:00,4520.746,4550.699,4483.333,4543.648,149800430.0
2022.02.02,00:00,4569.034,4594.697,4544.736,4585.836,213179150.0
2022.02.03,00:00,4523.539,4542.852,4470.839,4480.637,214217820.0
2022.02.04,00:00,4475.999,4540.942,4451.254,4500.639,212191220.0
2022.02.07,00:00,4508.148,4523.097,4471.536,4485.548,162065000.0
2022.02.08,00:00,4480.14,4531.845,4465.254,4521.036,138641220.0
2022.02.09,00:00,4564.252,4590.048,4562.054,4586.945,91010340.0
2022.02.10,00:00,4524.839,4589.052,4483.949,4505.699,212291560.0
2022.02.11,00:00,4505.899,4527.639,4400.233,4414.799,181014490.0
2022.02.14,00:00,4409.348,4426.939,4364.139,4401.642,169009230.0
2022.02.15,00:00,4448.551,4472.354,4441.845,4470.697,85147180.0
2022.02.16,00:00,4448.599,4489.854,4429.242,4476.337,103904890.0
2022.02.17,00:00,4440.833,4446.099,4372.848,4379.554,126483310.0
2022.02.18,00:00,4381.251,4394.539,4326.236,4351.548,239245200.0
2022.02.22,00:00,4327.942,4363.799,4265.936,4304.245,285142950.0
2022.02.23,00:00,4334.431,4339.799,4221.033,4227.845,245457450.0
2022.02.24,00:00,4117.148,4295.348,4113.642,4290.142,231410980.0
2022.02.25,00:00,4302.554,4386.499,4286.236,4384.748,267857550.0
2022.02.28,00:00,4327.354,4389.648,4314.433,4373.299,304721100.0
2022.03.01,00:00,4357.133,4378.751,4278.939,4306.731,312699600.0
2022.03.02,00:00,4331.142,4402.336,4322.742,4384.145,244698300.0
2022.03.03,00:00,4409.745,4416.654,4343.833,4363.336,248710500.0
2022.03.04,00:00,4323.445,4339.845,4284.533,4328.545,280681650.0
2022.03.07,00:00,4321.451,4323.954,4199.636,4200.354,294549850.0
2022.03.08,00:00,4202.042,4277.199,4156.639,4167.854,236140290.0
2022.03.09,00:00,4256.649,4299.843,4233.154,4278.836,143089700.0
2022.03.10,00:00,4228.931,4269.346,4209.333,4260.133,128635680.0
2022.03.11,00:00,4286.937,4292.899,4199.442,4204.533,120608890.0
2022.03.14,00:00,4212.636,4248.454,4160.948,4173.64,139913270.0
2022.03.15,00:00,4200.539,4270.799,4187.548,4264.099,125299700.0
2022.03.16,00:00,4301.697,4360.133,4250.936,4359.642,145684010.0
2022.03.17,00:00,4338.142,4413.654,4334.236,4413.131,104475540.0
2022.03.18,00:00,4396.545,4466.297,4388.142,4461.948,104867100.0
2022.03.21,00:00,4460.439,4482.054,4424.233,4460.954,173170100.0
2022.03.22,00:00,4475.346,4522.443,4475.346,4513.699,113793110.0
2022.03.23,00:00,4485.199,4501.499,4453.642,4453.936,140414970.0
2022.03.24,00:00,4475.236,4521.551,4463.336,4521.036,129642750.0
2022.03.25,00:00,4527.936,4546.299,4500.733,4543.233,143605800.0
2022.03.28,00:00,4536.454,4575.852,4517.039,4575.851,121828400.0
2022.03.29,00:00,4616.799,4636.854,4589.342,4633.339,126071800.0
2022.03.30,00:00,4620.745,4628.397,4579.954,4603.254,92898980.0
2022.03.31,00:00,4594.899,4602.654,4531.733,4533.251,105325100.0
2022.04.01,00:00,4548.649,4550.254,4506.736,4544.336,119580180.0
2022.04.04,00:00,4546.897,4584.542,4538.239,4584.334,74715100.0
2022.04.05,00:00,4567.64,4593.799,4513.442,4526.233,102811450.0
2022.04.06,00:00,4483.454,4504.142,4449.345,4480.651,210386660.0
2022.04.07,00:00,4470.254,4522.054,4450.299,4504.037,123225300.0
2022.04.08,00:00,4495.139,4521.154,4474.545,4491.899,121617400.0
2022.04.11,00:00,4456.054,4464.754,4408.833,4414.645,93402800.0
2022.04.12,00:00,4445.633,4471.799,4380.733,4396.742,114794890.0
2022.04.13,00:00,4394.052,4454.154,4391.845,4447.64,80581140.0
2022.04.14,00:00,4449.051,4460.399,4389.848,4392.649,78964980.0
2022.04.18,00:00,4381.599,4410.851,4369.333,4393.645,83098050.0
2022.04.19,00:00,4392.039,4471.652,4389.842,4463.399,66292480.0
2022.04.20,00:00,4482.254,4488.899,4448.336,4460.642,87240910.0
2022.04.21,00:00,4499.036,4513.654,4384.134,4392.142,197779160.0
2022.04.22,00:00,4381.333,4384.445,4267.533,4273.736,198602310.0
2022.04.25,00:00,4248.948,4298.699,4199.436,4297.434,296243490.0
2022.04.26,00:00,4269.545,4271.439,4172.636,4173.151,212102520.0
2022.04.27,00:00,4184.539,4241.654,4162.336,4184.854,297640630.0
2022.04.28,00:00,4234.899,4308.748,4187.936,4290.299,222163680.0
2022.04.29,00:00,4247.336,4270.445,4123.945,4133.139,234692130.0
2022.05.02,00:00,4131.839,4170.348,4061.633,4157.933,343507190.0
2022.05.03,00:00,4161.536,4200.842,4144.954,4175.354,283156280.0
2022.05.04,00:00,4181.999,4308.199,4148.139,4301.851,279112510.0
2022.05.05,00:00,4255.145,4256.754,4105.131,4150.148,368297270.0
2022.05.06,00:00,4121.639,4158.154,4067.245,4124.654,420469230.0
2022.05.09,00:00,4060.437,4073.845,3975.054,3992.548,363575680.0
2022.05.10,00:00,4054.433,4070.399,3957.331,3999.836,408136570.0
2022.05.11,00:00,3988.836,4049.699,3928.633,3936.551,401084640.0
2022.05.12,00:00,3900.74,3965.139,3858.833,3931.131,300307020.0
2022.05.13,00:00,3974.231,4039.699,3963.636,4023.339,103914880.0
2022.05.16,00:00,4007.052,4046.746,3983.133,4009.745,153957810.0
2022.05.17,00:00,4071.939,4090.899,4033.142,4090.339,124288280.0
2022.05.18,00:00,4040.754,4044.099,3912.151,3927.999,116151530.0
2022.05.19,00:00,3890.448,3946.139,3876.551,3899.799,191752560.0
2022.05.20,00:00,3938.034,3943.599,3810.239,3901.099,174018050.0
2022.05.23,00:00,3933.536,3982.399,3908.848,3974.354,147243660.0
2022.05.24,00:00,3930.243,3955.952,3873.745,3944.439,163028500.0
2022.05.25,00:00,3926.848,3999.049,3923.439,3980.336,154340050.0
2022.05.26,00:00,3991.243,4074.597,3988.833,4057.054,84209570.0
2022.05.27,00:00,4082.097,4158.843,4080.345,4158.642,68826070.0
2022.05.31,00:00,4140.236,4169.142,4104.636,4130.449,149284840.0
2022.06.01,00:00,4155.234,4166.199,4073.199,4099.343,140322670.0
2022.06.02,00:00,4097.145,4177.497,4073.031,4176.936,122371510.0
2022.06.03,00:00,4126.542,4143.197,4097.945,4108.642,126331850.0
2022.06.06,00:00,4150.951,4169.154,4108.451,4120.639,114135890.0
2022.06.07,00:00,4083.099,4164.954,4078.945,4159.749,84045440.0
2022.06.08,00:00,4141.751,4160.345,4106.339,4115.399,174065740.0
2022.06.09,00:00,4095.454,4118.639,4016.151,4016.339,189111150.0
2022.06.10,00:00,3950.345,3959.248,3899.045,3899.836,226691550.0
2022.06.13,00:00,3799.433,3819.554,3734.933,3752.445,258324340.0
2022.06.14,00:00,3769.933,3780.545,3707.033,3739.548,140851840.0
2022.06.15,00:00,3774.851,3839.097,3720.346,3790.349,131241720.0
2022.06.16,00:00,3703.445,3708.054,3638.534,3670.245,202013040.0
2022.06.17,00:00,3668.439,3708.054,3635.554,3672.345,152689790.0
2022.06.21,00:00,3732.452,3780.054,3732.031,3765.052,70606600.0
2022.06.22,00:00,3720.245,3801.951,3715.745,3757.736,108800730.0
2022.06.23,00:00,3780.242,3802.597,3742.839,3795.552,119272650.0
2022.06.24,00:00,3828.748,3916.099,3828.099,3915.742,102520820.0
2022.06.27,00:00,3924.945,3928.199,3888.745,3901.554,141045670.0
2022.06.28,00:00,3916.452,3946.097,3819.136,3821.439,155054010.0
2022.06.29,00:00,3825.145,3835.599,3797.033,3817.342,213343920.0
2022.06.30,00:00,3773.842,3819.948,3737.342,3788.751,171177850.0
2022.07.01,00:00,3778.636,3830.599,3750.748,3825.248,150371240.0
2022.07.05,00:00,3771.652,3832.733,3741.94,3832.442,194154600.0
2022.07.06,00:00,3833.554,3871.699,3808.336,3845.842,208936350.0
2022.07.07,00:00,3863.033,3910.636,3862.854,3900.148,89860050.0
2022.07.08,00:00,3883.845,3918.499,3868.136,3898.439,129788230.0
2022.07.11,00:00,3869.742,3880.399,3847.336,3855.339,117651660.0
2022.07.12,00:00,3848.037,3873.633,3801.337,3820.554,125366400.0
2022.07.13,00:00,3761.934,3831.249,3757.442,3799.951,184585050.0
2022.07.14,00:00,3745.745,3797.048,3719.833,3791.251,151639200.0
2022.07.15,00:00,3836.951,3863.351,3817.034,3860.836,120670410.0
2022.07.18,00:00,3894.445,3901.752,3817.533,3831.054,108460670.0
2022.07.19,00:00,3871.534,3939.497,3865.145,3932.942,78638090.0
2022.07.20,00:00,3935.131,3973.754,3921.233,3960.151,117219160.0
2022.07.21,00:00,3951.599,3999.399,3927.136,3999.036,134087400.0
2022.07.22,00:00,4000.231,4012.843,3938.333,3962.351,141928470.0
2022.07.25,00:00,3968.048,3975.997,3943.142,3966.633,119812530.0
2022.07.26,00:00,3950.031,3951.997,3910.242,3918.943,89329670.0
2022.07.27,00:00,3955.899,4040.154,3951.436,4021.649,116104060.0
2022.07.28,00:00,4029.043,4078.952,3991.445,4071.442,109466170.0
2022.07.29,00:00,4086.542,4140.999,4078.145,4131.631,95204980.0
2022.08.01,00:00,4102.352,4145.299,4094.631,4117.736,128503310.0
2022.08.02,00:00,4101.634,4140.597,4078.754,4091.851,145357980.0
2022.08.03,00:00,4113.754,4167.952,4110.536,4154.942,98721480.0
2022.08.04,00:00,4153.045,4160.699,4134.645,4151.448,114546560.0
2022.08.05,00:00,4105.851,4151.154,4105.442,4145.036,118948480.0
2022.08.08,00:00,4162.897,4186.799,4128.142,4139.954,107552520.0
2022.08.09,00:00,4131.836,4136.799,4111.239,4123.233,90462550.0
2022.08.10,00:00,4197.136,4211.099,4176.754,4208.736,79336860.0
2022.08.11,00:00,4237.945,4257.554,4200.451,4209.145,95953180.0
2022.08.12,00:00,4228.342,4279.654,4218.136,4278.499,69627810.0
2022.08.15,00:00,4255.442,4300.848,4254.833,4296.334,60062460.0
2022.08.16,00:00,4284.442,4325.699,4275.851,4305.151,75538120.0
2022.08.17,00:00,4266.543,4302.554,4252.533,4274.042,107167840.0
2022.08.18,00:00,4274.254,4292.199,4260.831,4284.854,78905940.0
2022.08.19,00:00,4255.531,4258.345,4218.154,4227.645,71148260.0
2022.08.22,00:00,4175.536,4177.539,4129.048,4139.736,74702360.0
2022.08.23,00:00,4134.148,4159.099,4123.242,4129.299,103872880.0
2022.08.24,00:00,4126.936,4156.548,4119.536,4141.542,73711380.0
2022.08.25,00:00,4157.148,4201.199,4145.733,4200.842,73629540.0
2022.08.26,00:00,4199.452,4204.736,4057.642,4058.136,138495010.0
2022.08.29,00:00,4026.646,4063.154,4016.342,4031.399,124387880.0
2022.08.30,00:00,4042.743,4045.039,3964.233,3986.054,145475120.0
2022.08.31,00:00,4002.854,4015.637,3954.248,3954.248,151410980.0
2022.09.01,00:00,3930.74,3970.351,3902.154,3966.854,142662020.0
2022.09.02,00:00,4005.44,4018.554,3905.542,3925.048,164340130.0
2022.09.06,00:00,3933.251,3943.699,3885.848,3911.151,180204800.0
2022.09.07,00:00,3906.046,3988.197,3904.151,3980.499,124593750.0
2022.09.08,00:00,3953.945,4010.799,3941.748,4006.033,160915730.0
2022.09.09,00:00,4029.134,4076.799,4026.439,4066.936,92157500.0
2022.09.12,00:00,4089.145,4119.299,4085.745,4111.931,108848400.0
2022.09.13,00:00,4018.734,4031.843,3919.936,3932.239,129882390.0
2022.09.14,00:00,3944.242,3962.251,3910.236,3945.036,147926180.0
2022.09.15,00:00,3927.849,3958.252,3887.345,3901.137,142875070.0
2022.09.16,00:00,3856.246,3877.643,3835.846,3871.336,148235300.0
2022.09.19,00:00,3836.643,3901.942,3836.139,3901.751,137956600.0
2022.09.20,00:00,3866.345,3876.454,3826.748,3856.933,126971100.0
2022.09.21,00:00,3876.452,3907.746,3788.339,3788.339,174869330.0
2022.09.22,00:00,3779.354,3790.451,3748.733,3756.799,163359850.0
2022.09.23,00:00,3720.036,3720.099,3646.236,3693.754,162405200.0
2022.09.26,00:00,3678.34,3715.999,3643.454,3657.499,189423540.0
2022.09.27,00:00,3693.942,3717.599,3621.742,3647.248,205704970.0
2022.09.28,00:00,3654.836,3737.097,3638.545,3717.842,158186920.0
2022.09.29,00:00,3679.746,3682.899,3609.251,3642.099,206167460.0
2022.09.30,00:00,3632.63,3671.735,3584.07,3585.145,48103740.0
2022.10.03,00:00,3623.8,3698.52,3605.429,3679.622,27962160.0
2022.10.04,00:00,3736.053,3792.463,3735.775,3792.463,26804870.0
2022.10.05,00:00,3746.088,3807.011,3722.225,3783.898,29669420.0
2022.10.06,00:00,3766.825,3798.046,3738.245,3743.11,35919410.0
2022.10.07,00:00,3700.961,3704.173,3620.41,3638.745,33760700.0
2022.10.10,00:00,3651.2,3653.686,3588.1,3611.672,34765550.0
2022.10.11,00:00,3592.596,3640.895,3567.682,3588.276,44795350.0
2022.10.12,00:00,3593.392,3608.699,3573.918,3576.181,40678400.0
2022.10.13,00:00,3500.715,3685.001,3489.693,3670.082,48396270.0
2022.10.14,00:00,3695.636,3711.966,3580.18,3587.335,49255630.0
2022.10.17,00:00,3651.746,3690.336,3651.12,3678.519,26099830.0
2022.10.19,00:00,3700.002,3729.036,3665.94,3696.436,34987520.0
2022.10.20,00:00,3688.865,3736.6,3656.05,3664.346,33889400.0
2022.10.21,00:00,3661.638,3757.939,3645.718,3752.87,47996260.0
2022.10.24,00:00,3768.36,3810.881,3740.881,3798.871,37074950.0
2022.10.25,00:00,3798.379,3862.948,3797.753,3858.799,21366280.0
2022.10.26,00:00,3826.638,3886.176,3823.785,3830.46,29525930.0
2022.10.27,00:00,3840.392,3860.222,3803.673,3809.693,33758170.0
2022.10.28,00:00,3808.045,3905.408,3806.178,3900.726,23278630.0
2022.10.31,00:00,3873.026,3893.222,3861.722,3872.281,26516100.0
2022.11.01,00:00,3911.248,3913.796,3842.58,3855.496,31272740.0
2022.11.02,00:00,3849.416,3895.942,3758.101,3758.101,39839360.0
2022.11.03,00:00,3722.286,3749.625,3696.26,3718.366,31886770.0
2022.11.04,00:00,3777.878,3797.128,3707.625,3772.296,39293000.0
2022.11.07,00:00,3785.116,3813.598,3763.119,3808.346,23530910.0
2022.11.08,00:00,3819.063,3859.432,3785.75,3828.362,21129420.0
2022.11.09,00:00,3805.39,3818.381,3743.699,3748.581,33640120.0
2022.11.10,00:00,3887.545,3957.89,3864.369,3954.026,34629640.0
2022.11.11,00:00,3964.146,4001.505,3944.103,3993.463,30458140.0
2022.11.14,00:00,3973.676,4008.845,3955.861,3959.322,24495330.0
2022.11.15,00:00,4018.766,4030.108,3952.28,3992.25,44763140.0
2022.11.16,00:00,3973.151,3984.245,3953.786,3961.211,26975900.0
2022.11.17,00:00,3908.51,3954.648,3905.993,3948.492,25158730.0
2022.11.18,00:00,3981.705,3982.126,3935.088,3966.143,26503560.0
2022.11.21,00:00,3952.043,3962.898,3932.14,3950.356,21403180.0
2022.11.22,00:00,3970.961,4005.118,3955.676,4003.436,15607960.0
2022.11.23,00:00,3999.232,4033.706,3998.016,4028.828,21520380.0
2022.11.28,00:00,3994.566,4012.081,3955.543,3963.676,14722400.0
2022.11.29,00:00,3964.266,3977.099,3936.989,3956.896,19881420.0
2022.11.30,00:00,3957.091,4077.745,3937.663,4077.489,30707890.0
2022.12.01,00:00,4090.231,4099.675,4049.943,4076.176,26638000.0
2022.12.02,00:00,4023.561,4080.806,4023.561,4070.93,23626930.0
2022.12.05,00:00,4042.453,4052.193,3983.929,3998.272,20314630.0
2022.12.06,00:00,3995.682,4001.811,3918.25,3940.24,23483620.0
2022.12.07,00:00,3930.711,3957.766,3921.42,3932.992,27930340.0
2022.12.08,00:00,3950.822,3974.441,3934.783,3963.31,21108490.0
2022.12.09,00:00,3950.043,3976.896,3932.66,3933.902,22015260.0
2022.12.12,00:00,3943.462,3990.349,3936.12,3990.349,19173020.0
2022.12.13,00:00,4104.646,4104.646,3991.629,4020.893,52133890.0
2022.12.14,00:00,4016.591,4053.928,3963.205,3994.473,48633750.0
2022.12.15,00:00,3941.703,3950.97,3878.529,3896.519,34081490.0
2022.12.16,00:00,3868.198,3882.428,3827.086,3849.202,31474750.0
2022.12.19,00:00,3852.088,3854.838,3798.886,3816.052,25020420.0
2022.12.20,00:00,3808.346,3838.366,3794.95,3821.625,32915540.0
2022.12.21,00:00,3849.276,3889.921,3842.868,3878.236,20495720.0
2022.12.22,00:00,3843.533,3847.526,3763.638,3823.545,30723510.0
2022.12.23,00:00,3813.08,3846.755,3795.49,3845.505,37151100.0
2022.12.27,00:00,3844.493,3847.255,3811.743,3829.865,25800300.0
2022.12.28,00:00,3829.459,3849.746,3779.926,3782.081,31149300.0
2022.12.29,00:00,3809.216,3858.305,3803.77,3849.089,21010460.0
2022.12.30,00:00,3820.449,3839.381,3797.826,3838.881,27053390.0
2023.01.03,00:00,3857.251,3878.625,3792.915,3822.979,38188210.0
2023.01.04,00:00,3846.921,3873.492,3814.321,3851.53,44865260.0
2023.01.05,00:00,3829.936,3831.691,3801.95,3807.813,37444690.0
2023.01.06,00:00,3841.403,3906.079,3808.526,3894.14,33118300.0
2023.01.09,00:00,3918.376,3950.589,3890.126,3891.869,29230650.0
2023.01.10,00:00,3885.586,3920.116,3876.389,3919.822,31930200.0
2023.01.11,00:00,3936.55,3969.181,3927.966,3968.432,18343800.0
2023.01.12,00:00,3978.806,3997.752,3936.67,3982.501,38722120.0
2023.01.13,00:00,3948.952,4003.929,3946.68,3997.953,22573080.0
2023.01.17,00:00,3998.375,4015.619,3983.82,3991.142,20015250.0
2023.01.18,00:00,4004.542,4014.688,3926.23,3928.766,26587820.0
2023.01.19,00:00,3905.379,3922.985,3885.033,3899.23,27802730.0
2023.01.20,00:00,3912.892,3972.858,3895.413,3970.795,20575280.0
2023.01.23,00:00,3979.61,4039.628,3969.369,4018.619,21673250.0
2023.01.24,00:00,4001.239,4024.086,3988.631,4014.216,24472550.0
2023.01.25,00:00,3971.396,4019.676,3948.239,4016.728,25890790.0
2023.01.26,00:00,4043.036,4061.622,4012.939,4059.389,28425760.0
2023.01.27,00:00,4049.246,4094.053,4046.712,4069.823,22498960.0
2023.01.30,00:00,4039.145,4063.076,4015.236,4018.642,24896860.0
2023.01.31,00:00,4022.466,4076.866,4019.696,4076.258,20126040.0
2023.02.01,00:00,4064.221,4149.095,4035.926,4119.75,35157300.0
2023.02.02,00:00,4159.228,4195.332,4139.466,4179.793,30864120.0
2023.02.03,00:00,4127.698,4182.346,4123.079,4135.273,37451560.0
2023.02.06,00:00,4109.025,4124.281,4092.272,4110.991,24042960.0
2023.02.07,00:00,4099.816,4176.581,4087.23,4163.88,40297960.0
2023.02.08,00:00,4142.561,4157.416,4111.021,4118.376,28302480.0
2023.02.09,00:00,4154.263,4155.518,4069.13,4082.221,30592470.0
2023.02.10,00:00,4068.749,4094.019,4060.306,4090.013,27888670.0
2023.02.13,00:00,4097.272,4138.929,4091.522,4137.72,16572440.0
2023.02.14,00:00,4121.162,4159.681,4094.113,4136.422,36706260.0
2023.02.15,00:00,4111.692,4148.071,4102.856,4148.071,22475250.0
2023.02.16,00:00,4093.078,4136.568,4088.262,4090.786,26686330.0
2023.02.17,00:00,4066.635,4081.823,4047.233,4079.199,24777960.0
2023.02.21,00:00,4035.97,4046.979,3994.617,3998.286,22623870.0
2023.02.22,00:00,4001.173,4017.407,3976.447,3992.673,32652300.0
2023.02.23,00:00,4020.719,4027.737,3968.713,4012.379,25183470.0
2023.02.24,00:00,3958.592,3978.146,3942.347,3969.676,26920570.0
2023.02.27,00:00,4004.302,4018.727,3973.014,3982.234,19912090.0
2023.02.28,00:00,3976.741,3997.617,3966.751,3966.751,20353790.0
2023.03.01,00:00,3958.066,3971.587,3938.407,3952.474,23969610.0
2023.03.02,00:00,3929.411,3990.967,3926.206,3981.869,21679090.0
2023.03.03,00:00,4000.996,4048.362,3994.233,4045.426,17232300.0
2023.03.06,00:00,4053.727,4078.322,4044.139,4048.332,16818380.0
2023.03.07,00:00,4047.442,4050.132,3979.861,3986.777,29729320.0
2023.03.08,00:00,3987.657,4000.609,3969.057,3992.764,28290000.0
2023.03.09,00:00,3999.242,4017.15,3907.646,3917.696,28965730.0
2023.03.10,00:00,3912.136,3933.952,3845.704,3861.64,59374060.0
2023.03.13,00:00,3821.144,3905.799,3810.147,3856.697,83013280.0
2023.03.14,00:00,3907.199,3937.524,3872.47,3918.571,43047140.0
2023.03.15,00:00,3856.364,3895.177,3836.123,3894.861,64410950.0
2023.03.16,00:00,3868.353,3964.257,3862.091,3960.574,46087350.0
2023.03.17,00:00,3948.111,3958.873,3900.834,3916.646,45922140.0
2023.03.20,00:00,3922.626,3956.442,3915.37,3951.432,39935970.0
2023.03.21,00:00,3987.379,4009.739,3970.864,4005.01,22925140.0
2023.03.22,00:00,4002.114,4040.137,3935.456,3936.452,42114690.0
2023.03.23,00:00,3963.373,4006.027,3917.287,3944.887,42967290.0
2023.03.24,00:00,3931.361,3972.937,3905.632,3971.881,43563060.0
2023.03.27,00:00,3995.042,4003.864,3970.114,3979.026,24483550.0
2023.03.28,00:00,3971.189,3979.239,3951.201,3970.783,19949020.0
2023.03.29,00:00,4013.317,4030.672,4001.794,4028.007,14447820.0
2023.03.30,00:00,4053.519,4057.627,4031.726,4050.882,14850900.0
2023.03.31,00:00,4061.009,4110.657,4059.507,4107.25,12076200.0
2023.04.03,00:00,4102.026,4128.147,4098.323,4123.314,14743800.0
2023.04.04,00:00,4129.833,4133.489,4086.361,4100.82,20005200.0
2023.04.05,00:00,4091.803,4099.564,4071.544,4089.739,16245000.0
2023.04.06,00:00,4079.997,4107.056,4069.169,4104.38,12653300.0
2023.04.10,00:00,4077.499,4109.569,4070.861,4109.314,11178500.0
2023.04.11,00:00,4114.327,4124.003,4101.822,4109.616,10138070.0
2023.04.12,00:00,4131.227,4133.831,4086.93,4093.509,20788010.0
2023.04.13,00:00,4103.503,4150.066,4097.794,4146.597,11982650.0
2023.04.14,00:00,4139.286,4162.487,4112.43,4137.12,17827790.0
2023.04.17,00:00,4135.117,4151.681,4122.811,4151.572,13401150.0
2023.04.18,00:00,4168.159,4169.276,4139.617,4154.073,11735160.0
2023.04.19,00:00,4133.617,4162.824,4133.371,4154.16,9601860.0
2023.04.20,00:00,4122.307,4148.336,4114.257,4130.306,12135180.0
2023.04.21,00:00,4132.721,4138.189,4113.146,4133.479,15473450.0
2023.04.24,00:00,4130.479,4141.732,4116.473,4138.084,10732730.0
2023.04.25,00:00,4116.451,4122.747,4071.562,4072.281,14026470.0
2023.04.26,00:00,4079.174,4089.502,4048.879,4054.572,14445050.0
2023.04.27,00:00,4079.757,4138.023,4077.077,4134.739,6052730.0
2023.04.28,00:00,4124.782,4170.272,4124.782,4170.272,9703580.0
2023.05.01,00:00,4165.067,4187.116,4163.617,4166.21,9756450.0
2023.05.02,00:00,4158.929,4158.929,4088.797,4119.75,13709760.0
2023.05.03,00:00,4124.577,4148.849,4088.727,4090.386,22296430.0
2023.05.04,00:00,4078.567,4081.77,4047.982,4061.734,24412960.0
2023.05.05,00:00,4098.699,4147.077,4095.581,4136.379,11774150.0
2023.05.08,00:00,4139.126,4142.263,4122.783,4137.996,10924230.0
2023.05.09,00:00,4120.53,4130.359,4116.314,4119.399,9816300.0
2023.05.10,00:00,4147.789,4154.547,4098.434,4137.501,18730710.0
2023.05.11,00:00,4126.9,4132.749,4107.501,4130.591,15698420.0
2023.05.12,00:00,4141.77,4143.92,4098.61,4124.561,17263010.0
2023.05.15,00:00,4129.573,4141.811,4109.57,4137.759,10827410.0
2023.05.16,00:00,4125.107,4135.014,4109.781,4109.793,13239660.0
2023.05.17,00:00,4129.951,4164.781,4112.68,4158.807,11848240.0
2023.05.18,00:00,4153.366,4202.077,4150.372,4197.993,15342730.0
2023.05.19,00:00,4206.272,4212.759,4179.42,4191.376,18521460.0
2023.05.22,00:00,4191.502,4208.677,4178.177,4192.909,13875070.0
2023.05.23,00:00,4175.731,4185.844,4141.763,4145.567,15587570.0
2023.05.24,00:00,4128.44,4132.666,4103.394,4115.612,17143910.0
2023.05.25,00:00,4149.697,4166.126,4127.933,4151.251,19887800.0
2023.05.26,00:00,4158.167,4212.694,4156.851,4204.964,14740860.0
2023.05.30,00:00,4224.717,4229.732,4191.893,4206.151,18757070.0
2023.05.31,00:00,4186.184,4195.657,4165.741,4181.863,18069930.0
2023.06.01,00:00,4181.944,4232.217,4170.487,4221.349,14855770.0
2023.06.05,00:00,4285.987,4298.986,4266.401,4274.004,8114140.0
2023.06.06,00:00,4268.547,4288.12,4262.326,4282.676,4913100.0
2023.06.07,00:00,4287.161,4299.033,4263.571,4268.366,6491110.0
2023.06.08,00:00,4266.567,4298.177,4259.824,4293.234,4205330.0
2023.06.09,00:00,4301.201,4322.261,4291.1,4301.314,3851530.0
2023.06.12,00:00,4310.07,4340.79,4303.934,4340.536,5026850.0
2023.06.13,00:00,4354.891,4375.421,4348.71,4368.814,12042590.0
2023.06.14,00:00,4371.011,4391.497,4336.391,4372.747,16062480.0
2023.06.15,00:00,4361.117,4439.376,4359.629,4426.89,12146230.0
2023.06.16,00:00,4445.253,4446.73,4406.37,4411.493,14603320.0
2023.06.20,00:00,4389.611,4400.199,4367.197,4389.186,11669820.0
2023.06.21,00:00,4377.683,4386.15,4359.676,4365.522,12762850.0
2023.06.22,00:00,4354.183,4382.069,4350.376,4381.823,11597540.0
2023.06.23,00:00,4345.04,4366.389,4340.714,4348.506,11029140.0
2023.06.26,00:00,4341.876,4362.129,4328.064,4330.324,13046620.0
2023.06.27,00:00,4338.841,4384.046,4334.41,4377.559,10357480.0
2023.06.28,00:00,4366.127,4390.236,4359.617,4380.793,11881260.0
2023.06.29,00:00,4373.243,4398.44,4369.546,4397.566,11718370.0
2023.06.30,00:00,4429.204,4458.663,4426.234,4446.72,7780670.0
2023.07.05,00:00,4434.37,4453.957,4434.37,4446.187,7007480.0
2023.07.06,00:00,4407.389,4415.379,4384.686,4411.479,8698060.0
2023.07.07,00:00,4399.44,4440.183,4396.626,4399.373,9600350.0
2023.07.10,00:00,4396.126,4412.677,4389.601,4410.399,9807700.0
2023.07.11,00:00,4418.362,4443.536,4408.001,4438.329,8619620.0
2023.07.12,00:00,4477.549,4488.456,4462.721,4474.06,10485070.0
2023.07.13,00:00,4491.95,4517.373,4487.361,4508.777,5902660.0
2023.07.14,00:00,4517.864,4527.562,4498.649,4507.009,10949820.0
2023.07.17,00:00,4504.731,4533.037,4504.611,4522.039,7658520.0
2023.07.18,00:00,4518.519,4562.306,4513.867,4555.691,8262480.0
2023.07.19,00:00,4563.771,4578.372,4557.473,4564.332,10771200.0
2023.07.20,00:00,4553.081,4563.411,4527.304,4535.219,47798540.0
2023.07.21,00:00,4551.651,4554.967,4534.911,4534.911,73216250.0
2023.07.24,00:00,4548.02,4563.507,4540.911,4554.973,58185000.0
2023.07.25,00:00,4551.283,4580.547,4551.024,4567.417,41938200.0
2023.07.26,00:00,4558.246,4582.894,4546.819,4568.554,87826000.0
2023.07.27,00:00,4602.254,4605.98,4528.163,4537.262,90987750.0
2023.07.28,00:00,4570.473,4590.092,4563.194,4581.12,64518150.0
2023.07.31,00:00,4585.927,4593.879,4572.887,4590.614,53780350.0
2023.08.01,00:00,4574.972,4584.506,4567.143,4576.797,57443400.0
2023.08.02,00:00,4544.577,4546.993,4504.994,4513.27,74629380.0
2023.08.03,00:00,4490.799,4519.442,4485.194,4500.107,81379650.0
2023.08.04,00:00,4518.306,4540.317,4474.272,4479.427,98772560.0
2023.08.07,00:00,4499.376,4519.857,4491.367,4518.576,69274800.0
2023.08.08,00:00,4491.277,4503.09,4463.98,4498.623,75721400.0
2023.08.09,00:00,4500.534,4502.533,4460.489,4468.201,79509600.0
2023.08.10,00:00,4490.882,4526.367,4457.287,4469.497,154979110.0
2023.08.11,00:00,4448.367,4476.882,4442.617,4465.729,103735350.0
2023.08.14,00:00,4457.12,4490.734,4453.364,4490.734,81540450.0
2023.08.15,00:00,4471.12,4474.114,4432.217,4438.237,92822400.0
2023.08.16,00:00,4432.424,4449.676,4402.986,4404.232,110880010.0
2023.08.17,00:00,4417.657,4419.894,4364.321,4369.084,92842760.0
2023.08.18,00:00,4339.624,4382.093,4336.273,4371.079,112501800.0
2023.08.21,00:00,4381.914,4407.744,4359.807,4400.091,87456600.0
2023.08.22,00:00,4418.06,4418.06,4382.601,4387.282,92074540.0
2023.08.23,00:00,4398.502,4443.21,4397.481,4436.267,72250550.0
2023.08.24,00:00,4452.126,4457.957,4374.42,4374.911,113075180.0
2023.08.25,00:00,4392.141,4418.754,4355.737,4405.661,169734150.0
2023.08.28,00:00,4429.417,4440.271,4414.401,4432.507,92284200.0
2023.08.29,00:00,4431.851,4500.307,4429.481,4497.366,76334850.0
2023.08.30,00:00,4500.283,4521.947,4492.721,4515.274,77839200.0
2023.08.31,00:00,4518.581,4532.473,4505.552,4506.977,73643650.0
2023.09.01,00:00,4535.792,4540.394,4501.023,4515.736,89865450.0
2023.09.05,00:00,4512.364,4514.349,4495.414,4496.426,64446300.0
2023.09.06,00:00,4487.967,4488.542,4441.451,4465.457,80439370.0
2023.09.07,00:00,4432.033,4458.044,4429.28,4451.194,75676050.0
2023.09.08,00:00,4450.962,4473.497,4447.923,4457.596,69299550.0
2023.09.11,00:00,4486.12,4490.927,4467.191,4487.59,72325100.0
2023.09.12,00:00,4471.087,4487.42,4456.334,4462.287,72824700.0
2023.09.13,00:00,4464.522,4479.457,4452.74,4467.67,86691050.0
2023.09.14,00:00,4491.097,4511.472,4477.623,4505.166,72966600.0
2023.09.15,00:00,4486.741,4490.194,4446.494,4449.999,88245880.0
2023.09.18,00:00,4447.626,4466.032,4442.373,4453.062,67266900.0
2023.09.19,00:00,4443.66,4449.793,4416.141,4444.457,67734450.0
2023.09.20,00:00,4456.537,4460.663,4400.583,4402.569,106013650.0
2023.09.21,00:00,4371.646,4373.907,4328.45,4330.161,90108530.0
2023.09.22,00:00,4340.069,4357.313,4315.977,4319.92,82315810.0
2023.09.25,00:00,4307.629,4338.817,4303.373,4338.339,90489500.0
2023.09.26,00:00,4305.97,4312.967,4265.501,4273.872,80497740.0
2023.09.27,00:00,4286.3,4291.787,4238.274,4275.79,104451380.0
2023.09.28,00:00,4268.324,4317.594,4263.079,4300.4,113789250.0
2023.09.29,00:00,4332.127,4333.617,4274.111,4288.876,130676370.0
2023.10.02,00:00,4281.617,4301.097,4259.344,4288.449,153471530.0
2023.10.03,00:00,4265.432,4280.642,4215.76,4231.347,141694310.0
2023.10.04,00:00,4234.449,4268.707,4219.857,4261.077,132898500.0
2023.10.05,00:00,4256.643,4267.424,4225.551,4258.13,114674850.0
2023.10.06,00:00,4233.719,4324.376,4219.151,4308.62,134956350.0
2023.10.09,00:00,4288.623,4341.841,4283.301,4336.307,92604600.0
2023.10.10,00:00,4342.3,4385.58,4338.319,4357.957,87907350.0
2023.10.11,00:00,4369.15,4378.419,4344.839,4375.712,78985800.0
2023.10.12,00:00,4381.764,4385.777,4324.921,4349.83,104541470.0
2023.10.13,00:00,4364.676,4377.177,4311.426,4328.717,133488000.0
2023.10.16,00:00,4351.02,4383.542,4349.032,4372.761,81541800.0
2023.10.17,00:00,4340.527,4393.527,4336.903,4372.842,102862350.0
2023.10.18,00:00,4354.922,4364.364,4303.509,4313.871,168757200.0
2023.10.19,00:00,4320.407,4340.031,4269.404,4277.087,286114050.0
2023.10.20,00:00,4271.262,4277.03,4222.427,4222.427,178059600.0
2023.10.23,00:00,4206.799,4255.876,4188.911,4216.303,167186260.0
2023.10.24,00:00,4237.519,4259.489,4218.661,4247.18,159583950.0
2023.10.25,00:00,4230.523,4230.523,4181.191,4187.742,211609560.0
2023.10.26,00:00,4175.207,4183.352,4127.377,4137.567,243958950.0
2023.10.27,00:00,4152.821,4156.427,4103.227,4118.429,242625600.0
2023.10.30,00:00,4147.323,4177.156,4132.297,4166.337,154897950.0
2023.10.31,00:00,4172.334,4195.237,4152.274,4192.237,162707850.0
2023.11.01,00:00,4201.879,4245.417,4196.407,4237.37,200466470.0
2023.11.02,00:00,4275.652,4319.757,4275.652,4318.226,99455850.0
2023.11.03,00:00,4341.961,4373.4,4340.856,4357.417,124145550.0
2023.11.06,00:00,4365.234,4372.177,4346.896,4366.924,92349000.0
2023.11.07,00:00,4366.917,4386.007,4355.431,4379.111,104181750.0
2023.11.08,00:00,4384.891,4390.737,4358.931,4382.814,110518650.0
2023.11.09,00:00,4393.631,4393.643,4342.992,4348.027,147783150.0
2023.11.10,00:00,4368.56,4417.782,4352.76,4415.279,101664800.0
2023.11.13,00:00,4400.317,4422.027,4392.314,4410.649,83802550.0
2023.11.14,00:00,4471.294,4508.787,4468.801,4495.301,100154700.0
2023.11.15,00:00,4508.05,4521.127,4494.783,4504.249,110216250.0
2023.11.16,00:00,4497.382,4510.629,4487.316,4508.517,93546450.0
2023.11.17,00:00,4508.17,4519.957,4499.19,4513.547,91013850.0
2023.11.20,00:00,4510.677,4557.147,4510.617,4548.424,58614300.0
2023.11.21,00:00,4536.809,4542.232,4525.497,4538.87,72828750.0
2023.11.22,00:00,4555.364,4569.12,4543.87,4555.894,90636750.0
2023.11.27,00:00,4551.761,4560.407,4545.764,4550.367,46017970.0
2023.11.28,00:00,4545.979,4567.967,4540.263,4554.099,57465000.0
2023.11.29,00:00,4575.887,4587.74,4546.774,4550.929,57263200.0
2023.11.30,00:00,4557.117,4570.552,4536.42,4565.569,77146100.0
2023.12.01,00:00,4560.133,4599.281,4554.393,4593.02,92632900.0
2023.12.04,00:00,4558.379,4572.227,4546.481,4569.196,64450250.0
2023.12.05,00:00,4554.499,4578.567,4551.231,4569.194,89937050.0
2023.12.06,00:00,4590.932,4590.932,4545.933,4550.076,73035220.0
2023.12.07,00:00,4570.132,4589.882,4563.87,4582.632,69429100.0
2023.12.08,00:00,4576.592,4609.173,4573.831,4603.182,80806900.0
2023.12.11,00:00,4598.279,4623.523,4596.026,4621.533,57983850.0
2023.12.12,00:00,4618.222,4643.694,4607.417,4643.694,49230000.0
2023.12.13,00:00,4646.729,4709.969,4642.582,4707.637,81665550.0
2023.12.14,00:00,4725.917,4738.227,4693.161,4721.864,90328990.0
2023.12.15,00:00,4715.83,4725.617,4704.12,4713.382,80378100.0
2023.12.18,00:00,4729.182,4749.851,4727.161,4740.312,43914800.0
2023.12.19,00:00,4745.396,4768.967,4744.533,4767.942,37478500.0
2023.12.20,00:00,4758.623,4777.892,4696.934,4696.934,71324910.0
2023.12.21,00:00,4730.873,4748.957,4707.249,4745.939,100669500.0
2023.12.22,00:00,4758.417,4772.937,4735.811,4756.57,71198450.0
2023.12.26,00:00,4759.702,4784.437,4759.073,4775.019,33791400.0
2023.12.27,00:00,4773.361,4785.72,4767.646,4785.107,48712360.0
2023.12.28,00:00,4785.414,4793.467,4781.529,4786.589,41796000.0
2023.12.29,00:00,4782.65,4788.506,4750.997,4772.629,58293000.0
2024.01.02,00:00,4737.993,4754.172,4722.734,4745.204,80915650.0
2024.01.03,00:00,4722.081,4729.107,4699.36,4705.227,104377500.0
2024.01.04,00:00,4699.12,4726.587,4687.529,4690.826,77945400.0
2024.01.05,00:00,4690.302,4721.516,4681.479,4696.376,106017170.0
2024.01.08,00:00,4700.379,4764.807,4699.111,4762.964,57541250.0
2024.01.09,00:00,4734.822,4765.692,4730.277,4754.937,74633650.0
2024.01.10,00:00,4757.676,4791.176,4755.477,4782.387,67521100.0
2024.01.11,00:00,4791.429,4797.629,4738.62,4779.951,118021950.0
2024.01.12,00:00,4794.246,4801.987,4768.553,4782.47,95226050.0
2024.01.16,00:00,4768.602,4782.196,4746.671,4765.473,103157800.0
2024.01.17,00:00,4733.001,4743.637,4714.284,4738.987,82650910.0
2024.01.18,00:00,4755.129,4785.976,4740.894,4780.04,93671550.0
2024.01.19,00:00,4790.804,4842.812,4784.867,4840.114,84721450.0
2024.01.23,00:00,4855.174,4866.342,4844.321,4864.407,51150660.0
2024.01.24,00:00,4893.57,4903.361,4865.74,4869.86,78721660.0
2024.01.25,00:00,4890.996,4898.567,4869.039,4895.521,88623900.0
2024.01.26,00:00,4890.936,4906.783,4880.881,4890.373,74543870.0
2024.01.29,00:00,4891.87,4929.492,4886.697,4928.486,48401550.0
2024.01.30,00:00,4920.177,4931.162,4915.912,4923.943,55833750.0
2024.01.31,00:00,4900.937,4905.467,4843.942,4843.942,140925770.0
2024.02.01,00:00,4860.317,4906.947,4852.693,4906.947,87172650.0
2024.02.02,00:00,4910.306,4975.186,4906.833,4957.297,112339800.0
2024.02.05,00:00,4951.114,4955.852,4917.111,4939.262,81434150.0
2024.02.06,00:00,4949.587,4957.732,4934.473,4954.514,85340700.0
2024.02.07,00:00,4977.364,4999.779,4968.312,4995.453,70411050.0
2024.02.08,00:00,4993.816,5000.999,4986.582,4998.259,50449500.0
2024.02.09,00:00,5001.444,5030.13,4997.777,5025.594,45590400.0
2024.02.12,00:00,5025.129,5048.436,5015.977,5023.942,52743150.0
2024.02.13,00:00,4955.243,4971.289,4920.01,4954.254,97316110.0
2024.02.14,00:00,4979.307,5002.98,4956.026,4998.509,88483090.0
2024.02.15,00:00,5003.873,5032.827,4998.937,5030.871,73573550.0
2024.02.16,00:00,5026.826,5038.623,4997.641,5005.126,93629260.0
2024.02.20,00:00,4987.37,4993.87,4954.483,4977.577,104169600.0
2024.02.21,00:00,4963.081,4983.162,4944.964,4981.693,93790200.0
2024.02.22,00:00,5049.713,5094.569,5040.087,5084.586,78147900.0
2024.02.23,00:00,5102.384,5110.887,5080.697,5088.277,86785100.0
2024.02.26,00:00,5092.216,5096.647,5067.947,5069.434,62272250.0
2024.02.27,00:00,5075.636,5080.977,5056.787,5078.154,60768650.0
2024.02.28,00:00,5061.599,5077.139,5058.213,5071.023,56659310.0
2024.02.29,00:00,5089.461,5104.882,5061.317,5087.23,71655300.0
2024.03.01,00:00,5096.797,5140.56,5093.016,5136.214,65934350.0
2024.03.04,00:00,5127.749,5149.577,5127.611,5129.857,46007000.0
2024.03.05,00:00,5109.543,5114.412,5056.164,5078.581,87990600.0
2024.03.06,00:00,5112.946,5127.682,5091.551,5104.807,124993200.0
2024.03.07,00:00,5138.531,5165.532,5128.537,5155.093,74552150.0
2024.03.08,00:00,5160.601,5188.987,5117.346,5123.527,170252410.0
2024.03.11,00:00,5110.499,5124.707,5090.981,5118.646,146382300.0
2024.03.12,00:00,5140.929,5180.132,5114.857,5174.691,113617350.0
2024.03.13,00:00,5176.587,5178.753,5150.769,5165.812,81246600.0
2024.03.14,00:00,5173.414,5174.977,5123.03,5154.283,129013100.0
2024.03.15,00:00,5120.331,5137.076,5104.471,5118.023,114931810.0
2024.03.18,00:00,5162.182,5175.676,5145.823,5150.197,74602350.0
2024.03.19,00:00,5141.316,5180.537,5131.3,5177.983,79767250.0
2024.03.20,00:00,5176.927,5226.693,5170.796,5225.154,117914800.0
2024.03.21,00:00,5253.776,5261.494,5238.88,5240.86,74077510.0
2024.03.22,00:00,5240.379,5245.827,5229.297,5232.882,52575550.0
2024.03.25,00:00,5217.12,5229.143,5215.177,5217.794,46336950.0
2024.03.26,00:00,5230.861,5234.623,5204.202,5207.543,45921350.0
2024.03.27,00:00,5236.37,5251.689,5213.926,5251.442,60267650.0
2024.03.28,00:00,5251.737,5263.12,5245.746,5247.876,46263150.0
2024.04.01,00:00,5255.564,5261.082,5227.62,5239.373,51012910.0
2024.04.02,00:00,5201.261,5208.679,5183.48,5207.93,57018220.0
2024.04.03,00:00,5195.677,5228.243,5195.177,5212.917,79053870.0
2024.04.04,00:00,5254.687,5257.129,5147.069,5150.399,112589120.0
2024.04.05,00:00,5161.89,5222.957,5157.279,5201.87,160488000.0
2024.04.08,00:00,5208.273,5219.827,5196.532,5205.104,93234410.0
2024.04.09,00:00,5222.536,5224.327,5160.374,5210.127,108593750.0
2024.04.10,00:00,5150.38,5178.827,5138.37,5157.962,201740400.0
2024.04.11,00:00,5172.89,5212.077,5136.514,5198.057,140039810.0
2024.04.12,00:00,5158.623,5173.177,5107.144,5124.364,162444310.0
2024.04.15,00:00,5168.123,5169.882,5051.734,5060.776,198141600.0
2024.04.16,00:00,5064.864,5080.741,5038.247,5050.723,228202200.0
2024.04.17,00:00,5076.117,5077.427,5006.694,5020.081,196926930.0
2024.04.18,00:00,5034.867,5056.889,5000.966,5009.76,175200610.0
2024.04.19,00:00,5008.937,5019.192,4953.513,4965.873,263814000.0
2024.04.22,00:00,4992.426,5038.799,4969.06,5011.903,149650500.0
2024.04.23,00:00,5032.862,5076.402,5027.157,5071.97,132700000.0
2024.04.24,00:00,5080.973,5089.307,5046.48,5069.62,118292400.0
2024.04.25,00:00,5005.629,5057.706,4988.411,5050.069,170757600.0
2024.04.26,00:00,5078.58,5114.417,5072.157,5097.861,87594300.0
2024.04.29,00:00,5115.882,5122.379,5087.63,5116.119,94180200.0
2024.04.30,00:00,5100.074,5110.737,5035.471,5035.473,114776400.0
2024.05.01,00:00,5028.713,5094.817,5012.869,5017.066,209220900.0
2024.05.02,00:00,5054.927,5073.534,5009.844,5065.11,162446810.0
2024.05.03,00:00,5126.731,5138.761,5100.499,5127.464,112359150.0
2024.05.06,00:00,5152.373,5180.192,5147.867,5180.053,46774600.0
2024.05.07,00:00,5190.547,5200.111,5178.954,5185.756,60151950.0
2024.05.08,00:00,5167.276,5192.031,5166.033,5186.482,53503050.0
2024.05.09,00:00,5186.68,5215.462,5179.683,5214.879,63352650.0
2024.05.10,00:00,5230.234,5239.659,5208.67,5220.781,58980000.0
2024.05.13,00:00,5238.743,5239.111,5210.114,5221.631,48888610.0
2024.05.14,00:00,5223.319,5250.047,5217.663,5244.597,59857200.0
2024.05.15,00:00,5269.279,5312.479,5263.341,5309.127,61371400.0
2024.05.16,00:00,5309.114,5325.712,5295.604,5296.847,57107250.0
2024.05.17,00:00,5298.254,5305.629,5283.044,5304.867,52840750.0
2024.05.20,00:00,5305.002,5325.34,5301.213,5309.95,45616950.0
2024.05.21,00:00,5301.843,5324.337,5300.353,5322.834,36482850.0
2024.05.22,00:00,5315.632,5323.197,5285.386,5307.619,68254910.0
2024.05.23,00:00,5338.761,5339.779,5256.461,5268.533,126472360.0
2024.05.24,00:00,5287.747,5312.116,5277.857,5304.611,68718600.0
2024.05.28,00:00,5311.117,5313.927,5280.202,5308.2,83828500.0
2024.05.29,00:00,5265.284,5282.109,5262.494,5270.414,88712500.0
2024.05.30,00:00,5254.427,5260.113,5221.634,5233.931,99391000.0
2024.05.31,00:00,5242.234,5284.364,5191.093,5282.373,119794010.0
2024.06.03,00:00,5297.882,5298.927,5232.994,5285.627,137305610.0
2024.06.04,00:00,5273.132,5298.783,5256.807,5290.574,137077500.0
2024.06.05,00:00,5314.957,5354.449,5298.211,5354.199,91085480.0
2024.06.06,00:00,5357.101,5361.697,5334.284,5354.299,97337000.0
2024.06.07,00:00,5342.427,5375.522,5331.123,5346.526,146893500.0
2024.06.10,00:00,5337.014,5366.087,5331.032,5363.696,88735500.0
2024.06.11,00:00,5346.529,5376.417,5326.21,5375.119,95300500.0
2024.06.12,00:00,5422.15,5447.26,5409.167,5418.729,159162000.0
2024.06.13,00:00,5437.487,5439.359,5402.229,5429.647,114274000.0
2024.06.14,00:00,5415.011,5432.987,5403.906,5432.376,116480500.0
2024.06.17,00:00,5424.12,5488.867,5420.37,5475.177,109928000.0
2024.06.18,00:00,5476.017,5490.297,5471.63,5489.183,80591000.0
2024.06.20,00:00,5498.729,5504.973,5455.633,5474.457,137722500.0
2024.06.21,00:00,5465.679,5478.39,5451.034,5462.427,125166500.0
2024.06.24,00:00,5464.111,5490.557,5447.007,5448.123,124889010.0
2024.06.25,00:00,5461.273,5473.659,5446.152,5469.21,88165500.0
2024.06.26,00:00,5458.089,5483.437,5451.097,5476.477,105655000.0
2024.06.27,00:00,5474.384,5490.727,5467.354,5485.076,105060000.0
2024.06.28,00:00,5491.776,5523.897,5450.331,5462.493,148191500.0
2024.07.01,00:00,5476.249,5478.917,5445.154,5473.577,130559000.0
2024.07.02,00:00,5457.306,5510.652,5456.181,5510.652,101602000.0
2024.07.05,00:00,5537.379,5570.122,5531.343,5566.873,82908500.0
2024.07.08,00:00,5574.002,5582.382,5561.661,5572.332,64636500.0
2024.07.09,00:00,5582.087,5590.886,5574.466,5578.067,68587500.0
2024.07.10,00:00,5589.506,5635.694,5586.751,5631.507,52737000.0
2024.07.11,00:00,5633.274,5642.079,5576.53,5582.674,171181050.0
2024.07.12,00:00,5594.677,5655.616,5591.111,5618.304,109687500.0
2024.07.15,00:00,5638.611,5666.932,5614.591,5633.456,149404000.0
2024.07.16,00:00,5646.892,5669.822,5639.074,5666.714,140980000.0
2024.07.17,00:00,5604.834,5622.527,5583.821,5587.342,181689000.0
2024.07.18,00:00,5602.523,5614.297,5522.213,5545.933,238431540.0
2024.07.19,00:00,5540.89,5557.779,5496.344,5507.563,227398000.0
2024.07.22,00:00,5547.87,5570.207,5527.462,5563.46,173308000.0
2024.07.23,00:00,5562.727,5585.147,5550.417,5555.166,125454300.0
2024.07.24,00:00,5505.123,5508.862,5419.967,5428.803,132925760.0
2024.07.25,00:00,5430.277,5491.987,5390.794,5400.586,292701600.0
2024.07.26,00:00,5440.022,5488.557,5431.51,5460.626,261988000.0
2024.07.29,00:00,5476.177,5487.447,5443.87,5464.536,211337000.0
2024.07.30,00:00,5479.177,5490.114,5401.23,5435.407,235035530.0
2024.07.31,00:00,5506.232,5551.797,5492.669,5520.326,255688000.0
2024.08.01,00:00,5541.582,5565.107,5409.821,5445.181,343890090.0
2024.08.02,00:00,5371.437,5384.579,5299.564,5344.861,405029000.0
2024.08.05,00:00,5129.297,5250.689,5127.496,5190.636,518677050.0
2024.08.06,00:00,5208.08,5312.423,5193.589,5236.886,412523400.0
2024.08.07,00:00,5299.647,5331.037,5195.05,5202.191,403338000.0
2024.08.08,00:00,5253.247,5328.397,5233.187,5321.171,326564700.0
2024.08.09,00:00,5311.552,5359.362,5299.667,5343.259,284418000.0
2024.08.12,00:00,5355.532,5371.311,5322.146,5346.843,242078310.0
2024.08.13,00:00,5379.753,5436.313,5377.769,5433.517,135294000.0
2024.08.14,00:00,5442.041,5463.637,5415.291,5451.597,161459360.0
2024.08.15,00:00,5507.246,5546.189,5501.97,5542.956,105530060.0
2024.08.16,00:00,5525.27,5562.546,5524.032,5554.457,116494980.0
2024.08.19,00:00,5559.927,5607.317,5550.501,5607.317,81951830.0
2024.08.20,00:00,5603.34,5620.343,5584.52,5597.667,102514810.0
2024.08.21,00:00,5608.547,5632.972,5591.647,5617.512,145618160.0
2024.08.22,00:00,5636.679,5642.067,5560.576,5573.193,190411540.0
2024.08.23,00:00,5606.646,5641.762,5584.272,5632.132,237610430.0
2024.08.26,00:00,5641.932,5649.979,5601.261,5618.753,153721660.0
2024.08.27,00:00,5605.35,5631.319,5593.58,5625.749,127824950.0
2024.08.28,00:00,5622.49,5627.017,5560.647,5593.951,175131430.0
2024.08.29,00:00,5613.066,5647.241,5582.616,5593.581,254876850.0
2024.08.30,00:00,5617.123,5651.087,5581.014,5645.139,184629860.0
2024.09.03,00:00,5613.126,5616.677,5503.682,5529.983,210555440.0
2024.09.04,00:00,5510.076,5552.549,5503.026,5516.231,241905600.0
2024.09.05,00:00,5517.539,5546.422,5479.371,5503.51,208261570.0
2024.09.06,00:00,5505.917,5522.926,5402.227,5412.427,282075830.0
2024.09.09,00:00,5453.677,5483.919,5433.371,5471.446,161074500.0
2024.09.10,00:00,5490.163,5498.159,5440.692,5494.912,174455460.0
2024.09.11,00:00,5492.797,5560.792,5406.517,5550.432,244589510.0
2024.09.12,00:00,5557.072,5601.139,5535.164,5597.156,214799700.0
2024.09.13,00:00,5602.481,5636.424,5600.361,5625.629,149389240.0
2024.09.16,00:00,5622.502,5635.951,5604.002,5633.742,170926050.0
2024.09.17,00:00,5656.011,5671.117,5613.597,5636.153,202918710.0
2024.09.18,00:00,5641.969,5691.752,5614.013,5618.717,267428560.0
2024.09.19,00:00,5715.607,5733.752,5685.901,5714.797,173832420.0
2024.09.20,00:00,5700.427,5715.047,5674.581,5702.373,154105200.0
2024.09.23,00:00,5714.626,5725.927,5703.3,5718.684,146577600.0
2024.09.24,00:00,5727.343,5736.149,5698.532,5735.141,134092210.0
2024.09.25,00:00,5734.001,5741.037,5711.659,5723.046,126159110.0
2024.09.26,00:00,5766.837,5769.87,5720.9,5744.757,148399820.0
2024.09.27,00:00,5756.317,5763.802,5725.894,5734.167,132523780.0
2024.09.30,00:00,5724.984,5764.949,5701.801,5761.594,148758050.0
2024.10.01,00:00,5754.487,5755.059,5681.074,5707.427,265013860.0
2024.10.02,00:00,5696.299,5720.741,5673.082,5708.844,158595760.0
2024.10.03,00:00,5694.087,5719.147,5675.397,5698.934,206853200.0
2024.10.04,00:00,5744.561,5755.082,5701.516,5750.332,189036650.0
2024.10.07,00:00,5732.567,5739.921,5686.152,5697.929,152661980.0
2024.10.08,00:00,5724.111,5757.272,5715.317,5751.633,108488100.0
2024.10.09,00:00,5750.937,5796.969,5744.93,5791.199,97601050.0
2024.10.10,00:00,5777.126,5794.972,5763.823,5782.062,123052060.0
2024.10.11,00:00,5778.617,5822.417,5777.367,5814.379,88862500.0
2024.10.14,00:00,5831.297,5872.279,5827.876,5862.977,69356150.0
2024.10.15,00:00,5864.52,5867.481,5804.356,5816.557,130800890.0
2024.10.16,00:00,5816.177,5846.662,5808.159,5840.649,84752000.0
2024.10.17,00:00,5878.384,5879.629,5840.271,5841.396,128002190.0
2024.10.18,00:00,5858.62,5872.352,5843.864,5863.876,83526900.0
2024.10.21,00:00,5856.579,5866.07,5823.126,5855.62,96993140.0
2024.10.22,00:00,5827.867,5863.387,5821.382,5852.036,93731450.0
2024.10.23,00:00,5830.097,5834.671,5761.854,5797.023,127729330.0
2024.10.24,00:00,5817.927,5818.677,5784.073,5809.997,111352770.0
2024.10.25,00:00,5833.177,5863.427,5799.081,5808.861,117149020.0
2024.10.28,00:00,5843.37,5844.114,5823.224,5825.597,99509020.0
2024.10.29,00:00,5815.707,5847.217,5801.621,5835.4,114153960.0
2024.10.30,00:00,5830.761,5851.189,5810.431,5818.027,127676550.0
2024.10.31,00:00,5772.307,5772.307,5701.417,5702.404,149907380.0
2024.11.01,00:00,5729.734,5772.989,5723.561,5727.626,159961500.0
2024.11.04,00:00,5728.367,5741.754,5695.523,5714.46,149461530.0
2024.11.05,00:00,5724.594,5783.987,5722.496,5783.692,132959650.0
2024.11.06,00:00,5910.132,5936.242,5869.962,5927.289,189101700.0
2024.11.07,00:00,5947.714,5983.949,5946.481,5973.842,122478580.0
2024.11.08,00:00,5975.99,6013.152,5975.99,5999.379,88473600.0
2024.11.11,00:00,6015.984,6018.873,5986.302,6004.539,92197760.0
2024.11.12,00:00,6002.786,6008.507,5959.811,5985.452,113169300.0
2024.11.13,00:00,5989.78,6007.727,5965.383,5987.797,156896150.0
2024.11.14,00:00,5987.896,5992.863,5941.473,5949.046,167870740.0
2024.11.15,00:00,5911.564,5916.082,5852.006,5870.864,176261120.0
2024.11.18,00:00,5874.211,5908.147,5864.961,5895.039,112372450.0
2024.11.19,00:00,5860.012,5923.572,5852.246,5915.487,143581400.0
2024.11.20,00:00,5916.009,5920.482,5858.791,5917.499,163596750.0
2024.11.21,00:00,5946.144,5962.862,5886.71,5948.131,241962580.0
2024.11.22,00:00,5948.573,5973.177,5943.34,5966.629,168398550.0
2024.11.25,00:00,6007.802,6020.682,5963.681,5986.671,150489560.0
2024.11.26,00:00,5999.459,6024.486,5992.287,6018.424,122545910.0
2024.11.27,00:00,6014.873,6018.927,5983.567,5998.379,108089210.0
2024.12.02,00:00,6039.279,6053.207,6033.827,6047.214,76844920.0
2024.12.03,00:00,6044.283,6051.633,6033.427,6048.26,72435830.0
2024.12.04,00:00,6066.282,6089.072,6059.962,6086.28,63642500.0
2024.12.05,00:00,6086.316,6094.547,6072.63,6076.072,64727050.0
2024.12.06,00:00,6083.032,6099.637,6079.596,6088.097,75883200.0
2024.12.09,00:00,6084.717,6086.232,6048.95,6055.039,74489030.0
2024.12.10,00:00,6061.556,6065.027,6028.961,6036.493,72813390.0
2024.12.11,00:00,6065.369,6093.007,6062.61,6083.441,56108950.0
2024.12.12,00:00,6074.057,6079.732,6051.412,6052.156,89163250.0
2024.12.13,00:00,6069.186,6077.819,6035.263,6050.083,100109120.0
2024.12.16,00:00,6068.126,6084.572,6059.051,6075.53,112530000.0
2024.12.17,00:00,6049.28,6057.487,6034.737,6047.82,111116350.0
2024.12.18,00:00,6045.303,6070.73,5863.827,5866.126,230745430.0
2024.12.19,00:00,5917.477,5933.923,5864.773,5868.722,321951410.0
2024.12.20,00:00,5842.167,5983.066,5833.296,5935.001,320045350.0
2024.12.23,00:00,5933.626,5977.851,5901.917,5972.003,216508900.0
2024.12.26,00:00,6017.37,6050.147,6001.367,6037.396,129839000.0
2024.12.27,00:00,5996.114,5999.126,5931.733,5974.427,256117390.0
2024.12.30,00:00,5901.523,5940.63,5867.949,5906.297,252715280.0
2024.12.31,00:00,5921.172,5929.737,5867.961,5884.927,259354550.0
2025.01.02,00:00,5918.002,5935.513,5830.323,5868.827,380339770.0
2025.01.03,00:00,5899.002,5948.936,5887.096,5941.867,190919960.0
2025.01.06,00:00,5986.496,6020.467,5958.902,5977.124,194908810.0
2025.01.07,00:00,5996.724,6000.191,5890.711,5909.947,286336550.0
2025.01.08,00:00,5909.08,5928.001,5874.294,5915.677,290425400.0
2025.01.10,00:00,5880.779,5881.77,5806.873,5826.326,318906220.0
2025.01.13,00:00,5778.113,5838.236,5773.866,5835.66,266186430.0
2025.01.14,00:00,5863.256,5870.792,5804.576,5842.422,262192370.0
2025.01.15,00:00,5924.436,5960.302,5912.558,5948.213,171249750.0
2025.01.16,00:00,5961.631,5964.811,5930.303,5937.756,224130850.0
2025.01.17,00:00,5991.125,6015.126,5977.242,5996.375,148208400.0
2025.01.21,00:00,6028.733,6050.731,6007.016,6050.068,161107050.0
2025.01.22,00:00,6080.111,6100.248,6075.25,6084.246,92108750.0
2025.01.23,00:00,6078.324,6118.003,6075.889,6118.003,93121300.0
2025.01.24,00:00,6117.498,6127.631,6088.473,6099.363,122256450.0
2025.01.27,00:00,5964.863,6016.749,5963.616,6013.646,290638410.0
2025.01.28,00:00,6025.204,6074.223,5992.256,6065.133,176380100.0
2025.01.29,00:00,6057.333,6061.748,6012.095,6038.265,267739950.0
2025.01.30,00:00,6059.573,6086.509,6027.203,6069.823,215257350.0
2025.01.31,00:00,6094.634,6120.398,6030.361,6037.369,243331930.0
2025.02.03,00:00,5944.881,6022.189,5923.561,5995.051,351234590.0
2025.02.04,00:00,5996.746,6042.649,5991.664,6036.875,156017000.0
2025.02.05,00:00,6025.973,6062.569,6005.446,6060.288,140078150.0
2025.02.06,00:00,6078.506,6083.564,6045.573,6082.256,128973700.0
2025.02.07,00:00,6087.628,6100.384,6019.458,6026.472,288997150.0
2025.02.10,00:00,6059.072,6073.239,6045.822,6066.201,106631620.0
2025.02.11,00:00,6043.488,6076.538,6042.245,6070.303,115505450.0
2025.02.12,00:00,6008.232,6063.069,6001.513,6051.369,178120950.0
2025.02.13,00:00,6062.472,6116.784,6049.716,6114.434,139762450.0
2025.02.14,00:00,6115.298,6126.014,6107.172,6112.384,75270480.0
2025.02.18,00:00,6123.989,6128.869,6099.071,6128.565,92912280.0
2025.02.19,00:00,6115.875,6147.406,6110.879,6144.361,85780670.0
2025.02.20,00:00,6129.829,6131.284,6084.266,6118.256,128226530.0
2025.02.21,00:00,6115.622,6115.989,6008.555,6013.616,196251710.0
2025.02.24,00:00,6034.125,6044.429,5977.796,5985.661,194205600.0
2025.02.25,00:00,5984.881,5992.125,5908.392,5954.975,264879070.0
2025.02.26,00:00,5972.869,6009.479,5931.726,5958.019,224202000.0
2025.02.27,00:00,5983.969,5994.279,5860.216,5864.529,301301830.0
2025.02.28,00:00,5867.429,5959.613,5836.683,5951.875,326735220.0
2025.03.03,00:00,5974.619,5986.125,5811.131,5852.116,363428250.0
2025.03.04,00:00,5808.069,5865.489,5732.471,5780.665,523176160.0
2025.03.05,00:00,5778.078,5860.401,5742.079,5841.613,497978200.0
2025.03.06,00:00,5765.769,5812.898,5711.649,5738.156,405541740.0
2025.03.07,00:00,5718.375,5783.504,5665.346,5768.131,440796540.0
2025.03.10,00:00,5683.863,5703.878,5563.643,5615.749,510180610.0
2025.03.11,00:00,5602.501,5636.649,5528.284,5569.149,584980250.0
2025.03.12,00:00,5629.548,5639.172,5544.759,5597.189,383351750.0
2025.03.13,00:00,5593.022,5598.768,5503.843,5522.048,446532300.0
2025.03.14,00:00,5568.736,5644.914,5564.251,5634.413,298254660.0
2025.03.17,00:00,5634.084,5703.654,5629.831,5676.475,319008740.0
2025.03.18,00:00,5653.901,5656.263,5596.993,5615.479,339046670.0
2025.03.19,00:00,5634.631,5715.781,5622.122,5675.696,289124850.0
2025.03.20,00:00,5637.929,5711.578,5630.492,5662.402,283165150.0
2025.03.21,00:00,5613.019,5671.122,5601.395,5663.549,260279410.0
2025.03.24,00:00,5731.116,5773.219,5724.872,5761.846,115421600.0
2025.03.25,00:00,5774.869,5787.204,5759.956,5776.254,115065170.0
2025.03.26,00:00,5774.875,5785.239,5694.348,5709.691,175716590.0
2025.03.27,00:00,5694.628,5731.619,5671.989,5692.431,221104530.0
2025.03.28,00:00,5677.078,5684.572,5572.243,5578.863,207749430.0
2025.03.31,00:00,5519.049,5627.633,5489.134,5613.082,274941280.0
2025.04.01,00:00,5596.299,5650.946,5557.619,5631.828,304935570.0
2025.04.02,00:00,5570.429,5695.554,5568.116,5667.049,291848740.0
2025.04.03,00:00,5469.251,5496.878,5389.749,5397.014,425457580.0
2025.04.04,00:00,5254.119,5276.495,5069.275,5073.766,809857510.0
2025.04.07,00:00,4909.392,5251.513,4833.781,5063.766,727857820.0
2025.04.08,00:00,5238.486,5270.504,4909.649,4983.795,650079320.0
2025.04.09,00:00,4950.475,5481.986,4948.242,5445.544,558418440.0
2025.04.10,00:00,5337.236,5351.254,5113.029,5263.948,757322270.0
2025.04.11,00:00,5247.248,5382.154,5219.199,5356.625,600765260.0
2025.04.14,00:00,5459.622,5461.679,5356.681,5407.938,460676440.0
2025.04.15,00:00,5414.989,5450.628,5385.649,5394.324,366725570.0
2025.04.16,00:00,5333.881,5368.342,5220.173,5273.964,374271680.0
2025.04.17,00:00,5293.134,5330.134,5256.116,5281.429,415708680.0
2025.04.21,00:00,5228.334,5233.825,5100.926,5155.249,248167720.0
2025.04.22,00:00,5218.745,5309.584,5209.116,5284.569,272628730.0
2025.04.23,00:00,5421.179,5470.375,5355.389,5369.654,433376970.0
2025.04.24,00:00,5382.878,5490.015,5370.495,5481.843,225305240.0
2025.04.25,00:00,5482.245,5528.461,5451.872,5522.372,273620500.0
2025.04.28,00:00,5531.384,5552.384,5467.726,5526.399,251870160.0
2025.04.29,00:00,5506.884,5571.811,5502.679,5558.518,254845690.0
2025.04.30,00:00,5492.066,5581.561,5430.936,5558.834,340270460.0
2025.05.01,00:00,5620.842,5658.795,5595.196,5601.419,261695620.0
2025.05.02,00:00,5664.872,5700.809,5641.366,5682.628,231695030.0
2025.05.05,00:00,5642.378,5683.991,5633.378,5652.323,163379960.0
2025.05.06,00:00,5595.866,5650.531,5586.134,5604.343,228073610.0
2025.05.07,00:00,5618.751,5654.869,5577.009,5629.415,337416700.0
2025.05.08,00:00,5669.733,5720.329,5634.082,5666.764,260330830.0
2025.05.09,00:00,5680.381,5690.634,5643.843,5658.343,227509950.0
2025.05.12,00:00,5830.898,5845.814,5785.761,5844.061,199729140.0
2025.05.13,00:00,5851.192,5906.819,5844.249,5883.712,152285740.0
2025.05.14,00:00,5894.504,5906.125,5871.046,5890.722,193900280.0
2025.05.15,00:00,5868.881,5924.619,5864.872,5918.241,189449700.0
2025.05.16,00:00,5925.366,5958.745,5906.779,5956.366,137349180.0
2025.05.19,00:00,5893.881,5968.636,5893.881,5961.658,160609370.0
2025.05.20,00:00,5943.645,5953.314,5908.926,5941.181,168223320.0
2025.05.21,00:00,5897.084,5938.572,5830.412,5841.881,302157680.0
2025.05.22,00:00,5838.879,5878.219,5826.325,5842.863,265926750.0
2025.05.23,00:00,5769.634,5829.959,5766.879,5803.113,292774500.0
2025.05.27,00:00,5872.422,5924.515,5854.925,5921.613,118392570.0
2025.05.28,00:00,5927.313,5939.078,5881.382,5888.093,142565930.0
2025.05.29,00:00,5942.269,5943.534,5872.259,5910.898,255205720.0
2025.05.30,00:00,5900.429,5922.239,5843.293,5904.366,257566930.0
2025.06.02,00:00,5886.866,5938.096,5859.977,5936.846,175935990.0
2025.06.03,00:00,5933.378,5981.049,5928.319,5971.542,115223920.0
2025.06.04,00:00,5979.754,5989.678,5965.302,5968.841,126798890.0
2025.06.05,00:00,5985.986,5999.489,5920.284,5939.209,257793360.0
2025.06.06,00:00,5994.384,6017.631,5977.939,5998.972,162401770.0
2025.06.09,00:00,6005.372,6021.211,5992.878,6003.922,90576470.0
2025.06.10,00:00,6011.219,6043.259,5999.621,6039.204,114320220.0
2025.06.11,00:00,6050.619,6059.929,6001.219,6023.199,183005070.0
2025.06.12,00:00,6009.375,6045.859,6004.549,6045.796,120778810.0
2025.06.13,00:00,5993.231,6026.141,5962.732,5976.688,249116350.0
2025.06.16,00:00,6010.883,6050.169,6010.372,6033.608,34544120.0
2025.06.17,00:00,6007.622,6024.059,5973.956,5981.544,35329070.0
2025.06.18,00:00,5989.384,6018.429,5970.795,5980.985,42494100.0
2025.06.20,00:00,6006.904,6017.679,5951.818,5965.266,44642180.0
2025.06.23,00:00,5974.786,6028.659,5942.263,6023.953,47986340.0
2025.06.24,00:00,6066.654,6101.746,6059.385,6091.083,18820200.0
2025.06.25,00:00,6102.366,6107.689,6078.522,6094.753,18921600.0
2025.06.26,00:00,6113.616,6146.789,6107.616,6143.249,16794000.0
2025.06.27,00:00,6152.904,6187.268,6131.719,6171.119,25729200.0
2025.06.30,00:00,6196.199,6214.629,6173.275,6200.242,20900700.0
2025.07.01,00:00,6185.401,6210.991,6177.614,6198.279,28407750.0
2025.07.02,00:00,6194.704,6227.155,6188.229,6225.918,15865650.0
2025.07.07,00:00,6255.133,6261.134,6200.545,6229.712,33576290.0
2025.07.08,00:00,6235.139,6242.799,6217.049,6224.571,24746850.0
2025.07.09,00:00,6249.875,6269.929,6231.053,6261.509,22787550.0
2025.07.10,00:00,6262.129,6289.933,6250.569,6279.735,16425170.0
2025.07.11,00:00,6247.116,6269.291,6235.366,6257.179,22575150.0
2025.07.14,00:00,6252.633,6273.078,6238.622,6268.529,17425800.0
2025.07.15,00:00,6296.566,6299.879,6240.961,6241.714,25602750.0
2025.07.16,00:00,6258.199,6267.649,6201.141,6262.526,38235150.0
2025.07.17,00:00,6264.354,6304.831,6262.319,6301.278,16748100.0
2025.07.18,00:00,6312.648,6312.699,6284.843,6295.878,18514350.0
2025.07.21,00:00,6307.369,6336.174,6303.832,6307.943,14121320.0
2025.07.22,00:00,6311.125,6316.299,6282.116,6308.291,22938330.0
2025.07.23,00:00,6336.183,6362.086,6317.181,6361.849,22924350.0
2025.07.24,00:00,6365.849,6381.245,6360.263,6364.863,19044450.0
2025.07.25,00:00,6370.151,6395.529,6367.429,6390.179,12815500.0
2025.07.28,00:00,6394.083,6400.372,6375.086,6388.986,15887700.0
2025.07.29,00:00,6404.069,6406.831,6363.603,6372.923,22045050.0
2025.07.30,00:00,6379.429,6396.911,6334.702,6365.141,35702130.0
2025.07.31,00:00,6414.916,6418.678,6326.703,6338.612,46725790.0
2025.08.01,00:00,6281.145,6281.145,6211.913,6235.863,64142550.0
2025.08.04,00:00,6275.901,6330.886,6274.616,6329.439,22689300.0
2025.08.05,00:00,6337.429,6344.929,6288.896,6298.758,37485000.0
2025.08.06,00:00,6309.142,6353.184,6300.233,6345.456,32744250.0
2025.08.07,00:00,6382.151,6389.384,6309.599,6342.664,47845350.0
2025.08.08,00:00,6359.079,6394.865,6355.781,6389.772,24838200.0
2025.08.11,00:00,6392.263,6407.449,6364.191,6376.728,23550750.0
2025.08.12,00:00,6400.901,6446.674,6385.699,6444.422,27915150.0
2025.08.13,00:00,6466.866,6480.179,6444.522,6466.382,26557650.0
2025.08.14,00:00,6445.466,6473.426,6440.731,6466.712,28965550.0
2025.08.15,00:00,6474.892,6476.179,6441.298,6450.994,26071810.0
2025.08.18,00:00,6444.679,6455.309,6437.381,6448.091,19330550.0
2025.08.19,00:00,6446.139,6456.128,6399.696,6412.583,27743520.0
2025.08.20,00:00,6408.631,6411.375,6343.474,6395.074,45149850.0
2025.08.21,00:00,6376.401,6393.613,6351.788,6369.456,38578500.0
2025.08.22,00:00,6391.131,6479.136,6385.866,6466.219,39501450.0
2025.08.25,00:00,6453.672,6466.821,6437.431,6438.678,20624400.0
2025.08.26,00:00,6434.675,6468.616,6429.166,6465.138,21415050.0
2025.08.27,00:00,6458.625,6487.069,6457.429,6479.179,15781050.0
2025.08.28,00:00,6485.381,6508.041,6466.628,6502.249,24058050.0
2025.08.29,00:00,6486.892,6490.378,6443.831,6462.812,28099800.0
2025.09.02,00:00,6386.345,6415.803,6360.028,6415.172,36058950.0
2025.09.03,00:00,6438.133,6453.679,6415.708,6447.431,29859750.0
2025.09.04,00:00,6455.375,6502.159,6446.122,6500.679,22110200.0
2025.09.05,00:00,6524.145,6532.429,6442.929,6482.659,48508200.0
2025.09.08,00:00,6497.116,6508.429,6482.119,6498.866,22220100.0
2025.09.09,00:00,6500.186,6518.174,6481.945,6513.159,23664000.0
2025.09.10,00:00,6546.149,6555.348,6515.709,6532.359,24912180.0
2025.09.11,00:00,6552.384,6592.903,6546.139,6585.349,20996100.0
2025.09.12,00:00,6585.619,6599.945,6578.693,6583.139,17946710.0
2025.09.15,00:00,6605.622,6618.875,6601.876,6616.738,21075860.0
2025.09.16,00:00,6623.188,6625.666,6599.972,6607.514,19726660.0
2025.09.17,00:00,6608.634,6625.698,6550.022,6600.031,55654930.0
2025.09.18,00:00,6627.222,6657.252,6610.219,6631.269,29753600.0
2025.09.19,00:00,6648.116,6671.278,6629.736,6661.525,21930540.0
2025.09.22,00:00,6647.134,6698.674,6646.679,6693.585,17978400.0
2025.09.23,00:00,6691.854,6698.633,6644.851,6658.939,46731620.0
2025.09.24,00:00,6670.036,6672.136,6621.833,6635.836,45300960.0
2025.09.25,00:00,6604.199,6619.245,6568.736,6604.442,71466450.0
2025.09.26,00:00,6619.748,6649.051,6603.636,6642.651,64085420.0
2025.09.29,00:00,6668.939,6677.554,6643.951,6661.542,45522010.0
2025.09.30,00:00,6654.599,6691.454,6640.899,6685.439,57612610.0
2025.10.01,00:00,6655.451,6719.151,6654.554,6710.339,39198600.0
2025.10.02,00:00,6729.336,6730.499,6692.239,6717.042,43734600.0
2025.10.03,00:00,6724.442,6751.548,6705.836,6716.336,54072900.0
2025.10.06,00:00,6739.736,6749.048,6718.233,6740.151,34352100.0
2025.10.07,00:00,6749.342,6753.999,6700.399,6715.454,58406400.0
2025.10.08,00:00,6727.348,6756.148,6718.414,6755.133,29291410.0
2025.10.09,00:00,6758.548,6762.954,6715.799,6735.936,52029100.0
2025.10.10,00:00,6743.751,6762.648,6549.833,6554.599,188695010.0
2025.10.13,00:00,6630.151,6669.251,6620.051,6652.533,83162700.0
2025.10.14,00:00,6592.548,6681.148,6552.145,6644.845,105532200.0
2025.10.15,00:00,6690.839,6725.699,6610.499,6674.645,103121100.0
2025.10.16,00:00,6691.248,6710.148,6593.148,6628.633,170694030.0
2025.10.17,00:00,6615.742,6679.651,6602.348,6665.354,146839500.0
2025.10.20,00:00,6695.845,6744.454,6695.651,6734.936,43902000.0
2025.10.21,00:00,6736.336,6752.348,6721.548,6734.851,55431000.0
2025.10.22,00:00,6741.599,6742.099,6653.899,6699.839,131392800.0
2025.10.23,00:00,6702.045,6748.899,6699.633,6737.845,58633200.0
2025.10.24,00:00,6785.345,6806.199,6777.636,6792.736,47017800.0
2025.10.27,00:00,6849.233,6877.736,6842.954,6874.051,28239300.0
2025.10.28,00:00,6891.851,6911.554,6870.348,6892.554,41396400.0
2025.10.29,00:00,6909.636,6919.054,6851.142,6895.945,102270600.0
2025.10.30,00:00,6861.242,6881.399,6820.642,6821.448,108993600.0
2025.10.31,00:00,6871.554,6872.199,6813.299,6842.048,86092200.0
2025.11.03,00:00,6878.936,6879.545,6820.051,6855.354,66538800.0
2025.11.04,00:00,6781.654,6820.851,6766.539,6774.554,89421300.0
2025.11.05,00:00,6769.945,6830.299,6762.439,6797.045,73926000.0
2025.11.06,00:00,6786.145,6794.642,6706.951,6722.348,132804960.0
2025.11.07,00:00,6698.242,6730.999,6631.536,6728.648,140005800.0
2025.11.10,00:00,6791.539,6841.636,6769.136,6833.142,65712600.0
2025.11.11,00:00,6819.048,6855.554,6806.633,6848.839,66827700.0
2025.11.12,00:00,6867.999,6868.854,6828.633,6852.633,77436030.0
2025.11.13,00:00,6824.548,6827.454,6723.139,6737.654,147252640.0
2025.11.14,00:00,6670.854,6774.145,6649.848,6736.548,160847100.0
2025.11.17,00:00,6711.748,6752.833,6637.654,6671.542,150792310.0
2025.11.18,00:00,6636.345,6667.739,6574.654,6616.445,212417180.0
2025.11.19,00:00,6621.839,6689.399,6602.842,6641.436,164101540.0
2025.11.20,00:00,6744.299,6770.754,6533.233,6541.548,242713810.0
2025.11.21,00:00,6563.833,6660.442,6522.251,6604.242,226327500.0
2025.11.24,00:00,6641.251,6715.254,6630.145,6701.736,90396000.0
2025.11.25,00:00,6699.851,6776.451,6658.745,6764.436,96055220.0
2025.11.26,00:00,6789.942,6831.751,6781.436,6810.742,63468900.0
2025.12.01,00:00,6802.048,6843.399,6800.833,6814.439,68652900.0
2025.12.02,00:00,6832.039,6851.845,6806.342,6827.854,76858200.0
2025.12.03,00:00,6817.945,6862.545,6809.836,6851.345,67319100.0
2025.12.04,00:00,6865.942,6866.648,6826.148,6857.942,77427900.0
2025.12.05,00:00,6866.333,6895.999,6857.636,6867.948,62181000.0
2025.12.08,00:00,6876.239,6877.339,6826.936,6848.099,59973390.0
2025.12.09,00:00,6842.899,6865.139,6837.042,6841.345,44604000.0
2025.12.10,00:00,6835.751,6900.939,6823.936,6886.548,95544950.0
2025.12.11,00:00,6862.054,6903.742,6832.454,6902.733,77331600.0
2025.12.12,00:00,6891.539,6899.145,6801.633,6827.951,106790400.0
2025.12.15,00:00,6867.299,6867.299,6801.439,6817.042,114447610.0
2025.12.16,00:00,6799.454,6820.236,6758.933,6796.948,120085210.0
2025.12.17,00:00,6806.448,6813.299,6721.045,6722.851,121775400.0
2025.12.18,00:00,6785.045,6816.099,6756.536,6773.499,105713100.0
2025.12.19,00:00,6793.451,6840.236,6792.545,6834.545,61840800.0
2025.12.22,00:00,6867.942,6882.451,6855.133,6875.751,37530000.0
2025.12.23,00:00,6865.548,6910.348,6865.548,6906.845,28441800.0
2025.12.26,00:00,6934.233,6944.854,6920.542,6931.733,30728700.0
2025.12.29,00:00,6903.699,6919.951,6888.448,6906.733,38723400.0
2025.12.30,00:00,6901.333,6913.454,6892.636,6897.654,28263600.0
2025.12.31,00:00,6898.454,6901.045,6843.639,6845.142,37535410.0
2026.01.02,00:00,6881.251,6894.554,6823.533,6857.033,102762010.0
2026.01.05,00:00,6892.199,6921.142,6890.548,6903.539,54567000.0
2026.01.06,00:00,6904.733,6949.236,6903.542,6944.339,38728800.0
2026.01.07,00:00,6947.451,6964.848,6917.839,6920.833,43560010.0
2026.01.08,00:00,6912.851,6931.454,6900.148,6919.499,64233000.0
2026.01.09,00:00,6930.748,6978.348,6917.036,6965.351,61487110.0
2026.01.12,00:00,6930.342,6986.239,6929.945,6977.054,33849900.0
2026.01.13,00:00,6980.051,6985.651,6938.639,6963.651,67180530.0
2026.01.14,00:00,6933.639,6941.348,6885.536,6927.145,93911620.0
2026.01.15,00:00,6970.654,6979.054,6937.048,6943.536,66638710.0
2026.01.16,00:00,6960.799,6966.348,6924.933,6939.851,58549560.0
2026.01.20,00:00,6837.933,6870.942,6788.736,6796.254,111582960.0
2026.01.21,00:00,6819.299,6910.945,6804.445,6874.451,139120280.0
2026.01.22,00:00,6921.936,6934.851,6892.248,6910.545,72562500.0
2026.01.23,00:00,6902.745,6932.733,6894.439,6914.645,70235100.0
2026.01.26,00:00,6927.142,6964.251,6921.833,6950.642,46140300.0
2026.01.27,00:00,6964.233,6988.542,6958.333,6977.839,38051100.0
2026.01.28,00:00,6993.033,7001.699,6962.739,6977.733,74784600.0
2026.01.29,00:00,6985.739,6992.899,6870.939,6966.054,130831250.0
2026.01.30,00:00,6939.945,6964.539,6892.942,6938.648,164049300.0
2026.02.02,00:00,6918.451,6991.533,6916.545,6976.351,69020100.0
2026.02.03,00:00,6984.345,6991.748,6862.433,6917.136,138110410.0
2026.02.04,00:00,6924.933,6936.739,6838.933,6883.433,184771800.0
2026.02.05,00:00,6830.045,6858.551,6779.533,6798.242,196038910.0
2026.02.06,00:00,6835.899,6945.499,6830.151,6934.433,103102200.0
2026.02.09,00:00,6915.445,6980.054,6904.251,6963.548,73534500.0
2026.02.10,00:00,6969.345,6986.051,6937.133,6942.433,85060800.0
2026.02.11,00:00,6984.851,6991.948,6912.836,6942.754,118953900.0
2026.02.12,00:00,6961.399,6973.699,6823.051,6829.536,154912500.0
2026.02.13,00:00,6834.854,6881.648,6793.842,6834.639,161686800.0
2026.02.17,00:00,6819.648,6867.748,6775.245,6845.539,163717210.0
2026.02.18,00:00,6856.454,6909.239,6845.545,6877.439,92618100.0
2026.02.19,00:00,6854.033,6878.454,6831.948,6862.639,113475600.0
2026.02.20,00:00,6838.236,6916.739,6833.839,6911.645,160998300.0
2026.02.23,00:00,6894.745,6916.648,6820.248,6841.048,105133540.0
2026.02.24,00:00,6834.636,6899.751,6815.945,6889.748,87255900.0
2026.02.25,00:00,6917.648,6952.945,6917.136,6946.239,46178100.0
2026.02.26,00:00,6949.245,6949.245,6858.945,6909.454,113505120.0
2026.02.27,00:00,6845.345,6883.439,6831.133,6878.045,121084200.0
2026.03.02,00:00,6801.099,6900.839,6794.142,6878.348,132896700.0
2026.03.03,00:00,6763.848,6840.651,6710.339,6817.948,209233810.0
2026.03.04,00:00,6829.448,6885.445,6810.551,6868.133,109377900.0
2026.03.05,00:00,6834.845,6869.351,6769.651,6827.833,185984120.0
2026.03.06,00:00,6746.854,6773.848,6710.133,6738.836,203682610.0
2026.03.09,00:00,6674.845,6811.754,6635.636,6794.648,179566200.0
2026.03.10,00:00,6789.136,6845.451,6759.033,6781.033,172816200.0
2026.03.11,00:00,6787.999,6812.048,6744.254,6773.242,155507410.0
2026.03.12,00:00,6721.651,6726.799,6670.239,6671.299,164448900.0
2026.03.13,00:00,6703.342,6733.239,6623.036,6632.348,162043200.0
2026.03.16,00:00,6693.345,6729.842,6679.899,6699.133,142511400.0
2026.03.17,00:00,6733.554,6754.136,6709.448,6717.545,99673200.0
2026.03.18,00:00,6692.133,6705.699,6620.448,6623.954,132726600.0
2026.03.19,00:00,6575.251,6639.739,6558.833,6605.833,176296500.0
2026.03.20,00:00,6591.245,6591.345,6473.936,6507.639,156119400.0
2026.03.23,00:00,6607.336,6652.354,6564.739,6580.951,184499410.0
2026.03.24,00:00,6536.951,6595.851,6523.645,6558.248,157960800.0
2026.03.25,00:00,6613.139,6635.848,6567.242,6593.033,139403700.0
2026.03.26,00:00,6544.239,6573.845,6473.939,6477.154,122860800.0
2026.03.27,00:00,6449.236,6451.048,6353.845,6364.839,130828500.0
2026.03.30,00:00,6423.154,6427.236,6315.751,6344.248,135564300.0
2026.03.31,00:00,6413.736,6539.451,6403.439,6527.733,172511100.0
2026.04.01,00:00,6562.551,6609.199,6554.254,6575.233,117182700.0
2026.04.02,00:00,6486.851,6603.542,6474.342,6582.642,154631700.0
2026.04.06,00:00,6584.254,6620.336,6578.645,6612.199,118959300.0
2026.04.07,00:00,6589.433,6618.548,6533.833,6618.345,153983700.0
2026.04.08,00:00,6787.345,6794.951,6739.554,6784.639,115267500.0
2026.04.09,00:00,6773.054,6835.439,6761.445,6824.454,96041700.0
2026.04.10,00:00,6836.636,6843.799,6807.239,6815.499,66004200.0
2026.04.13,00:00,6796.545,6886.399,6788.833,6885.133,77333400.0
2026.04.14,00:00,6899.736,6969.433,6899.736,6966.936,49180500.0
2026.04.15,00:00,6976.036,7026.348,6965.751,7022.042,57058200.0
2026.04.16,00:00,7034.051,7050.999,7008.836,7038.442,75961800.0
2026.04.17,00:00,7084.799,7148.054,7081.254,7123.842,84931200.0
2026.04.20,00:00,7111.851,7122.754,7084.936,7112.036,75127500.0
2026.04.21,00:00,7125.254,7136.454,7048.942,7064.248,114841800.0
2026.04.22,00:00,7114.945,7138.205,7105.336,7135.472,60059700.0
2026.04.23,00:00,7117.998,7147.502,7046.443,7107.495,52934440.0
2026.04.24,00:00,7130.245,7168.241,7112.878,7162.694,36483750.0
2026.04.27,00:00,7155.083,7179.351,7145.345,7175.151,54754650.0
2026.04.28,00:00,7140.899,7152.333,7115.533,7141.039,79452900.0
2026.04.29,00:00,7133.151,7145.599,7107.351,7138.336,88813800.0
2026.04.30,00:00,7170.948,7222.048,7127.836,7214.836,87142500.0
2026.05.01,00:00,7237.236,7272.799,7229.442,7229.539,75600000.0
2026.05.04,00:00,7223.254,7243.351,7173.048,7202.836,98415000.0
2026.05.05,00:00,7240.742,7272.554,7237.348,7260.099,44933400.0
2026.05.06,00:00,7304.136,7369.048,7301.039,7363.142,54137700.0
2026.05.07,00:00,7373.233,7384.351,7320.048,7335.351,100920600.0
2026.05.08,00:00,7371.436,7403.248,7367.799,7396.248,53314200.0
2026.05.11,00:00,7386.533,7430.433,7386.045,7414.499,48962250.0
2026.05.12,00:00,7391.539,7409.954,7339.736,7404.499,82997100.0
2026.05.13,00:00,7405.245,7459.799,7375.554,7445.054,56052610.0
2026.05.14,00:00,7458.033,7516.945,7456.842,7503.142,68604300.0
2026.05.15,00:00,7437.733,7454.139,7398.339,7409.133,116378100.0
2026.05.18,00:00,7416.836,7433.251,7353.036,7404.739,153397800.0
2026.05.19,00:00,7366.451,7394.499,7333.733,7356.636,125190900.0
2026.05.20,00:00,7374.854,7437.754,7356.748,7431.045,111778740.0
2026.05.21,00:00,7403.351,7466.899,7389.333,7445.142,135083700.0
2026.05.22,00:00,7478.499,7506.899,7461.936,7472.945,75784500.0
2026.05.26,00:00,7518.154,7538.554,7500.545,7522.236,55765800.0
2026.05.27,00:00,7526.099,7530.854,7499.045,7524.033,70472700.0
2026.05.28,00:00,7520.142,7569.499,7509.545,7565.451,51227100.0
2026.05.29,00:00,7575.239,7597.499,7563.536,7582.145,69495300.0
2026.06.01,00:00,7569.899,7619.499,7563.345,7601.533,67707900.0
2026.06.02,00:00,7585.939,7620.048,7583.742,7611.036,42390000.0
2026.06.03,00:00,7597.045,7603.351,7551.833,7562.199,68347800.0
2026.06.04,00:00,7536.848,7598.654,7530.345,7587.199,58355100.0
2026.06.05,00:00,7536.251,7541.042,7369.139,7390.142,126517210.0
2026.06.08,00:00,7446.854,7466.345,7393.739,7406.445,142481700.0
2026.06.09,00:00,7448.833,7481.939,7238.551,7383.233,246110880.0
2026.06.10,00:00,7343.542,7396.348,7266.299,7267.554,234623770.0
2026.06.11,00:00,7299.151,7412.299,7254.733,7387.539,232812000.0
2026.06.12,00:00,7418.051,7456.954,7361.636,7428.645,174939590.0
2026.06.15,00:00,7528.399,7578.219,7528.342,7558.345,114280070.0
2026.06.16,00:00,7557.745,7566.351,7509.142,7516.399,101808710.0
2026.06.17,00:00,7522.195,7532.174,7402.539,7421.825,181803610.0
2026.06.18,00:00,7507.899,7512.154,7466.442,7496.514,139417950.0
2026.06.22,00:00,7505.236,7530.139,7460.053,7475.199,102540750.0
2026.06.23,00:00,7361.745,7424.136,7349.128,7366.399,147584700.0
2026.06.24,00:00,7378.798,7427.999,7337.249,7362.345,200376000.0
2026.06.25,00:00,7417.936,7423.942,7322.799,7361.548,264257120.0
2026.06.26,00:00,7314.733,7393.845,7297.054,7325.844,141870150.0
2026.06.29,00:00,7393.298,7444.221,7346.172,7436.548,90892800.0
2026.06.30,00:00,7438.833,7508.399,7435.699,7485.836,69377850.0
2026.07.01,00:00,7473.245,7522.551,7448.842,7485.136,77726700.0
2026.07.02,00:00,7498.345,7539.899,7427.136,7474.833,198787950.0
2026.07.06,00:00,7515.736,7551.171,7500.736,7538.933,50725799.0
2026.07.07,00:00,7529.549,7536.884,7478.182,7503.561,113625446.0
2026.07.08,00:00,7456.695,7487.589,7420.643,7479.199,157197596.0
