date,open,high,low,close,volume,minutes
2017-05-11,116.197,116.766,116.175,116.509,106.71261697262526,390
2017-05-12,117.058,117.139,116.719,116.879,75.0397079391405,390
2017-05-15,117.518,117.5,116.986,117.14,86.83828695863485,390
2017-05-16,117.427,117.889,117.396,117.66,94.4285020492971,390
2017-05-17,119.355,119.947,119.266,119.846,150.52910792827606,390
2017-05-18,119.757,119.765,118.556,118.869,180.41817843914032,390
2017-05-19,119.378,119.528,118.867,119.439,120.31620119139552,390
2017-05-22,119.617,120.129,119.567,119.909,90.95321612991393,390
2017-05-23,120.118,120.166,118.976,119.129,123.12834388762712,390
2017-05-24,119.069,119.689,118.906,119.649,118.84402815625072,390
2017-05-25,119.516,119.668,119.286,119.508,95.81519490480423,390
2017-05-26,120.479,120.78,120.326,120.578,82.21108701080084,390
2017-05-30,120.218,120.317,119.946,120.14,75.5894429218024,390
2017-05-31,120.297,121.169,120.246,120.639,112.75629089772701,390
2017-06-01,120.148,120.708,120.068,120.7,93.60151717066765,390
2017-06-02,121.326,121.688,121.187,121.609,112.44340308755636,390
2017-06-05,121.896,121.92,121.568,121.75,67.27856489364058,390
2017-06-06,123.09,123.278,122.766,123.107,101.1479229554534,390
2017-06-07,122.758,123.12,122.015,122.459,110.03274385817349,390
2017-06-08,122.058,122.0,120.936,121.64,111.63070091977715,390
2017-06-09,120.426,120.888,120.396,120.569,117.12408505752683,390
2017-06-12,120.328,120.648,120.256,120.397,118.032614832744,390
2017-06-13,119.935,120.686,119.916,120.498,92.38015103898942,390
2017-06-14,121.507,121.569,119.566,119.859,169.46858598291874,390
2017-06-15,119.209,119.48,119.118,119.319,100.93915091454983,390
2017-06-16,119.326,119.478,119.237,119.319,84.99306198395789,390
2017-06-19,118.719,118.829,118.328,118.42,90.10639278031886,390
2017-06-20,118.409,118.45,118.07,118.2,31.736021971562877,390
2017-06-21,118.15,118.62,118.15,118.53,29.779999939724803,390
2017-06-22,119.12,119.17,118.59,118.91,25.26999997533858,390
2017-06-23,119.64,119.62,119.32,119.44,19.079999934881926,390
2017-06-26,118.28,118.52,118.17,118.36,26.739999908953905,390
2017-06-27,118.87,118.99,118.48,118.8,35.9399999268353,390
2017-06-28,119.05,119.03,118.68,118.91,28.320000059902668,390
2017-06-29,117.95,118.61,117.9,118.32,47.15999997779727,390
2017-06-30,118.07,118.39,117.95,118.04,32.59999988786876,390
2017-07-03,116.5,116.8,115.99,116.07,29.200000002980232,390
2017-07-05,115.89,116.64,115.86,116.54,41.40000003390014,390
2017-07-06,116.58,116.58,116.24,116.46,38.869999876245856,390
2017-07-07,115.77,115.71,114.8,115.3,41.449999902397394,390
2017-07-10,115.0,115.51,114.82,115.48,31.519999895244837,390
2017-07-11,115.25,115.76,114.88,115.65,45.56999992020428,390
2017-07-12,116.21,116.28,115.86,116.03,34.259999917820096,390
2017-07-13,116.03,116.01,115.67,115.81,24.01999993622303,390
2017-07-14,117.02,117.14,116.64,116.79,25.489999987185,390
2017-07-17,117.43,117.51,117.22,117.29,20.95999994687736,390
2017-07-18,118.0,118.3,117.88,118.1,33.089999886229634,390
2017-07-19,118.16,118.25,117.82,118.07,17.139999840408564,390
2017-07-20,117.9,118.6,117.65,118.25,38.23000003024936,390
2017-07-21,118.98,119.39,118.75,119.27,21.389999950304627,390
2017-07-24,119.52,119.56,119.18,119.32,18.90999992378056,390
2017-07-25,119.0,119.32,118.79,118.91,23.829999934881926,390
2017-07-26,118.56,120.08,118.56,119.9,47.56000008434057,390
2017-07-27,120.09,120.11,119.27,119.81,50.320000145584345,390
2017-07-28,120.16,120.84,120.14,120.7,42.5999999511987,390
2017-07-31,120.51,120.79,120.45,120.75,24.549999924376607,390
2017-08-01,120.44,121.12,120.44,120.65,39.13000006042421,390
2017-08-02,120.52,121.0,120.33,120.42,33.17999997548759,390
2017-08-03,120.33,120.82,120.33,120.61,37.469999842345715,390
2017-08-04,119.97,120.03,119.23,119.65,46.41999993287027,390
2017-08-07,119.43,119.77,119.43,119.52,20.619999937713146,390
2017-08-08,120.01,120.11,118.96,119.89,46.98999994248152,390
2017-08-09,121.04,121.52,120.76,121.32,55.98000002466142,390
2017-08-10,122.08,122.41,122.02,122.22,47.12000001594424,390
2017-08-11,122.22,122.76,122.03,122.81,54.759999783709645,390
2017-08-14,121.98,122.22,121.68,121.89,42.51000004634261,390
2017-08-15,120.58,121.21,120.58,120.99,45.55999997444451,390
2017-08-16,120.67,122.05,120.67,121.89,64.18999985978007,390
2017-08-17,122.27,122.56,121.81,122.51,88.7100001052022,390
2017-08-18,123.38,123.51,121.99,122.32,92.74999984353781,390
2017-08-21,122.51,122.9,122.49,122.76,70.8199998755008,390
2017-08-22,122.55,122.5,121.83,122.21,50.85999998450279,390
2017-08-23,122.59,122.68,122.31,122.66,47.13000010699034,390
2017-08-24,122.4,122.62,122.11,122.27,63.52000010572374,390
2017-08-25,122.79,122.96,121.22,122.74,91.09000011533499,390
2017-08-28,123.33,124.7,123.32,124.69,55.69999992661178,390
2017-08-29,125.81,125.82,124.03,124.42,86.83000003360212,390
2017-08-30,124.35,124.53,124.14,124.34,44.90000003948808,390
2017-08-31,124.56,125.82,124.52,125.82,66.93999992497265,390
2017-09-01,126.03,126.06,125.11,126.08,63.65999984741211,390
2017-09-05,126.62,127.74,126.56,127.48,67.74999996088445,390
2017-09-06,127.32,127.41,126.54,126.81,73.74000030383468,390
2017-09-07,127.55,128.25,127.4,128.16,79.50999986566603,390
2017-09-08,128.21,128.27,127.59,127.98,64.02999997325242,390
2017-09-11,126.72,126.91,126.03,126.17,68.97999985329807,390
2017-09-12,126.0,126.56,125.92,126.55,83.51999995671213,390
2017-09-13,126.38,126.42,125.5,125.6,88.76999972388148,390
2017-09-14,125.63,126.41,125.6,126.17,73.57999975420535,390
2017-09-15,125.98,125.949,125.398,125.518,64.6203241222538,390
2017-09-18,124.667,124.738,123.958,124.348,62.01199297932908,390
2017-09-19,124.467,124.638,124.018,124.598,68.1215119769331,390
2017-09-20,124.667,124.947,123.147,123.617,115.59346303809434,390
2017-09-21,122.547,123.038,122.467,122.678,85.2208499358967,390
2017-09-22,123.027,123.338,122.927,123.248,57.29589604132343,390
2017-09-25,122.777,124.628,122.707,124.588,89.53988515585661,390
2017-09-26,123.548,123.778,122.898,123.158,91.47962283529341,390
2017-09-27,122.027,122.438,121.877,121.988,97.57031309977174,390
2017-09-28,122.018,122.448,121.817,122.258,73.92563584097661,390
2017-09-29,122.277,122.268,121.548,121.608,86.74957386543974,390
2017-10-02,121.177,121.318,120.737,120.777,77.53256287612021,390
2017-10-03,120.727,121.078,120.697,120.828,52.16010981798172,390
2017-10-04,121.207,121.247,120.707,121.158,62.13454715674743,390
2017-10-05,121.127,121.227,120.388,120.508,67.33344610361382,390
2017-10-06,120.248,121.177,119.777,121.098,84.41732195590157,390
2017-10-09,121.648,122.098,121.548,122.068,43.12669413886033,390
2017-10-10,122.598,122.938,122.357,122.388,68.33117298124125,390
2017-10-11,122.557,122.867,122.017,122.797,71.51307321898639,390
2017-10-12,122.817,123.028,122.497,122.878,55.883895840495825,390
2017-10-13,123.668,123.837,123.327,123.848,64.42667990829796,390
2017-10-16,123.788,123.948,122.567,122.978,75.40267889201641,390
2017-10-17,122.017,122.308,121.717,122.127,62.25542706163833,390
2017-10-18,121.708,121.917,121.547,121.677,55.08316702628508,390
2017-10-19,122.177,122.537,122.107,122.418,78.14496614760719,390
2017-10-20,121.668,121.957,121.387,121.668,70.69715584767982,390
2017-10-23,120.967,121.867,120.957,121.828,70.93856502417475,390
2017-10-24,121.248,121.688,120.967,121.338,70.98685702879447,390
2017-10-25,121.298,121.558,120.837,121.358,103.70925306342542,390
2017-10-26,121.138,121.138,120.218,120.338,92.04866794822738,390
2017-10-27,120.387,120.978,120.197,120.907,81.37012002663687,390
2017-10-30,120.93,121.46,120.8,121.15,37.955210872445605,390
2017-10-31,120.82,120.83,120.38,120.69,34.72716201457661,390
2017-11-01,120.95,121.53,120.83,121.137,79.80555568286218,390
2017-11-02,121.27,121.95,121.058,121.208,81.49359488300979,390
2017-11-03,121.347,121.408,120.187,120.627,78.58253016714298,390
2017-11-06,120.717,121.798,120.677,121.668,57.44208989328763,390
2017-11-07,121.498,121.548,120.768,121.208,62.57618792436551,390
2017-11-08,121.937,122.218,121.587,121.638,55.520240016747266,390
2017-11-09,121.858,122.338,121.728,122.138,80.12096889875829,390
2017-11-10,121.978,122.087,120.927,121.148,68.0568880229257,390
2017-11-13,121.418,121.537,121.267,121.328,47.10145496588666,390
2017-11-14,120.887,121.898,120.767,121.588,64.77429505297914,390
2017-11-15,122.117,122.317,121.237,121.417,74.96125110425055,390
2017-11-16,121.418,121.658,121.277,121.418,53.83522291411646,390
2017-11-17,122.157,123.148,121.938,122.868,69.86131305806339,390
2017-11-20,122.288,122.388,121.028,121.298,72.92054508486763,390
2017-11-21,121.687,121.968,121.497,121.547,62.53652397962287,390
2017-11-22,122.267,122.928,122.157,122.648,64.00571713596582,390
2017-11-24,122.347,122.608,122.208,122.308,24.93698292830959,390
2017-11-27,123.248,123.297,122.668,122.848,58.12665103236213,390
2017-11-28,123.037,123.108,122.527,122.818,71.17422101832926,390
2017-11-29,122.208,122.297,121.727,122.038,92.1251279860735,390
2017-11-30,121.428,121.677,120.627,121.078,89.11406616959721,390
2017-12-01,120.938,122.398,120.737,121.598,129.29446695838124,390
2017-12-04,121.138,121.178,120.837,121.178,76.36650377232581,390
2017-12-05,120.418,120.488,119.707,120.328,88.42701391503215,390
2017-12-06,119.998,120.278,119.857,120.068,63.76373491459526,390
2017-12-07,118.987,119.197,118.107,118.508,88.28053498081863,390
2017-12-08,118.627,118.848,118.317,118.508,69.24984112381935,390
2017-12-11,118.368,118.527,117.787,118.008,60.306562033249065,390
2017-12-12,117.717,118.127,117.387,118.158,72.19001783337444,390
2017-12-13,118.188,119.308,117.997,119.178,98.7970578391105,390
2017-12-14,119.078,119.277,118.697,118.948,73.83529520407319,390
2017-12-15,119.407,119.488,118.967,119.198,75.50148116378114,390
2017-12-18,119.638,119.948,119.587,119.748,58.99233190063387,390
2017-12-19,119.667,119.868,119.527,119.818,64.7664720416069,390
2017-12-20,119.948,120.328,119.798,120.148,63.40195424761623,390
2017-12-21,120.048,120.438,119.997,120.338,54.87710086815059,390
2017-12-22,120.657,121.108,120.567,120.938,44.15035094390623,390
2017-12-26,121.537,121.858,121.507,121.798,44.675827087135985,390
2017-12-27,121.988,122.328,121.878,122.248,49.935944046475925,390
2017-12-28,122.807,122.898,122.557,122.838,48.65750003512949,390
2017-12-29,123.667,124.068,123.457,123.657,64.41278509795666,390
2018-01-02,124.547,125.138,124.388,125.158,63.52691899321508,390
2018-01-03,125.048,125.078,124.097,124.828,72.65581689355895,390
2018-01-04,124.887,125.838,124.737,125.468,71.54845197498798,390
2018-01-05,124.917,125.467,124.828,125.337,60.80016603413969,390
2018-01-08,125.197,125.298,124.887,125.298,50.708353117108345,390
2018-01-09,124.477,124.828,124.217,124.698,69.79899796191603,390
2018-01-10,125.168,125.278,124.747,125.028,73.91802977584302,390
2018-01-11,125.377,125.617,125.247,125.448,64.04629889503121,390
2018-01-12,126.007,127.108,125.808,126.968,84.59571706596762,390
2018-01-16,126.578,127.158,126.388,127.157,174.98779992759228,390
2018-01-17,126.757,127.207,125.888,126.158,202.59209491312504,390
2018-01-18,126.127,126.478,125.777,125.878,196.36852987855673,390
2018-01-19,126.557,126.697,126.398,126.438,157.34214988723397,390
2018-01-22,126.488,126.708,126.267,126.668,155.83944984152913,390
2018-01-23,126.517,127.327,126.337,127.267,172.45079004205763,390
2018-01-24,128.388,129.177,128.217,128.837,223.57341019809246,390
2018-01-25,128.678,129.478,127.348,127.948,291.12526991963387,390
2018-01-26,128.227,128.487,127.967,128.048,90.81332609594574,390
2018-01-29,127.568,127.618,126.907,127.348,41.61121204605752,390
2018-01-30,127.888,127.897,126.727,126.808,49.23358402795748,390
2018-01-31,127.447,127.818,126.398,127.698,61.02986101442366,390
2018-02-01,127.157,128.128,127.067,128.078,48.65051406107523,390
2018-02-02,126.787,126.828,125.947,126.388,62.565621023997664,390
2018-02-05,126.817,127.198,126.427,126.817,68.60451180671089,390
2018-02-06,126.527,126.488,125.217,125.408,309.5371369794011,390
2018-02-07,125.477,125.738,124.407,124.778,310.3515294492245,390
2018-02-08,124.887,125.377,124.507,124.998,310.5650694668293,390
2018-02-09,124.617,125.128,124.378,124.728,356.38575968146324,390
2018-02-12,125.177,125.807,125.097,125.388,219.1033099964261,390
2018-02-13,125.657,126.147,125.497,126.098,185.97675977274776,390
2018-02-14,126.458,128.557,126.278,128.267,263.08741307258606,390
2018-02-15,128.427,128.548,127.917,128.388,227.12457997724414,390
2018-02-16,128.277,128.647,127.557,127.948,192.53847608645083,390
2018-02-20,127.277,127.368,126.027,126.238,46.98013298578553,390
2018-02-21,126.357,126.698,125.437,125.638,15.819272972448744,390
2018-02-22,125.918,126.358,125.867,126.308,7.501928023660184,390
2018-02-23,126.047,126.217,125.847,126.118,5.292041037823765,390
2018-02-26,126.437,126.598,126.167,126.448,5.097556011160123,390
2018-02-27,126.037,126.087,124.577,125.108,10.383301013586788,390
2018-02-28,125.077,125.368,124.808,124.998,7.352800027910234,390
2018-03-01,124.137,125.258,123.567,124.738,17.173708040125348,390
2018-03-02,125.657,125.667,124.957,125.398,10.141414994003753,390
2018-03-05,125.337,125.448,124.957,125.168,3.5487610048248825,390
2018-03-06,126.197,126.928,126.117,126.498,5.470891995058992,390
2018-03-07,126.207,126.277,125.407,125.698,6.99440600938442,390
2018-03-08,125.677,125.688,125.098,125.418,6.859195010640633,390
2018-03-09,124.937,125.658,124.777,125.528,7.6769559960353035,390
2018-03-12,125.027,125.558,124.827,125.548,3.8061049940301928,390
2018-03-13,125.657,125.968,125.047,125.738,7.534361987769898,390
2018-03-14,125.477,125.728,125.327,125.677,83.30164108524332,390
2018-03-15,125.127,125.178,124.687,124.848,196.8523003757,390
2018-03-16,124.847,124.838,124.187,124.588,171.05981987714767,390
2018-03-19,124.548,125.137,124.387,124.877,190.10529014840722,390
2018-03-20,124.397,124.528,123.947,124.288,180.96030019968748,390
2018-03-21,125.388,126.718,125.007,126.477,334.4677793830633,390
2018-03-22,126.067,126.307,125.617,126.017,213.9277305006981,390
2018-03-23,127.818,128.008,127.377,127.657,211.09336006641388,390
2018-03-26,128.038,128.547,127.987,128.278,183.407490208745,390
2018-03-27,127.227,127.577,127.027,127.498,203.17513938248158,390
2018-03-28,126.468,126.507,125.487,125.728,197.85820807516575,390
2018-03-29,125.407,125.777,125.278,125.787,171.6210898384452,390
2018-04-02,126.638,127.497,126.347,127.278,225.00811012089252,390
2018-04-03,126.497,126.568,125.978,126.268,220.83728994429111,390
2018-04-04,127.468,127.438,126.297,126.418,190.93000080436468,390
2018-04-05,125.438,126.027,125.397,125.787,181.69537997618318,390
2018-04-06,126.557,126.527,126.107,126.407,215.94236980378628,390
2018-04-09,126.437,126.828,126.207,126.798,165.05962023139,390
2018-04-10,127.007,127.288,126.657,127.118,206.81673001497984,390
2018-04-11,128.068,129.408,127.747,128.097,246.28095000982285,390
2018-04-12,127.248,127.298,126.447,126.607,117.59963005299505,390
2018-04-13,127.068,127.678,127.008,127.447,191.37828999757767,390
2018-04-16,127.728,128.018,127.548,127.628,155.0080647887662,390
2018-04-17,127.018,127.748,126.977,127.727,173.01305955648422,390
2018-04-18,128.318,128.498,127.727,127.818,184.29603952169418,390
2018-04-19,127.787,127.857,127.098,127.638,221.15512973070145,390
2018-04-20,126.678,126.918,126.537,126.658,188.91128025203943,390
2018-04-23,125.598,125.728,125.317,125.598,184.90298037603498,390
2018-04-24,125.758,126.307,125.648,126.228,218.57932948693633,390
2018-04-25,125.218,125.478,125.027,125.367,209.32277972996235,390
2018-04-26,125.528,125.508,124.658,124.917,209.39114988408983,390
2018-04-27,125.187,125.588,125.147,125.468,176.24577000178397,390
2018-04-30,124.397,125.118,124.177,124.618,236.38718024641275,390
2018-05-01,123.877,123.947,123.367,123.698,223.47274959087372,390
2018-05-02,123.878,124.437,123.558,123.648,262.1756690442562,390
2018-05-03,124.658,124.708,124.208,124.297,233.9000794813037,390
2018-05-04,124.077,124.618,123.978,124.548,192.94295973330736,390
2018-05-07,124.468,124.658,124.268,124.558,171.736000046134,390
2018-05-08,124.118,124.858,123.767,124.568,263.64098009467125,390
2018-05-09,124.427,124.818,124.217,124.318,187.70208010822535,390
2018-05-10,125.197,125.327,124.717,125.147,195.81795977056026,390
2018-05-11,125.547,125.558,124.907,124.988,167.09359023720026,390
2018-05-14,125.147,125.188,124.407,124.478,167.48879988864064,390
2018-05-15,122.788,122.768,122.107,122.488,242.88999992609024,390
2018-05-16,122.357,122.568,121.998,122.288,199.5639899596572,390
2018-05-17,122.217,122.408,122.008,122.347,177.48849043995142,390
2018-05-18,122.037,122.627,121.997,122.398,170.63190448656678,390
2018-05-21,122.137,122.498,121.947,122.468,149.42876975610852,390
2018-05-22,122.677,122.708,122.318,122.408,171.55085975397378,390
2018-05-23,122.118,122.698,122.087,122.548,55.54832604032708,390
2018-05-24,123.088,123.797,123.057,123.598,91.52160104643553,390
2018-05-25,123.627,123.687,123.197,123.248,82.21577211190015,390
2018-05-29,122.818,123.597,122.647,123.218,103.4932400137186,390
2018-05-30,123.188,123.558,123.167,123.378,99.51144513580948,390
2018-05-31,123.248,123.738,123.087,123.098,116.1548235937953,390
2018-06-01,122.577,123.028,122.427,122.508,97.63419513474219,390
2018-06-04,122.837,122.877,122.367,122.378,81.53726001502946,390
2018-06-05,122.537,123.188,122.267,122.858,92.78338885307312,390
2018-06-06,123.047,123.288,122.657,122.898,83.0383771667257,390
2018-06-07,122.938,123.118,122.667,122.878,99.65917906071991,390
2018-06-08,123.067,123.088,122.887,123.018,70.99029404018074,390
2018-06-11,123.078,123.358,122.997,123.198,58.3729840926826,390
2018-06-12,122.918,123.108,122.617,122.808,63.76628088578582,390
2018-06-13,122.828,123.247,122.458,123.178,82.64912012871355,390
2018-06-14,123.617,123.808,123.307,123.388,70.97848914982751,390
2018-06-15,122.158,122.107,120.827,121.308,81.41782787628472,390
2018-06-18,121.338,121.388,120.977,121.118,52.181284989230335,390
2018-06-19,120.778,121.007,120.567,120.818,56.21753076463938,390
2018-06-20,120.767,120.777,120.147,120.248,55.733584966976196,390
2018-06-21,119.898,120.298,119.808,120.058,58.3811291269958,390
2018-06-22,120.197,120.367,120.087,120.337,51.19355010706931,390
2018-06-25,119.987,120.178,119.807,119.868,53.915166050195694,390
2018-06-26,119.267,119.547,119.077,119.258,54.901589102926664,390
2018-06-27,118.928,119.027,118.468,118.588,53.81997403128412,390
2018-06-28,118.588,118.647,117.998,118.218,61.421034895814955,390
2018-06-29,118.427,118.898,118.238,118.658,56.70583604648709,390
2018-07-02,118.177,118.178,117.387,117.428,67.42702006641775,390
2018-07-03,118.388,119.048,118.367,118.637,36.68584904447198,390
2018-07-05,118.898,119.308,118.748,119.058,66.44048000546172,390
2018-07-06,118.957,118.997,118.718,118.858,47.27515503810719,390
2018-07-09,119.638,119.708,119.117,119.158,55.68806600756943,390
2018-07-10,118.858,118.978,118.637,118.898,56.10827310744207,390
2018-07-11,118.428,118.498,117.608,117.638,85.30409704055637,390
2018-07-12,117.978,118.237,117.927,118.098,58.34339482942596,390
2018-07-13,117.598,117.727,117.427,117.578,67.25885698199272,390
2018-07-16,117.498,117.588,117.257,117.538,56.715294922702014,390
2018-07-17,116.688,116.867,116.107,116.268,74.01805105619133,390
2018-07-18,116.018,116.328,115.807,116.288,57.334768997039646,390
2018-07-19,115.117,116.337,115.107,115.798,82.90107501950115,390
2018-07-20,116.377,116.688,116.227,116.558,72.21306513273157,390
2018-07-23,116.217,116.268,115.747,116.018,58.33803406264633,390
2018-07-24,116.208,116.407,115.897,116.017,60.971304916311055,390
2018-07-25,116.767,116.808,116.247,116.658,63.47909296862781,390
2018-07-26,116.217,116.408,115.757,115.798,61.59351988695562,390
2018-07-27,115.907,116.207,115.747,115.838,62.20978280622512,390
2018-07-30,115.788,116.008,115.627,115.648,40.57856895995792,390
2018-07-31,115.447,116.268,115.377,115.968,62.157494123792276,390
2018-08-01,115.597,115.667,115.108,115.148,67.84461319632828,390
2018-08-02,115.148,115.208,114.407,114.508,57.07222491502762,390
2018-08-03,115.077,115.478,114.847,114.888,63.63825090043247,390
2018-08-06,114.538,114.698,114.297,114.318,51.77040287759155,390
2018-08-07,114.838,114.918,114.397,114.578,46.310616857837886,390
2018-08-08,114.738,114.928,114.397,114.888,52.428094951668754,390
2018-08-09,115.017,115.098,114.677,114.728,52.73963108053431,390
2018-08-10,114.778,115.208,114.588,114.668,72.49211870133877,390
2018-08-13,113.777,113.758,112.807,112.968,74.39226393634453,390
2018-08-14,113.227,113.448,112.827,113.058,61.94015617086552,390
2018-08-15,112.148,112.108,111.047,111.198,99.7451150007546,390
2018-08-16,111.447,111.858,111.087,111.108,76.44103302434087,390
2018-08-17,111.668,112.097,111.357,112.128,72.10117004998028,390
2018-08-20,112.368,112.718,112.137,112.668,56.287012072862126,390
2018-08-21,112.757,113.068,112.417,113.018,66.01194086787291,390
2018-08-22,113.367,113.468,113.057,113.258,67.69470186764374,390
2018-08-23,112.678,112.848,112.047,112.218,65.02240392868407,390
2018-08-24,113.237,114.388,113.197,114.128,79.68954893946648,390
2018-08-27,114.118,114.757,114.098,114.568,53.95304900687188,390
2018-08-28,114.737,114.828,113.537,113.718,73.07619694247842,390
2018-08-29,114.147,114.188,113.827,114.188,63.27102497196756,390
2018-08-30,113.887,113.907,113.227,113.638,78.12135515338741,390
2018-08-31,113.708,114.018,113.417,113.508,73.58166799275205,390
2018-09-04,113.487,113.487,112.597,112.928,62.14290012139827,390
2018-09-05,113.357,113.377,113.098,113.298,52.937289017718285,390
2018-09-06,113.877,114.188,113.268,113.548,70.1691059449222,390
2018-09-07,113.248,113.567,112.977,113.208,74.13097488274798,390
2018-09-10,113.237,113.408,112.977,113.138,52.2163991095731,390
2018-09-11,112.617,113.347,112.397,113.208,62.68972297012806,390
2018-09-12,113.097,114.368,113.037,114.158,80.5814121933654,390
2018-09-13,114.687,114.748,113.577,113.748,80.49611523747444,390
2018-09-14,113.767,113.858,112.887,112.998,89.19022000953555,390
2018-09-17,113.587,114.008,113.537,113.607,64.78227497660555,390
2018-09-18,113.757,113.858,113.257,113.408,79.24912786111236,390
2018-09-19,113.918,114.117,113.667,113.888,74.69006191613153,390
2018-09-20,114.178,114.327,113.837,114.248,75.60364094476608,390
2018-09-21,112.858,113.638,112.777,113.468,86.65255702100694,390
2018-09-24,113.667,113.937,113.407,113.458,71.13689609384164,390
2018-09-25,113.717,113.847,113.547,113.648,67.03077896032482,390
2018-09-26,113.097,113.567,112.647,113.067,98.56278404034674,390
2018-09-27,112.087,112.388,111.827,112.048,81.65217195195146,390
2018-09-28,112.137,112.928,112.057,112.758,76.03621499147266,390
2018-10-01,112.388,112.597,112.137,112.548,66.49513277411461,390
2018-10-02,113.697,114.317,113.587,113.848,90.1842231573537,390
2018-10-03,113.848,114.017,113.237,113.408,89.13518389500678,390
2018-10-04,113.817,114.167,113.237,113.488,93.29235704243183,390
2018-10-05,113.798,114.068,113.557,113.838,88.2589150806889,390
2018-10-08,112.237,112.567,111.977,112.508,80.90193769987673,390
2018-10-09,112.358,112.638,111.948,112.628,86.09592621144839,390
2018-10-10,112.448,112.928,112.237,112.928,94.16418928466737,390
2018-10-11,114.188,116.017,114.068,115.707,138.61992197483778,390
2018-10-12,115.548,115.698,115.067,115.258,99.82888716587331,390
2018-10-15,116.097,116.498,115.877,115.928,89.00059288647026,390
2018-10-16,116.467,116.537,115.807,115.897,72.28007996920496,390
2018-10-17,115.888,116.288,115.667,115.748,82.00238707754761,390
2018-10-18,115.807,116.357,115.617,115.898,90.41978296265006,390
2018-10-19,116.218,116.218,115.937,116.018,78.94235788844526,390
2018-10-22,115.538,115.748,115.417,115.678,70.81479301955551,390
2018-10-23,117.158,117.207,116.327,116.368,88.1267230885569,390
2018-10-24,116.358,116.658,116.087,116.668,80.69128091447055,390
2018-10-25,116.557,116.687,116.167,116.378,86.13327411003411,390
2018-10-26,116.808,117.607,116.547,116.728,112.63267073407769,390
2018-10-29,116.398,116.497,115.817,116.278,93.95092577114701,390
2018-10-30,115.827,115.987,115.617,115.768,86.27073713950813,390
2018-10-31,114.887,115.137,114.648,115.118,80.89961809571832,390
2018-11-01,116.318,117.048,116.167,116.658,91.83537204377353,390
2018-11-02,116.597,116.918,116.377,116.628,88.75215702038258,390
2018-11-05,116.258,116.638,116.217,116.378,63.08025904884562,390
2018-11-06,116.407,116.498,115.717,115.998,71.15454507805407,390
2018-11-07,116.247,116.307,115.887,115.988,69.5717780587729,390
2018-11-08,115.748,115.988,115.477,115.768,75.31794806336984,390
2018-11-09,114.557,114.717,114.128,114.458,85.85071814991534,390
2018-11-12,113.978,114.028,113.568,113.648,70.5533371642232,390
2018-11-13,113.698,113.888,113.397,113.668,92.86093195714056,390
2018-11-14,113.507,115.027,113.447,114.628,102.44471769221127,390
2018-11-15,114.787,114.967,114.547,114.738,91.65337001904845,390
2018-11-16,115.827,115.838,115.347,115.558,81.29902216047049,390
2018-11-19,115.448,115.848,115.348,115.708,89.12946709431708,390
2018-11-20,115.927,115.888,115.357,115.608,91.86020006984472,390
2018-11-21,115.918,116.317,115.837,115.858,67.43299014493823,390
2018-11-23,115.757,115.848,115.567,115.707,35.64377487078309,390
2018-11-26,115.828,115.837,115.517,115.618,58.64198103011586,390
2018-11-27,115.507,115.617,114.587,114.928,64.94113002019003,390
2018-11-28,114.737,115.938,114.568,115.408,83.99416670203209,390
2018-11-29,115.958,116.208,115.578,115.737,74.85564405284822,390
2018-11-30,115.398,115.637,115.027,115.548,65.4697090643458,390
2018-12-03,116.588,116.738,116.277,116.378,69.97463882016018,390
2018-12-04,117.368,117.358,116.918,117.058,75.67059113178402,390
2018-12-06,117.367,117.638,116.927,117.108,81.63211213890463,390
2018-12-07,117.608,118.207,117.517,118.048,95.47024905309081,390
2018-12-10,117.658,117.917,117.397,117.668,88.41257372754626,390
2018-12-11,117.638,117.867,117.337,117.538,84.95422804169357,390
2018-12-12,117.697,117.898,117.598,117.777,70.2108840662986,390
2018-12-13,117.507,117.588,117.247,117.548,63.330319167580456,390
2018-12-14,116.627,117.268,116.567,117.108,68.0273948116228,390
2018-12-17,117.348,117.998,117.337,117.838,77.3121968768537,390
2018-12-18,117.828,118.178,117.788,118.118,73.84862881759182,390
2018-12-19,118.247,118.937,117.387,117.427,177.3321033641696,390
2018-12-20,119.107,119.718,118.667,119.208,202.477185100317,390
2018-12-21,119.168,119.208,118.557,118.728,160.09416887164116,390
2018-12-24,119.557,120.108,119.547,119.978,106.84828277118504,390
2018-12-26,119.978,120.968,119.557,119.708,154.68377603963017,390
2018-12-27,120.558,120.868,120.118,120.518,154.13417587429285,390
2018-12-28,120.758,121.038,120.697,120.988,149.73665072023869,390
2018-12-31,120.957,121.228,120.817,121.218,125.25917579606175,390
2019-01-02,121.318,121.717,120.858,121.338,147.83651990210637,390
2019-01-03,121.768,122.418,121.717,122.428,172.35558785311878,390
2019-01-04,121.287,121.568,120.668,121.488,179.79922806378454,390
2019-01-07,122.117,122.188,121.557,121.818,119.56942261569202,390
2019-01-08,121.128,121.647,121.037,121.498,105.42717064823955,390
2019-01-09,121.437,122.308,121.427,122.278,125.83259102329612,390
2019-01-10,121.957,122.148,121.557,121.568,141.60229932889342,390
2019-01-11,121.737,122.008,121.638,121.788,118.92271568626165,390
2019-01-14,122.118,122.208,121.857,122.078,102.99143778020516,390
2019-01-15,122.278,122.348,121.608,121.838,160.8290408020839,390
2019-01-16,122.027,122.387,122.007,122.227,117.59792400896549,390
2019-01-17,122.008,122.238,121.797,122.098,118.6348208906129,390
2019-01-18,121.218,121.478,121.017,121.068,127.54863425344229,390
2019-01-22,121.167,121.478,120.887,121.398,120.80888463929296,390
2019-01-23,120.957,121.508,120.838,121.268,114.76136270351708,390
2019-01-24,121.148,121.327,120.907,121.068,129.24956407677382,390
2019-01-25,122.037,122.869,122.037,122.838,139.86474007368088,390
2019-01-28,122.828,123.241,122.697,123.248,132.60304386541247,390
2019-01-29,123.688,123.978,123.447,123.958,157.8105658814311,390
2019-01-30,123.867,125.018,123.697,124.648,152.17117108032107,390
2019-01-31,125.167,125.197,124.617,124.718,161.87949415296316,390
2019-02-01,124.877,125.028,124.347,124.531,146.89035807549953,390
2019-02-04,123.958,124.26,123.807,124.0,105.82003893889487,390
2019-02-05,124.257,124.368,124.037,124.268,101.75712399557233,390
2019-02-06,124.127,124.168,123.387,123.457,132.10151179879904,390
2019-02-07,123.788,123.928,123.417,123.761,139.53583394363523,390
2019-02-08,124.037,124.307,123.957,124.188,118.2498411051929,390
2019-02-11,123.188,123.787,123.177,123.638,107.6033729230985,390
2019-02-12,123.957,123.997,123.597,123.87,115.4973969552666,390
2019-02-13,123.828,124.498,123.297,123.378,143.52577874809504,390
2019-02-14,123.827,124.178,123.507,124.038,142.01030222326517,390
2019-02-15,124.577,124.928,124.158,124.907,135.22678988799453,390
2019-02-19,125.958,126.748,125.917,126.698,147.62247687205672,390
2019-02-20,126.977,127.191,126.287,126.528,165.38285098224878,390
2019-02-21,126.118,126.167,125.037,125.098,178.72796038724482,390
2019-02-22,125.528,125.918,125.377,125.498,150.4489993341267,390
2019-02-25,125.767,125.887,125.207,125.378,125.36241502966732,390
2019-02-26,125.328,125.591,125.047,125.558,134.55869030207396,390
2019-02-27,125.147,125.208,124.407,124.738,156.6048367843032,390
2019-02-28,124.687,124.648,123.967,124.049,158.78276119753718,390
2019-03-01,123.457,123.907,121.857,121.888,208.54852086305618,390
2019-03-04,121.527,121.818,121.167,121.568,173.2096744030714,390
2019-03-05,121.368,121.698,121.017,121.708,148.21677521662787,390
2019-03-06,121.397,121.617,121.238,121.618,136.7560911141336,390
2019-03-07,121.268,121.698,121.157,121.488,155.50431620329618,390
2019-03-08,122.657,122.868,122.347,122.818,165.42458096146584,390
2019-03-11,122.818,122.818,121.897,122.222,65.63060783594847,390
2019-03-12,122.527,122.99,122.387,122.993,136.28256414085627,390
2019-03-13,123.547,123.857,123.407,123.818,144.8614597991109,390
2019-03-14,122.308,122.521,122.107,122.488,136.4506743773818,390
2019-03-15,123.067,123.378,122.897,122.96,138.24801595974714,390
2019-03-18,123.288,123.378,122.868,123.059,128.764255695045,390
2019-03-19,123.698,123.768,123.327,123.388,145.64365888386965,390
2019-03-20,123.627,124.367,122.638,124.168,202.2840718999505,390
2019-03-21,124.317,124.35,123.087,123.698,209.9059780538082,390
2019-03-22,123.907,124.178,123.717,123.968,205.71321533620358,390
2019-03-25,124.538,125.088,124.467,124.918,195.02038110792637,390
2019-03-26,124.458,124.477,124.047,124.288,129.31365414708853,390
2019-03-27,124.327,124.337,123.537,123.668,156.94021081924438,390
2019-03-28,122.248,122.328,121.687,121.93,187.78984450176358,390
2019-03-29,122.638,122.71,121.997,122.008,177.39307348430157,390
2019-04-01,122.388,122.388,121.467,121.597,159.80506205838174,390
2019-04-02,121.698,121.988,121.657,121.958,112.18719015317038,390
2019-04-03,121.718,121.988,121.657,121.808,120.44111083447933,390
2019-04-04,121.098,122.208,120.937,122.108,132.25739614851773,390
2019-04-05,121.878,122.107,121.647,121.988,116.16771587356925,390
2019-04-08,122.967,122.978,122.397,122.548,107.12383093126118,390
2019-04-09,123.248,123.318,123.017,123.148,104.29523897590116,390
2019-04-10,123.187,123.738,123.167,123.518,118.61140170320868,390
2019-04-11,122.528,122.697,121.777,121.958,140.85648098541424,390
2019-04-12,121.968,122.287,121.787,121.868,103.78171314159408,390
2019-04-15,121.177,121.797,121.077,121.618,103.66964684519917,390
2019-04-16,120.358,120.607,120.177,120.508,143.85877511184663,390
2019-04-17,120.437,120.488,120.177,120.308,111.71441511344165,390
2019-04-18,120.218,120.507,120.137,120.378,91.9202490542084,390
2019-04-22,120.447,120.478,120.257,120.378,73.33890597335994,390
2019-04-23,119.657,120.188,119.537,120.098,128.2204971946776,390
2019-04-24,120.037,120.677,120.017,120.438,127.88041205331683,390
2019-04-25,120.718,121.068,120.487,120.598,112.59061674261466,390
2019-04-26,121.247,121.648,121.197,121.348,138.21159319765866,390
2019-04-29,120.857,120.888,120.647,120.838,100.7682370506227,390
2019-04-30,120.887,121.318,120.837,121.198,132.92718613520265,390
2019-05-01,121.008,121.488,120.157,120.418,147.66554867103696,390
2019-05-02,119.658,120.078,119.517,119.968,138.6021508567501,390
2019-05-03,120.527,121.058,120.457,120.638,156.55663293693215,390
2019-05-06,120.578,121.083,120.527,120.828,154.41329522803426,390
2019-05-07,120.988,121.377,120.887,121.231,209.59545828402042,390
2019-05-08,121.518,121.498,120.757,120.898,162.15892599429935,390
2019-05-09,120.928,121.568,120.847,121.188,167.0408848375082,390
2019-05-10,121.388,121.688,121.287,121.388,143.34255028516054,390
2019-05-13,122.568,122.828,122.307,122.658,174.83985745161772,390
2019-05-14,122.567,122.638,122.107,122.418,109.68312607193366,390
2019-05-15,122.678,122.738,122.197,122.338,127.76247279252857,390
2019-05-16,121.998,122.038,121.177,121.488,138.0557237342,390
2019-05-17,121.018,120.998,120.308,120.658,141.0016611162573,390
2019-05-20,120.468,120.718,120.397,120.648,112.7432349184528,390
2019-05-21,120.038,120.328,119.817,120.328,118.16102122142911,390
2019-05-22,120.338,120.478,120.167,120.218,111.3749727550894,390
2019-05-23,120.788,121.498,120.747,121.158,156.80363329313695,390
2019-05-24,121.128,121.288,120.877,121.268,98.02502908557653,390
2019-05-28,120.768,120.817,120.447,120.787,115.4104192154482,390
2019-05-29,121.068,121.218,120.727,120.838,127.08790596015751,390
2019-05-30,120.948,121.668,120.787,121.668,123.66461010463536,390
2019-05-31,122.528,123.378,122.297,123.328,139.385119009763,390
2019-06-03,124.058,125.318,123.887,125.088,191.57573414593935,390
2019-06-04,124.828,125.348,124.588,125.208,149.72028094157577,390
2019-06-05,126.168,126.347,125.217,125.448,167.2730749817565,390
2019-06-06,125.897,126.428,125.787,125.878,148.9491417882964,390
2019-06-07,126.798,127.218,126.308,126.568,154.13082197494805,390
2019-06-10,125.428,125.498,125.047,125.357,141.79301082529128,390
2019-06-11,124.937,125.358,124.867,125.198,136.67921167612076,390
2019-06-12,125.577,126.178,125.547,125.798,127.31368379294872,390
2019-06-13,126.008,126.748,125.937,126.588,117.90619394183159,390
2019-06-14,127.198,127.578,126.248,126.548,148.9789995290339,390
2019-06-17,126.667,126.738,126.157,126.458,124.42572951782495,390
2019-06-18,127.587,127.698,126.368,127.058,169.37497882544994,390
2019-06-19,126.758,127.918,126.678,127.897,176.28203754872084,390
2019-06-20,130.368,131.438,130.167,131.138,153.23983474820852,390
2019-06-21,131.768,132.128,131.057,132.038,155.1787477247417,390
2019-06-24,132.767,133.968,132.557,133.958,141.60743184760213,390
2019-06-25,134.858,135.508,133.187,134.188,213.40269497781992,390
2019-06-26,132.978,133.508,132.397,132.947,161.49420501291752,390
2019-06-27,132.367,132.948,132.238,132.828,135.5262648575008,390
2019-06-28,133.028,133.308,132.588,133.157,132.16153998672962,390
2019-07-01,131.548,131.618,130.537,130.608,137.35900098085403,390
2019-07-02,131.267,133.518,131.147,133.408,166.3884129151702,390
2019-07-03,133.578,134.048,133.218,133.727,111.05318893072945,390
2019-07-05,131.428,132.277,130.798,132.168,169.23996756225824,390
2019-07-08,132.158,132.298,131.267,131.328,113.01717907376587,390
2019-07-09,131.408,132.018,131.137,131.758,111.16018270654604,390
2019-07-10,132.928,133.808,132.328,133.848,192.07199943065643,390
2019-07-11,133.538,133.678,132.397,132.698,142.44882186874747,390
2019-07-12,132.867,133.657,132.507,133.528,115.41723097115755,390
2019-07-15,133.157,133.488,132.787,133.508,96.8093349817209,390
2019-07-16,133.168,133.258,132.117,132.377,142.1441961452365,390
2019-07-17,132.988,134.568,132.887,134.578,142.8514210358262,390
2019-07-18,133.818,136.608,133.588,136.498,178.4175354540348,390
2019-07-19,135.438,136.007,133.938,134.468,211.60608797706664,390
2019-07-22,134.517,134.788,134.297,134.448,130.35797538235784,390
2019-07-23,134.438,134.868,133.547,133.678,144.35665791854262,390
2019-07-24,134.568,134.717,133.957,134.348,122.1670996863395,390
2019-07-25,134.208,134.148,133.068,133.438,168.65693731419742,390
2019-07-26,134.218,134.247,133.577,133.618,134.46408725716174,390
2019-07-29,134.028,134.701,133.438,134.518,117.91846583783627,390
2019-07-30,134.738,135.118,134.387,134.988,125.2007777504623,390
2019-07-31,134.998,135.098,133.007,133.238,232.8160410001874,390
2019-08-01,132.368,136.378,132.287,136.408,272.2023141756654,390
2019-08-02,135.368,136.549,135.347,135.92,232.6375060006976,390
2019-08-05,137.908,138.608,137.028,137.828,250.03170512616634,390
2019-08-06,138.307,138.991,137.987,138.931,207.23363707959652,390
2019-08-07,141.258,142.358,140.867,141.018,319.37451151013374,390
2019-08-08,140.867,142.328,140.697,141.797,220.68474589288235,390
2019-08-09,141.257,141.991,140.947,141.288,233.33078154921532,390
2019-08-12,141.667,143.068,141.628,142.628,202.8918007016182,390
2019-08-13,143.168,143.119,139.438,141.781,294.688698194921,390
2019-08-14,142.887,143.718,142.042,142.778,321.21598079800606,390
2019-08-15,142.938,143.998,142.598,143.691,287.429132476449,390
2019-08-16,142.728,143.031,141.788,142.788,217.10201421380043,390
2019-08-19,141.298,141.738,140.827,141.078,210.9525330066681,390
2019-08-20,141.738,142.208,141.587,142.217,181.51572707295418,390
2019-08-21,141.597,142.138,141.457,141.758,117.48912796750665,390
2019-08-22,141.367,141.828,141.157,141.398,108.97075689351186,390
2019-08-23,141.838,144.277,141.618,144.178,255.2640711888671,390
2019-08-26,144.357,144.937,143.907,144.208,106.83798784017563,390
2019-08-27,144.308,145.628,144.267,145.508,126.4060628414154,390
2019-08-28,145.348,145.668,144.627,145.167,126.41312190517783,390
2019-08-29,145.388,145.428,143.278,144.118,295.93665905017406,390
2019-08-30,143.898,144.407,143.017,143.738,160.7804995533079,390
2019-09-03,144.947,146.097,144.728,145.748,67.93700012937188,390
2019-09-04,145.528,146.798,145.478,146.668,71.27899980172515,390
2019-09-05,144.968,144.967,141.997,143.158,91.24374990910292,390
2019-09-06,143.648,144.008,141.847,141.968,89.41299992054701,390
2019-09-09,142.348,142.437,141.168,141.458,70.49174991995096,390
2019-09-10,141.168,141.498,140.167,140.198,75.63800001889467,390
2019-09-11,140.337,141.228,140.267,141.067,56.40725005604327,390
2019-09-12,142.677,143.077,141.087,141.328,78.47624983079731,390
2019-09-13,141.727,141.978,140.048,140.168,71.79900000058115,390
2019-09-16,141.597,141.968,141.017,141.388,61.064500231295824,390
2019-09-17,141.797,142.098,141.217,141.618,57.19124999642372,390
2019-09-18,141.608,142.448,139.808,140.728,69.76574994437397,390
2019-09-19,141.558,141.697,141.077,141.298,45.70999993244186,390
2019-09-20,141.588,142.998,141.448,142.978,56.545000003650784,390
2019-09-23,143.177,143.908,143.057,143.758,46.860749972984195,390
2019-09-24,143.178,144.727,142.858,144.518,89.16324995458126,390
2019-09-25,144.058,144.218,141.427,141.808,84.38250015303493,390
2019-09-26,142.178,142.538,141.548,141.808,69.30274980142713,390
2019-09-27,140.338,141.647,140.147,141.048,91.03350004181266,390
2019-09-30,139.778,140.168,138.017,138.908,73.34200007468462,390
2019-10-01,138.068,140.158,137.788,139.688,93.86400004662573,390
2019-10-02,140.757,141.827,140.447,141.298,92.18249975144863,390
2019-10-03,141.328,143.118,141.307,141.918,91.15074979141355,390
2019-10-04,141.468,142.217,141.127,141.908,73.95725021511316,390
2019-10-07,141.158,141.728,140.237,140.708,62.845000091940165,390
2019-10-08,142.027,142.147,141.157,141.948,80.37774988263845,390
2019-10-09,142.147,142.388,141.647,142.088,54.47524994984269,390
2019-10-10,141.597,141.548,140.567,140.818,65.39100002124906,390
2019-10-11,139.977,140.118,138.907,140.028,84.41849990189075,390
2019-10-14,140.438,140.778,140.337,140.618,33.82600002549589,390
2019-10-15,140.217,140.248,139.198,139.608,55.78925001621246,390
2019-10-16,140.148,140.478,139.688,140.448,52.647500056773424,390
2019-10-17,140.507,141.098,140.407,140.608,53.4790000077337,390
2019-10-18,140.487,140.678,140.297,140.488,49.36800003238022,390
2019-10-21,140.718,140.747,139.598,139.788,43.07225003093481,390
2019-10-22,140.108,140.267,139.707,140.198,43.8547500167042,390
2019-10-23,140.598,140.967,139.998,140.558,37.04099993035197,390
2019-10-24,140.998,141.728,140.927,141.568,37.38950000423938,390
2019-10-25,142.807,142.787,141.387,141.878,53.123749976977706,390
2019-10-28,141.218,141.088,140.397,140.668,42.69950016401708,390
2019-10-29,140.027,140.488,139.787,140.268,42.31024998193607,390
2019-10-30,140.507,140.988,139.547,141.018,59.412500036880374,390
2019-10-31,141.968,142.678,141.878,142.408,51.71700009331107,390
2019-11-01,142.188,142.728,141.998,142.578,44.77974990569055,390
2019-11-04,142.228,142.438,141.737,142.138,32.49999997578561,390
2019-11-05,140.638,140.878,139.367,139.888,48.475499806925654,390
2019-11-06,140.097,140.748,139.988,140.478,36.03549989312887,390
2019-11-07,140.098,140.187,137.588,138.318,66.16800009086728,390
2019-11-08,137.698,138.317,137.378,137.458,41.6559999641031,390
2019-11-11,137.598,137.768,136.427,137.068,30.241000024601817,390
2019-11-12,137.037,137.558,136.187,137.428,46.41675001941621,390
2019-11-13,137.777,138.208,137.617,137.968,39.37600006395951,390
2019-11-14,138.378,138.868,137.997,138.568,41.7112499717623,390
2019-11-15,138.008,138.398,137.997,138.198,21.76374999852851,390
2019-11-18,138.448,138.827,138.277,138.638,34.05950000230223,390
2019-11-19,138.138,138.958,138.137,138.698,36.323250045999885,390
2019-11-20,138.518,138.988,137.997,138.787,51.28375000320375,390
2019-11-21,138.377,138.537,137.757,138.028,46.173750075977296,390
2019-11-22,138.367,138.428,137.657,137.768,33.90849992679432,390
2019-11-25,137.308,137.568,136.987,137.058,27.903500004671514,390
2019-11-26,136.968,137.768,136.577,137.758,25.47625007899478,390
2019-11-27,137.017,137.188,136.827,137.047,23.703749991953373,390
2019-11-29,137.078,138.118,136.868,137.948,25.34424997959286,390
2019-12-02,137.308,137.978,137.028,137.828,44.80450006015599,390
2019-12-03,139.048,139.527,138.957,139.138,45.62899998947978,390
2019-12-04,139.138,139.138,138.587,138.938,32.264750020578504,390
2019-12-05,138.788,139.438,138.787,139.008,34.60525000747293,390
2019-12-06,137.748,137.788,137.137,137.588,32.51049998868257,390
2019-12-09,137.798,137.797,137.437,137.598,22.437249990180135,390
2019-12-10,138.228,138.318,137.737,137.958,31.706250028684735,390
2019-12-11,138.197,139.248,137.898,138.948,36.819999990053475,390
2019-12-12,139.778,139.798,137.867,138.458,60.8799999775365,390
2019-12-13,138.518,139.198,137.978,139.088,56.522499966435134,390
2019-12-16,139.198,139.358,138.787,139.058,22.245000037830323,390
2019-12-17,139.018,139.168,138.847,138.998,26.38925007544458,390
2019-12-18,138.857,139.197,138.797,139.018,24.171749998815358,390
2019-12-19,139.038,139.498,138.857,139.338,24.184999966528267,390
2019-12-20,139.368,139.437,138.977,139.148,21.284250019467436,390
2019-12-23,139.558,139.928,139.538,139.928,21.942000025417656,390
2019-12-24,140.437,141.288,140.418,141.208,18.773500006645918,390
2019-12-26,142.068,142.448,141.897,142.388,29.738000015728176,390
2019-12-27,142.237,142.697,142.157,142.308,32.779250046703964,390
2019-12-30,142.547,142.778,142.458,142.658,31.908000118797645,390
2019-12-31,143.287,143.558,142.787,142.928,34.61100001446903,390
2020-01-02,143.838,144.188,143.397,143.937,27.844499997445382,390
2020-01-03,145.768,146.267,145.397,145.867,48.83650003746152,390
2020-01-06,148.418,148.368,146.938,147.428,62.176500130444765,390
2020-01-07,147.548,148.118,147.407,148.008,46.606499968096614,390
2020-01-08,148.498,148.567,146.127,146.958,69.53199992328882,390
2020-01-09,146.058,146.398,145.428,146.008,53.628499921411276,390
2020-01-10,146.228,146.958,146.158,146.928,48.49650013260543,390
2020-01-13,146.327,146.358,145.767,145.857,45.84200011007488,390
2020-01-14,145.408,145.718,145.068,145.678,49.8285000231117,390
2020-01-15,146.218,146.707,145.807,146.548,47.904999889433384,390
2020-01-16,146.217,146.418,145.738,146.318,42.3332499768585,390
2020-01-17,146.488,146.977,146.298,146.588,36.53499997407198,390
2020-01-21,145.718,146.817,145.047,146.768,47.28150008060038,390
2020-01-22,146.678,146.758,146.377,146.768,36.36800001561642,390
2020-01-23,146.627,147.608,146.598,147.108,54.43474997766316,390
2020-01-24,146.918,148.347,146.888,147.978,77.65549995005131,390
2020-01-27,149.208,149.198,148.447,149.018,65.03299993742257,390
2020-01-28,148.338,148.528,147.008,147.707,57.41550000011921,390
2020-01-29,147.677,148.537,147.598,148.468,57.04724999330938,390
2020-01-30,148.658,149.268,148.007,148.468,78.15349986031651,390
2020-01-31,148.857,149.588,148.797,149.358,91.00224998220801,390
2020-02-03,148.647,148.738,147.598,148.408,67.5395000949502,390
2020-02-04,146.948,147.008,145.797,146.418,51.51675000600517,390
2020-02-05,146.358,146.798,146.007,146.608,54.26625004783273,390
2020-02-06,147.267,147.558,146.987,147.418,44.57649998366833,390
2020-02-07,147.808,148.128,147.327,147.778,61.271499970927835,390
2020-02-10,148.198,148.428,147.917,148.148,33.347999939695,390
2020-02-11,148.007,148.138,147.018,147.648,48.78924992121756,390
2020-02-12,147.398,147.788,147.147,147.518,38.396249974146485,390
2020-02-13,148.248,148.508,147.937,148.378,50.4517501052469,390
2020-02-14,148.727,149.098,148.618,148.988,37.52200004737824,390
2020-02-18,149.868,151.068,149.457,150.918,45.383999961894006,390
2020-02-19,150.977,151.808,150.807,151.808,46.779249992221594,390
2020-02-20,151.987,152.808,151.947,152.418,76.38150018453598,390
2020-02-21,154.398,155.197,154.178,154.708,77.9785001128912,390
2020-02-24,158.348,158.308,155.358,156.168,105.25750006735325,390
2020-02-25,155.118,156.078,152.908,153.777,143.08975014090538,390
2020-02-26,153.818,155.238,152.518,154.088,120.81349992007017,390
2020-02-27,155.538,156.248,153.508,154.138,139.25449985265732,390
2020-02-28,152.698,152.617,147.028,148.578,127.15725019574165,390
2020-03-02,149.958,150.688,149.027,149.207,77.32824982330203,390
2020-03-03,150.817,155.168,150.717,153.908,114.82399956136942,390
2020-03-04,154.368,154.827,153.738,154.198,64.29099998995662,390
2020-03-05,156.007,157.548,155.718,157.508,95.34325010329485,390
2020-03-06,158.318,159.218,154.488,157.558,148.87900026142597,390
2020-03-09,158.498,158.447,155.997,157.978,121.48049983382225,390
2020-03-10,156.228,156.308,154.108,154.858,134.77300009131432,390
2020-03-11,156.247,156.458,153.508,154.088,97.91700015962124,390
2020-03-12,151.528,151.408,146.837,147.828,117.38424989383202,390
2020-03-13,149.398,149.507,141.497,143.198,116.8704999089241,390
2020-03-16,137.558,142.817,135.997,141.908,81.3380000628531,390
2020-03-17,140.217,145.977,139.797,143.908,97.94425028562546,390
2020-03-18,141.668,142.618,137.997,140.798,97.7954999859212,390
2020-03-19,139.048,140.347,137.798,138.248,94.02250000834465,390
2020-03-20,140.697,141.088,138.998,140.368,75.58650010824203,390
2020-03-23,142.628,146.908,141.997,146.308,90.10000007972121,390
2020-03-24,153.498,155.548,151.998,153.508,28.806499993428588,390
2020-03-25,151.658,152.677,150.997,151.548,23.331999992020428,390
2020-03-26,153.298,154.668,152.008,153.558,26.205999990925193,390
2020-03-27,152.867,153.477,151.518,152.488,30.428000004030764,390
2020-03-30,152.298,153.048,151.547,152.878,57.234499998390675,390
2020-03-31,150.898,151.768,147.967,148.327,62.83100011944771,390
2020-04-01,148.098,149.997,147.778,149.608,36.87374993599951,390
2020-04-02,151.107,152.437,150.527,151.948,46.80300012975931,390
2020-04-03,152.058,153.047,151.497,152.738,42.4720000308007,390
2020-04-06,154.017,157.168,153.937,156.958,60.55950006842613,390
2020-04-07,155.127,156.098,153.998,156.028,42.236999940127134,390
2020-04-08,154.828,155.818,154.508,154.688,30.90324998088181,390
2020-04-09,158.017,159.038,157.008,158.597,54.40375006943941,390
2020-04-13,159.098,162.308,158.607,161.598,71.02700006961823,390
2020-04-14,162.668,164.337,161.757,162.688,65.6442499794066,390
2020-04-15,161.458,162.498,160.797,162.248,41.88825001753867,390
2020-04-16,160.997,163.078,160.637,161.728,48.325999945402145,390
2020-04-17,159.178,159.968,158.057,158.558,44.001749988645315,390
2020-04-20,158.558,160.088,158.457,159.658,43.676749961450696,390
2020-04-21,157.258,158.998,157.017,158.668,54.84899997804314,390
2020-04-22,160.538,161.658,160.397,161.728,56.37550002709031,390
2020-04-23,162.188,163.508,161.838,163.168,64.98374999500811,390
2020-04-24,163.047,163.218,160.858,162.668,54.15575009211898,390
2020-04-27,161.718,161.907,160.428,161.622,39.94000005349517,390
2020-04-28,160.817,160.887,159.008,160.838,47.86125003173947,390
2020-04-29,160.038,161.728,159.748,161.758,57.174500070512295,390
2020-04-30,160.257,160.768,158.047,159.027,61.24075008556247,390
2020-05-01,157.798,160.357,157.797,159.898,49.07049999386072,390
2020-05-04,160.197,160.838,159.898,160.308,51.1240001488477,390
2020-05-05,159.608,161.057,159.307,160.998,61.17150006443262,390
2020-05-06,159.078,159.687,158.098,159.088,50.430249992758036,390
2020-05-07,159.507,161.928,159.337,161.438,60.635249976068735,390
2020-05-08,160.917,161.867,159.997,160.518,53.26924994960427,390
2020-05-11,160.198,160.618,159.047,159.518,47.6687499396503,390
2020-05-12,160.238,160.888,159.707,160.178,50.44250004738569,390
2020-05-13,160.838,161.568,160.507,161.618,65.86825004220009,390
2020-05-14,161.467,163.308,161.467,163.048,66.11249986663461,390
2020-05-15,163.968,164.738,163.078,163.958,59.683249954134226,390
2020-05-18,164.307,164.478,162.397,162.728,66.15050003677607,390
2020-05-19,163.518,164.377,163.028,164.278,51.48299990966916,390
2020-05-20,164.448,164.908,163.878,164.618,57.45799998845905,390
2020-05-21,163.442,163.478,161.368,162.228,60.309499971568584,390
2020-05-22,162.857,163.438,162.717,163.228,45.4392500706017,390
2020-05-26,162.518,162.338,160.687,160.978,53.79150012508035,390
2020-05-27,159.298,161.268,159.197,161.218,65.66625016927719,390
2020-05-28,162.127,162.368,160.928,161.768,61.92025000974536,390
2020-05-29,162.578,163.358,162.307,162.898,59.121499955654144,390
2020-06-01,162.918,163.717,162.388,163.678,46.99850009009242,390
2020-06-02,163.878,164.037,161.847,162.608,60.29849995672703,390
2020-06-03,160.308,160.848,158.817,159.608,60.82600003294647,390
2020-06-04,161.098,161.798,159.828,161.288,58.86624990031123,390
2020-06-05,158.618,158.648,157.037,158.018,66.00125009566545,390
2020-06-08,158.857,159.837,158.457,159.708,55.18850003555417,390
2020-06-09,161.048,161.738,160.867,161.228,51.123000130057335,390
2020-06-10,162.047,163.558,160.497,163.617,69.09875018894672,390
2020-06-11,163.288,164.038,161.957,162.417,80.81850001215935,390
2020-06-12,163.337,163.838,162.537,162.738,61.85499997064471,390
2020-06-15,160.478,162.457,160.148,162.338,65.0049999691546,390
2020-06-16,161.808,162.658,161.348,162.248,61.05599993094802,390
2020-06-17,161.998,162.608,161.757,162.568,45.35425002872944,390
2020-06-18,162.138,162.258,161.418,162.188,37.547250046394765,390
2020-06-19,162.778,164.008,162.768,164.018,59.268500009551644,390
2020-06-22,165.067,165.668,164.407,165.118,63.018999978899956,390
2020-06-23,165.578,166.447,165.517,166.508,56.27425004541874,390
2020-06-24,165.918,166.947,165.108,165.948,69.20350004732609,390
2020-06-25,165.847,165.868,165.157,165.798,52.93674995936453,390
2020-06-26,164.827,166.538,164.247,166.528,70.55400012061,390
2020-06-29,166.478,166.768,166.167,166.618,42.43474987708032,390
2020-06-30,166.247,167.968,166.167,167.408,63.47275000438094,390
2020-07-01,167.007,166.797,165.337,166.638,68.63650004565716,390
2020-07-02,166.137,167.227,165.998,166.928,54.12974998354912,390
2020-07-06,167.797,167.937,167.187,167.988,44.64825005084276,390
2020-07-07,167.328,168.988,167.328,168.988,53.36875008046627,390
2020-07-08,170.287,170.808,169.767,170.058,53.22674997150898,390
2020-07-09,170.417,170.608,168.777,169.588,67.23999986052513,390
2020-07-10,169.938,170.098,168.557,169.158,56.598499938845634,390
2020-07-13,170.298,170.348,169.157,169.378,61.317749954760075,390
2020-07-14,168.918,170.188,168.807,170.188,61.35800002841279,390
2020-07-15,169.607,170.377,169.367,170.348,56.71099992468953,390
2020-07-16,169.747,169.958,168.637,168.708,48.78899996727705,390
2020-07-17,169.908,170.228,169.597,170.158,41.19300005026162,390
2020-07-20,170.738,171.058,170.247,170.918,50.357999986968935,390
2020-07-21,172.488,173.228,172.308,172.998,59.68475002795458,390
2020-07-22,174.007,175.737,173.737,175.688,82.00400004163384,390
2020-07-23,176.208,178.357,175.647,177.248,110.36199990659952,390
2020-07-24,179.078,179.078,178.177,178.768,99.37274986505508,390
2020-07-27,181.817,182.788,181.528,182.218,100.67574973776937,390
2020-07-28,181.957,184.237,181.327,183.978,117.81224995851517,390
2020-07-29,183.998,186.007,182.377,185.108,118.72149987518787,390
2020-07-30,183.408,184.297,182.128,183.778,100.30849981307983,390
2020-07-31,184.467,185.728,184.108,185.487,119.8759997934103,390
2020-08-03,185.048,185.797,184.187,185.718,82.11300002038479,390
2020-08-04,185.578,189.527,185.197,189.568,113.31174992024899,390
2020-08-05,191.598,193.078,190.598,191.468,126.05600004643202,390
2020-08-06,193.737,194.407,192.517,193.898,119.44900027662516,390
2020-08-07,192.667,192.858,189.327,190.828,146.00249955058098,390
2020-08-10,191.187,192.568,189.667,190.177,119.63775008916855,390
2020-08-11,183.547,183.937,179.417,180.077,167.51574978232384,390
2020-08-12,182.578,183.068,179.037,179.338,134.70474998652935,390
2020-08-13,181.528,184.668,181.347,183.408,144.95574989169836,390
2020-08-14,183.387,183.597,181.478,182.558,118.27875028550625,390
2020-08-17,184.678,186.948,184.637,186.517,107.32800003886223,390
2020-08-18,189.118,189.308,185.617,188.287,133.80000008642673,390
2020-08-19,187.208,187.398,181.698,182.298,164.3145001232624,390
2020-08-20,181.178,183.658,180.878,183.497,131.60700011998415,390
2020-08-21,182.078,182.668,180.477,182.058,461470.6402466893,390
2020-08-24,182.857,182.758,180.667,180.988,362285.0,390
2020-08-25,180.997,181.178,179.737,181.228,421312.50244140625,390
2020-08-26,180.207,183.497,180.178,183.387,521715.0007324219,390
2020-08-27,185.048,184.508,179.157,181.277,779082.5034179688,390
2020-08-28,183.958,185.338,183.397,184.477,471732.5026855469,390
2020-08-31,184.748,185.447,184.527,185.038,290057.5,390
2020-09-01,186.928,186.737,184.317,185.077,393855.0007324219,390
2020-09-02,183.707,183.698,181.497,182.598,440557.5007324219,390
2020-09-03,182.247,182.697,180.468,181.278,573622.5,390
2020-09-04,180.917,182.018,180.027,181.688,494977.5,390
2020-09-08,179.487,182.218,179.007,181.378,611425.1066894531,390
2020-09-09,182.457,183.198,182.158,182.998,360645.0,390
2020-09-10,184.237,184.618,182.267,182.458,594182.5,390
2020-09-11,183.087,183.507,181.997,182.428,404277.5007324219,390
2020-09-14,183.508,184.257,182.907,183.918,232417.50073242188,390
2020-09-15,184.428,184.638,182.908,183.468,361877.5,390
2020-09-16,184.977,184.958,183.307,183.918,576570.0,390
2020-09-17,181.877,183.018,181.457,182.998,422325.0,390
2020-09-18,183.038,184.067,182.617,183.178,300357.5,390
2020-09-21,179.828,180.218,176.718,179.528,682290.0,390
2020-09-22,179.618,179.988,178.097,178.627,516490.05114746094,390
2020-09-23,176.897,177.197,174.177,174.827,612230.0,390
2020-09-24,174.378,176.207,173.758,175.468,499557.5,390
2020-09-25,174.357,175.278,173.877,174.988,383282.5009765625,390
2020-09-28,175.777,176.788,175.057,176.668,416757.5007324219,390
2020-09-29,177.177,178.288,176.917,178.218,318445.0,390
2020-09-30,177.667,178.577,176.657,177.117,563420.0009765625,390
2020-10-01,178.678,179.447,178.017,178.808,540662.5,390
2020-10-02,178.668,179.197,178.008,178.597,379475.0,390
2020-10-05,178.967,180.097,178.887,179.448,298527.5,390
2020-10-06,180.098,180.277,176.998,177.288,512795.0,390
2020-10-07,177.028,177.377,176.408,177.228,349847.5,390
2020-10-08,178.127,178.388,176.658,177.858,244757.5,390
2020-10-09,180.097,181.137,179.917,181.108,246880.0,390
2020-10-12,180.558,180.788,180.167,180.578,258760.0,390
2020-10-13,178.547,178.487,177.097,177.758,389817.5,390
2020-10-14,179.087,179.538,178.267,178.587,245897.5,390
2020-10-15,177.647,179.118,177.567,178.948,384735.0,390
2020-10-16,179.157,179.257,178.127,178.297,253840.0,390
2020-10-19,179.407,179.447,178.357,178.418,281260.0,390
2020-10-20,178.527,179.648,178.067,179.268,319827.5,390
2020-10-21,180.458,181.277,180.208,180.638,323580.0,390
2020-10-22,178.867,178.987,177.747,178.848,275247.5,390
2020-10-23,179.087,179.158,177.777,178.668,300530.0009765625,390
2020-10-26,178.727,179.078,178.217,178.538,341245.0,390
2020-10-27,178.707,179.358,178.468,179.038,234780.0,390
2020-10-28,176.438,176.818,175.437,176.138,409117.5,390
2020-10-29,175.018,176.118,174.807,175.508,435390.0,390
2020-10-30,177.178,177.308,175.937,176.238,276522.5,390
2020-11-02,177.407,177.908,177.118,177.908,163417.5,390
2020-11-03,178.938,179.277,178.267,178.947,171015.0,390
2020-11-04,178.928,179.137,177.637,178.888,294787.50146484375,390
2020-11-05,180.987,183.258,180.957,182.968,297037.5,390
2020-11-06,183.327,183.507,181.998,183.218,263737.5,390
2020-11-09,176.368,176.387,173.637,175.117,541157.5007324219,390
2020-11-10,176.718,176.888,175.657,175.708,330087.5,390
2020-11-11,174.687,175.238,174.417,174.878,239915.0,390
2020-11-12,176.038,176.748,175.837,175.978,267067.5,390
2020-11-13,177.608,177.788,176.828,177.178,222925.0,390
2020-11-16,177.208,177.888,176.867,177.128,254302.5,390
2020-11-17,177.247,177.398,176.087,176.517,197457.5,390
2020-11-18,176.247,176.807,175.347,175.478,178982.5,390
2020-11-19,174.268,175.187,174.147,175.198,219257.5,390
2020-11-20,176.127,176.368,175.567,175.798,173250.0,390
2020-11-23,175.088,175.208,171.767,172.248,369642.5017089844,390
2020-11-24,169.297,169.618,168.868,169.607,260532.5,390
2020-11-25,169.958,170.488,169.187,169.498,194425.0,390
2020-11-27,166.868,167.808,166.757,167.758,177185.0,390
2020-11-30,166.668,167.408,166.007,166.657,295950.0,390
2020-12-01,169.697,170.468,169.297,170.228,305120.0,390
2020-12-02,170.568,171.708,170.147,171.487,247505.0,390
2020-12-03,172.617,172.807,171.067,172.837,275705.0,390
2020-12-04,172.787,173.238,171.597,172.338,244580.0,390
2020-12-07,172.548,175.198,172.507,174.878,269825.0,390
2020-12-08,175.518,175.887,174.697,175.498,259705.0,390
2020-12-09,173.867,174.008,171.227,172.467,434025.0009765625,390
2020-12-10,172.877,173.527,171.697,172.198,315910.0,390
2020-12-11,172.217,173.278,172.097,172.547,235017.5,390
2020-12-14,171.888,172.468,170.907,171.538,272647.5,390
2020-12-15,173.427,173.958,173.027,173.958,240570.0,390
2020-12-16,174.078,174.928,173.017,174.908,365692.5009765625,390
2020-12-17,177.158,177.847,176.567,176.768,274577.5,390
2020-12-18,176.617,176.947,176.087,176.438,233977.5009765625,390
2020-12-21,176.218,176.857,175.758,175.937,362070.0,390
2020-12-22,176.198,176.318,174.327,174.568,334315.0,390
2020-12-23,175.097,176.098,175.047,175.717,261085.0,390
2020-12-24,175.558,176.348,175.498,176.337,116355.0,390
2020-12-28,176.337,177.878,175.617,175.718,286180.0,390
2020-12-29,176.257,176.938,175.557,176.348,254895.0,390
2020-12-30,176.448,177.648,176.398,177.708,225942.5,390
2020-12-31,178.018,178.348,177.307,178.388,229892.5,390
2021-01-04,178.328,182.358,178.328,182.368,420372.5,390
2021-01-05,182.838,183.127,181.817,182.858,321620.0,390
2021-01-06,181.478,181.467,178.237,179.968,587655.0,390
2021-01-07,179.647,179.898,178.827,179.508,214476.47499716282,390
2021-01-08,176.848,176.888,171.458,173.307,7431.400732636452,390
2021-01-11,172.118,173.638,172.017,173.028,4056.049992442131,390
2021-01-12,173.048,174.147,172.318,174.107,3444.6257506608963,390
2021-01-13,173.658,174.407,173.047,173.347,2659.7749987840652,390
2021-01-14,173.407,174.177,172.647,173.328,3733.275990843773,390
2021-01-15,172.818,173.018,170.967,171.177,3623.7780022621155,390
2021-01-19,172.728,172.817,171.907,172.577,2716.7750082984567,390
2021-01-20,174.377,175.437,173.808,175.408,3769.9750028550625,390
2021-01-21,175.077,175.498,174.497,175.398,2418.474999189377,390
2021-01-22,172.878,174.258,172.327,173.887,3222.950001627207,390
2021-01-25,174.788,174.917,173.167,174.058,3349.449995815754,390
2021-01-26,173.977,174.218,173.417,173.628,2455.224999278784,390
2021-01-27,172.907,173.478,171.667,172.618,4557.800003170967,390
2021-01-28,174.268,174.668,172.017,172.708,5147.676002860069,390
2021-01-29,174.818,175.078,172.667,172.798,5468.500006914139,390
2021-02-01,175.048,175.137,174.037,174.268,5003.800006866455,390
2021-02-02,172.468,172.458,171.507,172.148,4123.726006612182,390
2021-02-03,172.307,172.537,171.518,171.878,2739.475005187094,390
2021-02-04,168.278,168.378,167.328,168.178,3573.750007286668,390
2021-02-05,168.967,170.157,168.667,169.798,2718.6749963462353,390
2021-02-08,171.958,172.348,171.487,171.548,2496.74999435246,390
2021-02-09,172.547,172.977,171.728,172.098,2620.3249951303005,390
2021-02-10,173.117,173.157,171.997,172.728,3415.8000019937754,390
2021-02-11,172.717,172.817,170.707,171.218,3356.9249962866306,390
2021-02-12,170.277,171.518,169.847,170.718,2951.4499991089106,390
2021-02-16,168.107,170.047,167.717,168.298,4187.1749973371625,390
2021-02-17,166.917,167.318,165.847,166.388,3398.6750025227666,390
2021-02-18,166.988,167.217,165.737,166.328,3590.3499993234873,390
2021-02-19,166.737,167.838,166.588,166.998,3584.9749851599336,390
2021-02-22,168.498,169.848,168.227,169.557,3524.4749988242984,390
2021-02-23,169.447,169.698,168.287,169.198,4256.0257522165775,390
2021-02-24,167.597,169.068,167.137,169.028,4526.500000931323,390
2021-02-25,166.897,167.617,165.448,165.877,6810.824995517731,390
2021-02-26,165.018,164.958,160.937,161.988,6375.0500103235245,390
2021-03-01,162.988,163.318,161.157,161.557,3432.324990928173,390
2021-03-02,161.918,162.888,161.208,162.438,3018.2749971300364,390
2021-03-03,160.608,161.618,159.477,160.648,4793.375762939453,390
2021-03-04,160.617,161.398,158.418,159.137,6928.350006341934,390
2021-03-05,159.618,159.777,158.528,159.177,4425.800001680851,390
2021-03-08,158.577,158.607,157.117,157.538,2945.7000023424625,390
2021-03-09,160.738,161.158,160.397,160.848,2704.5260009616613,390
2021-03-10,161.058,161.738,160.647,161.708,3463.275000870228,390
2021-03-11,161.458,161.908,161.107,161.518,3117.000005841255,390
2021-03-12,159.527,161.668,159.327,161.507,3290.8499930277467,390
2021-03-15,162.278,162.517,161.427,162.267,2705.2009996920824,390
2021-03-16,162.337,163.157,161.797,162.357,2677.7009955346584,390
2021-03-17,162.217,164.088,161.527,163.547,4039.300006598234,390
2021-03-18,161.108,162.788,161.097,162.618,3372.751008927822,390
2021-03-19,162.557,163.417,162.407,163.268,2398.1499954611063,390
2021-03-22,162.228,163.118,162.147,162.997,2409.002001672983,390
2021-03-23,162.457,162.467,161.577,161.828,2658.675995886326,390
2021-03-24,162.188,162.847,161.927,162.408,1782.2750005200505,390
2021-03-25,163.027,163.527,161.307,161.788,3394.4249958992004,390
2021-03-26,161.697,162.658,161.638,162.258,1634.300005942583,390
2021-03-29,161.437,161.507,159.817,160.328,2365.3249992132187,390
2021-03-30,157.918,158.158,157.537,157.658,2132.000001989305,390
2021-03-31,158.058,160.607,158.037,159.978,2858.5750001370907,390
2021-04-01,161.528,162.077,161.277,162.048,2000.35000231117,390
2021-04-05,161.528,162.368,161.347,161.897,1810.9000010490417,390
2021-04-06,162.777,163.517,162.738,163.228,1971.924996972084,390
2021-04-07,162.817,163.248,162.487,162.758,1949.4500005021691,390
2021-04-08,164.148,164.748,164.127,164.508,1579.7249945104122,390
2021-04-09,162.757,163.627,162.467,163.318,1963.9750012755394,390
2021-04-12,162.707,162.767,161.797,162.307,2118.652999944985,390
2021-04-13,163.187,163.818,163.017,163.448,2036.1750000789762,390
2021-04-14,162.777,163.008,162.297,162.708,2098.5749946534634,390
2021-04-15,164.047,165.757,164.008,165.348,2479.750011153519,390
2021-04-16,166.217,166.788,165.957,166.348,1808.8500003814697,390
2021-04-19,165.907,166.438,165.707,165.888,1985.5749963968992,390
2021-04-20,165.627,166.778,165.617,166.498,2026.3050990626216,390
2021-04-21,167.158,168.347,167.128,168.117,2383.3510013371706,390
2021-04-22,167.076,167.466,166.486,167.047,2462.3500080406666,390
2021-04-23,167.377,167.507,165.776,166.387,2080.4000076055527,390
2021-04-26,166.626,166.847,166.036,166.837,1419.200002208352,390
2021-04-27,166.887,167.107,166.276,166.407,1865.4499985352159,390
2021-04-28,165.726,166.896,165.476,166.916,2759.150997698307,390
2021-04-29,165.557,166.217,164.456,166.237,2295.525999739766,390
2021-04-30,165.856,165.947,165.216,165.667,2481.174996994436,390
2021-05-03,167.596,168.367,167.387,167.807,2210.1750044748187,390
2021-05-04,167.666,168.447,165.626,166.577,3595.8500085771084,390
2021-05-05,166.636,167.296,166.596,167.307,1884.8540042191744,390
2021-05-06,167.956,170.217,167.906,170.047,2263.681999795139,390
2021-05-07,171.497,172.497,170.986,171.587,2943.024997293949,390
2021-05-10,172.747,172.777,171.756,172.177,2511.700000360608,390
2021-05-11,170.546,172.136,170.256,172.146,2865.253005348146,390
2021-05-12,171.436,171.816,170.336,170.456,4034.458999991417,390
2021-05-13,170.316,171.207,170.216,171.176,2537.0999950170517,390
2021-05-14,172.057,172.677,171.806,172.687,1614.3250058218837,390
2021-05-17,173.286,174.977,173.266,174.727,2094.0750059336424,390
2021-05-18,175.146,175.157,174.456,175.067,2001.850004374981,390
2021-05-19,175.087,176.966,174.337,175.177,4566.028757348657,390
2021-05-20,175.287,176.396,175.096,175.966,1989.3249978870153,390
2021-05-21,176.546,176.806,175.136,176.047,2839.0500004664063,390
2021-05-24,176.117,176.557,175.856,176.366,1652.9749967977405,390
2021-05-25,176.127,177.917,176.026,177.937,2475.974998638034,390
2021-05-26,178.347,178.576,177.036,177.627,2401.2749937176704,390
2021-05-27,177.397,177.787,176.786,177.777,2075.5499979779124,390
2021-05-28,177.466,178.387,177.236,178.346,2497.1000060662627,390
2021-06-01,178.736,178.707,177.186,177.917,2341.294993698597,390
2021-06-02,178.337,178.756,177.956,178.767,1712.3340049386024,390
2021-06-03,175.817,175.757,174.647,175.247,2638.775005221367,390
2021-06-04,176.637,177.537,176.597,177.167,1327.2509990632534,390
2021-06-07,176.937,177.887,176.606,177.877,1533.3999987989664,390
2021-06-08,177.207,177.466,176.356,177.307,1845.1749996095896,390
2021-06-09,177.377,177.757,176.766,176.946,1341.0000015869737,390
2021-06-10,176.667,177.807,176.457,177.746,2059.175007723272,390
2021-06-11,176.317,176.467,175.476,175.726,1863.9000000953674,390
2021-06-14,173.137,175.026,172.937,174.717,1651.1749979555607,390
2021-06-15,174.747,174.856,173.326,174.066,1390.5017486736178,390
2021-06-16,173.907,174.316,171.026,171.137,3659.999989002943,390
2021-06-17,167.007,167.607,165.436,165.937,3523.925001055002,390
2021-06-18,166.126,166.577,164.867,165.586,3582.9999994039536,390
2021-06-21,166.516,167.197,165.996,166.947,2181.949998781085,390
2021-06-22,166.326,166.887,165.996,166.277,1817.4510020166636,390
2021-06-23,166.956,168.007,165.967,166.176,1982.2499994039536,390
2021-06-24,166.987,167.177,166.006,166.067,1797.024991095066,390
2021-06-25,167.467,167.497,166.286,166.607,1789.2250031605363,390
2021-06-28,166.657,166.846,166.336,166.567,1304.4000014662743,390
2021-06-29,164.317,165.256,164.006,164.866,1886.5750010162592,390
2021-06-30,164.547,166.077,164.276,165.666,2032.6569989919662,390
2021-07-01,166.657,166.747,165.486,166.227,1691.300002425909,390
2021-07-02,167.366,167.697,166.386,167.327,2052.9750057458878,390
2021-07-06,169.257,169.607,167.526,168.206,2989.0000037029386,390
2021-07-07,168.727,169.167,168.166,168.787,2626.049999691546,390
2021-07-08,169.786,169.766,167.916,168.746,2394.885001324117,390
2021-07-09,168.816,169.606,168.637,169.187,1294.5250059366226,390
2021-07-12,168.666,169.136,167.646,169.067,1775.450000591576,390
2021-07-13,169.477,169.846,168.916,169.266,2284.475002475083,390
2021-07-14,170.876,170.996,170.266,170.996,2017.7500045597553,390
2021-07-15,170.867,171.276,170.326,171.107,1645.3999962061644,390
2021-07-16,170.617,170.846,169.266,169.427,2758.474997550249,390
2021-07-19,169.506,169.886,168.876,169.597,2400.22499486804,390
2021-07-20,170.477,170.747,168.906,169.397,2543.4999983757734,390
2021-07-21,168.296,168.956,168.126,168.807,2034.8999951854348,390
2021-07-22,168.497,169.167,168.036,169.147,1922.5499958619475,390
2021-07-23,168.487,168.846,167.936,168.567,1654.6000012531877,390
2021-07-26,168.586,168.837,168.076,168.217,1764.800000615418,390
2021-07-27,168.696,168.866,167.926,168.477,2107.599999822676,390
2021-07-28,168.236,169.337,167.706,169.347,3130.0749940127134,390
2021-07-29,170.687,171.506,170.656,171.177,1290.4250006973743,390
2021-07-30,170.696,170.976,169.366,169.817,1612.1499992012978,390
2021-08-02,169.296,170.227,169.086,169.637,1388.2590009197593,390
2021-08-03,169.406,169.737,169.206,169.486,1430.225000217557,390
2021-08-04,171.256,171.367,169.006,169.567,2484.7999977990985,390
2021-08-05,169.337,169.387,168.196,168.837,2073.6249999701977,390
2021-08-06,165.807,165.907,164.546,164.657,2241.6250058338046,390
2021-08-09,162.976,163.226,161.256,161.767,2958.399993568659,390
2021-08-10,161.367,162.087,160.676,161.786,2117.900002233684,390
2021-08-11,163.156,164.097,162.656,164.016,2380.8250002637506,390
2021-08-12,163.637,164.087,162.926,164.066,1860.499998062849,390
2021-08-13,165.017,166.447,164.876,166.407,1921.6999958008528,390
2021-08-16,166.707,167.366,166.576,167.247,1515.4249992445111,390
2021-08-17,167.276,167.657,166.547,167.017,1849.4249998927116,390
2021-08-18,167.217,167.407,166.246,167.107,2929.976002648473,390
2021-08-19,167.247,167.186,166.156,166.617,2260.6999990344048,390
2021-08-20,166.786,167.107,166.346,166.726,1691.5750024169683,390
2021-08-23,168.826,168.887,167.936,168.736,1656.049999460578,390
2021-08-24,169.047,169.187,168.506,168.677,1545.374996945262,390
2021-08-25,167.857,167.877,166.727,167.517,2350.349994726479,390
2021-08-26,167.216,168.176,166.816,167.687,2205.0010045692325,390
2021-08-27,167.536,170.156,166.856,170.177,3353.8999958112836,390
2021-08-30,169.656,169.816,169.076,169.357,1380.5249977633357,390
2021-08-31,169.226,169.877,168.746,169.727,2480.175998583436,390
2021-09-01,169.927,169.967,169.146,169.727,1804.1250025331974,390
2021-09-02,169.497,169.596,168.807,169.267,1594.8000031039119,390
2021-09-03,170.567,171.516,170.136,171.057,2044.9499987587333,390
2021-09-07,169.526,169.717,167.627,167.727,2201.9750003814697,390
2021-09-08,167.997,167.986,166.697,167.326,2309.675007894635,390
2021-09-09,168.166,168.266,166.817,168.027,2188.5499987602234,390
2021-09-10,167.797,168.057,167.136,167.207,1870.7749999016523,390
2021-09-13,167.447,168.147,167.377,167.747,1439.925999827683,390
2021-09-14,168.227,169.146,167.466,168.827,2009.600000448525,390
2021-09-15,168.117,168.266,167.447,167.787,1995.724998883903,390
2021-09-16,164.366,164.407,163.217,164.077,2096.725000284612,390
2021-09-17,163.836,164.167,163.396,163.827,2236.725008673966,390
2021-09-20,164.266,165.247,164.047,165.017,2046.550002284348,390
2021-09-21,165.797,166.596,165.476,166.046,1658.275006338954,390
2021-09-22,165.867,167.117,164.996,165.406,4204.750000476837,390
2021-09-23,164.057,164.116,163.246,163.517,2253.549997061491,390
2021-09-24,162.997,163.986,162.726,163.347,1807.5250027030706,390
2021-09-27,163.856,164.257,163.486,163.646,1825.89999358356,390
2021-09-28,162.727,162.726,161.716,162.097,2783.3499949350953,390
2021-09-29,162.357,162.676,160.966,161.356,2863.0999985337257,390
2021-09-30,162.666,164.907,162.326,164.196,2959.0019914731383,390
2021-10-01,164.256,164.917,163.866,164.577,2471.7500066161156,390
2021-10-04,163.657,165.487,163.456,165.387,2716.722994402051,390
2021-10-05,163.936,164.836,163.476,164.577,2288.526001818478,390
2021-10-06,164.197,165.046,164.146,165.017,2056.100003257394,390
2021-10-07,164.037,164.817,163.937,164.147,2324.2999975681305,390
2021-10-08,166.297,166.386,164.126,164.247,2512.699997499585,390
2021-10-11,164.027,164.557,163.886,163.957,1111.649998307228,390
2021-10-12,164.577,165.377,164.286,164.677,2374.5757464542985,390
2021-10-13,165.286,167.886,165.286,167.557,2988.3250092864037,390
2021-10-14,168.187,168.207,167.696,167.987,1581.8000012338161,390
2021-10-15,165.387,166.047,165.086,165.327,1877.4250032231212,390
2021-10-18,165.416,165.567,164.796,164.916,2027.3499977439642,390
2021-10-19,166.467,166.417,165.186,165.487,2079.974991686642,390
2021-10-20,166.237,167.086,165.906,166.917,2050.524997316301,390
2021-10-21,166.667,166.906,166.236,166.827,1881.100000038743,390
2021-10-22,168.667,169.487,166.656,167.747,3534.0750030502677,390
2021-10-25,168.646,169.156,168.496,168.916,1797.250752672553,390
2021-10-26,167.877,167.807,166.617,167.677,2215.524997547269,390
2021-10-27,167.717,168.166,166.836,168.137,2764.4500058740377,390
2021-10-28,168.956,169.136,167.516,168.087,3038.8250000700355,390
2021-10-29,166.267,166.707,165.616,166.646,2926.3499993532896,390
2021-11-01,167.377,167.817,166.896,167.557,1933.7499991208315,390
2021-11-02,167.436,167.587,166.956,167.146,1981.7499998956919,390
2021-11-03,165.317,165.906,164.366,165.787,4177.199995934963,390
2021-11-04,167.497,168.096,167.366,167.667,2347.574998885393,390
2021-11-05,168.407,169.927,167.846,169.837,2789.8999990299344,390
2021-11-08,170.417,170.677,170.047,170.457,1567.3249968588352,390
2021-11-09,170.726,171.277,170.106,171.267,2037.8682516217232,390
2021-11-10,173.646,174.457,172.096,173.177,3336.6907469034195,390
2021-11-11,173.966,174.256,173.736,174.126,1300.6007486879826,390
2021-11-12,173.507,174.617,173.396,174.447,2061.533746764064,390
2021-11-15,174.086,174.567,173.676,174.177,1535.869004316628,390
2021-11-16,173.966,174.447,172.856,172.927,1788.597245939076,390
2021-11-17,174.236,174.586,173.866,174.487,1767.4475017488003,390
2021-11-18,173.956,174.326,173.517,173.946,1658.7112555652857,390
2021-11-19,173.676,174.077,172.226,172.617,2438.7195031046867,390
2021-11-22,169.897,170.376,168.416,168.766,2662.7072501182556,390
2021-11-23,167.276,167.537,166.516,167.347,2284.5997471809387,390
2021-11-24,166.567,167.416,166.306,167.097,2189.532002687454,390
2021-11-26,168.617,168.536,166.267,166.906,1757.525249004364,390
2021-11-29,166.806,167.226,166.417,166.696,1961.652251392603,390
2021-11-30,167.757,168.977,165.366,165.627,4165.312245488167,390
2021-12-01,166.807,167.427,166.066,166.217,3009.228750050068,390
2021-12-02,165.866,165.837,164.617,165.326,2719.530505761504,390
2021-12-03,165.486,166.887,164.966,166.617,3445.6542558670044,390
2021-12-06,166.107,166.747,165.907,166.237,18.607000075746328,390
2021-12-07,166.207,167.027,166.166,166.817,1574.0522532239556,390
2021-12-08,166.517,166.947,166.266,166.877,1474.332752212882,390
2021-12-09,166.547,166.477,165.657,165.887,1365.0237482190132,390
2021-12-10,166.726,166.887,166.166,166.606,1229.5405013337731,390
2021-12-13,166.907,167.227,166.666,166.977,1087.5369988679886,390
2021-12-14,165.306,166.027,165.146,165.457,1231.4294991515344,390
2021-12-15,165.277,166.357,163.436,166.167,3359.8252416849136,390
2021-12-16,166.997,168.126,166.936,168.126,1592.818748317659,390
2021-12-17,168.726,169.066,167.767,167.886,1442.5010060966015,390
2021-12-20,167.866,167.967,167.056,167.087,1462.9935020655394,390
2021-12-21,167.697,167.717,166.717,167.037,1335.4560036361217,390
2021-12-22,167.577,168.606,167.086,168.617,1201.7127508372068,390
2021-12-23,168.686,169.137,168.017,168.986,1137.4287525117397,390
2021-12-27,168.956,169.406,168.766,169.347,1023.7620022073388,390
2021-12-28,169.306,169.597,168.606,168.667,1120.236251913011,390
2021-12-29,167.326,168.667,167.267,168.607,1427.2050048187375,390
2021-12-30,168.406,169.766,168.356,169.787,1330.8585000634193,390
2022-01-03,168.837,168.956,167.996,168.337,1792.54400036484,390
2022-01-04,168.907,169.696,168.716,169.597,1472.7417531013489,390
2022-01-05,170.597,170.886,168.886,169.077,1918.7832535207272,390
2022-01-06,167.137,167.686,166.846,167.017,1909.5082505717874,390
2022-01-07,167.376,167.987,166.846,167.737,1780.423498466611,390
2022-01-10,167.347,168.266,167.097,168.237,1844.2110001519322,390
2022-01-11,168.447,170.277,168.356,170.297,1863.7747508138418,390
2022-01-12,170.187,170.736,169.996,170.697,1285.565249661333,390
2022-01-13,170.066,170.207,169.257,170.167,1721.045501627028,390
2022-01-14,170.176,170.507,169.466,169.677,1705.7022538632154,390
2022-01-18,169.627,169.976,169.086,169.427,1780.4952511414886,390
2022-01-19,170.376,172.167,170.196,172.107,1873.190253533423,390
2022-01-20,172.276,172.577,171.576,171.667,1606.1682514250278,390
2022-01-21,172.047,172.087,170.736,171.067,2069.929747581482,390
2022-01-24,171.756,172.117,170.866,172.057,1890.670199841261,390
2022-01-25,171.917,173.107,171.766,172.607,1997.2280986011028,390
2022-01-26,171.366,171.667,169.466,169.867,3082.315497994423,390
2022-01-27,167.997,169.026,167.306,167.697,2447.4986999183893,390
2022-01-28,166.557,167.366,166.356,167.067,2065.7664013653994,390
2022-01-31,167.806,168.076,167.446,168.067,2091.2612986788154,390
2022-02-01,168.546,168.827,167.857,168.226,2274.1778950095177,390
2022-02-02,168.347,169.086,168.136,168.777,1965.317402124405,390
2022-02-03,168.306,168.776,167.026,168.657,2416.0418984439457,390
2022-02-04,168.046,168.906,167.957,168.797,2289.262198127806,390
2022-02-07,169.446,170.267,169.167,170.127,1728.661200210452,390
2022-02-08,170.106,170.767,169.936,170.626,1485.5115027725697,390
2022-02-09,170.667,171.397,170.546,171.197,1243.0491001307964,390
2022-02-10,170.516,171.976,170.436,170.577,3949.4406160116196,390
2022-02-11,170.727,174.167,170.696,173.817,4905.801895618439,390
2022-02-14,173.747,174.937,173.666,174.777,3058.5918023586273,390
2022-02-15,173.057,173.307,172.377,173.047,2387.1339028030634,390
2022-02-16,173.477,174.847,173.476,174.847,2534.608204483986,390
2022-02-17,176.706,177.467,176.377,177.337,2362.408202558756,390
2022-02-18,177.036,177.207,176.486,177.116,2204.1575992926955,390
2022-02-22,177.646,178.007,176.806,177.507,2232.59160451591,390
2022-02-23,177.407,178.357,177.337,178.297,2142.361202299595,390
2022-02-24,182.586,182.237,175.287,177.167,6054.214514374733,390
2022-02-25,176.406,176.747,175.777,176.547,3249.2337142825127,390
2022-02-28,178.856,178.937,176.496,178.296,3534.859492599964,390
2022-03-01,179.037,181.727,179.027,181.747,4721.056205034256,390
2022-03-02,180.117,180.577,178.776,179.756,3651.317109465599,390
2022-03-03,179.937,181.197,179.556,180.867,3449.0738983154297,390
2022-03-04,182.107,183.927,181.357,183.857,3990.924601994455,390
2022-03-07,184.386,186.607,184.206,186.447,5256.765296459198,390
2022-03-08,188.347,193.196,187.997,191.557,9828.666308879852,390
2022-03-09,185.996,187.186,184.776,186.127,5609.839183807373,390
2022-03-10,186.867,187.346,184.987,186.567,4828.397099733353,390
2022-03-11,183.716,185.756,183.306,185.167,3320.8011013269424,390
2022-03-14,183.026,183.117,181.956,182.347,3037.2569909095764,390
2022-03-15,179.047,180.136,177.996,178.947,3481.127405464649,390
2022-03-16,179.096,180.037,176.867,180.077,4126.750200152397,390
2022-03-17,181.107,181.967,180.646,180.847,2687.4231011867523,390
2022-03-18,179.866,180.887,179.017,179.217,2608.517995119095,390
2022-03-21,179.317,181.066,179.317,180.736,2534.1347995996475,390
2022-03-22,179.577,179.657,178.306,179.377,2413.2378044724464,390
2022-03-23,180.256,181.817,179.746,181.827,2108.3060969114304,390
2022-03-24,182.326,183.457,181.756,183.116,2882.0969980955124,390
2022-03-25,181.767,182.987,181.326,182.407,2901.809699177742,390
2022-03-28,180.336,181.296,178.836,179.127,2652.4473024699837,390
2022-03-29,177.017,179.267,176.486,179.206,3001.836893938482,390
2022-03-30,179.757,180.857,179.656,180.547,2136.21329506021,390
2022-03-31,180.847,181.947,180.546,180.696,2152.494303226471,390
2022-04-01,179.546,180.387,178.966,179.427,3085.494302511215,390
2022-04-04,180.237,180.686,178.996,180.377,2521.7064044848084,390
2022-04-05,180.857,181.436,178.946,179.276,3397.174790263176,390
2022-04-06,179.736,180.286,178.696,179.687,3496.072205543518,390
2022-04-07,179.837,180.836,179.496,180.327,2465.949900150299,390
2022-04-08,180.496,181.787,180.476,181.447,2563.404592618346,390
2022-04-11,183.157,183.286,181.087,182.387,3081.1013963222504,390
2022-04-12,183.996,184.607,182.956,183.787,3146.5674060583115,390
2022-04-13,184.496,184.897,184.117,184.687,2367.3252016603947,390
2022-04-14,184.266,184.307,182.886,183.996,2918.507100984454,390
2022-04-18,185.936,186.046,184.386,184.637,2944.5165055692196,390
2022-04-19,183.147,183.556,180.996,181.756,3255.51539587602,390
2022-04-20,181.566,182.677,181.336,182.707,2803.0671148598194,390
2022-04-21,181.727,182.296,180.766,182.107,3386.4098974466324,390
2022-04-22,180.677,181.576,179.726,180.297,3413.091592669487,390
2022-04-25,177.137,177.497,176.466,177.077,3359.7176953554153,390
2022-04-26,177.946,178.277,176.907,177.326,3070.1418056488037,390
2022-04-27,176.446,176.576,175.466,175.917,3172.9629030153155,390
2022-04-28,175.866,176.946,175.676,176.946,3183.6483006477356,390
2022-04-29,178.046,178.537,176.697,176.937,2690.5680030584335,390
2022-05-02,173.587,174.606,172.976,173.667,2858.0007017850876,390
2022-05-03,173.836,175.127,173.826,174.107,2640.8832058012486,390
2022-05-04,174.317,176.256,172.956,175.846,3845.795698285103,390
2022-05-05,177.546,177.487,174.646,175.137,4046.4716976881027,390
2022-05-06,175.397,176.486,174.846,175.507,3129.956097126007,390
2022-05-09,174.247,174.196,172.786,172.877,2965.633494615555,390
2022-05-10,173.746,173.727,171.177,171.337,3529.7603989839554,390
2022-05-11,172.507,173.267,172.156,172.827,3344.6997010707855,390
2022-05-12,172.067,172.376,169.886,170.157,3396.139803826809,390
2022-05-13,168.306,169.596,168.016,168.777,2688.799503028393,390
2022-05-16,168.416,170.407,168.107,170.397,2345.897093653679,390
2022-05-17,170.436,170.497,169.136,169.407,2690.5713009238243,390
2022-05-18,169.006,170.167,168.437,169.417,2337.0797979831696,390
2022-05-19,171.517,172.466,170.896,171.937,2941.399492710829,390
2022-05-20,171.676,172.197,170.887,172.107,2499.136801533401,390
2022-05-23,173.136,173.347,172.266,172.897,1646.6186980456114,390
2022-05-24,173.426,174.366,173.346,174.137,2263.0205952078104,390
2022-05-25,172.787,173.126,171.747,173.047,1999.947902277112,390
2022-05-26,172.107,172.907,171.736,172.767,2063.976299136877,390
2022-05-27,173.487,173.457,172.626,172.847,1598.2544989064336,390
2022-05-31,172.696,172.996,171.076,171.157,1721.2563007697463,390
2022-06-01,172.186,172.507,171.366,172.267,1775.4630007222295,390
2022-06-02,173.666,174.426,173.316,174.367,1591.9224005490541,390
2022-06-03,173.537,173.937,172.246,172.587,1522.6278005987406,390
2022-06-06,172.817,172.857,171.636,171.817,1310.4281974881887,390
2022-06-07,172.106,173.027,171.236,172.937,2009.9180981963873,390
2022-06-08,172.836,173.417,172.656,172.717,1390.8423018530011,390
2022-06-09,172.456,172.546,171.567,172.257,1453.689899161458,390
2022-06-10,170.856,174.897,170.466,174.577,3181.5434983968735,390
2022-06-13,171.167,171.306,169.606,169.977,3277.3892944455147,390
2022-06-14,169.606,169.627,168.287,168.607,2834.2385942339897,390
2022-06-15,170.406,171.646,168.996,170.806,4292.8668085336685,390
2022-06-16,170.516,172.747,170.156,172.727,3446.3255958482623,390
2022-06-17,172.116,172.236,170.956,171.337,2587.2347932308912,390
2022-06-21,171.056,171.847,170.466,170.677,1476.0665986686945,390
2022-06-22,171.606,172.176,170.856,171.347,2274.227399021387,390
2022-06-23,171.377,171.946,169.876,170.247,2976.9275987893343,390
2022-06-24,170.226,170.736,169.826,170.026,2153.646009594202,390
2022-06-27,170.576,170.616,169.726,169.907,1865.1749965921044,390
2022-06-28,170.046,170.167,169.497,169.627,1449.9212999939919,390
2022-06-29,170.566,170.596,169.156,169.517,1760.0195966660976,390
2022-06-30,169.487,169.937,168.226,168.427,1856.6228973269463,390
2022-07-01,167.086,168.656,166.786,168.337,2740.25790476799,390
2022-07-05,167.176,167.247,164.406,164.737,2337.17249853909,390
2022-07-06,164.316,164.527,161.447,162.147,3251.048703491688,390
2022-07-07,162.427,162.986,162.056,162.257,1389.2688017711043,390
2022-07-08,162.327,163.227,161.736,162.307,1662.0273005962372,390
2022-07-11,161.926,162.337,161.366,161.437,1369.255203448236,390
2022-07-12,161.186,161.607,160.716,160.847,1686.9879013597965,390
2022-07-13,160.106,162.636,160.037,161.617,3235.7633962631226,390
2022-07-14,158.987,159.737,158.216,159.297,3554.852104783058,390
2022-07-15,159.006,159.207,158.336,159.007,2006.7090037465096,390
2022-07-18,160.086,160.367,159.046,159.157,1592.7482976317406,390
2022-07-19,159.457,159.836,159.317,159.567,1905.3258021473885,390
2022-07-20,159.696,159.656,157.986,158.077,2247.519001632929,390
2022-07-21,158.287,160.277,158.206,160.297,2660.8046963959932,390
2022-07-22,160.526,162.056,160.346,160.697,2622.340201497078,390
2022-07-25,160.637,160.636,159.806,160.257,1686.4700962975621,390
2022-07-26,160.186,160.447,159.776,160.087,1845.7115966305137,390
2022-07-27,160.016,162.176,159.496,161.676,2573.679904386401,390
2022-07-28,163.307,163.677,162.856,163.637,3090.358798265457,390
2022-07-29,163.896,164.647,163.246,164.197,1943.1635958328843,390
2022-08-01,164.976,165.316,164.097,165.047,2183.203207552433,390
2022-08-02,165.657,166.427,164.006,164.087,3670.7226102352142,390
2022-08-03,164.777,164.826,163.456,164.496,2524.1637032553554,390
2022-08-04,165.536,167.297,165.306,167.197,2718.289195559919,390
2022-08-05,164.997,165.737,164.846,165.307,3025.423799738288,390
2022-08-08,166.017,166.777,165.907,166.707,1986.182403191924,390
2022-08-09,167.476,167.676,166.806,167.196,2124.593701392412,390
2022-08-10,167.377,167.936,166.606,166.827,2849.456393659115,390
2022-08-11,167.156,167.606,166.296,166.357,2155.997699506581,390
2022-08-12,167.156,167.917,166.807,167.897,2308.4430002570152,390
2022-08-15,166.007,166.226,165.376,165.727,1765.7799011021852,390
2022-08-16,165.307,165.706,165.166,165.447,2087.142297267914,390
2022-08-17,165.207,165.087,163.807,164.367,2587.9149051606655,390
2022-08-18,164.586,164.867,163.496,163.957,2066.354696661234,390
2022-08-19,163.656,163.616,162.606,162.717,1639.23269559443,390
2022-08-22,161.657,162.067,161.326,161.647,2219.9124021455646,390
2022-08-23,161.957,163.387,161.877,162.817,2761.985702380538,390
2022-08-24,162.427,163.537,162.366,163.287,2077.887300528586,390
2022-08-25,163.927,163.906,163.226,163.747,1972.7027988433838,390
2022-08-26,163.117,163.557,161.546,161.787,4189.036492064595,390
2022-08-29,161.877,162.566,161.676,161.887,2146.1391051113605,390
2022-08-30,161.277,161.376,160.326,160.537,2849.67240819335,390
2022-08-31,159.477,160.467,159.206,159.277,2522.0244023501873,390
2022-09-01,158.177,158.346,157.287,157.877,3332.73299613595,390
2022-09-02,159.306,160.037,158.996,159.296,2732.92290430516,390
2022-09-06,159.177,159.316,158.307,158.347,3612.3338975310326,390
2022-09-07,158.147,160.126,158.056,159.987,2842.165505513549,390
2022-09-08,159.537,159.816,158.687,159.027,3386.946300625801,390
2022-09-09,159.687,160.227,159.376,159.857,2262.6461998075247,390
2022-09-12,161.037,161.576,160.517,160.636,2673.7320012301207,390
2022-09-13,158.466,159.226,158.376,158.587,3286.8104885816574,390
2022-09-14,158.677,158.946,157.726,157.947,2429.7935999035835,390
2022-09-15,156.757,157.187,154.606,154.977,3135.7424993515015,390
2022-09-16,154.646,156.476,154.316,155.846,3420.1659024059772,390
2022-09-19,154.866,156.006,154.776,155.967,2240.5512025877833,390
2022-09-20,155.026,155.217,154.576,155.067,2388.011701054871,390
2022-09-21,155.966,157.176,153.787,155.837,4987.7232011556625,390
2022-09-22,156.246,156.407,155.316,155.777,3740.646298915148,390
2022-09-23,153.906,153.897,152.686,153.017,3465.6323950886726,390
2022-09-26,153.197,153.457,151.006,151.257,3928.8975011110306,390
2022-09-27,152.256,152.666,151.486,151.556,4474.740002989769,390
2022-09-28,153.216,154.847,152.916,154.687,4656.722398400307,390
2022-09-29,154.136,154.977,153.126,154.677,4511.850001215935,390
2022-09-30,154.936,155.987,154.556,154.737,3781.110005915165,390
2022-10-03,155.396,158.446,155.206,158.467,4443.877197742462,390
2022-10-04,159.127,160.997,158.906,160.687,3858.6899921298027,390
2022-10-05,159.267,160.047,158.357,159.827,4194.569992661476,390
2022-10-06,159.416,159.837,158.946,159.647,4010.7900049090385,390
2022-10-07,158.437,158.937,157.666,157.907,3966.7211991250515,390
2022-10-10,155.907,156.227,155.106,155.467,3442.4043097496033,390
2022-10-11,155.457,156.777,154.867,155.177,4889.402405261993,390
2022-10-12,155.506,156.246,155.016,156.007,4475.489992320538,390
2022-10-13,153.436,155.666,152.836,154.937,7182.6300048828125,390
2022-10-14,154.027,154.056,152.696,152.987,5016.241190254688,390
2022-10-17,154.917,155.267,153.316,153.446,2810.8212047219276,390
2022-10-18,153.416,153.867,153.207,153.747,1594.2600019574165,390
2022-10-19,152.056,152.407,151.516,151.696,2992.17119923234,390
2022-10-20,151.897,153.166,151.256,151.457,2820.691201686859,390
2022-10-21,151.976,154.286,151.777,154.157,6873.271209299564,390
2022-10-24,153.456,154.016,153.056,153.677,3708.5111966729164,390
2022-10-25,153.927,154.586,153.816,154.007,3413.6099965423346,390
2022-10-26,154.777,155.687,154.756,154.986,3588.6611994206905,390
2022-10-27,154.686,155.037,154.206,154.767,3954.270012587309,390
2022-10-28,152.956,153.477,152.487,153.167,3383.2511912584305,390
2022-10-31,152.156,152.836,151.877,151.937,2743.3500024080276,390
2022-11-01,153.836,153.916,152.856,153.467,4561.050005912781,390
2022-11-02,154.157,155.356,152.097,152.467,5931.991191089153,390
2022-11-03,150.656,151.937,150.556,151.817,4552.4123885035515,390
2022-11-04,154.946,156.507,154.646,156.476,5175.839993402362,390
2022-11-07,156.226,156.486,155.797,155.857,3302.3999957740307,390
2022-11-08,155.996,159.827,155.966,159.436,5529.181205034256,390
2022-11-09,159.317,160.246,158.436,158.657,4584.780007243156,390
2022-11-10,161.977,163.487,161.647,163.506,4979.610003352165,390
2022-11-11,163.917,164.576,162.927,164.566,3850.7409044504166,390
2022-11-14,164.196,165.216,164.137,164.956,3388.651203393936,390
2022-11-15,165.256,166.166,164.546,165.537,5996.880908846855,390
2022-11-16,165.396,165.667,164.817,165.137,3903.1200041770935,390
2022-11-17,163.766,164.056,163.386,163.936,2652.90000154078,390
2022-11-18,163.376,163.656,162.666,162.786,2917.9812014102936,390
2022-11-21,162.416,162.416,161.266,161.896,3035.2823960781097,390
2022-11-22,162.296,162.536,161.706,162.096,2012.7299983426929,390
2022-11-23,161.656,163.147,160.996,163.027,3875.8200051784515,390
2022-11-25,162.857,163.406,162.746,163.167,1436.7899992316961,390
2022-11-28,162.896,162.987,161.897,161.937,3170.990407779813,390
2022-11-29,162.696,163.606,162.567,162.727,3083.6100010573864,390
2022-11-30,163.646,164.747,162.376,164.787,5014.232394933701,390
2022-12-01,167.467,167.856,166.956,167.827,4057.410008072853,390
2022-12-02,166.177,167.437,165.746,167.277,4316.641194045544,390
2022-12-05,166.546,166.687,164.307,164.427,4135.771196752787,390
2022-12-06,165.187,165.506,164.436,164.886,2689.2611929774284,390
2022-12-07,165.426,166.627,165.296,166.337,4446.783584088087,390
2022-12-08,166.577,166.997,166.056,166.477,2999.9424052909017,390
2022-12-09,167.246,168.067,166.416,167.067,3538.3812067210674,390
2022-12-12,166.377,166.557,165.416,165.687,3282.302110016346,390
2022-12-13,169.216,169.756,168.006,168.507,5157.1499863266945,390
2022-12-14,168.376,168.776,166.616,168.097,6023.582393109798,390
2022-12-15,165.727,166.167,165.086,165.377,3014.009990438819,390
2022-12-16,166.007,166.967,165.467,166.777,2807.4899988397956,390
2022-12-19,166.697,167.047,165.906,166.317,2193.0599990338087,390
2022-12-20,168.096,169.407,168.016,169.137,3397.081199578941,390
2022-12-21,168.997,169.626,168.506,168.807,2167.5299968943,390
2022-12-22,167.756,167.687,166.036,166.747,2741.6099983155727,390
2022-12-23,166.876,167.767,165.996,167.226,2048.130001425743,390
2022-12-27,167.857,170.387,167.776,168.637,2984.66999694705,390
2022-12-28,167.987,168.287,167.096,167.927,2573.400002837181,390
2022-12-29,168.517,169.307,168.506,168.857,2035.3500039577484,390
2022-12-30,169.267,169.836,168.786,169.646,2916.93121021986,390
2023-01-03,171.287,172.046,170.007,171.037,3303.330001592636,390
2023-01-04,172.857,173.057,171.816,172.667,3887.339996807277,390
2023-01-05,170.816,170.977,169.786,170.537,3168.2099989652634,390
2023-01-06,171.747,173.927,170.996,173.737,4011.8099943697453,390
2023-01-09,174.526,174.897,173.856,174.087,2878.949998855591,390
2023-01-10,174.606,174.926,174.056,174.737,3137.460003040731,390
2023-01-11,174.746,174.737,173.676,174.606,2655.989997059107,390
2023-01-12,176.016,176.677,174.856,176.657,4166.279990546405,390
2023-01-13,176.917,178.796,176.866,178.736,3010.289995148778,390
2023-01-17,178.186,178.177,177.076,177.587,2379.660000652075,390
2023-01-18,178.836,179.067,176.886,177.126,2831.220007650554,390
2023-01-19,178.337,179.986,178.077,179.907,2677.5600021481514,390
2023-01-20,179.017,179.627,178.636,179.277,2184.2399954795837,390
2023-01-23,178.346,179.656,177.776,179.626,1872.5399988740683,390
2023-01-24,179.526,180.286,178.316,180.277,2120.190001502633,390
2023-01-25,179.316,181.096,179.286,181.096,2179.590002425015,390
2023-01-26,180.106,180.216,178.436,179.466,2358.3000065237284,390
2023-01-27,179.257,179.666,178.246,179.227,1837.7700014859438,390
2023-01-30,179.246,179.387,178.636,178.757,1128.1199984550476,390
2023-01-31,178.827,179.576,178.516,179.367,1994.5799995809793,390
2023-02-01,179.747,181.697,177.926,181.697,5598.002393484116,390
2023-02-02,181.036,180.976,177.726,177.906,4201.2000024318695,390
2023-02-03,174.916,175.347,173.097,173.467,4626.8100036382675,390
2023-02-06,174.067,174.377,173.256,173.877,2803.6799957603216,390
2023-02-07,173.676,175.177,173.447,173.976,5832.901206731796,390
2023-02-08,174.927,174.846,173.806,174.447,3448.6799924373627,390
2023-02-09,175.467,175.427,172.866,173.086,4592.1599987745285,390
2023-02-10,173.626,173.637,172.496,173.367,3653.311199784279,390
2023-02-13,172.677,172.836,172.066,172.477,1920.1499978005886,390
2023-02-14,171.926,173.456,171.377,172.587,4797.420004308224,390
2023-02-15,170.567,170.937,170.167,170.926,2346.840005427599,390
2023-02-16,170.307,171.576,169.956,170.806,2990.969995558262,390
2023-02-17,169.817,171.447,169.506,171.277,3262.2299946546555,390
2023-02-21,171.196,171.437,169.997,170.637,3081.990009725094,390
2023-02-22,170.807,170.887,169.496,169.667,3409.020005464554,390
2023-02-23,169.846,170.047,169.076,169.577,3520.8899957686663,390
2023-02-24,168.396,168.767,168.186,168.407,3122.1600152403116,390
2023-02-27,168.877,169.217,168.536,168.987,2312.4900032430887,390
2023-02-28,168.777,170.237,168.566,169.857,3057.3599977865815,390
2023-03-01,170.926,171.437,170.446,170.836,3695.3399963378906,390
2023-03-02,170.477,170.927,170.346,170.757,2547.750003159046,390
2023-03-03,171.427,172.576,170.576,172.537,2830.2900034189224,390
2023-03-06,172.277,172.346,171.526,171.667,2419.049999475479,390
2023-03-07,170.376,170.446,168.517,168.656,4417.592411100864,390
2023-03-08,168.576,169.537,168.456,168.617,3511.050000883639,390
2023-03-09,169.747,170.586,169.686,170.207,2945.9400048851967,390
2023-03-10,171.927,173.837,171.907,173.867,5327.971197605133,390
2023-03-13,176.656,178.006,176.286,177.877,6409.711190104485,390
2023-03-14,177.347,177.557,176.196,176.866,4561.741199493408,390
2023-03-15,178.816,180.077,177.456,178.206,7277.793603897095,390
2023-03-16,179.466,179.587,177.866,178.567,6005.129997849464,390
2023-03-17,180.987,184.747,180.196,183.796,6312.331197500229,390
2023-03-20,184.186,184.497,182.686,183.917,4662.870009899139,390
2023-03-21,182.646,182.677,179.886,180.387,3877.2899753451347,390
2023-03-22,180.397,183.827,180.276,183.447,5049.5723922252655,390
2023-03-23,183.916,186.196,183.496,185.767,4296.9899961948395,390
2023-03-24,185.566,185.926,183.606,183.717,4467.121196389198,390
2023-03-27,181.137,182.117,180.667,182.006,2486.400894701481,390
2023-03-28,182.267,183.587,182.047,183.447,2312.4000008553267,390
2023-03-29,182.506,183.236,182.226,182.567,2083.380001537502,390
2023-03-30,182.727,184.417,182.536,184.187,2193.0599988996983,390
2023-03-31,184.097,184.397,182.787,183.187,2426.03999710083,390
2023-04-03,183.837,185.007,183.306,184.547,2884.2600053846836,390
2023-04-04,184.696,188.177,184.656,187.966,4352.400002717972,390
2023-04-05,188.296,188.646,186.766,187.837,3800.549995034933,390
2023-04-06,186.876,187.207,185.926,186.477,2194.8599986433983,390
2023-04-10,185.146,185.326,184.176,185.117,2155.680001795292,390
2023-04-11,185.877,186.477,185.626,186.267,1618.934400588274,390
2023-04-12,187.527,187.537,185.956,187.187,3647.339996814728,390
2023-04-13,189.757,190.256,188.976,189.687,2831.8199973106384,390
2023-04-14,188.086,188.416,185.156,186.357,3755.8800057172775,390
2023-04-17,185.877,185.867,184.006,185.567,3150.0609070062637,390
2023-04-18,185.247,186.926,185.027,186.247,3325.530004888773,390
2023-04-19,184.316,185.557,184.266,185.357,2216.189992070198,390
2023-04-20,186.136,186.966,185.737,186.127,2622.869999229908,390
2023-04-21,184.947,185.577,183.206,184.257,3373.649991437793,390
2023-04-24,184.067,185.007,183.416,184.827,2166.270001322031,390
2023-04-25,184.837,186.187,183.637,185.797,2944.079998552799,390
2023-04-26,186.607,186.496,184.287,184.746,3612.690008342266,390
2023-04-27,183.877,184.947,183.386,184.767,2996.4310040175915,390
2023-04-28,184.736,185.267,184.146,184.816,3379.2300033569336,390
2023-05-01,186.047,186.156,183.887,183.977,3502.2399988770485,390
2023-05-02,184.616,187.597,184.506,187.557,5365.239995241165,390
2023-05-03,187.577,189.147,186.906,189.127,6050.260005712509,390
2023-05-04,188.847,191.297,188.786,190.456,6836.161010012031,390
2023-05-05,186.546,187.557,185.737,187.467,4405.4400070905685,390
2023-05-08,187.826,188.537,187.156,187.717,2737.7899981737137,390
2023-05-09,188.097,189.307,188.056,189.017,2962.2100030854344,390
2023-05-10,188.787,189.546,187.776,188.737,4690.319995522499,390
2023-05-11,188.396,188.707,186.846,187.136,4556.2199947685,390
2023-05-12,187.426,187.776,186.566,186.817,3426.569999784231,390
2023-05-15,187.267,187.806,187.016,187.217,2385.5999962762,390
2023-05-16,186.547,186.756,184.436,184.937,4046.2200100421906,390
2023-05-17,184.287,184.426,183.457,184.267,3090.689995765686,390
2023-05-18,182.056,182.217,181.316,181.867,3043.8600010201335,390
2023-05-19,182.217,184.236,181.806,183.627,4447.590005606413,390
2023-05-22,183.197,183.756,182.877,183.206,3416.0699947327375,390
2023-05-23,182.786,183.697,182.456,183.476,4446.750006973743,390
2023-05-24,183.506,183.496,181.766,182.007,4460.939987897873,390
2023-05-25,181.156,181.267,180.096,180.217,3512.6099943220615,390
2023-05-26,180.987,181.277,180.057,180.897,3769.3799938857555,390
2023-05-30,181.696,182.377,180.996,182.076,2715.059997163713,390
2023-05-31,182.367,183.327,181.456,182.337,3758.2199968099594,390
2023-06-01,182.806,184.167,182.696,183.757,3106.710008904338,390
2023-06-02,183.526,183.496,180.946,181.017,3200.999999962747,390
2023-06-05,180.777,182.416,180.566,182.176,2943.690009087324,390
2023-06-06,182.337,182.597,181.506,182.347,2619.4200085625052,390
2023-06-07,181.936,182.926,180.166,180.197,3803.3699961826205,390
2023-06-08,181.996,182.956,181.956,182.547,3055.800004951656,390
2023-06-09,182.347,182.737,181.696,182.037,2761.199999809265,390
2023-06-12,181.766,181.927,181.026,181.917,2621.0099991708994,390
2023-06-13,182.057,182.356,180.166,180.537,3236.820001631975,390
2023-06-14,181.686,181.926,180.086,180.667,4327.320008218288,390
2023-06-15,180.286,182.036,180.176,181.917,2963.9099938869476,390
2023-06-16,181.906,182.536,181.386,181.647,3095.9100083187222,390
2023-06-20,180.017,180.026,179.207,179.837,2920.93000087142,390
2023-06-21,179.137,179.916,178.186,179.526,3289.236395124346,390
2023-06-22,178.336,178.916,177.606,177.747,543.0410008579493,390
2023-06-23,179.596,179.766,178.086,178.216,632.977000169456,390
2023-06-26,179.036,179.057,178.406,178.567,466.6450003273785,390
2023-06-27,179.077,179.197,177.426,177.707,615.912000451237,390
2023-06-28,177.236,177.666,176.686,177.316,685.2179996967316,390
2023-06-29,175.827,177.577,175.756,177.127,619.7539980188012,390
2023-06-30,177.686,178.507,177.306,178.297,609.3299991674721,390
2023-07-03,178.607,179.237,178.446,178.536,342.25600105524063,390
2023-07-05,179.397,179.237,177.806,177.877,400.93899880349636,390
2023-07-06,177.476,177.746,176.646,177.336,436.7439986243844,390
2023-07-07,178.347,179.586,178.336,178.717,535.6469999887049,390
2023-07-10,178.346,178.897,178.256,178.807,408.01799995079637,390
2023-07-11,179.406,179.687,179.116,179.437,376.67399910092354,390
2023-07-12,181.156,181.917,181.086,181.876,546.1329995281994,390
2023-07-13,181.927,182.137,181.476,181.997,525.2980000302196,390
2023-07-14,181.607,182.136,181.106,181.477,517.6770005486906,390
2023-07-17,180.987,181.617,180.626,181.537,325.7520006559789,390
2023-07-18,182.767,184.206,182.306,183.627,537.3979983739555,390
2023-07-19,183.407,183.807,182.856,183.696,392.61699979379773,390
2023-07-20,183.726,183.707,182.456,182.777,496.5870001167059,390
2023-07-21,182.067,182.406,181.656,182.187,408.0260004401207,390
2023-07-24,182.206,182.367,181.326,181.437,475.1359997615218,390
2023-07-25,181.716,182.437,181.116,182.357,325.4090007841587,390
2023-07-26,182.656,183.547,182.286,183.317,567.6260004267097,390
2023-07-27,181.596,181.537,180.316,180.456,494.04300059378147,390
2023-07-28,181.457,182.247,181.256,181.877,273.24100014567375,390
2023-07-31,182.427,183.047,182.306,182.366,240.29199942946434,390
2023-08-01,180.847,181.166,180.186,180.476,307.381998937577,390
2023-08-02,180.567,180.767,179.417,179.626,359.44999938458204,390
2023-08-03,179.436,179.907,179.266,179.567,374.7709994316101,390
2023-08-04,180.247,180.657,179.836,180.196,371.8579999282956,390
2023-08-07,180.126,180.107,179.256,179.777,228.07600009441376,390
2023-08-08,178.606,179.287,178.437,178.647,272.2590002194047,390
2023-08-09,178.647,178.877,177.776,177.797,303.04800048843026,390
2023-08-10,178.206,178.656,177.527,177.577,358.8249997422099,390
2023-08-11,177.706,178.167,177.476,177.607,287.32499996200204,390
2023-08-14,176.837,177.556,176.566,177.057,267.446999642998,390
2023-08-15,176.706,177.377,176.326,176.587,408.2229987308383,390
2023-08-16,176.616,176.917,175.556,175.607,352.401999540627,390
2023-08-17,176.527,176.526,174.926,175.317,317.41299939900637,390
2023-08-18,175.807,175.966,175.086,175.357,225.5419993288815,390
2023-08-21,175.746,175.896,174.946,175.816,279.14500053972006,390
2023-08-22,175.806,176.236,175.307,176.097,231.2529999539256,390
2023-08-23,177.317,178.187,177.076,177.887,348.83800012618303,390
2023-08-24,177.626,178.427,177.406,177.867,297.8099988922477,390
2023-08-25,177.576,178.297,176.626,177.626,457.1349983140826,390
2023-08-28,177.637,178.717,177.497,178.157,217.60699970647693,390
2023-08-29,178.036,179.857,177.886,179.857,431.16499983519316,390
2023-08-30,180.577,180.836,180.286,180.336,244.36199986189604,390
2023-08-31,180.326,180.466,179.926,180.017,222.64200000092387,390
2023-09-01,180.797,180.976,179.327,180.077,354.0549994595349,390
2023-09-05,179.327,179.387,178.636,178.707,216.748000100255,390
2023-09-06,178.296,178.986,177.697,177.827,289.1089997179806,390
2023-09-07,178.306,178.356,177.886,178.017,163.95099998638034,390
2023-09-08,178.336,179.016,177.896,178.067,191.3959998972714,390
2023-09-11,178.977,179.037,178.256,178.407,180.45699983090162,390
2023-09-12,177.107,177.666,177.016,177.486,170.62099985405803,390
2023-09-13,177.527,177.706,177.026,177.087,198.25799986347556,390
2023-09-14,176.487,177.366,176.356,177.156,270.17399989813566,390
2023-09-15,178.547,179.067,178.336,178.367,340.8399993441999,390
2023-09-18,178.827,179.397,178.366,179.396,198.70599976927042,390
2023-09-19,179.506,179.617,179.026,179.227,170.28100000694394,390
2023-09-20,179.336,180.647,179.316,179.347,443.0079989172518,390
2023-09-21,177.857,178.447,177.676,178.077,223.84900000318885,390
2023-09-22,178.667,178.936,178.506,178.627,150.3869996741414,390
2023-09-25,178.407,178.677,177.646,177.697,214.37500035762787,390
2023-09-26,176.817,177.076,176.156,176.287,244.64500008523464,390
2023-09-27,175.257,175.296,173.696,174.097,280.4449998661876,390
2023-09-28,173.877,174.056,172.306,173.227,422.9820005632937,390
2023-09-29,173.886,173.946,171.256,171.457,490.5479996949434,390
2023-10-02,170.226,170.427,169.496,169.687,421.17799972742796,390
2023-10-03,169.116,169.947,168.726,169.177,638.8309995085001,390
2023-10-04,169.206,169.367,168.487,169.147,448.58700044825673,390
2023-10-05,168.727,168.936,168.286,168.887,336.6200006045401,390
2023-10-06,169.166,170.197,168.476,169.697,507.0980014465749,390
2023-10-09,171.167,172.837,171.066,172.837,222.56700038909912,390
2023-10-10,172.077,172.757,171.896,172.526,270.2250006981194,390
2023-10-11,173.576,174.107,173.256,173.817,330.60100055113435,390
2023-10-12,174.037,174.166,173.236,173.277,328.103000421077,390
2023-10-13,176.886,179.057,176.716,178.836,431.02000047266483,390
2023-10-16,177.816,178.307,177.536,177.977,281.9519996754825,390
2023-10-17,178.346,179.066,177.966,178.346,386.8280003666878,390
2023-10-18,180.877,181.986,179.736,180.896,617.8289998471737,390
2023-10-19,181.017,183.397,180.806,183.157,784.7280022203922,390
2023-10-20,183.437,185.177,183.096,183.607,642.2680013924837,390
2023-10-23,183.476,183.527,182.686,182.997,471.0409992299974,390
2023-10-24,182.067,183.387,181.537,182.946,406.1790000088513,390
2023-10-25,183.416,184.226,182.016,183.707,602.9579999558628,390
2023-10-26,183.376,184.467,182.856,184.047,559.8209995403886,390
2023-10-27,183.756,186.307,183.466,186.157,598.0000001899898,390
2023-10-30,185.517,185.687,184.726,185.087,468.6349993646145,390
2023-10-31,185.086,186.137,183.486,184.097,697.1900002658367,390
2023-11-01,183.927,184.707,182.646,183.546,782.121001265943,390
2023-11-02,184.126,184.207,183.496,184.126,398.0459993556142,390
2023-11-03,184.437,185.417,184.316,184.787,590.7310009114444,390
2023-11-06,184.097,184.186,183.326,183.377,220.16700019687414,390
2023-11-07,182.256,182.627,181.746,182.586,259.9439998716116,390
2023-11-08,181.976,182.037,180.557,180.777,359.2620003782213,390
2023-11-09,180.946,182.236,180.866,181.477,504.6700015589595,390
2023-11-10,180.506,180.497,179.236,179.497,333.2630006708205,390
2023-11-13,179.386,180.707,179.106,180.517,263.51600087434053,390
2023-11-14,181.686,182.717,181.606,182.107,328.8920000381768,390
2023-11-15,182.027,182.167,181.286,181.656,328.5919986180961,390
2023-11-16,182.817,184.317,182.796,183.706,372.08500070497394,390
2023-11-17,183.967,184.047,183.436,183.657,304.32699977234006,390
2023-11-20,182.287,183.457,182.207,183.366,294.764000043273,390
2023-11-21,185.527,186.096,185.046,185.337,314.53999976441264,390
2023-11-22,185.446,185.687,184.256,184.516,401.4710000343621,390
2023-11-24,185.477,185.717,185.156,185.386,128.63600058853626,390
2023-11-27,186.537,186.757,185.916,186.777,272.29299990832806,390
2023-11-28,187.917,189.376,187.496,189.267,406.9619991257787,390
2023-11-29,189.127,189.976,189.006,189.557,294.53300043940544,390
2023-11-30,188.896,189.206,188.046,188.737,300.7709998637438,390
2023-12-01,188.787,192.337,188.657,191.997,656.1100003123283,390
2023-12-04,189.577,190.326,187.216,187.907,722.2490003854036,390
2023-12-05,187.546,187.807,186.296,187.157,710.9880009666085,390
2023-12-06,188.317,188.407,187.496,187.867,343.5479989461601,390
2023-12-07,188.446,188.516,187.246,188.137,504.69700030982494,390
2023-12-08,185.947,186.717,184.887,185.647,459.701000764966,390
2023-12-11,184.497,184.516,183.137,183.587,282.85999938100576,390
2023-12-12,183.836,183.947,183.256,183.477,325.1559998244047,390
2023-12-13,183.807,187.606,183.376,187.647,688.9730011709034,390
2023-12-14,188.836,189.797,188.067,188.737,537.2149992436171,390
2023-12-15,188.487,188.917,186.816,187.077,474.6560003757477,390
2023-12-18,187.497,188.477,187.236,187.867,291.0669995807111,390
2023-12-19,188.237,189.696,188.116,189.107,322.17899952456355,390
2023-12-20,188.676,188.907,188.076,188.146,281.74600030109286,390
2023-12-21,189.217,189.607,188.736,189.436,320.2249988652766,390
2023-12-22,191.576,191.836,190.047,190.267,406.9139996133745,390
2023-12-26,190.967,191.696,190.396,191.726,191.8340000398457,390
2023-12-27,191.737,193.136,191.526,192.607,305.3700000308454,390
2023-12-28,192.307,192.847,191.436,191.486,324.2130006849766,390
2023-12-29,190.967,191.606,190.736,191.136,370.9229993596673,390
2024-01-02,191.416,191.846,190.506,190.716,481.7179999426007,390
2024-01-03,188.766,189.737,188.156,189.156,605.0909986644983,390
2024-01-04,189.056,189.676,188.686,189.337,343.3609997071326,390
2024-01-05,189.656,191.237,189.066,189.397,705.6860005259514,390
2024-01-08,187.186,188.717,187.096,187.866,381.0669993236661,390
2024-01-09,188.687,188.697,187.726,187.957,368.36400062963367,390
2024-01-10,188.127,188.337,187.196,187.497,368.0080007612705,390
2024-01-11,188.036,188.446,186.387,187.936,682.4470016509295,390
2024-01-12,190.657,191.027,189.146,189.717,486.6659995056689,390
2024-01-16,189.126,189.227,187.526,187.937,530.0609996803105,390
2024-01-17,187.296,187.346,185.447,185.857,473.09799840673804,390
2024-01-18,186.347,187.387,186.286,187.357,326.81100062280893,390
2024-01-19,188.237,188.177,187.426,187.927,374.53899969905615,390
2024-01-22,187.197,187.727,186.836,187.227,261.26400027424097,390
2024-01-23,187.447,188.116,187.247,187.937,279.9760001003742,390
2024-01-24,188.327,188.227,186.297,186.417,545.5940022282302,390
2024-01-25,187.336,187.546,186.446,187.147,397.62599958851933,390
2024-01-26,187.267,187.317,186.746,187.016,264.38799957185984,390
2024-01-29,188.286,188.497,187.157,188.317,318.10500041022897,390
2024-01-30,189.677,189.697,187.956,188.607,404.2509978674352,390
2024-01-31,189.367,190.416,188.106,188.476,876.9549988843501,390
2024-02-01,189.686,191.316,188.957,190.417,633.8930012285709,390
2024-02-02,188.076,188.856,187.846,188.647,433.77500032633543,390
2024-02-05,186.866,187.796,186.686,187.587,355.22499991208315,390
2024-02-06,187.926,188.836,187.737,188.547,329.66799964010715,390
2024-02-07,188.436,189.346,188.276,188.497,327.2469998784363,390
2024-02-08,187.906,188.486,187.787,188.317,335.9789998717606,390
2024-02-09,187.536,187.757,187.116,187.587,274.18099953606725,390
2024-02-12,186.607,187.257,186.346,187.117,289.07300025969744,390
2024-02-13,185.346,185.247,184.316,184.557,468.29200107976794,390
2024-02-14,184.267,184.856,183.767,184.417,410.60400001332164,390
2024-02-15,185.596,185.947,185.086,185.647,427.21300088986754,390
2024-02-16,185.036,186.667,184.816,186.377,408.21799874678254,390
2024-02-20,187.956,187.996,187.386,187.486,255.14800001308322,390
2024-02-21,187.867,188.017,186.346,187.506,354.2459995262325,390
2024-02-22,187.557,187.566,187.047,187.527,397.0750003159046,390
2024-02-23,187.556,189.037,187.456,188.616,427.7060003094375,390
2024-02-26,187.807,188.336,187.536,188.217,255.8590004555881,390
2024-02-27,188.547,188.577,187.876,188.027,311.0749989710748,390
2024-02-28,188.337,188.496,188.026,188.346,221.85500022768974,390
2024-02-29,189.656,189.896,189.216,189.297,327.0850012488663,390
2024-03-01,190.266,193.367,189.426,192.927,555.7200002074242,390
2024-03-04,194.146,196.297,193.866,196.036,484.83800004422665,390
2024-03-05,197.416,197.946,196.627,197.207,580.1629994884133,390
2024-03-06,198.086,199.247,197.306,198.797,708.5759999081492,390
2024-03-07,199.537,200.086,198.897,199.937,502.64899999275804,390
2024-03-08,200.886,203.257,200.427,201.637,724.3860006704926,390
2024-03-11,201.667,202.376,201.447,202.007,476.6449999064207,390
2024-03-12,200.426,200.596,199.136,199.777,629.4170006364584,390
2024-03-13,200.437,201.807,200.316,201.177,529.0130003765225,390
2024-03-14,200.336,200.416,199.326,200.337,515.1240001171827,390
2024-03-15,199.906,200.557,199.546,199.707,414.5910013951361,390
2024-03-18,199.656,200.126,199.497,200.017,358.07800030708313,390
2024-03-19,199.607,199.787,198.916,199.797,311.9590001888573,390
2024-03-20,199.156,202.577,199.106,202.117,941.5119989216328,390
2024-03-21,203.887,203.717,200.586,201.977,674.4520011842251,390
2024-03-22,201.317,201.787,199.696,200.327,525.5000006556511,390
2024-03-25,201.187,201.886,200.957,200.997,298.14200043678284,390
2024-03-26,202.636,202.677,201.056,201.647,511.6720001474023,390
2024-03-27,202.316,203.196,202.296,203.137,446.3759991005063,390
2024-03-28,204.526,205.966,203.856,205.686,635.3279985189438,390
2024-04-01,208.646,208.676,206.286,207.817,600.4869982898235,390
2024-04-02,209.076,210.906,208.666,210.887,739.2150012403727,390
2024-04-03,210.546,212.807,210.277,212.736,788.7230013459921,390
2024-04-04,211.986,213.307,211.036,211.556,820.7910030186176,390
2024-04-05,212.487,215.646,212.186,215.127,997.0930001661181,390
2024-04-08,215.936,216.776,214.626,216.467,760.5819995552301,390
2024-04-09,217.786,218.767,216.436,217.687,962.9150006473064,390
2024-04-10,215.306,217.686,214.667,215.677,1198.934999153018,390
2024-04-11,216.846,219.796,215.876,219.827,886.2019998431206,390
2024-04-12,221.837,224.987,216.016,216.947,1972.0035145878792,390
2024-04-15,217.916,220.987,215.126,220.967,1305.080998659134,390
2024-04-16,220.167,221.976,218.756,221.237,1267.1330003738403,390
2024-04-17,221.036,221.726,218.516,219.607,1144.5989999175072,390
2024-04-18,221.267,221.396,219.307,220.337,986.863000035286,390
2024-04-19,220.447,222.326,220.057,221.066,831.141998976469,390
2024-04-22,216.316,216.867,215.147,215.587,691.0950013846159,390
2024-04-23,213.967,215.747,213.846,215.007,931.7519976124167,390
2024-04-24,214.707,216.246,214.347,214.647,707.7629995495081,390
2024-04-25,214.436,216.946,214.306,215.937,907.5050012022257,390
2024-04-26,216.766,216.977,215.507,216.607,663.8729992508888,390
2024-04-29,216.017,217.167,215.216,216.197,675.3550013303757,390
2024-04-30,213.356,214.057,211.837,211.997,840.3989988416433,390
2024-05-01,212.937,215.366,212.426,213.827,1159.926995754242,390
2024-05-02,211.947,213.667,211.476,213.177,716.7619995772839,390
2024-05-03,212.886,213.097,210.687,212.977,908.2599994838238,390
2024-05-06,215.147,215.786,214.456,215.237,489.2149994671345,390
2024-05-07,214.516,214.876,213.866,214.217,432.41899920254946,390
2024-05-08,213.566,214.757,213.487,213.616,468.304000467062,390
2024-05-09,214.467,216.927,214.436,216.937,623.520999185741,390
2024-05-10,219.196,219.587,218.066,218.737,624.9450011216104,390
2024-05-13,217.066,217.276,215.787,216.287,534.6069991141558,390
2024-05-14,217.316,218.356,216.956,218.116,672.2699986994267,390
2024-05-15,219.016,221.137,217.616,220.877,762.7370004504919,390
2024-05-16,220.106,220.547,219.387,220.067,567.6570009998977,390
2024-05-17,222.186,223.807,221.657,223.657,715.692999213934,390
2024-05-20,223.776,225.507,223.006,224.587,724.6510010957718,390
2024-05-21,224.726,225.117,223.676,224.217,794.5769988745451,390
2024-05-22,223.056,223.207,219.726,220.137,942.4659996926785,390
2024-05-23,218.747,219.136,215.646,215.756,1039.5280001163483,390
2024-05-24,216.946,217.136,215.727,215.896,491.34699906408787,390
2024-05-28,218.406,218.477,217.196,218.216,760.2669999673963,390
2024-05-29,216.906,217.106,216.116,216.167,449.5830003321171,390
2024-05-30,216.667,217.427,216.406,216.577,514.5610002875328,390
2024-05-31,217.757,217.876,214.636,215.327,927.0939997583628,390
2024-06-03,215.876,217.766,215.526,217.217,710.9630017355084,390
2024-06-04,216.187,216.047,214.186,215.296,705.1109992787242,390
2024-06-05,216.666,218.046,215.906,217.796,617.93800085783,390
2024-06-06,218.326,219.937,218.076,219.437,631.5039998441935,390
2024-06-07,215.067,215.117,211.576,211.676,765.0390015542507,390
2024-06-10,213.087,213.996,212.756,213.586,345.73599984124303,390
2024-06-11,213.877,214.317,213.256,214.167,464.95700062066317,390
2024-06-12,216.497,216.366,214.177,214.717,1000.8469992130995,390
2024-06-13,214.406,214.936,212.246,212.986,681.6759988740087,390
2024-06-14,215.296,216.027,214.947,215.757,486.07300129532814,390
2024-06-17,214.887,215.247,213.596,214.606,409.22399976849556,390
2024-06-18,214.357,215.807,214.026,215.497,532.9299997165799,390
2024-06-20,216.316,218.686,216.126,218.167,552.5749998092651,390
2024-06-21,217.806,217.807,214.246,214.787,680.7940008118749,390
2024-06-24,215.546,215.917,215.186,215.676,315.3410002030432,390
2024-06-25,214.926,215.267,214.126,214.566,427.09499963000417,390
2024-06-26,212.397,213.067,212.106,212.606,468.8120014183223,390
2024-06-27,214.676,215.436,214.426,215.077,410.6579995714128,390
2024-06-28,215.637,215.736,214.796,215.027,439.04299994558096,390
2024-07-01,215.247,215.846,214.476,215.607,411.4850009046495,390
2024-07-02,215.287,216.067,214.606,215.547,442.82400031760335,390
2024-07-03,217.316,218.696,217.307,217.986,383.8299986422062,390
2024-07-05,219.556,221.246,219.556,220.927,580.8389995396137,390
2024-07-08,219.607,220.006,217.396,218.157,411.93899907916784,390
2024-07-09,218.577,218.986,217.237,218.567,501.993000453338,390
2024-07-10,220.116,220.676,219.137,219.357,372.86100097745657,390
2024-07-11,222.647,224.087,221.466,223.247,672.4899998903275,390
2024-07-12,222.016,223.606,221.836,223.107,432.17500030994415,390
2024-07-15,223.367,225.357,222.996,223.867,588.1050003767014,390
2024-07-16,225.417,228.276,225.276,228.276,526.4790005758405,390
2024-07-17,228.726,229.586,226.656,227.297,670.1139996051788,390
2024-07-18,227.626,228.266,225.566,225.827,487.16900196671486,390
2024-07-19,221.516,222.667,221.387,221.777,516.1549999080598,390
2024-07-22,221.556,221.887,220.386,221.807,372.07699927315116,390
2024-07-23,222.297,222.716,221.856,222.607,403.22300058603287,390
2024-07-24,223.456,224.857,221.736,221.857,578.9840005636215,390
2024-07-25,219.016,219.246,217.496,218.357,626.7199998646975,390
2024-07-26,219.926,220.967,219.687,220.667,467.1810003221035,390
2024-07-29,221.257,221.476,219.046,220.337,474.9319994151592,390
2024-07-30,221.357,222.816,220.336,222.566,564.3239999674261,390
2024-07-31,223.696,226.537,223.626,226.577,649.0519999042153,390
2024-08-01,226.757,227.516,225.026,225.827,792.4520000517368,390
2024-08-02,227.956,228.727,222.846,225.347,1092.9200012981892,390
2024-08-05,220.547,223.017,220.226,222.616,1043.7089999318123,390
2024-08-06,221.446,222.106,220.126,220.757,686.7610008269548,390
2024-08-07,221.896,222.276,220.326,220.537,654.010998994112,390
2024-08-08,222.686,224.207,222.486,224.017,624.912998765707,390
2024-08-09,224.807,225.257,223.777,224.557,551.742998957634,390
2024-08-12,226.097,228.507,225.956,228.437,530.8070002943277,390
2024-08-13,228.047,228.776,227.567,228.057,422.09800024330616,390
2024-08-14,226.527,227.327,225.346,226.207,617.3979996070266,390
2024-08-15,226.436,227.476,225.096,226.927,602.3720002323389,390
2024-08-16,229.967,231.957,228.996,231.957,667.6479998230934,390
2024-08-19,230.146,231.736,229.726,231.637,458.3429993391037,390
2024-08-20,233.707,233.897,231.106,232.477,609.0349997133017,390
2024-08-21,231.646,232.817,230.456,232.217,739.8110004067421,390
2024-08-22,230.287,230.207,228.246,229.417,623.7890006229281,390
2024-08-23,231.007,232.627,230.497,232.047,763.3269998431206,390
2024-08-26,233.417,233.437,232.027,232.767,447.6970004364848,390
2024-08-27,231.637,233.447,231.576,233.406,455.6620002761483,390
2024-08-28,231.966,231.987,230.706,231.777,454.8640002757311,390
2024-08-29,231.906,233.596,231.886,232.946,471.66899939253926,390
2024-08-30,232.477,232.766,230.526,231.346,618.6260010302067,390
2024-09-03,230.347,230.506,228.526,230.297,593.9909986667335,390
2024-09-04,229.776,230.997,229.366,230.436,501.95800080150366,390
2024-09-05,232.706,232.797,231.317,232.356,514.0819998010993,390
2024-09-06,231.787,232.667,229.616,230.677,993.4630005955696,390
2024-09-09,231.256,231.587,230.366,231.597,345.5270001515746,390
2024-09-10,232.386,232.677,231.086,232.637,431.26400074735284,390
2024-09-11,231.677,232.836,231.086,232.247,584.6890006065369,390
2024-09-12,234.577,236.407,234.406,236.317,654.6829984635115,390
2024-09-13,238.106,238.946,237.696,238.697,547.2869994342327,390
2024-09-16,238.696,239.217,238.036,238.667,419.0310001336038,390
2024-09-17,238.037,238.556,236.596,237.356,524.7309996113181,390
2024-09-18,238.166,240.206,235.296,235.557,1036.5970023423433,390
2024-09-19,238.206,239.487,237.377,239.177,543.8119987845421,390
2024-09-20,241.107,242.567,240.456,242.237,628.4029996395111,390
2024-09-23,242.966,243.427,242.576,242.667,511.6810006648302,390
2024-09-24,243.347,246.157,243.137,246.057,624.5269993543625,390
2024-09-25,246.167,246.436,244.786,245.767,498.61199973523617,390
2024-09-26,246.416,247.326,245.177,247.006,654.0379989668727,390
2024-09-27,246.327,246.727,244.176,245.007,664.8399987220764,390
2024-09-30,243.977,244.037,242.496,243.077,588.7499986700714,390
2024-10-01,245.186,246.827,245.046,245.637,831.7120004743338,390
2024-10-02,245.557,245.897,243.976,245.677,494.46499940752983,390
2024-10-03,244.696,245.887,243.797,245.516,605.3129990920424,390
2024-10-04,244.947,246.577,244.037,245.006,745.4990005195141,390
2024-10-07,244.537,244.786,243.797,244.167,443.61399848759174,390
2024-10-08,243.766,243.987,240.606,242.387,711.3620011433959,390
2024-10-09,241.127,241.806,240.636,241.067,543.7889989763498,390
2024-10-10,241.726,242.986,241.517,242.846,622.9079988971353,390
2024-10-11,244.536,245.857,244.447,245.437,392.3690003193915,390
2024-10-14,245.097,245.796,244.246,245.057,430.4359999690205,390
2024-10-15,244.957,246.526,244.506,245.917,533.4369995594025,390
2024-10-16,247.646,247.986,246.336,247.117,532.8890001773834,390
2024-10-17,247.746,249.027,247.596,248.647,482.22399983368814,390
2024-10-18,249.956,251.336,249.896,251.257,408.8889991529286,390
2024-10-21,252.727,253.117,250.716,251.236,676.70899990201,390
2024-10-22,253.006,253.896,252.496,253.927,494.5579993277788,390
2024-10-23,252.996,253.126,250.187,250.927,758.7180011719465,390
2024-10-24,253.247,253.276,251.366,252.727,647.4929998330772,390
2024-10-25,252.017,253.496,251.737,253.317,469.7650005072355,390
2024-10-28,253.007,253.606,252.936,253.347,381.1959992982447,390
2024-10-29,254.446,256.217,254.206,256.087,642.822999894619,390
2024-10-30,256.697,257.667,255.896,257.506,577.0840003192425,390
2024-10-31,255.516,255.477,252.196,253.627,701.8310011327267,390
2024-11-01,254.306,254.806,252.426,252.547,712.1480006575584,390
2024-11-04,253.296,253.556,252.256,252.857,432.94000002369285,390
2024-11-05,253.777,253.947,252.396,253.386,539.4310003370047,390
2024-11-06,245.586,247.217,244.936,245.757,837.3149986565113,390
2024-11-07,248.297,250.167,248.097,249.697,723.5429984629154,390
2024-11-08,249.047,249.267,247.767,247.997,581.3030011057854,390
2024-11-11,242.686,242.606,241.046,242.197,676.9599995464087,390
2024-11-12,241.266,241.576,239.387,240.067,674.5330008044839,390
2024-11-13,241.296,241.437,237.566,237.657,948.3030003905296,390
2024-11-14,236.606,237.957,236.116,237.047,915.8599984049797,390
2024-11-15,237.587,237.816,236.317,236.607,669.7759999483824,390
2024-11-18,240.447,241.426,240.427,241.087,474.0930004119873,390
2024-11-19,242.696,243.276,242.016,243.247,556.6370011344552,390
2024-11-20,243.697,245.196,243.496,244.667,612.0010004341602,390
2024-11-21,246.217,246.757,245.667,246.657,743.190000385046,390
2024-11-22,248.157,250.347,247.846,249.867,616.6549986451864,390
2024-11-25,244.257,244.237,241.466,242.576,817.807997584343,390
2024-11-26,242.717,243.066,241.537,242.957,619.7879998385906,390
2024-11-27,244.856,245.117,243.177,243.497,537.1749994903803,390
2024-11-29,245.227,245.776,244.716,245.596,384.41200003027916,390
2024-12-02,244.417,244.556,243.116,243.467,562.9050008654594,390
2024-12-03,244.917,245.116,243.276,243.947,569.0799999088049,390
2024-12-04,244.907,245.256,244.347,244.657,623.22200037539,390
2024-12-05,244.136,244.317,242.136,242.887,532.7680007591844,390
2024-12-06,242.776,243.836,242.406,243.006,582.3650000840425,390
2024-12-09,246.326,247.056,245.246,245.357,491.9150017425418,390
2024-12-10,247.856,248.827,247.806,248.557,400.96299920231104,390
2024-12-11,249.267,251.206,248.946,250.877,599.1720000877976,390
2024-12-12,247.816,248.216,246.836,247.317,627.7190000414848,390
2024-12-13,245.657,245.927,244.266,244.406,574.2050007134676,390
2024-12-16,245.327,245.526,244.496,244.897,401.48699985444546,390
2024-12-17,243.806,244.507,243.216,243.997,493.900001257658,390
2024-12-18,243.547,243.666,238.806,239.406,841.6409999132156,390
2024-12-19,239.606,240.006,238.716,239.646,703.1440002024174,390
2024-12-20,241.376,242.866,241.156,242.136,640.097000837326,390
2024-12-23,241.566,241.626,240.636,240.966,447.51400012522936,390
2024-12-24,241.416,241.627,240.806,241.387,238.75300040096045,390
2024-12-26,242.357,243.527,242.166,243.087,362.86799889057875,390
2024-12-27,241.346,241.927,241.026,241.407,489.87900058180094,390
2024-12-30,241.066,241.027,239.556,240.657,496.5010002553463,390
2024-12-31,241.047,242.476,241.046,242.147,464.262999586761,390
