2017.01.03,00:00,59.94766538953604,60.21134143550659,59.42689664893727,59.914703369140625,10360600.0
2017.01.04,00:00,60.06629598553904,60.08607117761692,59.163190322712616,59.25547790527344,9434200.0
2017.01.05,00:00,59.453272772264185,59.52578520285865,58.299672322823504,58.37218475341797,14443200.0
2017.01.06,00:00,58.53039062980235,58.65564028631158,57.890965584484995,58.3392219543457,16518100.0
2017.01.09,00:00,58.1546455719654,58.1546455719654,57.0537823858736,57.37678909301758,13762300.0
2017.01.10,00:00,57.46246816107845,57.55475576735615,56.63187970457911,56.64506149291992,13283100.0
2017.01.11,00:00,56.62530431846372,57.31746158584633,56.59893570409215,57.22517395019531,11183700.0
2017.01.12,00:00,57.52841991929844,57.60093236970641,56.73738140668452,56.91536331176758,10407000.0
2017.01.13,00:00,56.86921024582582,57.139484795140184,56.80329121869774,56.92194747924805,8415600.0
2017.01.17,00:00,57.073562612915396,57.607513241224666,56.85602530904899,57.587738037109375,13237300.0
2017.01.18,00:00,57.38995726988548,57.62068132097957,56.72416881117202,56.87578201293945,11831700.0
2017.01.19,00:00,56.67142577077034,56.7571199616843,55.76172653651262,55.85401916503906,16382900.0
2017.01.20,00:00,56.322052487283976,56.664834291908605,56.064964876491224,56.618690490722656,18739700.0
2017.01.23,00:00,56.480265205228584,56.61210321452739,55.86720890632357,56.01223373413086,11433900.0
2017.01.24,00:00,56.018831720797436,56.341838390481406,55.919950691094726,56.091339111328125,11858100.0
2017.01.25,00:00,56.256126403808594,56.61209501249941,56.196800817008594,56.256126403808594,9578500.0
2017.01.26,00:00,56.48685518774397,56.5791427945141,56.1111113518092,56.42752456665039,8779400.0
2017.01.27,00:00,56.22978601268964,56.526424127587106,56.05839253132938,56.36821746826172,10947900.0
2017.01.30,00:00,56.30887827532758,56.328653476077356,55.49147145878133,55.939727783203125,12789200.0
2017.01.31,00:00,56.05837404823872,56.078149245471906,54.799299511887405,55.30029296875,19128100.0
2017.02.01,00:00,55.37279976510222,55.47827417871729,54.410368372700596,54.674049377441406,15111800.0
2017.02.02,00:00,54.85203585749469,55.06297967347847,54.416966437345714,55.0102424621582,12200100.0
2017.02.03,00:00,55.175045662863646,55.188232481104116,54.647688607088945,55.069576263427734,12746300.0
2017.02.06,00:00,55.076168946924,55.14208794936516,54.667463084912775,54.9179573059082,9938200.0
2017.02.07,00:00,54.86522913139075,55.12231678020893,54.35104880445649,54.56199264526367,11705200.0
2017.02.08,00:00,54.542036638435654,54.62851951764387,53.99654993805885,54.20277404785156,14006300.0
2017.02.09,00:00,54.202775719524595,54.58195544885539,54.202775719524595,54.44225311279297,9603000.0
2017.02.10,00:00,54.72165953857807,55.06092218196341,54.63517664591006,54.894615173339844,8739800.0
2017.02.13,00:00,55.06090832132347,55.333654182944834,54.78151383523756,55.21391296386719,9071600.0
2017.02.14,00:00,55.154050399254,55.28044025541655,54.58860259558444,55.09417724609375,11370500.0
2017.02.15,00:00,54.97444448490678,55.33366823335438,54.85470323542425,55.32036590576172,11768500.0
2017.02.16,00:00,55.293774164867166,55.49333959540767,54.661804279933605,54.748287200927734,10615000.0
2017.02.17,00:00,54.60856328018604,54.675090139436456,54.176169146779095,54.389041900634766,15646000.0
2017.02.21,00:00,54.62852958779552,54.64848561735721,54.08304278686439,54.47552490234375,16419600.0
2017.02.22,00:00,54.31585989652371,54.349118246870354,53.79698293848323,53.83689498901367,12917400.0
2017.02.23,00:00,54.162857471697954,54.695041851994446,53.90341898200717,54.402339935302734,13847000.0
2017.02.24,00:00,54.282596118104685,54.4156447444851,53.72380711316537,53.93667984008789,11338700.0
2017.02.27,00:00,53.96993374081779,54.355767112582825,53.75706103144496,54.242679595947266,13465900.0
2017.02.28,00:00,54.23602979982097,54.54203402436273,53.91672325042352,54.09633255004883,16834200.0
2017.03.01,00:00,54.34911799335268,55.43344273037611,54.34911799335268,55.22721862792969,17482100.0
2017.03.02,00:00,55.08088011202823,56.045458676343145,55.074226410986334,55.41349411010742,14170300.0
2017.03.03,00:00,55.41349617256984,55.613061533672976,54.72165842178086,54.85470199584961,12190400.0
2017.03.06,00:00,54.84138779745145,55.14739201180076,54.76821232496728,55.100826263427734,9617200.0
2017.03.07,00:00,55.28710235284077,55.406843602061215,54.64183034733539,54.894615173339844,12711500.0
2017.03.08,00:00,54.781504670409696,54.8014606910364,53.89010191385037,53.903404235839844,16817700.0
2017.03.09,00:00,53.6440012568057,54.36244892571636,53.42447473431272,54.329185485839844,14721800.0
2017.03.10,00:00,54.84139364969637,54.861349676087805,53.989902688418894,54.28925323486328,11355200.0
2017.03.13,00:00,54.21608414523324,54.50878610090673,53.91673356350322,54.162864685058594,9571400.0
2017.03.14,00:00,53.88348857300551,54.03649330454976,53.5109623748648,53.876834869384766,11335700.0
2017.03.15,00:00,54.1163029754694,54.588614300464094,53.91673759781264,54.548702239990234,11970300.0
2017.03.16,00:00,54.56865470447486,54.681742251952805,54.32917220670561,54.59526443481445,9923800.0
2017.03.17,00:00,54.56865827022716,54.72166296085605,54.42896098328119,54.548702239990234,18834100.0
2017.03.20,00:00,54.362439190728935,54.57531197206862,54.17617614146764,54.548702239990234,7700300.0
2017.03.21,00:00,54.655122875772264,54.781512716733886,54.28259182664471,54.43559646606445,13387700.0
2017.03.22,00:00,54.52208546856201,54.60856328018604,54.16951544579669,54.389041900634766,11168400.0
2017.03.23,00:00,54.30255792374943,54.69504506924425,54.189470385752514,54.455562591552734,8928000.0
2017.03.24,00:00,54.568655524178624,54.568655524178624,53.98325667377527,54.036476135253906,9128500.0
2017.03.27,00:00,53.76372593130343,54.1695154110944,53.74376990365581,54.049774169921875,8481200.0
2017.03.28,00:00,54.09633681115065,54.5619943470704,53.85685434259578,54.44225311279297,11028600.0
2017.03.29,00:00,54.34247128534073,54.734953328333376,54.24933978106158,54.56199264526367,8495500.0
2017.03.30,00:00,54.56865490271714,55.79267712634974,54.508786815700894,55.67958450317383,44704900.0
2017.03.31,00:00,55.38688628104455,55.420144636821156,54.45556603942037,54.55535125732422,21750400.0
2017.04.03,00:00,54.56200100306818,54.75491774156492,54.11629943927595,54.59526443481445,11438700.0
2017.04.04,00:00,54.615215926217815,54.828088675961624,54.10299261677658,54.794830322265625,9270900.0
2017.04.05,00:00,55.11412928156198,55.57979184643947,54.86134451225316,54.9012565612793,13809100.0
2017.04.06,00:00,55.047620343103084,55.35362463265264,54.85470360235261,55.2205810546875,9554900.0
2017.04.07,00:00,55.37358597526326,55.45341517487476,55.00105986098491,55.05427932739258,8909600.0
2017.04.10,00:00,55.29375496896299,55.5265837614086,55.16070631950333,55.3004035949707,8885300.0
2017.04.11,00:00,55.26713362656654,55.32700169977888,54.82808078853221,55.10747528076172,8576500.0
2017.04.12,00:00,55.120786618933856,55.446746883158134,55.014347714125584,55.19396209716797,9516100.0
2017.04.13,00:00,55.02766376858612,55.034317470004595,54.2626505146503,54.34247970581055,8667900.0
2017.04.17,00:00,54.44891169804988,54.52874088649189,54.17617085262519,54.26930236816406,9577200.0
2017.04.18,00:00,54.096334464673596,54.428948425984984,53.90341775807863,53.916725158691406,8821400.0
2017.04.19,00:00,53.996552298358026,54.222732443920556,53.41780722130684,53.54419708251953,10764400.0
2017.04.20,00:00,53.8502005170728,54.37573120655533,53.683893529589206,53.89011764526367,11649100.0
2017.04.21,00:00,53.836899384191845,53.88346513870766,53.53089512947555,53.67724609375,9816700.0
2017.04.24,00:00,54.06971822193431,54.14954739013062,53.757060323939164,53.95663070678711,8729700.0
2017.04.25,00:00,54.169516787118944,54.502130790459894,54.06973157105927,54.36908721923828,10733800.0
2017.04.26,00:00,54.22938695137296,54.76822510864577,54.142909134291024,54.14956283569336,9445900.0
2017.04.27,00:00,53.93005489650059,54.083059629601635,53.84357704970626,54.05644989013672,12385300.0
2017.04.28,00:00,54.854697592587,54.874653619566715,54.255991406762526,54.31586456298828,12072200.0
2017.05.01,00:00,54.2227392241829,54.68839682432409,54.20278319493217,54.5886116027832,8664100.0
2017.05.02,00:00,54.64182685389104,54.941177420160066,54.48217355690001,54.58195877075195,9102900.0
2017.05.03,00:00,54.52874109794434,55.26049089799599,54.48882904121204,55.01435470581055,10289000.0
2017.05.04,00:00,54.74160708674923,54.78817283893816,54.14955463379575,54.309207916259766,16164500.0
2017.05.05,00:00,54.30255415830228,54.70834360206985,54.28925183281369,54.56199264526367,10213000.0
2017.05.08,00:00,54.548687024359396,55.17400286555943,54.548687024359396,55.14073944091797,8097100.0
2017.05.09,00:00,55.18731637632854,55.2139261063781,54.655137001198334,54.75491714477539,8647100.0
2017.05.10,00:00,55.14440011419576,55.3122776052754,54.828789611251736,55.00338363647461,9520300.0
2017.05.11,00:00,55.45999375340489,55.54057677642141,55.13095537504413,55.473426818847656,10047300.0
2017.05.12,00:00,55.32569195928844,55.54057489015463,55.23168099723531,55.433135986328125,7480200.0
2017.05.15,00:00,55.7353130935701,55.85618506183408,55.500285689504906,55.60101318359375,10881500.0
2017.05.16,00:00,55.66816339146096,55.889762854820425,55.36598090782173,55.433135986328125,9574200.0
2017.05.17,00:00,55.43313975627776,55.76217814584128,55.036946283640695,55.057090759277344,11151100.0
2017.05.18,00:00,54.90935537129831,55.16453238010096,54.67432796046428,54.89592742919922,9905800.0
2017.05.19,00:00,55.06382068119979,55.12425412280435,54.85565421805326,55.016815185546875,13028500.0
2017.05.22,00:00,55.13767675303244,55.28540974660487,55.016804769492616,55.258548736572266,9218700.0
2017.05.23,00:00,55.27869502266261,55.66145546253151,55.22497300083898,55.45328903198242,6857200.0
2017.05.24,00:00,55.34584317676788,55.4264262068657,55.07052678955783,55.258548736572266,8136000.0
2017.05.25,00:00,55.285404351846076,55.54057623743541,54.74147791738639,54.89592742919922,12370900.0
2017.05.26,00:00,54.801923781549796,54.92951230298564,54.278146875128506,54.761634826660156,8227100.0
2017.05.30,00:00,54.58031028084825,54.62059922540191,54.41914937942095,54.45943832397461,8973600.0
2017.05.31,00:00,54.35200357265042,54.35871498177901,54.03639315436189,54.05653762817383,13572300.0
2017.06.01,00:00,53.96924352363663,54.325142891679384,53.84837155682842,54.19083786010742,9884100.0
2017.06.02,00:00,54.116983659389724,54.17742221812137,53.223879331942506,53.385040283203125,21687300.0
2017.06.05,00:00,53.34474183008124,53.98267411087042,53.31788082245039,53.801368713378906,11527100.0
2017.06.06,00:00,53.92225000188631,54.60718788355813,53.86852797734343,54.533321380615234,12208600.0
2017.06.07,00:00,54.42588965589098,54.66091714034499,53.94911302900794,54.331878662109375,13096500.0
2017.06.08,00:00,54.33186156896753,54.44601700790048,54.04982355313871,54.137123107910156,11720700.0
2017.06.09,00:00,54.49301962910712,55.157812876288546,54.184125745333795,55.15109634399414,13553900.0
2017.06.12,00:00,55.15108748515387,56.19864605665322,55.15108748515387,55.688297271728516,18172900.0
2017.06.13,00:00,55.63459907083491,55.91663202400456,55.446577102055144,55.708465576171875,12175500.0
2017.06.14,00:00,55.607736693161534,55.61445322708583,54.76834926512461,55.11082077026367,13714000.0
2017.06.15,00:00,54.91606874374192,55.33240664984161,54.78176883762616,55.23839569091797,11862600.0
2017.06.16,00:00,55.473430914788885,56.09793530044115,55.19810940823045,56.06435775756836,39726100.0
2017.06.19,00:00,56.0643685910329,56.0643685910329,55.433152673405566,55.57416915893555,10445700.0
2017.06.20,00:00,55.110819338149376,55.37942433278406,54.66762545173418,55.27198028564453,13232600.0
2017.06.21,00:00,55.09069115178882,55.48687966554671,54.486331015940145,54.68778610229492,11422300.0
2017.06.22,00:00,54.694473577114444,54.78177313382778,54.325146244725495,54.44601821899414,8139900.0
2017.06.23,00:00,54.29156912081969,54.85564004614225,54.231135694828055,54.801918029785156,10611200.0
2017.06.26,00:00,54.775062479320525,54.895934466560774,54.33186860824891,54.553462982177734,7718700.0
2017.06.27,00:00,54.69447452214317,54.88250158119807,54.466163635253906,54.466163635253906,9221600.0
2017.06.28,00:00,54.667629174657215,54.902656639762874,54.51989616138666,54.748207092285156,9189700.0
2017.06.29,00:00,54.640753311857104,54.95635860882172,53.99610452995102,54.19083786010742,20525100.0
2017.06.30,00:00,54.44601065947583,54.553449553234344,54.19083368077555,54.21098327636719,14000600.0
2017.07.03,00:00,54.25129354023673,55.392858491486386,54.204288045143265,55.1309700012207,8422300.0
2017.07.05,00:00,54.84893085255141,54.84893085255141,54.06997688078322,54.29157638549805,9830800.0
2017.07.06,00:00,54.298284546516165,54.44601752687914,53.781219115245754,53.801368713378906,9822400.0
2017.07.07,00:00,53.855104832614096,54.12370988160576,53.59321631873139,53.86853790283203,10777800.0
2017.07.10,00:00,53.720783969744346,53.99610544673162,53.69392296297389,53.82822799682617,6338300.0
2017.07.11,00:00,53.94239376183281,54.22442670210518,53.74765526786927,54.12369918823242,9681100.0
2017.07.12,00:00,54.51989754945686,54.74149195178995,54.22443151539321,54.365447998046875,7974000.0
2017.07.13,00:00,54.37215042114258,54.452728319909525,54.210989500395385,54.37215042114258,5582300.0
2017.07.14,00:00,54.39230412036121,54.667625649742874,54.237854582842246,54.580326080322266,7497200.0
2017.07.17,00:00,54.39230504896834,54.681054527613654,54.27814958893081,54.29829406738281,7914700.0
2017.07.18,00:00,54.40573212850479,54.44602620798239,53.996115785660166,54.12369918823242,8046100.0
2017.07.19,00:00,54.01625998045181,54.30500945299151,53.90209939961396,54.29157638549805,9393200.0
2017.07.20,00:00,54.37216057051633,54.72134348451766,54.2244275642493,54.29829406738281,9681000.0
2017.07.21,00:00,54.15726809886424,54.284851481094066,53.720785690486366,53.801368713378906,12268600.0
2017.07.24,00:00,53.7610710751852,53.86851509858349,53.559621216132946,53.633487701416016,9403000.0
2017.07.25,00:00,54.23784689610227,54.42587395262977,53.90209197998047,53.90209197998047,11465300.0
2017.07.26,00:00,54.1102776562811,54.3251606538413,53.85510057446819,53.969261169433594,10465100.0
2017.07.27,00:00,53.881947556254914,54.31171343944473,53.6536366722162,54.278141021728516,11149700.0
2017.07.28,00:00,53.48576412848757,53.6670695458119,52.55907719510077,53.452186584472656,22800800.0
2017.07.31,00:00,53.60662988509632,53.98267374293843,53.45218037307498,53.74764633178711,12820200.0
2017.08.01,00:00,53.828230454424535,54.08340234557428,53.70064194724295,53.83494186401367,10421200.0
2017.08.02,00:00,53.653644287778484,54.1505602001461,53.58649431960137,54.12369918823242,10410100.0
2017.08.03,00:00,53.94909626374678,54.27142323027066,53.922240379482005,54.04982376098633,10136700.0
2017.08.04,00:00,54.016239180786286,54.09681706186291,53.75435082086293,53.86178970336914,8292200.0
2017.08.07,00:00,53.83493940610889,53.83493940610889,53.62677300765435,53.82822799682617,7893800.0
2017.08.08,00:00,53.73422435216396,53.868529417110786,53.60664094448246,53.69393539428711,9028400.0
2017.08.09,00:00,53.88865070479874,53.95580064676665,53.57304034201619,53.86178970336914,8087100.0
2017.08.10,00:00,54.07876427500331,54.092322370762034,53.502449507137634,53.543128967285156,12580300.0
2017.08.11,00:00,53.705869922348924,53.73299129579819,53.021069468155744,53.02785110473633,10192400.0
2017.08.14,00:00,53.30582393360398,53.4210858535513,52.966814635261514,53.04139709472656,8862500.0
2017.08.15,00:00,52.966825137440026,53.05496571025175,52.668495240427426,52.91258239746094,10350900.0
2017.08.16,00:00,52.91257822745275,53.00071879331817,52.41762231667743,52.52610778808594,9117100.0
2017.08.17,00:00,52.38373398000773,52.39729207995493,51.67181217026597,51.70571517944336,13400400.0
2017.08.18,00:00,51.65147560082325,52.282033330924506,51.56333501357995,51.96336364746094,14324300.0
2017.08.21,00:00,51.8480956065585,51.94979945552868,51.58366870295964,51.787071228027344,10084900.0
2017.08.22,00:00,51.9023155682755,52.43116914335065,51.88875230216721,52.03113555908203,9503600.0
2017.08.23,00:00,52.00404671336412,52.21423608649287,51.84810526571469,51.94302749633789,7054300.0
2017.08.24,00:00,51.86842430767219,51.97012813500664,51.66501665300329,51.7531623840332,8678300.0
2017.08.25,00:00,51.909119333431036,52.29558985488063,51.82097874884537,52.01760482788086,6844900.0
2017.08.28,00:00,52.139639375139744,52.16676074404595,51.705707818384845,51.84809112548828,8229700.0
2017.08.29,00:00,51.671806829795976,51.86165124667321,51.58366625706651,51.834529876708984,7060400.0
2017.08.30,00:00,51.69212829060578,51.83451155293046,51.57008475534597,51.597206115722656,8218000.0
2017.08.31,00:00,51.7124777493765,51.86164267308415,51.563317998540384,51.7531623840332,15641700.0
2017.09.01,00:00,51.78029187886687,52.105737969985334,51.74638887347553,51.9158935546875,7361100.0
2017.09.05,00:00,51.96335610457243,52.451530427707624,51.94301636992055,52.32948684692383,12784800.0
2017.09.06,00:00,52.810889334057265,53.712655672025136,52.60070513982169,53.41432571411133,18574400.0
2017.09.07,00:00,53.57704633562344,53.78723569308641,53.29906130176667,53.58382797241211,9836400.0
2017.09.08,00:00,53.57025051154781,53.59059024168987,53.31260013542484,53.44142532348633,8436000.0
2017.09.11,00:00,53.84146046701213,53.8482369286653,53.49566952645527,53.732975006103516,12955800.0
2017.09.12,00:00,53.83468406058229,54.03131009792066,53.72619858913823,53.90248489379883,7644400.0
2017.09.13,00:00,53.90249703675911,54.0855598449707,53.82113291484664,54.0855598449707,8369700.0
2017.09.14,00:00,54.139790089188125,54.39744049596932,54.08554735377398,54.302513122558594,9072600.0
2017.09.15,00:00,54.322862508822155,54.38388171154227,53.93639203964425,54.28895950317383,16043700.0
2017.09.18,00:00,54.0991106240635,54.33641612541042,54.0380862535046,54.302513122558594,8594400.0
2017.09.19,00:00,54.28219289594987,54.505940380281444,54.23473177862564,54.39067840576172,9277100.0
2017.09.20,00:00,54.43134624963356,54.68899669392147,54.41778815024232,54.61441421508789,10606900.0
2017.09.21,00:00,54.573710723350246,54.60083208563868,54.07876008698142,54.166900634765625,11984200.0
2017.09.22,00:00,54.051669402629784,54.44492161970259,54.01776638730929,54.18727111816406,10205800.0
2017.09.25,00:00,54.2618316335569,54.91951055052514,54.22793380484136,54.90595245361328,10496600.0
2017.09.26,00:00,54.722885176301226,54.91951120754199,54.62118134319437,54.84492874145508,8755100.0
2017.09.27,00:00,54.844936452766724,55.224625298687386,54.77713561211983,55.21106719970703,9724500.0
2017.09.28,00:00,55.34666253111646,55.902637637230455,55.299201430821554,55.726356506347656,15581700.0
2017.09.29,00:00,55.5568591889924,55.63821813005077,55.312772020072,55.583980560302734,9944000.0
2017.10.02,00:00,55.12291839058597,55.47548581301128,55.089015388890246,55.34666061401367,6777900.0
2017.10.03,00:00,55.19748993334281,55.57717864741619,55.12290748266829,55.43479537963867,6082000.0
2017.10.04,00:00,55.46194368520598,55.50940479752239,55.22463295075064,55.455162048339844,6357100.0
2017.10.05,00:00,55.40768530632449,55.7602527308104,55.31953957054915,55.611087799072266,7375900.0
2017.10.06,00:00,55.441596527023805,55.522960647499154,55.16361150126088,55.400917053222656,6070600.0
2017.10.09,00:00,55.48905274070574,55.719581808606,55.43481517138151,55.61787796020508,7489900.0
2017.10.10,00:00,55.82806798884411,56.09927655546549,55.65856328131489,55.77383041381836,7218500.0
2017.10.11,00:00,55.70601263376789,56.09925950432631,55.69244936447909,56.004337310791016,7023700.0
2017.10.12,00:00,55.80771975284697,55.93654496627026,55.712797544915816,55.88908386230469,6647500.0
2017.10.13,00:00,56.09249221648405,56.329797739133625,55.84162342232739,55.875526428222656,7180000.0
2017.10.16,00:00,56.0721536618981,56.24165836483355,55.96367334191338,56.14673614501953,5734000.0
2017.10.17,00:00,56.02469234029948,56.2552214253146,55.96367313045233,56.24843978881836,6444100.0
2017.10.18,00:00,56.248428967624825,56.53997720639842,55.963662364042804,56.11282730102539,6367100.0
2017.10.19,00:00,55.83485056198731,56.30946685475307,55.821292461221766,56.09927749633789,7945500.0
2017.10.20,00:00,56.17385329172635,56.36369771707052,56.01791187356762,56.35013961791992,9574100.0
2017.10.23,00:00,56.37727423720568,56.79086619226957,56.30269174216965,56.43829345703125,9829900.0
2017.10.24,00:00,56.64846957955526,56.824750733036765,56.48574135236408,56.5942268371582,7551200.0
2017.10.25,00:00,56.58064483875896,56.770494374314616,56.24163557028738,56.39080047607422,9153300.0
2017.10.26,00:00,56.52642599559819,56.716270421115276,56.35013966924405,56.5942268371582,9154500.0
2017.10.27,00:00,56.27556145681973,57.11630333620392,55.60432428061874,56.756954193115234,14866200.0
2017.10.30,00:00,56.756928316478316,56.91965130894102,56.55352586911761,56.641666412353516,7811100.0
2017.10.31,00:00,56.71624023087972,56.73657995523356,56.390789122608645,56.51283264160156,9754200.0
2017.11.01,00:00,56.539970094245014,56.91288238979289,56.451829539329765,56.865421295166016,9430000.0
2017.11.02,00:00,56.68236787556466,56.75695035374992,56.214538443979365,56.63490676879883,7775500.0
2017.11.03,00:00,56.56030601086588,56.70947091902774,56.384024912920964,56.3975830078125,6903500.0
2017.11.06,00:00,56.478970288052295,56.865440812047034,56.31624204530589,56.78407669067383,9276700.0
2017.11.07,00:00,56.77729975877043,56.83154251084731,56.29590697305366,56.668819427490234,8471800.0
2017.11.08,00:00,56.5196443595804,56.61456657233894,56.18063497890771,56.5942268371582,8691600.0
2017.11.09,00:00,56.47897141673749,57.04850475911216,56.32980644434224,56.93324279785156,10528800.0
2017.11.10,00:00,56.8032180352377,56.851118382487115,56.39948206206722,56.75531768798828,8693700.0
2017.11.13,00:00,56.55686703676479,56.85795267040536,56.52265026849512,56.72109603881836,6720400.0
2017.11.14,00:00,56.39947539039536,56.62529352389256,56.17365725689815,56.276302337646484,9251700.0
2017.11.15,00:00,55.940998949020596,56.17365625520543,55.53042385409433,55.57147979736328,9663600.0
2017.11.16,00:00,55.04459706648511,55.32515482052154,54.84615123033857,55.126708984375,10527200.0
2017.11.17,00:00,54.96246721957825,55.19512978154837,54.85298294745718,54.90772247314453,9536400.0
2017.11.20,00:00,54.90088402020652,55.18144171307713,54.75033857589946,55.11985778808594,8468600.0
2017.11.21,00:00,55.21564836298434,55.59885108133716,55.181431597097635,55.33882141113281,8838400.0
2017.11.22,00:00,55.53728080830807,55.708354238268484,55.46200808146574,55.496219635009766,7941600.0
2017.11.24,00:00,55.728887316113834,55.90679994062159,55.57834184864785,55.7151985168457,3851300.0
2017.11.27,00:00,55.64676042985327,55.70150517583651,55.44147024278931,55.50305938720703,9127500.0
2017.11.28,00:00,55.70835600186918,56.11208680339852,55.63992245112115,55.886268615722656,9794600.0
2017.11.29,00:00,55.872578127049636,56.32420922579144,55.75624945836196,56.296836853027344,9725000.0
2017.11.30,00:00,56.42000647496179,57.07008854173438,56.392639324615075,56.994815826416016,18592700.0
2017.12.01,00:00,57.097450002880706,57.56960895695973,56.39262854934312,57.11113357543945,13779300.0
2017.12.04,00:00,56.94007810590435,57.60384382970382,56.79637705550652,57.186424255371094,12597700.0
2017.12.05,00:00,57.076931634137914,57.323272526845344,56.597922982091724,56.72109603881836,9357200.0
2017.12.06,00:00,56.69372374862022,56.933225464609485,56.25577626202676,56.30367660522461,13398900.0
2017.12.07,00:00,56.385781147169325,56.53632654101595,56.228391357035655,56.488426208496094,11359600.0
2017.12.08,00:00,56.44737538383822,56.72793825477025,56.28999078564103,56.5637092590332,11988600.0
2017.12.11,00:00,56.82373892878883,56.96743995263031,56.6184487685892,56.81689453125,8760700.0
2017.12.12,00:00,56.72110504525764,57.05640750040875,56.591087570083126,56.63214874267578,11307000.0
2017.12.13,00:00,56.529484057189066,57.001648222819256,56.44052778542687,56.878475189208984,10172700.0
2017.12.14,00:00,56.81690735490441,57.02219756143832,56.72110665072107,56.72795104980469,9492400.0
2017.12.15,00:00,56.905856037017806,56.98796792450114,56.707410274357,56.81689453125,26582300.0
2017.12.18,00:00,56.91954670416538,57.25484913491129,56.73478971355943,56.75531768798828,9363500.0
2017.12.19,00:00,56.8169044481194,56.912705147401525,56.3379009517088,56.41317367553711,10285100.0
2017.12.20,00:00,56.52265052343034,56.892169695276905,56.46790578225029,56.70741271972656,10620300.0
2017.12.21,00:00,57.035870624883046,57.66541948510751,56.768996538032546,57.37801742553711,13578100.0
2017.12.22,00:00,57.39856632569964,57.49436704715193,57.20696488279507,57.46015548706055,10161400.0
2017.12.26,00:00,57.45329118457587,57.727009674227986,57.41223523838913,57.46697998046875,4777200.0
2017.12.27,00:00,57.47381154173477,57.54908424693326,57.30273816096461,57.412227630615234,7000600.0
2017.12.28,00:00,57.46698709436521,57.51488744442802,57.34381401981133,57.494354248046875,7495300.0
2017.12.29,00:00,57.48066389962767,57.61752053489982,57.234317779541016,57.234317779541016,8523400.0
2018.01.02,00:00,57.35749494417616,58.3018183249216,57.24801067227278,58.185489654541016,11469300.0
2018.01.03,00:00,58.2744546142145,59.513024553673546,58.04179203896584,59.32826232910156,13957700.0
2018.01.04,00:00,59.38983808708037,59.68408452367899,59.14349199035848,59.41036605834961,10863000.0
2018.01.05,00:00,59.36247253417969,59.451428826808424,58.65080653091152,59.36247253417969,11047600.0
2018.01.08,00:00,59.328276852838215,59.636212228926105,59.259848509512445,59.62936782836914,10927100.0
2018.01.09,00:00,59.49252413743575,59.63622525603474,59.294078243918364,59.376190185546875,8131600.0
2018.01.10,00:00,59.53353281907008,59.663550251037464,58.83555576590531,58.90398406982422,10822300.0
2018.01.11,00:00,59.09561329377477,59.78675149718752,58.801366749410725,59.485660552978516,14366000.0
2018.01.12,00:00,59.67041143762799,60.21100411326305,59.656727860094705,59.88938522338867,9834500.0
2018.01.16,00:00,60.03991567807277,60.05360447293256,59.259821434922465,59.51301193237305,10882800.0
2018.01.17,00:00,59.67042020562407,60.361558439415774,59.48566316766863,60.217857360839844,10546000.0
2018.01.18,00:00,60.06046577097979,60.347873140691654,59.76621922206459,59.82780838012695,9223700.0
2018.01.19,00:00,59.923586734094165,60.05360418090215,59.266665544148694,59.63618469238281,13090000.0
2018.01.22,00:00,59.64987383546141,60.416284572324194,59.56776194201806,60.388912200927734,10270400.0
2018.01.23,00:00,60.38893232805047,60.532633410216725,60.03994100236228,60.42314910888672,10281800.0
2018.01.24,00:00,60.553155881248266,60.8474024191268,60.22469778639384,60.580528259277344,10316100.0
2018.01.25,00:00,60.59420425369272,60.813178010903826,60.35469730173849,60.471031188964844,11271900.0
2018.01.26,00:00,60.65579541219893,60.90214157104492,60.539466731840214,60.90214157104492,10514400.0
2018.01.29,00:00,60.62155665929776,61.10740962252643,60.18360925140409,60.22467041015625,9315700.0
2018.01.30,00:00,59.9030755767201,60.47787982148342,59.383010864257805,59.38301086425781,12408000.0
2018.01.31,00:00,59.23244200249635,59.85515157572001,59.075057425595716,59.73882293701172,14404700.0
2018.02.01,00:00,59.87570926516177,61.073223450465,59.77306414798627,60.950050354003906,17971000.0
2018.02.02,00:00,58.25392465983119,58.856106496993,56.796380861763275,57.84334945678711,29822100.0
2018.02.05,00:00,56.987955156894536,57.47380285838877,53.463843001315524,54.55187225341797,30452700.0
2018.02.06,00:00,53.72390372093768,54.983001713728285,52.6221903668724,53.61441421508789,36262800.0
2018.02.07,00:00,53.676003461474245,54.33976923479874,52.635874037064625,52.64956283569336,21994500.0
2018.02.08,00:00,52.991714132227685,53.08751484763378,52.0268573575339,52.054229736328125,25650800.0
2018.02.09,00:00,52.71094740107259,52.86994667778599,51.0864143392759,52.38603973388672,29491600.0
2018.02.12,00:00,53.263981275774746,53.658016991151946,52.42751440493387,52.82846450805664,19340400.0
2018.02.13,00:00,52.60725633393673,53.05659664372649,52.3514819796336,52.74551773071289,11926600.0
2018.02.14,00:00,52.39294591149694,52.99437098464518,51.96434358963054,52.856109619140625,17188400.0
2018.02.15,00:00,52.966720427084304,53.0220197009454,52.15790591654843,52.68328857421875,14432400.0
2018.02.16,00:00,52.6418158205256,53.312368999550635,52.43442639071892,52.91141891479492,13722400.0
2018.02.20,00:00,52.86301809263788,53.55430902043671,52.16481277880431,52.36528778076172,13387300.0
2018.02.21,00:00,52.41367944839027,52.84228173469034,51.756955157668415,51.77077865600586,11715000.0
2018.02.22,00:00,52.05423523180573,53.11881915641272,51.97819276945753,52.44135665893555,14020200.0
2018.02.23,00:00,52.60033761414735,53.65801743439069,52.503557281439996,53.59579849243164,13378800.0
2018.02.26,00:00,53.740973145537396,54.56361131127038,53.61654052613353,54.50139236450195,16940400.0
2018.02.27,00:00,54.612010143649194,55.21343544518515,53.5750732421875,53.5750732421875,14629500.0
2018.02.28,00:00,54.03131154493671,54.09352520848122,52.33073090353598,52.35838317871094,17087800.0
2018.03.01,00:00,52.21321567603093,53.008201491851416,51.75005190715667,51.98508834838867,15696700.0
2018.03.02,00:00,51.77079228929655,52.44825991712558,51.487365668624825,52.227046966552734,15630300.0
2018.03.05,00:00,52.005827730714365,52.92524081389898,51.92978529369526,52.72476577758789,14891000.0
2018.03.06,00:00,53.00127149657917,53.21557525980229,52.4413275610127,52.662540435791016,10754300.0
2018.03.07,00:00,51.84683919001846,52.012747598669215,50.85137818984747,51.33528518676758,27255500.0
2018.03.08,00:00,51.501202746417235,51.687849080046966,50.94125847139388,51.2385139465332,19299800.0
2018.03.09,00:00,51.72239308392639,51.88830144933432,51.30070514649352,51.54265594482422,19714100.0
2018.03.12,00:00,51.756970552258885,52.24778663826283,51.63253793368514,52.01274490356445,14226700.0
2018.03.13,00:00,52.07496189144113,52.413693067100894,51.328366208077234,51.52192687988281,13739700.0
2018.03.14,00:00,51.597960153794354,51.7016548592954,50.830626716871116,50.8790168762207,14820700.0
2018.03.15,00:00,51.39747166972898,51.84681175980673,51.22464896386296,51.44586181640625,15640600.0
2018.03.16,00:00,51.40440399616772,51.929786682128906,51.40440399616772,51.929786682128906,32109700.0
2018.03.19,00:00,51.846831753796614,51.85374614145421,51.0587603330695,51.25923538208008,12744800.0
2018.03.20,00:00,51.3076389919488,51.63945584860741,51.12098739521122,51.14863967895508,13003200.0
2018.03.21,00:00,51.31454091001202,52.28925862295339,51.14171813421587,51.87448501586914,15418500.0
2018.03.22,00:00,51.445884954296744,51.63944562806012,50.73385592975311,50.809898376464844,17737000.0
2018.03.23,00:00,51.02421232501199,51.30072991696248,50.23614061614044,50.38822555541992,20157300.0
2018.03.26,00:00,50.913597233860905,51.25924282910214,50.29143410760003,51.155548095703125,15032700.0
2018.03.27,00:00,51.155540069022734,51.77078871008444,50.6578096461116,50.948150634765625,15821900.0
2018.03.28,00:00,50.97580963237923,51.16246120264813,50.31217073903746,50.332908630371094,18163900.0
2018.03.29,00:00,50.692376796531164,51.770789207103526,50.64398663129093,51.57722854614258,14882900.0
2018.04.02,00:00,51.34218933650024,51.432060557850996,49.883569920538605,50.616336822509766,17891100.0
2018.04.03,00:00,50.775326171960664,51.94360974934842,50.53337535614634,51.860652923583984,15999200.0
2018.04.04,00:00,51.19009961039681,51.888299708710754,50.768411687109705,51.7569580078125,13122200.0
2018.04.05,00:00,51.88829840642596,52.75932650346825,51.860646134790954,52.551937103271484,14200000.0
2018.04.06,00:00,52.28924974628401,52.621071740100554,51.30761781219638,51.7569580078125,14299600.0
2018.04.09,00:00,51.998908798026825,52.392944448984906,51.708567849769636,51.7569580078125,11103100.0
2018.04.10,00:00,52.59342484449155,53.76170314357064,52.57959606984747,53.277801513671875,19006100.0
2018.04.11,00:00,53.30545561389465,53.94835652941872,53.056590403102604,53.526668548583984,13734000.0
2018.04.12,00:00,53.82392228535236,54.01748293804602,53.23632593992311,53.38149642944336,13270400.0
2018.04.13,00:00,53.78244211245983,54.05204518154593,53.6441807474594,53.810089111328125,10925000.0
2018.04.16,00:00,54.0036653368986,54.66730419325871,53.720233440111755,54.29400634765625,10743600.0
2018.04.17,00:00,54.294012379416614,54.44609728979482,53.94836677369646,54.148841857910156,10478100.0
2018.04.18,00:00,54.63965505465105,55.13738554405465,54.57052699204124,54.76408767700195,12061400.0
2018.04.19,00:00,54.83320425777352,55.17884977257898,54.48064435591498,54.9023323059082,11291500.0
2018.04.20,00:00,54.8331971427358,54.88850168372015,54.14882058898117,54.61198425292969,12072200.0
2018.04.23,00:00,54.5567021300604,55.02678037332655,54.43918388777724,55.00604248046875,11729800.0
2018.04.24,00:00,55.16503398903251,55.254899936764765,53.89996996209699,54.16265869140625,14102000.0
2018.04.25,00:00,54.058953571146496,55.040590790058666,53.56813759875627,54.95763397216797,13867500.0
2018.04.26,00:00,55.026764646148514,55.92544509011371,54.9783744852662,55.89779281616211,14554400.0
2018.04.27,00:00,53.194852087411164,54.37005021141022,52.869949675933384,53.77553939819336,16346800.0
2018.04.30,00:00,53.85848048258381,54.307815381083216,53.7409570126643,53.74787139892578,15028800.0
2018.05.01,00:00,53.40913178027659,53.40913178027659,52.52428034885265,53.194828033447266,16231000.0
2018.05.02,00:00,52.8491923187041,53.388403703246894,52.74550289295695,53.091148376464844,13883700.0
2018.05.03,00:00,52.80772419989158,52.95980907853218,52.123347520141174,52.91141891479492,12243100.0
2018.05.04,00:00,52.628000185654514,53.38151037956263,52.49665843650743,53.16029739379883,9887200.0
2018.05.07,00:00,53.74097824096679,54.66731122305505,53.50594175654847,53.7409782409668,15071500.0
2018.05.08,00:00,53.78245181465765,54.03131704242119,52.79390529163377,53.9829216003418,17430400.0
2018.05.09,00:00,54.598184941196024,55.46920811396321,54.57744177353939,55.25490951538086,17142100.0
2018.05.10,00:00,55.74570638750003,56.54069210044699,55.64892606844197,56.49230194091797,17710300.0
2018.05.11,00:00,56.68782736845454,57.23948338412322,56.49928926751005,56.75765609741211,14751000.0
2018.05.14,00:00,57.05094529653469,57.48389198074768,56.98810103286673,57.141727447509766,11852100.0
2018.05.15,00:00,57.15568477590599,57.2813786170054,56.841452836952655,57.11378860473633,12595700.0
2018.05.16,00:00,57.09284135954575,57.29534840249737,56.680842802481294,57.27439498901367,9570000.0
2018.05.17,00:00,57.4000870493956,57.455952161769524,56.86938446461432,57.176631927490234,11224100.0
2018.05.18,00:00,56.946200006461076,57.12077449412332,56.743692961462,56.77162551879883,10030900.0
2018.05.21,00:00,57.071898611726695,57.504839967587884,56.925251341577116,57.45595932006836,8822400.0
2018.05.22,00:00,57.56767358628557,57.71431548815758,56.806526197419025,57.009033203125,10753400.0
2018.05.23,00:00,56.52722018431536,57.42104608708465,56.26186886593141,57.36518096923828,15140900.0
2018.05.24,00:00,56.80654661287691,56.813531085263655,55.828928254798655,56.05238342285156,13360500.0
2018.05.25,00:00,55.36106907736994,55.39598611123809,54.530092685148624,54.96303939819336,14562000.0
2018.05.29,00:00,54.57197904155105,54.97699308058337,54.13903244869687,54.76051712036133,14644800.0
2018.05.30,00:00,55.34012607270223,57.02302710105311,55.3191779814932,56.91129684448242,16627500.0
2018.05.31,00:00,56.42946413658435,56.94620853330456,56.34567177961778,56.729732513427734,15803100.0
2018.06.01,00:00,57.16966000722586,57.504840068636994,56.9462048570881,57.141727447509766,9906100.0
2018.06.04,00:00,57.29535036997191,57.630530410953654,56.429457054322576,56.54118728637695,10954700.0
2018.06.05,00:00,56.27582305898787,57.016022427538914,56.150134556264646,56.33867263793945,12059300.0
2018.06.06,00:00,56.89731745357686,57.32327428779455,56.47135529176879,57.30232620239258,11603300.0
2018.06.07,00:00,57.770187098753084,58.16123221445589,57.651472407837474,57.87492752075195,13502500.0
2018.06.08,00:00,58.035555303138175,58.41962138775819,57.60959303750203,58.37771987915039,14350400.0
2018.06.11,00:00,58.46148808492982,58.51036871399391,57.90983222686989,58.028541564941406,10831600.0
2018.06.12,00:00,58.03556126725142,58.48247166932304,57.48390507428345,57.553733825683594,12351800.0
2018.06.13,00:00,57.56768359044157,57.679408489935604,56.8903337396156,56.91826629638672,12049300.0
2018.06.14,00:00,57.21853366546128,57.46992134460758,56.91128087370682,57.183616638183594,11477300.0
2018.06.15,00:00,57.064916505328426,57.13474524359495,56.21997651884366,56.32472229003906,23797500.0
2018.06.18,00:00,56.143155656856976,56.82748465723107,56.07332692810724,56.436439514160156,9192600.0
2018.06.19,00:00,55.787029981232635,56.534208670819694,55.661336120947375,56.3526496887207,8759700.0
2018.06.20,00:00,56.457394158091795,56.65291675233907,56.052380025670374,56.17807388305664,8917700.0
2018.06.21,00:00,55.87781133703236,56.12919907797629,55.39598927321623,55.647377014160156,10990700.0
2018.06.22,00:00,56.67386686445413,57.21853843884621,56.506271512648254,56.82748794555664,16012200.0
2018.06.25,00:00,56.40850819507748,56.72972461644804,55.37503020068361,55.68227767944336,10557200.0
2018.06.26,00:00,55.968588324732025,56.56912505839938,55.842894465880924,56.310752868652344,10382800.0
2018.06.27,00:00,56.60403521878906,57.59562244604024,56.60403521878906,57.05792999267578,12725900.0
2018.06.28,00:00,57.07190427668441,57.3093230660337,56.5830924253787,57.23949432373047,9390700.0
2018.06.29,00:00,57.57466709511548,58.33581467391034,57.4629421871585,57.77019500732422,17323200.0
2018.07.02,00:00,57.18360363491499,57.35119360703994,56.785574121375014,57.09282684326172,9998300.0
2018.07.03,00:00,57.66544454469285,58.27296033631231,57.31629557844151,57.42802047729492,7197300.0
2018.07.05,00:00,57.67243223511358,57.798126094695306,57.295355983959624,57.47690963745117,9035700.0
2018.07.06,00:00,57.23250306789086,57.74924209279949,57.023016865809964,57.490875244140625,7637100.0
2018.07.09,00:00,57.82605879249504,58.04951395143757,57.65148428308397,57.88890838623047,7158600.0
2018.07.10,00:00,58.44752484998938,58.74081398058263,58.31485188820551,58.41959762573242,8806200.0
2018.07.11,00:00,57.979677114883415,58.3288260849382,57.281379174773846,57.67242431640625,10405300.0
2018.07.12,00:00,57.9657189426571,58.12632450051098,57.476907142131274,57.74226379394531,9762200.0
2018.07.13,00:00,57.73528697614498,58.48246572816534,57.65148928642236,58.17521286010742,8720000.0
2018.07.16,00:00,57.62355200116964,57.81209545569725,57.260439363977255,57.602603912353516,8306900.0
2018.07.17,00:00,57.441997932206434,57.784162478115654,57.28837151187419,57.47690963745117,7373300.0
2018.07.18,00:00,57.120771027752546,57.483883595914705,56.90429505342661,57.41405487060547,8711900.0
2018.07.19,00:00,57.400090899012895,57.69338009485069,57.0649108574707,57.267417907714844,8659100.0
2018.07.20,00:00,57.06491634000085,57.21155828821307,56.73671541074869,56.841461181640625,9196300.0
2018.07.23,00:00,57.225521904789424,57.26043893761714,56.68783476134462,56.841461181640625,8425900.0
2018.07.24,00:00,56.925275704131025,57.972723165765075,56.897348460102876,57.96574401855469,11121000.0
2018.07.25,00:00,57.965718746114455,58.47547330507652,57.61656974446171,58.3707275390625,9523600.0
2018.07.26,00:00,58.53832369300286,58.936353347204445,58.21710724641834,58.824623107910156,13210100.0
2018.07.27,00:00,56.54118603212902,57.52578337421119,56.42945580255314,57.204566955566406,18220800.0
2018.07.30,00:00,57.351216119509424,57.351216119509424,56.35963418111966,57.078880310058594,11282800.0
2018.07.31,00:00,57.009043110200025,57.36517654954377,56.86938565393487,56.91826629638672,11716800.0
2018.08.01,00:00,56.48529920191806,56.51323174857353,56.01744103251305,56.13615036010742,8936300.0
2018.08.02,00:00,55.7870297435546,56.045401935148874,55.47977690247938,55.80099868774414,8364300.0
2018.08.03,00:00,55.84289251909867,56.07333214022402,55.605468426171974,56.00349807739258,7811100.0
2018.08.06,00:00,56.038416934420226,56.16411079298426,55.68228344722362,55.98953628540039,10041800.0
2018.08.07,00:00,56.49928902905059,56.974126514994175,56.08030600189249,56.75067138671875,10698100.0
2018.08.08,00:00,56.57609408146123,56.722741330211825,56.10823576238907,56.373592376708984,7275000.0
2018.08.09,00:00,56.37359643726731,56.4992902826856,55.94064978580639,56.0872917175293,9828500.0
2018.08.10,00:00,56.09434348286545,56.1013946120861,55.63576710407771,56.030845642089844,12954300.0
2018.08.13,00:00,56.05202463561756,56.26367698418649,55.33241633906028,55.424129486083984,10308500.0
2018.08.14,00:00,55.72748609597423,55.783927430932124,55.08548340408951,55.247745513916016,8005900.0
2018.08.15,00:00,54.873841276570424,54.958503294724736,53.97785779357823,54.28122329711914,16307800.0
2018.08.16,00:00,54.521076268450805,55.09958644712326,54.46463493820435,55.02903747558594,11519900.0
2018.08.17,00:00,55.26889932075555,55.374725458352025,54.88793383747376,55.21246337890625,10178400.0
2018.08.20,00:00,55.21247232741153,55.73454120628273,55.14897448154592,55.600494384765625,8152100.0
2018.08.21,00:00,55.76980444301525,56.14371876477777,55.50171086700402,55.614593505859375,9192200.0
2018.08.22,00:00,55.81214510819891,56.47531730206895,55.74864726413777,56.41181945800781,10098200.0
2018.08.23,00:00,56.12963003485348,56.17901486508983,55.664002404416806,55.790992736816406,7203900.0
2018.08.24,00:00,56.10141598801116,56.47533589829201,56.030866991134125,56.17197036743164,6545200.0
2018.08.27,00:00,56.37656188095343,56.771640539049066,56.34128469396217,56.72225570678711,6671900.0
2018.08.28,00:00,56.84924083845614,57.018559478914284,56.58114715997633,56.63758850097656,8823400.0
2018.08.29,00:00,56.75045928416596,57.17375848782988,56.51058632648019,57.04676818847656,8004800.0
2018.08.30,00:00,56.757512959125776,56.990329415472836,56.52470188532036,56.79984664916992,7450900.0
2018.08.31,00:00,56.60935567284639,56.76456663599208,56.27776959386085,56.55997085571289,10700000.0
2018.09.04,00:00,56.729303883030916,56.92684318304583,56.30599923152211,56.6446418762207,8855000.0
2018.09.05,00:00,56.369505779145086,57.44892096543549,56.15785342073624,57.3995361328125,13878400.0
2018.09.06,00:00,57.223148565739784,57.59706298639256,56.679910142022365,56.76457214355469,13320600.0
2018.09.07,00:00,56.545864777932806,57.8016547762213,56.31304832677823,57.73110580444336,16417800.0
2018.09.10,00:00,58.020368317311195,58.373118620232056,57.61118205665527,57.646453857421875,10817900.0
2018.09.11,00:00,57.822831100625876,58.69059924552143,57.59001460046577,58.45778274536133,11891900.0
2018.09.12,00:00,58.73292403231824,59.10683848326917,58.4648357462223,58.64826202392578,11556300.0
2018.09.13,00:00,58.66236801044169,58.732916984365026,57.85809786612399,58.07680130004883,11162700.0
2018.09.14,00:00,58.147364104854724,58.662381963825965,58.04153792752715,58.50011444091797,9442600.0
2018.09.17,00:00,58.556548299617404,58.98690408519388,58.54949178668634,58.84580612182617,8403300.0
2018.09.18,00:00,59.19147992836036,59.353741993230976,58.87400154408836,59.00099182128906,9219900.0
2018.09.19,00:00,59.00806838053353,59.80528210227053,59.00806838053353,59.706512451171875,10413600.0
2018.09.20,00:00,59.868773950109976,60.20741118204925,59.64301400130321,59.840553283691406,11198200.0
2018.09.21,00:00,59.97461277480621,60.27092176099182,59.628913575046774,60.08749008178711,26639400.0
2018.09.24,00:00,60.524905411061226,61.44205308717355,60.47552057759782,61.09635925292969,13549500.0
2018.09.25,00:00,61.399728587673806,61.63254512386125,60.93410089784241,61.025814056396484,12200700.0
2018.09.26,00:00,60.68714085119765,61.02578340488373,60.45432981448805,60.517822265625,10275500.0
2018.09.27,00:00,60.736540297145716,60.94113610434037,60.383790019060186,60.510780334472656,7895400.0
2018.09.28,00:00,60.14392644265512,60.6236670682912,59.960494778650684,59.981658935546875,9884900.0
2018.10.01,00:00,60.21447185243231,60.69421244959316,60.15097938551234,60.53900146484375,8566900.0
2018.10.02,00:00,60.53195388293323,61.14573596264018,60.40496355910723,60.997581481933594,8453100.0
2018.10.03,00:00,61.03285024150452,61.30093849589527,60.658935834774205,60.77886962890625,10206700.0
2018.10.04,00:00,60.320298165076274,60.72948978362024,60.14392302424272,60.376739501953125,10204600.0
2018.10.05,00:00,60.18624475165123,60.461389510649184,59.91815650462648,60.2074089050293,9217400.0
2018.10.08,00:00,59.819402197702615,60.89176084316757,59.72063253493122,60.7647705078125,13242400.0
2018.10.09,00:00,60.94112985043747,61.29388009232304,60.48960997142725,61.0328483581543,10177900.0
2018.10.10,00:00,61.18806725789229,61.25155972604259,59.614798606814006,59.62890625,16573400.0
2018.10.11,00:00,59.219717928566055,59.38198004094979,57.26547838955049,57.568843841552734,20320100.0
2018.10.12,00:00,57.942760688825345,58.020366183216865,56.630529179622606,57.41363525390625,15216300.0
2018.10.15,00:00,57.41362559395885,57.667606190590696,57.01854705810547,57.01854705810547,10558800.0
2018.10.16,00:00,56.79984846774685,57.33602498841763,56.447098207154156,57.28664016723633,9781800.0
2018.10.17,00:00,57.10322382167108,57.51241010427154,56.679919129430374,57.4983024597168,12247700.0
2018.10.18,00:00,57.28663995604065,58.18262862886631,57.28663995604065,57.745216369628906,17448600.0
2018.10.19,00:00,57.61118011740389,58.1755773535536,57.505353953581356,57.82988357543945,12098700.0
2018.10.22,00:00,57.85104385439825,57.978034165965674,56.891562696453654,57.25136947631836,9474100.0
2018.10.23,00:00,56.48238233543815,56.76458368203345,55.537014014268365,56.327171325683594,15465100.0
2018.10.24,00:00,56.53177410604528,56.6234926499084,54.71158623131105,54.76097106933594,16085700.0
2018.10.25,00:00,55.37473582630031,55.76981978846363,54.845610421789424,55.247745513916016,12315500.0
2018.10.26,00:00,54.93733317536779,55.318304141914105,54.29532505140761,54.69746017456055,18160100.0
2018.10.29,00:00,55.0784223621404,55.33240296602256,53.77324754818799,54.35881423950195,15707000.0
2018.10.30,00:00,54.76096391063547,55.75571705582312,54.61986054719339,55.579341888427734,17758200.0
2018.10.31,00:00,55.9744024112207,56.68695936381736,55.663985877276005,56.21427536010742,16629100.0
2018.11.01,00:00,56.320109485082014,56.96916869105235,55.94619505952393,56.91272735595703,14159300.0
2018.11.02,00:00,57.6817163306672,58.1685079644269,56.60230154020988,57.815757751464844,19350400.0
2018.11.05,00:00,58.203780461273716,58.46481753560255,57.45595179230551,57.597049713134766,15815000.0
2018.11.06,00:00,57.667615183126664,57.92159581936359,57.39247039096037,57.843990325927734,9063200.0
2018.11.07,00:00,57.99920274532087,58.65531850804794,57.61118065110008,58.57771301269531,12699800.0
2018.11.08,00:00,58.648263425906926,59.08567573924408,57.52652004623897,57.646453857421875,16865500.0
2018.11.09,00:00,57.19746860122762,58.00989169566211,56.79125705401037,57.63218688964844,15070100.0
2018.11.12,00:00,58.19519206020195,58.24507750597424,56.81977284150225,56.89103698730469,11906600.0
2018.11.13,00:00,56.869648247229634,56.90527759528777,55.33031687155017,55.58687210083008,15530200.0
2018.11.14,00:00,56.19975650038147,56.36366347202467,54.69605982780183,55.152156829833984,18552100.0
2018.11.15,00:00,54.63904792073902,55.72228240966797,54.09743611337984,55.72228240966797,18976000.0
2018.11.16,00:00,55.850568137960146,56.43494286328684,55.658148953474694,56.27103042602539,13704900.0
2018.11.19,00:00,55.91470061370705,56.55608879186926,55.8933219139526,56.45631790161133,9430800.0
2018.11.20,00:00,55.88619947970193,56.228275021437156,54.42526533303373,54.85285568237305,15533700.0
2018.11.21,00:00,55.18066877172769,55.85768629372814,55.05951918351383,55.273311614990234,9685300.0
2018.11.23,00:00,54.19721909059231,54.30411260464626,53.23513396725474,53.79813003540039,10875400.0
2018.11.26,00:00,54.33261864924084,55.102284563083444,54.24710383910707,54.8599853515625,13741100.0
2018.11.27,00:00,54.56779839086669,55.19493059539084,54.44664877813591,54.909873962402344,10344500.0
2018.11.28,00:00,54.902725493003565,55.907562255859375,54.760191792421544,55.907562255859375,11482100.0
2018.11.29,00:00,55.74367497260984,56.6772479332535,55.7222962692526,56.34230041503906,10255200.0
2018.11.30,00:00,55.90758506368492,56.727136505781985,55.81494219834095,56.6558723449707,14040100.0
2018.12.03,00:00,57.1832093423493,58.052645870997175,57.111945211843086,57.88161087036133,19415100.0
2018.12.04,00:00,57.99564600568575,58.401857625740654,56.54896261210612,56.60597610473633,18540700.0
2018.12.06,00:00,55.586895972197425,55.900464817555914,54.817229953830505,55.864830017089844,23218100.0
2018.12.07,00:00,56.57746374844363,57.26873732599996,55.10940179997085,55.330322265625,16224700.0
2018.12.10,00:00,55.487098816976555,55.487098816976555,53.30638489991521,54.5463981628418,17946200.0
2018.12.11,00:00,55.37308989199006,55.44435948243042,53.933534421060735,54.64618682861328,15742400.0
2018.12.12,00:00,55.61539559105883,55.72941715113118,54.17583465576172,54.17583465576172,14559800.0
2018.12.13,00:00,54.1829622944003,55.031020408936485,54.12594879624015,54.8599853515625,13749700.0
2018.12.14,00:00,54.67469366618576,54.78159261491357,53.51306676024,53.86227035522461,12669300.0
2018.12.17,00:00,53.634214832797646,53.87651401046418,52.365694580059476,52.76477813720703,15464100.0
2018.12.18,00:00,52.47258390247063,52.636496314459585,51.04015677578678,51.31096267700195,18681200.0
2018.12.19,00:00,51.63167586567232,52.21605074816349,50.09947720932512,50.44154739379883,21679600.0
2018.12.20,00:00,49.9498119190776,50.35602907023803,48.49600558033437,48.909339904785156,28723700.0
2018.12.21,00:00,48.560145281757094,50.14936289199312,48.225197706700115,48.545894622802734,47287300.0
2018.12.24,00:00,47.655055685716164,48.12540332142021,46.635962798401664,46.685848236083984,14262800.0
2018.12.26,00:00,47.16333027816592,48.930710406220584,46.07297310952859,48.91645431518555,24887700.0
2018.12.27,00:00,48.2750667891305,49.130252838134766,47.09206676143399,49.130252838134766,22077000.0
2018.12.28,00:00,49.30128514991646,49.586347150505695,48.3320776101763,48.581504821777344,19710600.0
2018.12.31,00:00,48.68841082773941,49.27991361343436,48.218063079949054,48.595767974853516,15807000.0
2019.01.02,00:00,47.99712858699244,49.79301532560244,47.93299249345185,49.664737701416016,16727200.0
2019.01.03,00:00,49.88565692786687,50.06381998832354,48.71690768623954,48.902198791503906,13866100.0
2019.01.04,00:00,49.629116357816365,50.790737898048974,49.429574541050684,50.705223083496094,16043600.0
2019.01.07,00:00,50.776488812087635,51.38224232803854,50.41303452767434,50.968902587890625,10844200.0
2019.01.08,00:00,51.6957845192486,51.731413862353385,51.268194342262504,51.33945846557617,11439000.0
2019.01.09,00:00,51.73856436513709,51.73856436513709,51.06154674411286,51.610286712646484,13473500.0
2019.01.10,00:00,51.360861679573866,51.36798972643953,50.68384402921597,51.34661102294922,13151100.0
2019.01.11,00:00,51.20407015508079,51.23257690147505,50.648202193157594,51.111427307128906,9790100.0
2019.01.14,00:00,50.74797050634727,51.15418210687338,50.68383440805109,51.04728317260742,11012400.0
2019.01.15,00:00,51.27532835508518,51.567518393905736,50.826359384939906,51.07578659057617,10298300.0
2019.01.16,00:00,50.89762085220282,51.58176633907847,50.81922867210305,51.054405212402344,12595600.0
2019.01.17,00:00,50.7337245064091,51.55327039104803,50.52705466443121,51.40361404418945,10141700.0
2019.01.18,00:00,52.216032714491824,52.23028880556739,51.40360951056615,52.0164909362793,15759200.0
2019.01.22,00:00,51.58890830265693,51.81695685981061,51.082925736381796,51.232582092285156,15035600.0
2019.01.23,00:00,51.318097231481396,51.52476706537608,50.54843138879207,50.81211471557617,13187200.0
2019.01.24,00:00,50.66957160558747,51.28958099252214,50.341752237804,50.88336944580078,11272500.0
2019.01.25,00:00,51.36085454169624,51.5033828365616,50.98314966690771,51.111427307128906,8996200.0
2019.01.28,00:00,50.61256757208275,50.7978587057192,50.14934789365056,50.769351959228516,13678400.0
2019.01.29,00:00,51.09718464737617,51.44638830467209,50.94040565665391,50.96178436279297,10513200.0
2019.01.30,00:00,51.1470568924691,51.71718094870812,50.96177119573149,51.51763916015625,11524700.0
2019.01.31,00:00,51.51764682334626,52.37282759780597,51.32522761497343,52.22317123413086,19876700.0
2019.02.01,00:00,53.3919085580972,54.5107724421201,52.96431826914615,54.10456085205078,22968700.0
2019.02.04,00:00,53.990539274381604,53.990539274381604,53.021331720317214,53.32064437866211,15483800.0
2019.02.05,00:00,53.577211531839566,53.90503100714153,53.456061919966245,53.8693962097168,12786700.0
2019.02.06,00:00,53.86226100762251,53.997661244546876,53.541564217094844,53.634212493896484,10866900.0
2019.02.07,00:00,53.41330000342705,53.58434050950866,52.66501817847054,53.22088623046875,14418900.0
2019.02.08,00:00,53.14884034405312,53.372213585262024,52.406659770707805,53.30736541748047,11959500.0
2019.02.11,00:00,53.23529666641004,53.48029142465422,52.8894288279679,53.393821716308594,10434800.0
2019.02.12,00:00,54.099974582109354,54.36657988241809,53.91262630536032,54.3305549621582,12599200.0
2019.02.13,00:00,54.46025073805779,55.15199180159405,54.40981145730418,54.94302749633789,13214600.0
2019.02.14,00:00,54.95023010903932,55.231249720936034,54.55391758073941,54.95743179321289,12772900.0
2019.02.15,00:00,55.44023156390027,56.031094203890476,55.30332255668662,55.99506378173828,14330300.0
2019.02.19,00:00,55.88696112458248,56.549884408551975,55.807698617776,56.36974334716797,13551500.0
2019.02.20,00:00,56.42018029138428,56.78766408323393,56.204008827674976,56.585906982421875,12633100.0
2019.02.21,00:00,56.35534525864118,56.67960256125661,55.92300768595777,56.07432556152344,10266000.0
2019.02.22,00:00,56.71562480279063,56.88855872419006,55.9302122242709,56.50666046142578,9519300.0
2019.02.25,00:00,56.5138612533445,56.81649695593378,56.34812903670583,56.564300537109375,9274400.0
2019.02.26,00:00,56.693985737434694,57.01823739562709,56.48502148088945,56.6795768737793,10990600.0
2019.02.27,00:00,56.838105055545036,57.464997921045224,56.679585541222885,57.263240814208984,12398200.0
2019.02.28,00:00,57.24884087566857,57.465012400300424,56.71562474503895,56.946205139160156,14597900.0
2019.03.01,00:00,57.198397345327976,57.64514923095703,56.946200916936505,57.64514923095703,15419400.0
2019.03.04,00:00,57.81808335817378,58.04146205056861,56.93179226397671,57.86852264404297,18089900.0
2019.03.05,00:00,57.731619429708836,57.93337657415476,57.46500863313678,57.78205871582031,13745500.0
2019.03.06,00:00,56.81649987227226,57.19839811144735,56.10314268027596,57.1263427734375,18633600.0
2019.03.07,00:00,57.32091127661602,57.83251143961107,57.1551790137582,57.76045608520508,16541700.0
2019.03.08,00:00,56.845334934896734,57.15517790053164,56.38417407871515,56.93180465698242,16211300.0
2019.03.11,00:00,57.630722725354694,57.85409585107368,57.392935238156205,57.48660659790039,11060900.0
2019.03.12,00:00,57.72441175094718,58.06307788227423,57.56588671096688,57.64514923095703,11320000.0
2019.03.13,00:00,58.07028383075565,58.19278395994138,57.789264147422344,58.15675354003906,10260200.0
2019.03.14,00:00,58.22159611641418,58.30085862713891,57.89733889141235,57.96219253540039,9976700.0
2019.03.15,00:00,57.7748394662269,58.041450207115865,57.71719300914788,57.75322341918945,25316400.0
2019.03.18,00:00,57.962186818487154,58.54584206946664,57.962186818487154,58.42334747314453,9840600.0
2019.03.19,00:00,58.78362980817523,59.08626545820281,58.10629768885464,58.272029876708984,13936500.0
2019.03.20,00:00,58.18556535577493,59.02862424029883,58.04865638398298,58.59628677368164,13133600.0
2019.03.21,00:00,58.22879638497999,59.00700710909603,58.22159470052138,58.93495178222656,10117000.0
2019.03.22,00:00,58.53143575435261,58.682753585367266,57.86131078987693,57.99101257324219,12497700.0
2019.03.25,00:00,57.64515181178077,57.96220190593599,57.34971776995976,57.58750534057617,11320400.0
2019.03.26,00:00,57.88294138190377,58.5602682008101,57.774855619028955,58.33689498901367,9472800.0
2019.03.27,00:00,58.34409961815254,58.58908887230393,57.515449469018655,57.890140533447266,7258700.0
2019.03.28,00:00,57.666767554856584,58.21439803342326,57.659560371627144,58.178367614746094,7412300.0
2019.03.29,00:00,58.60350163070605,58.71158738588301,57.99102301466312,58.22160339355469,10889200.0
2019.04.01,00:00,58.531449059568345,58.92775618398882,58.42336329928271,58.89173126220703,10816400.0
2019.04.02,00:00,58.90614099483446,59.05025167901416,58.444980208495146,58.639530181884766,7646000.0
2019.04.03,00:00,58.92054669993704,58.92054669993704,58.08469488113778,58.29365921020508,8562900.0
2019.04.04,00:00,58.45217421873122,59.14391524234433,58.1999723320495,59.12229919433594,9360600.0
2019.04.05,00:00,59.194357095431364,59.46816954456468,59.05024093999077,59.43934631347656,10059100.0
2019.04.08,00:00,59.56904764302813,59.95094583141519,59.5114011812986,59.80683517456055,9108200.0
2019.04.09,00:00,59.46095405184706,59.50419164117073,58.89891486785534,59.035823822021484,8561600.0
2019.04.10,00:00,59.028622014507036,59.143914933241156,58.66113820534717,58.76921844482422,10324300.0
2019.04.11,00:00,58.754818663019975,59.1367168948028,58.3801221166698,59.05024719238281,9115100.0
2019.04.12,00:00,59.669937440888425,59.669937440888425,58.06308187418524,58.30807113647461,16638700.0
2019.04.15,00:00,58.28644784534824,58.40894246128099,58.019837065845024,58.1135139465332,8536100.0
2019.04.16,00:00,58.22879180047332,58.61789713189605,58.14232761402513,58.50981140136719,7005700.0
2019.04.17,00:00,58.76202970565828,58.87010996894519,58.42336355410554,58.675559997558594,8311400.0
2019.04.18,00:00,58.7692239799597,58.96377942428035,58.41614900365302,58.459381103515625,9493900.0
2019.04.22,00:00,58.992599035983275,59.96535970547452,58.82686683423274,59.734779357910156,10770600.0
2019.04.23,00:00,59.943758266662606,60.15992430286288,59.576268858410536,60.08066177368164,10595100.0
2019.04.24,00:00,59.8140469402532,59.86448622376446,58.891725471779054,58.9133415222168,11684000.0
2019.04.25,00:00,58.834082904381184,59.69155078089421,58.65394180883652,59.24480438232422,11135000.0
2019.04.26,00:00,57.83970112050211,58.09910474049381,57.3281010637046,57.998226165771484,18053500.0
2019.04.29,00:00,57.73160562684936,57.91894836048949,57.40014675486848,57.62351989746094,10023700.0
2019.04.30,00:00,57.91175458541865,58.02704201436696,57.59470453523948,57.846900939941406,13721500.0
2019.05.01,00:00,57.60191405480306,57.8324944195252,56.65076936314056,56.68679428100586,13909800.0
2019.05.02,00:00,56.40575883050985,56.56428381761908,55.656371480745875,55.69240188598633,15360400.0
2019.05.03,00:00,56.05269720646715,56.35533289118358,55.800500802536796,55.82211685180664,12180700.0
2019.05.06,00:00,55.42580389334464,55.95902542637204,55.274486052070145,55.57712173461914,13367100.0
2019.05.07,00:00,55.12317889478,55.3321432391756,54.597164441995155,55.28170394897461,13498800.0
2019.05.08,00:00,55.15199044838073,55.69241365639632,55.065520756009334,55.36815643310547,11352900.0
2019.05.09,00:00,55.015082821365155,55.396981018103475,54.734063186124914,55.317718505859375,13221600.0
2019.05.10,00:00,55.52178179272733,55.96636463134237,54.78566840347382,55.79873275756836,11056000.0
2019.05.13,00:00,55.13550972648026,55.558228774100535,54.92415020267012,55.179237365722656,12176100.0
2019.05.14,00:00,55.48533283264811,55.97364881927481,55.21567168770854,55.25210952758789,10548400.0
2019.05.15,00:00,55.07722080244092,55.79147065681351,54.81484375883343,55.660282135009766,8918000.0
2019.05.16,00:00,55.682142054469004,56.082991827056595,55.55095354187126,55.65298843383789,8105200.0
2019.05.17,00:00,55.13552788452656,55.60926452077529,55.09179467039817,55.32502365112305,9279400.0
2019.05.20,00:00,55.42705081459018,55.65298440753009,55.150094218873726,55.317726135253906,7154300.0
2019.05.21,00:00,55.58736989235498,55.725848146658926,55.339572553582045,55.57279586791992,8489900.0
2019.05.22,00:00,55.40517016087146,55.55093822383186,54.946013273633056,55.06991195678711,7858300.0
2019.05.23,00:00,54.49415141487485,54.51602079901368,53.23328939325882,53.7799072265625,14657200.0
2019.05.24,00:00,54.03498246933274,54.11515351196688,53.52480816209995,54.005828857421875,7056400.0
2019.05.28,00:00,54.10786813246077,54.11515792615385,52.83242669985782,52.91988754272461,14912900.0
2019.05.29,00:00,52.39514104045713,52.788706548472774,52.19836106669139,52.59192657470703,13645200.0
2019.05.30,00:00,52.48988710261131,52.57005816464548,52.132765001130906,52.45344924926758,9362100.0
2019.05.31,00:00,51.88496764112784,52.14734465163926,51.47682253561881,51.578857421875,13983300.0
2019.06.03,00:00,51.812084029890215,52.4826061875368,51.72462872794668,52.387855529785156,11831000.0
2019.06.04,00:00,52.80328133923448,53.68516301799198,52.599211567797255,53.63414001464844,10423000.0
2019.06.05,00:00,53.670588420406446,53.670588420406446,52.89803691082675,53.18956756591797,10617800.0
2019.06.06,00:00,53.72160421099597,54.384836569883554,53.63414334902086,54.158897399902344,11738900.0
2019.06.07,00:00,54.304661116439824,54.63262959150502,54.24635387983317,54.35567855834961,9095500.0
2019.06.10,00:00,54.800257343689594,54.902292219758024,54.26092378677508,54.596187591552734,7760400.0
2019.06.11,00:00,55.03345905415077,55.25210274804547,54.53056910537437,54.545143127441406,9415100.0
2019.06.12,00:00,54.28278889570294,54.377533970169324,53.794472815266126,53.95481491088867,7920800.0
2019.06.13,00:00,54.44312856240551,54.78567659357822,54.209905199125906,54.42855453491211,8986400.0
2019.06.14,00:00,54.42855484565295,54.523299926109964,54.10058640058481,54.18804168701172,8575900.0
2019.06.17,00:00,54.04956671754316,54.80025421742847,53.96210587426669,54.72736740112305,9355700.0
2019.06.18,00:00,54.96789505278289,55.55095637416378,54.91687760419843,55.20111846923828,10091500.0
2019.06.19,00:00,54.95331150659989,55.28127996778466,54.78567959857138,54.89500427246094,9757400.0
2019.06.20,00:00,55.56552681722155,56.09757065566494,55.4489178967655,55.8351936340332,16229700.0
2019.06.21,00:00,56.22149328725373,56.67336625239298,56.02471321756428,56.62234878540039,23108100.0
2019.06.24,00:00,56.50571556106248,56.67334750314436,55.980961468179245,56.0829963684082,10011800.0
2019.06.25,00:00,56.1777496917258,56.27978459678331,55.529096840795084,55.587398529052734,9740000.0
2019.06.26,00:00,55.88619953188939,56.21416796092064,55.73314722764258,55.8278923034668,11365500.0
2019.06.27,00:00,55.820610348594414,55.9372248218156,55.21569084033295,55.25941848754883,8147800.0
2019.06.28,00:00,55.52908708680127,55.92265260595624,55.34688113684903,55.84976577758789,14781300.0
2019.07.01,00:00,56.21416198507128,56.79722308634822,55.60195283316498,55.79873275756836,11437900.0
2019.07.02,00:00,55.49263952008945,55.58738460520046,54.96060129991265,55.1865348815918,10475400.0
2019.07.03,00:00,55.25940438040904,55.75500464410932,55.12092611893195,55.71127700805664,5246100.0
2019.07.05,00:00,55.52908858749704,55.64569750716604,55.09178984740603,55.485355377197266,6880800.0
2019.07.08,00:00,55.49263361547844,55.900773090047835,55.33229151890237,55.74043655395508,7876100.0
2019.07.09,00:00,55.718561146747525,55.95178447277427,55.193812833549366,55.70398712158203,7863000.0
2019.07.10,00:00,55.97366285011088,56.578582300178645,55.92992964661803,56.491127014160156,8077400.0
2019.07.11,00:00,56.41826121423507,56.56402377119385,56.155884163321176,56.53487014770508,6404000.0
2019.07.12,00:00,56.66604361089045,56.76078869168117,56.48383768288116,56.578582763671875,6139000.0
2019.07.15,00:00,56.57859561547492,56.65876668684852,56.03926750299468,56.1777458190918,7116400.0
2019.07.16,00:00,56.06111439987177,56.17043906059242,55.23754566867826,55.33958053588867,10197400.0
2019.07.17,00:00,55.20111356878311,55.36145569595279,54.916872728976614,55.01162338256836,7419300.0
2019.07.18,00:00,54.683621359245116,54.85853742645718,54.064122552487845,54.545143127441406,11424500.0
2019.07.19,00:00,54.58889614601084,54.84398332846513,54.32651916963398,54.65448760986328,11243100.0
2019.07.22,00:00,54.83670542278646,54.88043863531938,54.297377325748315,54.712806701660156,8368800.0
2019.07.23,00:00,54.771100162932,55.22296728168797,54.47956958150288,54.93144226074219,8551200.0
2019.07.24,00:00,54.94601619475323,55.427042487371,54.552450744561426,54.92415237426758,8260200.0
2019.07.25,00:00,55.230266480227996,55.230266480227996,54.51602227260926,54.61076736450195,9083900.0
2019.07.26,00:00,54.567041010305935,54.72009334414025,54.370255466458644,54.52330780029297,7677300.0
2019.07.29,00:00,54.57431817195005,54.93873003208442,54.443129679882325,54.909576416015625,7091900.0
2019.07.30,00:00,54.70551055601444,55.06992244207472,54.58161184927013,54.9168701171875,6961200.0
2019.07.31,00:00,54.69093576877232,55.142808502995116,54.12245412407901,54.195335388183594,13104600.0
2019.08.01,00:00,53.74345941801612,54.12973509894796,52.67208766268673,52.81056594848633,17132800.0
2019.08.02,00:00,52.9198988335319,53.393635435955915,51.87768053239291,52.29310989379883,21376700.0
2019.08.05,00:00,51.58614497418758,51.688179856008105,50.73342250733723,51.22173309326172,19080900.0
2019.08.06,00:00,51.22902037068576,51.75377434311274,51.2217305764899,51.71733093261719,12282400.0
2019.08.07,00:00,50.915633271190714,51.65903113209081,50.58037497623698,51.382080078125,15231100.0
2019.08.08,00:00,51.637151442385665,52.774120050401685,51.46952512665082,52.75225067138672,14304100.0
2019.08.09,00:00,52.57005078149039,52.65751162610364,51.36020634699948,51.62986755371094,13686600.0
2019.08.12,00:00,51.696277478638336,51.77007056252443,51.15762399584998,51.37898635864258,9542600.0
2019.08.13,00:00,51.113351042970194,52.10950145762528,50.85509211790576,52.013572692871094,12403300.0
2019.08.14,00:00,50.96577677759879,50.98053201795389,49.9179801940918,49.9179801940918,18114400.0
2019.08.15,00:00,49.77779246223303,49.85157994161183,49.09155820772488,49.62283706665039,12874400.0
2019.08.16,00:00,50.013898315074954,50.51566088116797,49.637574983099725,50.39760208129883,12649000.0
2019.08.19,00:00,50.89201071843643,51.39377354585476,50.81084278829341,51.246192932128906,10032800.0
2019.08.20,00:00,51.13547724051968,51.13547724051968,50.70012178435334,50.93624496459961,9743500.0
2019.08.21,00:00,51.62248743060035,51.63724829848468,51.18713753158043,51.445396423339844,10134200.0
2019.08.22,00:00,51.58560090564259,51.622491819246406,51.098593557246616,51.334716796875,8972000.0
2019.08.23,00:00,50.781304862544104,51.30520314967887,49.460488492321666,49.7999153137207,15371900.0
2019.08.26,00:00,50.26479174154302,50.368095321708765,49.82943611402493,50.06555938720703,7343900.0
2019.08.27,00:00,50.2721611195124,50.50090956200041,49.416216457754615,49.57855224609375,9490900.0
2019.08.28,00:00,49.82943667998023,50.16148873110399,49.55642248485117,49.940120697021484,9647400.0
2019.08.29,00:00,50.39759952216879,50.670613649665135,50.24263855892513,50.49352264404297,9004100.0
2019.08.30,00:00,50.62635298219118,50.97316026232094,50.22051347786428,50.53042984008789,9180800.0
2019.09.03,00:00,50.09506867989258,50.67799916267815,49.90321678729453,50.58945083618164,9849700.0
2019.09.04,00:00,51.28306815067509,51.36423604703876,50.98053224066097,51.12811279296875,6959200.0
2019.09.05,00:00,51.53395468022195,52.05785868557245,51.43065109231087,51.85124588012695,9901500.0
2019.09.06,00:00,51.91027779981185,52.353008263872155,51.74056717623999,52.338253021240234,10418500.0
2019.09.09,00:00,52.50795536816847,53.17942850774117,52.37513570116416,52.7514533996582,12840200.0
2019.09.10,00:00,53.23109133536475,53.754989677939626,52.84739312306448,53.179439544677734,13810800.0
2019.09.11,00:00,53.70332790601067,53.74759925276476,52.7957315198204,53.07612609863281,10525700.0
2019.09.12,00:00,52.3751398193781,53.24584534273101,52.16852705364199,53.1130256652832,9100700.0
2019.09.13,00:00,53.31963438857272,53.659061212238186,53.1720538372253,53.60002899169922,7337200.0
2019.09.16,00:00,55.37095995830683,55.4742635364496,54.30840243498368,54.40433120727539,19830200.0
2019.09.17,00:00,54.470727186562,54.66257906259941,53.59264132087312,53.9911003112793,14452200.0
2019.09.18,00:00,53.607390844660095,53.84351401534583,53.371267673974366,53.73283004760742,7292200.0
2019.09.19,00:00,53.84353097498296,54.00586676151577,53.26798091700099,53.37128448486328,8050200.0
2019.09.20,00:00,53.48934362522106,53.49672406000633,53.02447756694985,53.18681335449219,19736600.0
2019.09.23,00:00,52.7735868999042,53.39341386361373,52.72931555593265,53.223697662353516,7495200.0
2019.09.24,00:00,52.987580558232374,53.03185753693366,52.25707515031667,52.49319839477539,13307100.0
2019.09.25,00:00,52.375133456150536,52.736695900422404,52.257069032931085,52.64814758300781,8035200.0
2019.09.26,00:00,52.55223116719323,52.648154301082975,52.153772132415234,52.367759704589844,8420200.0
2019.09.27,00:00,52.168527708626165,52.88427788888003,52.1168759239492,52.744083404541016,8224000.0
2019.09.30,00:00,52.56698549684705,52.72194084719582,52.079983771411264,52.10211944580078,9768900.0
2019.10.01,00:00,52.26446464005483,52.32349686880262,50.84772492784695,50.877235412597656,10279100.0
2019.10.02,00:00,50.375458758769305,50.61158197866217,49.4457267471033,49.54903030395508,14503700.0
2019.10.03,00:00,49.43834937754446,50.1762351891496,48.92920636605788,50.16147994995117,10788400.0
2019.10.04,00:00,50.257415881016385,50.96578576504784,50.043428265586556,50.891998291015625,10534800.0
2019.10.07,00:00,50.69274917243782,50.93625282296497,50.19098663330078,50.19098663330078,10993000.0
2019.10.08,00:00,49.83681469744457,50.11720931467021,49.17271625704415,49.21698760986328,9748700.0
2019.10.09,00:00,49.65971980814396,49.95486964356233,49.58592671966712,49.763023376464844,8580900.0
2019.10.10,00:00,49.75564396163643,50.44187803933356,49.71874741664166,50.36071014404297,7100100.0
2019.10.11,00:00,50.89936447143554,51.275682172488004,50.83295182267098,50.89936447143555,10101900.0
2019.10.14,00:00,50.618968517621354,51.18714377845373,50.61158808277849,51.04694366455078,6234600.0
2019.10.15,00:00,50.95838641470011,51.652000798327904,50.921495506188386,51.22402572631836,6645700.0
2019.10.16,00:00,51.0690837574509,51.305207026248965,50.3311978387541,50.3459587097168,9765800.0
2019.10.17,00:00,50.53042129653537,50.8255711083724,50.235265855076534,50.279537200927734,9757200.0
2019.10.18,00:00,50.080310131877035,50.286917250431195,49.888458251953125,49.888458251953125,13472700.0
2019.10.21,00:00,50.04341734522025,50.744406639993095,50.04341734522025,50.72227096557617,10199300.0
2019.10.22,00:00,50.751798369868446,51.47492912961861,50.65587521617262,50.98054122924805,9536000.0
2019.10.23,00:00,50.88461021329218,51.474921176148705,50.751790528130584,51.4675407409668,8641800.0
2019.10.24,00:00,51.62250407832349,51.68891674597709,50.92888943423899,50.98054122924805,9003600.0
2019.10.25,00:00,50.840324359958984,51.26829940447499,50.840324359958984,51.09858322143555,7607200.0
2019.10.28,00:00,51.25355329629878,51.408508657802656,50.604215739098365,50.64848709106445,11209600.0
2019.10.29,00:00,50.53043164049399,50.936265529658044,50.35333496159258,50.50091552734375,13894400.0
2019.10.30,00:00,50.449254277290166,50.449254277290166,49.637575391909316,49.969627380371094,12840600.0
2019.10.31,00:00,49.777776049767404,49.96962793659496,49.54165281583424,49.858943939208984,16169100.0
2019.11.01,00:00,50.46401229170593,51.36423391982276,50.40498007322759,51.35685348510742,14108700.0
2019.11.04,00:00,51.703649924965305,53.03184641500796,51.60772681220374,52.8842658996582,15858200.0
2019.11.05,00:00,53.15729871527305,53.954216805456504,53.01709859858641,53.93207550048828,14930400.0
2019.11.06,00:00,53.66643582996423,53.76973938989849,52.53746584561672,52.7514533996582,13996500.0
2019.11.07,00:00,53.14991627315138,53.887802114799186,53.12778059864151,53.873046875,13073800.0
2019.11.08,00:00,53.477250972054755,53.619141883349016,52.767807810613284,52.84994888305664,12106000.0
2019.11.11,00:00,52.43175533260862,52.730470364812504,52.25252859229243,52.52883529663086,8674000.0
2019.11.12,00:00,52.476556450977796,52.58111154688396,51.513209236874715,51.8044548034668,13918600.0
2019.11.13,00:00,51.543075837213266,51.64016149151525,51.22942764065669,51.378787994384766,11773700.0
2019.11.14,00:00,51.423593765858016,51.50574053685099,50.91577995313548,51.15475082397461,11279800.0
2019.11.15,00:00,51.31156578068332,51.75217162818154,51.28169371496191,51.67002487182617,11252800.0
2019.11.18,00:00,51.30409536411047,51.39371155957024,51.005386107605595,51.169673919677734,10095600.0
2019.11.19,00:00,51.08006327710793,51.19954583986881,50.617054814814125,50.64692687988281,12605500.0
2019.11.20,00:00,50.534917589763694,51.184622308118,50.27354409301711,50.80376052856445,16930700.0
2019.11.21,00:00,50.79629600140252,52.088236121061094,50.72161866618008,52.02849197387695,14080900.0
2019.11.22,00:00,52.05835885741275,52.409348565232655,51.77458273285288,51.8044548034668,12143600.0
2019.11.25,00:00,51.80445778556226,51.85673248776706,51.31157713833256,51.4609375,10670000.0
2019.11.26,00:00,51.46839438974736,51.55801059481163,51.10994096451924,51.3339729309082,15457000.0
2019.11.27,00:00,51.348922441276564,51.59535708555634,51.08754891097035,51.30411148071289,8393900.0
2019.11.29,00:00,51.027797393354476,51.177152046957794,50.78135708714565,50.87843704223633,7980800.0
2019.12.02,00:00,51.154745356406025,51.43852145472325,51.057665409024594,51.095001220703125,11116900.0
2019.12.03,00:00,50.78135433447523,50.96805049011669,50.42289520873726,50.69173812866211,12245800.0
2019.12.04,00:00,50.96805819021875,51.34892000057084,50.88591141352486,51.26677322387695,11049700.0
2019.12.05,00:00,51.44600463183694,51.50574878349117,50.93819073780779,51.08755111694336,13109000.0
2019.12.06,00:00,51.34891570672011,52.1778471494857,51.34891570672011,51.90900421142578,13710800.0
2019.12.09,00:00,51.58788253811132,52.25252038922867,51.54307158693059,52.021018981933594,12397700.0
2019.12.10,00:00,52.02101997639963,52.38694284920322,51.304101718947294,51.57294464111328,14281800.0
2019.12.11,00:00,51.33397839744918,52.09570197782499,51.281703696640264,51.49827194213867,13748400.0
2019.12.12,00:00,51.49827441791857,52.55870736960278,51.453469157218365,52.52883529663086,17068500.0
2019.12.13,00:00,52.63338623633912,52.67819149349426,51.61775862571346,51.69990539550781,12274500.0
2019.12.16,00:00,52.05089515577337,52.46162905011859,52.05089515577337,52.274932861328125,15208700.0
2019.12.17,00:00,52.260006515405045,52.55871589856664,51.759656333825205,52.03596878051758,14450700.0
2019.12.18,00:00,51.99861258488351,52.491493183538786,51.73723909961844,52.1778450012207,13652300.0
2019.12.19,00:00,52.267447476095796,52.31225842204803,51.70735908056,51.81937789916992,13273200.0
2019.12.20,00:00,52.17037366124632,52.44668601990971,51.81938398058361,52.23011779785156,35092000.0
2019.12.23,00:00,52.17037939216007,52.49896648206971,51.92393907472785,52.49149703979492,14172500.0
2019.12.24,00:00,52.53630774410021,52.64832659977308,52.20772631764633,52.28986740112305,3979400.0
2019.12.26,00:00,52.41682023392564,52.64832166912404,52.28239875921025,52.37200927734375,8840200.0
2019.12.27,00:00,52.42428479451359,52.50643156909098,52.18531391324716,52.19278335571289,10516100.0
2019.12.30,00:00,52.34212619723296,52.60350534685795,51.82684873378944,51.886592864990234,12689400.0
2019.12.31,00:00,51.5430759002665,52.1255727342462,51.53561215570716,52.110633850097656,13151800.0
2020.01.02,00:00,52.45414854450544,53.03663961907986,52.45414854450544,52.94702911376953,12456400.0
2020.01.03,00:00,53.275614518233446,53.29802284378127,52.3944140955209,52.521366119384766,17386900.0
2020.01.06,00:00,52.51390295275045,53.29055976995454,52.44669506062017,52.92463684082031,20081900.0
2020.01.07,00:00,52.64832114247495,52.66325432950944,51.909005887693354,52.49149703979492,17387700.0
2020.01.08,00:00,52.35707385634769,52.491495325327996,51.65509444083778,51.69990539550781,15137700.0
2020.01.09,00:00,51.6326907714781,52.2002487065672,51.25182900079195,52.095699310302734,14811800.0
2020.01.10,00:00,52.22266256385045,52.245065196793554,51.617768684322556,51.6327018737793,11995600.0
2020.01.13,00:00,51.677493063019526,52.17784308502584,51.610285182497236,52.12556838989258,9953900.0
2020.01.14,00:00,51.81191933481608,51.9612796901539,51.445996434889636,51.67749786376953,16261000.0
2020.01.15,00:00,51.67750276639913,51.96874836504453,51.44600131555676,51.59535598754883,11390300.0
2020.01.16,00:00,51.75218553635415,51.96128435508439,51.37879316076001,51.39372634887695,13340300.0
2020.01.17,00:00,51.34144152663122,51.5878818133625,50.997921292482026,51.19955062866211,18144100.0
2020.01.21,00:00,51.065129036068846,51.095001103851985,50.415430078707324,50.46770477294922,17982600.0
2020.01.22,00:00,50.45276692814093,50.557316318775364,50.03456936560321,50.17646026611328,17033100.0
2020.01.23,00:00,49.81800297205473,49.982296505516864,49.325128069183,49.86280822753906,19605900.0
2020.01.24,00:00,49.6910574710388,49.795606879232565,49.317665099628094,49.526763916015625,18238600.0
2020.01.27,00:00,48.85464987415262,49.08615698730212,48.316964020729415,48.34683609008789,21231000.0
2020.01.28,00:00,48.62315669258036,48.69036458688221,48.26469749709025,48.27963638305664,19664700.0
2020.01.29,00:00,48.56340619079145,48.638083518307376,47.71954156458318,47.876365661621094,14202800.0
2020.01.30,00:00,47.62992031451759,48.45138222532411,47.36854684710382,48.38417434692383,18544700.0
2020.01.31,00:00,47.19679140956521,47.19679140956521,46.19609984426443,46.390262603759766,34282900.0
2020.02.03,00:00,45.83763736372089,45.867506581243624,45.08338335832035,45.35222625732422,27389300.0
2020.02.04,00:00,45.88991651919315,46.233436768554746,44.72493145977349,44.78467559814453,31922100.0
2020.02.05,00:00,45.36716529862366,46.99515598497691,45.255146467025405,46.84579849243164,32099200.0
2020.02.06,00:00,46.99516390387057,47.05490520170101,46.13636031359098,46.21104049682617,16055400.0
2020.02.07,00:00,45.86004571578575,46.046741880212295,45.59867222509155,45.90485382080078,15112500.0
2020.02.10,00:00,45.81394728093355,45.84424820436327,45.16249187547009,45.4200439453125,20934500.0
2020.02.11,00:00,45.88970713415068,46.124532105200394,45.57912695241679,45.851829528808594,14908700.0
2020.02.12,00:00,46.46540539276876,46.60933045296017,45.87455179975055,46.41238021850586,17862100.0
2020.02.13,00:00,46.253299854971154,46.52599948421667,45.87454699864381,46.154823303222656,16949400.0
2020.02.14,00:00,46.321486712783525,46.329060500297736,45.66245450247639,45.94273376464844,10855300.0
2020.02.18,00:00,45.56397055725078,45.745770313214095,45.03371597132356,45.35944366455078,18948500.0
2020.02.19,00:00,45.5336750102536,45.92000170452532,45.32157430670485,45.70790100097656,12804900.0
2020.02.20,00:00,45.62457182532463,45.85939965247324,45.23824515707902,45.344295501708984,14817200.0
2020.02.21,00:00,45.07917861574912,45.07917861574912,44.53377628700347,44.79132843017578,20315700.0
2020.02.24,00:00,43.647483536153416,43.783834811792104,42.69302749633789,42.69302749633789,32096600.0
2020.02.25,00:00,42.98845936203764,42.98845936203764,40.88259390740649,41.056819915771484,36414500.0
2020.02.26,00:00,41.32193592178587,41.52646281033959,40.09477748011857,40.15537643432617,29801000.0
2020.02.27,00:00,39.17062282648816,39.723601693993785,37.72378691571177,37.73893737792969,48141300.0
2020.02.28,00:00,36.94356322663866,38.966102600097656,36.36785712229842,38.966102600097656,62446700.0
2020.03.02,00:00,39.83722803928291,40.82198494948282,38.7312703230531,40.81441116333008,38127600.0
2020.03.03,00:00,40.86743788286003,41.018939618548,38.6176447654801,38.86004638671875,50580700.0
2020.03.04,00:00,39.56452146323892,39.75389788392625,38.72368969304239,39.70844650268555,24079600.0
2020.03.05,00:00,38.19343161056111,38.40553514711145,37.148075945442415,37.9586067199707,40788200.0
2020.03.06,00:00,36.996590763202505,37.12536538784038,35.75428146588138,36.125457763671875,55640500.0
2020.03.09,00:00,31.59556715414415,33.76203426823468,30.90623697144765,31.70919418334961,72896300.0
2020.03.10,00:00,34.974046330162004,35.042221977360704,31.398620415007276,32.883331298828125,60445900.0
2020.03.11,00:00,32.1106661033054,32.93634743041692,31.625862918516045,31.80008888244629,51986100.0
2020.03.12,00:00,30.224481000655803,30.792610321046663,28.027713139282415,28.164064407348633,65725300.0
2020.03.13,00:00,30.307809083753693,30.406285657570493,26.51270588433081,28.876123428344727,79891500.0
2020.03.16,00:00,26.05820336843079,28.694323478059864,25.187070452555353,26.126379013061523,48924700.0
2020.03.17,00:00,26.671785367158513,28.315574877495273,25.90670558432479,27.88379669189453,41204400.0
2020.03.18,00:00,26.17182212870967,27.808034373364972,23.656903361733097,25.08858871459961,54036400.0
2020.03.19,00:00,25.55067595429901,26.43695943949459,24.505316909338255,26.080930709838867,49412400.0
2020.03.20,00:00,26.391504251573064,26.64905635930152,23.906884513121724,24.800743103027344,76534600.0
2020.03.23,00:00,24.641659651197482,24.770437123627485,22.80849723270936,23.82355499267578,56952500.0
2020.03.24,00:00,26.07335007651643,27.398985319433756,25.247671470711495,26.846006393432617,61835600.0
2020.03.25,00:00,27.656536151252613,29.232149640155665,26.64905491565943,28.247392654418945,56607700.0
2020.03.26,00:00,28.406475797504626,29.966939241590428,27.815622025606498,29.406383514404297,46722000.0
2020.03.27,00:00,28.12619082737789,28.542818434473794,27.42171021061443,27.989839553833008,51558600.0
2020.03.30,00:00,27.444434727093903,28.89884736252716,27.164158390811647,28.40646743774414,45835000.0
2020.03.31,00:00,29.042775218845264,29.883607198264166,28.307993599054768,28.76249885559082,41491600.0
2020.04.01,00:00,27.921665966543586,29.315476839800063,27.52776257957377,28.4291934967041,36045900.0
2020.04.02,00:00,29.34577574183334,31.7849424344475,28.709470759052408,30.603235244750977,62000200.0
2020.04.03,00:00,31.398619571874505,31.951598522234736,29.179127093361785,29.701805114746094,48425700.0
2020.04.06,00:00,30.209336654022735,30.928967850125225,29.716956654148465,30.656265258789062,41301900.0
2020.04.07,00:00,32.496997613762225,32.81514863960233,31.17893634611943,31.239538192749023,48921800.0
2020.04.08,00:00,31.777373354510626,33.36056081462727,31.413770866161844,33.21663284301758,33355600.0
2020.04.09,00:00,34.436213541927806,35.38309580753067,31.61829388445931,32.671226501464844,60107300.0
2020.04.13,00:00,33.67113996542245,33.85293977472917,31.79252556120301,32.390953063964844,29651900.0
2020.04.14,00:00,32.5727502231908,33.14087958754878,31.74706876473766,32.14097213745117,30769000.0
2020.04.15,00:00,31.057733106700606,31.103184488108116,29.83057470524653,30.663829803466797,33125000.0
2020.04.16,00:00,30.66383814471423,30.66383814471423,29.48970459068432,29.656356811523438,30934000.0
2020.04.17,00:00,30.209336712870858,32.815156021365084,30.20176003551024,32.73940658569336,40829100.0
2020.04.20,00:00,30.868362155850487,32.37580000865204,30.70928662721493,31.194089889526367,39260800.0
2020.04.21,00:00,30.60323392560242,31.91371854645892,30.01995414239083,31.027435302734375,44381600.0
2020.04.22,00:00,32.26974685590917,32.519725164161706,31.709194165930487,31.913721084594727,27074200.0
2020.04.23,00:00,32.67122978601759,33.830212870942404,32.428828132826204,32.913631439208984,35271000.0
2020.04.24,00:00,33.63325900070034,34.004435228078286,32.67122627865016,33.125728607177734,28653800.0
2020.04.27,00:00,33.019683196187906,33.572662171494805,31.989474681775572,33.28480911254883,28274400.0
2020.04.28,00:00,33.610531559581695,34.38318782286183,33.413581322897095,34.06503677368164,26545100.0
2020.04.29,00:00,35.04222144321745,36.05727945845029,34.96647200955385,35.951229095458984,29502500.0
2020.04.30,00:00,36.117879144623224,36.117879144623224,34.67104308729226,35.201297760009766,37076300.0
2020.05.01,00:00,34.564997396744594,35.14070064878071,32.572755934003084,32.67880630493164,35399300.0
2020.05.04,00:00,32.201573323008354,34.04231282175384,31.981898816432114,33.996864318847656,27465600.0
2020.05.05,00:00,35.042218882269516,35.71640150709002,33.83021069429363,33.958988189697266,29276200.0
2020.05.06,00:00,34.03473583901566,34.29228792670663,33.25450578938801,33.32268142700195,22659000.0
2020.05.07,00:00,34.05746822907465,34.29229612357687,33.307538925721374,33.51206588745117,22160300.0
2020.05.08,00:00,34.322602729052214,35.01193317044645,34.07262432684836,34.981632232666016,19977400.0
2020.05.11,00:00,34.928591757412825,34.99676739276819,34.47408655849194,34.6483154296875,22258000.0
2020.05.12,00:00,35.07301880699398,35.26606713493829,34.06916809082031,34.06916809082031,25439100.0
2020.05.13,00:00,33.77573404458054,33.87611704616906,32.123238015525416,32.3780632019043,30827900.0
2020.05.14,00:00,31.713982684421232,32.85682856229324,31.042175251592457,32.663780212402344,24856500.0
2020.05.15,00:00,32.72556327828871,33.212043090989546,32.316298696168126,32.43212890625,22445600.0
2020.05.18,00:00,34.28538879282499,35.196577257875454,34.02284291398529,35.01124954223633,32026100.0
2020.05.19,00:00,35.1734115387359,36.00738189005409,33.92245895744289,33.930179595947266,21771600.0
2020.05.20,00:00,34.45526735633608,35.196575230508195,34.41665827695972,35.0344123840332,19352400.0
2020.05.21,00:00,35.0884596604581,35.358729061061744,34.27765735001404,34.408931732177734,19130700.0
2020.05.22,00:00,34.015117385939725,34.493876450922286,33.5518025418513,34.439823150634766,15406400.0
2020.05.26,00:00,35.320133086372444,35.752559574605094,35.111640481395476,35.4514045715332,20356500.0
2020.05.27,00:00,36.030538484572894,36.401190907112124,35.06529688035086,35.70621871948242,20788300.0
2020.05.28,00:00,35.852946800420014,35.876111664325656,34.69465647418379,34.779598236083984,19698000.0
2020.05.29,00:00,34.60969891418886,35.28150617195809,34.262211385796746,35.11162567138672,25874700.0
2020.06.01,00:00,34.99581264107543,35.868392207056594,34.59427162793087,35.737117767333984,19031000.0
2020.06.02,00:00,36.18498308504705,36.64057730748613,36.10004133999644,36.532470703125,22319000.0
2020.06.03,00:00,37.06528314945858,38.146355086258076,37.026674068648035,38.022804260253906,23418000.0
2020.06.04,00:00,37.744811392824,37.95330394870722,37.18883124380208,37.91469192504883,18731400.0
2020.06.05,00:00,39.88378148204629,41.27372870601302,39.84516946402447,40.98801803588867,41328900.0
2020.06.08,00:00,42.254422722267776,42.74862601446301,41.28145741328494,42.269866943359375,33579400.0
2020.06.09,00:00,40.833589792732795,41.67528075728966,40.501546379010456,41.32779312133789,27276900.0
2020.06.10,00:00,41.31234506793927,41.31234506793927,39.07298312897366,39.111595153808594,31156800.0
2020.06.11,00:00,36.70236084647221,37.71393552239759,35.59812376338632,35.6599006652832,39183000.0
2020.06.12,00:00,37.096172578451345,37.54404322998999,35.451399770182114,36.42436218261719,30978100.0
2020.06.15,00:00,35.0189833459019,36.879970057253416,34.555668301143896,36.40121078491211,27929300.0
2020.06.16,00:00,38.27762688893178,38.41662193762716,36.47841778521672,37.219722747802734,26203400.0
2020.06.17,00:00,37.065281715345705,37.16566767811627,35.98420982037455,36.00737762451172,19279400.0
2020.06.18,00:00,35.60584079744172,36.547917758232046,35.343294904058396,36.23131561279297,21478700.0
2020.06.19,00:00,37.235169667477166,37.266055167226504,35.505455017089844,35.505455017089844,48899900.0
2020.06.22,00:00,35.28151779148917,35.86066288098253,35.057583928938435,35.845218658447266,17565400.0
2020.06.23,00:00,36.21586732079367,36.46296894368069,35.90698881934305,36.06142807006836,18916600.0
2020.06.24,00:00,35.45139074565554,35.489999817664014,34.16955011346367,34.36259841918945,27626900.0
2020.06.25,00:00,34.0151148643655,34.93402679250132,33.73712480024655,34.87997055053711,19353600.0
2020.06.26,00:00,34.65603635027561,34.70236606333415,33.59040876467384,33.68307113647461,31518600.0
2020.06.29,00:00,33.82978883089841,34.42437801303254,33.62129629074616,34.22360610961914,17052100.0
2020.06.30,00:00,33.53635958405122,34.72553812653302,33.327867012653705,34.53248977661133,22153600.0
2020.07.01,00:00,34.354880047896195,35.04213159027749,33.72167885334332,33.752567291259766,17290100.0
2020.07.02,00:00,34.455266472281,34.895416446382704,33.92245412091679,34.03828430175781,18216600.0
2020.07.06,00:00,34.49386587533912,34.81046788807506,33.85294710599532,34.277652740478516,22692000.0
2020.07.07,00:00,33.89928828689983,33.976506441447796,33.289254850646095,33.38964080810547,17407600.0
2020.07.08,00:00,33.32014728984674,33.922457215525085,33.080766268923334,33.31242370605469,18291400.0
2020.07.09,00:00,33.1271001425502,33.281536475812956,31.88386821826904,31.93792152404785,25882000.0
2020.07.10,00:00,31.752586187421546,32.98037359487483,31.73714196866121,32.934043884277344,18951000.0
2020.07.13,00:00,33.18887028598406,33.4282512882226,32.60972526551873,32.941768646240234,20028300.0
2020.07.14,00:00,32.841377432938295,34.123218088763075,32.632884905428526,34.030555725097656,21444100.0
2020.07.15,00:00,34.77186537767368,34.81819803881312,34.13866707052048,34.462989807128906,17332400.0
2020.07.16,00:00,34.21588249072664,34.601979099057495,33.814341664580546,34.19271469116211,14673700.0
2020.07.17,00:00,34.23133946280733,34.50932665000686,33.50547568345816,33.60586166381836,17958900.0
2020.07.20,00:00,33.36647869546569,33.59813614429988,32.80277782321826,32.81822204589844,18553900.0
2020.07.21,00:00,33.320152822096475,34.895425423547614,33.289264373168024,34.47844314575195,28821800.0
2020.07.22,00:00,34.092339138928246,34.092339138928246,33.49002629533514,33.67535400390625,21345400.0
2020.07.23,00:00,33.513188953120384,33.83750871120694,33.21975468698241,33.74484634399414,17934400.0
2020.07.24,00:00,33.88384548097422,34.30082765689299,33.351030177031745,33.53635787963867,16415300.0
2020.07.27,00:00,33.38191328807286,34.045999943322464,33.181144342517214,34.030555725097656,18547900.0
2020.07.28,00:00,33.907010775564245,34.169556639320845,33.559523169756396,33.62902069091797,19190500.0
2020.07.29,00:00,33.75257030202897,34.04600459704275,33.46685959002503,33.999671936035156,14143200.0
2020.07.30,00:00,33.304698943016824,33.34330802014279,32.300848209322766,32.33173370361328,29901100.0
2020.07.31,00:00,31.783480825911294,32.56339487852691,31.590432472268567,32.493900299072266,32116200.0
2020.08.03,00:00,32.47073238981941,32.818220014402854,32.02286174255506,32.62517166137695,23033600.0
2020.08.04,00:00,32.69466618308176,33.66762849685854,32.61744802723801,33.56724548339844,17724000.0
2020.08.05,00:00,34.092343845277036,34.215894686152275,33.61358175941162,33.86068344116211,17175100.0
2020.08.06,00:00,33.51318071275418,33.899277251169856,33.39735057295635,33.69850540161133,14434900.0
2020.08.07,00:00,33.3819303154466,33.605867175406345,33.05761040434761,33.544090270996094,18757900.0
2020.08.10,00:00,33.96879278950588,34.43982834220481,33.66763485519857,34.370330810546875,24367800.0
2020.08.11,00:00,35.134790165359526,35.845206486643235,34.54020105523299,34.725528717041016,28987500.0
2020.08.12,00:00,35.009013859469114,35.38697856870725,34.35545082176458,34.71766662597656,22503200.0
2020.08.13,00:00,34.253089253010224,34.54443652743246,33.796379954480905,33.86724853515625,17338700.0
2020.08.14,00:00,33.544391480585546,34.07984212050965,33.394781420881635,34.016849517822266,13595700.0
2020.08.17,00:00,33.993232695066595,33.993232695066595,33.44203602708642,33.575897216796875,15554600.0
2020.08.18,00:00,33.53652212770932,34.008977211810354,33.300294585658804,33.4105339050293,13014000.0
2020.08.19,00:00,33.347543387074964,33.59164691997573,32.9695786612844,33.04044723510742,14473100.0
2020.08.20,00:00,32.8278347657095,32.98532078669933,32.52073867686712,32.5364875793457,15678500.0
2020.08.21,00:00,32.52073584699573,32.552233649212035,32.056153777590254,32.292381286621094,25517700.0
2020.08.24,00:00,32.50497979362939,33.47351447020058,32.35536977171509,33.24516296386719,18208900.0
2020.08.25,00:00,32.804217594917326,33.12706263230695,32.04828819085328,32.190025329589844,31285600.0
2020.08.26,00:00,32.00103905447433,32.15852508601645,31.4970861565765,31.504959106445312,26795000.0
2020.08.27,00:00,31.497082390258107,31.733309907425873,30.95375880039266,31.2923526763916,32034300.0
2020.08.28,00:00,31.37109722393496,32.22151696899123,31.30810161122168,32.040409088134766,33477100.0
2020.08.31,00:00,32.00104017342695,32.06403578976499,31.41834574128159,31.449840545654297,25259600.0
2020.09.01,00:00,31.300232393716225,31.300232393716225,30.749032731935507,31.048255920410156,22464100.0
2020.09.02,00:00,30.890771722520054,31.276612409998855,30.670293046130272,30.85927391052246,26413400.0
2020.09.03,00:00,30.86714656740218,31.520709575640154,30.615170105937377,30.79627799987793,28817200.0
2020.09.04,00:00,31.07188142896145,31.33173388724258,30.43406722008386,30.772661209106445,24632500.0
2020.09.08,00:00,30.119090229179577,30.457684163562952,29.410404551680333,30.0639705657959,38496400.0
2020.09.09,00:00,30.197831160884746,30.58367180087527,29.859237233075607,29.882862091064453,25886100.0
2020.09.10,00:00,30.134838559040034,30.21358007557373,29.056064162787592,29.13480567932129,34381200.0
2020.09.11,00:00,29.237168661063752,29.378905777413756,28.733215804617494,29.056060791015625,26838600.0
2020.09.14,00:00,29.06393364542367,29.14267515256304,28.73321571088318,28.867076873779297,26129900.0
2020.09.15,00:00,28.97731191086931,29.434020995537473,28.512729878166926,28.55997657775879,23724200.0
2020.09.16,00:00,28.709594555967183,30.040348426228007,28.559984471601368,29.77262306213379,30890900.0
2020.09.17,00:00,29.410401008866597,29.90648092335766,29.111180873341453,29.76474380493164,24696200.0
2020.09.18,00:00,29.55213771467808,29.780492291597874,28.898574792213104,29.284412384033203,46853800.0
2020.09.21,00:00,28.68596649169922,28.906445095414345,28.095396228494533,28.68596649169922,35351800.0
2020.09.22,00:00,28.709594824535845,29.00881799986295,27.930043583184233,27.97728729248047,27303200.0
2020.09.23,00:00,28.07177634025177,28.18201564981056,27.048118742815234,27.07961654663086,31251400.0
2020.09.24,00:00,27.087491684226475,27.41820960294918,26.583535849731796,27.02449607849121,26796000.0
2020.09.25,00:00,26.77252301262418,27.51270344984187,26.6780325959955,27.27647590637207,23486000.0
2020.09.28,00:00,27.670180589484985,28.268626711373262,27.638682792797137,27.804044723510742,23396500.0
2020.09.29,00:00,27.55995045122039,27.64656791896019,26.76465034558408,26.99300193786621,20770500.0
2020.09.30,00:00,27.276475828268175,27.49695446770251,26.874889305899046,27.03237533569336,22223700.0
2020.10.01,00:00,26.6071632534923,26.851263739618584,25.93784839549715,26.087461471557617,36890200.0
2020.10.02,00:00,25.39452367697495,26.260692275291365,25.36302587243356,25.969345092773438,32694300.0
2020.10.05,00:00,26.237075700546537,26.575669657974082,26.118960411659135,26.56779670715332,22965200.0
2020.10.06,00:00,26.867013926922567,27.103241474768115,26.22919984811921,26.292192459106445,26731800.0
2020.10.07,00:00,26.489050208634364,26.567794729964618,26.15045627640515,26.37881088256836,23779300.0
2020.10.08,00:00,26.678035356609968,27.82767838991069,26.58354192640702,27.76468276977539,34413700.0
2020.10.09,00:00,28.095391447152323,28.30799706617975,27.28434271825876,27.35521125793457,29228600.0
2020.10.12,00:00,27.197731906924925,27.347341969893737,26.953628432169157,27.268600463867188,17912800.0
2020.10.13,00:00,27.34734922766412,27.457588566876307,26.851269197412577,26.945762634277344,20995100.0
2020.10.14,00:00,26.81976598320421,27.42608516263842,26.79614112949405,26.890634536743164,17743000.0
2020.10.15,00:00,26.536300633502634,27.13474406034496,26.197706653908696,27.12687110900879,23251600.0
2020.10.16,00:00,27.063866802360288,27.27647246580456,26.678029230913715,26.851261138916016,22627200.0
2020.10.19,00:00,26.851263749652976,27.063869433768808,26.29219121204991,26.315813064575195,23645800.0
2020.10.20,00:00,26.50479903604166,26.7174047373223,26.244949625896215,26.536296844482422,23040600.0
2020.10.21,00:00,26.386688065797838,26.473305551258253,26.09534079962838,26.1110897064209,28619300.0
2020.10.22,00:00,26.126834813103585,27.528454272008805,26.0008465808851,27.4497127532959,31831500.0
2020.10.23,00:00,27.536328972807194,27.622946441726725,26.66228433741376,26.89851188659668,27429100.0
2020.10.26,00:00,26.465423402443662,26.59141160920328,25.945721674085764,26.260690689086914,30888700.0
2020.10.27,00:00,26.103209470043335,26.142580224138623,25.748866675593753,25.84335708618164,27100700.0
2020.10.28,00:00,25.276405167540016,25.496886767234294,24.81969907549335,24.85906982421875,42136400.0
2020.10.29,00:00,24.733084242389943,26.087459769143376,24.496856721252833,25.961471557617188,38622800.0
2020.10.30,00:00,25.52051404948431,26.09533551389252,25.205541985026773,25.68587303161621,47885700.0
2020.11.02,00:00,26.09533174090099,27.13473519801407,25.646498566411054,26.764646530151367,40130300.0
2020.11.03,00:00,27.15836421595802,27.15836421595802,26.087462791998018,26.307941436767578,36773000.0
2020.11.04,00:00,26.197702260170225,26.88276305579954,25.615004833727134,26.16620445251465,35410100.0
2020.11.05,00:00,26.276447390375555,26.70953179193241,26.095339477135298,26.118961334228516,30824100.0
2020.11.06,00:00,26.063839412091454,26.504799730425585,25.685874712289234,25.81186294555664,33985600.0
2020.11.09,00:00,28.678091916101135,29.930101054350107,28.394620699343115,29.079681396484375,76879400.0
2020.11.10,00:00,29.878044542337243,30.184486892487843,29.015170069987278,29.724824905395508,49055400.0
2020.11.11,00:00,29.91030043112304,29.93449219433806,29.184516772003022,29.418380737304688,34124500.0
2020.11.12,00:00,28.91839161681067,29.265154500490926,28.12002977208336,28.410343170166016,30933700.0
2020.11.13,00:00,28.547448280439337,29.23290834915389,28.53131941012909,29.09581756591797,29241500.0
2020.11.16,00:00,30.313523608780347,30.78124862848046,29.918373904384225,30.77318572998047,38596800.0
2020.11.17,00:00,30.490927303073228,31.216707884608898,30.144164341708308,31.184450149536133,26521100.0
2020.11.18,00:00,31.466702754480984,31.555409993541392,29.999009552573675,30.00707244873047,31068000.0
2020.11.19,00:00,29.724830898317126,30.240942491299126,29.482903973640283,30.160301208496094,26954400.0
2020.11.20,00:00,30.119971271452393,30.16835787690367,29.660309286600167,29.789337158203125,18351000.0
2020.11.23,00:00,30.24093759849304,31.79733809966353,30.063523113509696,31.740888595581055,29367600.0
2020.11.24,00:00,32.66826850492724,33.93435831800588,32.43440764222433,33.85371398925781,46979300.0
2020.11.25,00:00,33.60372097702095,33.63597870832097,32.78117036273641,32.91019821166992,28178200.0
2020.11.27,00:00,32.82149572795118,33.01503599116419,32.15216155002755,32.41021728515625,14971900.0
2020.11.30,00:00,32.0957155188546,32.16023099774254,30.619959316367442,30.748987197875977,45614300.0
2020.12.01,00:00,31.41831612214257,31.974751320771507,31.02316960918433,31.047361373901367,32472900.0
2020.12.02,00:00,30.95865251083042,32.59569413116991,30.918331879661526,32.20861053466797,29369500.0
2020.12.03,00:00,32.31344682675168,32.77310879256762,32.039262226416994,32.42634582519531,27038900.0
2020.12.04,00:00,32.877946907012294,33.6763059170101,32.78117677046317,33.611793518066406,28723600.0
2020.12.07,00:00,33.4021187078031,33.49889191310953,32.797300017839106,32.98278045654297,24899400.0
2020.12.08,00:00,32.684399919851224,34.34563630642815,32.611821556450614,34.06338882446289,32573800.0
2020.12.09,00:00,34.44241338220798,35.26496730797264,34.17629471355123,34.514991760253906,37824800.0
2020.12.10,00:00,34.837558560559096,35.861718619306934,34.48272961267562,35.490760803222656,38058700.0
2020.12.11,00:00,35.2407622587677,35.42623958247635,34.84561277694229,35.32140350341797,25478800.0
2020.12.14,00:00,35.75686819343911,35.853638287620235,34.014991116849714,34.04724884033203,30595000.0
2020.12.15,00:00,34.22467361249954,34.853687162456445,33.9182343478269,34.70853042602539,27138400.0
2020.12.16,00:00,35.28108906200612,35.57140251563332,34.64401265835385,35.24076843261719,34273000.0
2020.12.17,00:00,35.48269581184312,35.51495354633976,34.99884209946111,35.0633544921875,21204600.0
2020.12.18,00:00,34.89400827065519,35.305283645310446,34.20854521120699,34.45853805541992,46596800.0
2020.12.21,00:00,33.15213169668952,33.934364918223515,32.68440372777764,33.82952880859375,27869500.0
2020.12.22,00:00,33.531154084010225,33.78920984643141,33.24890347892825,33.2569694519043,21792900.0
2020.12.23,00:00,33.47469593875644,34.184350705609496,33.43437530937922,33.68436813354492,19085900.0
2020.12.24,00:00,33.587595431066184,33.74887793620206,33.36986035761285,33.547271728515625,8039000.0
2020.12.28,00:00,33.61984780896997,34.313373608635445,33.48275707363751,33.66017150878906,23877500.0
2020.12.29,00:00,33.90210214935377,33.96661453905958,33.224705137975754,33.28115463256836,20287700.0
2020.12.30,00:00,33.329539731328886,34.20853984362579,33.281153134028166,33.547271728515625,23807300.0
2020.12.31,00:00,33.44245100835627,33.61179954675878,33.03923844476873,33.2408447265625,22786500.0
2021.01.04,00:00,33.426312213881765,34.07145150885525,33.0634203991258,33.46663284301758,27764700.0
2021.01.05,00:00,33.74082883314635,36.12784656955246,33.73276593510045,35.07949447631836,44035100.0
2021.01.06,00:00,35.813327603820774,36.36975964501465,35.24076669641258,35.974613189697266,36484800.0
2021.01.07,00:00,36.28911655648221,36.748778453429665,35.91009591026478,36.256858825683594,29528100.0
2021.01.08,00:00,36.45040322274077,36.9503857599844,36.24879701362856,36.660072326660156,28628200.0
2021.01.11,00:00,36.32137741726151,38.01486843866,36.08751346321819,37.77294158935547,38246200.0
2021.01.12,00:00,38.27293317095173,38.84549423364988,37.82939999669637,38.61163330078125,36915100.0
2021.01.13,00:00,39.13580731625622,39.28096407367266,38.45841014040198,39.04710006713867,29000300.0
2021.01.14,00:00,39.11161291325412,41.19219091184583,39.11161291325412,40.57124328613281,35474800.0
2021.01.15,00:00,39.44224764651833,39.57934149972113,38.13583997410296,38.619693756103516,42411300.0
2021.01.19,00:00,39.07129413191619,39.86965320552214,38.99064978147738,39.385799407958984,24932600.0
2021.01.20,00:00,39.60353319308552,40.11158181663862,39.50676305211689,39.942230224609375,22342400.0
2021.01.21,00:00,39.78095110389246,39.82933464040529,38.45034847697313,38.79711151123047,29044500.0
2021.01.22,00:00,37.910029679563735,38.41807818080066,37.61165335559069,38.24872970581055,23264800.0
2021.01.25,00:00,37.82133102416992,37.942292919754045,37.2245752133137,37.82133102416992,26395800.0
2021.01.26,00:00,38.11164531914392,38.59550217979262,36.97458615720711,36.99071502685547,23976800.0
2021.01.27,00:00,36.289125462747606,37.62779085676716,35.91010472350894,36.571372985839844,32410300.0
2021.01.28,00:00,37.04716294348716,37.571340417640386,36.84555669593087,37.14393615722656,24967200.0
2021.01.29,00:00,36.73265232122556,37.1278018622445,35.893969715656155,36.160091400146484,38961100.0
2021.02.01,00:00,36.75684895529014,36.75684895529014,35.71656008079697,36.224605560302734,24412400.0
2021.02.02,00:00,36.942329288287034,37.89391100684814,36.51492195879515,36.79717254638672,31940400.0
2021.02.03,00:00,36.79717094312219,38.44227548586943,36.62781936743909,38.24066925048828,28459300.0
2021.02.04,00:00,38.61162977254413,39.0148422716167,38.10358116235786,38.97452163696289,25280300.0
2021.02.05,00:00,39.65997443140764,40.418012684142525,39.54707544443294,40.280921936035156,34980100.0
2021.02.08,00:00,41.063150816508404,42.22440453909137,40.89380234072059,42.014732360839844,36998700.0
2021.02.09,00:00,41.555473163655634,41.79330868167659,40.817367142620064,41.52267074584961,28977000.0
2021.02.10,00:00,41.52267301475997,42.1705653830861,41.32584285462303,41.924530029296875,25723800.0
2021.02.11,00:00,41.73589628585466,41.768701828825996,40.00544300047624,40.87477111816406,26972200.0
2021.02.12,00:00,40.53852243793255,41.588274793075044,40.522119666319846,41.43245315551758,19756700.0
2021.02.16,00:00,42.613427909848724,43.08089598783193,42.3345870274983,42.679039001464844,28060100.0
2021.02.17,00:00,42.93326670275672,43.68777848273925,42.48220147602694,43.343326568603516,25509700.0
2021.02.18,00:00,43.31053512081086,43.417148460393456,42.53142055277195,42.66263961791992,20627600.0
2021.02.19,00:00,42.736450520778575,43.105505119021174,42.58062573012655,42.94968032836914,22607200.0
2021.02.22,00:00,43.130108300964054,44.950775591311775,43.130108300964054,44.53251266479492,36435100.0
2021.02.23,00:00,45.09017488653372,45.31980737164884,44.07322834230277,45.1475830078125,33527900.0
2021.02.24,00:00,45.26241451561002,46.7468326071168,44.99997640739465,46.500797271728516,28728600.0
2021.02.25,00:00,46.73043239912337,46.95186515167903,45.39363606118033,45.72988510131836,29670900.0
2021.02.26,00:00,44.62271032221204,45.155789349589945,43.56475521597429,44.58990478515625,35291000.0
2021.03.01,00:00,46.3121688813457,47.247105008789475,46.033328007502035,46.2547607421875,36998300.0
2021.03.02,00:00,46.459794280774055,46.71402945132791,45.94311786006945,45.98412322998047,30302600.0
2021.03.03,00:00,46.27116986751431,47.53415544481118,45.82830743590532,46.35318374633789,35358900.0
2021.03.04,00:00,46.845244108674905,48.77252759841933,46.828841336550525,48.149234771728516,52137500.0
2021.03.05,00:00,49.06776772128475,50.06831172105769,48.477280481183,49.96989822387695,51429800.0
2021.03.08,00:00,50.50298375146587,50.527586346762156,49.059571009575244,49.92069625854492,38154600.0
2021.03.09,00:00,49.70746970832276,50.34716225582302,48.772533483973376,49.14978790283203,35645900.0
2021.03.10,00:00,49.633648512367245,50.781814305317006,49.231788451304226,50.65879821777344,31579100.0
2021.03.11,00:00,50.66699789242218,51.298490484548125,50.24053524078484,50.28154373168945,24802600.0
2021.03.12,00:00,50.47837443333155,51.15087243728979,50.43736906792119,50.82282638549805,20422700.0
2021.03.15,00:00,50.42918396315542,50.73262750995763,49.100587210867296,49.52705001831055,31243600.0
2021.03.16,00:00,48.829946781040306,48.92836030753702,47.92781288120667,48.477294921875,30624800.0
2021.03.17,00:00,48.13283941611115,48.98576492694777,48.07543126908459,48.690521240234375,25575500.0
2021.03.18,00:00,48.231250791109105,48.36246984546841,46.35317553367797,46.59101104736328,38622800.0
2021.03.19,00:00,46.508987898593794,47.132280628755844,45.770882038359886,46.32856369018555,84439400.0
2021.03.22,00:00,46.33677230351017,46.63201595503203,45.844701636646406,45.852901458740234,29315100.0
2021.03.23,00:00,45.05738214345041,46.164545786375044,44.65552518041429,45.287017822265625,33493300.0
2021.03.24,00:00,45.99232516622042,46.97646653640604,45.99232516622042,46.2055549621582,29781800.0
2021.03.25,00:00,45.27881219047419,46.33676745488805,44.69652789896281,46.0743293762207,31495900.0
2021.03.26,00:00,46.992867800621525,47.38652496175603,46.35317530484158,47.32911682128906,34226500.0
2021.03.29,00:00,47.02567037740083,47.41932751368338,46.53359973917484,47.07487869262695,21144400.0
2021.03.30,00:00,46.63201768143618,47.04207762850684,46.32857419658645,46.49259567260742,20303400.0
2021.03.31,00:00,46.213763597764235,46.44339933930819,45.76269819565708,45.78730392456055,23686500.0
2021.04.01,00:00,46.18914911542532,47.115885410144465,46.04152729401842,47.06667709350586,23194500.0
2021.04.05,00:00,46.99286819273319,47.009270965647616,46.041529263259505,46.33677291870117,23264800.0
2021.04.06,00:00,46.61561490923859,47.18969946085295,46.13994386894097,46.2055549621582,18926300.0
2021.04.07,00:00,46.246558896647635,46.55820532274436,46.12354279344481,46.41058349609375,22385000.0
2021.04.08,00:00,45.869307706297285,45.99232694658713,45.36903405093212,45.92671585083008,21999300.0
2021.04.09,00:00,45.926715342122776,46.287566979261854,45.54125798009272,45.820098876953125,20020700.0
2021.04.12,00:00,46.54999687488145,46.57460259542348,45.36082570847472,45.51664733886719,20238800.0
2021.04.13,00:00,45.35262808489763,45.91030984554377,45.18040366342107,45.68887710571289,19370600.0
2021.04.14,00:00,46.26296828168577,47.575159007784585,46.13174920907589,47.00927734375,28051100.0
2021.04.15,00:00,47.0912860697867,47.0912860697867,46.56640980187481,46.73043441772461,23250300.0
2021.04.16,00:00,47.042071537819055,47.30450961968484,46.287559706073374,46.467987060546875,22752000.0
2021.04.19,00:00,46.54180246000697,46.86164870762884,45.893907014126825,46.320369720458984,21123300.0
2021.04.20,00:00,46.312166830819116,46.312166830819116,44.926162344915134,45.344425201416016,21782100.0
2021.04.21,00:00,44.696535961968564,46.033332317180665,44.532511351085176,45.92671585083008,16625600.0
2021.04.22,00:00,45.91850926396702,45.91850926396702,45.12299205189939,45.32802200317383,21600100.0
2021.04.23,00:00,45.32802321033494,45.87750199269976,45.254212300770085,45.574058532714844,15337900.0
2021.04.26,00:00,45.49205169548963,46.164549760863856,45.467445971189214,45.664276123046875,16083800.0
2021.04.27,00:00,45.93491313765218,46.44338971617052,45.77089166433304,46.262962341308594,19278600.0
2021.04.28,00:00,46.673021070422905,47.944206226712375,46.57460756328352,47.65716552734375,24729800.0
2021.04.29,00:00,48.321453522522795,48.78072170264798,47.68996407654989,48.33785629272461,27318400.0
2021.04.30,00:00,47.83758759411404,48.29685266218843,46.878045838228296,46.94365692138672,30518400.0
2021.05.03,00:00,47.550551519572906,48.37887437215796,47.35372449515309,48.23945236206055,20509600.0
2021.05.04,00:00,48.387074614358845,48.797134568717816,47.985214482543014,48.54289627075195,23522200.0
2021.05.05,00:00,49.01856398582518,50.06831639646938,48.715120516218775,50.002708435058594,31526200.0
2021.05.06,00:00,49.912500473446464,50.55219303096381,49.231799415772926,50.4783821105957,26836800.0
2021.05.07,00:00,50.08472114178131,51.232890232531375,49.90429376590396,51.2000846862793,33610600.0
2021.05.10,00:00,51.864372302626364,52.504061552538936,51.2820849256317,51.32309341430664,31956600.0
2021.05.11,00:00,50.54398446063313,51.1672741359201,49.52703452583896,49.69105911254883,34563800.0
2021.05.12,00:00,49.9323569897578,51.321911023304956,49.71602088959705,49.95732116699219,34426500.0
2021.05.13,00:00,49.09197891379421,50.29847733547572,48.88396205399,49.34159851074219,24268200.0
2021.05.14,00:00,49.865791157672305,50.6562556896786,49.865791157672305,50.564727783203125,20735400.0
2021.05.17,00:00,50.37335623986427,51.79619059317348,50.28182832694644,51.74626541137695,25282500.0
2021.05.18,00:00,51.588179223478384,51.837798810710424,50.256872642184014,50.28183364868164,25170800.0
2021.05.19,00:00,49.17517983632161,49.807552809080434,48.609373776099545,49.07533264160156,28889800.0
2021.05.20,00:00,49.05036732615641,49.21678141878962,48.45960031268908,48.958839416503906,20692500.0
2021.05.21,00:00,49.44143570446733,49.782586332596615,48.967157614066004,49.0254020690918,20792700.0
2021.05.24,00:00,49.15854220124974,49.7576285548545,48.834033257694266,49.59953689575195,18400300.0
2021.05.25,00:00,49.508006968599595,49.5412904241404,48.35975314512188,48.47624206542969,25616100.0
2021.05.26,00:00,48.46792029806676,49.191817961414294,48.176698012261674,49.04204559326172,21698700.0
2021.05.27,00:00,49.283351861120515,49.6744245559388,48.27655106604072,48.725868225097656,33556000.0
2021.05.28,00:00,48.867312837000135,48.92555729489443,48.35143199247144,48.56776809692383,19246800.0
2021.06.01,00:00,49.46640655268331,50.506490781402114,49.46640655268331,50.306793212890625,28474200.0
2021.06.02,00:00,50.5480927295712,51.014051599460934,50.06549213139056,50.70618438720703,22978300.0
2021.06.03,00:00,50.38167666287093,51.09725508114586,50.215262560514084,50.905879974365234,20272800.0
2021.06.04,00:00,51.13885440195707,51.33855194628131,50.573048396137324,51.13053512573242,20427800.0
2021.06.07,00:00,51.030691432033684,51.36351646323227,50.77274941423465,50.79771041870117,15477900.0
2021.06.08,00:00,51.17214295419656,51.98756859111305,50.48152551759533,51.696346282958984,28953400.0
2021.06.09,00:00,52.145651612875504,52.76970203336899,51.74625972464982,52.12901306152344,29133000.0
2021.06.10,00:00,52.92781303946552,53.23567711907083,51.7962007560578,52.21223449707031,27488700.0
2021.06.11,00:00,52.42856240389409,52.57833478104084,51.70466469707486,51.7296257019043,17631700.0
2021.06.14,00:00,51.83778697473657,52.23717885793287,51.23037828732857,51.64641189575195,16997200.0
2021.06.15,00:00,51.98755971912097,53.58513043801917,51.87939009137279,53.526885986328125,30717100.0
2021.06.16,00:00,53.51857755072377,53.91797271559541,52.88620769216689,53.33552169799805,24803200.0
2021.06.17,00:00,53.13582587164524,53.63506505328382,50.98077113002132,51.57986068725586,28491800.0
2021.06.18,00:00,50.75610556808104,51.21374195068119,50.12373581333836,50.256866455078125,39590700.0
2021.06.21,00:00,50.69786601583351,52.170625667995274,50.67290500999379,52.079097747802734,33145400.0
2021.06.22,00:00,52.295434121331425,53.26063533955138,51.77955322897108,53.077579498291016,25140400.0
2021.06.23,00:00,53.293909827998746,53.83474846121466,52.90283720533297,53.46864318847656,20701600.0
2021.06.24,00:00,53.377129030663376,53.718273389505704,53.09422596622919,53.68498992919922,19568400.0
2021.06.25,00:00,53.75987724346412,54.026138567549914,53.55186038564176,53.801483154296875,18438300.0
2021.06.28,00:00,53.71827373506187,53.71827373506187,52.21223364848832,52.42856979370117,20570000.0
2021.06.29,00:00,52.59498103312173,53.06093993255791,52.07910011973242,52.104061126708984,19579300.0
2021.06.30,00:00,52.17062988568265,52.611624619623775,51.96261302264092,52.48681640625,17875500.0
2021.07.01,00:00,53.526896443723906,53.60177946131245,52.22887017940775,52.63658142089844,22530300.0
2021.07.02,00:00,52.42856063942805,52.686502652296504,51.93764079176548,52.56169128417969,14555300.0
2021.07.06,00:00,52.212226306965846,52.22054558388348,50.672902976314816,51.06397247314453,22110800.0
2021.07.07,00:00,50.90587852245963,51.43008181900294,49.60785236999973,50.26518630981445,21671400.0
2021.07.08,00:00,49.46640581542207,50.514809305747455,49.34991689139538,50.040531158447266,18935900.0
2021.07.09,00:00,50.50649216806432,51.13054272242899,50.123741923167785,50.947486877441406,20086000.0
2021.07.12,00:00,50.273505816597996,51.17214004335921,50.05716971057303,50.89755630493164,21809400.0
2021.07.13,00:00,50.75609717126543,51.18045002970677,50.34838286296471,50.65625,17147300.0
2021.07.14,00:00,50.89756043242982,51.363519310842754,49.39152049653449,49.5329704284668,21573600.0
2021.07.15,00:00,49.233425744076,49.67442361737445,48.90060069387011,49.05037307739258,15851100.0
2021.07.16,00:00,49.24174123997412,49.308304970979016,47.5526456993839,47.694095611572266,27049500.0
2021.07.19,00:00,46.29623579524623,46.76219474398709,45.43088482219277,46.054935455322266,37969100.0
2021.07.20,00:00,46.17973833330447,47.095011156762965,45.788665659639534,46.5624885559082,26756100.0
2021.07.21,00:00,47.311352433037484,48.50952833525363,47.28639142697627,48.060211181640625,20908700.0
2021.07.22,00:00,48.03524423398104,48.043566684362155,47.14493248829043,47.51936340332031,13493800.0
2021.07.23,00:00,47.66914126649485,47.66914126649485,46.986846264463104,47.461124420166016,14088200.0
2021.07.26,00:00,47.560965573311115,48.80074721646911,47.42783493554316,48.65929412841797,18387600.0
2021.07.27,00:00,48.26822317488082,48.26822317488082,47.602569962823424,48.11845397949219,16861400.0
2021.07.28,00:00,48.2599068118357,48.784110136639114,47.94372032673847,48.442962646484375,16855300.0
2021.07.29,00:00,49.09197783345652,49.366561605916466,48.72586931092857,49.03373336791992,18607800.0
2021.07.30,00:00,48.992128090378124,48.992128090378124,47.69410183842504,47.90211868286133,28652800.0
2021.08.02,00:00,47.88547435924035,49.141897809030745,47.7606661637937,47.910438537597656,20873800.0
2021.08.03,00:00,47.9021195903575,48.60105632786805,47.3695969663657,48.42632293701172,18208200.0
2021.08.04,00:00,47.585934392704004,48.16006294133154,47.26975105987017,47.29471206665039,20868300.0
2021.08.05,00:00,47.53600526884311,48.01028337123799,47.28638571612236,47.5942497253418,15180200.0
2021.08.06,00:00,47.977003253652136,48.318150740043784,47.868833609454285,48.14341735839844,14888500.0
2021.08.09,00:00,47.53600526884311,47.86051100478858,47.28638571612236,47.5942497253418,17828200.0
2021.08.10,00:00,47.7772951451427,48.559440312547295,47.67744797397262,48.40966796875,16340200.0
2021.08.11,00:00,48.41799773900526,48.67593975903142,48.02692824461821,48.55112838745117,18278600.0
2021.08.12,00:00,48.48355796767085,48.812975345941325,48.03588530554826,48.441322326660156,19225500.0
2021.08.13,00:00,48.171041835378176,48.204829066950424,47.554439358759524,47.95143127441406,20063000.0
2021.08.16,00:00,47.31792158117239,47.377047608365054,46.684425670856655,47.25034713745117,16959500.0
2021.08.17,00:00,46.878705297547405,47.55443373849199,46.45637461919112,46.929386138916016,16243700.0
2021.08.18,00:00,46.81112011465991,47.14054067487131,45.873548930159636,45.94112014770508,21890500.0
2021.08.19,00:00,45.16403693307565,45.366753823587885,44.00684872973803,44.53898620605469,30923500.0
2021.08.20,00:00,44.1504363803552,44.88529064009819,44.015290732332055,44.547428131103516,16918300.0
2021.08.23,00:00,45.569485438678164,46.5070601548047,45.569485438678164,46.3803596496582,21632600.0
2021.08.24,00:00,46.701326234512685,47.174334522473714,46.46481886840487,46.76045227050781,17915600.0
2021.08.25,00:00,46.659082594302234,47.10675196553131,46.346555653890874,46.844905853271484,13270300.0
2021.08.26,00:00,46.62530744830875,46.912492437942404,46.14385073364754,46.211421966552734,11842600.0
2021.08.27,00:00,46.79423814796447,47.47841175107169,46.79423814796447,47.10676193237305,15822500.0
2021.08.30,00:00,47.50375806605289,47.58822291633474,46.55773498783313,46.591522216796875,14086100.0
2021.08.31,00:00,46.397244837307206,46.718217029148235,46.00025300061243,46.050933837890625,27104100.0
2021.09.01,00:00,46.02559567442087,46.253651390046514,45.273844410512545,45.41743850708008,21644100.0
2021.09.02,00:00,45.85666167014386,46.99695310943311,45.83976805788653,46.52394485473633,23293300.0
2021.09.03,00:00,46.557730574396764,46.72666348107399,46.118506305886854,46.34656524658203,13840000.0
2021.09.07,00:00,46.17762950606417,46.684428194994496,46.00869983188106,46.076271057128906,14354400.0
2021.09.08,00:00,46.27899288087467,46.60841026863694,45.62015488322301,45.6539421081543,18756700.0
2021.09.09,00:00,45.29074461123297,46.45637827748188,45.020453213570555,45.68773651123047,19110800.0
2021.09.10,00:00,46.616857549172565,46.6506447756153,45.56947930646596,45.594818115234375,15123700.0
2021.09.13,00:00,46.16074026468899,47.24190567256666,46.135398235229495,46.76889419555664,22052300.0
2021.09.14,00:00,47.039183362204696,47.10675780812125,45.958018004555235,46.10161209106445,19940300.0
2021.09.15,00:00,46.76889096810423,47.748697856910105,46.71821335693657,47.655784606933594,23240900.0
2021.09.16,00:00,47.68956945614138,47.68956945614138,46.87869549653868,47.14898681640625,17907200.0
2021.09.17,00:00,46.74356152500621,47.934533957894345,46.54084137335126,46.591522216796875,30000400.0
2021.09.20,00:00,45.4258922493322,45.75530970291339,44.733270110487716,45.34987258911133,27555100.0
2021.09.21,00:00,45.92422708670237,46.04247913541529,44.978207474872356,45.30762481689453,19696800.0
2021.09.22,00:00,45.9749085924105,47.22500676050944,45.924227761306206,46.63374328613281,25690600.0
2021.09.23,00:00,46.81112373289856,48.348410132995554,46.69287167645884,48.21326446533203,23069400.0
2021.09.24,00:00,47.89229119360068,48.838310845462956,47.875397582765856,48.644039154052734,22328600.0
2021.09.27,00:00,49.70832258975823,50.51075157207123,49.68298377858997,50.08842086791992,32972200.0
2021.09.28,00:00,50.595208304939945,51.085110136434515,50.26578772295649,50.612098693847656,37619300.0
2021.09.29,00:00,50.544536136396765,50.840166324862466,49.87725288571429,50.57832336425781,23422800.0
2021.09.30,00:00,50.781038677396445,50.82327109982028,49.67453438810639,49.682979583740234,31289600.0
2021.10.01,00:00,50.18132448075175,51.51589079564783,50.18132448075175,51.4652099609375,24407300.0
2021.10.04,00:00,51.794626285105515,52.428122206618184,51.482102532688124,52.13249206542969,33946700.0
2021.10.05,00:00,52.80822734789846,52.960266646823854,51.541235338271704,52.048030853271484,29641600.0
2021.10.06,00:00,51.076661840430745,51.62568966614397,50.4685047686237,51.09355545043945,25284900.0
2021.10.07,00:00,51.194923492425474,51.591915346788426,50.79793163806252,51.23715591430664,19513600.0
2021.10.08,00:00,51.73549905847284,52.72375112651995,51.73549905847284,52.521034240722656,22186900.0
2021.10.11,00:00,53.239002563323275,53.26434459425292,51.94667176036563,51.997352600097656,22121500.0
2021.10.12,00:00,52.005791123393784,52.352102095146634,51.39763401314415,51.727054595947266,20198600.0
2021.10.13,00:00,51.338516821290256,51.85376077036052,50.857060100188264,51.58346939086914,14991700.0
2021.10.14,00:00,52.124043139269496,52.554822166078544,51.66792530692821,52.368995666503906,18594500.0
2021.10.15,00:00,52.98560359986488,53.272788574205364,52.74065104660711,52.86735153198242,16092600.0
2021.10.18,00:00,53.28967994249663,53.331912361800505,52.59705795510653,52.842010498046875,18282800.0
2021.10.19,00:00,53.10385642235954,53.728907218498115,52.93492351350096,53.63599395751953,18933200.0
2021.10.20,00:00,53.12074749433474,53.94851516380412,52.97715662305657,53.93162155151367,14305200.0
2021.10.21,00:00,53.61065457410941,53.75424545071689,52.66463158349573,52.95181655883789,16564600.0
2021.10.22,00:00,53.019391342305234,53.3994895800084,52.66463191307321,53.31502151489258,14266800.0
2021.10.25,00:00,53.821812452124384,54.41307271175397,53.70356040019847,54.353946685791016,17939800.0
2021.10.26,00:00,54.47222266888564,55.69698580798173,54.36241898507275,55.61251449584961,25585100.0
2021.10.27,00:00,55.03813555347993,55.11415198021045,54.04143170060702,54.168128967285156,21764500.0
2021.10.28,00:00,53.90628151259111,54.455312622042584,53.74579703268894,54.32016372680664,16626400.0
2021.10.29,00:00,54.945212035168204,55.20705493737016,54.33705495782516,54.45530700683594,23966300.0
2021.11.01,00:00,54.962103791691305,55.81521340444184,54.91986815417012,55.43511199951172,19656400.0
2021.11.02,00:00,54.928316493210325,55.283072648576294,54.61579597530609,54.750938415527344,16300000.0
2021.11.03,00:00,54.09210835385919,54.43841612258514,53.771136169955184,53.99919509887695,17372800.0
2021.11.04,00:00,54.63269592489976,54.810074033625334,53.91473507217585,54.404640197753906,17720100.0
2021.11.05,00:00,54.9452137184485,55.1817178237155,54.531325089977706,54.91986846923828,18565100.0
2021.11.08,00:00,55.36756326807195,56.06862740740182,55.22396591708345,55.51115417480469,17696000.0
2021.11.09,00:00,55.553373751024665,56.0601757127519,55.16483030615386,56.051727294921875,18781300.0
2021.11.10,00:00,55.91475610685543,56.197241899636296,54.58793691348486,54.94746398925781,20177200.0
2021.11.11,00:00,54.947464983920064,55.4953126660344,54.80193784112444,55.0501823425293,13319300.0
2021.11.12,00:00,54.75058239875374,55.10155081037712,54.42529985916079,54.630741119384766,18158900.0
2021.11.15,00:00,54.57938697191242,55.44395865765736,54.11714243763109,55.101558685302734,18849200.0
2021.11.16,00:00,55.075866143918354,55.957564905518346,55.075866143918354,55.657955169677734,17028700.0
2021.11.17,00:00,55.11010297867119,55.84627452604849,54.93890302708279,55.0501823425293,15497000.0
2021.11.18,00:00,54.92178700022059,55.23850757156454,54.02297090504195,54.45097732543945,16948200.0
2021.11.19,00:00,52.978632328218694,53.09847359923994,51.71173376031881,51.934295654296875,32035500.0
2021.11.22,00:00,51.63469667808338,53.53504631727306,51.63469667808338,52.653350830078125,21994400.0
2021.11.23,00:00,53.23544205231829,54.254099511885954,53.00431817322555,54.040096282958984,21185900.0
2021.11.24,00:00,53.56928537601742,54.65641881495011,53.56928537601742,54.33969497680664,15869700.0
2021.11.26,00:00,51.8058933860121,52.576302922040945,50.96700126077381,52.430782318115234,24979600.0
2021.11.29,00:00,53.56072448788841,54.04865155775518,52.46502907000231,52.721832275390625,18946400.0
2021.11.30,00:00,51.754539187330835,52.37942821292638,51.06972951992682,51.223812103271484,34979800.0
2021.12.01,00:00,52.131189910697294,53.098482192150946,51.14677371297833,51.18101501464844,30630600.0
2021.12.02,00:00,51.13821307953439,52.713276976851475,50.624603370265476,52.45647048950195,29216000.0
2021.12.03,00:00,53.0043234184911,53.269688624175714,51.66038326906889,52.12263107299805,22014700.0
2021.12.06,00:00,52.83311719286412,53.209761693023616,52.57631071071485,52.71327590942383,19210500.0
2021.12.07,00:00,53.3638452033081,53.954492938567455,53.15840066710522,53.303924560546875,19800400.0
2021.12.08,00:00,53.59496210092388,54.09144782847948,53.363838252337246,53.45800018310547,18214400.0
2021.12.09,00:00,53.11558715879504,53.73191734514344,52.910145940298435,53.59495544433594,16910300.0
2021.12.10,00:00,54.15994313930434,54.228422481580736,53.269688831697906,53.9373779296875,17942400.0
2021.12.13,00:00,53.47512392454806,53.68912713760877,52.51638717892656,52.756072998046875,17793700.0
2021.12.14,00:00,52.43934935183153,53.47512745311817,52.405111317209325,52.67903518676758,22551100.0
2021.12.15,00:00,52.37941628089099,52.64478139518551,51.36932102703358,52.447898864746094,19961900.0
2021.12.16,00:00,52.593428939743326,53.45800375693309,52.47358766181918,52.53350830078125,21187800.0
2021.12.17,00:00,52.17399688185461,52.45647949483136,51.095418593028874,51.3864631652832,44338100.0
2021.12.20,00:00,50.324992188705245,50.71875728434048,49.61450001292768,50.64171600341797,21819300.0
2021.12.21,00:00,51.1467743077554,51.942866620976645,51.121094963919326,51.78878402709961,19798900.0
2021.12.22,00:00,51.65181559059218,52.53350778270755,51.33509174985469,52.20822525024414,14058300.0
2021.12.23,00:00,52.36230576365776,52.93583608538271,52.21678514296081,52.23390579223633,13543300.0
2021.12.27,00:00,52.156866097547464,53.029999644709086,51.72029769125162,52.9786376953125,12593700.0
2021.12.28,00:00,52.995754134729545,53.338160572643325,52.559189028547785,52.807430267333984,12781000.0
2021.12.29,00:00,52.62767068905081,52.730391318805054,52.14830230781442,52.34518814086914,12733600.0
2021.12.30,00:00,52.40511894662966,52.73040154819268,52.01991242853602,52.03703308105469,11940300.0
2021.12.31,00:00,51.99422945245286,52.6191185313196,51.95998814980611,52.379432678222656,14072000.0
2022.01.03,00:00,52.422238232587844,54.44242619566941,52.39655562176405,54.39106750488281,24282400.0
2022.01.04,00:00,54.89610575450576,56.65949679610771,54.87042641205577,56.43693161010742,38584000.0
2022.01.05,00:00,56.92485557870472,57.87503038226166,56.907738194966164,57.138858795166016,34033300.0
2022.01.06,00:00,58.208875670461524,58.619764725243165,57.41278343314581,58.4827995300293,30668500.0
2022.01.07,00:00,58.65400066797601,59.218972313259165,58.19175945202082,58.96216583251953,23985400.0
2022.01.10,00:00,59.03920867488912,59.21040863650471,58.16607189041385,58.611202239990234,22760300.0
2022.01.11,00:00,58.97072806547726,61.11932226972768,58.705366156771234,61.07651901245117,32936100.0
2022.01.12,00:00,60.89677429199219,61.470301528713634,60.46876772174717,60.89677429199219,23045100.0
2022.01.13,00:00,60.87962548514524,61.27339054286033,60.186250758186006,60.460174560546875,21043200.0
2022.01.14,00:00,60.47730414227468,61.761323310769434,60.43450089098117,61.52164077758789,23012900.0
2022.01.18,00:00,62.334861262335174,63.24223287769171,61.64149287934463,62.55742645263672,32841200.0
2022.01.19,00:00,63.13095860560424,63.22512055785774,62.103745620298085,62.58311080932617,26431600.0
2022.01.20,00:00,62.06092009856674,63.66166618187333,61.8554788813636,62.72004699707031,26774600.0
2022.01.21,00:00,62.64301327380822,62.64301327380822,60.81114651222517,61.778438568115234,35995200.0
2022.01.24,00:00,60.67419340181531,62.557425743813916,59.758259838901445,62.309181213378906,41507000.0
2022.01.25,00:00,62.13796371351866,64.4063988555918,61.11075100394473,64.14103698730469,39278400.0
2022.01.26,00:00,64.56904501565262,65.0569720447539,62.908378113056294,63.4904670715332,35252400.0
2022.01.27,00:00,64.59473694926773,65.06554668794557,63.33639685758385,64.30369567871094,29174700.0
2022.01.28,00:00,64.17528142924496,64.73169106207817,63.3021447055105,64.44064331054688,30595700.0
2022.01.31,00:00,64.17527716906034,65.41649304918009,63.57606432314883,65.0227279663086,36085500.0
2022.02.01,00:00,65.44217298737509,69.77360200042698,65.28809042911065,69.19151306152344,61033100.0
2022.02.02,00:00,68.53239284625856,69.17440254151337,67.7534244787301,69.01176452636719,30299300.0
2022.02.03,00:00,68.558061765214,68.74638562545935,67.64212833381474,68.20709991455078,28529400.0
2022.02.04,00:00,69.2257634340206,70.64674140804432,69.2257634340206,69.6880111694336,32197500.0
2022.02.07,00:00,69.45687762260772,71.11754453379709,69.02887122536175,70.52689361572266,34949200.0
2022.02.08,00:00,70.42417927027371,70.62106511325887,68.41255023685595,68.70359802246094,34356300.0
2022.02.09,00:00,68.8767032101721,69.26617676554295,68.12371351942568,68.37471008300781,40106100.0
2022.02.10,00:00,68.13238611121645,68.96326806339435,67.32746818828429,67.7169418334961,28527700.0
2022.02.11,00:00,68.0458205129898,69.5171723722054,67.70827500877844,69.42196655273438,42002100.0
2022.02.14,00:00,68.87668385702798,69.10170973086397,66.68696380084803,68.35738372802734,34652800.0
2022.02.15,00:00,66.557154604574,67.67365380705974,66.14171043026677,67.50054931640625,25075100.0
2022.02.16,00:00,68.19295708204585,69.00653171586974,67.54383007078502,67.8121337890625,21733800.0
2022.02.17,00:00,67.9246505026146,68.47857166729706,67.46592855390651,67.7082748413086,23738800.0
2022.02.18,00:00,66.7821710142705,67.65632371875144,66.54848165913477,66.95526885986328,23394800.0
2022.02.22,00:00,68.95458527791088,69.05844795913282,65.18099370256404,66.17632293701172,35947800.0
2022.02.23,00:00,66.17633738229996,67.05049698110128,65.89071989903888,66.44464111328125,25385000.0
2022.02.24,00:00,68.37470038523408,68.4006644048081,64.07315172219833,65.60509490966797,46199900.0
2022.02.25,00:00,66.37540470868461,67.50055426575663,66.00323828056764,67.3707275390625,28310300.0
2022.02.28,00:00,66.2196121203239,68.31412702824557,65.95130179839606,67.87271881103516,32204600.0
2022.03.01,00:00,68.17561780465773,69.80276646307776,67.794801257519,68.52182006835938,40002300.0
2022.03.02,00:00,69.75952139169449,71.10105331592906,69.08443029293565,69.69893646240234,44321400.0
2022.03.03,00:00,69.11904169865367,70.77214831548945,68.91997318503958,70.14033508300781,30196600.0
2022.03.04,00:00,70.14900573461676,72.94457612675151,69.81146016532821,72.7801284790039,42802200.0
2022.03.07,00:00,73.49847823388446,75.49779370362506,72.61566849901017,75.402587890625,55207900.0
2022.03.08,00:00,77.0729924201052,79.20212756096338,73.93987131189014,75.97380065917969,72082300.0
2022.03.09,00:00,72.72818974487421,74.92656736263208,70.62501795096401,71.65496826171875,65466700.0
2022.03.10,00:00,72.71087578103466,74.15626354831304,71.75016736008655,73.87930297851562,44644200.0
2022.03.11,00:00,72.76281338871267,74.6323024330272,72.6762644373859,73.49848937988281,35303400.0
2022.03.14,00:00,71.88863326981262,72.22617870590668,69.67294905273162,70.86734008789062,37462600.0
2022.03.15,00:00,68.21891696059583,68.52184156012447,66.09843816063433,66.83411407470703,47957900.0
2022.03.16,00:00,67.34474681065483,68.04580831961208,65.99456503575342,66.5831069946289,37812300.0
2022.03.17,00:00,67.66497915385355,68.50451755397997,66.70427094373565,68.35738372802734,34041900.0
2022.03.18,00:00,68.4266339280736,68.7122513728811,67.59575221857428,68.0890884399414,41461500.0
2022.03.21,00:00,69.34406963539398,71.42127056121936,69.01517442630508,71.1443099975586,33089300.0
2022.03.22,00:00,70.65096317196954,71.14429930821906,69.92394427781645,70.83271789550781,23132200.0
2022.03.23,00:00,72.13098877565491,72.93590651649589,71.87999881421727,71.94923400878906,27716300.0
2022.03.24,00:00,72.23485306645091,73.26480337134723,71.6203469544596,72.16561126708984,19871600.0
2022.03.25,00:00,71.76746946247015,73.99181073948107,71.65495650876903,73.74081420898438,22398300.0
2022.03.28,00:00,71.98386087070853,72.10503072532323,70.98853140500607,71.67227935791016,21552400.0
2022.03.29,00:00,69.9412619739426,71.39530658488823,69.03248821913952,71.29145050048828,27036300.0
2022.03.30,00:00,71.8886473438652,72.71087881586358,71.58572273976523,72.51181030273438,22079000.0
2022.03.31,00:00,71.7241959217763,73.04841371554116,71.44723538061803,71.48184967041016,27861500.0
2022.04.01,00:00,70.96254500848266,72.82337662238258,70.96254500848266,71.94056701660156,18671100.0
2022.04.04,00:00,72.32140024960987,72.40795579833024,71.01449598567642,71.97520446777344,20869400.0
2022.04.05,00:00,72.26946908804254,73.62830794329207,71.45589450861867,71.60303497314453,21753100.0
2022.04.06,00:00,72.2002387105864,73.30808118772634,71.78480108328993,72.39930725097656,24768200.0
2022.04.07,00:00,72.5550933339674,73.94855321706774,71.58572792733973,73.61100769042969,26122000.0
2022.04.08,00:00,73.71485994574208,75.48048616401427,73.71485994574208,75.16024780273438,24866500.0
2022.04.11,00:00,74.24280008050846,74.37262677036716,72.26945552508751,72.57238006591797,21800100.0
2022.04.12,00:00,74.18221904861613,75.14292735920709,73.89660163665447,74.0870132446289,22444200.0
2022.04.13,00:00,74.96117185611473,75.39392310497661,73.73215989412941,75.13426971435547,19306800.0
2022.04.14,00:00,75.01311878279017,76.56236943624026,74.63230207811101,76.01710510253906,24566400.0
2022.04.18,00:00,76.59696576706732,76.93451118964448,75.94783893853285,76.64024353027344,19032300.0
2022.04.19,00:00,76.17288045695528,76.73545842907001,75.53240382248113,75.95650482177734,20382600.0
2022.04.20,00:00,76.1382650292384,76.59698035222718,75.55837987011148,76.12960815429688,20689400.0
2022.04.21,00:00,76.9864552138951,77.7221377216519,75.1169729930969,75.32469177246094,29010900.0
2022.04.22,00:00,75.00446139246749,76.26809444505005,73.56772385121954,73.68023681640625,23591600.0
2022.04.25,00:00,71.29145673672926,71.54245330141964,68.62570694959824,71.19625091552734,37698300.0
2022.04.26,00:00,71.60303702354172,73.32538544532885,71.12700792551105,71.22221374511719,28941500.0
2022.04.27,00:00,72.17426338118729,73.98316730140114,71.21355493903401,73.25614166259766,32773000.0
2022.04.28,00:00,73.46385143662255,76.28539149751674,72.76279650926554,75.47181701660156,33683800.0
2022.04.29,00:00,76.28540560790226,76.28540560790226,73.30807427874332,73.78410339355469,34656500.0
2022.05.02,00:00,73.5763734208065,75.33334253592281,73.24747822662998,74.78807830810547,36335200.0
2022.05.03,00:00,74.65825408002851,76.83931766685458,74.53708424760822,76.32867431640625,33908100.0
2022.05.04,00:00,77.46249661586005,79.52239079673878,76.95185315968997,79.3666000366211,46188400.0
2022.05.05,00:00,79.66085844415633,79.66951531888981,76.50177269902635,78.16353607177734,41013400.0
2022.05.06,00:00,78.74343458021056,79.47045364197965,77.33266102427193,79.35794067382812,29619300.0
2022.05.09,00:00,77.41054723717266,77.51440331313106,72.71951857633378,73.100341796875,45851600.0
2022.05.10,00:00,74.1216436018387,75.20352187323788,72.28677567637179,73.58502960205078,34483200.0
2022.05.11,00:00,74.80540000035859,76.97781366620964,74.67557327231953,75.11698150634766,33020600.0
2022.05.12,00:00,75.15193549394114,75.52791404361352,72.9223008424508,75.45796966552734,29491500.0
2022.05.13,00:00,76.38479794431417,77.77504002482515,75.50168429321207,77.69635009765625,25798400.0
2022.05.16,00:00,77.80128116542453,80.4243856236251,77.79253561604531,79.5237808227539,26101200.0
2022.05.17,00:00,80.20579030759117,80.83532974827561,79.67242522254932,80.53804779052734,23120700.0
2022.05.18,00:00,80.88779212591041,81.24627956619659,78.54448542850913,79.26146697998047,25451200.0
2022.05.19,00:00,77.81877107312617,80.704188848692,77.81877107312617,79.6899185180664,24387400.0
2022.05.20,00:00,80.38066351087843,81.83211115682751,79.0428813217948,80.3194580078125,28795000.0
2022.05.23,00:00,81.0189523461727,82.86386292267444,80.92277132031582,82.09442138671875,27239300.0
2022.05.24,00:00,81.15883363356993,82.88133957899808,80.72164965436068,82.54033660888672,24293300.0
2022.05.25,00:00,82.69774578798004,84.40276110613496,82.60156475250464,84.20166015625,29947800.0
2022.05.26,00:00,84.463948734338,85.18967578625293,84.11420019490564,84.4989242553711,24314800.0
2022.05.27,00:00,83.89561152020404,85.62686319008795,83.32727762583849,85.32957458496094,25588800.0
2022.05.31,00:00,86.17771891430311,87.24444907742387,83.68577113129928,83.93933868408203,44888100.0
2022.06.01,00:00,84.83119041943303,86.3088746482181,84.48144851494594,85.54817199707031,25815400.0
2022.06.02,00:00,85.06729383472312,85.77553003241962,84.63010967893005,85.39955139160156,19089100.0
2022.06.03,00:00,85.60064261449537,87.13953241547651,85.60064261449537,86.6411361694336,21038200.0
2022.06.06,00:00,86.7198350322375,87.24445459802973,86.27390539940923,86.42254638671875,20682100.0
2022.06.07,00:00,87.17450192842959,90.43589806468884,86.99088541734952,90.38343811035156,37810200.0
2022.06.08,00:00,90.48835358141372,92.30704084611175,90.04243064961602,91.45015716552734,31613200.0
2022.06.09,00:00,90.4271640383328,91.4326888736273,89.32546483146447,89.47410583496094,26607000.0
2022.06.10,00:00,89.1331030005857,90.36595878442411,87.25320989809406,87.83903503417969,30950500.0
2022.06.13,00:00,85.26839818804783,85.48699027460249,82.12067347584085,83.8082046508789,33421000.0
2022.06.14,00:00,85.17219827175954,86.27389725464647,83.30104443461228,84.02677154541016,31264000.0
2022.06.15,00:00,83.93059943682357,84.43773458046596,81.552316928197,82.96879577636719,29620800.0
2022.06.16,00:00,80.80035987518484,81.42989930793149,78.9379515400825,79.90850067138672,35696700.0
2022.06.17,00:00,79.53252127153708,79.87352429556191,74.89837436178723,75.30058288574219,64610200.0
2022.06.21,00:00,77.45152901525249,80.9052803916685,77.39906239228488,79.98719787597656,35951500.0
2022.06.22,00:00,76.54220100985187,78.48329968360153,76.53345545908793,76.8219985961914,29727200.0
2022.06.23,00:00,77.5214876148681,77.86249067832,73.02722894118652,74.50491333007812,35757200.0
2022.06.24,00:00,76.02631939199416,77.29415740244151,75.02954008496691,75.98260498046875,26639000.0
2022.06.27,00:00,76.77825587990448,78.72809955502183,76.65584488730326,77.84498596191406,25478700.0
2022.06.28,00:00,79.67241936035855,81.52607536263308,78.99915222410314,80.00467681884766,33096900.0
2022.06.29,00:00,81.29874574227064,81.49110111330745,76.7345433687004,77.04931640625,25400900.0
2022.06.30,00:00,75.31807397960668,76.59465071322208,74.03275169639878,74.88088989257812,39948100.0
2022.07.01,00:00,75.84269866234509,76.83947791429014,74.06773221670434,76.55094146728516,26327900.0
2022.07.05,00:00,75.49293340157544,75.80770642977245,72.58129289710116,74.1551513671875,34591100.0
2022.07.06,00:00,73.2370824847556,74.52240480934469,70.83256992868488,72.8173828125,33375700.0
2022.07.07,00:00,74.65356059664136,75.86019308032394,74.58361620482682,75.1432113647461,23817400.0
2022.07.08,00:00,76.02630573998088,76.33233992020723,74.26008506408003,75.26560974121094,17673800.0
2022.07.11,00:00,74.46993578342733,75.30058955132144,73.761699697129,74.88088989257812,15603800.0
2022.07.12,00:00,73.25457848349487,74.3650300113881,72.45016121142957,73.88412475585938,21013000.0
2022.07.13,00:00,72.90480468917345,75.46670331023994,72.83486031593756,74.18138122558594,19928600.0
2022.07.14,00:00,71.5670259255351,72.84360252025243,70.5527624228538,72.69496154785156,26343000.0
2022.07.15,00:00,74.14642787651465,74.21637226437409,72.4851269209255,73.9190902709961,17243700.0
2022.07.18,00:00,75.70281130415302,76.89195276178289,74.97708399219196,75.28311157226562,19395800.0
2022.07.19,00:00,75.56288612189903,77.39905771317773,75.4142451527586,77.18046569824219,18248900.0
2022.07.20,00:00,76.57716259928335,78.38710436563319,76.28861951471613,78.02861022949219,16584400.0
2022.07.21,00:00,76.0088255548315,76.76952826695654,74.50491122974738,76.7258071899414,21375700.0
2022.07.22,00:00,76.55093825044298,77.35535538998116,75.74651444000487,76.13998413085938,15479500.0
2022.07.25,00:00,77.08430920908215,78.80680908231672,76.43727189190932,78.6756591796875,17536400.0
2022.07.26,00:00,79.68118136593606,79.81233794608482,77.81877927470613,78.36962890625,15141200.0
2022.07.27,00:00,78.93795931229442,80.4418736699904,78.16851770480109,80.0658950805664,18047000.0
2022.07.28,00:00,80.59926388696068,81.53483762829926,79.57625465660826,81.00147247314453,20353100.0
2022.07.29,00:00,82.58406656085889,85.26837643201868,82.27803905194477,84.75250244140625,29825800.0
2022.08.01,00:00,82.8813577780727,83.37100180761563,81.51734559811766,82.61030578613281,20793200.0
2022.08.02,00:00,82.7939187983739,83.23984173319185,82.03321613813849,82.2518081665039,16722500.0
2022.08.03,00:00,82.55784470012313,82.55784470012313,79.38389050269421,79.58499145507812,23580800.0
2022.08.04,00:00,78.96418460635412,78.99041458321605,75.57163862391998,76.23616027832031,31821500.0
2022.08.05,00:00,75.51044877635807,78.42209688789009,75.44049770962377,77.33787536621094,17408000.0
2022.08.08,00:00,77.47777292193592,78.34339564120016,77.1367698303803,77.77505493164062,14458500.0
2022.08.09,00:00,78.73686191794228,80.1008742244463,78.64941975806877,79.20901489257812,19083400.0
2022.08.10,00:00,79.28773014438032,80.25827964324957,77.98492304093219,79.96099090576172,18302000.0
2022.08.11,00:00,81.08220686952028,83.2540577104147,80.72906674370876,82.27407836914062,18797900.0
2022.08.12,00:00,81.64723926586746,83.00684345852116,81.32057726670408,82.98918914794922,15058200.0
2022.08.15,00:00,79.92566948135907,81.86797414390901,79.15758218295709,81.50599670410156,20755200.0
2022.08.16,00:00,81.24996679224017,82.00923031456122,80.59664936688856,80.74673461914062,14038200.0
2022.08.17,00:00,80.57896096447378,82.29171857098929,80.26996003951349,81.4000244140625,13678000.0
2022.08.18,00:00,82.23875789645471,84.14574005299701,82.18578149230373,83.32467651367188,17770400.0
2022.08.19,00:00,83.13046043400925,84.04863287838107,82.81262892029731,83.05982971191406,16128600.0
2022.08.22,00:00,82.47713086569841,83.421794819734,81.09986555514227,82.9980239868164,16019900.0
2022.08.23,00:00,84.3576391460077,86.88263016369203,84.2693473770561,86.5206527709961,23764700.0
2022.08.24,00:00,86.52948274820105,87.37703118619316,85.95561993222371,87.03271484375,17050300.0
2022.08.25,00:00,87.3328783448447,88.16277240447643,86.60893035741566,87.48296356201172,15305700.0
2022.08.26,00:00,87.20045583205972,88.20692677557444,86.00859103184754,86.4058837890625,15531400.0
2022.08.29,00:00,86.67955345911666,89.66363017238456,86.64423810481753,88.3923110961914,23059200.0
2022.08.30,00:00,86.83847591787918,87.06802237076188,84.59600126389672,85.02860260009766,17086800.0
2022.08.31,00:00,83.01567150863043,85.49651631659222,82.62720933046417,84.39293670654297,18340900.0
2022.09.01,00:00,83.35999117260623,83.93385394013663,81.47949386604098,82.87442016601562,16423000.0
2022.09.02,00:00,85.06391499545323,85.45237717361948,83.96916590828468,84.39293670654297,18206800.0
2022.09.06,00:00,84.89618245473808,85.27580740551906,83.43945590256546,83.82791137695312,19201500.0
2022.09.07,00:00,82.27406754729887,83.51007129649486,81.48831942000345,83.11278533935547,16274700.0
2022.09.08,00:00,83.57188659947258,84.24285820611047,82.74199251118536,83.7926025390625,18759200.0
2022.09.09,00:00,85.21399677759749,85.63777429452215,84.15456308885852,85.19634246826172,17158000.0
2022.09.12,00:00,86.2116459244422,87.57125689810485,85.53183706975295,86.17633056640625,16118900.0
2022.09.13,00:00,85.2934709409207,86.3264199544121,83.79260519836306,84.16340637207031,18229100.0
2022.09.14,00:00,84.92267437923027,87.01505735572391,84.88735901757126,86.22930908203125,22655700.0
2022.09.15,00:00,84.94913417480434,85.23165024907841,83.03332183564225,83.72195434570312,21092300.0
2022.09.16,00:00,83.93386775260352,84.17223803350734,81.22347594432482,82.29174041748047,37874700.0
2022.09.19,00:00,80.34940858676964,82.53890628293718,80.34057806581745,82.28287506103516,15342100.0
2022.09.20,00:00,81.86795450104934,82.04452454813557,80.90562955799744,81.61192321777344,14712500.0
2022.09.21,00:00,82.60956868276813,82.8832543158948,80.22583902511575,80.29646301269531,17332400.0
2022.09.22,00:00,81.40002571061453,81.80614891641967,79.9168145114654,79.9609603881836,16139400.0
2022.09.23,00:00,77.25058575065768,77.25058575065768,74.91099523506588,75.70557403564453,27738800.0
2022.09.26,00:00,74.95512385669949,76.1205035838859,74.06342970056205,74.14289093017578,22043400.0
2022.09.27,00:00,75.5819617115203,76.77382635647037,74.87566805895669,75.69673156738281,17307300.0
2022.09.28,00:00,76.0322263392573,78.8397332511359,75.85564955301973,78.4512710571289,19543300.0
2022.09.29,00:00,77.85091893266716,78.89269833594268,76.92390938199183,78.29235076904297,17896000.0
2022.09.30,00:00,77.8421034095485,78.61019737770606,77.08283996582031,77.08283996582031,21357600.0
2022.10.03,00:00,79.49305065217047,81.54129422589835,79.21053452943958,81.15283203125,23881300.0
2022.10.04,00:00,82.31820802590249,84.18988146119797,81.85029135100747,84.11042022705078,22133700.0
2022.10.05,00:00,84.53420708063521,88.27754762828371,84.45475257344205,87.50946044921875,34857700.0
2022.10.06,00:00,86.93560175836488,90.21102573453318,86.81200136195977,90.1050796508789,29124700.0
2022.10.07,00:00,90.21985739780435,91.21749110587412,88.44529920456061,89.19573211669922,24507600.0
2022.10.10,00:00,89.60184317244573,90.0785904220713,87.15631346484446,87.26225280761719,16786100.0
2022.10.11,00:00,85.83202008175788,88.07449495165943,85.417073016264,86.5206527709961,17804100.0
2022.10.12,00:00,86.07921265547807,87.32405373317772,85.84084241491624,86.90027618408203,12635800.0
2022.10.13,00:00,86.12336834913042,90.44939567925269,85.99093742896585,89.93733978271484,22019100.0
2022.10.14,00:00,89.27519364967765,90.26399683656231,87.43883525158249,87.5712661743164,15222000.0
2022.10.17,00:00,89.23104916126702,90.02562797440052,88.72781703556859,88.8337631225586,14283200.0
2022.10.18,00:00,89.6459854368729,90.36110291458503,87.60657234223268,88.99266815185547,14065400.0
2022.10.19,00:00,89.3899637002835,91.80900873318437,89.37230938721848,91.63243865966797,20921700.0
2022.10.20,00:00,92.10034353562122,92.70069113813491,91.29694104832953,91.75602722167969,17649000.0
2022.10.21,00:00,92.21511223815261,93.93670052197791,91.73837175999577,93.45995330810547,22814100.0
2022.10.24,00:00,93.28337872067131,95.06676037256142,92.80663152999607,94.11326599121094,17024200.0
2022.10.25,00:00,93.94553115404047,94.7577641553357,92.7624902732708,93.47760772705078,15719800.0
2022.10.26,00:00,93.81311670418768,95.1992127105406,93.58357021200659,94.59003448486328,17383800.0
2022.10.27,00:00,95.71125918822095,96.74420812480334,94.83721925506757,94.95199584960938,18214000.0
2022.10.28,00:00,96.63827531928962,98.18328704250594,95.4552410043708,97.73302459716797,28169400.0
2022.10.31,00:00,96.67358969458186,99.68415859766664,96.6206200200415,97.83013916015625,26401800.0
2022.11.01,00:00,99.20739364309813,99.38396368391612,97.68886704348839,98.80127716064453,22213100.0
2022.11.02,00:00,98.50994125519149,98.9690274527247,96.50583672158747,96.77069854736328,20654200.0
2022.11.03,00:00,95.8613302107529,98.72180635611352,95.62295326947263,98.08614349365234,17103700.0
2022.11.04,00:00,99.76359704731352,100.20502889265562,97.82129962209447,99.1544189453125,17541500.0
2022.11.07,00:00,99.2427099804043,100.63762948238573,98.99550249081162,100.32862854003906,16008000.0
2022.11.08,00:00,100.1873981117418,101.22917778084152,99.41047357061976,100.646484375,14661000.0
2022.11.09,00:00,99.85189269380932,100.01080844447026,95.85252082717805,96.14386749267578,19522800.0
2022.11.10,00:00,97.28274905161165,97.73300466942601,94.96964383278015,97.55643463134766,20146700.0
2022.11.11,00:00,99.39279882920134,101.0878955484641,99.31333759213697,100.6023178100586,20518900.0
2022.11.14,00:00,100.23743552532106,102.02627921216617,100.11284012324629,100.8960189819336,20858300.0
2022.11.15,00:00,101.27869481859295,101.92836979685002,100.45102157990017,101.57238006591797,19373800.0
2022.11.16,00:00,100.95831686519283,101.68809284577944,99.55216099359369,100.48663330078125,13591000.0
2022.11.17,00:00,99.04487153481436,100.74471258195243,98.56428638909507,100.6201171875,12425900.0
2022.11.18,00:00,98.69778167935098,100.1039374379514,97.54971831618529,99.7479476928711,15415000.0
2022.11.21,00:00,97.88789634055688,98.96476030322128,95.65407429425738,98.76007080078125,20973000.0
2022.11.22,00:00,99.863660977182,101.87499765824127,99.16948457317294,101.61690521240234,17719100.0
2022.11.23,00:00,99.96154804219272,101.41219840899191,99.76575332484578,101.10961151123047,11546700.0
2022.11.25,00:00,101.34988760028286,101.99956937019375,100.62011170541905,100.75360870361328,7136000.0
2022.11.28,00:00,98.48420301827683,99.19617580864728,97.55863227984878,97.72772216796875,23015500.0
2022.11.29,00:00,98.43970096281194,99.49876871284036,97.70992495428943,98.37740325927734,14453200.0
2022.11.30,00:00,99.26737664971618,99.58776678678423,97.70102562293245,99.0893783569336,23158100.0
2022.12.01,00:00,99.35635990244408,99.73904769636006,98.05700308331859,98.6087875366211,14398300.0
2022.12.02,00:00,97.46072069278586,99.41865406795722,97.18482508096535,97.77220916748047,15248400.0
2022.12.05,00:00,98.51977810154838,99.10716216776137,94.28352141224309,95.09339141845703,19287700.0
2022.12.06,00:00,94.24793295695359,95.26249938281241,91.80051263686714,92.45018768310547,21197000.0
2022.12.07,00:00,92.36118480783469,93.31345345998754,91.10632928954892,92.24549102783203,20061700.0
2022.12.08,00:00,94.586109724101,95.0488984118778,92.29888469664924,92.9307632446289,21128800.0
2022.12.09,00:00,93.08207145053544,94.29243265541153,91.93401473923575,92.1476058959961,21298200.0
2022.12.12,00:00,92.40569307899659,94.55051971670585,92.1920951444162,94.41702270507812,20413200.0
2022.12.13,00:00,95.93888868352438,96.59746540586589,95.24470551193438,95.44940185546875,24305300.0
2022.12.14,00:00,96.10796959142547,96.38386522777827,94.11443638617808,94.7463150024414,17597300.0
2022.12.15,00:00,93.74065701872827,94.4882294789803,92.28999978904683,93.83855438232422,15365100.0
2022.12.16,00:00,92.28109632563306,93.96314099363364,91.78270794219365,93.17996215820312,54596600.0
2022.12.19,00:00,93.67835990194973,94.51492811892196,92.89518098826427,93.59825897216797,13611100.0
2022.12.20,00:00,93.59824436485732,95.68077994494601,93.50924862672045,94.95100402832031,14680000.0
2022.12.21,00:00,96.37496916332474,96.64195641362454,95.36930428630853,96.17027282714844,13565400.0
2022.12.22,00:00,96.01896900789622,96.28596301931495,92.64597816067564,94.2301254272461,13213000.0
2022.12.23,00:00,95.18239312309781,96.77544198419204,95.13789864828226,96.7220458984375,11539400.0
2022.12.27,00:00,97.24713182830445,98.31510114230746,96.85554919078281,98.06591033935547,11962100.0
2022.12.28,00:00,97.81670884316559,97.89680296824143,96.02786536047196,96.45504760742188,10702100.0
2022.12.29,00:00,96.1079731701187,97.64762609632893,96.1079731701187,97.1848373413086,10534000.0
2022.12.30,00:00,96.65975746432859,98.3418022261784,96.65975746432859,98.16381072998047,11799600.0
2023.01.03,00:00,97.70101170693859,97.91460283791434,93.88303544230634,94.79080963134766,15146200.0
2023.01.04,00:00,93.26895784389384,95.36928981935891,93.23335819126602,95.06669616699219,18058400.0
2023.01.05,00:00,94.63951397151716,97.85230986173873,94.61281592759985,97.19373321533203,15946600.0
2023.01.06,00:00,97.96800029987712,99.6678412227811,97.60310896426351,98.36848449707031,16348100.0
2023.01.09,00:00,99.3563627136074,99.3563627136074,95.947772126,96.53515625,17964600.0
2023.01.10,00:00,97.70992620071176,98.19051140122642,96.12577875638965,97.97691345214844,15104600.0
2023.01.11,00:00,98.77786507306179,99.18725085893722,97.08691906014054,99.11605834960938,16710400.0
2023.01.12,00:00,99.51656658715386,101.22530944306986,99.44536727067224,100.76252746582031,15357300.0
2023.01.13,00:00,100.6646261732271,101.00281272840137,99.81915639032133,100.70022583007812,12011400.0
2023.01.17,00:00,100.93161411532729,101.52789305424207,100.27303068822692,100.50442504882812,16542200.0
2023.01.18,00:00,100.79812187932625,101.56349751682839,98.25280416204055,98.439697265625,16399700.0
2023.01.19,00:00,97.95910760120151,99.7924456866016,97.52302371281739,99.07157135009766,12928000.0
2023.01.20,00:00,99.10718656870202,100.95832816715507,98.43970821454316,100.87822723388672,16515600.0
2023.01.23,00:00,101.13629851986298,101.98176820893737,100.24632756717855,100.3531265258789,16584400.0
2023.01.24,00:00,97.14924524284352,101.47449839551795,93.33126853843952,101.28760528564453,13583000.0
2023.01.25,00:00,100.77141192467352,101.14519808766585,99.13386187404048,100.75360870361328,11914700.0
2023.01.26,00:00,102.09747350871467,104.82078257732437,101.75928018546416,104.80298614501953,21019700.0
2023.01.27,00:00,104.08211487027636,104.72289513291396,102.69376216118852,102.88955688476562,15179200.0
2023.01.30,00:00,102.42674839502924,102.78273811570436,100.70020945315453,101.06509399414062,18672100.0
2023.01.31,00:00,99.76574696222669,103.59262494829113,98.27949703342902,103.24553680419922,27861800.0
2023.02.01,00:00,103.085352162503,104.46480326704186,100.8693192773117,102.11528015136719,19464900.0
2023.02.02,00:00,102.21316263871104,102.40895733484689,97.74551144027286,98.92027282714844,24562100.0
2023.02.03,00:00,99.58776386894783,101.55459911446974,99.28517017505348,99.60556030273438,20226600.0
2023.02.06,00:00,99.99714168562409,100.64681671054483,98.1816000384127,99.43646240234375,13855200.0
2023.02.07,00:00,100.02383388685813,102.62254741463325,99.69454219308835,102.27545928955078,16013300.0
2023.02.08,00:00,102.39116195065753,103.08533821501081,101.32319272170362,101.38549041748047,18459700.0
2023.02.09,00:00,102.00847681565048,103.45022546678648,101.61688740919885,101.76818084716797,17439300.0
2023.02.10,00:00,103.69052665910344,106.46723192855087,103.3790381564334,106.05784606933594,24918600.0
2023.02.13,00:00,105.5735698909677,105.98610595103203,103.94135902628355,105.64531707763672,14536200.0
2023.02.14,00:00,104.93682652139027,105.65427784454045,104.04897050229178,104.40769958496094,12079000.0
2023.02.15,00:00,103.7799180568062,104.11173677905028,102.36294209044988,104.09380340576172,13663400.0
2023.02.16,00:00,103.41223297054329,104.7305584576728,102.9548600465016,103.78890228271484,11360600.0
2023.02.17,00:00,102.40778952725545,102.40778952725545,99.52900063508393,99.79804229736328,20758300.0
2023.02.21,00:00,99.3765463538872,100.78455240826679,99.3765463538872,99.69940185546875,14469400.0
2023.02.22,00:00,99.08059632755264,99.52003585566943,97.43044530669613,98.4079818725586,13973800.0
2023.02.23,00:00,99.30478795553584,100.29128765672246,98.56042641542187,99.31375122070312,11289400.0
2023.02.24,00:00,98.04924933698015,99.51106223776047,97.77123071936603,99.3227310180664,14351000.0
2023.02.27,00:00,99.36757639624463,99.7801124333347,98.61424466254995,99.14337158203125,11710500.0
2023.02.28,00:00,99.76216897484477,99.86978974535776,97.9505971454296,98.56940460205078,18107000.0
2023.03.01,00:00,98.03130435928499,100.31819605141936,97.96852728910262,99.44828033447266,13200000.0
2023.03.02,00:00,99.20614463934973,100.17470419747058,98.80257188479402,99.9056625366211,10339900.0
2023.03.03,00:00,98.69494264786752,101.67238172451623,98.60525526597559,101.17015838623047,13006700.0
2023.03.06,00:00,100.43478299907557,102.093897195354,100.32716907117518,102.0669937133789,14347400.0
2023.03.07,00:00,101.17017447257798,101.49302994060142,99.69939149255465,100.093994140625,11525300.0
2023.03.08,00:00,99.75320326745626,100.82041346962536,97.81607049876058,98.6321792602539,13509800.0
2023.03.09,00:00,99.4303510719259,100.65002577919886,97.78020012118517,97.86988067626953,12961200.0
2023.03.10,00:00,98.25550913567021,99.58280455916855,96.0941784265973,96.65917205810547,15795700.0
2023.03.13,00:00,94.47094707377028,96.73093566809017,93.01810410532471,95.54713439941406,20745600.0
2023.03.14,00:00,95.37671117875587,97.76225330057521,94.13013316063387,95.90583801269531,18263500.0
2023.03.15,00:00,92.21096132054807,93.44856950703975,89.87923247944467,91.13478088378906,25733800.0
2023.03.16,00:00,88.88376794364841,91.18859344141099,87.90623127641817,90.60565948486328,27465200.0
2023.03.17,00:00,90.22001379559596,91.12580313999376,88.91065853177292,89.5384292602539,43199500.0
2023.03.20,00:00,89.35010496345646,91.90604545844505,89.23352091690357,91.87913513183594,32042100.0
2023.03.21,00:00,93.42166300065647,96.21077151615142,93.38578940829974,95.99553680419922,31592300.0
2023.03.22,00:00,95.7802934110541,96.12108224427286,93.77141347428433,93.7983169555664,14952700.0
2023.03.23,00:00,94.48888435836264,95.36776346271631,91.87017357899883,92.7400894165039,14385900.0
2023.03.24,00:00,91.00024148295076,93.13466862579389,90.49802494161996,92.84768676757812,13401600.0
2023.03.27,00:00,93.93283567803529,95.49330592246706,93.18848098500132,94.88346862792969,14805900.0
2023.03.28,00:00,94.56061945821246,96.54258908635191,94.33641465626654,96.06727600097656,11047600.0
2023.03.29,00:00,96.91029137624395,97.8967980800734,96.39910464889063,97.7174301147461,14219100.0
2023.03.30,00:00,98.24655520371869,98.26448857881849,97.3228255946572,98.19274139404297,11578200.0
2023.03.31,00:00,98.36313295891425,98.80257246374138,97.7981393098508,98.34519958496094,14418000.0
2023.04.03,00:00,101.6903307791115,104.79332445835452,101.44819260034387,104.14761352539062,28087700.0
2023.04.04,00:00,104.26420616337298,104.65880197403405,102.38985040452873,103.15214538574219,16365500.0
2023.04.05,00:00,103.44810122478054,104.92785438583896,102.51540836473275,104.91888427734375,16479500.0
2023.04.06,00:00,104.80229486308167,105.08927674052394,102.9279391305777,103.1790542602539,15778000.0
2023.04.10,00:00,102.93691439581819,104.19246273835229,102.38985409544397,102.7216796875,13006600.0
2023.04.11,00:00,103.09833067166976,104.21038452352424,102.57817391241029,103.44808959960938,11758500.0
2023.04.12,00:00,104.17454217267644,104.56016793649283,103.07145132780924,103.34049987792969,10919000.0
2023.04.13,00:00,102.77548356800557,103.93238120903331,102.35397743032247,103.82476043701172,12399700.0
2023.04.14,00:00,103.94134245620697,104.62292693652935,103.24182460317039,104.07586669921875,11530800.0
2023.04.17,00:00,103.57365374226492,104.48841321309042,102.61405741404627,102.86516571044922,13260400.0
2023.04.18,00:00,102.5871544786043,105.11618451502486,102.5064440295532,104.8740463256836,17436100.0
2023.04.19,00:00,104.1027815468876,104.83817306784088,103.82476292305508,104.54222106933594,10682600.0
2023.04.20,00:00,103.2508035298323,103.74405688163127,101.54685233384663,103.70818328857422,17038700.0
2023.04.21,00:00,104.4704703148294,104.82022926758272,103.36738649220361,104.04000091552734,14315300.0
2023.04.24,00:00,103.95928160786804,106.62283576725298,103.92340801825826,106.0040283203125,15831300.0
2023.04.25,00:00,105.42110505870058,105.59149606267934,103.69920690706057,104.49737548828125,12179800.0
2023.04.26,00:00,104.0579375743002,105.00856379977199,102.84723294253769,103.53778076171875,15566100.0
2023.04.27,00:00,103.69026284606704,104.93684128098046,103.02661155501929,104.7754135131836,16279200.0
2023.04.28,00:00,105.15205558163015,107.54656130328293,104.77539314405982,106.12958526611328,24381900.0
2023.05.01,00:00,104.02205791562092,105.19689572960837,102.64095551562568,102.8382568359375,17355000.0
2023.05.02,00:00,102.1835732367995,102.1835732367995,98.0133629393649,98.73978424072266,24324100.0
2023.05.03,00:00,97.82505238046157,98.4797266478367,96.64125116006583,96.79370880126953,16212300.0
2023.05.04,00:00,96.76680113460574,97.52909614986824,94.98213269328518,95.09871673583984,17177200.0
2023.05.05,00:00,97.34973218400027,98.13893065967464,96.43497271869411,97.46631622314453,14968200.0
2023.05.08,00:00,99.09852984344182,99.52003599725452,97.78917452358652,97.8519515991211,11187800.0
2023.05.09,00:00,97.16138713061883,98.85638168354551,97.04480309986192,97.87884521484375,11370800.0
2023.05.10,00:00,98.41695258618509,98.65909763993152,95.69959107713488,96.6233139038086,14884800.0
2023.05.11,00:00,95.50228247302121,95.79823447525823,94.1032465965379,94.87451171875,17165900.0
2023.05.12,00:00,95.34083732519629,95.9686148070514,93.96870518264504,94.86552429199219,12613300.0
2023.05.15,00:00,95.44448981286742,95.8244207212714,94.60321028622401,95.04646301269531,13715600.0
2023.05.16,00:00,94.64843252057801,94.81126103233693,92.28742255085389,92.7397232055664,14795200.0
2023.05.17,00:00,93.52672477809836,95.19119470415309,93.03823926398098,94.82030487060547,14064700.0
2023.05.18,00:00,94.57607958402053,95.80633804604325,94.19614174901278,95.6796875,12005600.0
2023.05.19,00:00,96.40335661797424,96.8375682622344,95.72490566864022,96.12293243408203,13359600.0
2023.05.22,00:00,95.74299231733885,96.82851795067934,94.87457595160232,94.95599365234375,12882000.0
2023.05.23,00:00,95.87869053492004,97.89595448492108,95.66158815381634,96.24958038330078,14394400.0
2023.05.24,00:00,97.13607674683463,98.15828054482996,96.54809147370341,97.32604217529297,16340300.0
2023.05.25,00:00,95.83346456856567,96.27671727608002,94.720801925471,95.5801773071289,14316500.0
2023.05.26,00:00,96.31289551784953,96.7471002499379,94.82935003035466,94.95599365234375,12370300.0
2023.05.30,00:00,93.43627220803629,94.18709296834413,92.82114302754655,94.1147232055664,11938000.0
2023.05.31,00:00,92.53166611713765,93.2101170797607,92.03413265059004,92.43215942382812,24926100.0
2023.06.01,00:00,92.04317941285845,95.50780394049818,91.59992672207854,93.49958801269531,13551900.0
2023.06.02,00:00,95.12786444565153,96.0053218025725,94.55796127899843,95.67062377929688,14112000.0
2023.06.05,00:00,96.96421192561886,96.96421192561886,95.06454374548527,95.24546813964844,10628000.0
2023.06.06,00:00,94.21424223256774,96.13199288620488,94.06046164271218,96.02344512939453,12209800.0
2023.06.07,00:00,96.60237203953514,98.50203335745171,96.54809817094213,98.17637634277344,16027100.0
2023.06.08,00:00,98.39349138741694,98.7281963904759,95.79728978256088,97.86882781982422,13517100.0
2023.06.09,00:00,98.11305709624517,98.24874867283847,96.93707953607714,97.14513397216797,12251600.0
2023.06.12,00:00,95.71586232694571,96.84661396355195,95.48971199962446,96.26766967773438,14112000.0
2023.06.13,00:00,97.13607945157862,98.00449582080898,96.14101945984967,96.28575897216797,13533800.0
2023.06.14,00:00,97.19939939551435,97.79643952001777,94.4313218404231,95.12786865234375,16627700.0
2023.06.15,00:00,95.43542173930022,96.81946040055911,95.38114787856351,95.78821563720703,16224100.0
2023.06.16,00:00,96.21338579795085,96.5842687073609,94.9469427163964,95.10072326660156,43128900.0
2023.06.20,00:00,94.69367216278374,94.77508297374307,92.37789485246387,92.920654296875,17514100.0
2023.06.21,00:00,92.72163126102275,94.64842950412921,92.56785069969597,93.9609375,13285700.0
2023.06.22,00:00,93.02919744431144,93.97903160122998,92.85732788470973,93.44532012939453,12455300.0
2023.06.23,00:00,92.80305701691051,93.01111838165886,91.9255994306585,92.63118743896484,17933600.0
2023.06.26,00:00,92.45023839305718,94.90171367901722,92.45023839305718,94.34085845947266,14283400.0
2023.06.27,00:00,94.12376443075131,94.63033893090441,93.41816964638953,94.57606506347656,13227500.0
2023.06.28,00:00,94.35895932740931,95.72490922187494,93.35485133299844,95.34497833251953,13084100.0
2023.06.29,00:00,95.58016353861858,96.54808652056947,95.10071911818073,96.52094268798828,11364400.0
2023.06.30,00:00,97.08182310441451,97.58839768582428,96.62047445259572,97.01850128173828,13544700.0
2023.07.03,00:00,97.23560251391106,98.113066975803,96.85567158244062,97.20846557617188,7397000.0
2023.07.05,00:00,97.36223701990089,97.62457222936003,95.9781981126126,96.71092987060547,12491200.0
2023.07.06,00:00,95.0645300495449,95.63443318210305,92.65829461710045,93.10154724121094,17961400.0
2023.07.07,00:00,92.19695407627682,94.07852625780725,91.8712970871058,93.31866455078125,21929200.0
2023.07.10,00:00,93.14679766082682,94.75698688260134,92.94778426909104,94.70271301269531,14877600.0
2023.07.11,00:00,95.21832964289847,96.03247214936866,94.81125493888344,95.860595703125,12576500.0
2023.07.12,00:00,96.79234226285597,97.38033450738166,96.00533662157753,96.33099365234375,13238200.0
2023.07.13,00:00,95.8606044139064,96.09580269305005,93.46340949985277,94.56702423095703,26826800.0
2023.07.14,00:00,94.12377371689408,94.12377371689408,90.9395730834851,91.31046295166016,28181900.0
2023.07.17,00:00,91.11144754282067,91.97081605023304,90.65914687543301,91.70848083496094,18051300.0
2023.07.18,00:00,91.2923583984375,92.45024691834723,90.76768800611592,91.2923583984375,24617800.0
2023.07.19,00:00,91.40997561478595,92.63118614296576,91.1838252613615,91.92559814453125,15556500.0
2023.07.20,00:00,92.75780952096005,93.77096536748664,92.59498102601042,93.54481506347656,15740200.0
2023.07.21,00:00,94.22326535663908,94.42227182555081,93.40912288723825,93.97901916503906,17121500.0
2023.07.24,00:00,94.40419540333899,96.0324805588672,94.042353490826,95.45352935791016,15090900.0
2023.07.25,00:00,95.03741130547724,95.96914954940382,94.56702166153109,95.5982666015625,14116100.0
2023.07.26,00:00,95.08265582980175,95.6344632482513,94.65749205805595,95.06455993652344,15159600.0
2023.07.27,00:00,95.8877457100034,96.78329913844283,94.74794604554181,95.36307525634766,17677900.0
2023.07.28,00:00,95.08263500188693,95.12786782361331,92.55879676417798,94.2232666015625,17566400.0
2023.07.31,00:00,95.15501659542905,97.57030050244556,95.15501659542905,97.00944519042969,24197000.0
2023.08.01,00:00,96.74709101759882,97.08179593037836,95.4625590305408,96.44857788085938,14177400.0
2023.08.02,00:00,96.12293247204997,96.23148020698791,94.59415412378091,95.24546813964844,13484100.0
2023.08.03,00:00,95.78823152447852,97.58838618692728,95.25452006788947,96.90089416503906,16280400.0
2023.08.04,00:00,97.66076493519179,98.81865360657308,97.09086854581032,97.17227935791016,14279600.0
2023.08.07,00:00,97.60648403859817,98.07687368942142,96.34908875295639,96.97325897216797,12410800.0
2023.08.08,00:00,95.92392691038317,97.470794373412,94.83840116157592,97.45270538330078,14065600.0
2023.08.09,00:00,98.33919885555089,99.88606613019873,97.97735698334773,99.10810852050781,19919600.0
2023.08.10,00:00,99.67801449977769,100.98063561395394,98.99956355850844,99.61469268798828,15837200.0
2023.08.11,00:00,99.84085058354424,101.37867007324418,99.55137843601625,101.16156768798828,14047000.0
2023.08.14,00:00,101.02587095346021,101.29725409735087,100.21172842334825,101.24297332763672,12973400.0
2023.08.15,00:00,101.00585790196736,101.10618030393846,98.47045237899397,98.64373779296875,14909600.0
2023.08.16,00:00,98.7531708926021,99.71079124702548,96.92913742370843,96.98385620117188,13695100.0
2023.08.17,00:00,97.96883801247039,100.45864681165027,97.96883801247039,98.86261749267578,16709500.0
2023.08.18,00:00,98.1694955185165,100.50425648359274,98.15125824266157,100.35833740234375,16224000.0
2023.08.21,00:00,100.65017673874911,101.21562967166744,98.62549828651785,99.14534759521484,11092400.0
2023.08.22,00:00,99.56484670376928,100.06645859763528,98.45218538147321,98.5889892578125,10518800.0
2023.08.23,00:00,97.62227281665717,97.85939911765595,96.41841099655379,97.72259521484375,11435600.0
2023.08.24,00:00,97.05681421743871,98.28803535398288,96.73760976842877,96.99297332763672,10818500.0
2023.08.25,00:00,97.97795377869866,99.34597882059161,97.23922248267972,98.7258071899414,13579300.0
2023.08.28,00:00,98.90820999479311,100.35832019040565,98.89909483749722,99.55574798583984,10382100.0
2023.08.29,00:00,100.01174738298778,100.34006696960807,98.88084174743844,100.14854431152344,9665000.0
2023.08.30,00:00,100.72313750599672,101.3615464820286,100.30361061344206,101.12442016601562,11922100.0
2023.08.31,00:00,101.34329412166579,101.61689494575009,100.88728579005699,101.40713500976562,17479800.0
2023.09.01,00:00,102.328273217494,103.80574280906455,102.328273217494,103.53213500976562,14843500.0
2023.09.05,00:00,104.0610936956424,105.6388854907972,103.51388512186736,103.54124450683594,18304000.0
2023.09.06,00:00,103.49565204414351,104.50798411966552,103.26764788265565,104.43502807617188,13325500.0
2023.09.07,00:00,104.56273237079965,105.65714979840432,103.69631219565433,103.92431640625,13248500.0
2023.09.08,00:00,104.4532755661187,105.83954490013829,104.26175288670854,105.4382553100586,14283200.0
2023.09.11,00:00,105.95810013410473,106.41410848259748,103.57773599832166,104.11582946777344,14383600.0
2023.09.12,00:00,105.19200986247371,107.31701058532677,105.12816896753603,107.15284729003906,20145800.0
2023.09.13,00:00,107.07987821102274,107.58148319361662,105.7027311213142,106.19522094726562,13472800.0
2023.09.14,00:00,107.20757370228287,108.21991286990881,107.00692890031942,108.09222412109375,15210700.0
2023.09.15,00:00,107.52676670739176,108.08309743234295,106.24994197868189,106.43234252929688,34568400.0
2023.09.18,00:00,107.18933518644187,107.83686629031364,106.43235955980761,107.28965759277344,14045300.0
2023.09.19,00:00,108.18342222540137,108.38406005228008,106.35026673102549,107.00691986083984,12562900.0
2023.09.20,00:00,106.2864265928081,107.63620740640849,106.08578180637515,106.15874481201172,11879900.0
2023.09.21,00:00,106.68771060474081,107.04339654101047,104.51710652807132,104.66303253173828,14400600.0
2023.09.22,00:00,105.52945932198188,106.41411669967086,104.70864283968614,104.82720947265625,13197300.0
2023.09.25,00:00,104.96400240915176,106.38675324346022,104.72688306854658,106.00370788574219,11316000.0
2023.09.26,00:00,105.33793858367088,106.45972228990793,105.21937890664414,106.16787719726562,11805400.0
2023.09.27,00:00,107.51764106732111,109.89800505291892,107.07075486227161,109.62439727783203,23976200.0
2023.09.28,00:00,109.42376387600818,110.08041003806247,107.791253190575,108.95863342285156,16808100.0
2023.09.29,00:00,108.62118662668092,108.6941496319941,106.45971151982538,107.23492431640625,18813600.0
2023.10.02,00:00,107.18931494705926,107.42644122253597,104.47150924725743,105.45648193359375,14395000.0
2023.10.03,00:00,105.28320718086835,106.19522385580134,104.909277004241,105.6388931274414,13297100.0
2023.10.04,00:00,104.01551835447228,104.05199290314823,100.77785594580953,101.68987274169922,19622200.0
2023.10.05,00:00,100.13943404159593,101.1426509959086,99.13621012914821,99.40069580078125,20128800.0
2023.10.06,00:00,96.42752260562953,98.74403875279995,95.86206978274669,97.7408218383789,25367500.0
2023.10.09,00:00,100.72313215756054,102.2097169560314,99.88407145886968,101.16089630126953,22369900.0
2023.10.10,00:00,101.2520956636863,101.64426314118182,100.4312861621643,100.73224639892578,13892000.0
2023.10.11,00:00,97.54931551064895,97.74083820252923,95.6067222431753,97.12066650390625,57939000.0
2023.10.12,00:00,98.12387122015276,98.35187539005716,96.75584620072637,97.1024169921875,31183000.0
2023.10.13,00:00,98.52517073903148,100.50424546378002,98.35188532579522,100.20328521728516,30276500.0
2023.10.16,00:00,100.77784947658674,100.9420127676342,99.52838404149576,100.27623748779297,18452000.0
2023.10.17,00:00,100.07559448657558,101.96346875714056,100.02999086880726,101.58953857421875,19775400.0
2023.10.18,00:00,101.98172206682418,103.41358821741919,101.87227754185025,103.01229858398438,23380300.0
2023.10.19,00:00,102.80251764978857,103.94253845949943,101.53481506604088,103.07611846923828,20972500.0
2023.10.20,00:00,102.98493123492217,103.34973933184466,101.04233803415335,101.30682373046875,22445300.0
2023.10.23,00:00,100.89641631085235,101.19738352549638,99.1179863300213,99.82023620605469,18185000.0
2023.10.24,00:00,100.04822470404903,100.15766920805214,98.60724367108354,98.85348510742188,16786100.0
2023.10.25,00:00,98.97204015765301,99.865819503372,98.61635423388081,99.03588104248047,22047300.0
2023.10.26,00:00,97.99618408997557,98.8078783338569,97.12977107490867,98.13298797607422,18768300.0
2023.10.27,00:00,99.30949917626616,100.19415649988032,95.72527322110759,96.26336669921875,23092000.0
2023.10.30,00:00,96.4366492662463,97.05682093501882,95.95328150169952,96.5643310546875,19379900.0
2023.10.31,00:00,96.29072297389632,96.81969431950974,95.34222478945902,96.5369644165039,22185200.0
2023.11.01,00:00,97.15713803272905,97.74082816464914,96.18128044109996,96.34544372558594,28984900.0
2023.11.02,00:00,96.56432255832104,99.5831024689174,96.21775872849298,99.51013946533203,25212700.0
2023.11.03,00:00,98.86262548431822,99.20918937381006,97.1662736286599,98.29717254638672,30555600.0
2023.11.06,00:00,98.65284823708159,98.74404851866058,96.46400668850818,96.55521392822266,19097300.0
2023.11.07,00:00,95.2783860566354,95.63407201408336,94.20220606898545,95.041259765625,20272500.0
2023.11.08,00:00,94.6035023052742,95.67056025274303,93.83740460274107,93.87388610839844,19184100.0
2023.11.09,00:00,94.54877618417349,94.82238399642593,93.81004483248192,93.9012451171875,18380500.0
2023.11.10,00:00,94.78590554955684,95.22367667166,93.85565148252455,94.62174224853516,17825500.0
2023.11.13,00:00,94.8953423830151,95.88943726669244,94.67645336062576,95.61582946777344,15308400.0
2023.11.14,00:00,95.99319143251661,96.47177375122823,95.59743783325452,95.9839859008789,18260500.0
2023.11.15,00:00,95.68026228685028,96.77548878471919,95.25689913331377,95.40415954589844,20137600.0
2023.11.16,00:00,94.70467984800663,95.04520723963894,93.09405606495129,94.29972076416016,22469100.0
2023.11.17,00:00,94.8519452090695,97.03319279289886,94.56663692128342,96.60062408447266,22984900.0
2023.11.20,00:00,96.98716491087323,97.4473431583524,96.11282904936796,96.17725372314453,17458800.0
2023.11.21,00:00,95.91033754068582,96.36131020090296,94.99918669035594,96.14042663574219,14989000.0
2023.11.22,00:00,94.4101701546621,95.82751998774873,93.82114256451736,95.72628021240234,18072000.0
2023.11.24,00:00,95.73547746050254,97.06999856259698,95.63424470825242,96.2416763305664,9480800.0
2023.11.27,00:00,95.80910141157374,96.08521114482019,94.96237519486917,95.68025207519531,18013500.0
2023.11.28,00:00,95.9379559747219,96.55460014299925,95.60662708548,95.62503814697266,20629500.0
2023.11.29,00:00,95.9655581413501,96.25087339837316,93.54502335224444,94.18927001953125,26802100.0
2023.11.30,00:00,94.89794557752364,96.15883632833939,93.70147949153719,94.55741119384766,29254700.0
2023.12.01,00:00,94.33654101512656,95.91955531466732,94.07884231925021,94.78751373291016,17845300.0
2023.12.04,00:00,93.99600024594913,95.12804175138429,93.49900692808215,94.27210998535156,21523900.0
2023.12.05,00:00,94.12485991858716,94.18928459528553,92.30255790811134,92.44061279296875,22250300.0
2023.12.06,00:00,92.03565423655019,92.69831207053545,90.50785900577712,91.21653747558594,31154800.0
2023.12.07,00:00,91.90679749503752,92.8087429018714,90.27776261380245,90.58148193359375,29990700.0
2023.12.08,00:00,91.13369564537811,91.84237406782894,90.88520248512096,91.62149047851562,22074900.0
2023.12.11,00:00,91.85157752963131,91.90679667027507,90.72874152479129,91.6859130859375,22252300.0
2023.12.12,00:00,90.82078124450076,90.82078124450076,89.7163562344346,90.24095916748047,26084000.0
2023.12.13,00:00,90.231737800951,91.14288862544069,89.88200491421802,91.0416488647461,19915400.0
2023.12.14,00:00,91.8975949270789,94.00521215025105,91.77795111016553,93.48981475830078,26165700.0
2023.12.15,00:00,92.57865261910119,92.95600213683534,92.3209539346791,92.86396789550781,55527000.0
2023.12.18,00:00,93.99599687742564,94.89794924162307,93.43457891005255,93.55422973632812,21610400.0
2023.12.19,00:00,93.87636276627228,94.97158924550956,93.68308874436502,94.78751373291016,18904700.0
2023.12.20,00:00,95.25688854792962,95.6618476157736,93.07564132580931,93.2044906616211,20988900.0
2023.12.21,00:00,93.3885739992717,93.88556734560775,92.78113534649562,93.62786865234375,19250900.0
2023.12.22,00:00,94.16167030401607,94.74149938700805,93.71069758972669,93.79353332519531,12927800.0
2023.12.26,00:00,94.55742336346655,94.8243275868993,93.98680683632864,94.00521087646484,16835100.0
2023.12.27,00:00,93.91317899039335,94.38256277592414,93.26892522124537,93.56344604492188,14558800.0
2023.12.28,00:00,93.31495829100632,93.51743787338592,92.15530696940932,92.21053314208984,16329300.0
2023.12.29,00:00,92.376188550293,92.57866109103695,91.68592114452589,92.01725006103516,17746400.0
2024.01.02,00:00,92.8823793566707,94.88875687368201,92.81795468041744,94.20769500732422,23483000.0
2024.01.03,00:00,94.12486358598015,95.36735057634482,93.5634525367418,94.99920654296875,23490800.0
2024.01.04,00:00,95.79068941265714,96.24166205250589,93.92236716866503,94.17086029052734,19395200.0
2024.01.05,00:00,94.95317773624089,95.1648628192927,93.9960061405197,94.45618438720703,15827400.0
2024.01.08,00:00,92.70751466180705,92.99282293392751,91.02326055747163,92.88237762451172,23370100.0
2024.01.09,00:00,93.22290594570975,93.22290594570975,91.29015879920327,91.73192596435547,19496600.0
2024.01.10,00:00,91.85159057928645,91.85159057928645,90.3422063319719,90.82999420166016,18206100.0
2024.01.11,00:00,91.15211894412565,91.57548213954608,90.71034468442923,90.81158447265625,15833400.0
2024.01.12,00:00,92.1645016391428,92.63388543190361,91.2717546884702,91.98963165283203,18041700.0
2024.01.16,00:00,91.8699866627046,92.04485664678835,89.7623694095462,89.90962982177734,20235700.0
2024.01.17,00:00,88.90644743201517,90.15813298772584,88.88804338932694,89.25618743896484,18384000.0
2024.01.18,00:00,89.27457598931885,89.35740469968768,88.18855509332055,89.09050750732422,20940300.0
2024.01.19,00:00,89.01687572361749,89.29297844170193,88.73156747506819,89.22855377197266,20088400.0
2024.01.22,00:00,88.99847192702204,89.36661593627939,88.14254008974794,89.10891723632812,19955900.0
2024.01.23,00:00,89.09970103419774,90.65510560060343,89.02607785857401,90.11209869384766,15863400.0
2024.01.24,00:00,90.4894481943268,91.713523989314,89.95563975446977,91.6675033569336,17330600.0
2024.01.25,00:00,92.3209462370292,94.04201519557895,91.68590510958471,93.9959945678711,22089500.0
2024.01.26,00:00,93.84875631147038,94.87035261959434,93.1308793428996,94.79672241210938,20817200.0
2024.01.29,00:00,94.77831109651912,94.98078361891764,93.74750933613677,94.9163589477539,18317500.0
2024.01.30,00:00,94.25370192778801,96.52697632866456,93.9683866700997,96.4993667602539,19610900.0
2024.01.31,00:00,96.39812960471441,96.52697894196058,94.58502633119912,94.62184143066406,22415300.0
2024.02.01,00:00,95.32131135206734,95.72627041199337,93.52661919423524,94.23529052734375,19240700.0
2024.02.02,00:00,95.48698059214337,95.71706970200395,93.51741837347774,93.84874725341797,21973400.0
2024.02.05,00:00,93.37016271346478,94.22609452647544,92.49582686030628,93.46220397949219,17190900.0
2024.02.06,00:00,93.94078848958596,94.83353542581754,93.48061023559137,94.10645294189453,13347900.0
2024.02.07,00:00,94.10645173448931,94.54822594223175,93.12167056444635,94.07884216308594,13826800.0
2024.02.08,00:00,94.18926774463907,96.1036106837155,93.97758971125536,95.689453125,19636900.0
2024.02.09,00:00,95.80910506584958,96.49016687293523,93.60024818091605,93.6646728515625,20410500.0
2024.02.12,00:00,94.02362339656817,95.16486349030613,93.87636298614375,94.95317840576172,18173100.0
2024.02.13,00:00,95.45479212406188,95.76132703323654,93.44834315298729,94.13573455810547,18917400.0
2024.02.14,00:00,94.62805544185711,95.32473787699894,93.28113181503745,93.67127227783203,17651300.0
2024.02.15,00:00,93.4483421993936,96.55090520552014,93.4483421993936,96.3558349609375,23196300.0
2024.02.16,00:00,96.61592862038103,97.19184827000005,96.16075762933417,96.3558349609375,20151400.0
2024.02.20,00:00,96.4580040305599,96.718104764869,95.35260602958283,95.44549560546875,17650000.0
2024.02.21,00:00,95.69629526096867,97.51696491070253,95.66842909775174,97.39620208740234,20991300.0
2024.02.22,00:00,96.75527743911458,97.9164150403692,96.09574504502305,97.3126220703125,20470700.0
2024.02.23,00:00,96.4951574293818,96.69022765706752,95.56624753353363,96.45800018310547,15975900.0
2024.02.26,00:00,96.34653843240477,97.47980967338691,95.72417048433107,96.83885955810547,13360800.0
2024.02.27,00:00,97.23828378923272,97.67487255448664,96.46728690961494,96.63449096679688,16360000.0
2024.02.28,00:00,97.04322279643065,97.93497549050822,96.60663398966945,96.90388488769531,14810500.0
2024.02.29,00:00,97.23828963185443,97.60056392967947,96.81099192383056,97.08966064453125,17566100.0
2024.03.01,00:00,98.2043693776488,98.82673739605333,97.88853628260908,98.31583404541016,18460100.0
2024.03.04,00:00,98.14862577262234,98.32511383865072,96.63449806387911,96.9410400390625,18138000.0
2024.03.05,00:00,97.09895245532269,98.71525372595835,96.90388222326496,98.13004302978516,19952700.0
2024.03.06,00:00,99.0403871865825,99.92284885565232,98.60379835074048,99.17971801757812,20472800.0
2024.03.07,00:00,99.02180351524763,100.30370383712348,99.02180351524763,99.73706817626953,15195400.0
2024.03.08,00:00,99.60702162925065,100.69384461975636,99.17971679605719,100.67526245117188,16281500.0
2024.03.11,00:00,100.55449500957664,101.36264916051891,99.70918361280737,101.2697525024414,17577300.0
2024.03.12,00:00,101.30693649464013,101.51129785713273,100.35016019480825,100.61954498291016,14957200.0
2024.03.13,00:00,101.38122546344898,102.5052055869556,101.35335930049743,101.74349975585938,17122200.0
2024.03.14,00:00,102.02218151066133,103.6199077586046,101.89213468462134,103.54559326171875,22121000.0
2024.03.15,00:00,102.96966938658815,104.3165931035348,102.96966938658815,103.35980987548828,38264400.0
2024.03.18,00:00,103.84284330052836,104.83677665531206,103.20189317249253,104.31658935546875,16770500.0
2024.03.19,00:00,104.24228311970053,105.42199572162103,104.09365411538434,105.05043029785156,14878800.0
2024.03.20,00:00,104.70673221818662,105.33839127683865,104.15867165447852,104.95753479003906,16119700.0
2024.03.21,00:00,104.89250345579676,105.81212935286419,104.56738641052951,105.42198181152344,14878000.0
2024.03.22,00:00,105.41269781524441,105.60776804240476,104.79961388386613,105.42198181152344,14701900.0
2024.03.25,00:00,105.73781352867542,107.54918496307758,105.73781352867542,106.49951934814453,14011700.0
2024.03.26,00:00,106.50882257546613,106.80607348800469,105.34768509101539,105.70066833496094,13152300.0
2024.03.27,00:00,105.41270200612404,106.88037430982625,105.34767859448546,106.7967758178711,12415700.0
2024.03.28,00:00,107.31697618444545,108.17157172352314,106.88038733010629,107.97650146484375,18482100.0
2024.04.01,00:00,108.13441720907666,108.90540712798384,107.17763394972081,108.67317962646484,13817000.0
2024.04.02,00:00,109.53705880236348,111.09762779043602,108.98900533763975,110.80037689208984,19919600.0
2024.04.03,00:00,110.98618145682103,111.2369840646062,110.28949888439134,110.81897735595703,16504300.0
2024.04.04,00:00,110.586723272179,111.35771308102932,110.2058668222841,111.20909118652344,18467400.0
2024.04.05,00:00,111.45062927614278,113.46636235407536,111.13479617854247,112.74181365966797,21720600.0
2024.04.08,00:00,112.47243136457787,113.08550831674037,111.66427706393229,111.98011016845703,17513900.0
2024.04.09,00:00,112.39809592524982,113.00188876704566,111.7850120002516,112.56529998779297,14132300.0
2024.04.10,00:00,112.60246670081666,113.76360415304086,112.14730280391055,113.5127944946289,17409200.0
2024.04.11,00:00,113.96796311468866,113.96796311468866,111.78501908016825,113.13194274902344,17555900.0
2024.04.12,00:00,114.20948688122807,114.9526177499758,111.1626630760006,111.81290435791016,21556200.0
2024.04.15,00:00,112.48170301545744,113.03905465790676,110.9582912566758,111.17194366455078,15029500.0
2024.04.16,00:00,111.0604741061643,111.673558090126,109.53706231737674,110.25232696533203,18082200.0
2024.04.17,00:00,110.12227919781411,110.86540291768445,108.79393766423546,110.19658660888672,14538600.0
2024.04.18,00:00,110.54028603020615,111.20910234011053,109.58350989848985,110.09440612792969,13821400.0
2024.04.19,00:00,110.68891781107325,112.33308537509753,110.49384047659336,111.35772705078125,21572400.0
2024.04.22,00:00,110.78180876247804,112.92758859808129,110.01081176035343,111.98938751220703,16340700.0
2024.04.23,00:00,111.46919585436991,112.45383814990358,110.95829253856247,112.42597198486328,13929800.0
2024.04.24,00:00,111.74787469703476,112.63962743751277,110.90256320387137,112.4445571899414,12101200.0
2024.04.25,00:00,112.42597504687214,113.10408245841073,110.91185431327277,112.70465087890625,16041000.0
2024.04.26,00:00,110.5402936618397,110.63318324751265,107.95792491021757,109.57422637939453,27289500.0
2024.04.29,00:00,109.38844031667858,111.51564500357654,109.38844031667858,111.1347885131836,17309900.0
2024.04.30,00:00,110.64247070269032,111.65497920124726,109.59280495367888,109.8621826171875,21083300.0
2024.05.01,00:00,109.87148074003423,110.04797591924435,107.43774091903386,107.78143310546875,27777700.0
2024.05.02,00:00,107.99508363444437,108.92399367788218,107.66067545184507,107.97650146484375,25513600.0
2024.05.03,00:00,107.7535629272461,107.81858634553168,106.01649862872928,107.7535629272461,28023300.0
2024.05.06,00:00,108.37592658894914,109.92720456787922,108.12512401050172,108.45024108886719,31401300.0
2024.05.07,00:00,108.94255912988814,109.22123495309287,107.68853209950792,107.91146850585938,30122000.0
2024.05.08,00:00,107.48417588929097,108.63602231178078,107.20550713984488,107.89289855957031,18957200.0
2024.05.09,00:00,107.93933245195244,110.10369431822592,107.93004845518489,110.02009582519531,17564000.0
2024.05.10,00:00,110.11299589812722,110.22446765314743,109.22124311902886,109.57422637939453,13648100.0
2024.05.13,00:00,110.00151761039251,110.57744434659575,108.79393889431697,109.52777862548828,15060600.0
2024.05.14,00:00,109.36857207538583,110.25820140059126,109.07827333350316,110.1926498413086,15079100.0
2024.05.15,00:00,110.13647543940995,111.28831111268315,108.70370040239048,111.04483795166016,18244300.0
2024.05.16,00:00,111.00738227405631,111.71909011119185,110.07092722583035,110.37995910644531,15745200.0
2024.05.17,00:00,110.7826217718706,112.21539668062618,110.46422337848925,112.03746795654297,15104500.0
2024.05.20,00:00,112.12175939400538,112.2715884776192,111.01674221708814,111.12911224365234,11551300.0
2024.05.21,00:00,110.87626676094118,111.85954016505741,110.29566212380762,110.36121368408203,14495000.0
2024.05.22,00:00,109.99600741024943,109.99600741024943,107.65486982580367,108.14183044433594,17879300.0
2024.05.23,00:00,108.2541999100683,110.04283244463738,106.156542645852,106.29701232910156,15979800.0
2024.05.24,00:00,107.5424871435009,107.76724148420136,105.85687245575474,106.21272277832031,12212900.0
2024.05.28,00:00,106.3063648886487,107.79533200386169,105.88496301062519,107.56121826171875,13978300.0
2024.05.29,00:00,107.25218128272401,107.27091438216762,105.64147767060885,106.40937042236328,13902000.0
2024.05.30,00:00,106.07225697972065,106.87760886854771,105.78195820976607,106.74650573730469,14683700.0
2024.05.31,00:00,106.86825510305313,110.02410411472364,106.74651137148399,109.80872344970703,29037400.0
2024.06.03,00:00,108.9097164005594,108.9659014127667,106.53111990779634,107.1772689819336,19589300.0
2024.06.04,00:00,105.81940016855498,105.90367767734216,103.87157232685848,105.51036834716797,19412200.0
2024.06.05,00:00,105.71639780327514,105.99733714363565,104.39600005058288,105.9317855834961,14863500.0
2024.06.06,00:00,105.58529180341827,106.79331950268774,104.98596122860639,106.72776794433594,13154100.0
2024.06.07,00:00,106.55922604513823,107.59869177145016,105.51039376739875,105.58531188964844,13289200.0
2024.06.10,00:00,105.87559978481528,106.96189101186721,105.53847541397742,105.89433288574219,15239700.0
2024.06.11,00:00,105.34181770978573,105.51037989038507,104.23680055798654,105.04215240478516,12462400.0
2024.06.12,00:00,106.10035179620077,106.10035179620077,103.51573405811875,103.88095092773438,13606800.0
2024.06.13,00:00,103.79667563191184,103.81540873411755,102.74785053511512,103.04751586914062,14466900.0
2024.06.14,00:00,103.02876786308968,103.2066965853798,101.6896370325,102.17659759521484,13313400.0
2024.06.17,00:00,102.2328000149669,102.50437284723336,101.30571148039198,101.47427368164062,21147900.0
2024.06.18,00:00,102.10169314957274,103.68430447330371,101.88631248863702,102.42945098876953,17762900.0
2024.06.20,00:00,102.92576585166152,105.46355788089433,102.62609341215718,104.63947296142578,17433200.0
2024.06.21,00:00,104.78929867531562,105.5384582652154,103.72174072265625,103.72174072265625,52212500.0
2024.06.24,00:00,104.54584370369825,107.25219829117404,104.54584370369825,106.80270385742188,16266700.0
2024.06.25,00:00,106.85887566783474,107.27091813500049,106.25017851713561,107.10235595703125,14188900.0
2024.06.26,00:00,107.12108318385839,107.5237591057536,105.95051447423096,107.13981628417969,15771800.0
2024.06.27,00:00,107.68294083689307,107.68294083689307,106.85886314372969,107.59866333007812,16812700.0
2024.06.28,00:00,108.49766978364025,109.13445942782349,107.39265267004532,107.80469512939453,24565900.0
2024.07.01,00:00,108.3572026708865,109.32175013750224,107.25218553121566,107.65486145019531,11972900.0
2024.07.02,00:00,108.53511908149007,108.57257813302563,106.27825945241179,106.9244155883789,13326700.0
2024.07.03,00:00,107.00871458760442,108.31039366999862,107.00871458760442,107.46758270263672,7732900.0
2024.07.05,00:00,107.32710333177623,107.34582928732328,105.52911152671727,106.16590118408203,12631000.0
2024.07.08,00:00,105.24816834858694,106.33445948994903,104.3398059290717,105.051513671875,13350500.0
2024.07.09,00:00,104.04951545927011,105.38864639296472,103.59065451046955,103.89031982421875,11727000.0
2024.07.10,00:00,103.87159697205111,104.84551112397601,103.40336942658251,104.80805206298828,10004100.0
2024.07.11,00:00,104.34917252578168,106.11907176157021,103.88094506351838,106.05352020263672,13082700.0
2024.07.12,00:00,106.74649140386535,106.89632761635794,105.47291217601375,106.0722427368164,11684900.0
2024.07.15,00:00,107.00871465321529,108.77862125805298,106.36256553166247,107.88898468017578,13032500.0
2024.07.16,00:00,107.08361815464212,108.95652798557451,106.48428758031048,108.66622924804688,13614100.0
2024.07.17,00:00,109.32174753694709,110.67024493486299,109.14382595692176,110.16455841064453,13602800.0
2024.07.18,00:00,110.45486204344581,112.29967949735102,109.97727514770222,111.2508544921875,13033600.0
2024.07.19,00:00,111.05419169379476,111.32576449300953,108.50704017154985,108.69432830810547,16157700.0
2024.07.22,00:00,107.86089001869104,108.57259783786736,107.29901843285072,107.9451675415039,12065900.0
2024.07.23,00:00,107.51439275274979,107.85151711330745,105.97860717446908,106.20336151123047,11251700.0
2024.07.24,00:00,106.54048133917904,107.87961226406235,105.88496570234857,107.70169067382812,14925200.0
2024.07.25,00:00,107.85151298681103,110.52977466844393,107.28027490575465,109.96790313720703,17021700.0
2024.07.26,00:00,109.34984032342219,110.52977554963557,109.06890812785609,109.87425994873047,11252500.0
2024.07.29,00:00,109.86488822681261,109.9304397838172,108.04816344042273,108.722412109375,8861800.0
2024.07.30,00:00,108.96590736163118,111.06356461870797,108.84417078034116,110.660888671875,12483900.0
2024.07.31,00:00,112.03746446986324,112.14984163072131,111.02609145589241,111.05418395996094,15137700.0
2024.08.01,00:00,110.82944816195311,111.89700629366975,108.96590470670525,109.5184097290039,15051500.0
2024.08.02,00:00,108.60068763526019,111.3164085677312,108.08563452675227,109.4528579711914,20403800.0
2024.08.05,00:00,108.19801836606997,108.65687934446163,106.05353542377111,107.47694396972656,18025900.0
2024.08.06,00:00,107.17727398104658,108.28229118836671,106.40938115186377,106.90570831298828,13647800.0
2024.08.07,00:00,108.11372902342585,109.67761433413926,107.93580742823603,108.32911682128906,13660700.0
2024.08.08,00:00,108.7036928299017,110.60469524434798,108.37593502475309,110.39867401123047,13851000.0
2024.08.09,00:00,110.39868013759397,111.72844453203783,109.90236012731455,111.29767608642578,12151900.0
2024.08.12,00:00,111.95320162253881,112.53379916823215,110.52041942610634,111.43814849853516,13228900.0
2024.08.13,00:00,110.76389195057497,110.97927973581834,110.0334582221064,110.3705825805664,11585100.0
2024.08.14,00:00,110.59532637978117,112.28094812038924,110.15519141725662,111.39131164550781,12194500.0
2024.08.15,00:00,111.62731631283768,112.93002574132085,111.5045996572175,112.08043670654297,11579400.0
2024.08.16,00:00,111.38187671070611,111.84443906696772,111.0703640897211,111.55179595947266,10056000.0
2024.08.19,00:00,111.7689230470879,113.75130957435277,111.55180119598671,111.89163970947266,12417500.0
2024.08.20,00:00,112.00492895851072,112.00492895851072,108.09679299928182,108.16287231445312,15632000.0
2024.08.21,00:00,108.56877636724127,109.09741082142683,107.38878360193117,107.47373962402344,11752400.0
2024.08.22,00:00,107.40766736580849,108.56878349199701,107.27550874358928,108.3044662475586,10609500.0
2024.08.23,00:00,108.58765128518996,110.18300378215591,108.58765128518996,109.80540466308594,10381400.0
2024.08.26,00:00,111.16476283079547,112.2786763131796,110.37180393043678,112.15595245361328,13671000.0
2024.08.27,00:00,112.29756019959153,112.72236195258554,110.82493140759733,111.08924865722656,9991600.0
2024.08.28,00:00,110.44733736938704,110.99485581305679,109.74878357697355,109.99421691894531,10742900.0
2024.08.29,00:00,110.63611557660364,112.13707007551464,109.83372195995254,111.51403045654297,10753900.0
2024.08.30,00:00,110.2490763206059,111.41018507800332,109.77707925126624,111.33467102050781,13284700.0
2024.09.03,00:00,109.35228686249287,109.58828541722247,107.65310158970242,109.00301361083984,15725100.0
2024.09.04,00:00,108.8330901958624,109.64492576921333,107.59646012110635,107.6719741821289,12620600.0
2024.09.05,00:00,108.62541573336145,108.82365365736392,106.73742727378996,106.83182525634766,17200800.0
2024.09.06,00:00,107.22829642005546,107.78525673639237,105.47247385529361,106.33150482177734,13467700.0
2024.09.09,00:00,106.54863190482318,109.64493184350778,106.35039397971155,108.56877899169922,21645300.0
2024.09.10,00:00,108.6537435892336,108.93694476294178,103.99985135504863,104.61344909667969,20913400.0
2024.09.11,00:00,104.57568195521604,104.73615924935297,101.734257243612,103.5750503540039,19571900.0
2024.09.12,00:00,103.74496660605926,105.09487863378732,103.6128079909338,105.00048065185547,15919500.0
2024.09.13,00:00,105.22703513276026,106.17102933730341,104.71727739805446,104.92495727539062,10035400.0
2024.09.16,00:00,105.77454301029945,106.75629054781326,105.43470455419718,106.39757537841797,11729000.0
2024.09.17,00:00,106.02941818139838,107.96460898836548,105.84062224017873,107.78524780273438,12202600.0
2024.09.18,00:00,107.71919382597216,109.15406204202266,107.4359926454636,108.16287231445312,12569900.0
2024.09.19,00:00,109.65436894394425,110.9948389698422,108.73869342416332,109.50332641601562,12660600.0
2024.09.20,00:00,108.99357783020425,109.0407804246675,107.85134562481977,108.81421661376953,36206200.0
2024.09.23,00:00,108.87085565706464,111.19308058544418,108.67261773414126,110.78716278076172,16066300.0
2024.09.24,00:00,111.24027116207763,111.5423562149138,110.28684222195373,110.49452209472656,11984900.0
2024.09.25,00:00,109.96589549159589,110.49453720424394,107.6531123058652,108.34222412109375,13816000.0
2024.09.26,00:00,104.91550266828577,107.12445258570291,104.91550266828577,106.48253631591797,16887900.0
2024.09.27,00:00,107.38878634812366,109.58828744530904,106.90734727097637,109.33341217041016,15964000.0
2024.09.30,00:00,108.99356700819956,110.81547606117054,108.52156991885064,110.65499877929688,13247600.0
2024.10.01,00:00,109.54109678577407,113.84570838494524,109.43725683911822,113.2132339477539,23235900.0
2024.10.02,00:00,115.10122109860191,115.94137541886066,113.46810785010399,114.71417999267578,17129700.0
2024.10.03,00:00,115.07290446171842,116.27177403140631,114.15722885547962,115.7148208618164,16524300.0
2024.10.04,00:00,116.30009088681749,118.17864466484619,115.57321846969568,117.83880615234375,19752300.0
2024.10.07,00:00,118.2352669986795,119.26421716265621,117.86710985724713,118.34854888916016,15714400.0
2024.10.08,00:00,116.94199339662173,117.07415200223024,114.46873331843047,115.20504760742188,14818500.0
2024.10.09,00:00,114.12890244888325,115.71481302393366,114.03450446746089,115.25225067138672,11144900.0
2024.10.10,00:00,116.26233026746091,116.77208080260075,115.44105271266139,116.24344635009766,10243300.0
2024.10.11,00:00,116.20568709067534,117.08360200373043,116.05465176050579,116.68712615966797,8294800.0
2024.10.14,00:00,116.337839491965,117.30071757852464,115.75256771592284,117.13079833984375,9808100.0
2024.10.15,00:00,114.0533738410095,115.12008464641364,113.07161905278538,113.60969543457031,15771300.0
2024.10.16,00:00,114.11946602698956,114.63866575315971,113.84570682610935,113.90235137939453,8426800.0
2024.10.17,00:00,113.99673649622284,114.77081141742404,113.00553974983298,113.60969543457031,11204900.0
2024.10.18,00:00,113.69465984556452,113.88345579823489,112.47690650516002,113.28874206542969,12898600.0
2024.10.21,00:00,114.20443180746679,114.67642895012897,113.01499699136875,113.3548355102539,10177800.0
2024.10.22,00:00,113.52474905632721,114.40266398558016,113.2226711883103,113.94010162353516,9201400.0
2024.10.23,00:00,113.25098574770884,113.98730007411177,112.71290933979098,113.5341796875,8320300.0
2024.10.24,00:00,113.27931406260966,113.69467385217943,112.45803644289799,112.89227294921875,9905600.0
2024.10.25,00:00,113.46810185020662,113.68522368875101,112.63738953311956,112.79786682128906,10714600.0
2024.10.28,00:00,110.24908502507142,112.34475333073475,110.23020110762883,112.24091339111328,11844500.0
2024.10.29,00:00,111.93882703982817,112.49578012636434,110.5133938694181,110.71163177490234,14731000.0
2024.10.30,00:00,111.07036150437673,111.64619134290537,109.95644805552517,110.1546859741211,12303700.0
2024.10.31,00:00,110.58892737544967,112.02379546065293,110.14524892742823,110.2396469116211,20512000.0
2024.11.01,00:00,113.21323299637132,113.23210971282977,108.40829842091597,108.51213836669922,20939300.0
2024.11.04,00:00,109.56941672994887,112.05211911485483,109.43725810578535,111.9671630859375,14965400.0
2024.11.05,00:00,112.41082064358005,112.53353728544623,111.40074723130199,112.29753875732422,10436700.0
2024.11.06,00:00,114.3649053270741,115.08234297679468,112.61851739737278,114.22330474853516,20807700.0
2024.11.07,00:00,114.50649925195154,114.6952952109633,112.91114675051665,114.36489868164062,12184400.0
2024.11.08,00:00,114.20443177320239,114.6197843611892,112.95835960503229,114.3271484375,12836000.0
2024.11.11,00:00,114.22330009593264,114.80857910240489,113.34538518727643,113.72298431396484,11969700.0
2024.11.12,00:00,114.34600972521244,114.51592896167631,113.12825639757204,113.60969543457031,11972800.0
2024.11.13,00:00,113.81738827891618,115.21450296048353,112.14652159826448,114.66698455810547,15127900.0
2024.11.14,00:00,115.7900657761089,115.9994449610602,114.52423481388175,114.74313354492188,13041800.0
2024.11.15,00:00,114.59084119084585,115.39030868034939,113.38211315053942,113.55342864990234,19051700.0
2024.11.18,00:00,114.0102729479599,114.80022815776562,113.51535827574796,114.50518035888672,14239700.0
2024.11.19,00:00,113.97219862845826,113.97219862845826,112.49698146194754,112.90623474121094,11584400.0
2024.11.20,00:00,113.42019408898642,114.6574736116194,112.91576709109759,114.51470947265625,11360900.0
2024.11.21,00:00,115.2380253434609,116.63710062727756,114.4671020120261,116.04701232910156,14675400.0
2024.11.22,00:00,115.94233158676738,117.26526518177437,115.77101607929167,115.91378021240234,13323400.0
2024.11.25,00:00,115.57114303408773,115.999428149294,113.83895622255923,114.18158721923828,26580300.0
2024.11.26,00:00,113.76281326470219,113.90557738879032,112.16387104974203,112.27808380126953,14827300.0
2024.11.27,00:00,112.39228586523018,113.0014132601893,111.76413390419059,111.98303985595703,11079100.0
2024.11.29,00:00,111.77366252049187,112.78251646228155,111.30729920741689,112.26856994628906,9426500.0
2024.12.02,00:00,112.35423399457247,112.49699086799647,111.18357680349695,112.16387939453125,12687300.0
2024.12.03,00:00,112.99189530183139,112.99189530183139,111.6023395235525,111.9925537109375,11756600.0
2024.12.04,00:00,111.83076863814104,111.87835910377788,108.36639476931765,108.76612854003906,19520600.0
2024.12.05,00:00,109.17536684977931,110.04146382858124,108.55672718796144,109.24198913574219,15751200.0
2024.12.06,00:00,109.0135852794165,109.23248399303247,108.02376314226527,108.09038543701172,16171100.0
2024.12.09,00:00,109.10875033720933,109.39427858432131,107.30994125974479,107.45270538330078,17412600.0
2024.12.10,00:00,108.10940443915915,108.38541313072747,106.35818589287211,107.23379516601562,20990900.0
2024.12.11,00:00,106.59613084984449,106.96731322457951,105.74907289095835,106.51998901367188,32392200.0
2024.12.12,00:00,106.20589874575495,106.95778296474441,105.43498270027153,106.4248046875,14543300.0
2024.12.13,00:00,106.50094942039023,106.50094942039023,104.93055865493027,105.4920883178711,13106100.0
2024.12.16,00:00,104.8829678960134,105.07332247202287,102.94140204970905,103.23644256591797,20256100.0
2024.12.17,00:00,102.06579255862307,102.95092142955151,101.63750744032565,102.79864501953125,17554000.0
2024.12.18,00:00,102.37986987792723,103.5790783479389,101.18066140791557,101.28535461425781,17114500.0
2024.12.19,00:00,102.20856305815992,102.47505223827561,100.13374510560628,100.41927337646484,20565600.0
2024.12.20,00:00,100.3621608340923,101.01887148373147,99.78159202293294,100.76190185546875,40141200.0
2024.12.23,00:00,100.22890378201453,101.45666354498633,99.85772144219565,101.171142578125,12285100.0
2024.12.24,00:00,101.38052476056282,102.0182035210675,100.60008914298254,101.26631927490234,7807000.0
2024.12.26,00:00,101.38052585902916,101.86592096219958,100.82851572935816,101.35197448730469,9652400.0
2024.12.27,00:00,101.17115275984722,102.77960730717339,100.6667185378528,101.34246826171875,11943900.0
2024.12.30,00:00,101.17114249840868,101.41859255056997,100.41925827541601,100.65719604492188,11080800.0
2024.12.31,00:00,101.04740700510153,102.69393951280759,100.67622467735167,102.3798599243164,12387800.0
