date,open,high,low,close
2017-01-03,28.749896819041787,28.96111565821314,28.67678308224538,28.782392501831055
2017-01-04,28.94486788437273,29.05859967544172,28.928620042940175,29.001733779907227
2017-01-05,29.212944522796285,29.367297440519057,29.196696684143447,29.318553924560547
2017-01-06,29.221076269848442,29.245446483584544,29.11546684539364,29.19670295715332
2017-01-09,29.180451319510492,29.245442679632035,29.13983326891384,29.17232894897461
2017-01-10,29.351051494720235,29.505401323438697,29.32667818568996,29.342926025390625
2017-01-11,29.39979624566876,29.716624518064975,29.28606444996915,29.692251205444336
2017-01-12,29.81409938688891,29.82222175598145,29.66787195155871,29.822221755981445
2017-01-13,29.708499515796685,29.82223131328891,29.676003831096317,29.797861099243164
2017-01-17,29.732866966371436,29.830354011411767,29.692248913750685,29.7816104888916
2017-01-18,29.797854213852236,29.80597658367096,29.562265202650725,29.619131088256836
2017-01-19,29.627266498490744,29.63538887103494,29.407925252284873,29.5297794342041
2017-01-20,29.562271098370744,29.627262465715404,29.424169091201772,29.586641311645508
2017-01-23,29.7897310238774,30.03344552249922,29.77348628299729,30.025320053100586
2017-01-24,30.155299942055738,30.325900712405726,30.139052102071993,30.21216583251953
2017-01-25,30.42338624440889,30.561488243055138,30.350272510137707,30.54524040222168
2017-01-26,30.537109909910388,30.545232278687582,30.39088248025735,30.415252685546875
2017-01-27,30.415262918021472,30.480254285935562,30.317778965109326,30.43963623046875
2017-01-30,30.220287132518674,30.28527538452865,30.147173412158587,30.27715301513672
2017-01-31,30.309654217743287,30.39089032230913,30.220292643345616,30.33402442932129
2017-02-01,30.455880636441726,30.512746527471503,30.26903202424831,30.350271224975586
2017-02-02,30.44775563146912,30.512746993042597,30.399012110289014,30.48025131225586
2017-02-03,30.610231199289057,30.72396298406055,30.54523983715751,30.667097091674805
2017-02-06,30.634600747506862,30.66709642786925,30.569612485740738,30.593982696533203
2017-02-07,30.52899781187113,30.561490396869186,30.407140546511705,30.43963623046875
2017-02-08,30.455880522738013,30.65897387536002,30.4477550532163,30.62647819519043
2017-02-09,30.626481580100307,30.821449484748907,30.626481580100307,30.764583587646484
2017-02-10,30.837691336531503,31.04891014099121,30.821443497807035,31.04891014099121
2017-02-13,31.04891649831171,31.178896135762642,31.040791027806584,31.146400451660156
2017-02-14,31.146394550325986,31.178890228271484,30.894557694685986,31.178890228271484
2017-02-15,31.18702505770922,31.446984387211923,31.154529366781468,31.430736541748047
2017-02-16,31.46322692095344,31.46322692095344,31.292629220823073,31.316999435424805
2017-02-17,31.073287549678508,31.195144818868723,31.048917335424097,31.18701934814453
2017-02-21,31.381984139165503,31.53633396378319,31.349488460627526,31.52821159362793
2017-02-22,31.479472521833337,31.625699996948242,31.46322468026958,31.625699996948242
2017-02-23,31.788170595194572,31.804418434346605,31.585077254231845,31.633817672729492
2017-02-24,31.252007557645157,31.325121291973616,31.211386406050302,31.260129928588867
2017-02-27,31.170769618587837,31.260131197389533,31.08953351001842,31.162647247314453
2017-02-28,31.130151722426053,31.138277192699604,30.853944613344613,30.862070083618164
2017-03-01,31.11389727190101,31.357608646039065,31.097649433764037,31.34136390686035
2017-03-02,31.03267095407003,31.0895368559805,30.780834032067055,30.788959503173828
2017-03-03,30.935171964718453,31.057026081488324,30.837684952553285,31.0245304107666
2017-03-06,31.07328242278108,31.081404793206048,30.943302803271582,31.040786743164062
2017-03-07,31.138267866662993,31.154512604426905,31.016410640727738,31.07327651977539
2017-03-08,31.00017159279438,31.048915116779245,30.756460170787783,30.78083038330078
2017-03-09,30.626480489424313,30.675220914371227,30.374643597682784,30.537118911743164
2017-03-10,30.78082911956662,30.878313064575195,30.707715386070504,30.878313064575195
2017-03-13,31.203259009192813,31.333238616067707,31.17076333273452,31.308868408203125
2017-03-14,31.211385945381746,31.25200709637705,31.105779629878395,31.130149841308594
2017-03-15,31.292622075950355,31.999386028661142,31.20326051086861,31.942520141601562
2017-03-16,32.169985714653784,32.21060686421744,32.040006093342484,32.13749313354492
2017-03-17,32.16999356435251,32.18624140835083,32.05626175532361,32.08063507080078
2017-03-20,32.28371752982732,32.54367674776902,32.23497401435388,32.454315185546875
2017-03-21,32.6167958577609,32.68178412349917,32.07250402477855,32.09687423706055
2017-03-22,32.072512759283065,32.324349717630405,31.99127663024698,32.25123596191406
2017-03-23,32.137491861309535,32.37307778507601,32.12936639213502,32.25934600830078
2017-03-24,32.234974399295076,32.397449687188455,32.22684893047331,32.34058380126953
2017-03-27,32.12937866940025,32.30810187203126,32.03189469476502,32.25123596191406
2017-03-28,32.22684893047331,32.43806773442221,32.22684893047331,32.34058380126953
2017-03-29,32.26746988366263,32.42181970181102,32.20247852931067,32.3974494934082
2017-03-30,32.267469748073374,32.36495368023334,32.20247839399451,32.22684860229492
2017-03-31,32.0237560426292,32.07249955936553,31.934397577050195,31.999385833740234
2017-04-03,32.096876632791435,32.21061152950062,31.98314483504132,32.17811584472656
2017-04-04,32.11312723615832,32.243106887470674,32.056261332394115,32.194366455078125
2017-04-05,32.33246328564931,32.413702491520695,32.080629494845105,32.09687423706055
2017-04-06,32.064378038717585,32.12124392693705,31.942520793128168,32.04000473022461
2017-04-07,31.975026202165374,32.12937607445164,31.95065598521476,31.9831485748291
2017-04-10,31.861290143391436,31.89378272867389,31.755680719086172,31.853164672851562
2017-04-11,31.84503973360401,31.885657786151302,31.593202849476768,31.780048370361328
2017-04-12,31.918158437177247,31.94252865270812,31.739435259392856,31.934406280517578
2017-04-13,32.00751399065273,32.08875009307705,31.788172795356658,31.796295166015625
2017-04-17,31.94252990048993,32.12937545776367,31.89378636856485,32.12937545776367
2017-04-18,31.763798821236804,31.877533700794633,31.650067040637577,31.723180770874023
2017-04-19,31.804418663283794,31.812541033439054,31.446972397282988,31.52821159362793
2017-04-20,31.869410239934798,31.926276133818416,31.77192629312842,31.918153762817383
2017-04-21,31.926276133818416,31.966894186741175,31.86128786893376,31.918153762817383
2017-04-24,32.3893290483835,32.43807257170784,32.291845100693656,32.37308120727539
2017-04-25,32.60866234177571,32.746767408201364,32.5761666674452,32.657405853271484
2017-04-26,32.60054433587499,32.69802827295555,32.49493492964527,32.535552978515625
2017-04-27,32.60054731260134,32.60866968353366,32.39745395074679,32.494937896728516
2017-04-28,32.52743044443343,32.600544171615084,32.4380688779938,32.543678283691406
2017-05-01,32.689907919083296,32.8198875428607,32.616794187023594,32.730525970458984
2017-05-02,32.86862320156806,33.006728274981455,32.82800515607879,32.96611022949219
2017-05-03,32.82800886627306,32.860504545920406,32.65741119656238,32.74677276611328
2017-05-04,32.56805587251374,32.584303715453224,32.3568401122188,32.38121032714844
2017-05-05,32.33246680222731,32.6492919921875,32.324344430236174,32.6492919921875
2017-05-08,32.73864681085115,32.819886008763845,32.61679266241991,32.64116287231445
2017-05-09,32.89299732693743,33.15295654329063,32.86862401987049,33.05546951293945
2017-05-10,33.15295665111779,33.274810791015625,33.112335505526865,33.274810791015625
2017-05-11,33.31543522508345,33.404796804183114,33.152963007402846,33.347930908203125
2017-05-12,33.3966728185305,33.51852697590067,33.3885473486639,33.48603439331055
2017-05-15,33.65663466799295,33.84348020286703,33.63226445443168,33.827232360839844
2017-05-16,33.80286005804748,33.8759737931714,33.73786869395564,33.85972595214844
2017-05-17,33.567269367466494,33.607887418554945,33.26669207066156,33.28293991088867
2017-05-18,32.47868909359584,33.02298089869781,32.34870946981844,32.730525970458984
2017-05-19,33.20982749783561,33.49415696570182,33.20170202792013,33.429168701171875
2017-05-22,33.461666107177734,33.56727553859024,33.42917351970862,33.461666107177734
2017-05-23,33.486033513094725,33.5347739351781,33.404794311357975,33.49415588378906
2017-05-24,33.502283715659026,33.68100377416392,33.46978803267309,33.62413787841797
2017-05-25,33.802849856383055,33.900333774141465,33.721610675786145,33.78660202026367
2017-05-26,33.85159735131123,33.924711079673045,33.81910477122927,33.90846633911133
2017-05-30,33.72162230187678,33.77849129738008,33.66475640533242,33.7297477722168
2017-05-31,33.72975070457318,33.72975070457318,33.41292551086541,33.469791412353516
2017-06-01,33.55914816674476,33.76224152822576,33.47790896277711,33.75411605834961
2017-06-02,33.875976521427425,33.949090262439675,33.79473730976989,33.92471694946289
2017-06-05,33.91659373683582,33.997829847520094,33.85160236912121,33.884098052978516
2017-06-06,33.843478953117085,33.97345858557573,33.8272311116899,33.90034484863281
2017-06-07,33.7947345880566,33.924714217281476,33.6728804288226,33.85972595214844
2017-06-08,34.087186829998785,34.10343466973547,33.932837000938164,34.06281661987305
2017-06-09,34.08719357899757,34.15218495081208,33.61601852917908,33.80286407470703
2017-06-12,33.607890036925,33.64038571991094,33.46166256244715,33.62413787841797
2017-06-13,33.802849856383055,33.82722006108319,33.67287026638588,33.78660202026367
2017-06-14,34.038455092758085,34.05469983768015,33.66476088140434,33.77849578857422
2017-06-15,33.37230280759863,33.44541344308528,33.22607533870779,33.429168701171875
2017-06-16,33.50228223408499,33.54290028654171,33.33980692529933,33.48603439331055
2017-06-19,33.68912742968071,33.875972948346856,33.66475411927471,33.81910705566406
2017-06-20,33.72279166627111,33.73095478240878,33.42082174882564,33.44530487060547
2017-06-21,33.600380818712914,33.68199644019658,33.46163893216712,33.518768310546875
2017-06-22,33.698325779003994,33.828907684141626,33.6167101424691,33.690162658691406
2017-06-23,33.74728713457189,33.93500151461501,33.72280400383485,33.86970901489258
2017-06-26,34.18800768644288,34.285943338517754,34.08190891392612,34.196170806884766
2017-06-27,34.19616580257949,34.19616580257949,33.78809701311347,33.79625701904297
2017-06-28,33.89418689782902,34.09006125335155,33.8125743991297,34.05741500854492
2017-06-29,33.894190248582404,33.90235336724969,33.39634586267517,33.6248664855957
2017-06-30,33.82889948479799,33.92683511158433,33.75544698637887,33.779930114746094
2017-07-03,33.9676478847374,34.08190665681087,33.902358492117436,33.97581100463867
2017-07-05,33.77992534709099,33.92683032319525,33.616697249939925,33.91050720214844
2017-07-06,33.66567335076602,33.73096584802057,33.453478961323974,33.502445220947266
2017-07-07,33.59222834401521,33.64935773520238,33.420840170453715,33.567745208740234
2017-07-10,33.68199392132071,33.91051141775026,33.66567079824468,33.88602828979492
2017-07-11,34.06558517163123,34.20432707077723,33.96764641695626,34.16352081298828
2017-07-12,34.64503303641657,34.898033636314445,34.620546797513775,34.824581146240234
2017-07-13,34.881720549255085,35.01230243381698,34.84907429978519,34.99597930908203
2017-07-14,35.23265689462089,35.46117752798279,35.21633688317577,35.43669128417969
2017-07-17,35.29795496662626,35.32243810097712,35.2000193159046,35.27347183227539
2017-07-18,35.20816284694799,35.41219717324075,35.159196601160446,35.37955093383789
2017-07-19,35.37955657181793,35.74681904033409,35.37955657181793,35.67336654663086
2017-07-20,35.70601704713598,35.714177052601286,35.55095203675418,35.632564544677734
2017-07-21,35.64072877136927,35.648891891119014,35.51014687523512,35.60808563232422
2017-07-24,35.7631417295962,35.7631417295962,35.608076739574656,35.71417236328125
2017-07-25,35.75499061792388,35.80395688310016,35.61624560218246,35.62440872192383
2017-07-26,35.681539152293745,35.959026078588835,35.632569772364704,35.918216705322266
2017-07-27,36.032472759509076,36.04063276485075,35.46933587808922,35.72233963012695
2017-07-28,35.591753983238185,35.71417273030783,35.50197836739677,35.70601272583008
2017-07-31,35.77946860481215,35.77946860481215,35.64888672759201,35.746822357177734
2017-08-01,35.91004990801483,35.93453303669051,35.81211427999459,35.85292053222656
2017-08-02,35.91821748149367,35.950863735485164,35.69786305034643,35.88557434082031
2017-08-03,35.71417266500635,35.7386589050293,35.55910767367477,35.7386589050293
2017-08-04,35.82027044171431,35.893722933177635,35.65704233698277,35.869239807128906
2017-08-07,35.999823591006276,36.13856546378216,35.97534046364991,36.11408233642578
2017-08-08,36.2120175910274,36.38340882073156,36.07327571966201,36.12224197387695
2017-08-09,35.70601600189813,35.8202747549734,35.60808037259326,35.79579162597656
2017-08-10,35.49382769832694,35.50198770495089,34.93069072841451,34.94701385498047
2017-08-11,34.98781541930439,35.17552667964463,34.865396656465606,35.028621673583984
2017-08-14,35.41220514378527,35.55911014084663,35.346915763601025,35.38772201538086
2017-08-15,35.36324987565096,35.453022412135276,35.28979735429586,35.42853927612305
2017-08-16,35.722339125668526,35.8202747549734,35.67336975435733,35.79579162597656
2017-08-17,35.71417139011804,35.7713038725873,35.28978268022128,35.338748931884766
2017-08-18,35.47749916796721,35.7876291855285,35.33059416456762,35.640724182128906
2017-08-21,35.722335717589225,35.84475446421161,35.640720106523744,35.771305084228516
2017-08-22,36.02431385220604,36.220188249797715,35.99166760038778,36.17121887207031
2017-08-23,36.10591668820374,36.375240386979115,36.08143045135738,36.342594146728516
2017-08-24,36.50582895801773,36.53847520428086,36.34260084001951,36.45685958862305
2017-08-25,36.6608928207494,36.78331468378049,36.59560344356551,36.6690559387207
2017-08-28,36.652733784700345,36.652733784700345,36.4650225395248,36.538475036621094
2017-08-29,36.538478992215026,36.538478992215026,36.12224709250303,36.47318649291992
2017-08-30,36.42422356278671,36.554805460001,36.399737316652896,36.53031921386719
2017-08-31,36.538474936384276,36.66905680716196,36.497668685513254,36.58744430541992
2017-09-01,36.73434769082178,36.873092685448185,36.68538143309746,36.85676956176758
2017-09-05,36.571114653785756,36.64456713756791,36.18752911477708,36.375240325927734
2017-09-06,36.51400282226818,36.65274473974194,36.45687031783499,36.6119384765625
2017-09-07,36.791487390353176,36.88125991821289,36.74251800971488,36.88125991821289
2017-09-08,36.82411716583255,36.8322802829686,36.571116574320754,36.63640594482422
2017-09-11,36.93838046060965,37.15057794591276,36.93022045578293,37.126094818115234
2017-09-12,37.12610218834924,37.158745327453765,37.02816343108171,37.08529281616211
2017-09-13,36.93838963812227,36.995522139373605,36.80780773522952,36.88942337036133
2017-09-14,36.79964301179729,37.00367740349869,36.76699676192881,36.98735427856445
2017-09-15,37.05265665198512,37.256691098057026,36.97920412686649,37.20772171020508
2017-09-18,37.444389916485356,37.50967929851012,37.28932179670617,37.33829116821289
2017-09-19,37.36278104382673,37.42807355095876,37.24852226966377,37.4199104309082
2017-09-20,37.43623500745499,37.493364396748866,36.89758425602823,37.2485237121582
2017-09-21,37.2485237121582,37.370945611112646,37.16691118840072,37.2485237121582
2017-09-22,37.044483553148176,37.109776052698265,36.979194166915825,37.03632354736328
2017-09-25,36.7261757151638,36.7261757151638,36.2691377410256,36.40788269042969
2017-09-26,36.4813475425721,36.53031380094808,36.25282692131988,36.309959411621094
2017-09-27,36.203861639369784,36.27731414223233,35.983504130782165,36.179378509521484
2017-09-28,35.99166763653337,36.20386516024728,35.983507630229575,36.1548957824707
2017-09-29,36.43237242652632,36.66088989843027,36.35891993722618,36.57111740112305
2017-10-02,36.57112084849874,36.750668973355346,36.554797725635886,36.579280853271484
2017-10-03,36.873097890572026,37.166907931663104,36.83229163226892,37.15874481201172
2017-10-04,37.14241824096904,37.24035698779395,37.10161198645082,37.15058135986328
2017-10-05,37.30565198775689,37.53417265142855,37.29749198095203,37.42807388305664
2017-10-06,37.08528832175743,37.26483957500325,36.97919268421909,37.2403564453125
2017-10-09,37.142425016100695,37.215877532958984,37.077135619625665,37.215877532958984
2017-10-10,37.50152499394059,37.60762375834137,37.452555614989926,37.58313751220703
2017-10-11,37.574976074944026,37.770847356652375,37.56681295543741,37.75452423095703
2017-10-12,37.77084427676846,37.84429677974914,37.705554892628754,37.73820114135742
2017-10-13,38.080970764160156,38.15442325431612,38.03200139961715,38.080970764160156
2017-10-16,38.178914433709835,38.21156068362518,38.0483325473662,38.056495666503906
2017-10-17,37.95855804534598,37.974881170788976,37.78716989817131,37.86062240600586
2017-10-18,37.991196110216535,38.072811719845674,37.87693737005291,37.95038986206055
2017-10-19,37.55866192387498,37.64027445853509,37.45256313816193,37.61579132080078
2017-10-20,37.80349360804306,37.82797673992713,37.689234841493544,37.75452423095703
2017-10-23,37.68922960040559,37.69738960545958,37.444388975658896,37.45254898071289
2017-10-24,37.52600147946864,37.65658335355471,37.444388975658896,37.45254898071289
2017-10-25,37.59945485405638,37.648424225473384,37.07712734554517,37.37093734741211
2017-10-26,37.39541822733881,37.46887072338779,37.109771361213504,37.1179313659668
2017-10-27,37.31381698002549,37.697399585461824,37.19955819911603,37.656593322753906
2017-10-30,37.53417231838925,37.6321079657692,37.370944163877276,37.4199104309082
2017-10-31,37.6484247456019,37.770843505859375,37.59129536815157,37.770843505859375
2017-11-01,38.11362559446538,38.2360443634291,37.9422374499255,37.96672058105469
2017-11-02,38.02383840921947,38.05648464968419,37.836127196522625,38.01567840576172
2017-11-03,37.983044732367865,37.999367858000895,37.61578218891943,37.81981658935547
2017-11-06,37.999353465636126,38.25235403382867,37.98303034618553,38.24419403076172
2017-11-07,38.20340115479568,38.25236741696232,37.942237378847636,37.999366760253906
2017-11-08,38.11361611584718,38.20339172541795,38.0483236313168,38.17890548706055
2017-11-09,37.91775542153158,38.0238541904181,37.65659161605564,37.94224166870117
2017-11-10,37.8932733663859,37.91775650093431,37.697398950043926,37.779014587402344
2017-11-13,37.648429060319266,37.77901095421652,37.55865342451779,37.69739532470703
2017-11-14,37.63210442834151,37.67291068480418,37.39542378221309,37.444393157958984
2017-11-15,37.25668683252488,37.354622483697504,37.0934586716917,37.2485237121582
2017-11-16,37.795331964107774,38.13810824890315,37.78716884495488,38.02384948730469
2017-11-17,38.138106792671685,38.37478742598429,38.113623662783354,38.2115592956543
2017-11-20,38.17074813854301,38.44007187267411,38.15442501627488,38.40742874145508
2017-11-21,38.87263026927948,39.076664645710046,38.85630714556694,38.92159652709961
2017-11-22,39.04401437638807,39.117466868869485,38.88894938706829,39.01953125
2017-11-24,38.897120985511414,38.96241349309764,38.856314724929085,38.93792724609375
2017-11-27,38.61146666813684,38.62778979191349,38.35030291434556,38.36662292480469
2017-11-28,38.676762032940054,38.78286079724219,38.50537387674906,38.652278900146484
2017-11-29,38.49721148340204,38.49721148340204,37.95040075190702,38.04017639160156
2017-11-30,37.92591649219145,37.93407649859492,37.599460196329034,37.62394332885742
2017-12-01,37.526005742400116,37.59945824950003,37.23219571400047,37.411746978759766
2017-12-04,37.827975260855396,37.89326776108384,37.452552724495156,37.485198974609375
2017-12-05,37.50968250994008,37.71371690537707,37.4280699970924,37.460716247558594
2017-12-06,36.82411861052377,37.03631607794823,36.77515235905436,36.9547004699707
2017-12-07,37.05263482714599,37.1587304350213,36.76698490290844,37.060794830322266
2017-12-08,37.47703548716383,37.5423279867507,37.33013358972887,37.49335861206055
2017-12-11,37.69738772832552,37.75451710081109,37.62393523322732,37.68106460571289
2017-12-12,37.33013823480772,37.509686404377725,37.26484572709635,37.42807388305664
2017-12-13,37.66475109168303,37.99936737965315,37.65658797231034,37.87694549560547
2017-12-14,37.754521801259074,37.852460549128274,37.599456787109375,37.599456787109375
2017-12-15,37.67290460106523,37.75451710081109,37.48519336099589,37.68106460571289
2017-12-18,38.00752548625243,38.23604300418208,37.97487923702886,38.10546112060547
2017-12-19,38.16925055229059,38.16925055229059,37.84613389248293,37.90412902832031
2017-12-20,38.07812758667862,38.12783907477834,37.94556677891163,37.953853607177734
2017-12-21,38.111260264770266,38.3349571716711,38.08640610639182,38.202396392822266
2017-12-22,38.35152346999647,38.5337925456694,38.30181199817772,38.525508880615234
2017-12-26,38.45922962192639,38.500657431603415,38.326668848255096,38.49237060546875
2017-12-27,38.54207396606101,38.64149373525792,38.484078837321356,38.5917854309082
2017-12-28,38.948047482890196,38.98118846593517,38.765778397139044,38.85691452026367
2017-12-29,39.17174917291903,39.204890160020966,38.98948006485535,39.039188385009766
2018-01-02,39.585994394635804,39.826261764033035,39.54456974899784,39.77655029296875
2018-01-03,40.00853399998108,40.21566038868196,40.00024717455424,40.15766525268555
2018-01-04,40.257082756946225,40.41449766567457,40.24051226752782,40.356502532958984
2018-01-05,40.44764893633315,40.71277051349195,40.40622428249556,40.70448684692383
2018-01-08,40.646491699451495,40.7790524880309,40.613350712182026,40.70448684692383
2018-01-09,40.696197811561674,40.70448463817863,40.45593356814168,40.63820266723633
2018-01-10,40.3316590630097,40.46421985297487,40.207381939699246,40.381370544433594
2018-01-11,40.323363998005036,40.63819699504053,40.31508033304263,40.629913330078125
2018-01-12,40.71276760317268,41.04417113118031,40.60506098249546,41.01931381225586
2018-01-16,41.17673722044548,41.30101118910104,40.7873384988943,40.86190414428711
2018-01-17,41.17672807080336,41.499844742208076,41.11873293288446,41.40042495727539
2018-01-18,41.39214675673454,41.50813705674202,41.3341516067308,41.45014190673828
2018-01-19,41.65726465682553,41.789825439453125,41.53299070089249,41.789825439453125
2018-01-22,41.76496878263154,42.03837715823021,41.67383265743198,42.03009033203125
2018-01-23,42.03009248919489,42.245505734449445,41.96381367869234,42.22893524169922
2018-01-24,42.50233355437025,42.68460578446295,42.286923504668,42.58518600463867
2018-01-25,42.626619039911695,42.941452091906044,42.427776280626205,42.56033706665039
2018-01-26,42.85859596161945,43.14857482910156,42.75917617072469,43.14857482910156
2018-01-29,42.62661365624488,42.67632196941435,42.43605774793315,42.49405288696289
2018-01-30,42.03837393173605,42.08808224312196,41.74011142142882,41.91409683227539
2018-01-31,42.48576715192251,42.53547862686636,41.95552406118059,42.27864074707031
2018-02-01,41.897526115288755,42.129506661830874,41.6738292337669,41.70697021484375
2018-02-02,41.27615241531343,41.30100657416763,40.605061681765186,40.63820266723633
2018-02-05,40.58020530327683,40.9944581175126,39.213172912597656,39.213172912597656
2018-02-06,39.20488405223697,40.82875424126502,39.08889377594897,40.48906707763672
2018-02-07,39.76827016663448,40.19909347269947,39.18831559460477,39.213172912597656
2018-02-08,39.46172259420775,39.494860416213506,37.8047113949943,37.85441970825195
2018-02-09,38.368099359910175,38.75749488221162,37.31589676207758,38.459232330322266
2018-02-12,39.00605361536554,39.34574085853594,38.65807954452096,39.064048767089844
2018-02-13,39.122040434823916,39.47829814111762,39.08061262113983,39.3623046875
2018-02-14,39.27945905056265,40.44765207832,39.262888555640714,40.34823226928711
2018-02-15,41.06074082522134,41.30929188614495,40.58849286131701,41.17673110961914
2018-02-16,40.87846861866895,41.416998551696,40.87018495284466,41.04417037963867
2018-02-20,40.31509121082895,40.62163746511623,40.257096058950246,40.48079299926758
2018-02-21,40.845333294561506,41.309297657471454,40.4145099205377,40.44765090942383
2018-02-22,40.57192280123888,40.88675267352891,40.439362023301435,40.47249984741211
2018-02-23,40.96961283652212,41.209880279354934,40.79562737536684,41.19330978393555
2018-02-26,41.30100492111412,41.57441329956055,41.06902435309766,41.57441329956055
2018-02-27,41.0358871068297,41.08559858757486,40.36479949951172,40.36479949951172
2018-02-28,40.45593030962226,40.5056386233269,39.78483963012695,39.78483963012695
2018-03-01,40.07481506964774,40.389648083236004,39.354016081101754,39.71027374267578
2018-03-02,39.2297362738557,39.958822038066224,39.03089671302418,39.875972747802734
2018-03-05,39.44514919616612,40.008533215221675,39.39543772607375,39.93396759033203
2018-03-06,40.60506790513803,40.621638400413296,40.19910183263987,40.30680847167969
2018-03-07,40.0499696816897,40.373086431420646,39.86769739804712,40.34823226928711
2018-03-08,40.42278449063262,40.4642091339298,40.16594664539383,40.356502532958984
2018-03-09,40.68791934333732,41.23473303147355,40.6547783536324,41.218162536621094
2018-03-12,41.26787285410494,41.40043364867701,41.102171070765195,41.31758117675781
2018-03-13,41.50813202265576,41.57441399204917,40.795619814666,40.94474792480469
2018-03-14,41.2512995157452,41.30929466184097,40.787335186480604,41.01103210449219
2018-03-15,41.1435962312712,41.201591382076856,40.7127728535015,40.86190414428711
2018-03-16,40.712764443693594,40.88674986017139,40.69619395252933,40.77075958251953
2018-03-19,40.50564284677148,40.59677897873,40.09139000004974,40.33165740966797
2018-03-20,40.67134230072602,40.878468712287976,40.58020617395904,40.779048919677734
2018-03-21,40.729338095622886,41.176731910283706,40.60506098249546,41.01931381225586
2018-03-22,40.074815369560305,40.27365810607733,39.585996934474785,39.652278900146484
2018-03-23,39.718563188804836,39.784845163627324,38.83206231879438,38.8486328125
2018-03-26,39.851118059074594,40.157667406350676,39.39544061159415,40.10795593261719
2018-03-27,40.141098747271556,40.19909388902534,39.28773579196917,39.37887191772461
2018-03-28,39.25459645363103,39.395440889455564,38.91490928196814,39.180030822753906
2018-03-29,39.461724993826834,40.141099373976424,39.41201351704824,40.00025177001953
2018-04-02,39.72685095137644,39.90912006543325,38.90662887637575,39.279457092285156
2018-04-03,39.63570133874946,39.71855062056286,39.32086837896306,39.66884231567383
2018-04-04,38.6000811859469,39.71027896464771,38.55865653251372,39.6854248046875
2018-04-05,39.842834769781085,39.98367920594166,39.62742470256547,39.78483963012695
2018-04-06,39.38715812368849,39.6605633361509,38.774062571306054,39.006046295166016
2018-04-09,39.287734316516776,39.486577052560925,39.039183266835146,39.04747009277344
2018-04-10,39.61913647917049,39.86768752042103,39.44515106634491,39.8096923828125
2018-04-11,39.56114189197876,39.91739954824374,39.552858226704274,39.826263427734375
2018-04-12,39.74341358004474,39.92568265802955,39.677131616779015,39.8096923828125
2018-04-13,39.7765592103017,39.81798702572506,39.30431119106233,39.412017822265625
2018-04-16,39.354024321317475,39.49486878605965,39.22974719084014,39.46173095703125
2018-04-17,39.28774063531792,39.660568850052826,39.271173301772876,39.544578552246094
2018-04-18,39.69370236538411,40.02510586286908,39.63570722739894,39.88425827026367
2018-04-19,39.983679247010755,40.00853656438668,39.51971812930116,39.652278900146484
2018-04-20,39.42857878598885,39.45343294083646,38.98118503574491,39.15517044067383
2018-04-23,39.08060385945453,39.188310461988635,38.75748721234993,38.84033966064453
2018-04-24,39.15517555009984,39.23802801123314,38.467517505433726,38.65807342529297
2018-04-25,38.368092886111036,38.45094217632419,38.11953869447589,38.359806060791016
2018-04-26,38.58350585587342,38.93976351963761,38.55865169902878,38.91490936279297
2018-04-27,39.1386031111073,39.22145240093122,38.914906235985335,39.15517044067383
2018-04-30,39.296017525809226,39.34572899536954,38.86519427111318,38.873477935791016
2018-05-01,38.641509150390384,38.740928959248514,38.19411526978068,38.68293380737305
2018-05-02,38.72435493202045,38.8072042316667,38.343239936352376,38.376380920410156
2018-05-03,38.351520828679504,38.401229136576866,37.779850003878224,38.29352569580078
2018-05-04,37.92070048588724,38.60007480345235,37.88755950442115,38.46751403808594
2018-05-07,38.15268025880413,38.40123129374627,38.127826103459284,38.24381637573242
2018-05-08,38.334958374033945,38.47580282326038,38.09469096717882,38.459232330322266
2018-05-09,38.57522603063613,38.61665068300043,38.33495862222544,38.53379821777344
2018-05-10,38.99775336447422,39.478288068214646,38.931474568387955,39.337440490722656
2018-05-11,39.503148317975565,39.54457296698451,39.171744804907725,39.27116775512695
2018-05-14,39.486571174420824,39.58599094739381,39.26287431485841,39.32086944580078
2018-05-15,38.59179411043664,38.69121390199366,38.343239890796795,38.508941650390625
2018-05-16,38.87348446132069,39.16346334168673,38.87348446132069,39.088897705078125
2018-05-17,38.66635602831892,38.77406264458252,38.36809665793212,38.49237060546875
2018-05-18,38.15268762408103,38.268677918745794,38.06155148955915,38.16925811767578
2018-05-21,38.484082307280914,38.55864793102626,38.24381494626839,38.40122985839844
2018-05-22,38.56693920386424,38.73264097381983,38.48408989913563,38.53379821777344
2018-05-23,38.078124593133595,38.55037263120846,38.06984092601768,38.517234802246094
2018-05-24,38.31010055541992,38.384666186269605,37.8875609271057,38.31010055541992
2018-05-25,38.301812291253434,38.525509175402625,38.268671309787344,38.46751403808594
2018-05-29,37.89585088545575,38.011841174032185,37.382175092476785,37.572731018066406
2018-05-30,37.58101883875966,37.9124192205301,37.41531706762523,37.870994567871094
2018-05-31,37.8212818862462,38.04497561690174,37.66386379960217,37.85441970825195
2018-06-01,38.160969548826635,38.40123377383905,38.111258074428505,38.384666442871094
2018-06-04,38.7077881111454,38.86520305960223,38.691217617544915,38.77406692504883
2018-06-05,38.65807563967997,38.72435761238333,38.4592328820683,38.47580337524414
2018-06-06,38.80720834415516,39.06404625707336,38.72435903572917,39.05575942993164
2018-06-07,38.91491298487453,38.95633763697064,38.21896808396551,38.459232330322266
2018-06-08,38.252102511142745,38.550365036535354,38.102974408944526,38.384666442871094
2018-06-11,38.426091091287155,38.52551087958533,38.326668142490895,38.384666442871094
2018-06-12,38.36810409234148,38.41781241678863,38.13612032309269,38.28525161743164
2018-06-13,38.35152472670213,38.40951986547544,37.79642433494585,38.02840805053711
2018-06-14,38.02841383889413,38.10297948016641,37.730151273805,37.771575927734375
2018-06-15,37.423597088584884,37.52302003787995,37.216470684967305,37.47330856323242
2018-06-18,36.94306970519984,37.067346825797905,36.735943277868714,37.017635345458984
2018-06-19,36.333818053134905,36.68406537382603,36.20039125981107,36.609012603759766
2018-06-20,36.94258579080277,36.9926220417857,36.725768398836095,36.76746368408203
2018-06-21,36.542293514924104,36.55897225986073,36.20038719658661,36.250423431396484
2018-06-22,36.77579600972607,36.79247475757795,36.50060462303484,36.62569046020508
2018-06-25,36.28378845212728,36.32548691735207,35.77510089653521,36.13368606567383
2018-06-26,36.15035616980307,36.21707115916091,35.90018132200274,35.991912841796875
2018-06-27,35.94188089350366,35.950221858742715,35.191356260442724,35.299766540527344
2018-06-28,35.2664063534677,35.61665051930075,35.14965829819002,35.599971771240234
2018-06-29,36.05863328187397,36.23375538369155,36.02527578215265,36.13368606567383
2018-07-02,35.54159381273678,35.83346709979602,35.46654104533818,35.77509307861328
2018-07-03,36.00859709457529,36.041954594354316,35.75008124300724,35.80011749267578
2018-07-05,35.900178646525845,35.93353613871878,35.5666132680331,35.708377838134766
2018-07-06,35.81679956653231,36.34216910279679,35.79177984880295,36.200401306152344
2018-07-09,36.70074360059491,36.859190116193304,36.51728373468834,36.85084915161133
2018-07-10,36.73410618342674,36.784142434409674,36.47559350621413,36.76746368408203
2018-07-11,36.16703721169002,36.34216247929194,35.90852456439202,36.050289154052734
2018-07-12,36.492257313728025,36.6256840921986,36.35883053525745,36.542293548583984
2018-07-13,36.500598534118986,36.65070405859984,36.37550953666982,36.56731033325195
2018-07-16,36.39220022054133,36.44223647216493,36.233756862119535,36.367183685302734
2018-07-17,36.22540426948685,36.70073737333727,36.183708997089425,36.63402557373047
2018-07-18,36.43388823934943,36.62568906059773,36.32548115417371,36.59233474731445
2018-07-19,36.0252693175735,36.3004606880269,35.908521270645046,36.14201736450195
2018-07-20,36.50060664613701,36.72576498289825,36.47559011354556,36.65904998779297
2018-07-23,36.49226239741091,36.508941144686396,36.30046157546156,36.41720962524414
2018-07-24,37.01764337788901,37.16774896916014,36.84252124845494,36.950931549072266
2018-07-25,37.192741755024194,37.576346455040415,37.09267248513266,37.551326751708984
2018-07-26,37.23444135061254,37.34284840420081,37.10935237352475,37.134368896484375
2018-07-27,37.409570940255776,37.48462370546001,37.06766460569103,37.26780319213867
2018-07-30,37.35119461926443,37.40956863514354,37.10101981104748,37.20942687988281
2018-07-31,37.20943461912711,37.467950444036035,37.11770309476762,37.409576416015625
2018-08-01,37.08434880768164,37.267808675393724,36.97593853507045,37.07600784301758
2018-08-02,36.317134637356574,36.64236220545021,36.242081876939174,36.583988189697266
2018-08-03,36.70908367743582,36.90922228652045,36.66738839897201,36.86752700805664
2018-08-06,36.60066693436172,36.709077184108025,36.50059764752028,36.583988189697266
2018-08-07,37.009302916452675,37.15106753065543,36.94258791131265,36.959266662597656
2018-08-08,36.88420511875279,36.95925789114997,36.7674570686118,36.90922164916992
2018-08-09,36.9592550834263,37.04264563257891,36.77579205791591,36.800811767578125
2018-08-10,35.97523434839477,36.13368085866517,35.90018157541032,36.016929626464844
2018-08-13,35.683358607675196,35.7667491506978,35.33311132846061,35.424842834472656
2018-08-14,35.55828029253141,35.741743359661754,35.49156847430436,35.64167404174805
2018-08-15,34.64096361846763,34.78272818890218,34.29905727555103,34.615943908691406
2018-08-16,34.957849493461126,35.116295987740564,34.816084926101084,34.832763671875
2018-08-17,34.70767231018545,35.283077866268,34.62428176812913,35.199684143066406
2018-08-20,35.28307864672246,35.39148571756457,35.16632743165772,35.358131408691406
2018-08-21,35.71672426037,35.95022037911486,35.69170454682874,35.80845260620117
2018-08-22,35.841805147669895,36.15035400208363,35.841805147669895,36.09197998046875
2018-08-23,35.9668980001516,36.075305091229566,35.46654509991156,35.508243560791016
2018-08-24,36.04194451699482,36.192050042884524,35.92519648155734,36.167030334472656
2018-08-27,36.50060373171623,36.82583135402127,36.49226276742103,36.68406677246094
2018-08-28,36.78413620897807,36.8425102346723,36.47558733300205,36.55064010620117
2018-08-29,36.467249891822114,36.79247754672367,36.392197111372056,36.77579879760742
2018-08-30,36.20872325841253,36.20872325841253,35.69169491451954,35.8167839050293
2018-08-31,35.766755662131416,36.11700300510947,35.72506038302938,36.00025177001953
2018-09-04,35.43319335403681,35.43319335403681,35.21637279386758,35.299766540527344
2018-09-05,34.891138326079684,34.9495123467773,34.68265877183235,34.79106903076172
2018-09-06,34.85778223714968,34.949513753694504,34.590928651462356,34.824424743652344
2018-09-07,34.71601078065626,34.97452335115822,34.515869040486805,34.649295806884766
2018-09-10,34.640960652219974,34.640960652219974,34.265696849165316,34.30739212036133
2018-09-11,33.97383569972676,34.390794883575836,33.882104170296586,34.38245391845703
2018-09-12,34.22400979502888,34.7660548130106,34.09892077026215,34.55757522583008
2018-09-13,35.074602890817914,35.258062743426606,34.86612332742273,35.024566650390625
2018-09-14,35.21636541991901,35.25806069394524,34.82442284555229,34.991207122802734
2018-09-17,34.73269424035125,34.86612102486684,34.62428398382437,34.674320220947266
2018-09-18,34.84110070623485,35.066258997630854,34.832762924099626,35.00788497924805
2018-09-19,35.29976866191819,35.53326480430551,35.29142769617788,35.49156951904297
2018-09-20,35.80011620958979,35.908526489413035,35.59997439923504,35.883506774902344
2018-09-21,35.933541096415446,36.10866318287138,35.88350485122261,36.050289154052734
2018-09-24,35.63333307625325,35.68336932578323,35.51658500849622,35.64167404174805
2018-09-25,35.700045260039666,35.86682638302674,35.65834679814689,35.7834358215332
2018-09-26,35.84180742813657,36.28378310024049,35.8084499333355,35.85848617553711
2018-09-27,35.966903291146444,36.15036318519141,35.93354578999412,36.03361511230469
2018-09-28,35.76675059267504,35.98357110310765,35.67501908296474,35.79176712036133
2018-10-01,35.966901810424645,35.99191834468578,35.716726924374484,35.80011749267578
2018-10-02,35.33311754739683,35.52491837502367,35.241386025239244,35.349796295166016
2018-10-03,35.599975039244484,35.62499475420498,34.95785749512624,35.05792999267578
2018-10-04,34.6993443317566,34.707682115859726,34.03221026339033,34.182315826416016
2018-10-05,34.198985030379156,34.257362232822054,33.740330642552046,34.057220458984375
2018-10-08,33.82372172657589,34.182306789992225,33.75700674680293,34.10725402832031
2018-10-09,33.8320607613805,34.15728834695454,33.71531272359961,33.9821662902832
2018-10-10,33.807047545323506,33.815385328348,32.96478830829069,32.97312927246094
2018-10-11,32.78967007535,33.139917445175016,32.33101560777931,32.639564514160156
2018-10-12,33.57355968686203,33.6569534512048,33.13992483686701,33.59857940673828
2018-10-15,33.306698234444525,33.473482543080635,33.17327142376485,33.239986419677734
2018-10-16,33.65694298155691,34.10725962548756,33.59856895524877,34.07390213012695
2018-10-17,33.815383779579676,33.84040348979875,33.49015617704225,33.65694046020508
2018-10-18,33.298360642247424,33.32337717528574,32.65624311804628,32.77299118041992
2018-10-19,33.28166944283482,33.490148956553696,33.006478138921274,33.08152770996094
2018-10-22,33.640266315118836,33.7069781288215,33.2900189544552,33.44012451171875
2018-10-23,32.64789575385306,33.264993382788056,32.464432749017966,33.07319259643555
2018-10-24,32.90641312997413,32.94810840592626,31.989104334444708,32.00578308105469
2018-10-25,32.37271177593461,32.84804500566092,32.28098024368107,32.622886657714844
2018-10-26,31.947404150092936,32.49778997907843,31.80563641626212,32.24761199951172
2018-10-29,32.531150325161434,32.58118656659261,31.338650125269563,31.688894271850586
2018-10-30,31.880692067515703,32.31432990867276,31.813980266416007,32.305992126464844
2018-10-31,32.65624237060547,32.848043208850214,32.52281556221147,32.65624237060547
2018-11-01,33.17326823108821,33.848743184539366,32.98980837227659,33.823726654052734
2018-11-02,34.39912770339336,34.524216712954875,33.69863624836934,34.04054260253906
2018-11-05,34.032209130744874,34.20733122139778,33.94881538675821,34.13227844238281
2018-11-06,33.9654918607779,34.13227615643509,33.89043908678946,34.07390213012695
2018-11-07,34.53255943284068,34.774396522624,34.31574205723411,34.71602249145508
2018-11-08,34.265696657583376,34.38244468873757,33.70696984701582,33.81538009643555
2018-11-09,33.29835930971575,33.34005459015976,32.93143638820407,33.18994903564453
2018-11-12,33.08153957665421,33.13991678808933,32.639563866995275,32.722957611083984
2018-11-13,33.03984298252815,33.42344782780367,32.88973743027815,33.09821701049805
2018-11-14,33.406776844263476,33.51518396074942,32.99815537235388,33.29836654663086
2018-11-15,33.47347793984601,34.23234341769323,33.40676613425336,34.04054260253906
2018-11-16,33.76534770984721,34.28237607850634,33.665275240187775,34.10725402832031
2018-11-19,33.873759850701305,33.92379609302077,33.556873192782106,33.64860153198242
2018-11-20,33.123225990899705,33.281669275316375,32.80633624092146,32.9230842590332
2018-11-21,33.5318603515625,33.757018716415224,33.46514852928009,33.5318603515625
2018-11-23,33.13990783691406,33.31502988048033,33.114888129872305,33.13990783691406
2018-11-26,33.60690842254378,33.70697773249419,33.42344855115905,33.54853439331055
2018-11-27,33.431784046813064,33.78202819824219,33.38174780468928,33.78202819824219
2018-11-28,34.01552845299985,34.61594746992504,33.748674849667346,34.5909309387207
2018-11-29,34.34908446014047,34.52420967405064,34.12392619752312,34.29071044921875
2018-11-30,34.1572898878428,34.33241195241417,34.02386309848192,34.257362365722656
2018-12-03,35.13297934282392,35.14965809078602,34.77439421450352,34.94951629638672
2018-12-04,34.98287306417979,35.0412470902592,34.12393505831197,34.20732879638672
2018-12-06,33.298353121878705,33.923791755751495,33.089873577254444,33.89043426513672
2018-12-07,33.84040386845464,34.06555899492638,33.17326672833843,33.25666046142578
2018-12-10,33.031503044413306,33.089877068575525,32.497795862846885,32.90641403198242
2018-12-11,33.37340620327658,33.38174398543705,32.92308961912124,33.156585693359375
2018-12-12,33.77369551465798,34.00719165086659,33.67362619644662,33.69864273071289
2018-12-13,33.82372678615243,33.923796089635566,33.648601528624674,33.69029998779297
2018-12-14,33.26499887997558,33.5068359388328,33.18994610933526,33.2149658203125
2018-12-17,33.264999141062184,33.390088153493075,32.798006947764435,32.90641403198242
2018-12-18,33.155263696328824,33.33301967857169,33.03676186078881,33.1298713684082
2018-12-19,33.29069948385621,33.62927571007606,32.30881970969958,32.57968521118164
2018-12-20,32.9098022035176,33.12141358018566,32.55429341166992,32.833621978759766
2018-12-21,32.926733683532184,33.10448647677094,32.435793707234396,32.60508346557617
2018-12-24,32.53736535091964,32.774372297471984,32.30036163330078,32.30036163330078
2018-12-26,32.51196737750076,32.97751169731329,32.198783486562576,32.94365310668945
2018-12-27,32.503498162922426,32.93518381001482,32.368067055115766,32.90132522583008
2018-12-28,33.172206076350605,33.40074680458481,33.01138255452689,33.21453094482422
2018-12-31,33.43460304345639,33.468461644267315,32.95212928316933,33.06216812133789
2019-01-02,32.664323626786604,33.17218950542811,32.65586059468,33.14679718017578
2019-01-03,32.78283731963402,32.80822965408021,32.4188654575482,32.545833587646484
2019-01-04,33.01983388795098,33.73931442086009,32.94365367220608,33.59541702270508
2019-01-07,33.62081187029788,33.81549392221463,33.426129818381135,33.67159652709961
2019-01-08,33.68852990761671,33.85781965166168,33.49384783209165,33.79856872558594
2019-01-09,34.145610764203056,34.58576280091213,34.13714773014067,34.39954376220703
2019-01-10,34.21333045626972,34.67041186662515,34.21333045626972,34.64501953125
2019-01-11,34.365684452482355,34.534974190604245,34.28104119788801,34.47572326660156
2019-01-14,34.03557441983314,34.34876159475398,33.9763234902932,34.18793487548828
2019-01-15,34.3826203811411,34.61116108734816,34.3233694457097,34.42494201660156
2019-01-16,34.67041080468719,34.96666870036945,34.66194776946596,34.84816360473633
2019-01-17,34.568833031019324,35.169808538159636,34.53497443736638,35.000518798828125
2019-01-18,35.14441891604915,35.31370866842821,35.059772425392886,35.1698112487793
2019-01-22,34.75505347692717,34.831233701269745,34.40801095024063,34.56037139892578
2019-01-23,34.882015888578486,34.94126681120163,34.61961986808544,34.91587448120117
2019-01-24,34.94127219449158,35.27985171501609,34.94127219449158,35.254459381103516
2019-01-25,35.635354732217706,35.8131107435704,35.584570068059826,35.720001220703125
2019-01-28,35.186733610726705,35.37295262452861,35.076694809031686,35.347557067871094
2019-01-29,35.52532024853458,35.54224954675964,35.322171898767245,35.40681838989258
2019-01-30,35.618428161372165,36.253262285863926,35.44913841572103,36.17708206176758
2019-01-31,36.21939646403485,36.5156510381122,36.21093020252825,36.48179244995117
2019-02-01,36.21093335439196,36.26172124105419,36.08396848113586,36.19400405883789
2019-02-04,36.083968026987726,36.354830294577944,36.00778781241967,36.253257751464844
2019-02-05,36.42255320537786,36.786525072398426,36.363302271577645,36.75266647338867
2019-02-06,36.58337093828211,36.608763266827154,36.17707753689679,36.253257751464844
2019-02-07,35.96547007876518,36.15168588979254,35.57610270167172,35.88928985595703
2019-02-08,35.62688723302847,35.745389073123874,35.423738915055644,35.68613815307617
2019-02-11,35.75385743052643,35.77078349816079,35.55070910064927,35.5676383972168
2019-02-12,35.863887786865234,36.01624820482993,35.81310313349879,35.863887786865234
2019-02-13,35.88082476914652,35.94854196005512,35.52531920367654,35.609962463378906
2019-02-14,35.398348605014206,35.8046420351988,35.330634647783356,35.677677154541016
2019-02-15,35.66074686728784,35.66074686728784,35.50838643158479,35.626888275146484
2019-02-19,35.491451649968745,35.98238824440722,35.491451649968745,35.90620803833008
2019-02-20,36.10090052195409,36.337904219867944,36.007791003792725,36.1093635559082
2019-02-21,36.083975763122496,36.117831132129915,35.86389810543936,36.03318786621094
2019-02-22,36.337897883328814,36.532579919657344,36.26171767529307,36.431007385253906
2019-02-25,36.83730697631836,37.015059748793,36.75266049256863,36.83730697631836
2019-02-26,36.583373711247404,36.83730670274436,36.55797815184449,36.7103385925293
2019-02-27,36.473339807012366,36.5325907387058,36.27019144911089,36.397159576416016
2019-02-28,36.16015222614706,36.17708152335356,35.92314529418945,35.92314529418945
2019-03-01,36.21093609211167,36.236331651829296,35.89775217301552,35.96546936035156
2019-03-04,36.160155665220245,36.2109403327364,35.7030742839733,36.016258239746094
2019-03-05,36.18554608850168,36.43101606498174,36.10936586231592,36.37176513671875
2019-03-06,36.38868721956669,36.439471874332106,36.109358702625784,36.168609619140625
2019-03-07,35.95700119489071,35.96546745732635,35.440668970040115,35.49991989135742
2019-03-08,35.0767010042661,35.279849348742054,35.03437937427251,35.24599075317383
2019-03-11,35.55916559485256,35.9485328864316,35.55916559485256,35.90620803833008
2019-03-12,36.092437744140625,36.18554727129261,36.024723779169605,36.092437744140625
2019-03-13,36.10936566332796,36.18554588909391,36.01625613973252,36.13475799560547
2019-03-14,35.99086281273906,36.007792110100645,35.79618073648078,35.9400749206543
2019-03-15,36.270185163701846,36.51565511185534,36.24479283421461,36.46487045288086
2019-03-18,36.72726881876654,36.888095526300766,36.676484156541626,36.87116622924805
2019-03-19,36.913488187052096,37.02352700441081,36.80344936969338,36.88809585571289
2019-03-20,36.76959732519841,37.25207108018804,36.51566427977237,36.94735336303711
2019-03-21,36.7526570471798,37.006593245690475,36.668013800298176,36.99812698364258
2019-03-22,36.43947188218984,36.52411835503842,35.88081807712034,35.914676666259766
2019-03-25,35.838497524076885,36.10935978740549,35.80463893392759,35.99932098388672
2019-03-26,36.117826589862325,36.21093610802369,35.91468148563136,36.1093635559082
2019-03-27,35.92314633520138,35.99932656037157,35.601499365756915,35.720001220703125
2019-03-28,35.83850269343673,35.99932617644381,35.71153457652939,35.95700454711914
2019-03-29,36.35483281509805,36.3971544419183,36.160150748578374,36.329437255859375
2019-04-01,36.8203772939222,36.964271471389836,36.735734039992195,36.930416107177734
2019-04-02,36.964265910289775,36.981195204315476,36.69340366374392,36.81190872192383
2019-04-03,37.16741803517799,37.362100093112474,37.01505760219743,37.06584548950195
2019-04-04,37.05737710444029,37.36209795294646,37.040447809641854,37.29438400268555
2019-04-05,37.39595339561947,37.599098458240086,37.36209480887185,37.58217239379883
2019-04-08,37.39595339561947,37.6160277516139,37.33670248327741,37.58217239379883
2019-04-09,37.607573072670114,37.63296540390461,37.47214192453064,37.50600051879883
2019-04-10,37.666820856865655,37.785322697988306,37.59064064058209,37.68375015258789
2019-04-11,37.41289316158295,37.43828549428519,37.175886216939354,37.277462005615234
2019-04-12,37.64989332041027,37.68375191343686,37.46367428769721,37.54832077026367
2019-04-15,37.51446116444725,37.531390460503495,37.20974029330094,37.3536376953125
2019-04-16,37.51446323788034,37.68375297886642,37.51446323788034,37.632965087890625
2019-04-17,37.89536428897221,37.954615213885276,37.649894326370536,37.743003845214844
2019-04-18,37.60757820299594,37.793797267941194,37.49753937107977,37.71761703491211
2019-04-22,37.36211386138402,37.51447435051077,37.294399882291124,37.47215270996094
2019-04-23,37.41289519979685,37.624506594333106,37.37057356667633,37.55678939819336
2019-04-24,37.30285652111345,37.31132278513191,36.930421627642374,37.04892349243164
2019-04-25,36.82037422783142,37.006593245690475,36.71033542373899,36.99812698364258
2019-04-26,37.057382322682066,37.209742768389816,36.93888047133899,37.14202880859375
2019-04-29,37.243600643804974,37.2859222714772,37.142028091604985,37.21820831298828
2019-04-30,37.11663568158722,37.268996137283175,36.930419858240434,37.18435287475586
2019-05-01,37.25206418541516,37.53985577801465,36.85423700515502,36.90502166748047
2019-05-02,36.989662170410156,37.11662703462245,36.778050834456934,36.989662170410156
2019-05-03,37.26053506619207,37.48060949772085,37.20974716863912,37.42982482910156
2019-05-06,36.26172313387739,36.72726748464996,36.21940150724954,36.65955352783203
2019-05-07,36.27865441001941,36.27865441001941,35.72846354703443,35.9400749206543
2019-05-08,36.04165030157333,36.194007518256335,35.872360558784855,35.88928985595703
2019-05-09,35.08516655129644,35.49146000301973,34.83123354758605,35.32217025756836
2019-05-10,35.42374033310798,35.64381795546624,34.99205457991769,35.53377914428711
2019-05-13,34.43339812877737,34.59422158768376,34.179465161949906,34.3487548828125
2019-05-14,34.81430086778051,34.95819503862754,34.687332763794174,34.83123016357422
2019-05-15,34.619619540574426,34.96666203934108,34.56883165212086,34.89894485473633
2019-05-16,34.84815423963838,35.059765581571384,34.712723109958574,34.729652404785156
2019-05-17,34.15407522221949,34.391082161979995,34.06943196233363,34.10329055786133
2019-05-20,34.001717996261725,34.11175682769698,33.832431460433575,33.95939636230469
2019-05-21,34.187934415884875,34.399545798235174,34.10329115451813,34.391082763671875
2019-05-22,34.34876225354359,34.382617621834676,34.18793553119333,34.22179412841797
2019-05-23,33.75625057971833,33.92554034123032,33.646211750395494,33.78164291381836
2019-05-24,34.044035183917416,34.08635680833303,33.78163594624783,33.815494537353516
2019-05-28,34.17100564121117,34.21332727254276,33.86628472933007,33.93400192260742
2019-05-29,33.79857382714139,34.17100873710899,33.75625219197545,34.15407943725586
2019-05-30,34.264113659659486,34.47572503593871,34.23872132776466,34.340293884277344
2019-05-31,34.179472103276936,34.54344394692212,34.15407654118374,34.458797454833984
2019-06-03,34.74658091481457,34.95819225196806,34.6788669659705,34.771976470947266
2019-06-04,34.628089170713636,34.87355916826742,34.55190893798776,34.84816360473633
2019-06-05,34.89048257340246,34.90741186991866,34.4757228810884,34.56883239746094
2019-06-06,34.56883272724807,34.66194224450887,34.44186461663186,34.58576202392578
2019-06-07,34.771977542677085,35.14441234513047,34.75504824771109,34.85662078857422
2019-06-10,35.17827468601537,35.38988605225454,35.10209446501194,35.22059631347656
2019-06-11,35.67767055969147,35.73692147216615,35.51684388674658,35.6184196472168
2019-06-12,35.364486995070855,35.3898825521825,35.16980494485693,35.23752212524414
2019-06-13,35.28832313181647,35.34757407764171,35.06824865145619,35.178287506103516
2019-06-14,34.94972896429541,34.96665825861614,34.77197621732685,34.788902282714844
2019-06-17,34.815345945144756,34.99445400072385,34.815345945144756,34.92622375488281
2019-06-18,35.31003616579069,35.847360440733816,35.30150534987243,35.770599365234375
2019-06-19,35.83883525796736,36.24822660329585,35.75354336088651,36.06911849975586
2019-06-20,36.82819121633126,36.85377715362616,36.45291670394504,36.59790802001953
2019-06-21,36.45292205455503,36.563796634808945,36.39321610284896,36.47850799560547
2019-06-24,36.46143913498991,36.52114181597941,36.393205640400716,36.42732238769531
2019-06-25,36.282338570261345,36.324982886393066,36.00088022739699,36.05205535888672
2019-06-26,36.33350867436586,36.52114756044808,36.30792273664651,36.393211364746094
2019-06-27,36.546731930246274,36.6661405594365,36.4870292424274,36.64908218383789
2019-06-28,36.64908314816188,36.67466908545678,36.48703020248739,36.59790802001953
2019-07-01,37.27170436381162,37.305821120603106,36.89642654621128,37.03289031982422
2019-07-02,36.99877052803732,37.02435646450568,36.83671758759782,36.93906784057617
2019-07-03,36.76849115523507,36.8708381652832,36.717316023434606,36.8708381652832
2019-07-05,36.614959716796875,36.70024832792329,36.427320868056405,36.614959716796875
2019-07-08,36.35909786563782,36.444386493737404,36.299395175257594,36.393211364746094
2019-07-09,36.10323670738775,36.32498914159035,36.09470589056073,36.282344818115234
2019-07-10,36.649081042893826,36.785544789881854,36.555261606798496,36.589378356933594
2019-07-11,36.717311299946836,36.717311299946836,36.418797870061624,36.52114486694336
2019-07-12,36.555268486813965,36.580854427454604,36.40174633586421,36.54673767089844
2019-07-15,36.70025158123494,36.75995426502619,36.64907971144371,36.68319320678711
2019-07-16,36.725842294247556,36.82818929163088,36.59790610735411,36.632022857666016
2019-07-17,36.6149643030651,36.68319454980213,36.47850055603867,36.52114486694336
2019-07-18,36.504090638497686,36.78554897883475,36.48703226148761,36.74290466308594
2019-07-19,36.84524555854358,36.86230393272347,36.52114295623006,36.555259704589844
2019-07-22,36.64908506707611,36.70025694434521,36.5382072437385,36.56379318237305
2019-07-23,36.60643768310547,36.691729568239936,36.46144635870599,36.60643768310547
2019-07-24,36.563795057813586,36.691731264653946,36.563795057813586,36.66614532470703
2019-07-25,36.58937876181561,36.76848682167825,36.273803699902494,36.342037200927734
2019-07-26,36.48703060539458,36.52114735786621,36.3164533501416,36.418800354003906
2019-07-29,36.29939117951057,36.37615223777157,36.17145499789149,36.350563049316406
2019-07-30,36.06911849975586,36.120290384451174,35.958240660327355,36.06911849975586
2019-07-31,36.052060075780076,36.077646018096104,35.20768819026587,35.6256103515625
2019-08-01,35.634128416551185,35.90705590701999,34.832404319993095,34.92622375488281
2019-08-02,34.78976118587467,34.866522248511295,34.48271693532815,34.58506393432617
2019-08-05,33.62982396949275,33.6980542303902,33.135140750385794,33.305721282958984
2019-08-06,33.87715989395016,33.95392095804878,33.56158482290442,33.78334045410156
2019-08-07,33.44217980416989,33.953921321489204,33.30571605026191,33.93686294555664
2019-08-08,34.150084306436,34.3718366640002,34.064792435409615,34.35477828979492
2019-08-09,34.14156020245635,34.19273533512971,33.86010510663493,34.005096435546875
2019-08-12,33.57864474846271,33.70658094571609,33.50188368082121,33.595703125
2019-08-13,33.339836908146815,34.209794666533384,33.28013421180633,34.02215576171875
2019-08-14,33.339834258762,33.42512288859859,33.0242624241034,33.04132080078125
2019-08-15,33.348357772315815,33.39953289613746,33.101019474391926,33.26306915283203
2019-08-16,33.570110706851736,33.86009654490378,33.570110706851736,33.7236328125
2019-08-19,34.15008950571276,34.1586170673376,33.834514415197816,33.860103607177734
2019-08-20,33.9709732115414,34.09037856671944,33.885681348162855,33.92832565307617
2019-08-21,34.286558164728646,34.286558164728646,34.09039168380617,34.25244140625
2019-08-22,33.99656450412862,34.04773637667227,33.71510619092885,33.80892562866211
2019-08-23,33.73217098761545,34.04774285806637,33.25454940067416,33.305721282958984
2019-08-26,33.54453107863107,33.587175392981464,33.39953650557654,33.484825134277344
2019-08-27,33.71510237372043,33.83450773420649,33.518935959557325,33.544525146484375
2019-08-28,33.48482548959978,33.698050317167045,33.399536859993944,33.63834762573242
2019-08-29,33.85156934757831,34.039208219759374,33.73216397566395,34.01362228393555
2019-08-30,34.29507732647664,34.303608140783126,34.08185251854746,34.278018951416016
2019-09-03,33.88568458319033,34.07332344698488,33.88568458319033,34.06479263305664
2019-09-04,34.53389490541565,34.678886228139966,34.45713383645787,34.6362419128418
2019-09-05,35.04563427457155,35.156512100601034,35.011517519862046,35.0285758972168
2019-09-06,35.22473888638408,35.30149995014213,35.13945026156514,35.18209457397461
2019-09-09,35.275914188938096,35.395319565699765,35.182094749038924,35.292972564697266
2019-09-10,35.258851243916695,35.38678741875471,35.113856695530146,35.31855392456055
2019-09-11,35.44649352244507,35.59148483128126,35.38679083603576,35.56589889526367
2019-09-12,35.79618377712489,36.03499453408378,35.668247583866886,35.82176971435547
2019-09-13,36.03499393071213,36.12028255575436,35.958232866753136,36.026466369628906
2019-09-16,35.74500274658203,35.91558322490744,35.65971413419533,35.74500274658203
2019-09-17,35.420900163118965,35.77058867958764,35.39531423011336,35.74500274658203
2019-09-18,35.68530999842722,35.736485132232495,35.31856300670507,35.60002136230469
2019-09-19,35.60002312679391,35.71942852470487,35.39532583498006,35.45502853393555
2019-09-20,35.7194304317824,35.7620747542341,35.3441525856796,35.4891471862793
2019-09-23,35.318557146825434,35.540309516083724,35.318557146825434,35.52325439453125
2019-09-24,35.50620684503854,35.514734408414775,35.11387060511098,35.147987365722656
2019-09-25,34.91769349916854,35.19915180833943,34.78976056608827,35.12239074707031
2019-09-26,35.18209458670621,35.22473889913111,35.0115140834541,35.113861083984375
2019-09-27,35.11385881154952,35.199150684432055,34.53389034370969,34.66182327270508
2019-09-30,34.9518096998076,35.05415669537293,34.81534595453638,34.85799026489258
2019-10-01,34.88358042169805,34.892107982584925,34.5850637338185,34.610652923583984
2019-10-02,34.354783817802215,34.405958948652604,34.17567574015494,34.346256256103516
2019-10-03,34.46566174834234,34.789764404296875,34.37184230160134,34.789764404296875
2019-10-04,34.687414491679945,35.011517150899124,34.65330099088275,34.94328689575195
2019-10-07,34.7300584869271,34.90916654850123,34.627708234411216,34.653297424316406
2019-10-08,34.585068166560234,34.62771248356517,34.38037414351542,34.40596008300781
2019-10-09,34.68741568939665,34.80682433374459,34.627712993999126,34.67036056518555
2019-10-10,34.798292683256854,35.173570477955785,34.78976512135588,35.0285758972168
2019-10-11,35.56590575826395,35.86441924791333,35.50620306033407,35.59149169921875
2019-10-14,35.54883938683142,35.60001451078762,35.429434017819254,35.43796157836914
2019-10-15,35.54031140455327,35.830297289639645,35.52325628209456,35.753536224365234
2019-10-16,35.71942840516166,35.89000893884346,35.6426673276825,35.855892181396484
2019-10-17,36.13733902290985,36.15439739772787,35.941172592831094,35.992347717285156
2019-10-18,35.915588202494604,36.00940764125374,35.71089094942446,35.804710388183594
2019-10-21,35.9582265939912,36.13733462746672,35.90705147576165,36.128807067871094
2019-10-22,36.154396057128906,36.28233223674404,36.10322418812461,36.154396057128906
2019-10-23,36.009415006491274,36.205581485132434,35.983825811153295,36.16293716430664
2019-10-24,36.31645932212201,36.324986884865915,36.13734796896866,36.16293716430664
2019-10-25,36.16293121757185,36.44438629158134,36.145872841336036,36.418800354003906
2019-10-28,36.58937854655233,36.725842294247556,36.57232017139638,36.632022857666016
2019-10-29,36.44438934326172,36.55526717130261,36.410272587933314,36.44438934326172
2019-10-30,36.359099350097374,36.60643768310547,36.20557721040807,36.60643768310547
2019-10-31,36.46997089978842,36.47850171437167,36.12881314816544,36.31645202636719
2019-11-01,36.7002479583218,36.88788680517259,36.68318958555792,36.862300872802734
2019-11-04,37.33140814650528,37.37405246695765,37.16935842736505,37.229061126708984
2019-11-05,37.450803561372474,37.47638949611245,37.27169551108818,37.44227600097656
2019-11-06,37.41669160600032,37.45080835905901,37.20346677971245,37.322872161865234
2019-11-07,37.60432986847535,37.7407936248865,37.553154739738936,37.595802307128906
2019-11-08,37.29729062084393,37.38258251354577,37.177885224614386,37.25464630126953
2019-11-11,36.794075554365705,37.03288631900033,36.75995880126,36.99024200439453
2019-11-12,36.896421828971654,36.91348020518647,36.68319700661535,36.75143051147461
2019-11-13,36.38468207906729,36.538204205213134,36.333506952501196,36.469970703125
2019-11-14,36.43585319670357,36.5467277450689,36.307917021140995,36.49555587768555
2019-11-15,36.734366413750095,36.862302588658395,36.70024966663427,36.78554153442383
2019-11-18,36.794075589638226,36.86230909591505,36.69172858377565,36.72584533691406
2019-11-19,36.99878262138318,36.99878262138318,36.75144097616859,36.802616119384766
2019-11-20,36.67466927302133,36.81113302854629,36.487030389092304,36.64055252075195
2019-11-21,36.49556292816333,36.58085155931366,36.40174348176633,36.56379318237305
2019-11-22,36.63202669013549,36.66614344401672,36.47850455122272,36.56379318237305
2019-11-25,36.79407822341821,36.96465874776804,36.75996146783767,36.9305419921875
2019-11-26,36.725836389427755,36.836710929786335,36.580841850690746,36.81965255737305
2019-11-27,36.751423076613456,36.87935924556662,36.68318958555792,36.862300872802734
2019-11-29,36.36763346506547,36.43586698546831,36.282344818115234,36.282344818115234
2019-12-02,36.393212911469995,36.40174372677408,36.13734376274411,36.273807525634766
2019-12-03,35.95823400138047,36.09469775788551,35.79618430726592,36.0861701965332
2019-12-04,36.35909652709961,36.41879921528192,36.307921399992274,36.35909652709961
2019-12-05,36.43585624513398,36.57231999216041,36.37615355915693,36.52114486694336
2019-12-06,36.734371185302734,36.78554631262378,36.65761012109741,36.734371185302734
2019-12-09,36.70025291454411,36.81965828646458,36.572319981866045,36.589378356933594
2019-12-10,36.66614760544852,36.79408056669379,36.5979140899419,36.71731948852539
2019-12-11,36.92201605361493,37.28876305835026,36.90495767507456,37.25464630126953
2019-12-12,37.36552302299703,37.95402242413718,37.331406266931616,37.90284729003906
2019-12-13,37.996658139805476,38.26958561943073,37.783433343001235,37.885780334472656
2019-12-16,38.233354451892936,38.337887643061784,38.17237648012359,38.20722198486328
2019-12-17,38.50341056108675,38.59923405858061,38.43371953634541,38.5556755065918
2019-12-18,38.729894482598674,38.77344970561805,38.642784036559924,38.764739990234375
2019-12-19,38.642794411823964,38.790882874460436,38.61666193560609,38.78217315673828
2019-12-20,38.825723487653796,38.91283394607868,38.764745502146184,38.86056900024414
2019-12-23,38.84314646495426,38.91283416748047,38.799591235494,38.91283416748047
2019-12-24,38.8344347800037,38.86927696797537,38.74732100244745,38.825721740722656
2019-12-26,38.973811254484744,39.12189968321789,38.95638849997779,39.10447692871094
2019-12-27,39.35711120015295,39.3745339587838,39.15675446047531,39.261287689208984
2019-12-30,39.357104780283045,39.357104780283045,38.947678326871646,38.99994659423828
2019-12-31,39.02608484293194,39.13061807008704,38.92155161577683,39.08706283569336
2020-01-02,39.51390430198901,39.8797721862793,39.50519126300073,39.8797721862793
2020-01-03,39.22643081842512,39.42678750011241,39.12189761994707,39.139320373535156
2020-01-06,38.85185581215338,39.087058036663244,38.84314609556456,39.04350280761719
2020-01-07,39.01737594604492,39.11319945755759,38.930262152373665,39.01737594604492
2020-01-08,38.965104679844984,39.46164163498923,38.93025916505036,39.24386215209961
2020-01-09,39.61843422438643,39.61843422438643,39.426787259139275,39.50518798828125
2020-01-10,39.75782296388481,39.87106922857284,39.661999457075815,39.71426773071289
2020-01-13,39.99301682798029,40.35017498201035,39.90590637989514,40.3327522277832
2020-01-14,40.097549168579626,40.13239467628508,39.91461523770179,40.10626220703125
2020-01-15,39.95817859965313,40.00173383163119,39.73168939953649,39.792667388916016
2020-01-16,40.05400543323114,40.10627370978021,39.92333972643567,40.04529571533203
2020-01-17,40.175958416408086,40.297914396180445,40.080134911429454,40.27178192138672
2020-01-21,39.4355127199586,39.505200432786836,39.226442935370926,39.25257873535156
2020-01-22,39.688124927846246,39.705547681191554,39.46163245740767,39.57487869262695
2020-01-23,38.95639225108606,39.287414649440386,38.747322499921935,39.16545867919922
2020-01-24,39.21773132095985,39.22644103849789,38.66892607062582,38.85186004638672
2020-01-27,37.231584154828006,39.174176863331105,37.161893120937535,37.51034164428711
2020-01-28,37.64971934331511,37.89363130905445,37.48420480394802,37.82394027709961
2020-01-29,38.12011319036048,38.146248983846064,37.89362402613964,38.00687026977539
2020-01-30,37.1618896617331,37.48420235584566,36.96153294252524,37.44064712524414
2020-01-31,36.848280955162316,36.874416747900376,36.48241308733524,36.682769775390625
2020-02-03,36.822149704648886,37.17930786875577,36.81343666576419,37.09219741821289
2020-02-04,38.0504264831543,38.268205937236885,38.02429401204063,38.0504264831543
2020-02-05,38.729898948785646,38.738611988224584,38.24207507783381,38.26820755004883
2020-02-06,38.61665778266467,38.634077216235646,38.294341769733784,38.30305480957031
2020-02-07,37.91975973768899,37.937182493818334,37.67584779798011,37.771671295166016
2020-02-10,37.78909211729582,38.00687157319049,37.78909211729582,37.980735778808594
2020-02-11,38.45114337490054,38.68634560544689,38.398878427924274,38.47727584838867
2020-02-12,38.84314511518927,39.06092457797391,38.76474437566477,38.99994659423828
2020-02-13,38.58181594065428,38.721194683841944,38.46856967336075,38.485992431640625
2020-02-14,38.7298956852221,38.73860872392683,38.364027812837975,38.5034065246582
2020-02-18,38.233366884298746,38.372745625529305,38.16367917520913,38.250789642333984
2020-02-19,38.54696377089771,38.61665479198857,38.49469550507957,38.529541015625
2020-02-20,38.22465080275735,38.62536420169872,37.80651464868148,37.928470611572266
2020-02-21,37.841359045938894,37.91975978709761,37.65842509091887,37.710693359375
2020-02-24,36.11655027657003,36.50855402809169,36.09041780081903,36.29948425292969
2020-02-25,36.830862074163285,36.891840058546926,36.01201248168945,36.01201248168945
2020-02-26,36.438866318405246,36.79602455355801,36.27335177717869,36.29948425292969
2020-02-27,35.89876440357281,36.16881212285926,35.41965026933298,35.42835998535156
2020-02-28,34.45271351788236,35.384809438517834,34.217511277668095,35.297698974609375
2020-03-02,35.40222252636851,36.072983549019966,35.193156140870826,36.064273834228516
2020-03-03,36.07299856894904,36.656649394503006,35.56775182441513,35.82037353515625
2020-03-04,36.360459584968496,36.52597077590876,36.1600995603424,36.45627975463867
2020-03-05,36.16881525606647,36.30819398579298,35.54160931077163,35.689701080322266
2020-03-06,35.079918009672525,35.18445122655642,34.679204575741736,34.95796203613281
2020-03-09,32.43172339245734,33.18959513722087,31.882918110983017,32.571102142333984
2020-03-10,33.93004655554354,34.26107232395827,33.250572260055264,34.226226806640625
2020-03-11,33.27670498198001,33.38995124126307,32.42300982496022,32.632076263427734
2020-03-12,29.731254388407855,30.201655521467895,28.65106674730665,29.36538314819336
2020-03-13,31.89162323785593,31.97002397289637,29.949030939688,31.482196807861328
2020-03-16,27.875769670671495,29.16502361917397,27.518611504688046,27.553455352783203
2020-03-17,28.363601940914705,29.452499389648438,27.90190716297672,29.452499389648438
2020-03-18,26.926255307560027,27.89319674959876,26.264205475864877,26.908832550048828
2020-03-19,26.839141484588083,27.483768518014607,26.35131593579716,27.11789894104004
2020-03-20,28.389732919830823,28.502979178984067,27.222434783396725,27.31825828552246
2020-03-23,27.05691901412966,27.144031128403046,26.22064670476608,26.6649169921875
2020-03-24,28.40715286538222,28.720755814737622,28.180660369491854,28.668487548828125
2020-03-25,29.191154639705147,30.079695152582946,28.912397222690604,29.67898178100586
2020-03-26,29.931618189852582,30.88113704359535,29.86192714738803,30.802736282348633
2020-03-27,29.138894484708857,29.583163152558917,28.912401969294255,29.051780700683594
2020-03-30,29.156319956637166,29.557033431315766,28.938540460870357,29.530900955200195
2020-03-31,29.600585564646092,30.09712249712882,29.54831729483963,29.73125457763672
2020-04-01,28.83400213331516,29.034362181358002,28.415865925978064,28.459421157836914
2020-04-02,28.999515933362932,29.565740579312685,28.921115188778987,29.417652130126953
2020-04-03,29.34795991371059,29.49605167994884,28.703334549287973,28.860136032104492
2020-04-06,30.001294527801576,30.44556644734202,29.87933857280633,30.436853408813477
2020-04-07,31.438643838557308,31.464776311095918,30.53268046264158,30.593658447265625
2020-04-08,30.67206056952925,30.985663546322282,30.436858336934474,30.907262802124023
2020-04-09,31.238285931486764,31.43864263372328,30.715613239388595,30.79401397705078
2020-04-13,30.785303832380794,30.88112732408421,30.489123641229675,30.83757209777832
2020-04-14,31.543176651000977,31.778378870012983,31.368952415838283,31.543176651000977
2020-04-15,30.794014023639185,30.889837516821363,30.59365732109955,30.733036041259766
2020-04-16,31.168594430097368,31.203439940310908,30.794013502928724,30.898550033569336
2020-04-17,31.73482463195572,31.778379861342383,31.36024367773865,31.586732864379883
2020-04-20,31.255714747170988,31.569317758625605,31.125045718047744,31.186023712158203
2020-04-21,30.47170447934492,30.645928728163902,30.262638039203058,30.32361602783203
2020-04-22,31.16859348516939,31.246994219247625,31.090192751091156,31.15117073059082
2020-04-23,31.395087715990293,31.612867175746523,31.020506779365512,31.03792953491211
2020-04-24,31.090195402660136,31.133753954346833,30.70690473839412,30.994375228881836
2020-04-27,31.403794959248955,31.682552379941246,31.351530019775762,31.62157440185547
2020-04-28,32.07455599842501,32.10068846812673,31.66512958349515,31.682552337646484
2020-04-29,32.22265111027914,32.666919756829614,32.16166980285954,32.60594177246094
2020-04-30,32.44042779204946,32.54496099584848,31.708688719355095,31.917755126953125
2020-05-01,31.14246618614297,31.25571244818328,30.66335198635101,30.767885208129883
2020-05-04,30.8898320439333,31.133747253286252,30.767876100781933,31.098901748657227
2020-05-05,31.412509132249593,31.56931060243284,31.238284907262575,31.273130416870117
2020-05-06,31.464781977144202,31.499627495504477,31.159891999120642,31.17731475830078
2020-05-07,31.473488775759396,31.5693122707186,31.28184178584099,31.429933547973633
2020-05-08,31.83064530430082,32.187803470442155,31.804509510548538,32.09197998046875
2020-05-11,31.900332529340886,32.09197950645699,31.848067588709696,31.882909774780273
2020-05-12,32.14424785848389,32.37073702229305,31.752244187419322,31.760953903198242
2020-05-13,32.11811597445187,32.18780700136863,31.490913347456335,31.699979782104492
2020-05-14,31.090196488672152,31.874203923705785,30.97695355487367,31.821935653686523
2020-05-15,31.32539934654323,31.5344691077563,31.22086612746225,31.386377334594727
2020-05-18,32.16167657427987,32.68434939426487,32.15296685598668,32.61465835571289
2020-05-19,32.56238317298674,32.71918463743046,32.33589069187889,32.35331344604492
2020-05-20,32.86728473408267,33.02408625420492,32.597236933193976,32.780174255371094
2020-05-21,32.579814320869154,32.69305726754791,32.24878855253169,32.40559005737305
2020-05-22,31.900340172379487,31.900340172379487,31.630295719616342,31.73482894897461
2020-05-26,32.73661015804037,32.86727584075181,32.39687140766859,32.43171691894531
2020-05-27,32.57980961999286,32.60594209267867,32.15296040216919,32.536251068115234
2020-05-28,32.640786759362086,32.797588237516734,32.29233829167378,32.30976104736328
2020-05-29,32.536253309357434,32.92825704190234,32.309764110026585,32.867279052734375
2020-06-01,33.172174164069666,33.65128838687937,33.1111928484635,33.625152587890625
2020-06-02,34.034571045489976,34.47012993096904,33.95617031318172,34.42657470703125
2020-06-03,34.88826902770392,35.29769547823095,34.83600408375637,35.228004455566406
2020-06-04,34.766321349717906,35.00152362270893,34.557251554930886,34.731475830078125
2020-06-05,35.62872924508699,35.855218473851984,35.559038206665996,35.646148681640625
2020-06-08,35.54159808740854,35.881333426144245,35.332531720363484,35.86391067504883
2020-06-09,35.34996595390616,35.69841111984724,35.21929693977133,35.62001037597656
2020-06-10,35.724546157255645,35.98588420428044,35.42836591727201,35.88134765625
2020-06-11,34.72275440691818,34.91440137728257,33.9648828870098,34.00843811035156
2020-06-12,34.862144867201465,34.93183258342937,34.217516046072184,34.731475830078125
2020-06-15,33.8377725705687,34.617565366212865,33.732632832657536,34.416046142578125
2020-06-16,35.28346273159461,35.28346273159461,34.38976648802341,34.635093688964844
2020-06-17,34.93298895715866,35.14327178154257,34.86289691058543,34.96803665161133
2020-06-18,34.88041782396989,35.11698472812927,34.87165422992779,34.985557556152344
2020-06-19,35.458696483156245,35.46745673613112,34.85413541558838,34.97679901123047
2020-06-22,35.21335754284389,35.48497211287312,35.13450191556647,35.4061164855957
2020-06-23,35.82668890164735,35.9844002010358,35.712785553792926,35.747833251953125
2020-06-24,35.60763506819788,35.712774788653064,35.029361592197226,35.274688720703125
2020-06-25,35.15203798443751,35.43241290285581,35.02937437542109,35.42365264892578
2020-06-26,35.31850991825684,35.336033766975035,34.84537602986265,34.99432373046875
2020-06-29,35.00308326151359,35.169554791507586,34.80156403815286,35.15203094482422
2020-06-30,35.090703733144515,35.12575143108619,34.81909242992768,35.03813552856445
2020-07-01,35.230888146848706,35.56383456394078,35.20460404682348,35.43240737915039
2020-07-02,36.194675486572564,36.448762889323845,36.080772162512616,36.23848342895508
2020-07-06,37.48265024943352,37.80683640972335,37.48265024943352,37.798072814941406
2020-07-07,37.3161797331015,37.57027051140183,37.14970819335242,37.16722869873047
2020-07-08,37.67540581778142,38.13101577758789,37.63159787483175,38.13101577758789
2020-07-09,38.463962160202584,38.51653035480946,37.78930914331598,38.13101577758789
2020-07-10,37.87693281534232,37.93826461654581,37.63160561052836,37.88569641113281
2020-07-13,38.14854506308326,38.428919948739754,37.56150784838653,37.6316032409668
2020-07-14,37.19352294240583,37.78932050416887,37.10590368783314,37.68417739868164
2020-07-15,37.911976150781946,37.982068197376975,37.64912512696941,37.798072814941406
2020-07-16,37.07085139102348,37.29865471947143,37.018279849536064,37.263607025146484
2020-07-17,37.53522400968433,37.55274785795187,37.28113322330334,37.47389221191406
2020-07-20,37.68416543981618,37.9995879715146,37.57902571002728,37.955780029296875
2020-07-21,38.55157868432386,38.569102530260196,38.28872767994257,38.306251525878906
2020-07-22,38.29748941440787,38.29748941440787,37.929498662493906,38.13977813720703
2020-07-23,38.11349713738688,38.262444832225,37.64912686250067,37.83312225341797
2020-07-24,37.43008205007027,37.798072814941406,37.3512264086933,37.798072814941406
2020-07-27,38.060922796342865,38.41139304671566,37.94702280595392,38.385108947753906
2020-07-28,38.31502174128387,38.35882969635078,38.02588656397605,38.06969451904297
2020-07-29,38.4201595145454,38.788153671204185,38.4201595145454,38.683013916015625
2020-07-30,38.2273885359601,38.34128849913586,37.84187068419228,38.19234085083008
2020-07-31,38.227395458021775,38.23615570972494,37.640358323954835,37.92949676513672
2020-08-03,38.06967729520621,38.27995672132392,38.03462961007619,38.19234085083008
2020-08-04,38.35882810593656,38.70053482055664,38.35006785221948,38.70053482055664
2020-08-05,39.042230496866736,39.296317869063664,39.01594306073292,39.12108612060547
2020-08-06,39.00719601864948,39.26128681921662,38.86700856701459,39.2437629699707
2020-08-07,38.542818552018204,38.68300597761165,38.23615626067939,38.43767547607422
2020-08-10,38.499009922787444,38.61291325842158,38.23615889945122,38.5340576171875
2020-08-11,38.788143583730566,38.86699921519747,38.38510517504718,38.42891311645508
2020-08-12,38.8231982215796,39.05976515831625,38.7355789807518,38.94586181640625
2020-08-13,38.90205798553213,38.96338978943835,38.66549102375127,38.83196258544922
2020-08-14,38.735572454813095,38.82319168087934,38.683004261505076,38.76185989379883
2020-08-17,39.050998475721755,39.27004154697545,38.98966668315728,39.25251770019531
2020-08-18,39.252517662539184,39.31384945504482,38.95461895222667,39.208709716796875
2020-08-19,39.08604091014961,39.09480116119496,38.71804686194535,38.726810455322266
2020-08-20,38.07845105763495,38.612916747366135,37.99959540927572,38.604156494140625
2020-08-21,38.53405830425252,38.81443317978787,38.3675867663822,38.79690933227539
2020-08-24,39.37517829415609,39.401465733495364,39.077279606187915,39.22623062133789
2020-08-25,39.35766333198288,39.655562087188706,39.27004742729456,39.62051773071289
2020-08-26,39.62927130304572,39.76945873231198,39.57669976369638,39.725650787353516
2020-08-27,39.83079399715884,39.83079399715884,39.22623628241495,39.39270782470703
2020-08-28,39.63803761251749,39.918412490254816,39.53289452661686,39.90964889526367
2020-08-31,39.173666940969774,39.182430536617595,38.770628441813535,39.02471923828125
2020-09-01,39.392710229128056,39.71689642300903,39.35766253103296,39.690608978271484
2020-09-02,39.74317575771508,39.75193601002172,39.23499422329635,39.58546447753906
2020-09-03,39.3751885667612,39.38395216293789,38.58663536982432,38.83196258544922
2020-09-04,38.91957172084656,39.129854542171444,38.1835902020396,38.84947967529297
2020-09-08,38.166071136963595,38.516538093306295,38.05216778854429,38.17483139038086
2020-09-09,38.56034027171918,38.823194627536665,38.463964129229,38.74433898925781
2020-09-10,38.788142323429526,38.84947410787414,38.122249603271484,38.122249603271484
2020-09-11,38.647960916107394,38.770624504058965,38.297490657103964,38.49024963378906
2020-09-14,38.9984280542082,39.173663184704886,38.945859854691676,39.11233139038086
2020-09-15,39.59421999727652,39.62926768697806,39.445272329542426,39.52412796020508
2020-09-16,39.64679656028615,39.78698399454084,39.454037584811424,39.471561431884766
2020-09-17,38.998431622243125,39.37518601746467,38.972147520080085,39.3138542175293
2020-09-18,39.34890121037055,39.383948907515006,38.94586272020635,39.00719451904297
2020-09-21,38.35006573263424,38.67424857957018,38.01711929013299,38.64796447753906
2020-09-22,38.5077728965285,38.525296743445914,38.043399309047075,38.358821868896484
2020-09-23,38.24492852400705,38.31502058152595,37.72798664826624,37.763031005859375
2020-09-24,37.23731742139279,37.85063861209381,37.17598563655584,37.58778762817383
2020-09-25,37.27237015477072,37.64036091359418,37.05332708147141,37.62283706665039
2020-09-28,38.12225927439767,38.20111492330706,37.85940822547718,38.04340362548828
2020-09-29,37.929496845389245,38.13977631002842,37.89444915383877,38.017112731933594
2020-09-30,38.31502095525477,38.735583331468256,38.28873685122038,38.63044357299805
2020-10-01,38.91957059924182,39.015950083641044,38.69176727984254,38.98966598510742
2020-10-02,38.40263634685348,38.88453047894356,38.3588250547552,38.542823791503906
2020-10-05,38.75310253498758,39.05976486206055,38.75310253498758,39.05976486206055
2020-10-06,39.18242765263927,39.42775483540213,38.998428923234925,39.12985610961914
2020-10-07,39.48908201617987,39.68184097572793,39.37517869078041,39.55917739868164
2020-10-08,39.69937024041825,39.927173579981115,39.38394766076792,39.883365631103516
2020-10-09,39.97974836844459,40.26888352836626,39.865845018253616,40.15498352050781
2020-10-12,40.37402354043804,40.60182688108334,40.28640429993425,40.50544738769531
2020-10-13,40.36525809880613,40.39154219858882,40.12869117376552,40.33897399902344
2020-10-14,40.32144686122341,40.4265865941062,40.049832263750034,40.06735610961914
2020-10-15,39.48908268614355,39.81326547988473,39.44527474250261,39.778221130371094
2020-10-16,39.91841125488281,40.03231124758531,39.786984072740445,39.91841125488281
2020-10-19,40.04107513340538,40.2075466686415,39.72565256783623,39.804508209228516
2020-10-20,40.049832892654926,40.452871326977764,40.03230904651065,40.242591857910156
2020-10-21,40.303930984956295,40.584305889638955,40.25135943695361,40.356502532958984
2020-10-22,40.42658436013554,40.46163204993702,40.14620952638703,40.34772872924805
2020-10-23,40.38278556108846,40.58430480957031,40.19002656587433,40.58430480957031
2020-10-26,40.10240551007071,40.33897242588569,39.73441141580341,40.058597564697266
2020-10-27,40.17249770606994,40.34773283055816,40.041073869452774,40.233829498291016
2020-10-28,39.59422134877,39.646792885116774,39.19118293044004,39.22623062133789
2020-10-29,39.37518718138705,39.75194158774538,39.234999728486216,39.62051773071289
2020-10-30,39.2963276845098,39.35765948025591,38.910813062343934,39.17366409301758
2020-11-02,39.58547216432239,39.690611924078624,39.35766545212906,39.67308807373047
2020-11-03,39.74318025608388,39.95345975856455,39.58546895805717,39.84832000732422
2020-11-04,40.38278480171664,41.25895717463969,40.30392915446027,41.10124588012695
2020-11-05,41.80218505859375,41.97742020981336,41.45171809848704,41.80218505859375
2020-11-06,41.7671274368682,42.152645346426674,41.653227456618396,41.99493408203125
2020-11-09,43.353000218867805,43.39680816056713,42.26654855846493,42.2840690612793
2020-11-10,42.11760766232254,42.22274741612131,41.61818965386279,41.80218505859375
2020-11-11,41.740845115761076,42.14388354532363,41.67075307434369,42.07379150390625
2020-11-12,42.17893557929254,42.327886613927454,41.65323351638248,41.75837326049805
2020-11-13,42.26655375163032,42.371693493093254,42.047510673888794,42.34540939331055
2020-11-16,42.801017432032424,43.011300264061916,42.722161787812894,42.87111282348633
2020-11-17,42.60826555065805,42.941208662451835,42.54693374888906,42.827308654785156
2020-11-18,43.011298769126476,43.02005902158762,42.66959210349589,42.67835235595703
2020-11-19,42.47683659180346,42.809783032138704,42.389220690714794,42.748451232910156
2020-11-20,42.84482082501211,43.107671809846885,42.80977313574571,42.985008239746094
2020-11-23,43.44938536407534,43.458145616625316,43.002538952719334,43.098915100097656
2020-11-24,43.45814579299902,43.703476315711924,43.23034246012149,43.677188873291016
2020-11-25,43.28291798814437,43.458149794647674,43.16025104432661,43.43186569213867
2020-11-27,43.76481423771951,43.957569902575685,43.72976653780653,43.84366989135742
2020-11-30,43.204058628955345,43.204058628955345,42.67835322758302,42.69587707519531
2020-12-01,43.449394280063615,43.70348510647127,43.2391114100597,43.537010192871094
2020-12-02,43.46690761400361,43.68595068535631,43.30043274068306,43.598331451416016
2020-12-03,44.01013999993549,44.3168023505541,43.97509230117922,44.09775924682617
2020-12-04,44.43946379811499,44.57965124400709,44.360608150904916,44.55336380004883
2020-12-07,44.49203200136681,44.67603073974522,44.37813199943297,44.55336380004883
2020-12-08,44.50079646613796,44.57088851928711,44.36060901750725,44.57088851928711
2020-12-09,44.71107732637756,44.71107732637756,43.975092363121725,44.18537521362305
2020-12-10,44.13280169927519,44.80745483073127,44.10651759750819,44.754886627197266
2020-12-11,44.474505106718055,44.605932290510665,44.36060511258538,44.43946075439453
2020-12-14,44.54479687907702,44.571352712513104,44.181852522276806,44.20840835571289
2020-12-15,44.40316220666807,44.712991534135405,44.27923047568114,44.68643569946289
2020-12-16,44.77496732924504,44.96971577348853,44.67759141867984,44.89889907836914
2020-12-17,45.19102096557617,45.2441360166806,45.0493842061844,45.19102096557617
2020-12-18,45.10249509005169,45.16446095550485,44.952004147603745,45.13790512084961
2020-12-21,44.137591428460325,44.65987753674102,44.119886413972786,44.47397994995117
2020-12-22,44.35890094616448,44.40316179583796,44.05792244074392,44.11988830566406
2020-12-23,44.544801890627014,44.66873362978677,44.48283602104713,44.57135772705078
2020-12-24,44.44743031326043,44.553660423066475,44.1376009352102,44.37661361694336
2020-12-28,44.589063394307146,44.65102926479128,44.403165782854735,44.50054168701172
2020-12-29,44.898890761458794,45.19986925795954,44.86348073201488,45.164459228515625
2020-12-30,45.71331103081101,45.9257678763831,45.66905017290887,45.76642608642578
2020-12-31,46.02313741515592,46.03198823475561,45.465441227552766,45.73986053466797
2021-01-04,46.58083206404486,46.74902803505505,45.881502473930595,46.03199005126953
2021-01-05,46.46575318249282,47.15623193277875,46.46575318249282,47.138526916503906
2021-01-06,46.78443801119955,47.30672422429873,46.61624540514238,46.740177154541016
2021-01-07,46.98804041916858,47.18278884887695,46.757878579213255,47.18278884887695
2021-01-08,48.023760157128436,48.45752463792622,47.74933745483704,48.430965423583984
2021-01-11,47.79359918137697,48.06801849239811,47.722779116025336,47.77589416503906
2021-01-12,48.07687119707741,48.3424396801317,47.94408526710703,48.24506378173828
2021-01-13,48.333582826981605,48.59030047647357,48.050309343709884,48.351287841796875
2021-01-14,48.88243196231078,49.11259041906027,48.74079520964497,48.80276107788086
2021-01-15,48.29817513303143,48.39554764708683,47.988342445772986,48.112274169921875
2021-01-19,49.130288931039665,49.165698958739924,48.793900421659394,48.90898132324219
2021-01-20,49.749960845650456,49.803072520923635,49.52865319364746,49.76766586303711
2021-01-21,49.93585297943658,49.97126301032152,49.670284501572354,49.85618209838867
2021-01-22,49.16570664079682,49.52865103921867,49.10374077108235,49.42242431640625
2021-01-25,49.971259105010475,50.05092997983202,49.31618709237936,49.794212341308594
2021-01-26,49.38701356161121,49.510945299229455,49.156851725845975,49.4312744140625
2021-01-27,48.38670414361089,48.581455954937496,48.023759735066506,48.05916976928711
2021-01-28,47.97063953974682,48.57259654940114,47.84670781015088,48.39554977416992
2021-01-29,47.55459100280502,47.669668554504646,46.96148471875468,47.191646575927734
2021-02-01,48.174245736188546,48.554895149366864,47.944087275071865,48.466373443603516
2021-02-02,49.174557666449545,49.20996769983075,48.94439920324501,49.094886779785156
2021-02-03,49.42242525185262,49.52865197667566,49.192263408368234,49.34275436401367
2021-02-04,49.2896454889279,49.395872227060664,48.98866691681247,49.3604621887207
2021-02-05,49.581752468374425,49.80306006502772,49.39585489763828,49.78535842895508
2021-02-08,49.608317635887936,49.96240780693982,49.599463439901996,49.87388610839844
2021-02-09,49.88273933109006,50.44928971046763,49.873888511563976,50.405025482177734
2021-02-10,50.85650356931335,50.92732026818872,50.28110227284819,50.58208084106445
2021-02-11,51.033552405870424,51.343381807401585,50.936176486278576,51.122074127197266
2021-02-12,50.90075612844654,51.31681556349144,50.82108524464829,51.166324615478516
2021-02-16,51.45846011921383,51.60009689223726,51.157481554428166,51.29026412963867
2021-02-17,51.20172998579284,51.34336672443998,50.94501234171795,51.30795669555664
2021-02-18,50.47584168178583,50.59977340698242,50.050931462446265,50.59977340698242
2021-02-19,50.90075892120651,51.175181619765276,50.759122161892535,50.92731475830078
2021-02-22,49.57291116803858,49.90044552844202,49.378159364989,49.4312744140625
2021-02-23,49.112596647329944,49.820780500468146,48.50178870716456,49.652587890625
2021-02-24,48.829315509050865,49.351601652647616,48.52833699618347,49.33389663696289
2021-02-25,49.360458726652475,49.484393852149715,48.138842881590186,48.209659576416016
2021-02-26,47.89982313806311,47.935233168695305,47.262456094229236,47.56343460083008
2021-03-01,48.528339748064475,48.97980923141012,48.42211302481882,48.83816909790039
2021-03-02,48.572599008371405,48.60800904058754,48.20965462037235,48.360145568847656
2021-03-03,48.723088061996265,48.84701979304648,48.08572101443929,48.26276779174805
2021-03-04,48.068018321170335,48.289325959275985,46.89066344242928,47.138526916503906
2021-03-05,47.81129684559613,47.82900186046197,46.74016877286007,47.65195846557617
2021-03-08,46.81099681672673,46.94377938553938,46.25330057243034,46.36838150024414
2021-03-09,47.050001717757915,47.65195871885072,46.98803585384127,47.38638687133789
2021-03-10,47.59884517833242,47.61655019385193,46.95262730785919,47.17393493652344
2021-03-11,48.25391277446157,48.72308723287884,48.041459346815486,48.6611213684082
2021-03-12,47.66081604785252,47.793601989746094,47.430657575708665,47.793601989746094
2021-03-15,47.56343677523016,47.91753034396695,47.43950503923824,47.90867614746094
2021-03-16,48.05916250350733,48.28932093737152,47.899820750491266,48.112274169921875
2021-03-17,47.492623149794596,48.38670457201718,47.377542226002085,48.17424774169922
2021-03-18,47.74048236663777,47.88211911521589,47.262457073854165,47.28901290893555
2021-03-19,47.35983657888255,47.87327194213867,47.20934899944406,47.87327194213867
2021-03-22,47.57229763369339,47.87327619620232,47.40410164539054,47.73163604736328
2021-03-23,47.11197099491041,47.2713127642078,46.79328745631561,46.81984329223633
2021-03-24,46.51886019018406,46.58968024818259,45.74871063232422,45.74871063232422
2021-03-25,45.64248623535066,46.0939523088696,45.607076204556826,45.96116638183594
2021-03-26,46.38608881266066,47.200499414368494,46.17363196440942,47.1562385559082
2021-03-29,46.77558215618422,47.02344562830404,46.59853537171869,46.828697204589844
2021-03-30,46.810986813681204,47.07655527144402,46.678200896356714,46.97917938232422
2021-03-31,46.92606538036337,47.377534807766736,46.92606538036337,47.21819305419922
2021-04-01,47.90867100439267,47.99719607551685,47.634251726123196,47.67851257324219
2021-04-05,47.970637109393,48.023752152337295,47.75818369138824,47.864410400390625
2021-04-06,47.87326771256809,48.33358460717403,47.76703761976387,48.129981994628906
2021-04-07,47.457208737322226,47.58114046987215,47.253606122863566,47.42179870605469
2021-04-08,47.90867808925229,48.05031484711039,47.79360054510217,47.811302185058594
2021-04-09,47.35098302490336,47.42179971205428,47.2447529288472,47.40409469604492
2021-04-12,47.076558242191034,47.1739341374557,46.97033152775974,47.120819091796875
2021-04-13,47.129673237022956,47.48376341037418,47.05885317622089,47.31557083129883
2021-04-14,47.74048210148392,47.83785799875676,47.51032027576876,47.55458450317383
2021-04-15,47.944089060021284,48.03261076908028,47.79360147924364,47.98834991455078
2021-04-16,48.112274169921875,48.18309422765622,47.890966554831365,48.112274169921875
2021-04-19,48.01490495180118,48.10342665315938,47.767038109602616,47.93523406982422
2021-04-20,47.882119135165944,47.97949503302019,47.412948038471626,47.54573059082031
2021-04-21,47.32442476349185,47.86441594352633,47.218198042187446,47.837860107421875
2021-04-22,47.87327613021242,47.97064866707452,47.51918251237695,47.66967010498047
2021-04-23,48.13883793282661,48.413257240285326,48.10342790061047,48.360145568847656
2021-04-26,48.280474759034696,48.46637236312542,48.18309885873388,48.42211151123047
2021-04-27,48.41325478938168,48.546040715026685,48.31588227104656,48.39554977416992
2021-04-28,48.6257170197464,48.9886614298618,48.475226062100795,48.75850296020508
2021-04-29,48.91783665618542,48.92669085237067,48.24506295222298,48.64341735839844
2021-04-30,48.04146193038589,48.12998363385122,47.66966334668117,47.78474426269531
2021-05-03,47.74933423055457,48.006051898245154,47.589992462807764,47.78474426269531
2021-05-04,47.43065577824309,47.501472468185646,46.899515407684035,47.244754791259766
2021-05-05,47.474914834889624,47.625402405876535,47.324423887016195,47.466060638427734
2021-05-06,47.713927440908456,47.94408589540195,47.56343649317744,47.91753005981445
2021-05-07,48.209658776110416,48.62571824829857,48.1476929028339,48.41326141357422
2021-05-10,48.218507679511575,48.23621269520203,47.50146974003742,47.54573059082031
2021-05-11,46.651653562435754,47.43065744042347,46.61624352778023,47.4129524230957
2021-05-12,46.63394689954959,46.837549526304244,46.040840659101995,46.10280990600586
2021-05-13,46.244446150310935,46.48345543093651,45.80183086830021,46.04084014892578
2021-05-14,46.57198439970203,46.952633844145744,46.45690347124798,46.872962951660156
2021-05-17,46.571979535959144,46.86410385997372,46.50115947141832,46.828697204589844
2021-05-18,47.4395055244649,47.696223195580544,47.377539655835136,47.457210540771484
2021-05-19,46.87295558194503,47.492617606417625,46.837545551544,47.31557083129883
2021-05-20,47.386389903455544,47.68736842326069,47.37753908385239,47.58999252319336
2021-05-21,47.57228561803868,47.57228561803868,46.97032864506117,47.04114532470703
2021-05-24,47.2624604605072,47.54573397796179,47.16508455571593,47.43065643310547
2021-05-25,48.04146663003399,48.12113752170118,47.829009793292514,47.89982986450195
2021-05-26,48.08572129724953,48.30702892596547,48.06801628172588,48.25391387939453
2021-05-27,48.29817782258708,48.395550342064816,48.15654107611735,48.26276779174805
2021-05-28,48.38670370571365,48.6876822400915,48.368998688763575,48.572601318359375
2021-06-01,49.69684204430814,49.73225207641008,49.413568541265704,49.57291030883789
2021-06-02,49.50209692233421,49.68799792750366,49.36931434936972,49.652587890625
2021-06-03,49.13915015755907,49.27193610111705,48.988662573287726,49.1214485168457
2021-06-04,49.46668050272352,49.599463049490424,49.395860442938776,49.564056396484375
2021-06-07,49.31618881225586,49.34274802271338,49.09488119413206,49.31618881225586
2021-06-08,49.14799901778847,49.17455485286162,48.91783719086631,49.077178955078125
2021-06-09,49.02406814023512,49.156850694803936,48.8912822087798,48.935543060302734
2021-06-10,49.11425302129184,49.39876687901787,49.06979497528806,49.32763671875
2021-06-11,49.20316131845624,49.247615971873415,48.9986671993991,49.15870666503906
2021-06-14,49.19428102623604,49.398775183876374,49.14093339706641,49.29207992553711
2021-06-15,49.16759588023497,49.176488845857094,48.84751695129095,48.9542121887207
2021-06-16,48.856419473504246,48.98978345886925,48.09178708072103,48.287391662597656
2021-06-17,48.49188191028725,48.740830709567945,48.41186216885088,48.55411911010742
2021-06-18,48.34961872234514,48.43852802726617,48.127342068369984,48.216251373291016
2021-06-21,48.16291549822262,48.42075729370117,47.94063879005285,48.42075729370117
2021-06-22,48.01175948533885,48.242925723858185,47.87839213009937,48.19847106933594
2021-06-23,48.545222738955985,48.81195745281962,48.46520300313145,48.491878509521484
2021-06-24,48.77640001742606,48.98089417621444,48.73194535537177,48.936439514160156
2021-06-25,49.363207194110146,49.42544439531048,49.15871304849861,49.34542465209961
2021-06-28,49.32764393053599,49.45211833753041,49.256517151541985,49.3898811340332
2021-06-29,49.04312310847104,49.37209162218794,48.936431259203644,49.35430908203125
2021-06-30,49.00756140005221,49.176493847327535,48.94532420105803,49.034236907958984
2021-07-01,49.060910012633514,49.1231472128816,48.51855436046614,48.75861358642578
2021-07-02,48.56300049849612,48.71415038091695,48.41185400774774,48.705257415771484
2021-07-06,48.11845405115023,48.198473790477045,47.67390069748413,47.851722717285156
2021-07-07,48.127349934377825,48.13623950965383,47.62055935181764,47.798377990722656
2021-07-08,46.75811950293733,46.980396168497656,46.64253468717759,46.802574157714844
2021-07-09,47.32714614953861,47.62944254350391,47.202671762318666,47.61166000366211
2021-07-12,47.46051152413754,47.68278817538552,47.37159882863482,47.65611267089844
2021-07-13,47.73613847327873,48.00287320204426,47.69168381570879,47.70057678222656
2021-07-14,48.12734793963659,48.18069217242788,47.816158551104465,47.90507125854492
2021-07-15,48.100668690935876,48.269601126098934,47.91395710734034,48.02064895629883
2021-07-16,48.08288816720402,48.11844985472454,47.54942215432469,47.64722442626953
2021-07-19,46.9003782624658,46.93594334434405,46.5980818498465,46.84703063964844
2021-07-20,46.6336467805165,47.11376520929737,46.5269549269006,46.9981803894043
2021-07-21,46.74922711181506,47.309361833272256,46.704769068043575,47.300472259521484
2021-07-22,47.433839878920644,47.451622419467995,47.184891094603366,47.38938522338867
2021-07-23,46.847039782671935,46.85593275071356,46.438051436269525,46.6870002746582
2021-07-26,45.70897277168719,46.01126916855816,45.61117049745354,45.797882080078125
2021-07-27,44.81985948015146,44.96211638750244,44.30417946288122,44.873207092285156
2021-07-28,45.41556994909094,46.18019882984572,45.30887470758517,46.09128952026367
2021-07-29,46.455831368996044,46.48250348827435,46.135752370962976,46.32246398925781
2021-07-30,45.7445352150225,46.109068785090145,45.72675267603475,45.877899169921875
2021-08-02,46.278009258668874,46.45583130083449,46.15353484665495,46.20688247680664
2021-08-03,46.14464269361873,46.42915658852426,45.957927694352534,46.40248107910156
2021-08-04,46.74923140818013,46.93594299915843,46.54473388472063,46.64253616333008
2021-08-05,46.571407318115234,46.73144678659148,46.53584223808213,46.571407318115234
2021-08-06,46.384700457279024,46.40248300040605,46.046842312885346,46.180206298828125
2021-08-09,46.38469264791617,46.50027746294527,46.27800079879001,46.33134841918945
2021-08-10,46.52695255906537,46.55362467319374,46.3313480109968,46.393585205078125
2021-08-11,46.66920866816653,46.67809824216241,46.31356465822386,46.51805877685547
2021-08-12,46.12685999594416,46.144642538275036,45.9223658466488,46.10907745361328
2021-08-13,45.91347238267861,45.993492126464844,45.691195693458305,45.993492126464844
2021-08-16,45.60228662369191,45.620069165927504,45.38000993325669,45.57561111450195
2021-08-17,44.74873824150079,45.00657658610089,44.56202327184003,44.739845275878906
2021-08-18,45.06881629478526,45.24663830875126,44.79319539522714,44.810977935791016
2021-08-19,43.93076374628106,44.22417059753939,43.895198662794044,44.046348571777344
2021-08-20,43.681808028790826,44.09079624911461,43.664025489862944,44.01077651977539
2021-08-23,44.42866730395547,44.73985332324209,44.33086501455875,44.677616119384766
2021-08-24,45.3444415577089,45.76232279073291,45.3444415577089,45.691192626953125
2021-08-25,45.637841700473835,45.78898818882254,45.531146470456925,45.74453353881836
2021-08-26,45.4600221109083,45.51336633706309,45.2644175705472,45.30887222290039
2021-08-27,45.57560411100253,45.86901092529297,45.433347186651204,45.86901092529297
2021-08-30,45.93125467909706,46.02905696449847,45.72676053310914,45.966819763183594
2021-08-31,46.65143112079581,46.695885778877695,46.526956721497335,46.59808349609375
2021-09-01,46.882593442597866,47.371601423798296,46.882593442597866,47.193782806396484
2021-09-02,47.14043191394545,47.23823418173119,46.90926230069324,46.98039245605469
2021-09-03,47.07820071712788,47.29158442703203,47.06041817602371,47.229347229003906
2021-09-07,47.38049615704365,47.63833791023602,47.34493107556756,47.50497055053711
2021-09-08,47.22045445974938,47.229344033863605,46.704770977634126,46.811466217041016
2021-09-09,46.58029632644223,46.81146595217649,46.50027659317617,46.72255325317383
2021-09-10,47.07819676263403,47.131540989792775,46.66031556096978,46.66920852661133
2021-09-13,46.73144871629438,46.91816030666906,46.55362670045869,46.79368591308594
2021-09-14,46.66921582328951,46.69588794103904,46.31357175882102,46.40248107910156
2021-09-15,46.242435311114406,46.393585205078125,46.055723728870426,46.393585205078125
2021-09-16,45.726754000941646,45.90457600429895,45.566714537087336,45.86901092529297
2021-09-17,45.886799433115776,45.940143666890414,45.58450300559161,45.67341232299805
2021-09-20,44.58870240154821,44.828758226090756,44.073018887084004,44.44644546508789
2021-09-21,44.775413513183594,44.899887907288615,44.579808955776926,44.775413513183594
2021-09-22,45.19329527895992,45.64673820452642,45.1844023126054,45.33555221557617
2021-09-23,45.54893569106645,45.73564728347905,45.45113341170568,45.691192626953125
2021-09-24,45.21107524212321,45.29998794890436,45.1043833856588,45.14883804321289
2021-09-27,45.193292890696796,45.54893351760695,45.05103256992547,45.44224166870117
2021-09-28,45.21997188064346,45.27331611737091,44.71318128169328,44.855438232421875
2021-09-29,44.739842144574006,44.86431652118756,44.41976323804062,44.43754577636719
2021-09-30,44.95323711322913,45.11327659462232,44.70428492457695,44.79319763183594
2021-10-01,44.784310475140906,44.90878488977856,44.3486500239091,44.748748779296875
2021-10-04,44.37531127140099,44.41087635020471,43.81517315109646,44.090797424316406
2021-10-05,44.21527738340186,44.570921432935755,44.170822725128374,44.4019889831543
2021-10-06,43.74404976210435,44.1974926810025,43.66403002445494,44.153038024902344
2021-10-07,44.78430277466801,45.228856117176804,44.748741084938665,45.015472412109375
2021-10-08,45.131054842530986,45.26442220491784,45.024362987625246,45.18440246582031
2021-10-11,45.40667546677098,45.54893239235523,45.07770696229601,45.095489501953125
2021-10-12,45.12216441587428,45.18440161270028,44.82875758083213,44.864322662353516
2021-10-13,45.282200221271495,45.575603640862695,45.1577258377072,45.4866943359375
2021-10-14,45.72676194418119,45.77121660482463,45.46892016410679,45.62895965576172
2021-10-15,45.9045853595424,46.26022604706311,45.80678306818039,46.180206298828125
2021-10-18,45.88679894707727,46.19798494637674,45.85123386382218,46.06462097167969
2021-10-19,46.42026262899162,46.731452026666375,46.34913585262257,46.678104400634766
2021-10-20,46.78478994657037,46.78478994657037,46.562513288948566,46.66920852661133
2021-10-21,46.31356141184585,46.42914621572613,46.224652111428654,46.36690902709961
2021-10-22,46.4202543111,46.606965881244776,46.10017539561041,46.269107818603516
2021-10-25,46.48249883864052,46.580301121775626,46.25133258078089,46.50917434692383
2021-10-26,46.62474842006891,46.67809603654134,46.18908808973112,46.269107818603516
2021-10-27,45.98460745283541,46.2068841657487,45.85124006841805,45.895694732666016
2021-10-28,45.691194783571255,45.94014358520508,45.56672038275435,45.94014358520508
2021-10-29,45.335548384496285,45.40667515095738,45.0332519957732,45.27330780029297
2021-11-01,45.24664346921642,45.646742198353735,45.2110783840324,45.62895965576172
2021-11-02,45.29998280491046,45.3266549180796,45.14883291638266,45.21996307373047
2021-11-03,45.166622078253795,45.50448359184949,45.0065825924281,45.433353424072266
2021-11-04,45.53115429474841,45.55782980267288,45.16662067539507,45.32666015625
2021-11-05,45.486694883021514,45.50447742255494,45.12216130176773,45.27330780029297
2021-11-08,45.59339034759237,45.74454024978797,45.54004611643042,45.691192626953125
2021-11-09,45.717860815008635,45.86012113034692,45.43334696767726,45.51336669921875
2021-11-10,45.62006700170836,45.81566817367429,45.219968299571036,45.32666015625
2021-11-11,45.9223658466488,46.23355185825627,45.91347287964679,46.10907745361328
2021-11-12,46.10017985245493,46.2868948323233,46.037942656389745,46.23354721069336
2021-11-15,46.340235801490365,46.35801834078239,46.03793941687116,46.0823974609375
2021-11-16,46.15353145142202,46.24244077012764,45.97570942233769,46.1446418762207
2021-11-17,46.197986444481316,46.21576898668551,45.77121560660003,45.90458297729492
2021-11-18,45.45113231161953,45.46891485213407,45.1221637912825,45.34444046020508
2021-11-19,45.39778557702698,45.54893207555221,45.24663568682913,45.27330780029297
2021-11-22,45.21107172578843,45.33554950560065,44.890996181289374,44.908775329589844
2021-11-23,44.91767028463559,45.0865993343529,44.6687214973316,44.864322662353516
2021-11-24,44.579805406655275,44.81097502730872,44.4731135618697,44.80208206176758
2021-11-26,43.628468060373734,43.6640331444643,43.130567058125116,43.29949951171875
2021-11-29,43.75294346129958,43.761836428361676,43.32617261749474,43.46842956542969
2021-11-30,43.46842774192216,43.71737654244659,42.98830929090533,43.423973083496094
2021-12-01,44.108584169398846,44.43755270051838,43.55733896207122,43.58401107788086
2021-12-02,44.10858021368265,44.42865914138484,43.87741059182101,44.117469787597656
2021-12-03,44.064129250731305,44.14414898935778,43.30838652110954,43.49509811401367
2021-12-06,43.45953126525364,43.8596299108961,43.27281630283883,43.83295440673828
2021-12-07,44.37531266111851,44.55313466903343,44.33974758120098,44.52646255493164
2021-12-08,44.544245187494205,44.828759065743846,44.428663756230456,44.70428466796875
2021-12-09,44.56202872233315,44.730961173085305,44.437554321782955,44.490901947021484
2021-12-10,44.48200450919838,44.58869974895096,44.36642308697548,44.52646255493164
2021-12-13,44.172040337150555,44.21713156493549,43.71210430935991,43.8203239440918
2021-12-14,43.567811873702055,43.83836269032311,43.531737514088505,43.72112274169922
2021-12-15,43.4325289206534,43.63093443168001,42.972592938102395,43.5948600769043
2021-12-16,43.93756335492148,44.10891139451937,43.56780978719122,43.64897537231445
2021-12-17,43.32431743444253,43.60388513586771,43.23413153056306,43.43253707885742
2021-12-20,42.82830160607372,42.82830160607372,42.52167645201002,42.783206939697266
2021-12-21,43.13493085444301,43.51370131822932,43.10787336400087,43.50468444824219
2021-12-22,43.378422139501126,43.73014197672666,43.28823968292445,43.71210479736328
2021-12-23,43.77523747468742,44.01873425948246,43.64898064706937,43.93756866455078
2021-12-27,43.946582028323384,44.19909566341043,43.946582028323384,44.13596725463867
2021-12-28,44.15400369004314,44.19007804880185,43.973635336489785,43.99167251586914
2021-12-29,43.91051044076339,43.928547621585366,43.59486837697998,43.79327392578125
2021-12-30,43.762593998795055,44.41226659880058,43.762593998795055,44.29496383666992
2021-12-31,44.195706230552,44.52956421854761,44.06938177250411,44.07840347290039
2022-01-03,44.28593702332067,44.44835171248857,44.01523784318038,44.39421463012695
2022-01-04,44.44835153677453,44.44835153677453,44.15058725871362,44.24081802368164
2022-01-05,44.0332819483832,44.34909649156077,43.50993734627153,43.518959045410156
2022-01-06,43.63626682116488,43.92500941607403,43.455801838825856,43.71747589111328
2022-01-07,43.934029348652096,44.19570339041157,43.76258951547336,44.11449432373047
2022-01-10,44.15960970697928,44.28593759899231,43.8167300406218,44.11449432373047
2022-01-11,44.493477275614076,45.15217160007406,44.358127665045714,45.134124755859375
2022-01-12,45.69356231360399,45.91914269899271,45.53114416075744,45.88304901123047
2022-01-13,45.69355797732168,45.72965166165866,45.19728186497943,45.233375549316406
2022-01-14,45.10705821792417,45.29654492748552,44.9536617563147,45.215335845947266
2022-01-18,44.403240634930555,44.664914698659075,44.3491035473201,44.41226577758789
2022-01-19,44.7461207140661,44.845376624013,44.56565573617021,44.601749420166016
2022-01-20,45.35067334776459,45.60332568761385,44.818303568840804,44.86342239379883
2022-01-21,44.773187240300885,44.83634946340837,44.16863354996271,44.213748931884766
2022-01-24,43.51896101176272,43.60017007601111,42.580545923133144,43.591148376464844
2022-01-25,43.33849402423338,43.74453932656968,43.05877660424391,43.50993728637695
2022-01-26,43.75356992539438,43.83477899599128,42.86929184908001,42.95952606201172
2022-01-27,42.950504038115426,43.022691413701985,42.4452061773436,42.463253021240234
2022-01-28,42.553473630929375,42.69784490552295,42.102312967564096,42.6707763671875
2022-01-31,43.21217186936486,44.12351842303908,43.16705648718207,44.06937789916992
2022-02-01,44.231802639392455,44.34008026123047,43.852825799834115,44.34008026123047
2022-02-02,44.51151813117066,44.53858667280905,43.970123203821004,44.26789093017578
2022-02-03,43.717477907507146,44.01524221632965,43.645290534408716,43.79868698120117
2022-02-04,43.600170117580895,44.11449304428338,43.50993935370021,43.906959533691406
2022-02-07,43.71747839588739,44.06938323846495,43.681384708934964,43.816734313964844
2022-02-08,43.744541932191424,44.24984316542827,43.72649509078121,44.24081802368164
2022-02-09,44.61077542173507,44.96268371150238,44.55663833260432,44.935611724853516
2022-02-10,44.56565671611443,45.215329273991884,44.556635015958676,44.63784408569336
2022-02-11,44.65589332682358,44.845380019021896,43.88891797322314,43.96110534667969
2022-02-14,43.771615267375424,43.87087118496113,43.4197104265413,43.65431594848633
2022-02-15,44.24081946437423,44.637843104161824,44.20472922246158,44.601749420166016
2022-02-16,44.54760934946012,45.10705113086333,44.511519107178614,44.92658615112305
2022-02-17,44.71904711055581,44.80927786824935,44.31300181676935,44.40323257446289
2022-02-18,44.24082281361527,44.26789479970318,43.870871129859005,43.96110534667969
2022-02-22,43.32947927598904,43.64529042731121,43.05878351170097,43.3385009765625
2022-02-23,43.52798644794938,43.55505498885435,42.75198948256534,42.83319854736328
2022-02-24,40.64056194515443,41.9759973770467,40.613489959032115,41.94892883300781
2022-02-25,42.129386358918424,42.770037190678586,41.92185284291387,42.724918365478516
2022-02-28,41.73236767804444,42.273759179196595,41.66920545097947,42.16548156738281
2022-03-01,41.957953449277184,42.28278976865014,41.36242134445467,41.606048583984375
2022-03-02,41.642136228987106,41.85869144908071,41.2451125886769,41.678226470947266
2022-03-03,41.5158054773862,41.59701453985264,41.01050770389099,41.09171676635742
2022-03-04,40.27962826262823,40.52325546285579,40.03600106240067,40.26158142089844
2022-03-07,39.57582362161346,39.72019493152111,38.71861746312525,38.75471115112305
2022-03-08,38.95321496178487,39.36828544069214,38.55619476683349,38.88103103637695
2022-03-09,39.49461051716771,40.08111739794651,39.350239221982434,39.98186492919922
2022-03-10,39.35926131341377,39.42242354055522,38.98930965069245,39.23293685913086
2022-03-11,39.45851600126003,39.50363138466402,38.40280157285753,38.41182327270508
2022-03-14,37.96065485249923,38.23135054008369,37.37414466099755,37.482425689697266
2022-03-15,36.959090072820544,37.59973755087658,36.814718761679984,37.53657531738281
2022-03-16,39.278047142444656,40.640554304293246,39.0885604856311,40.55934524536133
2022-03-17,40.2074505852264,40.424005835466076,39.83749887749028,40.35182189941406
2022-03-18,40.01795560808251,41.01051128513419,39.91870313825225,40.92930221557617
2022-03-21,40.33376977076499,40.46911592391221,39.990886653708934,40.29767608642578
2022-03-22,40.857113547843014,41.1639029739708,40.83004500621157,41.02855682373047
2022-03-23,40.63153382400111,41.20901900172215,40.53227791368971,40.75785827636719
2022-03-24,40.78493195372092,41.010512325763536,40.649582353662026,40.97441864013672
2022-03-25,40.60446652368114,40.66762875179576,40.37888615410513,40.64958190917969
2022-03-28,40.685675270305246,40.80297802533364,40.43302635985939,40.78493118286133
2022-03-29,41.48874276995256,41.597020387769035,41.263162391619574,41.47972106933594
2022-03-30,41.40753069770376,41.714320127704994,41.272184545754584,41.3624153137207
2022-03-31,41.17292478508402,41.199993324525664,40.71273896207903,40.739810943603516
2022-04-01,41.51580978346938,41.64213768202903,41.1639049569757,41.41655731201172
2022-04-04,41.95794755562917,42.210596460949134,41.813576260863016,42.14743423461914
2022-04-05,41.9759942336562,41.9759942336562,41.299253146694575,41.371437072753906
2022-04-06,41.10074720721922,41.154887741072706,40.63153957340671,40.83005142211914
2022-04-07,40.595441266942736,40.69469372951095,40.3066952524652,40.50520706176758
2022-04-08,40.62251843755818,40.75786461095026,40.49619396555876,40.54130935668945
2022-04-11,40.18939955431067,40.36083939639912,40.017956270138924,40.03600311279297
2022-04-12,40.36084016149533,40.396933847487624,39.87358572684951,39.9096794128418
2022-04-13,40.126239715583246,40.4961914068135,40.0991677289484,40.43302917480469
2022-04-14,40.216468859609535,40.23451570260568,39.88261086938926,39.9096794128418
2022-04-18,39.70215038837563,39.96382447839911,39.57582591514601,39.77433776855469
2022-04-19,39.359258457892665,39.602885648655885,39.18781863124432,39.5758171081543
2022-04-20,39.62093411058243,39.629955810424384,39.26902930133341,39.34121322631836
2022-04-21,39.35024257972417,39.42242651243464,38.502058136312606,38.58326721191406
2022-04-22,38.65544632358472,38.90809519718949,38.231354192534354,38.240379333496094
2022-04-25,37.60875802966605,38.01480336754128,37.527548962091004,37.960662841796875
2022-04-26,37.71703822408965,37.76215361092717,37.130531311035156,37.130531311035156
2022-04-27,37.4102441676255,37.798242642396424,37.35610708692078,37.56364059448242
2022-04-28,37.87042802417827,38.1591705797687,37.4824295697131,38.10503005981445
2022-04-29,38.826886138947565,38.99832939639315,38.21330735269362,38.240379333496094
2022-05-02,38.13210062706826,38.33061243537694,37.72605875310298,38.186241149902344
2022-05-03,38.42986777493971,38.5200985362546,38.28549649158614,38.46596145629883
2022-05-04,38.077965504496255,38.95321496178487,37.843360002233474,38.88103103637695
2022-05-05,38.07796821035992,38.1411304403614,37.10345933247983,37.44634246826172
2022-05-06,37.094436421040704,37.21173917667855,36.71545961131967,36.9320182800293
2022-05-09,36.26429541032716,36.46280721751366,35.840206697814565,35.86727523803711
2022-05-10,36.40866699769216,36.45378582121544,35.72290425038365,36.03871536254883
2022-05-11,36.282347930915584,36.56206884464098,35.75900323288382,35.78607177734375
2022-05-12,35.41611829588766,35.86727903851043,35.14542253873066,35.55146789550781
2022-05-13,35.94848197585291,36.544013916813974,35.921413437381,36.53499221801758
2022-05-16,36.264297108186724,36.54401799122005,36.18308804163402,36.390625
2022-05-17,37.356111474979635,37.40122686156072,36.986159797681324,37.2839241027832
2022-05-18,37.022247248650906,37.17564368195406,36.336484474937166,36.390625
2022-05-19,36.53499526872973,37.13052725941837,36.53499526872973,36.968109130859375
2022-05-20,37.365129114164965,37.50047870128015,36.62522583999005,37.12150192260742
2022-05-23,37.34708551573775,37.509503657544734,37.1575988309907,37.40122604370117
2022-05-24,36.82373995064766,36.85080849292877,36.40866946386588,36.75155258178711
2022-05-25,36.652297383380045,37.0222490507764,36.58913515544042,36.9320182800293
2022-05-26,36.86885500732202,37.599733179078875,36.86885500732202,37.50950241088867
2022-05-27,37.77117567618513,37.96066235071454,37.65387292629797,37.9426155090332
2022-05-31,38.91712606599465,38.92614776620147,38.4749870300293,38.4749870300293
2022-06-01,38.718619141025336,38.763734531935924,38.04187795111549,38.20429611206055
2022-06-02,38.35768999400417,38.88103817819549,38.258437508597595,38.86299133300781
2022-06-03,38.49303545298388,38.50205715356111,38.1411306150543,38.231361389160156
2022-06-06,38.91712893541923,39.007359712473225,38.339643701273225,38.43889617919922
2022-06-07,38.20429327820052,38.59229180700183,38.141131047194115,38.55619812011719
2022-06-08,38.74568225320902,38.91712553354209,38.6013109572925,38.763729095458984
2022-06-09,38.41975271615953,38.50165189917395,37.81915986449845,37.846458435058594
2022-06-10,37.76455917246391,37.837359988916205,37.33686305414166,37.42786407470703
2022-06-13,36.454179838838236,36.68167720896528,35.97188305366152,36.11748123168945
2022-06-14,36.49057190147679,36.77266985240147,36.39047598792344,36.61797332763672
2022-06-15,36.74537399687127,37.35506524610094,36.545175212307896,37.10026931762695
2022-06-16,35.99007856880939,36.14477856542573,35.72618082073875,35.9627799987793
2022-06-17,36.35407688647756,36.44507443709841,35.87178014845172,36.09927749633789
2022-06-21,36.617975975256705,36.83637149322529,36.563375360097474,36.68167495727539
2022-06-22,35.92637843172898,36.26307351279166,35.862679456158574,36.0264778137207
2022-06-23,36.135677337646484,36.32677427374972,35.81718244414109,36.135677337646484
2022-06-24,36.55427560490254,37.018372181866546,36.49057661925406,36.99107360839844
2022-06-27,37.23676298690673,37.254963190687306,36.97286871042324,37.03656768798828
2022-06-28,37.33686261489216,37.48246077474987,36.78176854564279,36.8090705871582
2022-06-29,36.72717019780899,36.80906937699474,36.54517163613689,36.66347122192383
2022-06-30,36.17208276009815,36.57247689191317,35.9536837518953,36.490577697753906
2022-07-01,36.05377584075448,36.27217480466468,35.826278511042666,36.2630729675293
2022-07-05,35.51688340457058,35.980979919433594,35.37128524666596,35.980979919433594
2022-07-06,35.71708590805182,35.86268408118031,35.45318813446446,35.7625846862793
2022-07-07,36.25397468514559,36.645270370856956,36.24487631932304,36.48147201538086
2022-07-08,36.363172431685065,36.63616853370063,36.226676116344166,36.48147201538086
2022-07-11,35.65338778847408,35.69888656780441,35.362191435158735,35.507789611816406
2022-07-12,35.36218993261481,35.55328688048308,35.19839155691795,35.37128829956055
2022-07-13,34.85259603457602,35.48049099103161,34.85259603457602,35.289390563964844
2022-07-14,34.916289435973816,35.03458902022336,34.625093129616324,34.970890045166016
2022-07-15,34.989090892450314,35.189286187173465,34.68879274336479,35.152889251708984
2022-07-18,35.707978935750134,35.88997400480145,35.34398185498064,35.398582458496094
2022-07-19,35.80807972037981,36.01738032674322,35.73528237709445,35.980979919433594
2022-07-20,35.84448652281994,35.94458592511353,35.66248792513474,35.82628631591797
2022-07-21,35.944586252873236,36.25398283035894,35.880887263802755,36.235782623291016
2022-07-22,36.15388220320608,36.226683029013216,35.707989294807895,35.87178421020508
2022-07-25,35.935484671411075,36.0355805943316,35.844483644209355,35.999183654785156
2022-07-26,36.00828314545582,36.09928070416283,35.65338780663042,35.71708679199219
2022-07-27,36.00828263429082,36.47237920257765,35.86268445962588,36.381378173828125
2022-07-28,36.4359762031933,36.59067273407864,36.02648028124085,36.536075592041016
2022-07-29,36.06287975108707,36.390476480118494,35.89908138657135,36.36317443847656
2022-08-01,35.990076812835255,36.317673522548446,35.7716813205823,36.053775787353516
2022-08-02,35.73528789748423,36.263079999671604,35.65338870405272,35.88088607788086
2022-08-03,35.93548557395713,36.23578029292932,35.78988739811181,36.16298294067383
2022-08-04,36.399573996880946,36.526971950456605,36.272176043305286,36.41777420043945
2022-08-05,36.1902838754106,36.508778821063295,36.162985300450245,36.45418167114258
2022-08-08,36.51787977207211,36.71807510246976,36.41778037120604,36.49967956542969
2022-08-09,36.5360746406509,36.590671781266835,36.29037709387734,36.36317443847656
2022-08-10,36.608879090105006,36.85457668456224,36.47238274074074,36.81817626953125
2022-08-11,37.11846800657874,37.491563517176665,36.89097065935235,36.963768005371094
2022-08-12,36.96376867011677,37.37326459675535,36.945568465451274,37.355064392089844
2022-08-15,37.02746705173572,37.25496439937283,37.00016848084616,37.182167053222656
2022-08-16,37.091166001609864,37.27316457384034,37.054769064230996,37.173065185546875
2022-08-17,36.99107300900548,37.200370168649755,36.90917381859387,37.01837158203125
2022-08-18,36.88186793142008,36.909169972935494,36.63617038578508,36.8090705871582
2022-08-19,36.47237686111019,36.508773798939075,36.19937726372205,36.30857849121094
2022-08-22,36.01738764850589,36.12658542129905,35.953685187097385,35.99008560180664
2022-08-23,36.02648630457877,36.32678104999472,35.95368547457815,36.181182861328125
2022-08-24,35.889983011694454,36.39047999118979,35.86268443875264,36.172080993652344
2022-08-25,36.5633742341367,36.96376831897185,36.49057341616628,36.95466995239258
2022-08-26,37.23676640311173,37.273166814012356,36.37227920789456,36.40867614746094
2022-08-29,36.24488532324598,36.46328087057856,36.172084493245364,36.181182861328125
2022-08-30,36.29947891949621,36.30858075802224,35.616986826084776,35.75348663330078
2022-08-31,36.09928161280859,36.253981632105635,35.8535875038485,35.88088607788086
2022-09-01,35.53509022610001,35.607891054277324,35.23479548820496,35.59878921508789
2022-09-02,35.53508842507637,35.68978844144523,35.189291451429234,35.27119064331055
2022-09-06,35.143792637960125,35.19839325627323,34.825297709469616,34.852596282958984
2022-09-07,34.6887924345236,35.17108914197298,34.65239549938316,35.1619873046875
2022-09-08,34.797993323058066,35.007290451294146,34.68879210467366,34.970890045166016
2022-09-09,35.289383308541105,35.57148123614808,35.28028494309155,35.48958206176758
2022-09-12,35.826283155493975,36.07198071999455,35.735285600346,36.01738357543945
2022-09-13,35.316688134440945,35.46228629245854,34.843493253050276,34.90719223022461
2022-09-14,35.125584523744756,35.18928349510178,34.93448760967367,35.08008575439453
2022-09-15,34.82529268998765,35.05279002650076,34.64329412651038,34.706993103027344
2022-09-16,34.37940218937561,34.497701796315546,34.22470564066023,34.38850402832031
2022-09-19,34.10640022687703,34.52499449236899,34.08820002342079,34.49769592285156
2022-09-20,34.33389723258473,34.46129518421824,34.17920071169657,34.30659866333008
2022-09-21,34.10640625795614,34.32480526671695,33.68781191844361,33.73331069946289
2022-09-22,33.71510576050303,33.806106781103075,33.49671025373091,33.56950759887695
2022-09-23,32.950717907592825,32.99621668687016,32.577622363383725,32.74142074584961
2022-09-26,32.54121778893434,32.72321635409777,32.27732351434796,32.34102249145508
2022-09-27,32.55941856303908,32.78691590564575,32.15902448973158,32.304622650146484
2022-09-28,32.09532819342473,32.66862251667205,32.022527371466985,32.58672332763672
2022-09-29,32.013428416967926,32.0316286221234,31.59483411239455,31.858728408813477
2022-09-30,31.776831588294367,32.07712978872724,31.713132601172443,31.740434646606445
2022-10-03,31.958830368373203,32.341027764667174,31.81323218676942,32.25912857055664
2022-10-04,32.94162078085146,33.41481574009182,32.91431873518938,33.31471633911133
2022-10-05,33.223707416323236,33.45120473858913,32.98711172855352,33.332908630371094
2022-10-06,33.22371469287124,33.41481512364234,33.10541855874438,33.13271713256836
2022-10-07,32.823317849626896,32.877918464087884,32.38652334794135,32.441123962402344
2022-10-10,32.23182385135918,32.25002405646677,31.86783016320995,31.986129760742188
2022-10-11,31.63123234024279,31.858729706954744,31.37643640035239,31.47653579711914
2022-10-12,31.50383189317907,31.676732099939134,31.40373250428304,31.5129337310791
2022-10-13,30.712142232082318,31.776828163220816,30.639341413884434,31.603931427001953
2022-10-14,31.80412515877619,31.81322352394009,31.10343301581639,31.1307315826416
2022-10-17,31.767730770785302,32.09532752005354,31.767730770785302,31.986129760742188
2022-10-18,32.29552791329886,32.36832526602052,31.758633985556,31.995229721069336
2022-10-19,31.494733351455,31.676731923768855,31.294534574776357,31.41283416748047
2022-10-20,31.64033377485625,32.10442686963572,31.576634790696996,31.613035202026367
2022-10-21,31.54023514803684,32.131729696884456,31.42193554400044,32.09532928466797
2022-10-24,30.912342641243466,30.948739580928066,30.475548123019948,30.87594223022461
2022-10-25,30.921434470536756,31.194430552789445,30.894135903711543,31.1307315826416
2022-10-26,31.22173133884212,31.922423453701594,31.22173133884212,31.64032554626465
2022-10-27,31.42193663596729,31.713133001150023,31.35823764804197,31.394638061523438
2022-10-28,30.966937802176876,31.239937395991124,30.894140456138036,31.203536987304688
2022-10-31,30.866839821199257,31.185338204725124,30.866839821199257,31.112537384033203
2022-11-01,31.940623149282306,31.986125391502856,31.57662951085386,31.685827255249023
2022-11-02,31.75862500748695,32.140818811732906,31.39462793277648,31.421926498413086
2022-11-03,31.21263570752351,31.704030816357008,31.19443550297404,31.603931427001953
2022-11-04,32.78691605955721,32.94161605834961,32.45931932925234,32.94161605834961
2022-11-07,33.15091674974171,33.223714102423386,32.84152019034231,32.95981979370117
2022-11-08,33.023518200502245,33.369311694517286,32.9052185992159,33.196414947509766
2022-11-09,32.95071610122083,33.10541610788427,32.57762057746498,32.62311935424805
2022-11-10,33.5058121891136,33.8334089555009,33.36931237934077,33.80611038208008
2022-11-11,34.46129906806274,34.770695616042396,34.37939987973477,34.725196838378906
2022-11-14,34.53409604681298,34.76159338115123,34.37939605436937,34.51589584350586
2022-11-15,35.598786835191866,35.63518724684704,35.07099475152917,35.30759048461914
2022-11-16,35.00729068351479,35.05278945580987,34.688792334781546,34.74339294433594
2022-11-17,34.11550789578739,34.85259716942286,34.10640605683651,34.807098388671875
2022-11-18,34.70699483525249,34.71609667311425,34.443097078606016,34.606895446777344
2022-11-21,34.16100661286929,34.2429058066022,33.98810638646958,34.17010498046875
2022-11-22,34.08820433557168,34.26110455461089,34.02450535108386,34.25200271606445
2022-11-23,34.297500383000035,34.5613981509432,34.28840201608284,34.53409957885742
2022-11-25,34.43399927370387,34.47039968307654,34.3430017216063,34.37030029296875
2022-11-28,34.206500693709216,34.579596198045294,34.206500693709216,34.215599060058594
2022-11-29,34.943595572277346,35.10739394772038,34.86169638455583,34.952693939208984
2022-11-30,35.70798408827464,36.10837815782966,35.47138491023409,35.9627799987793
2022-12-01,36.062877570437195,36.135674910634506,35.717080658332115,35.844478607177734
2022-12-02,35.498683200915764,36.09017767002858,35.498683200915764,35.980979919433594
2022-12-05,35.97187767392324,35.99007787737161,35.48048606615253,35.57148361206055
2022-12-06,35.70798811966456,35.753486898629454,35.434988503206604,35.5259895324707
2022-12-07,35.26208792596755,35.453184859672,35.19838894806607,35.316688537597656
2022-12-08,35.66248176967219,35.85358217349108,35.54418565222946,35.744380950927734
2022-12-09,35.80808433246408,35.86268495046109,35.507789611816406,35.507789611816406
2022-12-12,35.38038225732428,35.398582458496094,35.09828434616125,35.398582458496094
2022-12-13,36.13213296382563,36.22451747179638,35.57781534327191,35.65172576904297
2022-12-14,35.66096741075988,35.845739974781935,35.393050893383595,35.67020797729492
2022-12-15,35.40228702341186,35.52238971556787,34.8202546952257,34.84797286987305
2022-12-16,35.01426626926846,35.17132064692264,34.89416358243432,34.9495964050293
2022-12-19,35.20827498267664,35.20827498267664,34.91264031804,34.97731018066406
2022-12-20,34.857205058765686,35.106647450401375,34.820249847210114,34.96806716918945
2022-12-21,34.91263922898597,35.28218078613281,34.838728803010746,35.28218078613281
2022-12-22,35.18055787351252,35.208272520057726,34.70938773678635,34.96806716918945
2022-12-23,34.912641772898844,35.02350389569657,34.74634682658059,34.921878814697266
2022-12-27,35.22675230870597,35.6240120469377,35.180560053520615,35.439239501953125
2022-12-28,35.34685322229133,35.38380843797168,34.90340120685709,34.921878814697266
2022-12-29,35.31914131091086,35.55934670721271,35.272949049850844,35.50391387939453
2022-12-30,35.23599121408999,35.39304911912062,34.88492371247153,35.01426696777344
2023-01-03,35.42076048935876,35.697917533715085,35.20827330454416,35.309898376464844
2023-01-04,35.93812212524798,36.40928873820398,35.73487198573134,36.37233352661133
2023-01-05,36.02126518249954,36.335377394123846,36.012024618610354,36.26146697998047
2023-01-06,36.49243591318065,37.03751294500547,36.27070816962355,37.01903533935547
2023-01-09,37.46249092658222,37.582593612805255,37.27771837644907,37.29619598388672
2023-01-10,37.397822482631064,37.57335447358854,37.21304992548229,37.564117431640625
2023-01-11,37.49944457700558,37.7304093739755,37.43477471579345,37.72117233276367
2023-01-12,37.77660508994326,37.98909229971635,37.41630053753484,37.90594482421875
2023-01-13,37.859745618003075,38.18309841859852,37.850508577639914,38.15538024902344
2023-01-17,37.89670554058522,37.9890900526765,37.78584342122702,37.94289779663086
2023-01-18,38.27548483732568,38.32167708994195,37.66573793975919,37.6842155456543
2023-01-19,37.841264245208286,38.10918420421978,37.82278664207897,37.970603942871094
2023-01-20,38.23853056283534,38.552642822265625,38.11842788369471,38.552642822265625
2023-01-23,38.60808301147747,39.014579856003856,38.580364834542586,38.82980728149414
2023-01-24,38.6819817478528,38.88523188926283,38.62655245419042,38.85751724243164
2023-01-25,38.65427596008315,38.89447784423828,38.44178872911104,38.89447784423828
2023-01-26,39.208586187470665,39.29173366281971,38.9960989780772,39.26401901245117
2023-01-27,39.13467170585583,39.153149310607255,38.89446636833008,39.07923889160156
2023-01-30,38.46025932323591,38.63579130178017,38.2754867791538,38.29396438598633
2023-01-31,37.961376823319455,38.210819244384766,37.88746639148824,38.210819244384766
2023-02-01,38.386349283931395,38.82980127966516,38.1276698341475,38.681983947753906
2023-02-02,38.68198408933125,38.70970226208325,38.26624674048324,38.451019287109375
2023-02-03,37.979855527935605,38.24777556469484,37.674980274193686,37.76736831665039
2023-02-06,37.092951672786505,37.28696127666293,36.95437137044992,37.213050842285156
2023-02-07,37.26847822669344,37.50868005486362,37.00055822755684,37.360862731933594
2023-02-08,37.453250845157186,37.508680138728025,37.157616198636134,37.31467056274414
2023-02-09,37.84127162733494,37.87822684080286,37.360864424981436,37.49020767211914
2023-02-10,37.277719224607395,37.29619683246545,37.00980272127401,37.12990188598633
2023-02-13,37.25924811853564,37.50868703394468,37.17610063865142,37.43478012084961
2023-02-14,37.16685558948269,37.54563772455275,37.04675290541368,37.3701057434082
2023-02-15,36.80654593692801,37.05598831176758,36.74187608318176,37.05598831176758
2023-02-16,36.88045877238142,37.2407668324694,36.778837217439104,37.06523132324219
2023-02-17,36.649488988600496,36.75111405398744,36.510912237453326,36.658729553222656
2023-02-21,36.400054200122014,36.60330082936998,36.18756348097588,36.19680404663086
2023-02-22,36.09517765328115,36.21528033271263,35.9104051135965,36.021270751953125
2023-02-23,36.483201669800835,36.5478715324129,35.96583924466116,36.19680404663086
2023-02-24,35.39304870194922,35.55934364684823,35.245231364732696,35.38380813598633
2023-02-27,35.59629527679584,35.660965141451726,35.494670196838506,35.568580627441406
2023-02-28,35.43923643101404,35.58705374934416,35.28217854790167,35.31913375854492
2023-03-01,36.18756423839768,36.22451945330469,36.00279521234918,36.07670211791992
2023-03-02,35.910400994129226,36.29842363537922,35.845731141294664,36.20603561401367
2023-03-03,36.326142098304246,36.56634745486263,36.27994984488703,36.52939224243164
2023-03-06,36.50167648618526,36.65873438728745,36.39081436579994,36.400054931640625
2023-03-07,36.25223181618212,36.26146885630674,35.76258410775205,35.79030227661133
2023-03-08,35.79954531556175,36.01203251646105,35.790308273889295,35.93812561035156
2023-03-09,35.57781956129503,35.64249295363377,35.06969765872801,35.14360809326172
2023-03-10,35.125130555599995,35.337617768948505,34.92188038446511,34.95883560180664
2023-03-13,34.857209062742804,35.26370586381872,34.78330215538507,35.01426696777344
2023-03-14,34.958830831578844,35.1251257626808,34.847968718925216,35.032737731933594
2023-03-15,34.26593317322821,34.44146512844609,34.09040121801033,34.432228088378906
2023-03-16,34.376803263529894,34.9773132104774,34.32137396176111,34.95883560180664
2023-03-17,34.931118067229995,34.98654736442289,34.62624283569625,34.74634552001953
2023-03-20,34.672432690528865,34.94959325427405,34.58928522625391,34.87568283081055
2023-03-21,35.143604193417985,35.28218095642575,35.00502390616712,35.189796447753906
2023-03-22,35.44847975422871,35.86421713704085,35.30990297612031,35.3283805847168
2023-03-23,36.00279240281612,36.22451662646904,35.64248789619788,35.81801986694336
2023-03-24,35.53162593175958,35.7348760946466,35.466956066157955,35.72563552856445
2023-03-27,35.47619073532884,35.5593381950305,35.34684750138188,35.531620025634766
2023-03-28,35.845735747377155,36.03974533081055,35.80878053408229,36.03974533081055
2023-03-29,36.030510558042835,36.196805504096346,35.938126043232366,36.14137268066406
2023-03-30,36.455482397947,36.59406268464791,36.35385732426542,36.50167465209961
2023-03-31,36.50167473717042,36.60329981108885,36.32614276128419,36.455482482910156
2023-04-03,36.43700421135418,36.55710688963337,36.326142098304246,36.52939224243164
2023-04-04,36.46472238279893,36.55710688963337,36.35385674550597,36.52939224243164
2023-04-05,36.455483410216964,36.48320158287265,36.11365649090437,36.24299621582031
2023-04-06,36.159843338590434,36.46471852250629,36.05821827728515,36.39080810546875
2023-04-10,36.27994757634007,36.437001932986774,36.2152777207511,36.427764892578125
2023-04-11,36.741882209214594,36.806552073743354,36.631020087771475,36.64949417114258
2023-04-12,36.769590182179485,36.79730835068989,36.31690121267387,36.39080810546875
2023-04-13,36.81578379409255,36.9543640690486,36.77883210844802,36.88969421386719
2023-04-14,36.723404804482364,36.88045918370751,36.52015464384435,36.6956901550293
2023-04-17,36.843504200543826,36.9081740596516,36.70492391717402,36.85274124145508
2023-04-18,36.91741501085544,36.9636072687904,36.71416837109299,36.80655288696289
2023-04-19,36.38157860403182,36.48320368639468,36.30766817167942,36.437007904052734
2023-04-20,36.390817395149554,36.60330461201125,36.27071469892562,36.3815803527832
2023-04-21,36.06746350290326,36.08594110955069,35.836498706175,36.03974533081055
2023-04-24,35.956600189208984,36.01203301273748,35.83650102459559,35.956600189208984
2023-04-25,35.47619389219622,35.50390853981539,35.226751490894486,35.28218078613281
2023-04-26,35.716396470752784,35.7441111189482,35.457717022947165,35.48543167114258
2023-04-27,35.688678542081504,36.012027822116515,35.65172333172241,35.96583557128906
2023-04-28,35.97507257583513,36.17832270836437,35.956594970674026,36.15060806274414
2023-05-01,36.00279148784168,36.27994852248566,35.984313882299695,36.0305061340332
2023-05-02,35.891926727212315,35.891926727212315,35.55009982698216,35.679439544677734
2023-05-03,35.71639267905009,35.8642099941384,35.59629000921496,35.62400817871094
2023-05-04,35.919644770406464,36.030506881716015,35.827256740779355,35.910404205322266
2023-05-05,36.07669588154454,36.418522749736496,36.02126659300904,36.39080810546875
2023-05-08,36.52015242905298,36.53863003564888,36.344620452756615,36.4092903137207
2023-05-09,36.03974751197111,36.215283023623755,36.002795820683,36.187564849853516
2023-05-10,36.15061266348343,36.27071182595084,35.97507715423473,36.169090270996094
2023-05-11,35.85497631282243,36.04898589625582,35.7533512383831,36.03974533081055
2023-05-12,35.79030830675827,35.7995453484392,35.5408658904535,35.61477279663086
2023-05-15,35.993556726817495,36.31690958957771,35.88269459993225,36.270713806152344
2023-05-16,36.021275936520965,36.169093284695535,35.99355776082078,36.01203536987305
2023-05-17,36.0120231230079,36.224510268481595,35.94735327543948,36.17831802368164
2023-05-18,36.03974707792728,36.058224685470464,35.82725987754561,35.984317779541016
2023-05-19,36.0767052394342,36.11366045753873,35.938128457907546,36.01203536987305
2023-05-22,36.270707752991676,36.46472084796666,36.270707752991676,36.30766296386719
2023-05-23,35.9843116254625,36.076696123135434,35.72562868834149,35.74410629272461
2023-05-24,35.70716109947504,35.72563518297391,35.4577186813203,35.4761962890625
2023-05-25,35.57781468644479,35.57781468644479,35.33761285560953,35.40228271484375
2023-05-26,35.71639388830525,36.09517599130871,35.71639388830525,36.0305061340332
2023-05-30,35.93812564335629,35.94736268503722,35.5131477169241,35.61477279663086
2023-05-31,35.32837656448887,35.33761360561423,35.02350134370571,35.28218078613281
2023-06-01,35.33761251860609,35.928881811247685,35.319134912680674,35.910404205322266
2023-06-02,36.49243703000065,36.621776749266076,36.48319998901442,36.52939224243164
2023-06-05,36.42776473031083,36.53862683593483,36.353854310399626,36.52014923095703
2023-06-06,36.446246121688,36.889698114497016,36.40929090789312,36.843505859375
2023-06-07,36.83419417105361,37.02972366510544,36.62935171908345,36.685218811035156
2023-06-08,36.7131524325015,36.98317139610579,36.70383947411353,36.945926666259766
2023-06-09,37.08558599476781,37.29042486858114,37.07627303804539,37.11351776123047
2023-06-12,37.13214381625442,37.23456503927479,37.07627672591986,37.18800735473633
2023-06-13,37.58838327977472,37.68149510688429,37.458030273674346,37.56045150756836
2023-06-14,37.5697599363374,37.923577766437134,37.551141123253196,37.839778900146484
2023-06-15,38.02599815735281,38.21221825075608,37.951508699250354,38.19359588623047
2023-06-16,38.25877337073843,38.25877337073843,37.96082263436653,38.0632438659668
2023-06-20,37.51389267437364,37.569756211793994,37.206629011151406,37.318363189697266
2023-06-21,37.11352864404807,37.20663692746065,37.0017979935823,37.14146041870117
2023-06-22,36.90868715281194,37.05766254139818,36.8528236020005,37.0111083984375
2023-06-23,36.52693261643954,36.52693261643954,36.368647841154285,36.471065521240234
2023-06-26,36.6200450041309,36.759707416494464,36.55486494947096,36.59210968017578
2023-06-27,36.89006055662928,36.98317238373087,36.79695228138071,36.96455001831055
2023-06-28,36.67590474175069,36.78763537041564,36.59210588228882,36.74108123779297
2023-06-29,36.4617562475681,36.5734868865211,36.452446840927415,36.545555114746094
2023-06-30,36.83419418334961,36.983169543417795,36.750395321320454,36.83419418334961
2023-07-03,37.25318300177533,37.439403080126795,37.19731946456668,37.243873596191406
2023-07-05,37.08559249799819,37.10421131100338,36.95523594399145,37.02041244506836
2023-07-06,36.47106664047901,36.52693373739278,36.13587471455556,36.26622772216797
2023-07-07,36.38726557812698,36.87143280086124,36.377952620851794,36.6759033203125
2023-07-10,36.45244530927068,36.72246071274053,36.44313235116834,36.70383834838867
2023-07-11,36.9273033229394,37.09490105095305,36.76901855306698,37.07627868652344
2023-07-12,37.644250802472946,37.93289214200279,37.625628436840074,37.90495681762695
2023-07-13,38.10979996999999,38.47292722670916,38.09117760403373,38.398441314697266
2023-07-14,38.30532398096978,38.323946344260285,38.156348626498364,38.18428039550781
2023-07-17,38.026000121820736,38.24015199714934,37.86771179110209,38.23084259033203
2023-07-18,38.0166876181832,38.100482928272214,37.839776936387935,37.951507568359375
2023-07-19,38.00737861374933,38.16566694803884,37.830471465405175,37.87702560424805
2023-07-20,37.70942503217883,37.80253330287517,37.54182730344314,37.597694396972656
2023-07-21,37.70011648151739,37.737357659529465,37.51389638404529,37.54182815551758
2023-07-24,37.6721787976803,38.193594327560085,37.63493407014902,38.05392837524414
2023-07-25,38.519477834142336,38.54741315645711,38.35188010766491,38.37050247192383
2023-07-26,38.202901114483495,38.70569424612821,38.184278751994526,38.593963623046875
2023-07-27,38.621903342584964,38.64983511614296,38.08186892662895,38.119110107421875
2023-07-28,38.86399021861725,39.068829142702484,38.79881016112063,39.040897369384766
2023-07-31,38.91054154007774,39.106071042847276,38.84536503915456,39.05951690673828
2023-08-01,38.74294692841942,38.780191661046956,38.519482084507416,38.566036224365234
2023-08-02,37.9421996942581,37.9421996942581,37.56045009707711,37.644248962402344
2023-08-03,37.69080690901093,37.932894123028014,37.653562175800104,37.79322814941406
2023-08-04,37.89564513354488,38.10048403949129,37.70011563392897,37.74666976928711
2023-08-07,37.84909185385161,37.84909185385161,37.53251875366538,37.69080352783203
2023-08-08,37.122831552106824,37.243875140833296,36.93661146603211,37.23456573486328
2023-08-09,37.4766540575809,37.50458583084447,37.17870330325894,37.32767868041992
2023-08-10,37.597692963094396,37.895643680183035,37.31836460980539,37.383541107177734
2023-08-11,36.964547179427676,36.992478949486475,36.74108236339902,36.83419418334961
2023-08-14,36.48037665147306,36.73177323949166,36.35002365439366,36.657283782958984
2023-08-15,36.48037605733015,36.48037605733015,36.19173474574621,36.23828887939453
2023-08-16,36.03345051213883,36.21035764335131,35.90309751526091,35.91240692138672
2023-08-17,36.35933158242338,36.37795394579949,35.96827260708285,35.9962043762207
2023-08-18,35.62376333263337,35.828605772859184,35.577209201269106,35.754119873046875
2023-08-21,35.698251387400745,35.86584909523592,35.63307489567067,35.83791732788086
2023-08-22,35.9775910835051,36.014835819647466,35.70757207425325,35.7634391784668
2023-08-23,36.03345488155435,36.37795977962816,36.01483251519181,36.33140563964844
2023-08-24,36.4617571016554,36.536246563937574,36.18242872180337,36.19173812866211
2023-08-25,36.201049247057064,36.303470476561834,35.921720881404966,36.228981018066406
2023-08-28,36.489686183164174,36.620042732544874,36.42450968440023,36.58279800415039
2023-08-29,36.685224018244256,37.07628306185599,36.582802777721206,37.0483512878418
2023-08-30,36.84350445022197,37.0297245426212,36.824882085796766,36.927303314208984
2023-08-31,36.657285620051624,36.67590798511806,36.415201977893894,36.471065521240234
2023-09-01,36.97385800780311,37.08559219604199,36.81557323557736,36.89937210083008
2023-09-05,36.70384285964253,36.741087592923975,36.56418043761699,36.60142517089844
2023-09-06,36.51761951248426,36.70383604058857,36.34070883819152,36.396575927734375
2023-09-07,36.03344965973895,36.06138142930839,35.89378370818637,35.9682731628418
2023-09-08,36.07069808063031,36.154496949772145,35.98689921148846,36.042762756347656
2023-09-11,36.44312711563137,36.50830360557299,36.30346473083603,36.489681243896484
2023-09-12,36.219675416925234,36.48969085270683,36.21036245770845,36.377960205078125
2023-09-13,36.3407150469031,36.461758652332946,36.26622913330618,36.33140563964844
2023-09-14,36.54555074499253,36.666594327965996,36.433820119399165,36.573482513427734
2023-09-15,36.58279416322249,36.63865769809616,36.39657409265461,36.43381881713867
2023-09-18,36.32209182444432,36.405890695174,36.21967413964415,36.387271881103516
2023-09-19,36.22898569238822,36.29416220105446,36.09863267505575,36.173118591308594
2023-09-20,36.27553216351983,36.4151981107597,36.02413558959961,36.02413558959961
2023-09-21,35.474788788470306,35.567900605170365,35.39098992936657,35.40030288696289
2023-09-22,35.97758638537978,36.04276288919109,35.79136628083899,35.81930160522461
2023-09-25,35.52134833758421,35.698255470822836,35.52134833758421,35.6610107421875
2023-09-26,35.30718991910205,35.409611138206444,35.130282800918785,35.1582145690918
2023-09-27,35.33512438947355,35.36305615697493,35.03717369661745,35.214080810546875
2023-09-28,35.0558007115213,35.34443848561677,34.99062421079956,35.307193756103516
2023-09-29,35.68894275500145,35.68894275500145,35.269948476341085,35.33512496948242
2023-10-02,35.26994874548887,35.31650287639473,35.06510630728008,35.1582145690918
2023-10-03,34.82302929332055,34.96269171249973,34.63680918256179,34.69267272949219
2023-10-04,34.62748928111296,34.69266577403345,34.46920452740675,34.590248107910156
2023-10-05,34.59955655103664,34.74853189526227,34.47851297389945,34.72060012817383
2023-10-06,34.711293940461275,35.30719543357344,34.655430395390184,35.2234001159668
2023-10-09,34.74853391367418,35.06510698252373,34.69266682439982,35.0557975769043
2023-10-10,35.28857452913219,35.61445702891708,35.26063920639859,35.558589935302734
2023-10-11,35.81929963034835,35.91240790155874,35.6330795360747,35.78205490112305
2023-10-12,35.85653735532871,35.87515971814833,35.28857127266651,35.38167953491211
2023-10-13,35.40961610700719,35.53065970582969,35.1675324612152,35.2513313293457
2023-10-16,35.25133315989425,35.595838057052354,35.20477902003827,35.51203918457031
2023-10-17,35.223396746264335,35.59583336790316,35.21408378840805,35.41892623901367
2023-10-18,35.0837296202707,35.1302837524375,34.82302363865456,34.87888717651367
2023-10-19,34.77647087666008,34.9626909835362,34.65543082626575,34.67405319213867
2023-10-20,34.376098337021396,34.49714193732163,34.227122964287666,34.25505828857422
2023-10-23,34.00365818559814,34.366785397316946,33.873305191837815,34.22711944580078
2023-10-24,34.3481683882644,34.72991802315394,34.3481683882644,34.66474151611328
2023-10-25,34.310917578620504,34.45058352717442,34.17125518191921,34.208499908447266
2023-10-26,33.95710613310534,34.12470386445325,33.891929632231474,34.0409049987793
2023-10-27,34.34816543630665,34.40403253119155,33.957106427671164,34.012969970703125
2023-10-30,34.54369409179615,34.59025177898266,34.24574336343732,34.36678695678711
2023-10-31,34.08746196111833,34.189883200084346,33.90124184953042,34.171260833740234
2023-11-01,34.16194505933696,34.50645348053209,34.124703881571,34.487831115722656
2023-11-02,34.9999321981535,35.120975788237324,34.88820156599684,35.093040466308594
2023-11-03,35.55858952392508,35.88447557179265,35.539967159602405,35.80998611450195
2023-11-06,36.275536138753935,36.30347146237474,36.052074860905364,36.098628997802734
2023-11-07,35.875162758865464,36.061382850992885,35.70756503113607,36.033451080322266
2023-11-08,35.81930190176532,35.95896431743734,35.71688066582731,35.79136657714844
2023-11-09,35.77274249082058,35.875163721832514,35.40961525494404,35.456172943115234
2023-11-10,35.4561722659294,35.70756530761719,35.40030517230276,35.70756530761719
2023-11-13,35.58652680605293,35.837923410473984,35.512037344660165,35.69825744628906
2023-11-14,36.23828722508433,36.703835644020266,36.228977819520736,36.647972106933594
2023-11-15,36.95524215698242,37.16008465300722,36.87144327695896,36.95524215698242
2023-11-16,36.53624866358254,36.769022918811686,36.443136830378926,36.60142517089844
2023-11-17,36.610727380974105,36.71314860143642,36.536241480907684,36.647972106933594
2023-11-20,36.8155721352111,37.16938639850054,36.796949771061215,37.104209899902344
2023-11-21,37.01110303324316,37.08559249266488,36.79695116518511,36.871437072753906
2023-11-22,36.82488688299266,36.90868575789619,36.66660209253782,36.79695510864258
2023-11-24,36.64796931440714,36.843498783016535,36.62003754799217,36.81556701660156
2023-11-27,36.657286315045376,36.70384045266761,36.5641780398009,36.66659927368164
2023-11-28,36.834195472603525,37.039034379958984,36.76901897228321,36.97385787963867
2023-11-29,36.78764017739389,36.983173242923336,36.72246367283511,36.759708404541016
2023-11-30,36.84350358941829,36.88074831739853,36.58279759726215,36.83419418334961
2023-12-01,36.58279230928925,36.99247360229492,36.50830286409609,36.99247360229492
2023-12-04,36.70383550192875,36.77832495355936,36.48968365626957,36.573482513427734
2023-12-05,36.24760394590576,36.396579313358515,36.16380507972278,36.35002517700195
2023-12-06,36.57347833385026,36.59210069462977,36.29415002586191,36.303462982177734
2023-12-07,36.42451010403028,36.49899956167741,36.31277946941242,36.480377197265625
2023-12-08,36.24760424052046,36.44313374591901,36.17311478026218,36.32209014892578
2023-12-11,36.32208802890429,36.545552844783145,36.275533894886586,36.5362434387207
2023-12-12,36.424511517299436,36.56417747988042,36.25691378294345,36.545555114746094
2023-12-13,36.33140088783535,36.9273023260851,36.15449375830894,36.9086799621582
2023-12-14,37.150768296270854,37.504582566322796,37.150768296270854,37.4487190246582
2023-12-15,37.41147415132482,37.504582421641864,37.22525405883789,37.22525405883789
2023-12-18,37.197325114486446,37.23456984618437,37.039036780696804,37.206634521484375
2023-12-19,37.36492003348389,37.57907189679462,37.33698471089356,37.5232048034668
2023-12-20,37.27464700874354,37.3315670333263,36.80029416908743,36.84772872924805
2023-12-21,37.36003042804618,37.56874321523615,37.293621320436884,37.540283203125
2023-12-22,37.24618003622974,37.43592187887624,37.20823456292015,37.36002731323242
2023-12-26,37.66361811225108,37.73002722366587,37.54977443825788,37.65412902832031
2023-12-27,37.843865887242806,37.929249536189445,37.77745678462038,37.8723258972168
2023-12-28,38.21386217068539,38.36565492891853,38.15694214823848,38.16642761230469
2023-12-29,38.137971657727576,38.346684460607925,38.109508024451685,38.147457122802734
2024-01-02,37.78694844358641,37.90079211026884,37.616181134050315,37.70156478881836
2024-01-03,37.31259467332039,37.61618018953398,37.30310559023725,37.49284744262695
2024-01-04,37.369510650634766,37.568737945517306,37.36002518760321,37.369510650634766
2024-01-05,37.42643930915966,37.67310119035504,37.360030201952256,37.41695022583008
2024-01-08,37.160799727403145,37.54028344679802,37.12285425068363,37.52130889892578
2024-01-09,36.980546927299706,37.07541966659971,36.91413781930219,36.99003601074219
2024-01-10,36.94259329918805,36.97105692699839,36.819264181766414,36.90464782714844
2024-01-11,37.1038768172213,37.16079683738635,36.79080223021477,37.05644226074219
2024-01-12,37.322076774437086,37.47386951886645,37.16079494777961,37.18925857543945
2024-01-16,36.534648602383264,36.55362314738796,36.231063120357014,36.287986755371094
2024-01-17,35.57645942034825,35.766201261061696,35.557484874374445,35.74722671508789
2024-01-18,36.022350070628015,36.07927008615513,35.88953187569889,36.041324615478516
2024-01-19,36.12671425303567,36.4492707119494,35.993892417040335,36.42081069946289
2024-01-22,36.003378415234316,36.1931202599427,35.96542932248771,36.09824752807617
2024-01-23,36.25004170635661,36.4587581056506,36.23106715923672,36.41132354736328
2024-01-24,37.06593298777855,37.08490753686951,36.78132198946457,36.819271087646484
2024-01-25,36.971061236525856,37.01849579637295,36.75285936600924,36.866703033447266
2024-01-26,36.82875157172466,36.99951887142243,36.80029156144993,36.89516067504883
2024-01-29,36.999522452057214,37.00900791672518,36.714911464692555,36.91413879394531
2024-01-30,36.51567869226783,36.62952234643869,36.439780510137574,36.620033264160156
2024-01-31,36.487219807948065,36.7433707774016,36.30696703049187,36.42081069946289
2024-02-01,36.63901329287095,36.79080606082336,36.553629634708656,36.77183151245117
2024-02-02,36.6105492005815,36.70541831284679,36.477730995800236,36.66747283935547
2024-02-05,36.5726013077628,36.809777715230815,36.51568128614633,36.714908599853516
2024-02-06,37.29362319099881,37.56874509959755,37.21772499619563,37.549774169921875
2024-02-07,37.47387336726293,37.644640674661055,37.445413355704865,37.597206115722656
2024-02-08,37.43591950773501,37.47386859766559,37.28412676703709,37.388484954833984
2024-02-09,37.4359268777171,37.60669419699914,37.23669954489642,37.549774169921875
2024-02-12,37.60668804946671,38.04309174117113,37.597202586179456,37.84386444091797
2024-02-13,37.360030431524244,37.50233411111815,36.95208670244347,37.13233947753906
2024-02-14,37.57822871849889,37.70156145760535,37.502330534733495,37.663612365722656
2024-02-15,37.69207169515015,37.86283898651701,37.673097149551104,37.84386444091797
2024-02-16,37.995656703261865,38.14744944709841,37.93873668621347,38.02412033081055
2024-02-20,38.175915977410135,38.25181054558692,37.98617412843103,38.0810432434082
2024-02-21,38.1569462069031,38.26130441785588,38.02412798169964,38.147457122802734
2024-02-22,38.48898817050196,38.57437182429432,38.35616995771939,38.53642272949219
2024-02-23,38.50795914728714,38.5743682475207,38.384626410128575,38.5174446105957
2024-02-26,38.30873802381981,38.41309623216433,38.28027439125532,38.346683502197266
2024-02-27,38.45103691428624,38.47950054330027,38.375142347973046,38.422576904296875
2024-02-28,38.062065317547216,38.08103986266309,37.853352559321515,37.919761657714844
2024-02-29,38.11898871083355,38.12847417381903,37.88181232692792,37.93873596191406
2024-03-01,38.213856958731476,38.47949696367769,38.13796239947851,38.40359878540039
2024-03-04,38.46052934628737,38.46052934628737,38.27078748544379,38.31822204589844
2024-03-05,38.12847732379144,38.223350056606215,37.910275466854515,37.9766845703125
2024-03-06,38.55539177021967,38.678724501199156,38.47000812862224,38.52693176269531
2024-03-07,38.58386178278588,38.792578209484304,38.50796720336619,38.76411819458008
2024-03-08,38.887443789240244,39.01077291044158,38.678727401015465,38.72616195678711
2024-03-11,38.80206467572789,38.94436835967271,38.77360104371889,38.81155014038086
2024-03-12,39.13410615999814,39.25743890182929,38.96333886177799,39.23846435546875
2024-03-13,39.077182285681204,39.191029563159084,39.048722275824055,39.11513137817383
2024-03-14,39.14359615812935,39.191034339038346,38.81155060591691,38.91590881347656
2024-03-15,38.74513911735272,38.82103368790365,38.62180636880448,38.67873001098633
2024-03-18,38.90642213456005,38.94437123402292,38.69770932556494,38.74514389038086
2024-03-19,38.49847320180657,38.63129140061022,38.3466768385744,38.55539321899414
2024-03-20,38.63129288145679,39.010772947010274,38.574369243062684,38.991798400878906
2024-03-21,39.25743983587501,39.26692529976862,39.02026342926222,39.03923797607422
2024-03-22,38.80206729380257,38.85898732361102,38.697709080453365,38.76411819458008
2024-03-25,38.70719217766739,38.84949948153283,38.70719217766739,38.79257583618164
2024-03-26,38.88745095754054,38.90642188812649,38.745143644968834,38.76411819458008
2024-03-27,38.74513698083078,38.83052062988281,38.65026786811727,38.83052062988281
2024-03-28,38.91590427234368,39.08667157041882,38.91590427234368,38.97282791137695
2024-04-01,39.143592555003046,39.333334404098224,38.95385432493263,39.03923797607422
2024-04-02,39.17205622159918,39.30487443038338,39.12462166403693,39.162567138671875
2024-04-03,38.98231221044211,39.28589770483394,38.94436311888699,39.1910285949707
2024-04-04,39.57999773820619,39.64640683891932,39.02974676769787,39.04872131347656
2024-04-05,39.001287478494994,39.21948933044103,38.92538929397918,39.13410568237305
2024-04-08,39.34282423064832,39.46615335872023,39.32384968347768,39.3902587890625
2024-04-09,39.64640595529138,39.72230051769006,39.46614958392361,39.65589141845703
2024-04-10,39.17205501691277,39.219489573016226,38.95385316361714,39.11513137817383
2024-04-11,39.39974473966399,39.41871928706893,39.10564830244951,39.35231018066406
2024-04-12,38.79256912083268,38.80205820292777,38.36565090216488,38.45103454589844
2024-04-15,38.67872903652657,38.67872903652657,38.137967116009825,38.204376220703125
2024-04-16,37.69207570549696,37.872328479329546,37.58771750311102,37.70156478881836
2024-04-17,37.90079046029976,37.91976500709161,37.559255856095895,37.673099517822266
2024-04-18,37.8533575823791,38.04309582066678,37.73951029657659,37.824893951416016
2024-04-19,37.673099517822266,37.767972251781536,37.549770392212345,37.673099517822266
2024-04-22,37.74899772196334,38.147452347697175,37.72053409225038,38.0810432434082
2024-04-23,38.11898996504931,38.4320609202129,38.10001541942962,38.39411544799805
2024-04-24,38.63128994898377,38.65974995650813,38.40359903171583,38.52693176269531
2024-04-25,38.20437246061165,38.659750684700654,38.156937907502794,38.6123161315918
2024-04-26,38.972828434417416,39.06769754838807,38.91590479462019,39.05820846557617
2024-04-29,39.24794889475148,39.44717981733239,39.20051433947968,39.43769073486328
2024-04-30,39.06770013325808,39.20051834921465,38.887447357177734,38.887447357177734
2024-05-01,38.95385578167372,39.35231042255215,38.87795759158741,38.925392150878906
2024-05-02,39.447176797476665,40.025884117929394,39.32384406799197,39.93101501464844
2024-05-03,40.168197859787035,40.3105051566472,40.006916015410525,40.29153060913086
2024-05-06,40.291526116358135,40.35793521574785,40.22511701696841,40.329471588134766
2024-05-07,40.13973666104917,40.20614576588016,40.05435300926294,40.10178756713867
2024-05-08,39.8456382887347,40.1302492669921,39.8456382887347,40.11127471923828
2024-05-09,40.08281113236784,40.244089345354425,39.997427484602994,40.23460388183594
2024-05-10,40.50024101300446,40.54767918851918,40.272553694242376,40.31998825073242
2024-05-13,40.59511710547491,40.75639533469661,40.57614255750324,40.62357711791992
2024-05-14,40.66152123170895,40.86074853246317,40.64254668606219,40.841773986816406
2024-05-15,41.1358793013001,41.27818298339844,40.936651974947424,41.27818298339844
2024-05-16,41.31612517013359,41.4584324474584,41.22125606459997,41.36355972290039
2024-05-17,41.39202667502747,41.61971399420927,41.31612848928375,41.543819427490234
2024-05-20,41.29715226557007,41.46791955753307,41.268692256584416,41.392024993896484
2024-05-21,41.13587951660156,41.20228862573337,41.022035846522044,41.13587951660156
2024-05-22,41.17382669387945,41.20228670531657,40.91767573387082,41.00305938720703
2024-05-23,41.21177264157811,41.240236272366154,40.62357614464852,40.6994743347168
2024-05-24,40.76588178785878,40.917674542813025,40.73741815822535,40.813316345214844
2024-05-28,40.9461314519971,41.0315150963806,40.68049505570374,40.75638961791992
2024-05-29,40.187168604381014,40.22511769582258,40.07332494908087,40.14921951293945
2024-05-30,39.88358474946349,40.13973569868086,39.86461020296316,40.035377502441406
2024-05-31,39.65589354472893,39.674868091102105,39.33333349443442,39.64640808105469
2024-06-03,40.20614625311676,40.25358081156733,39.89307165309833,40.063838958740234
2024-06-04,39.428210040448036,39.58000280709261,39.28590273839529,39.50410461425781
2024-06-05,39.902563562159536,40.168200003515324,39.82666536804355,40.139739990234375
2024-06-06,40.3294734722758,40.37691164750569,40.19665526729127,40.33896255493164
2024-06-07,40.187168562010996,40.24408858008878,39.855119440784215,39.883583068847656
2024-06-10,39.94999836725932,40.19666026158825,39.855125624036575,40.120765686035156
2024-06-11,39.92970571994942,39.987022399902344,39.74820836611794,39.987022399902344
2024-06-12,40.51241751794845,40.627047247911065,40.31181457951052,40.38823318481445
2024-06-13,40.43599924723493,40.5124178531712,40.14941945393694,40.29270935058594
2024-06-14,40.206734073830134,40.36912588060237,40.13986643056942,40.34046936035156
2024-06-17,40.445547824988466,40.66525631463703,40.3404690595015,40.598388671875
2024-06-18,40.69391824039216,41.047365706529426,40.69391824039216,40.970943450927734
2024-06-20,41.152440470317295,41.152440470317295,40.75123095558587,40.90407180786133
2024-06-21,40.81809701835903,40.90407022218199,40.741678417190414,40.760780334472656
2024-06-24,40.837202579654495,41.06646567118679,40.751229375831535,40.760780334472656
2024-06-25,40.693913020412026,40.693913020412026,40.560177734277566,40.66525650024414
2024-06-26,40.56017529297177,40.636597534170626,40.48375669578594,40.579280853271484
2024-06-27,40.789437857680596,40.798988815703375,40.56972938302674,40.60793685913086
2024-06-28,40.865857864954044,40.89451802803796,40.60793826127742,40.68436050415039
2024-07-01,40.942279781181796,40.99959281886617,40.71301669840509,40.779884338378906
2024-07-02,40.63660122738261,40.92317736989743,40.61749566534651,40.90407180786133
2024-07-03,41.17154040964028,41.52498782430148,41.17154040964028,41.505882263183594
2024-07-05,41.66827132579732,41.696931487595535,41.37214425798171,41.677825927734375
2024-07-08,41.78290955482447,41.84977720012558,41.65872522325954,41.687381744384766
2024-07-09,41.77335220719508,41.91664209143357,41.716035524697055,41.85932540893555
2024-07-10,42.012167512232494,42.10769531926234,41.92619430791225,42.098140716552734
2024-07-11,42.54711094849581,42.58532207009438,42.23187466132736,42.34650802612305
2024-07-12,42.4802442122748,42.64263601650696,42.47068960966514,42.51845169067383
2024-07-15,42.28918936890822,42.30829492881531,42.02171881823484,42.069480895996094
2024-07-16,42.08859151896849,42.31785097740655,42.050380394557685,42.30830001831055
2024-07-17,41.79246033003742,41.85932797504441,41.59185739501644,41.620513916015625
2024-07-18,41.69693224816056,41.725588766468526,41.16198749432937,41.22885513305664
2024-07-19,41.085564108451536,41.142880787483094,40.8276481628418,40.8276481628418
2024-07-22,41.09512451584632,41.209754246090384,40.99004574478367,41.17154312133789
2024-07-23,40.86585719613918,40.932724835552115,40.75122747771887,40.80854415893555
2024-07-24,40.62704232110381,40.674808043141354,40.20673093286941,40.21628189086914
2024-07-25,40.04433944001471,40.35957574525792,39.91060415076487,40.05389404296875
2024-07-26,40.38823077038792,40.56017717705952,40.30225756705212,40.46465301513672
2024-07-29,40.42644151943911,40.43599612195107,40.18762747282427,40.33091735839844
2024-07-30,40.35957541229227,40.36912637115418,40.01568258905073,40.149417877197266
2024-07-31,41.02825164794922,41.18109248349402,40.904067330315016,41.02825164794922
2024-08-01,40.87541467203369,40.9613878778964,40.20673458688073,40.31181335449219
2024-08-02,39.671791258440166,39.80552655161842,39.518950402805956,39.7386589050293
2024-08-05,37.646650566876275,38.8693774625066,37.62754500363035,38.61145782470703
2024-08-06,38.477717902165,39.11774143994476,38.40129930237805,38.8311653137207
2024-08-07,39.70044957699701,39.729106097340924,39.05087505977085,39.06998062133789
2024-08-08,39.59536803771482,39.98702291238021,39.46163276012366,39.95836639404297
2024-08-09,40.05389336953271,40.25449630003469,39.901052520957876,40.178077697753906
2024-08-12,40.27360223099469,40.47420516333659,40.20673458688073,40.31181335449219
2024-08-13,40.41689116319404,40.77033493712699,40.397785601898576,40.760780334472656
2024-08-14,40.703464468491134,40.72257002846006,40.38822819502325,40.54106903076172
2024-08-15,40.74168242160815,41.07602066710707,40.66526016891492,40.990047454833984
2024-08-16,41.228856396752875,41.48677600146908,41.20975083595762,41.46767044067383
2024-08-19,41.67782545844127,41.945296005459895,41.62050877950318,41.86887741088867
2024-08-20,41.744697014792834,41.75424797350618,41.439015319780324,41.54409408569336
2024-08-21,41.563195859991545,41.792458952468046,41.55364490131109,41.706485748291016
2024-08-22,41.59185663193853,41.601407590758576,41.13333408429729,41.19064712524414
2024-08-23,41.60140425708676,41.964402611386014,41.49632549842016,41.8784294128418
2024-08-26,41.65872537286962,41.706487456254315,41.46767339531745,41.52499008178711
2024-08-27,41.5249928619097,41.63962259851018,41.4103594812956,41.582305908203125
2024-08-28,41.47721980375543,41.50587996585253,41.17153813081488,41.324378967285156
2024-08-29,41.40080346920103,41.56319527256628,41.32438122478455,41.34348678588867
2024-08-30,41.55364293922563,41.57274849969765,41.2479612596995,41.42945861816406
2024-09-03,41.03780285041578,41.08556492855566,40.56017478099098,40.60793685913086
2024-09-04,40.50286450907588,40.837202722886026,40.50286450907588,40.598388671875
2024-09-05,40.61749337637218,40.818096300426355,40.53152017406136,40.655704498291016
2024-09-06,40.6365954326754,40.68435750894819,39.881942237921706,39.91059875488281
2024-09-09,40.14942152345914,40.340473514167854,40.092108477056065,40.24494934082031
2024-09-10,40.168520648407586,40.168520648407586,39.82462784905645,40.09210205078125
2024-09-11,40.02523843259726,40.4073387471438,39.70045116102534,40.38823318481445
2024-09-12,40.474203677060224,40.73212328517715,40.369124913307424,40.722572326660156
2024-09-13,40.856310936703224,40.9804952716149,40.837205374100385,40.91362762451172
2024-09-16,41.06646502754875,41.08556694453161,40.86585845909716,41.047359466552734
2024-09-17,41.25751510035355,41.28617526507042,40.99004452308482,41.095123291015625
2024-09-18,41.171540303898645,41.49632755404226,40.894518778433664,40.95183181762695
2024-09-19,41.66827274633885,41.91664138898828,41.4294587059522,41.82111358642578
2024-09-20,41.849775120982926,41.88798259924725,41.591855511629504,41.73514175415039
2024-09-23,41.95485013006482,42.19366417764673,41.926193610439206,42.05992889404297
2024-09-24,43.13936934081623,43.59789187416257,42.976977537845166,43.49281311035156
2024-09-25,43.22534227911611,43.3399720007481,43.00563379431599,43.0342903137207
2024-09-26,44.629571565014174,44.78241241377052,44.22836205952045,44.61046600341797
2024-09-27,44.58180339407751,44.84927759774236,44.448068114251626,44.52449035644531
2024-09-30,44.27612172783497,44.30478189067353,43.702969487246804,43.808048248291016
2024-10-01,44.03731018087204,44.142388947867154,43.55013111318315,44.12328338623047
2024-10-02,44.99256896972656,45.04033469855448,44.639125169283616,44.99256896972656
2024-10-03,44.18060115824502,44.62957275772119,44.13283907498472,44.45762634277344
2024-10-04,44.78241211034764,44.887490876408165,44.59136013969335,44.868385314941406
2024-10-07,45.18361197310818,45.31734724161513,44.91614143609427,45.240928649902344
2024-10-08,44.075521304145404,44.21881119441388,43.74118308553668,44.12328338623047
2024-10-09,43.540578911013064,43.999101445159866,43.49281318627873,43.88446807861328
2024-10-10,43.96089276651609,44.06597153635128,43.59789437363457,43.97044372558594
2024-10-11,43.70297198731901,44.304784425173025,43.65520990520656,44.28567886352539
2024-10-14,43.951334726368195,44.35254421218063,43.836705006427394,44.10417556762695
2024-10-15,43.702970749400215,43.731627269053305,43.06295085039325,43.168025970458984
2024-10-16,43.47370876260887,43.65520977571639,43.41639572184925,43.50236892700195
2024-10-17,43.36862964653093,43.5214704811719,43.215788811889944,43.43549728393555
2024-10-18,44.10417813080369,44.113732733695,43.81760199229036,43.86536407470703
2024-10-21,43.502367899315026,43.66475970298202,43.311315931932015,43.5596809387207
2024-10-22,43.34952738080404,43.559681266896774,43.33042181952048,43.46415710449219
2024-10-23,43.31131655875081,43.43550088594899,43.04384598695156,43.20623779296875
2024-10-24,43.15847552593361,43.21579220993563,42.93876703661239,43.13936996459961
2024-10-25,43.28265914980921,43.42594539146785,43.03429050051318,43.101158142089844
2024-10-28,43.19668546520428,43.387733785284006,43.139368782772486,43.29220962524414
2024-10-29,43.27310368836011,43.311314809649225,43.12026284721675,43.15847396850586
2024-10-30,42.71905743354887,42.919660356306096,42.65218979262979,42.738162994384766
2024-10-31,42.60442592544975,42.60442592544975,42.212771021276374,42.46113967895508
2024-11-01,42.776369200621495,42.90055352035719,42.48979308462705,42.49934768676758
2024-11-04,42.929211314717485,43.06295024056877,42.71905743354887,42.738162994384766
2024-11-05,43.20623591161141,43.37818231285611,43.16802479044301,43.320865631103516
2024-11-06,42.53755436931486,42.92920923746662,42.36560797412503,42.78592300415039
2024-11-07,43.51191612995994,43.85580892088686,43.49281057001812,43.731624603271484
2024-11-08,42.99608033615777,43.07250258195513,42.47069015034727,42.652191162109375
2024-11-11,42.48979582896413,42.50890139046615,42.19366509170262,42.3274040222168
2024-11-12,41.73514397748246,41.773355101795566,41.39125479070461,41.52499008178711
2024-11-13,41.57274741244027,41.58229837041996,41.19064350101929,41.257511138916016
2024-11-14,41.20019804343874,41.29572219914938,41.01869704597038,41.02825164794922
2024-11-15,41.1619869235493,41.1906434414599,40.93272384822562,41.02825164794922
2024-11-18,41.22885588673466,41.51543200709211,41.22885588673466,41.4963264465332
2024-11-19,41.36259167830651,41.57274920304115,41.333935159120195,41.46767044067383
2024-11-20,41.41035582802647,41.4485669515268,41.20020193680121,41.4199104309082
2024-11-21,41.28617270438751,41.37214590517921,41.14288282173032,41.33393478393555
2024-11-22,41.18109498252342,41.35304138844732,41.171540379964775,41.34348678588867
2024-11-25,41.51542901960924,41.5345345787933,41.25750943664371,41.37214279174805
2024-11-26,41.37214552720978,41.38169648542689,41.152437048085574,41.200199127197266
2024-11-27,41.44856309462651,41.49632517255089,41.104670303150215,41.257511138916016
2024-11-29,40.894516619971434,41.36259008740597,40.88496201793474,41.324378967285156
2024-12-02,41.41991061486143,41.5440949447824,41.27662072310544,41.486778259277344
2024-12-03,41.32438143991935,41.60140661135151,41.17154059430388,41.572750091552734
2024-12-04,41.70648244551964,41.74469356524196,41.544090652719206,41.677825927734375
2024-12-05,41.887981602775724,42.00261496688125,41.86887968610457,41.95484924316406
2024-12-06,42.059931646524724,42.088591812039084,41.83067218649028,41.88798522949219
2024-12-09,42.785926118942484,43.08205320909502,42.728609435035594,42.74771499633789
2024-12-10,42.29874294162489,42.33695406380116,42.031272374417355,42.05992889404297
2024-12-11,42.15545777100922,42.260536537658304,42.021722484006105,42.231876373291016
2024-12-12,42.08858852718954,42.24142936995501,41.964404203688495,42.02172088623047
2024-12-13,42.12679653584485,42.136351138395504,41.916642651901725,42.05992889404297
2024-12-16,41.86888052521048,41.99306120612722,41.82111480053601,41.83066940307617
2024-12-17,41.497483858466595,41.779182118457896,41.46833984806379,41.730613708496094
2024-12-18,41.672333998725826,41.779183020736475,40.68152285087214,40.75923156738281
2024-12-19,41.15749939692777,41.19635560882761,40.895225524902344,40.895225524902344
2024-12-20,40.7592336768287,41.27406923567709,40.7300933698206,41.06036376953125
2024-12-23,41.07007370918642,41.33234757441883,41.002077192889004,41.29349136352539
2024-12-24,41.293492266407924,41.44891340784777,41.24492385449528,41.41977310180664
2024-12-26,41.14778989555517,41.36149536948865,41.128361788330984,41.274070739746094
2024-12-27,41.021507721629135,41.1186482546012,40.9049427875951,41.08950424194336
2024-12-30,40.83694398942573,40.885512400436426,40.64266663985069,40.75923156738281
2024-12-31,40.73980253474271,40.83694306008568,40.594097305026466,40.62323760986328
