date,open,high,low,close
2017-01-03,121.2468955400899,121.54892132077097,119.47913249193066,120.38522338867188
2017-01-04,120.85603881739023,122.552734675908,120.82049839732669,122.39282989501953
2017-01-05,122.13518121231019,122.37501796983935,120.37629699559834,120.98036193847656
2017-01-06,121.17581628151716,121.44231517241776,120.5273324842298,120.53622436523438
2017-01-09,120.40298464532543,120.56288942366162,119.47913705890016,119.74563598632812
2017-01-10,119.9232895164974,121.14917636905818,119.71008767766583,120.89155578613281
2017-01-11,121.01593697454953,121.51339444634026,120.29639930608798,121.10477447509766
2017-01-12,120.9537388118135,121.00703588023532,118.67074831330115,120.17201232910156
2017-01-13,120.5006578836225,121.67324732804916,120.5006578836225,121.04253387451172
2017-01-17,120.45634283126368,120.5362884746454,119.15050977054672,119.39923858642578
2017-01-18,119.71011802795263,119.87002283629162,118.99058027717977,119.79007720947266
2017-01-19,120.04763886553157,120.31413774209392,118.29764629356372,118.81287384033203
2017-01-20,118.81289121643555,119.81669792458989,118.81289121643555,119.42583465576172
2017-01-23,119.06164083614789,119.63904395898419,118.25326562041684,118.92839813232422
2017-01-24,119.33699357724713,121.06033781724278,119.23039943611667,120.74942016601562
2017-01-25,121.75322600857331,122.18850800636513,121.65551019497504,121.88648223876953
2017-01-26,122.00199331570977,122.14412791768785,121.18473968638835,121.39794158935547
2017-01-27,121.49558941617754,121.7354261737067,120.50066131403003,120.98036193847656
2017-01-30,120.12758790371701,120.13647978449794,118.3598386294431,119.29256439208984
2017-01-31,118.91948495793056,120.42074907416324,118.57304043531518,120.12760162353516
2017-02-01,121.00701268286221,121.58441555300485,119.65676180466936,120.05650329589844
2017-02-02,120.18976801466378,120.51844226668366,119.47023056851468,119.75448608398438
2017-02-03,120.80277467163731,121.68220376480208,120.37637084283372,121.58448791503906
2017-02-06,121.16693678815156,121.50450298811688,120.30526463380701,120.66947937011719
2017-02-07,120.6517174729392,121.22912047491786,119.71897807730659,120.13648986816406
2017-02-08,120.13649591430504,120.13649591430504,118.93725755175197,119.92329406738281
2017-02-09,119.92330284696249,121.92202456107852,119.92330284696249,121.6111068725586
2017-02-10,122.40173213409825,122.9169598880805,121.8776260507151,122.53498840332031
2017-02-13,123.27227104224285,123.6631343307514,122.66820589963002,122.8547592163086
2017-02-14,122.53493565676918,123.4321345093022,122.24178825631094,123.26335144042969
2017-02-15,122.75710347644606,124.16065253818078,122.65050927457173,124.00074768066406
2017-02-16,123.88523846603535,124.22279119026078,122.77483734293584,123.65426635742188
2017-02-17,122.98799252648871,123.61870615843988,122.81033110562984,123.57428741455078
2017-02-21,123.8141105136442,124.6491339179067,123.8141105136442,124.54252624511719
2017-02-22,124.36487614395823,124.38264635015076,123.69863573604417,123.99178314208984
2017-02-23,124.32936769469414,124.37377288470648,122.31287596619411,123.2544937133789
2017-02-24,122.10859707428554,123.16568756103516,121.96646247692885,123.16568756103516
2017-02-27,122.8902604416362,124.36487579345703,122.77478798844967,124.36487579345703
2017-02-28,123.81416581920085,123.90298977239117,122.37507680863128,122.4461441040039
2017-03-01,124.05392559428607,125.12879913106497,123.93845317143307,124.68463897705078
2017-03-02,124.65804200709319,124.68469054297972,123.1567778968957,123.2544937133789
2017-03-03,123.29894382907003,123.84969845045063,122.48169022632092,123.16568756103516
2017-03-06,122.39279883477607,122.56158190049813,121.69103159564756,122.32173156738281
2017-03-07,122.05523148252864,122.35727075460277,121.35346425041925,121.52224731445312
2017-03-08,121.94866523003245,122.25069101643648,120.61618417327537,120.7227783203125
2017-03-09,120.66060722835206,121.24690216738993,119.82558356754636,120.24309539794922
2017-03-10,121.0692264423398,121.08699665227225,119.78116409355916,120.77609252929688
2017-03-13,120.50069451685282,121.51337954731625,120.50069451685282,121.06034088134766
2017-03-14,120.58954245628807,120.66060974323135,119.53243858939271,120.48294830322266
2017-03-15,121.06923507705734,122.60603981040208,120.78497947135807,122.34841918945312
2017-03-16,122.7836856530946,123.04129268660333,122.19739075031181,122.50830841064453
2017-03-17,122.71261808343012,123.2367240310346,121.97531029312478,122.99688720703125
2017-03-20,122.83696783123753,123.05016964858906,122.02859285614625,122.46387481689453
2017-03-21,123.04129362935068,123.12125279285036,118.96390492408888,119.0083236694336
2017-03-22,118.77739655855112,119.3103809794411,117.95125105185434,119.03500366210938
2017-03-23,119.03497045491751,120.54511289154034,118.71517446971639,119.72785949707031
2017-03-24,120.2240742260972,120.68733494239207,119.25301973483259,119.81427764892578
2017-03-27,118.27305292601244,120.33099416972058,117.95233604590354,120.03700256347656
2017-03-28,119.62716753892866,121.0703864029276,119.50244508887602,120.9723892211914
2017-03-29,120.89222294310414,121.59602464750712,120.5358769416513,121.36438751220703
2017-03-30,121.44462106046223,122.38895054191731,121.39115690645515,122.28203582763672
2017-03-31,122.42458441082191,123.0927436273228,121.99696631850688,122.47803497314453
2017-04-03,122.91455592188638,123.03037452228644,120.80317739910045,121.18624877929688
2017-04-04,121.09713646066055,121.64949050430228,120.58043877161907,121.04368591308594
2017-04-05,121.89891111174535,122.43343007447612,119.44899514981178,119.67171478271484
2017-04-06,119.85878001317755,120.82984784949288,119.22626392969254,120.7853012084961
2017-04-07,120.45570236557656,121.18621575416441,120.04589222534771,120.73187255859375
2017-04-10,120.68734776038161,121.91676480992959,120.41117751736286,120.99916076660156
2017-04-11,120.50918049366754,121.97912509339109,120.33991134468796,121.9613037109375
2017-04-12,121.7296716894454,121.7831222393752,120.19735915404664,120.30426025390625
2017-04-13,120.16171071438704,120.59823253129385,119.0748377276853,119.12828826904297
2017-04-17,119.44013311463678,120.55373166939964,119.0926773155677,120.52699279785156
2017-04-18,120.0191782856457,120.67843341043533,119.52028839390437,120.5537109375
2017-04-19,120.88330952471239,122.01472906044344,120.74966958940256,120.9723892211914
2017-04-20,121.46236717788565,122.6472371726777,121.29309809381155,122.51361083984375
2017-04-21,122.2641978077088,122.5403680299965,121.79203318372076,122.23747253417969
2017-04-24,123.9034233850837,124.13504697606855,123.37780816300373,123.76087951660156
2017-04-25,124.93684436534775,125.5070062378979,124.8032043927888,124.96356964111328
2017-04-26,124.87446865156103,126.34442669698127,124.8388394839738,125.60499572753906
2017-04-27,125.91678569821735,126.32659586031248,125.1506295120017,125.56934356689453
2017-04-28,125.64062172260307,125.7653441966048,123.86776821940052,123.88558959960938
2017-05-01,124.40231794992262,124.9813837457504,123.63616162054919,124.59831237792969
2017-05-02,124.70520554128,125.02592243997358,123.55597791730447,123.96577453613281
2017-05-03,123.37780210223086,123.61832957553095,122.66509638856239,123.19961547851562
2017-05-04,123.41345930020047,123.59163237065125,122.14841282814577,123.03038787841797
2017-05-05,123.55596061826432,123.82322692871094,122.52253813452631,123.82322692871094
2017-05-08,123.52922293326822,123.81429700036304,122.72742408250029,123.30650329589844
2017-05-09,123.46687683585361,123.6806926194414,122.74526725762394,123.2530746459961
2017-05-10,122.97692389047955,124.25979174944743,122.81657220497554,124.0192642211914
2017-05-11,123.53813873205604,123.68068257620627,122.03255166332617,123.15506744384766
2017-05-12,122.68290920649277,122.84326084416705,122.19292321293823,122.50472259521484
2017-05-15,122.92345221033479,124.05487208514795,122.92345221033479,123.4579849243164
2017-05-16,123.80540554555654,123.86775998154543,122.60271394545148,123.50251007080078
2017-05-17,121.45351437724057,122.08603074369606,120.0459241731278,120.17064666748047
2017-05-18,119.88556048900728,121.07041726972191,119.58265138131512,120.60717010498047
2017-05-19,120.83880657182915,121.83658653302209,120.6428121374902,121.18624877929688
2017-05-22,121.39115077543403,122.22857909404664,121.30207104405508,122.005859375
2017-05-23,122.30874107222374,122.66510073856075,121.4713264422272,122.40673828125
2017-05-24,122.50476152715476,122.96802239498761,121.89897035622533,122.48695373535156
2017-05-25,123.0659598100179,123.48467380736315,122.2285318153274,122.56707000732422
2017-05-26,122.3888952443205,122.7541451057407,121.85436269562997,122.53142547607422
2017-05-30,122.15730565734869,122.44239341923033,121.35552011608878,121.5693359375
2017-05-31,121.90784249031853,121.97911442016476,119.94791199760463,121.44459533691406
2017-06-01,121.80094938804056,123.83215194393902,121.40005665085326,123.78760528564453
2017-06-02,124.23305679652913,125.6317431597352,123.87671068288488,124.58941650390625
2017-06-05,124.68738669440788,124.82101305962365,123.7875905228553,123.81431579589844
2017-06-06,123.03923892690439,124.42010341883001,122.77197263915619,123.69849395751953
2017-06-07,123.70741470372583,124.30430179123947,123.37779394037365,123.81431579589844
2017-06-08,123.81431846114566,126.02370743429213,123.60051627219809,125.50699615478516
2017-06-09,126.02372987032527,127.30658401358815,125.34665323483728,126.15735626220703
2017-06-12,126.20185273170713,126.49584427065481,125.51587247416255,125.95240783691406
2017-06-13,126.3266209610414,126.78096427113117,126.03262931554842,126.59388732910156
2017-06-14,126.5314697394913,126.54037363057165,125.12388010636671,125.84548950195312
2017-06-15,124.44686273274093,125.59609041260202,124.44686273274093,125.2041015625
2017-06-16,124.74976721434044,124.91903637482186,124.08160806111343,124.8923110961914
2017-06-19,125.22190715626672,126.13060723113585,125.1773605027842,125.81879425048828
2017-06-20,125.50698083628703,125.58715664735668,124.4557370252581,124.54483032226562
2017-06-21,124.76752657393934,125.43568539501321,124.02809584737047,124.23299407958984
2017-06-22,124.16174843668706,125.0704484317983,123.8410315909848,124.70518493652344
2017-06-23,124.84770357435882,125.68513147984609,124.32208855920443,125.53368377685547
2017-06-26,125.69408455817235,126.08607339870979,124.90120298298764,125.6851806640625
2017-06-27,125.702975325606,126.16622240801385,124.5002837835862,124.58045959472656
2017-06-28,125.31990481597248,126.73639868329228,125.0793637612689,126.48695373535156
2017-06-29,126.71858124460857,126.81657843767294,124.41119526131637,125.73860931396484
2017-06-30,125.83661703102639,126.21078445572942,125.40899905904153,125.5426254272461
2017-07-03,125.91681071751817,126.95023342402702,125.88118154551849,126.59388732910156
2017-07-05,126.23753121452089,126.37117119920072,125.34665235825224,126.13953399658203
2017-07-06,125.19912252133219,125.68228266938485,124.21493117030168,124.49229431152344
2017-07-07,124.75179598393719,125.87020488568999,124.52811420358663,125.7002182006836
2017-07-10,125.19020965032948,126.0580959980285,124.69810703269835,125.15442657470703
2017-07-11,125.06494199759737,125.601783671583,124.34915764976684,125.52124786376953
2017-07-12,126.2012509058468,127.24807989757868,126.1654541791058,126.48755645751953
2017-07-13,126.33550736803562,126.65760978124062,125.60183799223672,126.59498596191406
2017-07-14,126.24598550795702,127.3196551804178,126.24598550795702,126.80965423583984
2017-07-17,126.69336785540152,127.46283373807591,126.38915025344923,127.10493469238281
2017-07-18,126.63963988973082,126.93490140612239,126.19227643806765,126.77385711669922
2017-07-19,126.94387807506628,128.07122924187198,126.94387807506628,128.0354461669922
2017-07-20,128.05334389656676,128.41124294400637,127.76703831106775,128.1249237060547
2017-07-21,127.9549170383664,128.2412362621611,127.27492936053206,127.54335021972656
2017-07-24,127.32858512378029,127.78490458812153,127.02438124918564,127.7222671508789
2017-07-25,128.50071248603805,129.06439497499116,128.13388472020583,128.8854522705078
2017-07-26,128.97494214784555,128.97494214784555,127.99075025350773,128.16969299316406
2017-07-27,128.37541108796236,128.55435373649496,126.648594733572,127.35542297363281
2017-07-28,127.06910806108367,127.37331190631743,126.57700557470675,127.01542663574219
2017-07-31,127.24811638744282,127.3912760305574,126.12970727396329,126.61285400390625
2017-08-01,127.20335129013837,127.23019201117884,126.12968149116325,126.85440826416016
2017-08-02,126.68438134251315,126.89017836390315,125.02018872500103,125.4675521850586
2017-08-03,125.65548305879665,125.74494758227397,124.51023339964541,124.84127807617188
2017-08-04,125.18128614009133,125.54812756959305,124.80550235345066,125.44970703125
2017-08-07,125.6554183959961,126.02225961509774,125.00227173566702,125.6554183959961
2017-08-08,125.62861347937724,126.86332737838966,124.98440898752305,125.26177215576172
2017-08-09,124.4744302836532,124.71601042431104,123.7228627932201,124.17916870117188
2017-08-10,123.72284237247504,123.72284237247504,121.91549009882989,121.92444610595703
2017-08-11,121.87077706676774,122.34498130943425,121.4770949817349,122.10340118408203
2017-08-14,122.81017245230562,124.00016050979148,122.78333174557207,123.9554214477539
2017-08-15,124.18811184660643,124.20601020951109,122.88180440358049,122.93548583984375
2017-08-16,123.17705106514515,123.82125552733073,122.76548433524547,122.97126770019531
2017-08-17,122.5597414822916,123.19500387108111,120.71660543242938,120.72554779052734
2017-08-18,120.31392835644724,121.19971290984762,120.00076847780944,120.716552734375
2017-08-21,120.51075563900834,120.80601712317052,120.01865316540471,120.63601684570312
2017-08-22,121.02079203192584,122.08551954802545,120.91342914037064,121.9423599243164
2017-08-23,121.26236887112528,122.19289274731013,120.97606328399725,121.74552917480469
2017-08-24,122.25548806436625,122.5149528688885,121.70076173248788,122.12128448486328
2017-08-25,122.47026062011719,122.85498675387761,122.05868011073198,122.47026062011719
2017-08-28,122.90869908211326,123.12343857389378,122.37187083134708,122.9892349243164
2017-08-29,122.12129471699745,123.30232727292706,121.88865695643426,123.01602172851562
2017-08-30,122.89969070786739,123.92862120849243,122.80127020022461,123.80335998535156
2017-08-31,124.28651082599194,125.20807839534591,124.07177146570086,125.02017974853516
2017-09-01,125.24390572175487,125.82548657506338,125.02022392874079,125.72706604003906
2017-09-05,125.82545715309915,126.05808124855578,123.9912641487853,124.51914978027344
2017-09-06,125.02915558485854,125.26177968939952,124.43863248973467,124.77863311767578
2017-09-07,124.8949344833261,124.98441264131877,124.00020751319991,124.46546936035156
2017-09-08,124.30444053985983,125.05602174677703,124.02707729850671,124.56391906738281
2017-09-11,125.61072864682608,126.08493288600863,125.46756904378385,125.87019348144531
2017-09-12,126.1923457751865,126.77392677337113,125.99551830855987,126.63970947265625
2017-09-13,126.52332414936525,127.2480506963713,126.44280201135302,127.01542663574219
2017-09-14,126.85436218768966,127.19436273397564,126.53225999974694,126.89910125732422
2017-09-15,126.72914712396063,127.47177226243952,126.6486249607701,127.4180908203125
2017-09-18,127.60596369056344,128.67069103265172,127.58807897986262,128.2859649658203
2017-09-19,128.45596528463454,128.56332815864312,128.02648648369833,128.2859649658203
2017-09-20,128.42019229789642,128.85861353522895,128.178612134268,128.6975555419922
2017-09-21,128.85860081480755,129.0733265813217,128.37544053524644,128.56333923339844
2017-09-22,128.54541800007382,129.4401449412471,128.44699749044676,129.10910034179688
2017-09-25,129.0822263228623,129.68169158049392,128.5632831925739,129.2880096435547
2017-09-26,129.41275558071683,130.1840845291214,129.31409674944967,129.69976806640625
2017-09-27,130.61458600353313,132.61465438900456,130.19304502430504,132.2379608154297
2017-09-28,132.06753828141427,132.79401966394352,131.6459973360321,132.58773803710938
2017-09-29,132.66843928383622,133.12584988485568,132.5070050783602,132.90162658691406
2017-10-02,133.01824469752611,134.53399658203125,132.81196306804196,134.53399658203125
2017-10-03,134.632668929267,134.82998657226562,133.93309317154717,134.82998657226562
2017-10-04,134.6147207447354,135.08110912258445,133.986898131577,134.39947509765625
2017-10-05,134.79410236229273,135.09905651768983,134.4174087785156,134.76719665527344
2017-10-06,134.27391695036326,134.83895048628037,134.14835242176974,134.578857421875
2017-10-09,134.704398478516,135.14386740926312,133.798527543538,134.0227508544922
2017-10-10,134.47120742208358,134.79408956115861,134.0048327543686,134.40843200683594
2017-10-11,134.4802111459333,134.70443451687544,134.0497061056668,134.30979919433594
2017-10-12,134.04970161163564,134.54298206276425,133.65506630232633,134.2111358642578
2017-10-13,134.46222710330906,134.5250161964452,133.8433686047007,133.96893310546875
2017-10-16,134.1841714928832,134.8478772852454,133.66397187489696,133.85232543945312
2017-10-17,133.87923639204996,134.32768294045255,133.18862487556925,133.46665954589844
2017-10-18,134.0854976398985,134.45322703834745,133.70880423862172,134.1034393310547
2017-10-19,133.43082685195566,133.93308493579218,132.89268537041286,133.89720153808594
2017-10-20,134.81201338266794,134.9017081759916,134.40841418371951,134.5160369873047
2017-10-23,134.6685219665557,134.6685219665557,133.36802943366612,133.51153564453125
2017-10-24,133.9868836522094,134.33667147641953,133.67296553680066,133.78956604003906
2017-10-25,133.58331206110552,133.637123478194,132.0406542388656,133.14382934570312
2017-10-26,133.58330767268046,133.94205956515668,133.19763638703645,133.42185974121094
2017-10-27,133.5295099157293,134.45330913458056,133.00931003857374,134.34567260742188
2017-10-30,133.52949052954858,134.04071263867345,132.19311446921037,132.92857360839844
2017-10-31,133.4487441009254,134.38152076895818,133.31421558414436,133.8702850341797
2017-11-01,134.98241338936833,135.00931908789474,132.23792265565032,132.9823455810547
2017-11-02,132.9554427758204,133.84335821752035,132.48905451537507,133.37698364257812
2017-11-03,133.17072248169143,133.60124114877007,132.79402891212754,133.28732299804688
2017-11-06,133.41285260181945,133.97789965102342,133.08997052877476,133.43975830078125
2017-11-07,133.45770263346546,133.50255002778937,131.43071536825286,131.84329223632812
2017-11-08,131.53840386900006,132.24694371170008,130.8029446306577,132.02272033691406
2017-11-09,131.18855864103944,132.1930745418877,130.30062953800217,131.5562744140625
2017-11-10,131.58319082754494,131.93297858408715,131.26030876877502,131.45762634277344
2017-11-13,130.88363569899954,131.68188389237588,130.4979781402054,131.4935302734375
2017-11-14,131.0002081856068,131.38587934740164,130.57866732028603,131.13475036621094
2017-11-15,130.3634035245793,131.13473205495995,129.60103899745263,130.61453247070312
2017-11-16,131.13478409593012,133.09896905713714,131.11684239680073,132.533935546875
2017-11-17,132.06755994740985,133.66402918673825,131.99580682945592,133.14382934570312
2017-11-20,133.4218607660753,134.1573199424606,133.03620316297636,134.1124725341797
2017-11-21,134.71333190373488,135.69094203305275,134.58776742552436,135.51156616210938
2017-11-22,135.682002155932,136.121484750567,135.30530865431805,135.33221435546875
2017-11-24,135.6192178209971,135.76271032252043,135.22458264942568,135.38601684570312
2017-11-27,135.6999616218195,135.98696036684427,134.92863282165072,134.97348022460938
2017-11-28,135.44884057737377,137.19777991187613,135.12595841673433,137.09912109375
2017-11-29,137.52962810681888,138.30993465641257,137.17984023476203,137.55653381347656
2017-11-30,138.2112453280747,138.6148445243564,137.47578634709137,137.80763244628906
2017-12-01,137.24264526367188,137.86150395961317,133.41290624081662,137.24264526367188
2017-12-04,138.9287391723359,139.38616342343823,136.5968252656196,136.73135375976562
2017-12-05,135.78967459771374,137.18883999652815,135.35916953642962,135.36813354492188
2017-12-06,134.8658364995657,135.60129554929398,134.48914296879215,134.73130798339844
2017-12-07,135.70890437341419,136.22910405814767,134.5519181971217,135.67303466796875
2017-12-08,136.46227610219995,136.5788765814945,135.68198350508044,135.798583984375
2017-12-11,135.81656670227719,136.4444030570753,135.44885079380498,135.7448272705078
2017-12-12,136.05864142528094,136.2649229470483,135.26938503028035,135.3231964111328
2017-12-13,135.26042957534293,136.96453446692692,135.26042957534293,136.1304168701172
2017-12-14,136.1932818685019,136.5071863785534,134.2111412348834,134.62371826171875
2017-12-15,135.47572465550266,137.44888701751123,135.05418374403436,136.54302978515625
2017-12-18,137.82557789850236,138.76731850583033,137.63723798833934,138.390625
2017-12-19,138.79422728757484,138.81216898410904,137.06322992340208,137.29641723632812
2017-12-20,137.8973368449704,138.0677487517279,137.08116070497655,137.56549072265625
2017-12-21,137.96072237399622,138.6629488891697,137.8166723869445,138.16778564453125
2017-12-22,138.08675282067188,138.0957507927092,137.564581957908,137.9156951904297
2017-12-26,137.74463876747848,138.1317576289043,137.65460409686867,137.99671936035156
2017-12-27,137.93370406511136,138.59991116338514,137.5735791252968,137.86167907714844
2017-12-28,137.9606908554815,138.41983462977956,137.75361389489242,138.40182495117188
2017-12-29,138.77998080657403,138.77998080657403,137.19547212315243,137.2584991455078
2018-01-02,137.92471480628245,138.6179434080733,137.25850759956762,138.55491638183594
2018-01-03,138.5278712222307,139.0590537339492,138.2127773884373,138.6989288330078
2018-01-04,139.5182153386287,139.6802612617184,138.6629409129214,139.0680694580078
2018-01-05,139.43720736191256,139.5272283052937,138.59093081742097,139.35617065429688
2018-01-08,139.3021295936828,139.78829480006505,138.1947746594848,139.5722198486328
2018-01-09,139.76129960662882,139.99537052185804,139.30214201107617,139.3831787109375
2018-01-10,139.06808049987956,139.69828203531378,138.57291724440867,139.40118408203125
2018-01-11,139.6082569775837,141.9400094586114,139.52722027463219,141.79595947265625
2018-01-12,141.9580172424235,143.02036880573414,141.76896364028363,142.39016723632812
2018-01-16,143.02035856130186,143.51552180799698,140.265467799969,140.57156372070312
2018-01-17,141.1657595532296,142.1920916743892,140.6976039622591,141.90399169921875
2018-01-18,141.5438613797861,141.79594195538456,140.79661762449027,140.93165588378906
2018-01-19,141.1027605457212,142.8673389005601,140.94071458053853,142.78631591796875
2018-01-22,142.60620460743613,143.551513671875,142.52518164866294,143.551513671875
2018-01-23,143.36250034306101,144.31680764722688,142.8493273187272,144.01071166992188
2018-01-24,144.3707590006673,144.61384157487686,142.60618145108887,143.11935424804688
2018-01-25,143.72257941498512,143.97466001475618,142.43516876168025,143.17340087890625
2018-01-26,143.6235574493456,143.76760744202983,142.9393405901407,143.68658447265625
2018-01-29,143.2004484545486,143.9206848278361,142.80431776237214,142.8763427734375
2018-01-30,141.93999292510577,142.44415407986017,141.102714499462,141.50784301757812
2018-01-31,142.01202985096373,142.62422166539642,140.37349222287213,140.76962280273438
2018-02-01,140.20241837944067,141.53485994628167,140.02236279232616,141.21075439453125
2018-02-02,140.5626180559811,140.58061400811204,138.20384327686338,138.491943359375
2018-02-05,137.4475752698122,138.45589789388862,133.1171730335403,133.1711883544922
2018-02-06,131.01944701277043,135.3768554443884,129.85807679070626,134.76466369628906
2018-02-07,134.69265597193507,135.75499369588405,133.79236417711894,134.89971923828125
2018-02-08,135.03480809406688,135.04380606901958,130.9384765625,130.9384765625
2018-02-09,132.12683728790645,133.18918889737145,128.29159865258563,132.13584899902344
2018-02-12,132.27088589271943,134.07146971440747,130.97446334312576,133.3872528076172
2018-02-13,132.68502588805615,133.95442703881042,132.25287588101725,133.6753387451172
2018-02-14,132.91008428276143,136.41221887354783,132.5049419784428,136.0791015625
2018-02-15,137.04241955908765,137.62760373697833,135.5479318668784,137.56459045410156
2018-02-16,137.39352633390314,138.90600989997068,137.33049931663595,138.0507354736328
2018-02-20,137.33952009095037,138.4378772119587,136.5472588922262,136.9163818359375
2018-02-21,137.2224707302929,139.3741675235702,136.85334780548644,137.0604248046875
2018-02-22,137.5736252277673,138.6719826218905,136.7633678820413,136.84439086914062
2018-02-23,137.72667631838934,138.66298775933043,136.97943225562355,138.62696838378906
2018-02-26,139.12209932606945,139.77930853409734,138.16779215725435,139.53623962402344
2018-02-27,139.7072533655586,140.33746851817193,137.51955122317537,137.52854919433594
2018-02-28,137.8707105070022,138.28485085395027,135.3228826061357,135.35890197753906
2018-03-01,135.0887529137209,136.45719994747034,133.58526763932738,134.99871826171875
2018-03-02,133.88239290755888,137.51956555269666,133.6032909241726,137.15945434570312
2018-03-05,136.68229924997044,138.8789995672637,136.36719164443676,138.38385009765625
2018-03-06,139.03208029621405,139.89636661919215,137.5646137480222,139.87835693359375
2018-03-07,139.0590458564029,141.28275345845393,138.84297092807847,141.11170959472656
2018-03-08,141.25580573621338,141.76897875718356,139.99540246300387,140.82366943359375
2018-03-09,141.6249463016873,143.14644212985124,141.22881558460708,143.0744171142578
2018-03-12,143.37147913259918,143.73159038272775,142.6872622624094,143.3264617919922
2018-03-13,144.0466603465534,144.3167505821752,142.37211737053033,142.66021728515625
2018-03-14,143.34443604150786,143.4974839718478,141.7149103708386,141.98500061035156
2018-03-15,142.3361399259285,142.37214555370417,140.77862521171548,141.27378845214844
2018-03-16,141.3278093940863,142.4891935622315,141.1207461170589,142.06605529785156
2018-03-19,141.49887581605776,141.534895184865,139.05008075700277,140.69761657714844
2018-03-20,141.04869414113998,141.36380172025076,140.23843713394177,140.6615753173828
2018-03-21,140.73362011806682,142.48017466259228,140.62557576116066,141.48085021972656
2018-03-22,140.46293652431876,141.32920413093677,138.34236122954746,138.3784637451172
2018-03-23,138.56802690345495,138.9109321369935,135.3555897758285,135.4007110595703
2018-03-26,137.24151409455015,138.40557964891218,135.74357589035526,138.36045837402344
2018-03-27,138.65824512797002,138.69433388717812,135.09388464345213,135.680419921875
2018-03-28,136.02331083229913,136.57375729379606,134.80510535828955,135.63528442382812
2018-03-29,136.33013436847776,138.15292660141304,136.0323504564823,137.0069122314453
2018-04-02,136.72717181264872,137.22347830443016,132.81087367038447,133.6681365966797
2018-04-03,134.47120428788855,135.89695078438262,133.8214966750792,135.58111572265625
2018-04-04,134.00205310732355,137.68372732983514,133.7945116952283,137.3047332763672
2018-04-05,138.098745268992,138.6131029514415,137.4490513176487,138.441650390625
2018-04-06,137.49417954957605,138.42362000133673,134.58854563097742,135.680419921875
2018-04-09,136.61890426227987,137.7017600049166,135.7345849236038,135.84286499023438
2018-04-10,137.28661920675165,138.91990727424667,136.86250405707216,138.4055633544922
2018-04-11,137.86412712193132,139.2447525172103,137.72877709065983,138.70333862304688
2018-04-12,139.35304925629177,140.23738213025757,138.90186407250152,139.6508331298828
2018-04-13,140.12909491990195,140.16519744698903,138.52287669152062,138.919921875
2018-04-16,139.72305390984124,140.60738697050698,139.0643272577796,140.20130920410156
2018-04-17,140.95929646640147,142.1143295606515,140.73370385003886,141.72630310058594
2018-04-18,142.14137290827273,142.9174119137433,141.81651905088788,142.1052703857422
2018-04-19,141.79854321885708,142.15948602169672,140.66156099773542,141.12176513671875
2018-04-20,140.81490897185827,141.41949551031578,140.00276731985437,140.3637237548828
2018-04-23,140.57125636920867,141.03146030507395,139.4793959226226,140.1561737060547
2018-04-24,140.67952808107236,141.33826833168987,138.234112212376,139.35304260253906
2018-04-25,139.28989037577296,139.68693554023403,138.02657736983232,139.1455078125
2018-04-26,139.34405784152148,140.23740963752363,138.9109238354667,139.78622436523438
2018-04-27,139.759114300555,140.2012669284813,138.7665014783326,139.58766174316406
2018-04-30,139.88542111731817,140.45390493506576,138.32431088192715,138.3513946533203
2018-05-01,138.07171962294166,139.22675288166707,136.89864886607677,139.0282440185547
2018-05-02,138.76651687720548,140.57125764946105,138.67627433096092,139.55157470703125
2018-05-03,139.06432353313286,139.4162474905983,137.3047037458057,138.79360961914062
2018-05-04,138.29729733657402,141.2209827021001,137.88221461886985,140.52615356445312
2018-05-07,140.94124600079977,142.44820303435577,140.86003596302817,141.71728515625
2018-05-08,141.5999669194199,142.42112731933594,141.44656559785537,142.42112731933594
2018-05-09,142.58353910668527,143.56713328759128,142.0150551289843,143.18812561035156
2018-05-10,143.38667183722134,144.53268626668606,143.26034051367196,143.95516967773438
2018-05-11,143.97318195657436,144.4965583750035,143.51296429827613,144.23486328125
2018-05-14,144.39732863488655,145.00191520658316,143.52202816430523,143.6844482421875
2018-05-15,143.2152093803769,144.00928595353395,142.72792166343032,143.7115020751953
2018-05-16,143.9190288381244,145.57036796425334,143.90097757869725,145.20941162109375
2018-05-17,145.28164471355555,146.1840151776149,145.05605209754071,145.87721252441406
2018-05-18,146.13891798588264,146.4728044755875,145.77797524840383,146.0667266845703
2018-05-21,146.51788406089454,147.30295570733458,146.50886531335578,147.03224182128906
2018-05-22,147.32099340716928,147.3841659472691,145.8501389496527,145.96743774414062
2018-05-23,145.57940493444104,146.43665398201412,145.39893362480646,146.15692138671875
2018-05-24,146.11181353432573,146.49983996629655,144.93872926036036,146.21107482910156
2018-05-25,145.95845112258323,146.32842638982325,145.70578844473232,145.94943237304688
2018-05-29,145.17336844847566,146.3915603452643,144.47853931769401,145.75088500976562
2018-05-30,146.50886534355365,148.3406762371576,146.50886534355365,148.06094360351562
2018-05-31,148.0609021823673,148.3316159927344,146.49077309749924,146.87879943847656
2018-06-01,147.83537212031115,148.33167868757695,147.33906555304532,147.84439086914062
2018-06-04,148.2775011663069,148.62942504882812,147.3751308245521,148.62942504882812
2018-06-05,148.48504479443696,149.5859377299928,148.29554096133225,149.54983520507812
2018-06-06,149.53182631144335,150.63270568847656,149.4145137366516,150.63270568847656
2018-06-07,150.79511913449173,150.90339917713285,149.09865836468921,149.81153869628906
2018-06-08,149.8476141628505,150.34392059606668,149.57690031117997,150.26271057128906
2018-06-11,150.37101445924782,150.7951296813618,150.05517928734824,150.4883270263672
2018-06-12,150.623686728497,151.54410852146506,150.4522341252981,151.17413330078125
2018-06-13,151.39069391071197,151.48092269406044,150.3529596341021,150.57855224609375
2018-06-14,151.13809890975716,151.4539204464037,150.3440081541448,151.38172912597656
2018-06-15,150.91244431543439,151.48092835592686,150.27175521503582,151.42678833007812
2018-06-18,150.66879545360263,152.14868244393904,150.45222158828008,152.13966369628906
2018-06-19,151.19215600686272,152.29304894347538,150.28075313445777,152.14866638183594
2018-06-20,152.90666379823998,153.58344160829628,152.45547859153578,153.3759002685547
2018-06-21,153.3849467706316,153.47518933593363,151.39071550683008,151.941162109375
2018-06-22,152.5096154782696,152.68106805634557,150.97558856082503,151.43580627441406
2018-06-25,150.91241046130878,151.02970923464048,148.11505708795318,148.96328735351562
2018-06-26,149.0986719511589,150.3890689095637,148.75578052852316,149.82958984375
2018-06-27,149.9830318823414,150.2537320622325,147.36614873436565,147.4293212890625
2018-06-28,147.29388324005117,148.18723469097273,146.4185830483913,147.88043212890625
2018-06-29,148.2685241084109,148.93628336794364,147.63686738673607,147.78125
2018-07-02,146.86984588822992,148.8550723855516,146.61718320113147,148.80091857910156
2018-07-03,149.20394435426215,150.06429817400266,149.1586596650238,149.39413452148438
2018-07-05,150.20912774890658,151.12381720594703,149.276321661536,151.09664916992188
2018-07-06,151.21438063644592,152.54566962547588,150.8068462930354,152.37359619140625
2018-07-09,153.06189344712087,153.35170427815956,152.5004022356597,153.33358764648438
2018-07-10,153.57817854163278,153.84080762638743,151.7578501308212,152.6363067626953
2018-07-11,151.80308759973073,152.69967449258877,151.2868809539837,151.34121704101562
2018-07-12,152.21063736303333,152.37364562570622,150.9155673941527,152.0747833251953
2018-07-13,152.01136456236642,152.80831671419435,151.62193298339844,151.62193298339844
2018-07-16,151.9298677002556,152.1743938968264,150.29972990696498,151.03329467773438
2018-07-17,151.01513501856223,152.147182507457,150.87022962343832,151.7034149169922
2018-07-18,151.5675829339154,152.2015267981557,150.85213496261701,152.1290740966797
2018-07-19,151.9388993681994,153.27923981157645,151.4770151190326,153.206787109375
2018-07-20,152.87172001610122,153.33359049032669,152.46418561896803,152.5819091796875
2018-07-23,152.41894208755755,153.18872641903786,151.97517430662538,152.7721405029297
2018-07-24,153.46039949442806,153.74114514235288,150.53519180106443,151.1419677734375
2018-07-25,151.18725700456815,151.6944122314453,150.46274361519642,151.6944122314453
2018-07-26,151.83932743915267,153.38796126233348,151.70347339675186,152.50949096679688
2018-07-27,152.60005993271398,152.79930147256303,149.2401356188451,149.66578674316406
2018-07-30,149.65671819776043,150.35406350738074,148.588071714524,148.70579528808594
2018-07-31,149.00464883741253,150.89742931944858,148.87786004481063,150.21820068359375
2018-08-01,150.06425522463786,150.55330761812678,148.97749208869135,150.11859130859375
2018-08-02,149.3940735596941,151.4317593733978,149.37595692760206,151.2144012451172
2018-08-03,151.3774127163008,151.8573998349509,149.9827360320789,150.6891326904297
2018-08-06,150.58046447368747,151.7034469758654,150.24536894928167,151.53138732910156
2018-08-07,152.04757253376644,152.59096089445887,151.7849435780938,151.89361572265625
2018-08-08,151.89369853112683,152.13822480864175,150.77976698525507,151.7578582763672
2018-08-09,151.83022267397195,152.7902106725392,151.7396671548971,152.14720153808594
2018-08-10,151.28685517605777,152.753984551709,151.20535105939746,151.7215576171875
2018-08-13,151.91172634667814,152.19247192165759,150.22723907786204,150.83401489257812
2018-08-14,151.16008659669623,152.69061748032587,151.1419699620359,152.32835388183594
2018-08-15,151.87554345750874,151.98422945276016,149.56616297836922,150.41746520996094
2018-08-16,151.1147429493058,152.30112640613788,150.96078616213057,151.8120880126953
2018-08-17,151.66720645137534,152.57284450801748,151.17815416218215,152.46417236328125
2018-08-20,152.88078157567955,153.2158632859626,151.9932600133681,152.8898468017578
2018-08-21,153.1796297137967,155.19014742798967,153.1615130822529,154.64675903320312
2018-08-22,154.49285255964708,155.30793541745183,154.33889568870455,155.0271759033203
2018-08-23,154.94566175330883,155.33509342907777,154.1215275394942,154.55624389648438
2018-08-24,154.99995452692463,155.57051094918626,154.88223097138192,155.3984375
2018-08-27,155.8693888505875,156.6210702037487,155.4256211643284,155.62486267089844
2018-08-28,155.91465027784648,156.20444726850565,154.95467615419412,155.76974487304688
2018-08-29,155.78790794857576,156.46713668976545,155.2807526995185,156.2226104736328
2018-08-30,155.92373645731595,156.88371079505967,155.6067713599355,156.09580993652344
2018-08-31,155.73358325914262,157.02863952070874,155.724518031139,156.6935577392578
2018-09-04,156.48519325393139,156.7840554699929,154.97277936218265,155.99615478515625
2018-09-05,155.9327576238045,155.97804229148875,154.28450350783243,155.57955932617188
2018-09-06,155.92372950231416,156.20447513736445,154.33886262927572,154.529052734375
2018-09-07,154.14869182290442,155.2716744030262,153.65058802416834,154.44754028320312
2018-09-10,155.09051433244875,155.47993205651358,154.31166506537932,154.6376953125
2018-09-11,154.5018938239263,155.40753209061066,153.9585053363384,154.8913116455078
2018-09-12,154.6739611271291,154.94565538434398,153.35173693106415,154.52000427246094
2018-09-13,155.11773525058268,155.35319624641065,154.19398026565923,154.55624389648438
2018-09-14,154.65579699065012,155.70632651297294,154.32070155140562,155.20823669433594
2018-09-17,155.24446958994227,155.35314173158352,153.3698060519325,153.5599822998047
2018-09-18,153.77735191779777,154.6014859041324,153.6233950992969,154.2030029296875
2018-09-19,154.21208179436871,154.92754375831697,153.11626723846868,153.6415252685547
2018-09-20,154.29358695608965,155.1358377293187,153.78643173816147,155.06338500976562
2018-09-21,155.54340295096395,155.6068042752171,154.15777723543175,154.32078552246094
2018-09-24,154.19393692745808,154.41129504486184,152.83547978630094,153.75018310546875
2018-09-25,154.00377337096128,154.42942441582016,153.82264850098642,153.98565673828125
2018-09-26,154.30348991042473,154.3942996052986,152.35120617116385,152.57821655273438
2018-09-27,152.88693561679466,153.1865909601518,152.3330297740338,152.5872802734375
2018-09-28,152.05153341456779,153.4590003904548,152.05153341456779,153.05038452148438
2018-10-01,153.7223254763802,153.74957946606943,150.5260296627323,151.03453063964844
2018-10-02,150.89830233269268,151.21612234204625,149.08221966349802,149.40003967285156
2018-10-03,149.99022034735293,151.3976868056458,149.38183448073238,150.70758056640625
2018-10-04,150.22636565600365,150.41704658352828,148.12879231956293,148.59188842773438
2018-10-05,148.69179905033423,149.064099399258,145.88595407604475,147.24801635742188
2018-10-08,146.89386517716636,147.4659218530038,145.7860535304033,146.93927001953125
2018-10-09,146.75768452849172,147.77470058091163,146.17653843665852,146.3672332763672
2018-10-10,146.03119787326315,146.18556322033902,141.98132787396776,142.16293334960938
2018-10-11,141.48192558201714,142.8530769371023,139.3934276312689,139.4479217529297
2018-10-12,141.25488109410077,141.43648655557226,137.9223716886884,139.47512817382812
2018-10-15,139.25717998529325,141.00969261147947,138.5125796521978,139.99269104003906
2018-10-16,141.0006769150376,144.25146700715527,139.87470051570102,144.05169677734375
2018-10-17,143.63399099248173,143.6703204098987,141.5545821527846,143.43423461914062
2018-10-18,142.9347817441028,143.1345519348979,140.17432848344887,140.74639892578125
2018-10-19,141.17320061562276,141.9813569248535,138.6942514196518,139.25723266601562
2018-10-22,139.76573689443111,140.2469977495688,138.49448441965475,138.95758056640625
2018-10-23,137.05065144317643,138.83041828875983,135.22549362215395,137.71353149414062
2018-10-24,137.50464045726412,138.0040657728572,132.41054380503275,132.52857971191406
2018-10-25,133.23689801217702,136.04275620035375,132.94633199685777,135.39804077148438
2018-10-26,133.97241849807565,135.67954071849027,131.393584315977,133.91793823242188
2018-10-29,135.41623759770914,136.7782998906473,131.7295912083881,133.1824493408203
2018-10-30,133.34584942525015,136.1062884455978,133.08250973062374,135.96099853515625
2018-10-31,137.35033120776424,137.89516156633488,136.2334442138672,136.2334442138672
2018-11-01,137.01437655785116,139.62954041959344,136.94173157773463,139.3752899169922
2018-11-02,139.89285917464017,140.64653521713305,138.42183650565613,139.83837890625
2018-11-05,139.87467671349648,140.43767174516753,138.34009854469952,139.72940063476562
2018-11-06,139.52055914938666,140.84630572388923,139.40252318617283,140.41952514648438
2018-11-07,141.07329650493102,142.93478393554688,140.56479559533287,142.93478393554688
2018-11-08,142.20839130653758,143.37975883927646,141.9632162022472,142.55345153808594
2018-11-09,141.6544638939205,141.68170402852803,138.88493474538478,139.91102600097656
2018-11-12,139.85652802781988,139.99272868361624,136.96894942443814,137.1414794921875
2018-11-13,137.65905826082695,139.01203084805653,136.46951259136705,136.7056121826172
2018-11-14,137.85880818892474,138.43995394601956,134.82594034646615,135.7067413330078
2018-11-15,134.83507036032398,137.84068513030954,134.50817490722397,137.6409149169922
2018-11-16,136.76015268115557,138.28565599376412,136.26072700537924,137.9678497314453
2018-11-19,137.73167407016743,138.04949401280828,134.72606010044788,135.17100524902344
2018-11-20,133.70905295381777,134.78053480896992,132.20170139143738,132.56492614746094
2018-11-21,133.28232185382797,135.63414586512278,133.05531149314825,134.41737365722656
2018-11-23,133.3186706642096,135.57060989016475,133.30958138086802,134.29026794433594
2018-11-26,135.58872953250082,136.56940191438534,135.0620639314975,136.03366088867188
2018-11-27,135.46159146422994,135.9610169392212,134.653435279466,134.90769958496094
2018-11-28,135.47978062704692,138.35827034086265,134.11771846151572,138.240234375
2018-11-29,137.66814971629756,138.6942408762534,136.6057429987874,137.867919921875
2018-11-30,137.53193353693487,138.8031857420609,137.18687342885357,138.5852508544922
2018-12-03,140.19251662899592,140.27423703281843,138.04046286132666,139.91102600097656
2018-12-04,139.61134747246834,139.95640759432573,133.60919402853327,133.95425415039062
2018-12-06,132.07460870247152,133.66368103027344,130.24036133595192,133.66368103027344
2018-12-07,133.60917653174116,134.62617820326298,130.09506165520094,130.77609252929688
2018-12-10,131.00316158170062,131.41177751831978,128.44247769582145,130.394775390625
2018-12-11,132.28348899807685,132.74659906542917,129.29603833531849,130.25856018066406
2018-12-12,131.55701321397268,133.26412124457937,131.44803884838694,131.50253295898438
2018-12-13,131.8839307493163,132.29254658596452,129.43220801820434,129.6410675048828
2018-12-14,128.69670470056465,130.0587668107051,127.21660662936175,127.67970275878906
2018-12-17,127.25057689007956,128.35299010980498,124.05269021626708,124.83621978759766
2018-12-18,125.96597884427342,126.80417119557143,124.17114923376006,124.68136596679688
2018-12-19,124.63577466559902,126.34859599546988,121.40143716157372,122.08474731445312
2018-12-20,121.74766448559853,122.45830600480143,118.64998313591062,120.0712661743164
2018-12-21,120.60880876669205,121.1281172837056,116.60005424913739,116.95536804199219
2018-12-24,116.37227142815188,117.04646879756865,114.65032353775247,114.686767578125
2018-12-26,115.051216382675,120.35371027307899,114.62300753989743,120.19881439208984
2018-12-27,118.68644086959641,120.69992065429688,116.49984664340442,120.69992065429688
2018-12-28,120.69988193182894,123.00491336145576,119.84346445483335,121.04609680175781
2018-12-31,121.82966455499286,122.13032273636372,120.08039196500283,121.99365234375
2019-01-02,120.41749338789633,123.15073455584974,119.84350829399139,122.68608856201172
2019-01-03,122.00277608920535,122.6678608689635,119.94372554888353,120.4903793334961
2019-01-04,122.01188265370409,125.36466567652833,121.82056355927764,124.99111938476562
2019-01-07,125.05489245674532,127.8883530966447,124.58114065151567,127.1777114868164
2019-01-08,128.28011285728044,129.1820734839897,126.99548625938128,129.12741088867188
2019-01-09,129.57381630504378,130.63977838153747,129.02716267003086,130.19334411621094
2019-01-10,129.42809066180845,130.94048759388505,128.78123130663312,130.8675994873047
2019-01-11,130.29356965567078,131.18643822860372,129.9929115323746,130.90399169921875
2019-01-14,130.120442227976,130.68530733573704,129.45534386989613,129.6011199951172
2019-01-15,129.96560620710008,130.87668655598122,129.4554034360439,130.69447326660156
2019-01-16,130.90399360663204,132.33439616237033,130.89488780954375,131.6693115234375
2019-01-17,131.18643930209237,133.31836357347785,131.16821380605194,132.86282348632812
2019-01-18,133.56437694643648,134.76699570805417,133.0177232080762,134.22946166992188
2019-01-22,133.4368116209797,133.7101245581911,131.24110501217817,132.10662841796875
2019-01-23,132.39816628156515,133.18168181856794,130.70355674618497,131.7421875
2019-01-24,131.58735008565114,132.79908882021175,131.4962503767428,132.53488159179688
2019-01-25,133.5825770394533,134.5118827538457,133.40946957381365,134.23855590820312
2019-01-28,132.98131046791346,133.84683412718144,132.4437624293501,133.5188446044922
2019-01-29,133.66456513524832,133.76478450048856,132.9083669978864,133.1999053955078
2019-01-30,133.9105765598217,135.1496463050099,132.72616940748293,134.6576690673828
2019-01-31,134.48455471915113,136.02428254834308,134.41166663174772,135.8056182861328
2019-02-01,136.06984338884436,136.3704876431036,135.36830769094902,135.91494750976562
2019-02-04,136.12450494589567,137.54578792679044,135.64163352038608,137.53668212890625
2019-02-05,137.5822299525756,138.1197778906056,136.88070813684462,137.6824493408203
2019-02-06,137.6095883044331,137.91024652827926,136.75318433885326,137.50936889648438
2019-02-07,136.58913744209008,137.29977886265615,135.1951858939043,136.3795928955078
2019-02-08,135.80564457011508,136.57094878299708,135.2954417615271,136.52540588378906
2019-02-11,136.92621331783744,137.70974270959326,136.32491105596108,137.66419982910156
2019-02-12,138.41130691425482,139.56838269925137,138.37486982191572,139.38616943359375
2019-02-13,139.77796936035156,140.08773339546758,139.12199028482038,139.77796936035156
2019-02-14,139.01264441164057,140.64347215576345,138.8486427161405,140.09683227539062
2019-02-15,141.01697615320336,142.34715921029527,140.55233030893444,142.3289337158203
2019-02-19,141.71856873372695,143.130746231113,141.71856873372695,142.7207489013672
2019-02-20,142.72982806350842,143.56802018276514,142.61138318838084,143.39491271972656
2019-02-21,143.1580903284012,143.37674076169185,142.18322747336086,142.8483123779297
2019-02-22,143.285600112273,144.1966803959871,143.1307181322794,144.08734130859375
2019-02-25,144.93462477547826,145.3172767513509,144.03265046679186,144.12376403808594
2019-02-26,143.95976386689276,144.1237655165086,142.9393585874317,143.1306915283203
2019-02-27,142.57497834936066,143.44050195836522,142.2378691443501,143.3311767578125
2019-02-28,143.12160503995517,143.4769258109292,142.46562609323658,142.83917236328125
2019-03-01,143.9051209865651,144.2604417237376,142.81182748003286,144.16934204101562
2019-03-04,144.44266589457118,144.6613301731762,141.75498176671886,142.8665008544922
2019-03-05,142.98494563589415,142.99405143425253,142.09209082739562,142.201416015625
2019-03-06,142.14673856064806,142.201401149048,139.28594725121124,139.4134979248047
2019-03-07,139.41351567566463,139.52284086638437,137.91022479335544,138.19265747070312
2019-03-08,137.4273524443704,138.26554467243574,137.2178078628497,138.15621948242188
2019-03-11,138.58440849595075,140.58878213701095,138.39307553884942,140.570556640625
2019-03-12,140.67077917017775,141.19920736136856,140.12413938417333,140.64344787597656
2019-03-13,141.14455615718876,141.88252896410452,140.98967417689622,141.19921875
2019-03-14,141.12631185047914,141.2356509235115,140.48855851604048,140.62522888183594
2019-03-15,140.78921948866676,142.0100635967337,140.607006232564,140.99876403808594
2019-03-18,141.27212439531857,142.53852559340726,140.74369609584497,141.90077209472656
2019-03-19,142.5658471162471,142.61140391345373,140.82569423960916,141.18101501464844
2019-03-20,141.1736696351653,141.9775619866648,139.22790501389042,140.00437927246094
2019-03-21,139.5202099903596,142.5621962912422,139.5202099903596,141.8405303955078
2019-03-22,140.8630874424055,141.173677162394,136.63355017798418,136.67921447753906
2019-03-25,136.55132500276707,138.2321922005762,135.57387759540168,137.28213500976562
2019-03-26,138.36919594924038,139.6024385554634,137.74800264107833,138.7254638671875
2019-03-27,138.5884543626915,139.04520885557105,136.55131928833922,138.18650817871094
2019-03-28,138.66153980455593,139.7029396183561,137.87592142298442,139.4197540283203
2019-03-29,140.3880575450858,140.6529829630545,138.94472557997017,139.84909057617188
2019-04-01,140.94531391145384,141.52082910905375,140.42462096904092,141.37466430664062
2019-04-02,141.47514669750282,141.48429070928594,140.2327737916821,141.00926208496094
2019-04-03,142.26987281455547,142.6444008480631,141.34721995832942,141.7400360107422
2019-04-04,141.84966575454382,142.5165233715434,141.4477195944761,142.43431091308594
2019-04-05,142.78144459886656,143.85024834472907,142.68095806178343,143.76803588867188
2019-04-08,143.283895437495,143.87767072518875,142.57135951664597,143.53053283691406
2019-04-09,142.92767249503154,143.14690580801155,141.51173027950367,141.77664184570312
2019-04-10,142.03236330360167,143.7497645376234,141.89534254090418,143.70408630371094
2019-04-11,143.89593484008478,144.042085679565,143.24733734729944,143.52139282226562
2019-04-12,144.4532045213432,144.48060868037282,143.5214212972066,144.0421142578125
2019-04-15,144.2887382703346,144.42577297854353,142.96415305855862,143.57620239257812
2019-04-16,144.06953917392175,144.24309420964167,143.40266743519305,143.9142303466797
2019-04-17,144.41662880052812,144.4349028827429,141.77658845163364,142.5987548828125
2019-04-18,142.6078628349309,142.7631576620679,141.28327783014242,142.1785125732422
2019-04-22,141.87708324856217,142.33383775721842,141.1554172580635,141.8040008544922
2019-04-23,141.93193405831545,144.38014620608757,141.92280398346338,143.94166564941406
2019-04-24,143.9873054591673,144.96476692477185,143.7589281753206,144.38925170898438
2019-04-25,143.72237229178194,143.85026299390805,142.02324499836877,143.19253540039062
2019-04-26,143.38437541456682,144.7820430367048,142.87279867775536,144.58106994628906
2019-04-29,144.90080278827097,145.80518177667207,144.78205608889536,145.2753448486328
2019-04-30,145.3849683627865,145.4215165328197,143.38439513331596,144.59934997558594
2019-05-01,144.94643537801983,145.00124367416848,143.15596598832173,143.22903442382812
2019-05-02,143.09205788809356,144.47145154376764,142.2150830616833,143.8959503173828
2019-05-03,144.6176383558319,146.7461164517726,144.50802171298238,146.6456298828125
2019-05-06,144.4988226124016,147.17541078027568,144.3435277812202,146.8100128173828
2019-05-07,145.53110458553982,146.04266735320218,142.73576950578493,143.90505981445312
2019-05-08,143.6583993307204,144.41661336261586,143.1011583645823,143.20164489746094
2019-05-09,142.0689502835151,143.10120616897035,140.4429050730378,142.68099975585938
2019-05-10,142.1328933997197,143.26564982830274,140.3789574044921,143.0738067626953
2019-05-13,140.3972072605449,140.6986669178743,138.08603049339447,138.515380859375
2019-05-14,138.81687573989495,140.8357234343641,138.57935440710185,140.2602081298828
2019-05-15,139.21876475651783,141.05492675078224,138.91731905561932,140.7169189453125
2019-05-16,141.1462477147459,142.67180582501234,141.08230934340145,141.5938720703125
2019-05-17,140.51596113680395,141.8405463996185,139.45628735093587,139.62071228027344
2019-05-20,138.78944084317212,139.60247738206326,138.3144261131568,138.6524200439453
2019-05-21,139.42888275603232,140.71691984890182,139.3832045183468,140.51596069335938
2019-05-22,139.96784784417227,140.30584170824352,138.853365766972,139.3375244140625
2019-05-23,137.99467464939374,137.99467464939374,135.72917611182825,136.4691162109375
2019-05-24,137.37345782545555,138.02204126769317,136.83447703970435,137.74798583984375
2019-05-28,137.94902162336805,138.53366696376347,136.64271013586136,136.65184020996094
2019-05-29,135.9666573908667,136.048869844115,134.61466816097294,135.50990295410156
2019-05-30,135.88447537014918,136.64268957767274,134.32236871338765,135.13539123535156
2019-05-31,133.54590549437873,134.13968086904305,132.7511569906494,133.24444580078125
2019-06-03,133.4911243453549,134.47771610546707,132.7603140853778,133.71035766601562
2019-06-04,135.12628073725216,137.29129310552725,133.7560169215754,137.17254638671875
2019-06-05,137.72064417589715,137.8394048342901,135.75660494011268,137.199951171875
2019-06-06,137.1359740948986,137.50138607824218,135.48252494501435,136.84365844726562
2019-06-07,137.346066171194,138.40572588208593,137.0446065670391,137.81195068359375
2019-06-10,138.35095972252805,139.894792435723,138.35095972252805,138.62501525878906
2019-06-11,139.64814566400167,139.97700953055028,137.5562157483481,138.2139434814453
2019-06-12,138.1043067181554,138.65241778421688,137.59274382398786,138.36923217773438
2019-06-13,139.13659561121287,139.93134422091777,138.73464929948545,139.83087158203125
2019-06-14,139.6572637091671,139.71207202022686,138.59758989854032,138.60671997070312
2019-06-17,139.22371254120952,140.16794286041096,139.0403694285051,139.5629119873047
2019-06-18,140.50703912822036,142.23047990789007,139.5811340084796,141.18540954589844
2019-06-19,141.3504966333469,141.81802355260308,140.626272634377,141.68968200683594
2019-06-20,143.05562527204796,143.21146759103536,141.5796903826021,142.35890197753906
2019-06-21,142.21222579120496,142.24888880969675,140.81879328946485,141.13047790527344
2019-06-24,141.50635597954278,141.55219524887502,139.34287395596243,139.4162139892578
2019-06-25,139.62703850361692,139.8012193100463,138.4261253496196,138.56362915039062
2019-06-26,139.067818025734,139.5445211304801,138.2060903322929,138.24276733398438
2019-06-27,138.64616022625592,140.96548450148862,138.64616022625592,140.83714294433594
2019-06-28,141.13044342725206,143.02807939578582,141.1212811719123,142.55137634277344
2019-07-01,144.4215341891053,144.87073660182418,142.29472939238707,143.10145568847656
2019-07-02,143.02807835676595,143.11974287402577,141.41462618542207,142.2305145263672
2019-07-03,142.64309242907308,143.32146319551342,142.248891534792,143.2481231689453
2019-07-05,142.5422974429694,143.68820949846514,141.9647532907806,143.63319396972656
2019-07-08,143.2023103666147,143.44981724114058,141.99222080509753,142.26724243164062
2019-07-09,141.6713442736156,142.48723281646508,141.61634275201354,142.45973205566406
2019-07-10,143.19309496006653,143.52311802402878,141.95551896134097,142.7072296142578
2019-07-11,142.90893464967218,142.95477391379382,141.37799834763044,142.0105438232422
2019-07-12,142.2213975896934,143.62399244310453,141.9830529830586,143.11062622070312
2019-07-15,143.52315222901012,143.55065299187964,141.95555279272608,142.35890197753906
2019-07-16,142.21223903851404,143.19313224156107,141.79053735158882,142.31307983398438
2019-07-17,142.3130257591046,142.40469027313267,140.9287559119784,141.2954559326172
2019-07-18,141.24968067987137,142.10223238630732,140.92881976495656,141.8272247314453
2019-07-19,142.03806983587071,142.48725833485352,141.01133728027344,141.01133728027344
2019-07-22,141.39634529325386,141.8180329767197,140.62628197929914,140.88296508789062
2019-07-23,141.43304469607682,141.8364079671047,140.7546597413314,141.8180694580078
2019-07-24,141.44215363342968,144.33902149853733,141.28631133531786,144.1648406982422
2019-07-25,144.09150524446508,144.14652075275876,142.17554435685219,142.42306518554688
2019-07-26,142.6247509825934,144.31152959431697,142.55141095753854,144.10984802246094
2019-07-29,144.1006687985222,144.25651108784768,142.6430726911448,143.1472625732422
2019-07-30,142.14804214269523,144.69654846191406,141.82719528258258,144.69654846191406
2019-07-31,144.64152777537754,145.97078227839447,142.59722563658113,143.5231170654297
2019-08-01,143.81652441792045,144.99909928507867,140.8004766138082,141.4421844482422
2019-08-02,140.58050431205766,140.94719059475375,138.6828671292336,139.87461853027344
2019-08-05,137.30771084202178,137.436052382071,134.03499457667695,135.67593383789062
2019-08-06,136.5009973104975,137.2343836025903,135.10757874251925,136.92269897460938
2019-08-07,135.60257240093537,137.24352539117154,134.4749994779966,136.88600158691406
2019-08-08,137.64692303062307,139.920422166331,137.50025694782053,139.83790588378906
2019-08-09,139.42536734875688,139.48036887317258,137.53690707352362,138.07777404785156
2019-08-12,137.33523211162515,137.61941599359108,135.97847648731312,136.2901611328125
2019-08-13,135.98761745478097,139.15033065958022,135.37341051839678,137.7569122314453
2019-08-14,135.63010364199684,135.65760440326142,133.58580112164503,133.9066619873047
2019-08-15,134.41084884654137,134.45668811032198,132.73323250706332,133.3749542236328
2019-08-16,133.97086304293887,136.51020794894757,133.9433622740226,136.25352478027344
2019-08-19,137.8027666351308,138.32529510605397,137.46356725375173,137.6285858154297
2019-08-20,137.43606435888208,137.51856664435078,136.58351276601235,136.7301788330078
2019-08-21,138.07776364945389,138.10526440959072,137.3168766465841,137.85775756835938
2019-08-22,138.12360194439185,138.499464314533,136.7210072345277,137.53689575195312
2019-08-23,136.79435845361883,137.6102470378241,132.86158160157234,133.3199462890625
2019-08-26,134.57583834684687,134.80502062809552,133.57660695776502,134.78668212890625
2019-08-27,135.6392826617428,135.69428418539675,132.63239748292017,132.7882537841797
2019-08-28,132.52238900813165,135.1167346769377,132.23820515543838,134.33750915527344
2019-08-29,135.8134304842587,136.85850125197197,135.63926367978814,136.69349670410156
2019-08-30,137.40858316974794,137.4819232077823,135.71262801213504,136.44601440429688
2019-09-03,135.17173503023926,135.9692990482049,133.84248031786888,134.44752502441406
2019-09-04,135.68509339500733,136.00595423283505,134.92420642693517,135.5292510986328
2019-09-05,137.3719069028529,139.26036723860867,136.9318667170643,138.05027770996094
2019-09-06,138.1510955502008,138.63696093495778,137.35354557676547,137.41770935058594
2019-09-09,138.0319316058487,139.5628677938333,137.564390730092,139.26034545898438
2019-09-10,139.04950332830697,141.13048290294026,138.32529328496744,141.038818359375
2019-09-11,141.65302871018173,144.0731937308695,140.77296234439513,143.926513671875
2019-09-12,144.09152209999903,144.751568394943,142.61560117701066,143.9631805419922
2019-09-13,144.70575035824191,145.68664360321162,144.04570403025906,144.21070861816406
2019-09-16,143.89903516712548,145.5308126083408,143.65151427780918,144.7515869140625
2019-09-17,144.25652261956535,144.44904192657944,143.42229560280254,144.37570190429688
2019-09-18,144.36651769659653,144.38485619820048,142.15721084546806,143.48646545410156
2019-09-19,143.74320152230908,144.67826961437774,142.57895103431457,142.789794921875
2019-09-20,142.67974770136547,143.6056392586787,141.58883759618882,142.4872283935547
2019-09-23,141.9647176033522,142.963949307391,141.68969598153197,142.3772430419922
2019-09-24,142.73049536247206,142.85928803421587,139.68545759404088,140.2282257080078
2019-09-25,140.09026827730884,142.00376983276956,139.64869531446448,141.76458740234375
2019-09-26,141.59898589619777,141.59898589619777,139.78667964370126,140.18226623535156
2019-09-27,140.58699838435513,140.954973378359,138.45270411456326,139.05987548828125
2019-09-30,139.2530612906322,140.07181760663389,138.71948770845688,139.2254638671875
2019-10-01,139.9338650481808,141.074610302557,136.19886308788537,136.4932403564453
2019-10-02,135.81249206834465,135.81249206834465,134.18417341181302,135.46290588378906
2019-10-03,134.94772885380607,136.0976685788029,133.3286047371064,135.91368103027344
2019-10-04,136.143675397917,137.3028096419505,135.34330776616335,137.2016143798828
2019-10-07,136.87040156636343,138.0571470228506,136.26323012524662,136.96240234375
2019-10-08,135.61926015730597,136.088430409378,134.41412583420853,134.73611450195312
2019-10-09,135.7296015960622,135.86760270632075,134.90165108387933,135.35243225097656
2019-10-10,135.54564710147508,136.61279418257124,135.32486773114175,135.89523315429688
2019-10-11,137.799527695093,139.795834783929,135.86763798591485,138.1951141357422
2019-10-14,137.90994137649994,138.13072076643437,137.1647828607777,137.68914794921875
2019-10-15,138.149096794125,139.9522076720152,137.7995107784227,139.2714385986328
2019-10-16,139.10587524827204,140.08102161162245,139.04147190406965,139.4186553955078
2019-10-17,140.09943186247298,141.221774008558,139.87865244838957,141.0653839111328
2019-10-18,140.6882065899613,141.2125857963181,139.32668200590078,140.39382934570312
2019-10-21,141.8289029812671,142.5740613552522,141.58972067521762,141.7093048095703
2019-10-22,141.85651415763004,142.63847852367286,141.4333443414751,141.86572265625
2019-10-23,141.98531723856593,142.36250073872702,141.25856169878776,142.04051208496094
2019-10-24,142.5465321171266,142.64772737911565,141.18500735001527,141.83816528320312
2019-10-25,141.58975489878006,143.08007200697378,141.58054639882738,142.59249877929688
2019-10-28,143.19968068958502,144.41400959768802,142.6017036801375,143.8252410888672
2019-10-29,143.52160276855088,144.74513972899678,143.38361568319144,144.29437255859375
2019-10-30,144.23922523174275,144.2576281967574,142.85010317614874,143.81605529785156
2019-10-31,143.604431350965,143.604431350965,141.89332104015017,143.00645446777344
2019-11-01,143.8804373667031,145.5271587374466,143.55846270059837,145.44436645507812
2019-11-04,146.6402938125223,146.91628212707008,145.7847454785078,146.226318359375
2019-11-05,146.64026619956988,147.61542659899197,146.24469378517333,146.4102783203125
2019-11-06,146.26312184176876,146.26312184176876,145.1775715659954,145.56394958496094
2019-11-07,146.9530753065862,147.34864776115248,145.50874454025424,145.9503173828125
2019-11-08,145.60992222337177,146.5206792613557,145.3063365440438,146.34588623046875
2019-11-11,145.37993687604862,146.18029020260803,145.24194976365774,146.0699005126953
2019-11-12,146.20792303071755,147.08188841198591,145.80315605723743,146.11593627929688
2019-11-13,145.11317169563725,145.8123298642542,144.60719550378076,145.49034118652344
2019-11-14,145.2879623163617,146.18952507109168,145.15916964245008,145.44436645507812
2019-11-15,146.48389797680474,146.5390928300844,145.67435006645582,146.19871520996094
2019-11-18,146.01472176885463,146.03312473165144,145.29716063060394,145.8307342529297
2019-11-19,146.3734893798828,146.91625741688316,145.63752534398847,146.3734893798828
2019-11-20,145.85833913059906,146.8242911852418,144.6715936231571,145.821533203125
2019-11-21,146.10673138019027,146.17112069785102,144.6439975523721,145.10397338867188
2019-11-22,145.6375560806532,145.84914104802323,144.75441028107008,145.5547637939453
2019-11-25,146.29987302741716,148.8757398078543,146.17108039026255,148.645751953125
2019-11-26,148.80220413954925,149.52895988750603,148.3790201337228,148.74700927734375
2019-11-27,149.3817703676099,149.88773260263716,149.10578203382698,149.79574584960938
2019-11-29,149.40935567172775,149.758927764623,148.72858637529202,148.82058715820312
2019-12-02,149.17016290518555,149.2253717986938,147.10948007604492,147.3670654296875
2019-12-03,146.10672798063172,146.97147074138203,145.44436166878384,146.8978729248047
2019-12-04,147.6522199934364,148.31458621546008,147.46823249561788,147.90980529785156
2019-12-05,148.54458004147392,148.710164584933,147.6062255164986,148.0570068359375
2019-12-06,149.57491532424282,150.3292823138969,149.49212305582117,149.78651428222656
2019-12-09,149.72210566789246,150.0992891494443,149.39092256851572,149.50131225585938
2019-12-10,149.40932001055793,149.91529612110486,148.97694170130376,149.5933074951172
2019-12-11,149.84170873050755,150.0256962278499,148.9861465137136,149.5473175048828
2019-12-12,149.72213367949453,151.8840257100825,149.26215784637782,150.8352813720703
2019-12-13,150.6236818373329,151.61723131775443,149.53814561302966,150.25570678710938
2019-12-16,151.48093504024578,152.21037082505254,151.1854779026249,151.3147430419922
2019-12-17,151.5548387341564,152.0718994140625,151.14857274598822,152.0718994140625
2019-12-18,152.40429747307365,152.60743046701774,151.72104475603163,152.36737060546875
2019-12-19,152.6074245347456,153.02291870117188,152.23809951766592,153.02291870117188
2019-12-20,153.41071412568263,153.65078806663644,153.0136904369456,153.24452209472656
2019-12-23,153.49381225539628,153.60460693405685,152.6812803749651,153.54920959472656
2019-12-24,153.68770901832062,153.9185406672183,153.30914173280541,153.9000701904297
2019-12-26,154.03857763307576,154.1770709868761,153.60461300604044,153.9000701904297
2019-12-27,154.30636148299752,154.30636148299752,152.74593702602024,153.14297485351562
2019-12-30,153.2537170266247,153.46609224965826,151.9518374668253,152.755126953125
2019-12-31,152.42275473286358,153.59538344369383,152.08112840396916,152.96751403808594
2020-01-02,153.9554762379535,153.96470443160229,151.63791754718955,153.06907653808594
2020-01-03,151.1854793742358,152.7274328691417,151.14853842614642,152.46890258789062
2020-01-06,151.28705309272314,152.8474630475516,151.0008100422762,152.6720428466797
2020-01-07,152.2104147590355,152.662835832986,151.61948622438476,152.16424560546875
2020-01-08,152.18268035064187,153.29989752484659,152.09034206519033,152.63510131835938
2020-01-09,153.38303885442835,153.68773837984662,152.5889772669636,152.81980895996094
2020-01-10,152.85674399792757,152.98600917744358,151.61024726850007,152.24734497070312
2020-01-13,152.29347827444434,153.30912899188,151.49018871146924,153.2352752685547
2020-01-14,152.4781434192419,154.74029061211752,152.330407792326,153.7985076904297
2020-01-15,153.41066537467773,155.07265560032084,153.40143718328372,154.53712463378906
2020-01-16,155.66364110392007,156.84549812344682,155.51590545426748,156.5315704345703
2020-01-17,157.22404401948398,157.48257432672594,155.7374877084201,156.10682678222656
2020-01-21,155.4512454694415,156.03294565553077,154.44482299576632,154.81414794921875
2020-01-22,155.29425501793506,155.691278570342,154.3616864238641,154.71255493164062
2020-01-23,154.2878366667475,155.09112607212512,152.76433975622217,154.61099243164062
2020-01-24,155.12808003532163,155.12808003532163,151.6379069959771,152.70896911621094
2020-01-27,150.3637140216004,151.87796879580011,149.96667633245443,150.9730987548828
2020-01-28,151.88720976184925,152.7181979791119,150.95465506569053,152.2288360595703
2020-01-29,152.44123597820007,152.86595834863752,151.3332327240144,151.36093139648438
2020-01-30,150.3545087264841,151.55483619262085,149.51427809130374,151.36093139648438
2020-01-31,150.79770776794103,151.3516952771805,147.75995535022125,148.22161865234375
2020-02-03,149.20959332863774,150.43760538361985,149.10802683286704,149.8743896484375
2020-02-04,151.71181440380306,152.63514114385552,151.5733210283344,152.1365509033203
2020-02-05,153.7154030054193,154.68489871901855,152.98598121621995,154.4817657470703
2020-02-06,155.0173049012739,155.25736474930153,153.97394131740532,154.1309051513672
2020-02-07,153.53996258646865,153.60460220626123,151.79487600705107,152.2380828857422
2020-02-10,151.942673641038,153.17070011865124,151.8503494036001,153.09683227539062
2020-02-11,154.00159146259358,155.08189566042748,153.52147191782475,154.1585693359375
2020-02-12,155.13734770839278,155.38663575997228,154.4540809152736,155.22044372558594
2020-02-13,154.39865257789648,155.99600341719594,154.29708610321018,155.62667846679688
2020-02-14,155.76519915353188,155.8390669743517,154.50947437728703,155.0265350341797
2020-02-18,154.65722596223773,155.17428667243317,153.66925960687686,154.69415283203125
2020-02-19,155.27584376770102,156.171471761043,154.68491526487352,155.4882049560547
2020-02-20,155.0264993180329,156.1437304783735,153.81694396957252,155.86672973632812
2020-02-21,155.25738463130793,155.70059160744066,153.57693730222687,154.28790283203125
2020-02-24,149.44963465579383,154.2509298565572,148.74791155583867,149.64353942871094
2020-02-25,150.0590286318814,150.2806179778371,144.00200896912168,144.32516479492188
2020-02-26,145.0084468538641,146.3380394258889,142.39543085806312,142.65396118164062
2020-02-27,139.74548349688365,143.12484807163742,137.40946837695327,137.6310577392578
2020-02-28,133.7438475624934,137.69568380816713,132.87591840864877,135.11036682128906
2020-03-02,136.62460522805728,139.63464414721474,134.2424214830578,139.44998168945312
2020-03-03,139.5054468437214,142.37699383787893,135.09194573986954,136.606201171875
2020-03-04,138.75753425360682,140.76115148612956,137.13248434641923,140.49339294433594
2020-03-05,137.42796756856148,140.78887680249193,134.33483101594481,136.02452087402344
2020-03-06,131.76794378028652,134.78721158383712,130.1798209193154,133.32835388183594
2020-03-09,123.84580588865127,125.72938602233789,120.27252223575792,120.36486053466797
2020-03-10,124.3813318840748,124.46442789635027,118.20427470570735,124.12278747558594
2020-03-11,120.88190666896242,122.12840311022508,114.64945264033837,116.22834014892578
2020-03-12,107.81682758649619,110.7068439134353,103.04323148108965,103.3848648071289
2020-03-13,109.2387825883035,110.76227309354663,101.15044554871344,110.30984497070312
2020-03-16,100.2917191136378,102.76623422167218,93.65299984420217,95.67508697509766
2020-03-17,96.91235839192132,102.02758856437073,92.89588911976504,100.06090545654297
2020-03-18,95.14878620905684,98.59278965913006,88.87016401175646,92.30493927001953
2020-03-19,92.01873302510074,98.61128443482177,88.35312526859515,95.90593719482422
2020-03-20,97.9834072277384,100.42098853740562,92.7481408053554,93.62530517578125
2020-03-23,94.08697907125489,94.34550938424013,88.55625487884929,92.24032592773438
2020-03-24,97.29091318160701,100.94728517633176,92.26801490468965,100.67951965332031
2020-03-25,101.47666969402034,105.66624032155431,98.26960038751436,101.93084716796875
2020-03-26,103.38608453223662,109.00307767115908,103.0709358984325,108.27082824707031
2020-03-27,104.04414624253667,107.53854341015425,102.76503144477347,104.33148193359375
2020-03-30,104.96178626404875,106.83412166406862,102.70016299687187,106.63020324707031
2020-03-31,106.22237057551129,107.67759825096992,103.77536361896509,106.09260559082031
2020-04-01,100.75367132624399,102.31085810938868,97.81541040089375,98.86280822753906
2020-04-02,97.9915272187236,102.32013341811493,96.92559452364652,99.7989730834961
2020-04-03,98.79789639786264,100.10482388182737,95.09958127340417,96.97191619873047
2020-04-06,101.11516963598007,105.05448107955056,101.0502871421289,104.3963851928711
2020-04-07,108.33570236445907,109.9670428168212,104.17393744644895,104.66519165039062
2020-04-08,106.48190237451196,110.52317300859926,105.00813984948662,109.43870544433594
2020-04-09,113.00724983379858,115.50060434917745,112.46038414680405,114.67566680908203
2020-04-13,113.86925646179587,114.48101166895844,110.41193578311454,111.570556640625
2020-04-14,114.842520333442,115.75087528001627,112.43258995447583,113.83219909667969
2020-04-15,109.24404995679969,110.40267087771292,108.13177670138734,109.18843841552734
2020-04-16,109.4572338793084,109.76311150419205,106.18528948129511,108.3635025024414
2020-04-17,112.98870125321842,113.74875621126986,111.2832077670663,113.13700103759766
2020-04-20,110.84757468466152,113.9156076181645,110.33778573471973,111.80228424072266
2020-04-21,108.83623628159592,110.5231884184314,107.9649579724583,109.13284301757812
2020-04-22,111.52419972673677,112.14521875765037,110.08750715393313,110.45826721191406
2020-04-23,111.32957282765256,113.91561569282634,110.93100692932839,111.54275512695312
2020-04-24,112.64577490215154,114.3049211395453,111.3110411532623,113.4614486694336
2020-04-27,114.88884570771317,119.05061707545524,114.80542839724326,117.95687866210938
2020-04-28,121.53471908630551,121.84987478663649,117.9754383236661,119.67166137695312
2020-04-29,123.73149154945106,126.84586618439072,122.23918674222318,125.55747985839844
2020-04-30,122.2576441998857,123.221624492028,120.6263114313689,120.78388214111328
2020-05-01,117.85492389495235,118.14225962627165,114.2771018524189,115.99185943603516
2020-05-04,114.564431390146,116.69629664154732,113.31312225200203,116.49237823486328
2020-05-05,118.70766287436702,120.42241322149953,116.88166823812959,117.39146423339844
2020-05-06,118.17006891650158,118.82816478400986,115.86209790627375,116.52946472167969
2020-05-07,118.07737822423941,119.10623419822153,117.29878833671842,118.12372589111328
2020-05-08,120.64488904282389,123.04554832382156,119.74579802906726,122.6840591430664
2020-05-11,120.87659803289633,123.23090934976149,119.87554793289453,122.0722885131836
2020-05-12,122.59134145536623,122.61914722240668,117.56756348914008,117.68806457519531
2020-05-13,116.46457946069994,116.86314535088782,111.60764241201083,113.74877166748047
2020-05-14,111.1998258673233,114.25858149452951,108.6137825830062,114.11955261230469
2020-05-15,113.09066111631346,116.35333418017512,112.58086513524437,115.93623352050781
2020-05-18,121.84057283299073,123.63875475954801,121.26590138388049,122.98065185546875
2020-05-19,122.5542620985297,123.69434088677048,120.55216217041016,120.55216217041016
2020-05-20,123.02701489722752,125.11253280899619,122.7026094858354,124.20417785644531
2020-05-21,124.25048498830522,125.18664540943878,122.88794593237367,124.42659759521484
2020-05-22,124.82519533393788,125.17742065783975,123.29582121031098,125.02911376953125
2020-05-26,129.84895223395,130.11776019084485,125.12178766187579,128.6347198486328
2020-05-27,131.2207659426279,133.00966969396896,127.29071904265322,132.629638671875
2020-05-28,134.15905586164106,134.15905586164106,127.52247098656413,129.48748779296875
2020-05-29,128.1897964560044,129.09815112027704,126.43796253181905,128.7459259033203
2020-06-01,129.07963825555328,131.31346285106096,128.47716101631713,129.97872924804688
2020-06-02,130.75730974520408,131.4802879594959,129.35768683182087,131.0539093017578
2020-06-03,133.16726272549164,135.39182355097486,132.64820277587575,134.21466064453125
2020-06-04,133.32483167580733,134.95617908768097,132.71307639635472,134.02000427246094
2020-06-05,139.83163683267978,141.1849122387568,138.61740441769987,139.2013397216797
2020-06-08,141.21272605957319,142.176692460196,140.5453592655566,141.89862060546875
2020-06-09,139.83164113136624,140.67512054932652,138.16322419015953,139.27549743652344
2020-06-10,139.11797581698792,139.2755466193952,135.23427488728433,135.49380493164062
2020-06-11,129.90454203647437,130.7202155025471,124.91784836036939,125.1588363647461
2020-06-12,130.0714228679043,130.71098388953166,124.34319358766629,128.16201782226562
2020-06-15,123.95457428586134,132.12024821207675,123.95457428586134,131.1251220703125
2020-06-16,136.42632462142316,136.42632462142316,131.16234286319929,134.2779541015625
2020-06-17,134.4731898989852,134.845210844146,131.4319984975033,131.8505096435547
2020-06-18,130.54846838051134,133.28276224039305,130.02765320551467,131.80401611328125
2020-06-19,134.31512271425106,134.3988221279117,130.05557752820297,131.1251220703125
2020-06-22,130.42757535871715,132.5852402766653,129.11622801350615,132.43643188476562
2020-06-23,134.22207825105323,134.53828537933384,132.66891402154965,132.9944305419922
2020-06-24,131.2273980700701,131.6924136348951,126.77254101200342,128.67910766601562
2020-06-25,128.07461758715067,130.7438028982408,126.75396064241909,130.62289428710938
2020-06-26,129.72075399541876,130.04627060741907,126.93996965699853,127.10736846923828
2020-06-29,129.00466365488526,132.055165556918,127.50731251099118,131.26463317871094
2020-06-30,130.82744697262345,133.57103533076105,130.7530427965642,133.1618194580078
2020-07-01,133.5989783262358,134.39880573858989,131.35761388389767,131.89703369140625
2020-07-02,134.44530260196342,135.1149261743627,131.96212110062837,132.43643188476562
2020-07-06,135.152120471703,135.50552262457677,132.92933261445984,133.39434814453125
2020-07-07,132.23182318265884,133.403671523631,130.65077305288688,131.03208923339844
2020-07-08,130.9111922320242,132.52945169841908,129.367351158917,132.00863647460938
2020-07-09,132.0830206667917,132.3899326324304,127.63747314841626,129.3394317626953
2020-07-10,129.40453309066686,131.59940716293852,128.7721187231195,131.42269897460938
2020-07-13,132.808450861286,134.51970476887257,129.63704123861314,129.75794982910156
2020-07-14,129.6742279072168,132.04581002202514,128.93950959112703,131.90631103515625
2020-07-15,135.24515689693524,137.44003144543473,134.65923260664044,136.7425079345703
2020-07-16,135.88687572306836,136.40769098781388,134.74294118149143,135.93338012695312
2020-07-17,136.4169666122023,137.2632983915156,135.32883183500644,136.33326721191406
2020-07-20,135.8961086097117,136.5750413745586,134.9939775144122,135.747314453125
2020-07-21,137.15168547245347,138.72344027934832,136.90057310555682,137.67250061035156
2020-07-22,136.79829710747882,138.26774822785592,136.74249750145137,137.74693298339844
2020-07-23,137.62599075681356,139.69066082237532,136.43555214852634,137.8863983154297
2020-07-24,136.9842620772269,137.33767840440868,135.37531239336536,135.8589324951172
2020-07-27,135.96128121446935,137.35632819727138,135.21725331874458,137.2726287841797
2020-07-28,136.77967273794562,137.68178979665032,135.84033229921315,135.9054412841797
2020-07-29,136.71459782288198,138.99317161503313,136.69599322380557,138.90017700195312
2020-07-30,136.84479438082892,138.68625223956167,136.0914713563996,138.3514404296875
2020-07-31,137.77480053223775,138.03520809350303,134.54759162175625,137.04937744140625
2020-08-03,137.9143317698728,139.47679169403827,136.9192056832591,139.28147888183594
2020-08-04,138.93735716834993,140.3695989389267,138.61184057946224,140.23939514160156
2020-08-05,141.63446351766305,143.12251930653315,141.16015265314715,143.02951049804688
2020-08-06,143.03878757832854,143.63400692117457,142.21106045794662,142.9736785888672
2020-08-07,142.7132947808535,145.31738516117187,142.43428256311387,145.24298095703125
2020-08-10,145.68935322035165,147.71682821797378,145.68935322035165,146.7495880126953
2020-08-11,148.1260636520367,148.6375836173035,145.23366623878152,145.90328979492188
2020-08-12,147.56800399992824,147.77261193710197,145.54054341121017,146.49847412109375
2020-08-13,146.0056012150125,147.43784299946606,145.6893798260308,146.1916046142578
2020-08-14,145.34530963056125,146.72175216288335,144.96399334130845,146.0986328125
2020-08-17,146.4799371075017,146.9728525859681,145.77311839281361,146.85194396972656
2020-08-18,146.80543792344596,146.80543792344596,144.81517162375877,145.4475860595703
2020-08-19,145.94973283661557,146.98206763614618,145.26151909769146,145.45681762695312
2020-08-20,143.9687962623728,145.5405508642663,143.72697912906835,144.8616180419922
2020-08-21,144.29434013836718,144.82446475298403,142.85280307998886,143.79212951660156
2020-08-24,144.95466009485693,145.33597628403936,143.53171352659035,145.29876708984375
2020-08-25,145.8381336770375,145.84744306776525,143.95946740765459,145.45681762695312
2020-08-26,145.54987602601906,145.80098841185412,144.3222280874026,144.54544067382812
2020-08-27,145.19642148225694,146.01485322622017,143.81068450530938,144.89881896972656
2020-08-28,145.64287415408427,146.20088429256631,144.83373745700555,146.12648010253906
2020-08-31,146.19161259665077,146.35901140776699,144.43385412417803,144.55474853515625
2020-09-01,144.35942289311475,146.30318441104967,143.64329500029478,146.21018981933594
2020-09-02,146.9077261260296,147.85634767770816,145.25225762961895,147.37274169921875
2020-09-03,147.05653480354732,147.21463841106083,142.25758440099767,143.02020263671875
2020-09-04,144.81514319123482,144.98254197097117,138.844331273312,142.10874938964844
2020-09-08,140.60205347706403,141.8110963892144,138.57459308792946,139.37442016601562
2020-09-09,140.834608330367,142.0901560423668,140.03479517567396,141.4856414794922
2020-09-10,142.13668684749274,143.113222561479,139.56049614459508,139.64419555664062
2020-09-11,140.36028553265245,140.4811941113272,137.34697979673012,138.71412658691406
2020-09-14,140.05335843285883,142.69464294531832,139.84875048699192,142.369140625
2020-09-15,143.57821076534498,143.8758133483244,142.1645594705333,142.6388702392578
2020-09-16,143.32708322076303,145.87537336279613,143.07597086805586,143.98741149902344
2020-09-17,141.9413679079065,143.59682243346722,141.13224524405126,142.93650817871094
2020-09-18,143.2062074737455,144.42454613702245,140.56492213751073,142.56448364257812
2020-09-21,139.33725792931375,139.7464596684196,136.09144447448344,137.5701904296875
2020-09-22,138.249146409426,138.85367526623472,136.30538440756936,138.63046264648438
2020-09-23,138.5520688733094,139.50430648927252,134.41631825465618,134.50035095214844
2020-09-24,134.47233055615467,136.79694078505304,132.6518595312316,134.50035095214844
2020-09-25,133.91213847838762,137.09563593265415,133.82812006053325,136.6848602294922
2020-09-28,138.5146299125745,140.44713855897575,136.67548453956636,140.05503845214844
2020-09-29,139.89635989573372,140.2977907110389,138.16923871371694,139.42022705078125
2020-09-30,139.94301068317728,141.87551948159287,138.6266795942963,139.84031677246094
2020-10-01,140.7925845067582,142.0902544868627,139.56027167983137,142.0715789794922
2020-10-02,139.48557913289548,143.37858894028338,139.09347896293244,142.69708251953125
2020-10-05,144.2281671578305,146.86084417598587,144.21882228050225,146.6367950439453
2020-10-06,147.97181776005414,150.31508873635863,145.9552898846554,146.21669006347656
2020-10-07,148.05581774076666,149.8949636416221,147.93446254480838,149.4095001220703
2020-10-08,150.97789674465224,151.50069697307447,149.9136207810105,151.1085968017578
2020-10-09,152.49963993262898,152.83572785061384,151.0619249658788,151.89280700683594
2020-10-12,152.5463215580859,153.33053626999586,151.79947211091846,152.91041564941406
2020-10-13,151.7247701704629,152.37827049842264,150.75384318728948,151.89280700683594
2020-10-14,152.18220402880667,153.02243089532482,150.24970930176698,150.38973999023438
2020-10-15,148.70934943804596,152.34096035480889,148.26123684225246,151.9395294189453
2020-10-16,152.36894649311697,152.82638961996227,151.52871953899648,151.56607055664062
2020-10-19,152.06084693949776,153.13445352491308,149.40014993009427,149.75491333007812
2020-10-20,150.82855931977164,151.65944151687904,149.68959528617614,150.08169555664062
2020-10-21,150.18440017165113,150.65118827611477,148.70934805211698,148.7933807373047
2020-10-22,149.50288088767053,151.41671480320957,148.6066415349687,151.36070251464844
2020-10-23,152.23831176757812,152.481036505493,150.53919586643755,152.23831176757812
2020-10-26,150.23102069445198,150.65112696845802,146.92616852766972,148.9520263671875
2020-10-27,148.85868009494763,149.42816198552129,147.44898556035832,147.67303466796875
2020-10-28,144.3868283167099,145.11501625907945,142.8744259212047,143.12649536132812
2020-10-29,142.62246579669835,145.44185617283952,141.59552609330595,144.8350372314453
2020-10-30,144.06946666520705,144.96569171945868,141.33408135919478,142.92115783691406
2020-11-02,144.48956047321136,145.53516102724168,143.462621182475,145.46981811523438
2020-11-03,147.90645250057455,150.52046839101138,147.56103390715376,149.5962371826172
2020-11-04,147.2716056399118,151.56606069422648,147.23426886993656,149.76425170898438
2020-11-05,151.24861519629926,154.5814877494549,151.15526616037565,153.95599365234375
2020-11-06,154.6188919779393,154.7029246657433,152.45300251332165,152.75173950195312
2020-11-09,165.19623602825868,166.2698567523369,158.0823929447729,158.28778076171875
2020-11-10,159.8282126227283,161.81673411435267,158.4745302355959,161.22857666015625
2020-11-11,161.82606954542925,161.956769622989,159.510804923554,161.16323852539062
2020-11-12,160.01493105710324,161.1725705003048,157.15819059147054,158.6892547607422
2020-11-13,159.9682657502522,162.563606092658,159.93091473001076,161.97544860839844
2020-11-16,164.76683961213502,165.97114642986702,163.74923090719085,165.83111572265625
2020-11-17,164.3467510839248,166.92343056154272,162.70366206918087,166.60601806640625
2020-11-18,167.05413264059445,167.78232095935135,164.17871614680757,164.27207946777344
2020-11-19,163.9826393761485,165.79377932372773,163.44117776369384,165.53237915039062
2020-11-20,164.93487749082155,166.1205230518231,164.15067703506423,165.70974731445312
2020-11-23,167.3435284534802,169.90153228727652,166.85806485646765,168.8092498779297
2020-11-24,171.20848295820275,173.12231639360954,170.2469009251632,171.9833526611328
2020-11-25,171.3112299752804,172.0674244060143,169.80817174737697,171.39524841308594
2020-11-27,171.51657914193513,172.23543663082944,171.04979115477445,172.12339782714844
2020-11-30,171.6099259708543,172.07671391322495,168.34241037425986,168.99591064453125
2020-12-01,171.40457332940173,171.9833859383072,168.99594534280095,170.56434631347656
2020-12-02,169.86415075620712,171.29252089999574,168.75319303431837,170.74171447753906
2020-12-03,171.16183227852883,172.87960881867187,170.7884075507552,171.70330810546875
2020-12-04,172.73024020396846,175.93239913329742,171.7033008779576,175.69900512695312
2020-12-07,175.72698997812594,176.39916577458018,174.98947127533646,175.86703491210938
2020-12-08,174.69074500233322,178.29434910626384,174.65340822843442,178.12631225585938
2020-12-09,179.26527786946517,180.00279668418545,175.4189348403996,176.82864379882812
2020-12-10,175.2882391112694,178.9198494814463,174.86813272561466,178.53709411621094
2020-12-11,177.3701548023323,178.985237707375,175.79240867894828,177.65956115722656
2020-12-14,179.76847207573604,180.85478868126367,177.82057283628254,177.8673858642578
2020-12-15,179.58120277999737,182.5217789339116,178.616619838056,182.3157501220703
2020-12-16,182.73718871328393,182.8121095831298,180.70500834643474,181.66021728515625
2020-12-17,182.3625803810647,183.90779649470883,181.7351341857163,183.82350158691406
2020-12-18,184.1231527262609,185.26567075885544,182.42810946355533,182.93380737304688
2020-12-21,179.71230926134552,183.34589268819892,179.3189854300409,182.84019470214844
2020-12-22,183.54254899437413,185.16267153471955,182.98064968030283,184.919189453125
2020-12-23,185.95868595010552,186.97008181259525,185.33122554825854,186.4924774169922
2020-12-24,187.23231129617696,187.24168533520142,185.48108076184005,186.37074279785156
2020-12-28,188.38424975949502,188.4029692627534,185.54668743886188,185.67779541015625
2020-12-29,186.0242613418517,186.36139811102728,181.15451912352262,182.08163452148438
2020-12-30,182.66224128674864,184.93790343247446,182.64350749958712,183.9358673095703
2020-12-31,184.13252499305082,184.33855378603027,182.25954635846887,183.60809326171875
2021-01-04,184.99411970959946,185.32189673305552,178.8132979119442,181.21070861816406
2021-01-05,180.82676074977348,185.06905719700762,180.80804124766868,184.01083374023438
2021-01-06,186.8108871679764,193.64726212103415,186.5112180136253,191.5401611328125
2021-01-07,192.64523402692808,195.27676686258326,192.63585998785146,194.94898986816406
2021-01-08,196.02596133626463,196.4473786938559,191.66191745258274,194.52757263183594
2021-01-11,192.06458240065044,194.90214376693643,191.82110033290667,194.35897827148438
2021-01-12,195.27678620367172,197.96450638121547,195.24869266304685,197.84275817871094
2021-01-13,198.001960602297,198.28291029956068,195.9042333474114,196.4286651611328
2021-01-14,197.82405074177976,201.34524618187928,197.72103632330817,200.35256958007812
2021-01-15,197.4213299004191,200.37128011072508,195.03327905103643,197.36514282226562
2021-01-19,199.7906470924426,200.04350323399453,198.27353882251995,199.89366149902344
2021-01-20,200.74586276078662,202.26297097380257,199.53779775592093,200.77395629882812
2021-01-21,201.31711020105058,201.4950454581462,198.4889084544149,199.03207397460938
2021-01-22,197.12166786188757,201.65427333327378,196.24136549973926,201.34523010253906
2021-01-25,201.2796522509644,204.07040084572657,198.16115524214032,201.14854431152344
2021-01-26,202.5626108274612,202.92784103307244,199.2568051924006,199.75314331054688
2021-01-27,196.1945060926212,199.46285885630547,194.1248584759694,196.09149169921875
2021-01-28,197.44941847496506,198.88224609062976,194.44329555178382,195.4640655517578
2021-01-29,196.40991986527692,197.58990566672313,191.8304872241309,192.5047607421875
2021-02-01,194.94895756641847,198.1330294613459,192.69201513575092,197.23399353027344
2021-02-02,199.61266571512883,200.455514562403,197.4962052838414,200.04345703125
2021-02-03,200.12778075825958,201.10173773082448,198.1517875641628,200.64285278320312
2021-02-04,201.42946935912903,204.93194429852517,201.42010961091785,204.7352752685547
2021-02-05,206.90797648498759,207.75081125421326,204.87579614122356,207.5728759765625
2021-02-08,209.57693619916398,212.89211635565565,209.21170594019722,212.87338256835938
2021-02-09,212.70483081640208,215.03668015445186,211.93690268970587,213.8754425048828
2021-02-10,215.3176398554285,215.6922441870219,210.66328642187432,212.47071838378906
2021-02-11,213.65067112487293,214.4560525049947,209.23044042788277,212.22720336914062
2021-02-12,211.58105119894162,213.27610907970285,210.37298611520907,212.8265838623047
2021-02-16,214.89624798650232,215.04608973692064,210.51346966978923,211.4874267578125
2021-02-17,209.40840134137824,210.46663896658202,206.926710075726,209.82981872558594
2021-02-18,208.21904132004303,208.74347307641833,205.45640056004873,206.58018493652344
2021-02-19,208.33144932615411,211.92756538448384,208.05985938343576,210.8880615234375
2021-02-22,209.3147536467346,212.01184785890797,208.8184153770909,209.52078247070312
2021-02-23,206.92669275560374,208.81839095121003,201.86964169931144,207.67587280273438
2021-02-24,208.481256148782,213.0045014592903,207.62906169380872,212.5830841064453
2021-02-25,212.3864128954313,213.13560723159353,204.1640375651034,204.72593688964844
2021-02-26,205.57813514716076,208.1160131480569,201.16726425648042,204.44497680664062
2021-03-01,209.28662479677672,212.31149552484527,208.78092686215962,211.71214294433594
2021-03-02,211.44991656453297,211.60913232332757,207.47921100648426,207.63841247558594
2021-03-03,208.293962332325,210.0170993301281,205.28783948035348,205.39085388183594
2021-03-04,204.63229316757372,206.67384748540456,196.12896772084517,199.65017700195312
2021-03-05,203.1151894932314,204.29516101675307,194.0499787773507,203.88311767578125
2021-03-08,205.42830559528966,208.1534930493373,203.84563629813428,204.84768676757812
2021-03-09,208.2845893850726,210.7007335024494,206.88921517880863,209.155517578125
2021-03-10,211.27200012327125,214.42796461596356,210.8973958146904,212.7891082763672
2021-03-11,214.9711327718542,217.5277446917376,214.25939172170382,217.4715576171875
2021-03-12,217.2561878647482,219.27899417202795,216.675554701544,218.7545623779297
2021-03-15,218.52040444138456,219.63482896724156,217.18123163447564,219.5318145751953
2021-03-16,219.15724056358238,219.22278738710546,214.56843419831222,215.8607940673828
2021-03-17,214.42799108489388,218.03348119294384,212.92024249476142,217.5558624267578
2021-03-18,216.14173857834697,218.13645111908738,210.34486738337682,210.9348602294922
2021-03-19,210.30741089758212,214.08146166817644,208.79028850061408,212.52688598632812
2021-03-22,213.21987194728663,213.61321001895985,209.86725290711271,210.92547607421875
2021-03-23,208.98694313193113,209.6424827448284,202.30977024914662,203.27435302734375
2021-03-24,205.89658166434714,207.27322237000052,198.57322692871094,198.57322692871094
2021-03-25,196.41337102129305,204.0882681337235,195.18426506440863,203.2813720703125
2021-03-26,205.43930413907785,207.05308157929485,202.62455307258455,206.98741149902344
2021-03-29,205.48623936116306,207.28767862518066,200.86067121161113,201.16090393066406
2021-03-30,201.15152662071745,205.17661501642138,199.97871348115066,204.54798889160156
2021-03-31,205.63635078918017,208.66689575438923,205.58943540305202,207.29705810546875
2021-04-01,208.66689731691343,210.07427301190134,208.31037187611463,209.92416381835938
2021-04-05,212.41990789846747,212.55126239606767,209.7646715767323,211.07821655273438
2021-04-06,211.10637956297728,212.69202532679,210.0180054590319,210.458984375
2021-04-07,210.383900388332,210.51525488241143,206.35881214245316,207.0625
2021-04-08,208.14147513631278,209.0609708796928,205.84276441099396,208.8170166015625
2021-04-09,208.7513373582144,209.31427901018537,207.5785243542353,208.84515380859375
2021-04-12,208.9671353104915,209.16415988200214,206.790387457653,208.0288848876953
2021-04-13,207.8037277030152,208.8264316826026,205.31736947336665,207.48472595214844
2021-04-14,208.16961577194976,212.04459458166787,208.1039456872685,209.53009033203125
2021-04-15,211.19078876453707,211.21893513249992,208.5355382930397,210.440185546875
2021-04-16,211.48164192649526,211.74435090247823,209.2392239637055,210.7779541015625
2021-04-19,209.89599985375233,210.78733485587563,206.35879189490936,208.0382537841797
2021-04-20,207.13759496911874,207.93509941227282,201.94907014619014,203.77865600585938
2021-04-21,203.61911842692538,208.87331240238268,202.192973721965,208.76072692871094
2021-04-22,209.47377574709856,211.41596091549857,207.14691880153694,207.89752197265625
2021-04-23,209.06099810930058,212.65448518058497,208.31039479275185,211.81944274902344
2021-04-26,212.98286388024363,214.56850951872516,212.74830125482487,214.02432250976562
2021-04-27,214.58726176909215,215.22526518842437,213.46134980181003,214.3433074951172
2021-04-28,213.9961633309974,215.31909989514898,213.0766819030313,214.709228515625
2021-04-29,216.59512479825162,216.688941254477,211.84756543639335,213.91172790527344
2021-04-30,211.78189290270907,213.73345555838685,210.29945547243753,211.00314331054688
2021-05-03,213.17989928250827,213.3675465164471,211.03129765169493,212.0352325439453
2021-05-04,210.73105798857836,212.1759573904622,207.31582690392352,209.50193786621094
2021-05-05,210.4308161151649,210.67475608554443,207.69112643668132,208.66690063476562
2021-05-06,208.90144654213435,209.05157004261926,205.13906757933273,208.84515380859375
2021-05-07,208.9108700565304,211.97893903472982,208.4417447834222,211.4722900390625
2021-05-10,211.3221474805835,211.7349799743831,206.03041544924486,206.09609985351562
2021-05-11,201.6487911045834,206.78102236687997,201.17966586537216,205.4393310546875
2021-05-12,203.6941710064248,205.26104748289697,198.4774866684157,198.7683563232422
2021-05-13,200.1381875197743,204.0131661947277,198.7214345910704,202.42752075195312
2021-05-14,204.4823180641802,207.73804847322097,202.36186275287528,207.37213134765625
2021-05-17,206.2086509656027,207.71923452988682,204.44473581023493,207.653564453125
2021-05-18,207.71928523694828,209.45505445220502,205.91784592889877,206.0773468017578
2021-05-19,202.69022967860533,204.68870758145846,200.8324979235468,204.49166870117188
2021-05-20,204.7919138839959,206.29310589789904,202.97170586118725,205.8521270751953
2021-05-21,207.66298413871436,208.63875835592788,205.80525216401116,206.386962890625
2021-05-24,207.5222062135294,208.71378817052872,206.41507766889254,207.72862243652344
2021-05-25,208.507415208542,209.89603632707843,205.6551398427988,205.72080993652344
2021-05-26,206.53707521702444,209.87724451345053,206.52768354996434,209.55824279785156
2021-05-27,211.1438836702663,212.38238118725815,210.33698767735027,211.71621704101562
2021-05-28,213.0578919884154,213.15170843382583,211.15324491615655,211.57545471191406
2021-06-01,213.4144448178627,214.44651168018086,212.00706920114825,213.97738647460938
2021-06-02,214.7749304289561,214.78430778021215,212.8233676251903,214.23074340820312
2021-06-03,212.8139837139324,213.56457265514888,210.20563417190965,212.4386749267578
2021-06-04,213.5082625407386,213.97738774910428,212.24163306809038,213.35813903808594
2021-06-07,213.81791429011315,216.52945776920097,213.2174345191356,216.21983337402344
2021-06-08,216.93291647646097,219.06273492205608,215.77885798931052,218.50917053222656
2021-06-09,219.1190188742172,219.21284965230126,216.7170998475596,217.05487060546875
2021-06-10,217.7003989743638,218.1702289248486,214.9096222595105,215.44522094726562
2021-06-11,216.40367440100286,217.81316422861937,216.18755664209516,217.7191925048828
2021-06-14,218.29240100014755,219.26965537885505,216.25334062632302,217.0802459716797
2021-06-15,217.17418884379455,217.50307554000116,214.6934873116562,216.46005249023438
2021-06-16,215.8398933139375,216.76075607445296,213.90419606021035,215.9996337890625
2021-06-17,215.40763509353104,216.30970054499318,210.9724393326386,213.57528686523438
2021-06-18,210.20192797743638,212.1188423050313,207.7870093613891,208.72666931152344
2021-06-21,210.53079384292315,213.7726174821815,209.80725173832343,213.19003295898438
2021-06-22,212.61685623853626,214.62772791391552,211.16038048036174,214.15789794921875
2021-06-23,214.23305474202564,216.08418579684465,214.23305474202564,214.8626251220703
2021-06-24,216.2345486854154,217.91654806863767,214.91903045669966,217.8977508544922
2021-06-25,218.27358211070256,219.32601090157357,217.76617209612328,218.26419067382812
2021-06-28,218.22660787618622,218.55548021956312,214.96598706233357,216.53521728515625
2021-06-29,217.2775434599751,217.74737338575167,214.96598825447438,215.5015869140625
2021-06-30,214.8532440968622,216.42248884740653,214.01694730607042,215.52980041503906
2021-07-01,216.8829129833266,217.8601673706412,215.84929563060024,217.42791748046875
2021-07-02,218.0010987872595,218.07627330051346,214.7686664077017,215.36065673828125
2021-07-06,215.52040774119482,215.6143794718756,210.3616694291985,212.23159790039062
2021-07-07,211.93089430965316,212.9927146187675,208.4165753477168,210.25830078125
2021-07-08,206.07682977821767,210.55901193790092,204.70493422436633,208.32261657714844
2021-07-09,210.6341686981736,212.78598358159974,209.8636406903155,212.72021484375
2021-07-12,211.949707416497,213.19945693771794,211.00065597770836,212.89877319335938
2021-07-13,211.63961039581383,212.1188461554482,208.81123905627467,208.88641357421875
2021-07-14,210.21132547212375,210.82209868042074,205.3626768793034,205.66336059570312
2021-07-15,204.6861285852358,205.84190630882784,201.97051190384025,204.49819946289062
2021-07-16,206.56544933692155,206.6124352022199,201.52887141170118,201.9799041748047
2021-07-19,197.9205606147777,201.510053819008,196.43589631754855,198.9541778564453
2021-07-20,199.39581580485154,206.03921777673148,198.51253325839386,205.12774658203125
2021-07-21,206.20837559983286,208.8112377067915,206.12380964446976,208.660888671875
2021-07-22,208.10647440677363,208.5387099214976,204.4511980534877,205.3438720703125
2021-07-23,206.60302136412892,206.67819587805818,203.821636039109,206.30233764648438
2021-07-26,207.09163088199335,208.6514696523929,205.92644752252536,206.90370178222656
2021-07-27,205.79486542115535,205.86064848232812,202.3839104652491,204.48873901367188
2021-07-28,205.78549406218775,209.15886926800633,204.28203266257827,207.4956817626953
2021-07-29,209.34683751584413,210.89728506258402,208.736064273175,209.0931396484375
2021-07-30,208.2755945433161,210.53078672688738,206.9882651708329,207.71180725097656
2021-08-02,209.04613910134682,211.00063341392766,206.3868998637616,206.67819213867188
2021-08-03,207.30778637290106,207.7776163768923,204.00019346821608,207.53330993652344
2021-08-04,205.8794872008477,207.85276436285068,204.7424924275894,204.94921875
2021-08-05,205.87007292015812,209.01793915020772,205.48480894084884,208.63267517089844
2021-08-06,210.248907417695,211.6208172117199,208.7360543706861,209.91062927246094
2021-08-09,209.46894274296258,209.7226548816358,207.86213265352748,208.7548065185547
2021-08-10,209.2058845315002,209.7508890070137,207.84338051175268,209.16830444335938
2021-08-11,209.56296495778167,210.2301154894402,207.16682923031163,210.19253540039062
2021-08-12,210.2583064132433,210.33348093022786,208.33201497554725,209.69451904296875
2021-08-13,209.52536481150943,209.8260628679899,207.38294134234002,207.78700256347656
2021-08-16,206.50904686157781,206.96947100638883,204.51695825272103,205.85128784179688
2021-08-17,203.5866974354213,204.31963093859045,200.85228395309827,203.34237670898438
2021-08-18,203.06052225353923,204.88345052443765,201.4349002060328,201.5664520263672
2021-08-19,199.61195924010332,201.15301534538088,197.96755430335162,199.1515350341797
2021-08-20,199.30183780231732,202.98530228496907,198.6628617194318,202.51547241210938
2021-08-23,204.35724652129386,206.66881635919108,204.31966643119821,206.3681182861328
2021-08-24,207.02588588223742,208.529333190795,206.43389552893981,208.3977813720703
2021-08-25,208.38836656406798,210.45561534279315,207.52388123253093,209.1306915283203
2021-08-26,208.73608982392412,209.69454712122396,206.48091136470973,206.91314697265625
2021-08-27,207.33593284708516,213.33096706660783,207.26077267924163,212.74838256835938
2021-08-30,213.53768301089994,213.63165472325053,211.40465131555933,211.87448120117188
2021-08-31,211.64898680165132,212.9363161898791,210.79389290902978,212.28794860839844
2021-09-01,213.1430544524849,214.46797833779627,211.30131476034234,213.71624755859375
2021-09-02,214.55249921757925,215.9713801909442,213.86655165700617,215.20086669921875
2021-09-03,214.47737482635898,215.1539311097683,213.48133761413757,214.2048797607422
2021-09-07,213.97936370454264,215.18212728643408,212.5980624391079,212.7296142578125
2021-09-08,211.99670392206806,212.33498211274224,209.19652099475533,210.40867614746094
2021-09-09,210.0515704018947,212.63563515967533,209.50658027048468,210.30528259277344
2021-09-10,211.57379431599242,211.6959403345083,208.15343337421731,208.2473907470703
2021-09-13,209.74148596214815,209.90122641953337,206.96008643725906,209.431396484375
2021-09-14,210.2489318882003,210.26772910347677,205.85132982640093,206.76278686523438
2021-09-15,206.74396403571154,209.2998399725821,206.2177568142508,208.63267517089844
2021-09-16,208.84878875186504,209.86362308930867,206.96946909098526,208.78302001953125
2021-09-17,208.24741866057977,209.572342536609,207.32655598999585,209.05552673339844
2021-09-20,204.3290384632662,205.7761227107955,201.29394105921514,204.08473205566406
2021-09-21,205.56938067083152,206.05799344867395,202.79738709864267,204.39480590820312
2021-09-22,205.6727591816727,209.12130922169484,205.66335340650397,207.57086181640625
2021-09-23,208.77362402403287,212.03424493543582,208.19103949005404,211.24493408203125
2021-09-24,210.197800174739,211.4607554122553,209.08563504477874,210.22607421875
2021-09-27,210.76334308213046,214.58991797274382,210.67852093092242,213.4212188720703
2021-09-28,212.45039737022168,212.629475909427,208.15256995532718,208.5672607421875
2021-09-29,209.49096040086707,209.85853742485926,207.51169065228734,208.12432861328125
2021-09-30,209.3495828086308,209.81141626722473,206.03196959189006,206.17333984375
2021-10-01,207.30435430155487,210.65025610025495,205.22142246266634,209.50039672851562
2021-10-04,209.36842896444247,209.53808764169858,206.34297625671636,207.5965118408203
2021-10-05,208.25627233752817,210.23552764155258,207.23836344623993,208.3128204345703
2021-10-06,206.18272949863223,207.5399412435089,204.29771638219435,207.22891235351562
2021-10-07,208.79350917547495,212.01688038028954,208.64270465113592,210.42404174804688
2021-10-08,210.5465258900066,211.22513171869093,208.76518918508714,208.84059143066406
2021-10-11,209.07624506949713,210.69735760509292,207.5870828853331,207.6436309814453
2021-10-12,208.15261037177697,209.67946662313727,207.6907769116013,208.78408813476562
2021-10-13,209.1328305816542,209.89625877877393,207.191268899717,209.77374267578125
2021-10-14,211.82836932336826,213.00650263439923,211.42309836749845,212.88397216796875
2021-10-15,214.87262831348806,215.27791358775926,212.12051105324522,212.2147674560547
2021-10-18,211.0083626429959,212.70486286046966,210.86697803720105,212.0922393798828
2021-10-19,212.9876484745999,213.83591308744826,211.6964189677932,212.88397216796875
2021-10-20,212.97822595274778,214.87265911612408,212.17708955854582,214.2977294921875
2021-10-21,214.1280909828891,215.8434456304818,213.59085528206768,214.84439086914062
2021-10-22,214.7030415365081,215.2591170700617,212.71435170939057,214.33546447753906
2021-10-25,214.69355622406354,216.75764782660502,214.2128830709202,216.37123107910156
2021-10-26,216.80479922079604,217.45513109735478,214.7030134600779,214.74070739746094
2021-10-27,214.11867360763765,214.3825887249871,210.65025571861767,210.7916259765625
2021-10-28,211.8754686820919,215.13653318933717,211.84719463699793,214.9951629638672
2021-10-29,214.70300250461767,215.6737831346815,213.91130042638272,214.93862915039062
2021-11-01,216.06963769116447,220.71618831832328,215.7303347404676,220.50885009765625
2021-11-02,220.90468936864346,221.34766859681704,219.27414268557536,220.9706573486328
2021-11-03,220.6879395162726,226.02253092522088,220.47116700065774,224.9197998046875
2021-11-04,225.7115005243002,227.08756663437916,223.90188938579993,224.83497619628906
2021-11-05,227.30431283648392,229.40609850769115,226.39008029264977,227.9075164794922
2021-11-08,229.72656039118652,230.40516628345654,228.020611390488,228.61439514160156
2021-11-09,228.08659779045894,228.58612513923134,225.76802522059262,227.28546142578125
2021-11-10,226.2769879854782,227.67189373733078,222.72373404946254,223.70394897460938
2021-11-11,224.60877189189767,226.55976768587686,223.99614828263978,225.504150390625
2021-11-12,226.12616718283394,226.3995021328754,225.0140163695852,225.73031616210938
2021-11-15,226.73884375740838,226.91790794996706,223.89246949614238,224.83497619628906
2021-11-16,224.09038597923706,225.60782232906888,223.3269578595317,225.2496795654297
2021-11-17,224.37314876051667,224.43913113442386,221.61161095806213,222.2996368408203
2021-11-18,223.29867813493667,223.4400627640924,219.65118193058333,221.35711669921875
2021-11-19,219.85851516517465,220.9423919855941,219.0291047680827,219.3401336669922
2021-11-22,220.75388999386524,222.1865040072042,218.30336715906247,218.40704345703125
2021-11-23,218.08662317379492,219.6040595251735,215.47587560669407,218.0300750732422
2021-11-24,216.20157911000587,218.6521019173271,215.40044278182157,218.2656707763672
2021-11-26,212.02627171726087,213.1666965455561,207.012130159658,210.03758239746094
2021-11-29,213.213847954092,213.7133753103606,208.5201690303277,209.90565490722656
2021-11-30,207.97349438654592,209.1044993463812,203.46831432312104,205.62664794921875
2021-12-01,210.3391588240021,211.31937356748674,200.89524034313698,200.99891662597656
2021-12-02,202.04511488541817,207.29488302166874,201.52674781284722,206.6068572998047
2021-12-03,207.6247591593163,207.7095956777772,200.48057224904974,202.36558532714844
2021-12-06,204.09035364843524,208.0017642996068,201.4230728769298,206.4277801513672
2021-12-07,209.36840954884036,213.04417943089956,209.21760504559973,211.21572875976562
2021-12-08,211.68699519892965,213.51544598367005,210.2355269326958,212.65777587890625
2021-12-09,211.0743433646577,212.82740615919997,207.80384441794973,207.841552734375
2021-12-10,209.4249350539903,210.03757288926153,205.7680197246416,207.2666015625
2021-12-13,206.4592492681548,207.0831966145267,203.01810478615624,204.2376251220703
2021-12-14,202.8574503927272,205.63683987134988,201.65682672555928,202.4792938232422
2021-12-15,202.50760611812626,206.24181274289384,199.5485949791038,205.69349670410156
2021-12-16,207.46137706698116,207.88679054547976,200.65471813541285,201.53390502929688
2021-12-17,200.6074364874454,205.47609883138628,198.81123992572495,203.38682556152344
2021-12-20,200.50343938180237,201.30700932943387,197.3553568140114,200.53179931640625
2021-12-21,202.4981750400843,206.45927616000301,200.47508457713062,206.2607421875
2021-12-22,205.96768831569855,208.31221551677913,205.26812398207642,208.24603271484375
2021-12-23,208.97395963127752,210.62835648405255,208.3027408467798,209.9098663330078
2021-12-27,210.1934640440576,211.9896748592068,208.54853024541572,211.876220703125
2021-12-28,211.56429393382535,213.3983135909118,210.2029735857138,210.58111572265625
2021-12-29,210.55274479425404,211.2806835163327,209.1724986585774,210.80799865722656
2021-12-30,210.76071414942157,213.11467536892002,210.5338202381221,210.75125122070312
2021-12-31,210.3353540019981,211.8762971280887,210.24081124202695,210.2975311279297
2022-01-03,211.48866584774808,214.30586356682605,210.5621931384617,213.01071166992188
2022-01-04,213.65356647580631,214.72183892424866,211.17670231237133,212.6892852783203
2022-01-05,212.58527088208902,213.56846340684842,205.44774148743457,205.4855499267578
2022-01-06,205.92041924085413,208.37837161788974,204.02967998535178,206.65780639648438
2022-01-07,206.6578520373083,208.3406091923302,204.1337018795765,204.2660675048828
2022-01-10,203.03705062584007,203.62317521256998,199.57699412795162,203.5570068359375
2022-01-11,203.70825130869096,205.92987579079474,201.32593013980946,205.72189331054688
2022-01-12,206.5821832687486,207.39520175778983,202.91414435188395,204.19039916992188
2022-01-13,204.96561115683585,206.2702260149613,201.7229998705875,202.31857299804688
2022-01-14,200.4089528926832,202.68728319070524,199.07597798737663,202.60220336914062
2022-01-18,200.6074418885777,200.8343358033528,196.19256724310367,196.47618103027344
2022-01-19,197.4026506039567,198.0171495823009,193.21466963283513,193.2808380126953
2022-01-20,194.16000950951616,197.5727942800451,189.38589023187836,189.78294372558594
2022-01-21,188.84704192110183,191.9289563073736,186.22837829589844,186.22837829589844
2022-01-24,183.46789061945725,191.33335842286118,180.78302991294356,190.5203399658203
2022-01-25,187.6369765071395,190.68106813555443,183.93112896498155,187.97731018066406
2022-01-26,190.75667899538766,192.42998724627927,183.13700223708832,185.2640838623047
2022-01-27,186.8334302691051,188.70525835469184,180.18748201088144,181.05722045898438
2022-01-28,181.22735473658727,184.64013966943273,177.81456980374182,184.5834197998047
2022-01-31,183.77044192937925,190.24623107910156,183.2599485647869,190.24623107910156
2022-02-01,190.64327100685986,192.448930727018,187.1548542525307,192.25039672851562
2022-02-02,192.49617048578236,192.76087284334955,188.40271802206556,190.34072875976562
2022-02-03,187.97730834609106,190.2462042891771,186.285102924235,186.73887634277344
2022-02-04,186.27561324988164,189.1684562438557,184.27143438266359,187.54241943359375
2022-02-07,187.58971645983843,190.17058631701926,187.17376587837578,188.4689178466797
2022-02-08,188.57290635423325,192.02350019302165,188.4689151040814,191.68316650390625
2022-02-09,193.394297507832,195.36065390205894,193.13904363518614,195.32284545898438
2022-02-10,191.8154963388806,197.62952834525552,191.07810916541976,192.3260040283203
2022-02-11,192.52451870550976,194.80286296788165,188.78086306192367,190.3785400390625
2022-02-14,190.6149096888733,192.4111064662243,188.35547653516645,189.716796875
2022-02-15,191.70206034351085,195.0392141213734,191.5602606632263,194.80287170410156
2022-02-16,194.08440410080624,195.94678358114962,192.93105190205966,195.2093963623047
2022-02-17,193.3753681764355,193.82914157732122,189.81132049451293,190.2083740234375
2022-02-18,190.04763487196456,191.64531168073637,187.9016420064715,188.57286071777344
2022-02-22,187.63697774055748,189.49935724053174,184.67798032997072,185.91641235351562
2022-02-23,187.41004574849322,188.03397862496806,182.03089124736124,182.43739318847656
2022-02-24,178.0320281242887,187.63697327516832,177.65387159066555,187.22100830078125
2022-02-25,187.8355064516404,191.55080241789972,186.2378293637876,191.43736267089844
2022-02-28,189.5182909231528,193.4226729360665,189.50884241792693,192.2126007080078
2022-03-01,191.5886479402271,192.6569060096096,186.9941501157902,188.59182739257812
2022-03-02,189.86802538172563,194.08438010883154,189.7262257130138,193.08229064941406
2022-03-03,193.88584275428477,193.90475418484712,189.34806590738322,190.79449462890625
2022-03-04,188.7903529628799,189.88698543235668,186.21894586040958,187.8071746826172
2022-03-07,188.33655740319563,188.68633958470403,183.09920105874417,183.13702392578125
2022-03-08,183.72314608560586,188.66744005790716,182.8912305494587,184.1485595703125
2022-03-09,187.39116397157375,190.01929031545345,186.82393643935993,189.338623046875
2022-03-10,186.625448618065,189.11176128884705,185.82187854839307,188.99832153320312
2022-03-11,189.81132457983603,190.73778283393355,185.70842360077893,185.98257446289062
2022-03-14,186.46472888041015,186.65379993948687,181.39754660108966,182.1822052001953
2022-03-15,182.89123760308524,185.093936419438,182.3429214187974,185.08448791503906
2022-03-16,186.74830873473894,190.90794372558594,185.4342455375049,190.90794372558594
2022-03-17,189.8018690698548,193.99931263273876,189.35754417940203,193.90476989746094
2022-03-18,193.05390333439627,196.1168911457029,192.85536940116305,195.9467315673828
2022-03-21,195.8805965571949,196.80705481279904,192.79869656599115,194.2167510986328
2022-03-22,195.03922282345144,197.3837356683383,194.55708946377624,196.16421508789062
2022-03-23,194.88793052541126,195.8805714560979,192.61904933400885,192.76084899902344
2022-03-24,193.5944418416377,195.03421783575195,192.03150714246343,194.97738647460938
2022-03-25,195.21418380813665,195.71621341150527,193.65126363969478,195.2425994873047
2022-03-28,194.7500684328132,195.32787804897737,192.3156857119662,195.30892944335938
2022-03-29,197.0233762680611,201.0490942927691,196.90971356073436,200.53759765625
2022-03-30,200.21556741872698,200.56605158908377,195.70676757432236,196.5119171142578
2022-03-31,196.19932930089556,197.88539389038874,194.32380755914807,194.43748474121094
2022-04-01,195.29944345627328,196.75818253099087,194.19118853650912,196.61610412597656
2022-04-04,196.90027417379983,197.43071952625007,195.0152997573107,196.93817138671875
2022-04-05,196.9855254526677,198.38741873332197,191.8231217035534,192.27780151367188
2022-04-06,190.64854664696918,191.15057623335917,188.19521561788378,189.5497589111328
2022-04-07,189.54977438071614,190.61066499649183,186.30077518957708,188.93408203125
2022-04-08,188.70674195227355,189.7392168865317,187.07750882043936,187.427978515625
2022-04-11,186.7175610366091,188.73516111050512,185.54300767821402,186.1681671142578
2022-04-12,188.21418730301818,191.03692249496348,186.05450877313368,186.75546264648438
2022-04-13,187.24799970443723,190.81905284613427,187.1817012689229,190.30755615234375
2022-04-14,190.49699862853575,191.69050054844143,188.37520298404195,188.46046447753906
2022-04-18,187.98687513119413,188.66886599353293,186.15871757640085,187.19119262695312
2022-04-19,187.41850804204887,191.56737076226187,187.2574810376249,190.92324829101562
2022-04-20,192.3346542632436,193.11137373151578,191.2074505956724,191.65264892578125
2022-04-21,193.45234745733498,193.99227429102643,186.62284248102893,187.36167907714844
2022-04-22,186.48075869288536,186.95437265976204,182.14245302186887,182.51187133789062
2022-04-25,180.91107513363372,183.8664217739179,179.22501050387652,183.62014770507812
2022-04-26,182.1709019436015,182.5403202977197,177.58630728674805,177.8325958251953
2022-04-27,177.76624314023792,179.76489441740233,176.43064844597293,177.09371948242188
2022-04-28,179.18710083099742,181.29941500951938,174.9624724739535,180.39955139160156
2022-04-29,179.58497241037966,181.61203997075512,174.7730519172291,175.18983459472656
2022-05-02,175.14244643311218,177.9083648335057,172.75544234761637,177.02743530273438
2022-05-03,177.05584446695795,179.5091613579472,175.88127662035765,178.54299926757812
2022-05-04,179.0734460775452,183.69590862549498,175.8907596009225,183.30755615234375
2022-05-05,181.42258299244145,181.45099867698875,173.70268034796518,175.871826171875
2022-05-06,175.19927699981545,175.63499373549038,171.02199853353946,172.9448699951172
2022-05-09,170.36840741045046,173.0111668412927,164.91238001418398,165.67015075683594
2022-05-10,168.19927638925972,169.4685583912925,162.16542443432317,165.717529296875
2022-05-11,165.88801740495273,168.7865323030639,161.3129051713175,161.59707641601562
2022-05-12,160.86770620175017,165.1396985674979,159.98677679251313,163.4915313720703
2022-05-13,165.80278319409237,169.94217939333444,165.77436751030223,168.6728973388672
2022-05-16,168.1329289177384,169.97055310129446,166.84469857436758,167.86770629882812
2022-05-17,170.88942488721682,173.19118223112858,169.54436272045112,173.00173950195312
2022-05-18,170.9462387878473,171.83663542287186,165.85962903895236,166.93946838378906
2022-05-19,165.6607037680154,169.37383578072695,165.6607037680154,167.2141571044922
2022-05-20,169.08019278692925,169.5253910894871,162.7242867433312,166.78790283203125
2022-05-23,168.49292449419258,169.5159324882241,166.23851718585163,168.80551147460938
2022-05-24,167.25205281731934,167.59304101766776,163.2358009439972,166.30482482910156
2022-05-25,165.6512160080752,170.29262683104895,165.58490311887968,169.29803466796875
2022-05-26,170.35891462769217,174.10046130574972,170.21682179472396,173.07745361328125
2022-05-27,174.06261983377215,177.7473363398384,173.72161716043337,177.7378692626953
2022-05-31,177.0463779826642,177.7757330909306,174.37518825041164,175.5308074951172
2022-06-01,176.44013102635725,177.07477193474105,172.1776058134559,174.53619384765625
2022-06-02,174.84878296751015,178.79872131347656,174.4509490103858,178.79872131347656
2022-06-03,177.4063044117106,178.04095981446338,175.98546258269192,177.18844604492188
2022-06-06,179.3007502658732,179.31969886953948,176.97057788916229,177.9556884765625
2022-06-07,176.57277641774434,180.8637181371561,176.08968088345208,180.82582092285156
2022-06-08,179.93540076740013,180.63634009504918,177.1884314520681,178.03146362304688
2022-06-09,177.17103994816594,177.66490055509306,174.30286900822037,174.3408660888672
2022-06-10,171.4346898225319,172.42241098887826,168.71847835253874,169.61122131347656
2022-06-13,164.90059702620104,166.1637317944969,160.7787834958948,161.64303588867188
2022-06-14,162.0894261618305,162.63077590743254,159.3067412343623,160.86428833007812
2022-06-15,162.6022591457167,165.30896396275244,160.18045994716138,163.21957397460938
2022-06-16,159.4017056926411,159.95254746571197,154.596103576107,155.6597900390625
2022-06-17,156.21062324321431,159.0977927580627,155.46983956977147,156.87542724609375
2022-06-21,159.53467089537472,161.52909755999997,158.4234952936463,159.68663024902344
2022-06-22,157.6162484591555,160.75032700125576,157.05590011826646,159.3827362060547
2022-06-23,159.73410944501018,161.67154036304436,158.17656239587976,161.29165649414062
2022-06-24,162.61178796016918,166.29672270371617,162.3078692428431,166.28721618652344
2022-06-27,166.83800760555715,168.0916501984466,165.42291367721455,166.9044952392578
2022-06-28,168.03468359340343,169.19334819291018,163.6849598247321,163.7704315185547
2022-06-29,163.8749011537002,164.01735397621718,160.47488703710715,162.10841369628906
2022-06-30,159.74362274166262,162.69726586437451,158.37601744486906,160.84530639648438
2022-07-01,160.5508714813536,163.200595500457,159.23075548408693,162.79222106933594
2022-07-05,160.19945952407417,164.20729651780104,158.34750036622412,164.1408233642578
2022-07-06,163.779932123514,164.9765938662855,161.21567973301077,162.92518615722656
2022-07-07,164.16931033169226,167.13244491932596,164.15981830757696,166.7810516357422
2022-07-08,166.26822354945855,168.09169228432611,164.91960242551855,166.76206970214844
2022-07-11,165.49892081645865,166.1732313215749,162.972665657438,163.40953063964844
2022-07-12,162.91568580602006,164.64419083692846,161.98496013103016,162.84921264648438
2022-07-13,160.645812198027,163.6184530181675,160.3039109711366,162.70672607421875
2022-07-14,160.199500972354,161.45314410610817,158.6229695200261,161.03526306152344
2022-07-15,162.91566583466292,164.63467862966363,160.79778514806125,164.3877410888672
2022-07-18,166.32519473477785,167.42686373319668,163.40953464340998,163.92239379882812
2022-07-19,165.96429188084534,169.89614920324954,165.87882018705486,169.70620727539062
2022-07-20,169.66820527201503,172.66933691668643,169.43077424617027,172.3654327392578
2022-07-21,171.3776997128725,173.3246368885788,169.85814994746272,173.2486572265625
2022-07-22,173.68558129436119,174.03697464130454,169.09841127423175,170.48500061035156
2022-07-25,170.99784849078435,171.82410392380305,169.45928540203445,171.3682403564453
2022-07-26,170.74142942296416,171.14981839787947,169.56376610205675,170.31405639648438
2022-07-27,171.40620460962566,174.98666858902502,170.95034109104208,174.18890380859375
2022-07-28,175.05315717180804,176.78164753867688,172.6218512458329,176.5821990966797
2022-07-29,176.686688516999,178.2917247765868,175.7369642915995,177.8358612060547
2022-08-01,176.44921709410735,178.8520321669829,174.95815793699555,177.7693328857422
2022-08-02,177.09505132484415,179.51685064040836,176.15481926351512,177.59840393066406
2022-08-03,178.833062168531,180.5900431689788,178.20624074513984,180.2101593017578
2022-08-04,180.29563205558676,180.48557399031128,178.96602402087447,179.8302764892578
2022-08-05,178.04479884322632,181.41632268772105,177.7598786818417,181.20738220214844
2022-08-08,182.48949601917266,184.8448224276702,182.24257294851256,183.12582397460938
2022-08-09,182.38503287019088,182.5085016561417,179.64983697034154,180.6280517578125
2022-08-10,183.8950772862292,186.0984296046565,183.40121670955233,185.78501892089844
2022-08-11,187.49452976917772,189.49844819648916,186.1839058760467,186.47833251953125
2022-08-12,187.42804845180981,190.35318579482427,186.69675687023667,190.28671264648438
2022-08-15,188.805121145401,191.04647021129932,188.25427952419474,190.96099853515625
2022-08-16,190.41971595072943,191.83481032865126,189.02362011584904,190.8850860595703
2022-08-17,188.72918216751702,189.30851447229836,186.50683115900128,187.67498779296875
2022-08-18,187.9314368455979,189.23255441428287,187.00069665841127,188.9191436767578
2022-08-19,186.93419080233673,187.20011238312514,184.31295758100538,184.86378479003906
2022-08-22,182.33752264785937,182.67942388003345,180.45705862508257,181.05538940429688
2022-08-23,181.34034623155642,183.23028816873494,180.8179950083507,181.34983825683594
2022-08-24,181.19787189389703,183.58168888623823,180.59955550831444,182.73643493652344
2022-08-25,183.65766320652534,185.62358468751427,183.27776484648933,185.5760955810547
2022-08-26,185.5191443212818,185.61412254949386,179.17499284940536,179.47889709472656
2022-08-29,177.5509268617779,179.48837224219747,177.14255243345485,177.82635498046875
2022-08-30,178.3772027042221,178.55763812570734,174.31236987557313,175.33807373046875
2022-08-31,175.64198865543554,176.40177088256985,173.97997137367196,174.27438354492188
2022-09-01,172.64086057636732,172.74533081601166,169.9056502959637,172.37493896484375
2022-09-02,174.3693844083232,174.70177921286975,170.1336077236779,171.0358428955078
2022-09-06,171.62465299128533,171.97604628018226,168.57603217395857,169.34530639648438
2022-09-07,169.02240590056917,173.2961645190755,168.98440881975276,173.03024291992188
2022-09-08,171.6056451583568,174.54978109120572,170.58943344373097,174.47381591796875
2022-09-09,176.02184236654338,178.196718437963,175.79391788160032,177.978271484375
2022-09-12,179.11798844104072,180.31463570619164,178.51965756264474,180.13418579101562
2022-09-13,175.56601522508907,176.56322852792718,172.41292394246057,173.0872344970703
2022-09-14,173.39114380828846,174.10343691580462,171.4916955215787,173.76153564453125
2022-09-15,172.77384201396424,175.4045823688741,171.76713657988884,172.49842834472656
2022-09-16,170.08609836570332,170.64643214879493,168.01570662818898,169.9911346435547
2022-09-19,168.11067270448362,171.66264637199308,168.0631980885649,171.4442138671875
2022-09-20,169.7821901607294,169.94364152704958,167.8257607326093,169.10787963867188
2022-09-21,170.35199921139923,171.99503226152635,166.5151204031921,166.5246124267578
2022-09-22,166.20172868841988,166.75257044249838,162.15590896705243,162.77322387695312
2022-09-23,160.50338208679608,160.6838319947869,156.7044854693571,158.89834594726562
2022-09-26,157.96376338307152,161.30499241408683,156.15950028898735,156.7227325439453
2022-09-27,158.76562137942616,160.02574876882827,155.87307345064343,157.25729370117188
2022-09-28,158.24061285100325,163.23337450110037,157.5819256028435,162.2310028076172
2022-09-29,160.16897128710715,160.31216098953914,156.36952066101932,158.5938262939453
2022-09-30,158.25967836864046,161.83002503774063,157.39095543499243,157.43869018554688
2022-10-03,159.7489647659304,162.5746969195615,157.75377677352446,161.61050415039062
2022-10-04,164.7798644794675,168.09245545837487,164.70349178476448,168.01608276367188
2022-10-05,165.5435646572209,167.3764654951787,163.64383225384856,166.77503967285156
2022-10-06,165.96361550344633,168.17836533146047,165.06625456999342,165.83950805664062
2022-10-07,164.13069016030047,164.64620216487333,160.30260201987267,160.9613037109375
2022-10-10,161.61045653073012,161.87776823446205,159.0329400989143,160.06394958496094
2022-10-11,159.38617557079402,162.39327583458603,157.3241564699411,160.1116943359375
2022-10-12,160.28352867500004,160.81813757158335,157.9733091395262,159.6725616455078
2022-10-13,156.56043415440578,164.38845294880576,155.12847896396914,163.62474060058594
2022-10-14,164.90401702217918,166.0304818022256,159.14755650508002,159.24301147460938
2022-10-17,162.4982651082423,164.78938743025088,162.39325448543187,164.32162475585938
2022-10-18,167.88244266527815,169.2475664146834,164.85624549707643,166.26910400390625
2022-10-19,164.66530858514417,165.53401701154388,161.64865276984798,163.44337463378906
2022-10-20,163.64384030553046,165.67722137317836,160.82766462791687,161.3622589111328
2022-10-21,161.71546415599877,165.3430868209957,160.56036181341946,164.8657684326172
2022-10-24,165.45766808638615,166.10681416125402,163.29063832873717,165.5722198486328
2022-10-25,165.6963256970934,170.78452730896274,165.68677000593038,170.087646484375
2022-10-26,171.02315878735524,174.09709012325018,170.24036426886153,170.92770385742188
2022-10-27,172.39786715610393,173.7439086255059,170.75589059057864,170.96591186523438
2022-10-28,171.6723304219354,175.08993177317902,170.63177984877322,174.8512725830078
2022-10-31,174.001652393236,175.8822880413629,173.3143127367327,175.01356506347656
2022-11-01,176.83695918143582,177.18062907643795,174.58401532900052,175.25225830078125
2022-11-02,174.54580570854915,176.6078248897329,169.38121663065388,169.43850708007812
2022-11-03,167.3382672893993,169.86806338346753,166.21180293123658,168.30245971679688
2022-11-04,170.8036420386878,171.77737581028578,167.51014746115206,170.57452392578125
2022-11-07,171.58642225955333,172.39785479289412,169.61985823184176,171.34776306152344
2022-11-08,172.05420152189453,173.69617812767626,169.31439832617164,171.4145965576172
2022-11-09,169.92535819663365,170.56496313398827,166.37410797236458,166.70823669433594
2022-11-10,173.60072916220037,177.0374133230248,172.9324716670981,176.97059631347656
2022-11-11,177.33334537557545,180.27362877682054,177.2665283671806,178.421630859375
2022-11-14,177.3620081100332,179.27128217773696,176.25464022138493,176.4264678955078
2022-11-15,179.31898305358223,180.96095960682172,177.66746537578527,179.04214477539062
2022-11-16,178.13521729813564,178.1733963575285,175.37631776744155,175.89181518554688
2022-11-17,173.38112010223884,174.65078871475862,172.3214727379013,174.25938415527344
2022-11-18,176.2164088971222,176.90374857982962,174.28805298909495,175.38587951660156
2022-11-21,174.48851820192132,174.87992279726336,173.19975265788375,174.46942138671875
2022-11-22,175.4049794867684,176.55054078968476,174.05893803670563,176.3309783935547
2022-11-23,175.930048297065,177.35246268702184,175.22362623175613,176.7892303466797
2022-11-25,176.6937369661417,177.915671009585,176.28325009891438,177.16151428222656
2022-11-28,175.77728248288378,176.53143916204385,173.0661028410761,173.59115600585938
2022-11-29,173.70570169536975,175.28084643600826,173.70570169536975,174.0970916748047
2022-11-30,174.3835100521817,178.92757617279037,172.59834382026438,178.87030029296875
2022-12-01,179.61490261613963,180.65546776702558,177.6865468268965,178.47889709472656
2022-12-02,176.0063839221436,180.29270844116346,175.9682048590649,179.5194549560547
2022-12-05,178.38342297552794,178.57434741144556,173.91571542873135,174.5744171142578
2022-12-06,174.5840168608872,174.67947181963387,170.9563933966128,171.9014892578125
2022-12-07,171.59597270024568,173.26658717716046,170.98500570278097,171.39549255371094
2022-12-08,172.5697033824515,174.3453284642309,171.36685165719976,172.6365203857422
2022-12-09,171.61506827542223,172.607884176651,170.4599512932848,170.51722717285156
2022-12-12,170.73680640848778,172.87518362935316,169.92535925954007,172.52197265625
2022-12-13,178.12273327352625,178.99546435257943,172.76169601729998,173.95091247558594
2022-12-14,173.8838141933961,175.41828646606874,171.50539534118437,172.8096923828125
2022-12-15,170.73814345757233,171.28480409320474,167.87060433309225,168.48439025878906
2022-12-16,166.68141182836752,167.93775382332763,165.5976902752439,167.22805786132812
2022-12-19,167.4582199216035,167.8802004802284,164.44683050228363,164.96470642089844
2022-12-20,164.63863114219944,166.89238422768537,164.16869560012938,165.83743286132812
2022-12-21,167.3047664555875,169.55851956075114,167.0650061096684,168.69537353515625
2022-12-22,167.18972027887324,167.34317044367958,163.67962458644774,166.4896240234375
2022-12-23,166.37449174694345,167.30476304082717,165.2811851772196,167.24722290039062
2022-12-27,167.21850527688844,167.41991046539528,165.51141228407596,166.1251983642578
2022-12-28,166.08681878970725,166.9691499475696,163.36314413279848,163.5453643798828
2022-12-29,164.6865959030412,168.07201098789858,164.37969562051737,167.6884002685547
2022-12-30,166.2402489212533,167.56373086470566,165.54015272867588,167.21847534179688
2023-01-03,168.7241643557368,170.05724609144778,164.8592282749141,166.29779052734375
2023-01-04,167.46783755437065,169.4338757381843,167.14176692629204,168.3693389892578
2023-01-05,167.43904594295108,167.6020812360223,165.32915764569626,166.56631469726562
2023-01-06,168.1199662912332,170.74773045450834,166.74852943115982,170.30657958984375
2023-01-09,171.67802156921275,172.74255826869015,170.3737244836712,170.5943145751953
2023-01-10,170.38330261608863,173.2220570314651,170.03804711867141,173.11656188964844
2023-01-11,173.8358367217027,175.30316887464627,173.2795909606023,175.27439880371094
2023-01-12,176.05124530578243,178.3337539967808,174.46881813924222,178.2186737060547
2023-01-13,176.94314381952975,179.66681796837702,176.78010853250132,179.38870239257812
2023-01-17,179.34077231260898,180.14636371355587,178.61190599277316,179.16815185546875
2023-01-18,179.77231548016047,181.22047742405752,176.17591007057945,176.27182006835938
2023-01-19,175.24563374030788,175.60048901500065,173.3755059070215,174.58389282226562
2023-01-20,175.22646021502706,177.56650893304615,173.8454382609106,177.4610137939453
2023-01-23,177.8350844409396,180.4149087962705,177.01990782649477,179.6572723388672
2023-01-24,178.9475500075205,180.13676673592298,178.2666387373234,179.27362060546875
2023-01-25,177.81590050873442,179.82987901981656,176.33896830012785,179.7723388671875
2023-01-26,181.23966397207556,182.07404005292565,178.65983991880682,180.8368682861328
2023-01-27,180.28062170121842,182.50560506257438,180.09840147013003,181.81509399414062
2023-01-30,180.14636520304163,181.84387288135375,179.17773848440476,179.28323364257812
2023-01-31,179.743531925521,183.73314753941412,179.7051767095726,183.63723754882812
2023-02-01,183.35914693602584,188.1543544415077,182.34256528627358,186.52398681640625
2023-02-02,187.98173001046646,191.09861506559415,186.3897321501605,190.19712829589844
2023-02-03,188.07759352248289,190.97390240129735,187.6843830698546,188.9215545654297
2023-02-06,187.63644067677552,188.33655142250868,185.44982749486556,186.18829345703125
2023-02-07,185.4882327545488,188.06805690797555,183.80031023309087,187.56935119628906
2023-02-08,186.3993045084099,187.36793114475654,184.32777137871017,184.82647705078125
2023-02-09,186.27462287481546,187.1281692080921,181.67122083634558,182.15074157714844
2023-02-10,181.5273861134181,182.82209807870134,180.80810494021918,182.51519775390625
2023-02-13,182.70698744484514,184.96074078078854,181.55614059335113,184.71139526367188
2023-02-14,183.44545933109686,186.006098413286,182.29461244291699,184.6250762939453
2023-02-15,183.1577189375522,186.58150369366408,182.7261532426483,186.4951934814453
2023-02-16,183.94415915140527,186.88840889119575,183.4166834096088,184.71139526367188
2023-02-17,184.02087896803545,185.4498413695683,183.14814773234588,185.2196807861328
2023-02-21,182.93716815002216,183.50299912917075,179.570937715932,179.75314331054688
2023-02-22,180.13676864245588,181.402695826517,179.1010020552356,180.2422637939453
2023-02-23,181.59449893249288,182.50558535574405,179.05303038637985,181.52735900878906
2023-02-24,179.00511861290286,180.08884036321373,178.17075705792118,179.82989501953125
2023-02-27,181.3835158293907,182.40968258097217,179.91618356777786,180.46282958984375
2023-02-28,180.4148414562323,182.2370286740265,180.36690109913422,180.47238159179688
2023-03-01,180.4820307432304,181.7287876788264,179.5229891979739,180.70260620117188
2023-03-02,179.20648721333043,181.54655070946714,178.49679126708546,181.1341552734375
2023-03-03,181.9013855395785,184.06881389447898,180.70258375690574,183.65643310546875
2023-03-06,183.71397419045908,183.8866092576297,180.2038790407028,180.9711151123047
2023-03-07,180.92316724983797,181.3259775445198,178.59270350470004,178.87081909179688
2023-03-08,179.13937419086682,179.92579532782491,177.5377764734426,178.95716857910156
2023-03-09,179.08181421166609,179.59970481374972,173.85504099220248,173.97972106933594
2023-03-10,173.00149946678619,173.00149946678619,167.12257025755343,168.96392822265625
2023-03-13,165.4538352500846,169.17490612955993,164.0632280726775,166.2114715576172
2023-03-14,171.28480116904498,171.91775737606253,167.4582206863775,169.2899932861328
2023-03-15,164.88799399442928,166.78690665382922,163.40149141322797,166.4991912841797
2023-03-16,164.4468680568863,170.1148075537064,163.51659651305707,168.7721405029297
2023-03-17,166.9115791251654,167.60209018788433,163.86183412633358,164.2166748046875
2023-03-20,165.96212292286677,168.18709143805228,165.46341728019328,166.34573364257812
2023-03-21,169.31876223298255,170.8819897652491,168.75293131864183,169.41465759277344
2023-03-22,169.28998993837027,170.08599604661393,164.50436814319818,164.60986328125
2023-03-23,165.83332445407657,167.86436937103753,162.39692059594034,163.87928771972656
2023-03-24,162.4354111705994,165.66968127830853,161.19368915673095,165.3616485595703
2023-03-27,167.3349406960131,168.19163649803576,165.91032609341764,167.20018005371094
2023-03-28,166.6226394321965,167.9798663590952,166.227978022903,166.95953369140625
2023-03-29,168.77882677417344,168.9809751004053,167.07507021337696,168.8558349609375
2023-03-30,170.26118440888712,170.67508682998985,167.92210696857921,168.62478637695312
2023-03-31,169.79914377237634,171.95532873805087,169.7702675409984,171.72430419921875
2023-04-03,172.25372919066237,173.05267254395898,169.88579005045142,171.8013153076172
2023-04-04,172.2248404223441,172.39811248876148,167.79698050011666,168.78843688964844
2023-04-05,167.72960755130322,168.28790585547446,166.0739683562599,167.1328125
2023-04-06,167.21943502647588,167.93174966850822,166.21834338427863,167.38307189941406
2023-04-10,166.5937691799088,169.2986173041451,166.55525774513748,169.17347717285156
2023-04-11,169.96278105390505,171.31038736434743,169.5296082440133,170.51144409179688
2023-04-12,172.12858541414903,172.2825870717838,169.00982051408258,169.2600860595703
2023-04-13,169.93388886551364,172.0034449476865,169.3467144015418,171.50289916992188
2023-04-14,171.65691693080757,172.5136126619167,168.77879704468225,169.90501403808594
2023-04-17,170.3478502780781,172.1671266008034,170.13608142038007,172.09011840820312
2023-04-18,172.86976368882762,172.90827511957104,170.3189321948496,171.3585205078125
2023-04-19,170.45370843356832,172.09971239727884,169.97241831985974,171.57992553710938
2023-04-20,170.5210943633221,171.75319597297252,169.91467876170043,170.69436645507812
2023-04-21,171.1563860210276,171.30078186625116,169.27935753558947,170.91574096679688
2023-04-24,170.74246421838689,171.7724172960536,169.89538902344094,170.8002166748047
2023-04-25,169.05794430329547,169.35634177831614,166.53597450370773,166.5841064453125
2023-04-26,165.78517206237146,166.91138905455037,164.60120261230753,164.9766082763672
2023-04-27,165.5926719939645,167.35419553700055,164.54346309240248,167.18092346191406
2023-04-28,166.8055113176427,169.2504731763883,166.6996269113536,168.64404296875
2023-05-01,168.45154890633304,170.70398323520632,168.2205243516501,168.74032592773438
2023-05-02,167.87398812675926,167.92212007636283,163.56163276039828,165.2750244140625
2023-05-03,165.77557005389554,169.1253451754193,165.74669382172962,165.88145446777344
2023-05-04,164.90925312445745,165.1402629809598,162.46429109921013,164.02366638183594
2023-05-05,166.80549222775096,168.5477744750793,166.62261435400615,167.92208862304688
2023-05-08,168.7017926193972,168.98094908942298,166.6515068776648,167.53707885742188
2023-05-09,166.5071531608335,167.748890099632,165.71784487200557,167.0365753173828
2023-05-10,169.3756389022911,169.43339137121387,166.2568733901712,167.88363647460938
2023-05-11,166.73814641626115,167.2771889879015,165.6696817875424,166.59376525878906
2023-05-12,167.15202837976307,167.69108557316557,165.22686818103128,166.2568359375
2023-05-15,166.8247767745519,169.13497813180487,166.35312186356686,168.28790283203125
2023-05-16,167.1135771492045,168.26867064545397,165.78521155022176,165.83334350585938
2023-05-17,166.94025923877518,169.89538718788447,165.71779309032112,169.52960205078125
2023-05-18,168.99057516742266,170.92537074220468,168.47078832942347,170.55958557128906
2023-05-19,171.83019094088343,172.19597612704362,168.69218469017795,169.52000427246094
2023-05-22,170.0108925391532,172.3210935915281,169.4525943186911,171.5895233154297
2023-05-23,171.25264492194032,173.77460031660758,170.74247859687873,170.78097534179688
2023-05-24,169.94354417719197,170.12643677269892,168.13388862730267,168.97132873535156
2023-05-25,168.6921915991241,168.9617128985516,166.2376089835151,167.65260314941406
2023-05-26,167.77772248005593,169.77989094740286,167.5082012140484,169.55848693847656
2023-05-30,170.0975439905619,170.9061077877871,168.22050095640753,168.9328155517578
2023-05-31,168.153150213481,169.42374853597659,165.91033641521318,167.267578125
2023-06-01,167.3541973445005,169.6451429641991,166.45899010380316,169.07720947265625
2023-06-02,171.34889115541148,175.27622002028835,170.8098486090611,175.20884704589844
2023-06-05,174.47726547432208,174.47726547432208,171.76279720141866,172.86013793945312
2023-06-06,172.2344758241768,178.03884820206005,172.2344758241768,177.4131622314453
2023-06-07,178.5318610989272,181.24419931048055,178.5318610989272,180.7326202392578
2023-06-08,180.25966917612433,180.86777879730306,178.48362028105905,180.0569610595703
2023-06-09,179.8446323094234,180.12454715413466,178.03961236920253,178.59945678710938
2023-06-12,178.79249989254336,180.1921035484983,177.81760680330228,179.3426971435547
2023-06-13,179.96042905054827,182.41214689850116,179.7963390322014,181.3986358642578
2023-06-14,181.77512939523982,182.66315392635352,178.13614793923674,179.44888305664062
2023-06-15,178.64769376977407,181.05116110512606,178.48360375179962,180.92567443847656
2023-06-16,181.41793713175804,181.99709047750798,178.6573336768485,179.47779846191406
2023-06-20,178.72490956384152,179.12066386272923,177.37355665437948,178.69595336914062
2023-06-21,178.029970912877,179.4488836817966,177.2095059384595,178.2809295654297
2023-06-22,177.79831646512534,177.84658171250837,176.14775399541983,176.95855712890625
2023-06-23,174.48749507534544,176.07049766793014,173.79251689045628,174.29444885253906
2023-06-26,174.16900726908594,176.38907622730162,174.10143297294445,174.46823120117188
2023-06-27,174.9025380471118,177.5955821083617,174.13033845244047,176.9874725341797
2023-06-28,176.63036465809273,178.01065932009314,175.7905906521249,177.85621643066406
2023-06-29,178.30021520411654,180.5781960070983,178.02028565870245,179.90252685546875
2023-06-30,181.7171806567272,181.88127068583017,180.4141075802686,180.7615966796875
2023-07-03,180.4140997119662,182.27701707449125,180.25000969001962,181.1283721923828
2023-07-05,180.62648272371985,180.70370416858603,178.99521468107284,179.32339477539062
2023-07-06,177.24809239146256,177.32531382350095,174.43922355605508,176.42762756347656
2023-07-07,176.62068714185315,180.00870960963377,176.57242190211733,178.2905731201172
2023-07-10,178.16509146184265,181.5144959408021,177.7596899479103,181.3407440185547
2023-07-11,181.92955781452716,183.47395727076406,181.16701997241924,183.2036895751953
2023-07-12,186.0607741008381,186.34070362927616,184.71908303522383,185.2017059326172
2023-07-13,185.81949859855055,186.9584965155464,185.13418219962878,186.6978759765625
2023-07-14,186.62062777575656,186.76542348931557,183.67662500851606,184.87353515625
2023-07-17,184.6901388981314,187.60518551268655,184.4970926722664,186.852294921875
2023-07-18,186.9681133176015,189.5646269428643,186.76541994234418,189.1592254638672
2023-07-19,189.8638577062057,190.79050021228892,189.12061427006998,189.96038818359375
2023-07-20,190.09554425592637,190.09554425592637,187.51833927574975,188.30018615722656
2023-07-21,189.5646232686977,189.7866256801232,187.34455496899636,187.7017059326172
2023-07-24,187.79825613455844,189.43917136029907,187.2480735829474,188.16505432128906
2023-07-25,187.81755660985655,189.39091220380803,187.6631137247542,188.14573669433594
2023-07-26,188.00094946751682,190.30788659656335,187.94303706964277,189.63221740722656
2023-07-27,190.7615496844065,191.02215546983038,186.466193697186,187.18048095703125
2023-07-28,189.20747089612115,190.1051423495505,188.70553899578942,189.60321044921875
2023-07-31,190.08586488934958,191.84261946811324,190.07621773276242,191.80401611328125
2023-08-01,190.56846245838108,191.060747219965,188.97581285303409,190.9256134033203
2023-08-02,188.7924459978004,189.27506895790222,187.34457711749488,188.32913208007812
2023-08-03,187.54728964812003,188.8407156767488,186.35037937668915,187.79824829101562
2023-08-04,188.0492327016411,189.48743981473737,186.97780905300326,187.42181396484375
2023-08-07,187.89477611095245,188.28086859123482,185.98357856664782,187.5472869873047
2023-08-08,185.46234120662604,186.57236806773165,183.89864760752488,186.3696746826172
2023-08-09,186.1669783399682,186.1766402255257,184.12066167561363,184.91217041015625
2023-08-10,185.55888326282496,187.37353559954627,183.29054943131823,184.09170532226562
2023-08-11,183.31949005156565,185.02797932991953,183.14575286824973,184.35231018066406
2023-08-14,183.338819948486,184.07240157562964,182.08399725513453,184.03379821777344
2023-08-15,182.93340819891722,183.04923299450334,181.50483365376465,181.6013641357422
2023-08-16,181.45655861646674,182.48936393731586,179.35231516732173,179.3812713623047
2023-08-17,179.863908720768,180.250015899074,177.24810070697808,177.26739501953125
2023-08-18,175.8774480595728,178.81178888380032,175.6168275631355,178.23263549804688
2023-08-21,178.28088636080432,178.84073066096582,176.7075458100124,177.97201538085938
2023-08-22,178.60908608427962,179.10137089533384,176.85234629136158,177.44114685058594
2023-08-23,177.60520922708756,179.64187824812436,177.05501210709386,179.33299255371094
2023-08-24,178.811788538769,179.8639029499913,176.8330316578257,176.8523406982422
2023-08-25,177.6631522637377,178.57048573701277,175.29830283075495,177.60523986816406
2023-08-28,178.4160480175797,180.25967121517877,178.39675370415316,179.18824768066406
2023-08-29,179.09170354231904,181.82335098918432,178.15542864409036,181.68821716308594
2023-08-30,181.20559647419785,183.0202633570484,180.81950403160445,182.37355041503906
2023-08-31,182.6244994123735,183.64765758699798,181.9777865044218,182.0550079345703
2023-09-01,183.46427255548278,185.19205602191562,183.25191730551023,184.2171630859375
2023-09-05,183.0588691774054,183.3001806393996,180.2789711506005,180.33688354492188
2023-09-06,180.5588653139286,181.55306724535075,178.65733003263048,179.66119384765625
2023-09-07,178.70559853624317,178.93726281975438,177.2094646699228,177.9237518310547
2023-09-08,178.14577189217843,178.40639239590632,177.07434840850024,177.52801513671875
2023-09-11,178.821474325201,179.2654939798069,177.79831588933126,177.9527587890625
2023-09-12,177.64384260839725,178.89866517926018,177.35428063152995,177.7789764404297
2023-09-13,178.08787859885004,178.4546767746619,176.05120904578885,176.61105346679688
2023-09-14,178.11683962909248,179.6033266872285,177.8369247752404,179.1013946533203
2023-09-15,178.36777331123304,178.63805569817993,176.43728162021333,177.22879028320312
2023-09-18,177.31567833593766,177.37359073646726,176.0318994530891,176.05120849609375
2023-09-19,176.14770617353633,176.9295528920285,174.77705894518874,175.3658447265625
2023-09-20,176.06084900291862,177.1322725576977,173.57052750330826,173.609130859375
2023-09-21,172.29638643245787,172.54734505441934,170.9160919189453,170.9160919189453
2023-09-22,171.38903640708978,172.170883123514,170.4237906379771,170.52996826171875
2023-09-25,169.5840521607752,171.67863396712437,169.4392564407059,171.29254150390625
2023-09-26,170.1957083649511,171.66977220466185,169.02227275359513,169.0901641845703
2023-09-27,170.14721106521156,171.58247552693445,169.1871422120306,170.6708984375
2023-09-28,170.7679033668675,173.17295922051977,170.65153494729498,172.21287536621094
2023-09-29,173.56082031847114,173.7450801350217,170.8260447630308,171.39822387695312
2023-10-02,171.0006335151502,171.38853806338787,167.91673760550384,168.80894470214844
2023-10-03,167.72279133900113,168.2561712101404,165.2207669597019,165.96749877929688
2023-10-04,165.84139971929415,166.42327127793672,163.9794314482897,166.04505920410156
2023-10-05,165.63776275742725,166.70450760121363,164.80375470986598,166.171142578125
2023-10-06,165.22073976401606,168.63435557980839,164.38673177486248,167.77125549316406
2023-10-09,166.64633821177392,169.2744382177078,166.57846157271254,168.74105834960938
2023-10-10,169.04165749588,171.68914191561186,169.01256539877588,170.6514892578125
2023-10-11,170.7969461718023,171.87339813496945,169.1095453846159,170.3605499267578
2023-10-12,170.56421538259917,170.56421538259917,165.62804407162804,166.5105438232422
2023-10-13,167.14094623394365,167.48035905024307,164.56133780153266,165.12380981445312
2023-10-16,166.54938274263367,168.14950767682976,165.85114264104698,167.7906951904297
2023-10-17,166.7433023112833,171.08789502585458,166.70450298124828,169.66232299804688
2023-10-18,168.3919233618913,168.41132302744643,165.83171502015122,166.171142578125
2023-10-19,165.69595504538597,166.94695977899454,163.2715146489579,163.52365112304688
2023-10-20,163.56245015024928,163.92126259301463,161.39983866639963,161.4095458984375
2023-10-23,160.65310843902807,162.39870833684319,159.6736251309606,160.04214477539062
2023-10-24,161.41924474194352,162.55388111468756,160.41068400981897,161.4386444091797
2023-10-25,160.0227638075326,160.6531272096885,158.461423549506,158.77175903320312
2023-10-26,159.18873906460865,160.759786390909,158.26745473972912,159.17904663085938
2023-10-27,159.5475842138726,159.84821246758892,156.78371613095143,157.30740356445312
2023-10-30,158.8396317301158,159.82880756284084,157.0455547014471,158.18019104003906
2023-10-31,158.46141755008975,160.00337288021393,157.90865283739635,159.54757690429688
2023-11-01,159.48936100222372,160.59490500547972,158.1704651038125,160.45913696289062
2023-11-02,162.67999485744568,164.86199180784362,162.27269053575174,164.7359161376953
2023-11-03,167.5773234798686,170.3411766584959,167.55792381332947,169.21624755859375
2023-11-06,169.21626224190155,169.49749084187752,166.20994996469466,167.10214233398438
2023-11-07,166.3747757689637,167.2960600513968,165.41470695571167,166.5105438232422
2023-11-08,166.5106087663993,166.9276203227901,164.18315127168705,164.7359161376953
2023-11-09,165.86080875641065,165.86080875641065,161.93321250765362,162.18536376953125
2023-11-10,163.13577053364705,164.58074254923855,161.74898272849606,163.99887084960938
2023-11-13,163.15513741889762,164.6388936774355,162.4568974386905,164.05702209472656
2023-11-14,168.9640602076137,173.07591557692626,168.95436777521869,173.06622314453125
2023-11-15,172.95959334963308,176.2665189867588,172.7268417315858,173.3668975830078
2023-11-16,172.7559128896883,173.23110850315274,169.8659842712856,170.56422424316406
2023-11-17,172.08677403560827,173.2408100162109,171.75705369761027,172.90138244628906
2023-11-20,173.12445676565514,174.22029384345015,172.36803248987735,173.90997314453125
2023-11-21,172.85291267632985,173.11474159220467,171.56310857356084,171.66978454589844
2023-11-22,172.79469278565162,173.96812833950588,172.05766830071713,172.7462158203125
2023-11-24,172.6686607536338,174.2978777175826,172.42621669607396,173.90997314453125
2023-11-27,173.10505010181205,173.6966141702549,171.87343019585202,173.32809448242188
2023-11-28,173.15353084328012,173.80327907418766,171.84432714970222,172.658935546875
2023-11-29,174.12333623005182,176.2568411134432,173.29902046260855,173.570556640625
2023-11-30,174.60820785381722,175.18037226066693,173.35718826855143,174.22999572753906
2023-12-01,173.78387621391082,179.5831332171044,172.82380733403633,179.32130432128906
2023-12-04,178.6618320542341,181.3384233403969,178.45818737665687,181.24143981933594
2023-12-05,180.42686389418353,180.42686389418353,178.4194200692948,178.81703186035156
2023-12-06,180.087441691512,182.24034609085825,178.23516555374465,178.49700927734375
2023-12-07,178.7588286514622,179.95164910020665,177.84723675819401,179.7867889404297
2023-12-08,179.5540656412443,182.0754897944597,179.27283704145876,181.15420532226562
2023-12-11,181.03778389991606,181.94937574440607,180.2716673398748,181.53237915039062
2023-12-12,181.31905242983987,181.9882003574926,179.7383125310435,181.34814453125
2023-12-13,181.44513017442537,187.7874599148408,180.05834253479796,187.48683166503906
2023-12-14,190.91982428585808,193.99401287940825,190.54161218249035,192.7042236328125
2023-12-15,192.93696227910613,193.51883388874148,190.02763382614867,191.08468627929688
2023-12-18,191.97687293271704,192.76238916381482,190.73554597773818,191.15255737304688
2023-12-19,192.48113792159808,195.21591336696832,192.03504924458505,194.85708618164062
2023-12-20,194.5300768009516,196.77847068222323,190.92875243235977,191.04554748535156
2023-12-21,193.2063666423692,194.4911717761406,192.252505615453,194.29649353027344
2023-12-22,195.5228520057371,197.40137482108187,194.85125084108472,196.10684204101562
2023-12-26,196.81741655544067,199.1047372202508,196.31127989501132,198.65701293945312
2023-12-27,198.98793255091365,200.0099337930694,197.97565927896142,199.35780334472656
2023-12-28,198.35526935918654,199.69847191704193,197.85887551695743,198.59860229492188
2023-12-29,198.05354012636582,198.58887555868418,195.357421875,195.357421875
2024-01-02,194.0823630535053,196.24316092754842,193.14797280367682,194.1991729736328
2024-01-03,192.13566979222475,192.39847350722002,188.61221382469245,189.02101135253906
2024-01-04,188.8847589404135,190.27663107996992,188.52463094186507,188.6511688232422
2024-01-05,187.551295853385,190.24742893884405,187.1619542452361,188.0963592529297
2024-01-08,188.13528742898026,191.71715599206942,187.1327569145958,191.48355102539062
2024-01-09,189.1670164108241,190.5491456029639,188.16448597672365,189.77047729492188
2024-01-10,189.54660377481474,190.16953541343008,187.93086973182875,189.87753295898438
2024-01-11,189.31301357492177,189.5466185270319,186.19835513943445,188.3883514404297
2024-01-12,190.66595504575105,191.84369299271157,187.5026268726466,188.07688903808594
2024-01-16,186.60713163544634,188.10605573326268,185.04006719816226,185.75059509277344
2024-01-17,183.1128910450605,184.86487616206315,182.5288861048179,184.4268798828125
2024-01-18,185.6241111577529,186.07183546158112,183.19078169649063,185.5170440673828
2024-01-19,186.1886050263364,187.70701487779812,184.1835442011289,187.29820251464844
2024-01-22,188.97236730024065,191.57117633461752,188.91396976721913,191.2986297607422
2024-01-23,192.93383201546564,193.29396003154065,189.7802316133988,190.74383544921875
2024-01-24,193.08953999622986,193.16740831146825,188.94313760799582,189.17674255371094
2024-01-25,191.843705143975,192.38876857972033,189.22544020625259,190.74383544921875
2024-01-26,191.63927543951226,192.61260712742728,190.16954993743124,190.7535400390625
2024-01-29,190.9287736315416,194.09210205078125,189.88730145385057,194.09210205078125
2024-01-30,193.09926684515565,193.62485940513523,191.8436755423996,192.43740844726562
2024-01-31,191.9507337164114,193.63459324646652,187.57074146288895,187.7362060546875
2024-02-01,189.12809663968784,190.51996881427,186.42223546735917,190.22796630859375
2024-02-02,188.0866217916908,190.28634607224916,187.25928391150103,189.2254180908203
2024-02-05,187.33713837494787,187.96007001862242,184.9914056027274,186.82127380371094
2024-02-06,186.58767763930462,188.63168008125112,185.92581923447628,188.50514221191406
2024-02-07,188.89449182374938,188.97234529080058,186.91861479150552,188.06715393066406
2024-02-08,188.20341744895757,191.13314050905765,187.57075778691174,190.91900634765625
2024-02-09,191.66848006545092,194.22834723557403,191.21101296998717,194.02394104003906
2024-02-12,194.53978778020593,198.12165589503243,194.51058901950822,197.54739379882812
2024-02-13,190.9871390255628,192.35954022710465,187.91140742337132,189.42007446289062
2024-02-14,192.4082218370721,194.46195251571865,190.99689370667278,193.81956481933594
2024-02-15,195.6299539859638,199.30914681670382,195.3671502546641,198.98794555664062
2024-02-16,196.72981353267755,198.26767951879367,195.7272829929728,196.28208923339844
2024-02-20,193.83900652300272,194.39381273351574,192.72940895384014,193.5762176513672
2024-02-21,192.38876894079553,193.06037026533673,191.15263338478294,192.6613006591797
2024-02-22,193.35233649450973,194.7539365204769,192.53474142998323,194.12127685546875
2024-02-23,194.2770207264808,195.77594506726217,193.2744902251043,194.5592803955078
2024-02-26,194.36460386663003,196.26259765576546,193.83899644695396,195.78565979003906
2024-02-27,197.6641985057127,198.7737960220616,197.1385910837322,198.55966186523438
2024-02-28,197.04130984450717,198.42343934367454,196.48650353927835,196.9245147705078
2024-02-29,199.70820307944734,200.545268985829,197.1191518892629,198.296875
2024-03-01,199.07552977939633,200.82752979539345,197.72259932157192,200.39926147460938
2024-03-04,201.50888859139206,202.22915949589023,199.97102251002477,200.21435546875
2024-03-05,198.8516812312378,200.41874595649196,197.59607494573328,198.296875
2024-03-06,200.5355189109287,200.58418846386172,198.637525161439,199.7763214111328
2024-03-07,201.18767435608922,202.55034774837392,200.89567185403791,201.4407501220703
2024-03-08,203.1732762037859,204.79873845495965,200.31167846330294,201.314208984375
2024-03-11,200.46741087941416,201.32393270781847,199.2896729440457,199.7179412841797
2024-03-12,199.67900943435865,200.42847906613844,197.96595084215494,199.44541931152344
2024-03-13,199.40646538246597,201.0708691639836,199.30914112126254,200.2240753173828
2024-03-14,199.58167795234817,199.8055400959275,194.8318142682129,196.6422119140625
2024-03-15,195.88298621303866,197.664184838839,195.76619117261296,197.01205444335938
2024-03-18,197.49876048681992,197.7615493813194,195.55209687317472,195.88302612304688
2024-03-19,194.4522057355206,197.3430020711484,194.33541068417827,196.71034240722656
2024-03-20,196.14580726906385,201.46993282707527,195.7467377098007,200.60366821289062
2024-03-21,201.99126615219924,203.89407944963096,201.8351340638009,202.9085235595703
2024-03-22,202.82068745527596,203.201250082136,200.1079559326172,200.1079559326172
2024-03-25,200.7422416794592,202.0010212948255,200.53731644973297,200.56658935546875
2024-03-26,202.04006602333212,202.61578636771264,200.02991370934186,200.20555114746094
2024-03-27,201.7961052904106,204.63569618368314,201.17159183628374,204.5673828125
2024-03-28,204.99676311861296,206.75321207138248,204.762564961718,205.21144104003906
2024-04-01,205.67002678844747,205.69929969074164,202.92802241668514,203.27931213378906
2024-04-02,200.77151415327452,200.89837333757384,198.47837061173252,199.54200744628906
2024-04-03,198.458863942789,201.40577895106804,198.361277664814,200.84957885742188
2024-04-04,203.01585288840425,203.50375447434632,198.2929691099831,198.83941650390625
2024-04-05,198.22469072422194,200.72274490277712,197.97098721500467,199.50299072265625
2024-04-08,200.9959389676039,201.4252947579374,199.6298204434293,200.5958709716797
2024-04-09,201.23012890718303,201.96198127740422,199.52247337666694,201.38626098632812
2024-04-10,196.31208129399042,198.01973689977493,194.71176463615254,196.06813049316406
2024-04-11,197.08298385646,198.00024129501526,195.25823654119117,197.39523315429688
2024-04-12,196.36090395271953,197.0244579733042,192.89679908228106,193.8823699951172
2024-04-15,194.54585407103903,195.38504531014257,190.26207917237141,191.042724609375
2024-04-16,189.70591328708733,191.4916350202171,188.68131689731436,190.34017944335938
2024-04-17,191.71607090896865,191.86243544460078,188.32027967611614,188.3300323486328
2024-04-18,189.0130958508357,190.92567686639168,187.50059776097115,188.1739044189453
2024-04-19,187.29565300488554,189.6863676680318,186.7101651777757,188.46661376953125
2024-04-22,189.51074940441293,191.5501745552996,188.2324346823638,190.57437133789062
2024-04-23,190.53529250618232,194.49706527839143,190.40844823837094,193.7652130126953
2024-04-24,193.37492323229355,194.09702297874497,191.70630805638933,192.8967742919922
2024-04-25,190.71100118767657,192.0673671922748,189.08141144758932,191.725830078125
2024-04-26,192.23322508229217,194.07749248369157,191.66725745519938,193.56031799316406
2024-04-29,194.42878573207122,195.56072100669448,194.06774331620392,195.12161254882812
2024-04-30,193.31636738120952,193.84329454371434,191.01347129517134,191.1598358154297
2024-05-01,191.14034826658568,195.47291714446885,190.310909535706,191.5599365234375
2024-05-02,193.97016547630201,195.2777382351029,191.7843608740026,195.08258056640625
2024-05-03,198.48813608433306,199.21998849760246,196.25353837765493,197.01466369628906
2024-05-06,198.54667939649482,199.82497921325344,198.45886068150574,199.56150817871094
2024-05-07,199.81521832142343,201.16181656458528,199.5517472977196,200.0103759765625
2024-05-08,197.81481790224322,199.02481918159887,197.65868582305384,198.8491668701172
2024-05-09,199.03459290070566,201.00571966258627,198.4881454553311,200.8788604736328
2024-05-10,201.3569951213503,201.62045126334564,198.75158748946222,199.36634826660156
2024-05-13,201.0935070444129,201.55213569807444,199.64932260818813,199.7859344482422
2024-05-14,202.11811580093752,202.71335633149914,200.92763473981424,201.85464477539062
2024-05-15,204.14779233532747,204.6942397404769,202.69384021910304,204.37222290039062
2024-05-16,203.845288256353,204.28441162036142,202.8987579345703,202.8987579345703
2024-05-17,202.97680687209836,203.47447600547622,202.3327881123451,203.0451202392578
2024-05-20,202.98659632616295,204.41126073364669,202.75239818580937,203.49400329589844
2024-05-21,202.80120431323093,203.6403957579348,202.56700615787977,203.29885864257812
2024-05-22,202.50843093318645,203.18173750366373,200.82029561604787,201.5814208984375
2024-05-23,202.4889148012698,202.59625374786125,197.45378165185878,198.27345275878906
2024-05-24,199.83472839323377,200.70319263529294,199.02482484971938,200.46900939941406
2024-05-28,201.96198690951684,202.0790785273537,199.03457734699543,200.19578552246094
2024-05-29,197.6294358370593,198.0978172393676,196.89758338176296,197.23912048339844
2024-05-30,198.5954811096152,199.9811199343812,198.16612529836289,199.11265563964844
2024-05-31,199.99083470786022,201.2886545679053,198.16608774540774,200.79100036621094
2024-06-03,202.50844709417217,202.53772000047903,198.23442409845796,199.6591033935547
2024-06-04,198.23441794612555,199.55175824735392,196.77071311790533,197.08297729492188
2024-06-05,198.38078213458436,200.0981903076172,196.90730985795443,200.0981903076172
2024-06-06,199.239492905243,199.8542536941647,198.0782995888887,198.6637725830078
2024-06-07,196.65362085180837,198.25393752983464,195.8241821627051,196.33160400390625
2024-06-10,194.69224936207857,197.2390961883839,194.19458022444883,197.00489807128906
2024-06-11,195.3531531801527,196.70352538054158,194.159348902069,196.33168029785156
2024-06-12,201.44936249985798,202.81930935230366,198.738853274761,199.3455352783203
2024-06-13,198.9052025661312,199.16939412576266,196.20445828523722,197.603759765625
2024-06-14,195.27487156994687,195.7445604113781,193.68966239815458,194.4626922607422
2024-06-17,193.86580668278705,196.6350404876166,193.1710607229197,196.0968475341797
2024-06-18,196.1555342691722,197.35911833084793,195.7347598836559,196.43930053710938
2024-06-20,196.01856901191252,197.5254942774809,194.94218315712112,195.60757446289062
2024-06-21,195.63693329856812,196.1066370986735,194.19851207055768,196.0479278564453
2024-06-24,196.38062798947215,198.33768240773404,196.2240600525375,196.8992462158203
2024-06-25,196.81117035210926,196.8405249721024,195.52930217527776,196.25340270996094
2024-06-26,195.04979054946523,196.27294931105234,194.54095232392655,195.73475646972656
2024-06-27,196.32190476379773,197.8092552653262,195.66629337210966,197.72119140625
2024-06-28,199.50211821614525,200.2457934678383,196.99709112503265,198.5333709716797
2024-07-01,199.14982758558773,199.44338868414556,196.17509701920366,196.86985778808594
2024-07-02,197.19280407623265,197.92669947084178,196.58610706351385,197.54507446289062
2024-07-03,197.90710385343579,198.9149855611402,197.30042183590376,197.49612426757812
2024-07-05,196.88945802127287,197.3004376400508,195.58801509623962,196.55674743652344
2024-07-08,198.16151945668162,199.32596910530506,197.50590808542697,197.93646240234375
2024-07-09,197.58420146079473,198.17132372659202,196.22404931179912,197.0753631591797
2024-07-10,197.94624069696715,199.21832891452945,197.1634309610568,199.0030517578125
2024-07-11,203.43579306867682,206.69429034289058,202.49641534507663,206.15609741210938
2024-07-12,208.3480162716798,210.3246454593882,208.09360456678294,208.56329345703125
2024-07-15,210.1778321214561,213.55376260766093,209.6983633918099,212.52630615234375
2024-07-16,214.4344266621524,220.03160283119743,214.3170081889023,219.77719116210938
2024-07-17,217.5852997175704,221.773394764467,216.90033369235636,217.4776611328125
2024-07-18,216.65571501796023,219.95334696613332,212.32083167608428,213.27000427246094
2024-07-19,212.9568827525457,213.95496976224078,211.21510550291273,212.183837890625
2024-07-22,213.0057817139956,215.9120085285547,210.75518122585774,215.5597381591797
2024-07-23,214.50294152708386,218.94544818536724,214.33657877341756,217.84950256347656
2024-07-24,216.32300833567848,219.0530925664509,213.0449363483167,213.17214965820312
2024-07-25,213.7592676392515,219.2096714067204,213.5146358349193,215.83375549316406
2024-07-26,219.09221388939469,220.55022465805777,216.93945723428223,219.4053497314453
2024-07-29,219.88484802535407,220.57959395804386,216.02944856754846,216.9688262939453
2024-07-30,217.93755983768267,219.6402023897926,216.3621305882481,217.79078674316406
2024-07-31,218.90632747772574,223.7206795318942,217.2134646636023,219.0531005859375
2024-08-01,218.96504123460778,220.06098694822057,210.44206253843964,211.92942810058594
2024-08-02,204.36539453293574,206.6551444052035,202.54533349651138,204.4338836669922
2024-08-05,193.65051512425433,200.34365211265535,192.47628554193213,197.85818481445312
2024-08-06,198.65078843046786,202.79974886077906,196.87965670394706,200.0109405517578
2024-08-07,203.38687846531886,203.49451705137471,197.2319341982751,197.64291381835938
2024-08-08,200.03051601953828,202.55511783061306,198.80735709544035,202.44747924804688
2024-08-09,202.60406086615515,202.67255000634086,200.53936786549662,202.0267333984375
2024-08-12,202.1734838676917,202.53553411518627,199.4433998400133,200.20664978027344
2024-08-13,201.6646821854034,203.9055180028604,200.46109781987752,203.5043182373047
2024-08-14,204.15012906976875,204.26754755267265,201.32218613442885,202.2419891357422
2024-08-15,206.7236579115761,208.52415936833933,205.4026551054344,207.48690795898438
2024-08-16,206.8312824264573,209.3852389285311,206.74321856493674,208.03488159179688
2024-08-19,208.38713415863418,210.5888200953129,208.25014096426415,210.5790252685547
2024-08-20,210.27569678801973,210.334406027513,207.496683290316,208.12294006347656
2024-08-21,209.67881095421262,211.02918329221683,208.25016957821842,210.83348083496094
2024-08-22,210.94107677048893,211.72388644121588,208.5534684538146,208.97422790527344
2024-08-23,210.55947380990332,216.33279319596633,210.17784880262724,215.6478271484375
2024-08-26,217.16450924294872,217.67334750888872,215.35424309074858,215.71629333496094
2024-08-27,214.20936233486697,214.659476421128,213.03513284883806,214.0430145263672
2024-08-28,213.1917050141314,214.41486394946037,211.62607053559395,212.5948028564453
2024-08-29,214.08218712550914,216.23494405473946,212.48718295563629,214.11154174804688
2024-08-30,214.9922130274667,215.7652429290302,212.73180270224321,215.35426330566406
2024-09-03,213.44614237912447,214.6595065481544,208.33822921343236,208.76878356933594
2024-09-04,208.19140142578723,210.74535752101448,207.15416518340493,208.41647338867188
2024-09-05,208.95470192715354,209.43418565379002,206.39096531586245,207.3792724609375
2024-09-06,207.37925428415434,208.61220806425385,202.69211574768497,203.435791015625
2024-09-09,203.68039544539448,205.7450880771904,203.0639335692947,204.00331115722656
2024-09-10,204.238190075609,204.37518328079423,201.37109773197184,203.8369903564453
2024-09-11,203.01502233235476,204.7567994076154,199.82502930341266,204.4338836669922
2024-09-12,205.402638416734,208.21100656988966,203.93484768618333,207.06613159179688
2024-09-13,209.43414770561716,212.58500606713318,209.34608385274493,212.1740264892578
2024-09-16,212.95686109999815,213.60267764909568,211.49885032148978,212.93728637695312
2024-09-17,214.8649867346273,217.03731813484399,213.77882103451898,214.69863891601562
2024-09-18,214.52250054484705,220.10989707934775,213.5635481291556,214.73777770996094
2024-09-19,219.83592223451407,219.85548202790625,216.74377272859195,219.16073608398438
2024-09-20,218.65187664694983,218.66167147383993,216.53825453580748,216.812255859375
2024-09-23,217.90821852825565,218.31919814914852,215.2955527682754,216.0196533203125
2024-09-24,216.87096214982301,217.16450832976707,214.78669468539005,216.38169860839844
2024-09-25,216.3247905823496,216.60952521745995,213.59518848261862,213.7424774169922
2024-09-26,216.49168391956638,217.1200776885383,214.41994563744055,214.8814239501953
2024-09-27,216.85496734997182,218.56341991433885,215.54908351925678,216.33457946777344
2024-09-30,215.44110053896335,217.57174860015397,214.6163364472942,216.8844451904297
2024-10-01,216.17749668933078,216.3444121587862,212.37767898668645,213.9388427734375
2024-10-02,213.0551610950548,214.7832402862052,212.28930662540148,213.64427185058594
2024-10-03,212.30893202888365,213.2907982649465,211.1797918502473,212.21075439453125
2024-10-04,215.31342501946955,215.99091507136225,213.34969268683614,215.17596435546875
2024-10-07,214.67524743341818,214.69488895442194,211.95547358489003,213.4871826171875
2024-10-08,213.68355675813132,214.41012819451333,212.77041335504552,213.63446044921875
2024-10-09,213.58535551534212,215.62763903049589,212.986416527811,214.10574340820312
2024-10-10,211.9849092046081,212.94714887959344,210.70849511451922,212.91769409179688
2024-10-11,212.83914150857328,217.59137034631635,212.78023193339212,217.24771118164062
2024-10-14,217.43428520527038,219.06418682948782,216.4327774024019,218.84817504882812
2024-10-15,218.53396923945013,221.4108300392445,217.95465678998835,219.02490234375
2024-10-16,220.81189839445335,223.05055222592625,220.3209652738305,222.62835693359375
2024-10-17,222.7952750148257,222.84437132388288,220.83154250925853,222.01959228515625
2024-10-18,222.5497999346469,222.91308564000508,221.30282564634825,221.55810546875
2024-10-21,221.538481081589,221.59739065793886,217.51282356733307,218.07249450683594
2024-10-22,217.45390967686393,217.80738211004007,216.3051280145638,217.24771118164062
2024-10-23,216.04002625319353,216.79606744830528,213.42825847523648,215.2643585205078
2024-10-24,216.4327580876993,217.03169706569835,214.56721831076544,215.7356414794922
2024-10-25,217.29681456954606,217.94484988183524,214.55741435972695,214.9207000732422
2024-10-28,216.78621945113372,218.92669543682078,216.48184334347414,218.4259490966797
2024-10-29,216.73714323180397,217.87609659984423,215.98110208775933,217.71900939941406
2024-10-30,217.06116803560306,220.40932039137257,216.8942375973567,217.42445373535156
2024-10-31,217.2084515380255,217.7484809682501,213.68355532033473,213.81118774414062
2024-11-01,215.5196383573549,216.96298291986426,214.3806699302432,215.00906372070312
2024-11-04,214.5377591078867,217.71901090651673,213.8897238370769,216.0989227294922
2024-11-05,215.3625238662747,220.2227584504933,215.08760253502803,220.16384887695312
2024-11-06,232.2997391526428,233.27179216156733,228.5293762402349,232.91831970214844
2024-11-07,232.59428274373255,234.16527465133385,231.13129671705497,232.09353637695312
2024-11-08,231.65168209089333,234.14563059351116,231.37676075735754,233.80197143554688
2024-11-11,236.15845224543617,237.99453716451532,235.50060371818367,237.31704711914062
2024-11-12,235.6086113331389,237.4054132292312,232.27025738589492,233.15394592285156
2024-11-13,234.61692014350885,235.53006347937244,230.5716362860238,230.8465576171875
2024-11-14,231.67133273312112,232.14262432601558,227.01729641634796,227.7340545654297
2024-11-15,228.0089770852322,228.07769993063232,223.67894341606504,224.3367919921875
2024-11-18,225.06340563694013,226.41838599235135,223.9931749126097,224.77865600585938
2024-11-19,222.48108194706728,226.63438719485455,222.294524952408,226.4478302001953
2024-11-20,226.05505200015097,226.7423553466797,223.90476261579803,226.7423553466797
2024-11-21,227.9500669036643,231.29823433413557,226.91910436868088,230.188720703125
2024-11-22,231.36695475247922,234.9016791261771,231.06257862237263,234.44020080566406
2024-11-25,237.11087714632254,240.53758064079977,237.01268453219694,238.00436401367188
2024-11-26,236.8064955361799,237.22870581535193,235.08822959467037,236.25665283203125
2024-11-27,237.621449060054,239.27099217358733,236.0799268168904,236.58067321777344
2024-11-29,237.97489609204987,239.06476812750049,237.1599453824707,237.4839630126953
2024-12-02,237.84725443617708,238.25963640895856,235.65768220024174,237.3661346435547
2024-12-03,237.15996553737122,237.7490912754986,235.0293175897513,235.67735290527344
2024-12-04,235.92280480463793,237.28759819713252,234.87221578150934,236.52174377441406
2024-12-05,236.1584511209906,236.49228201703576,233.42886441645484,233.7626953125
2024-12-06,235.4416955921744,235.53988820754844,234.05727560077423,234.5972900390625
2024-12-09,236.1879220539096,237.00287281379616,233.34050102862707,233.41905212402344
2024-12-10,233.27179248155744,234.4893120616905,231.64189086188506,232.40774536132812
2024-12-11,234.38130018213843,234.95076942545649,232.53538682958032,233.45834350585938
2024-12-12,232.85941666676533,233.3405215680434,230.10037474474953,230.42437744140625
2024-12-13,230.1199809937872,230.6011008347352,227.67514369657863,228.84356689453125
2024-12-16,228.6864665740682,231.35714391063354,228.13662388396762,230.188720703125
2024-12-17,229.12909280526267,229.88737871145432,227.04136098863177,227.55345153808594
2024-12-18,228.7056592677585,229.53287211522562,215.5883625726097,217.47914123535156
2024-12-19,219.85246190768174,221.0144968228152,215.99212037076694,216.51405334472656
2024-12-20,215.2732275438113,221.24100063128472,214.75129458576967,218.54269409179688
2024-12-23,218.36544599305128,219.01539033539382,216.04136115018707,218.04046630859375
2024-12-24,218.6411801594684,220.22667888359572,217.12460832252626,219.99032592773438
2024-12-26,219.03508605520153,222.6984742136856,218.0995466926288,222.24546813964844
2024-12-27,220.87660223478375,222.0091098024827,216.84885012230532,219.00552368164062
2024-12-30,217.31172131574442,218.4343715705096,214.53464543356628,217.32156372070312
2024-12-31,218.73962496560918,219.88197491872648,216.7996045366917,217.5972900390625
