date,open,high,low,close
2017-01-03,19.80381753516042,19.854144449392226,19.51024093572467,19.719938278198242
2017-01-04,19.77865706764613,19.904475177263905,19.719942056482104,19.87931251525879
2017-01-05,19.82058800175895,19.84575225359514,19.493460727205616,19.677993774414062
2017-01-06,19.753490322430913,19.82898149868388,19.644448401100995,19.74510383605957
2017-01-09,19.694778246515458,19.73671868392643,19.568960134010748,19.610898971557617
2017-01-10,19.644449666520366,19.82059468921463,19.552182311853485,19.6528377532959
2017-01-11,19.678002461292206,19.778657913208008,19.54379625864722,19.778657913208008
2017-01-12,19.686390159033266,19.711554421479846,19.443142021506038,19.610898971557617
2017-01-13,19.745102535246023,19.954799877719594,19.63605902123606,19.719938278198242
2017-01-17,19.577348672461934,19.58573676013735,19.24183316476599,19.250221252441406
2017-01-18,19.350874754654757,19.434754030026944,19.16634162872724,19.409589767456055
2017-01-19,19.451528398068852,19.501855318671254,19.258605602675708,19.32571029663086
2017-01-20,19.384427535766747,19.485081388560143,19.317324433949764,19.417978286743164
2017-01-23,19.334104607054147,19.45153626913041,19.225062634981125,19.292165756225586
2017-01-24,19.38442376300215,19.610895687641438,19.3005445020902,19.5354061126709
2017-01-25,19.745105459464575,19.870923563609427,19.652838103155155,19.86253547668457
2017-01-26,19.896090415024123,19.9631935246922,19.803824639145727,19.912866592407227
2017-01-27,19.9128687547751,19.921256844377528,19.778662520865296,19.837377548217773
2017-01-30,19.71154611019565,19.719934194141043,19.501848811151014,19.677993774414062
2017-01-31,19.577345502848583,19.728327856833435,19.44313932149847,19.552181243896484
2017-02-01,19.70317066395816,19.803826136000396,19.518637498389264,19.57735252380371
2017-02-02,19.468305406394734,19.594125123431667,19.37603964039559,19.50185775756836
2017-02-03,19.837370731958156,19.912861912576183,19.66122571042539,19.896085739135742
2017-02-06,19.778651586778896,19.946410086357705,19.76187541684829,19.803815841674805
2017-02-07,19.921248974040783,19.929637060329306,19.72832778899635,19.753490447998047
2017-02-08,19.75348985299361,19.75348985299361,19.527017929480625,19.61928367614746
2017-02-09,19.619286731701784,19.912863389223997,19.5689598075124,19.887699127197266
2017-02-10,20.00513378263908,20.01352187125285,19.870927564547447,19.94641876220703
2017-02-13,20.07224154454982,20.265162827793805,20.038689182317114,20.172895431518555
2017-02-14,20.1561129572778,20.432913437845773,20.122560608183953,20.40774917602539
2017-02-15,20.508404587441575,20.609058434818294,20.357422216512433,20.567119598388672
2017-02-16,20.54195465095091,20.575506998865926,20.390972285061352,20.51679039001465
2017-02-17,20.365810052940766,20.525178909301758,20.340645791474486,20.525178909301758
2017-02-21,20.63422350628906,20.67616234436438,20.558732317862187,20.625835418701172
2017-02-22,20.541949409682,20.70131982188703,20.508398670191447,20.64260482788086
2017-02-23,20.6509929127194,20.69293173704849,20.525173240004925,20.64260482788086
2017-02-24,20.424525117184235,20.533567050765104,20.390972768473787,20.483240127563477
2017-02-27,20.508405572015295,20.63422368720854,20.50001748435386,20.592283248901367
2017-02-28,20.516788133814995,20.592279308458124,20.44968504522819,20.583892822265625
2017-03-01,20.97812411584116,21.212985735321954,20.952959856654825,21.171045303344727
2017-03-02,21.21298564722713,21.221372133723854,20.835529760319076,20.843917846679688
2017-03-03,20.860698581207075,20.994904792597218,20.852310493012162,20.944576263427734
2017-03-06,20.818756591483965,20.852308941767593,20.692938477648596,20.785205841064453
2017-03-07,20.81875355601756,20.81875355601756,20.676159287831254,20.726486206054688
2017-03-08,20.952958247939012,21.020061334086677,20.726484732241737,20.734872817993164
2017-03-09,20.818755671428722,20.919411117967165,20.718101824754328,20.810367584228516
2017-03-10,20.911022470933883,20.927798644885165,20.659384661256688,20.79359245300293
2017-03-13,20.818753587597854,20.86908050589763,20.7180997509983,20.843917846679688
2017-03-14,20.760041578351732,20.80198041634215,20.634223464516364,20.785205841064453
2017-03-15,20.818756772551403,20.90263604912588,20.65938630704631,20.75165367126465
2017-03-16,20.83553276662578,20.944574705319333,20.776817753493546,20.785205841064453
2017-03-17,20.83403025015832,20.842448232826307,20.581497192382812,20.581497192382812
2017-03-20,20.539403944300428,20.59832820784347,20.413137435913086,20.413137435913086
2017-03-21,20.50574670062159,20.522581068393162,19.790233889409127,19.840740203857422
2017-03-22,19.697619434347335,19.89122813207815,19.554517004379925,19.798633575439453
2017-03-23,19.773397916070767,20.06802102722493,19.73130958829165,19.840740203857422
2017-03-24,19.87439781513397,19.97541037117022,19.68078747252751,19.815473556518555
2017-03-27,19.39458448635571,19.748130043996508,19.34407660192218,19.739713668823242
2017-03-28,19.6723753402052,20.084846845035806,19.6723753402052,20.00908660888672
2017-03-29,19.975416641246607,20.009088574205048,19.865986070263943,19.882822036743164
2017-03-30,19.89964790280886,20.194270768160802,19.87439556943599,20.14376449584961
2017-03-31,20.068006642848747,20.126930901730404,19.97541046142578,19.97541046142578
2017-04-03,20.00908121487128,20.059587490166614,19.697622371824707,19.933320999145508
2017-04-04,19.849145347603788,19.95015951670832,19.815475028279444,19.908069610595703
2017-04-05,20.09326267335536,20.169021295816787,19.756549835205078,19.756549835205078
2017-04-06,19.739719532802063,19.966998658006997,19.638705339492873,19.882822036743164
2017-04-07,19.73129134989981,19.933318026518744,19.697619434347335,19.798633575439453
2017-04-10,19.798638684702688,19.924905189478366,19.68078855542177,19.748130798339844
2017-04-11,19.64711496959139,19.722875180971634,19.48717656717026,19.6892032623291
2017-04-12,19.663956581624166,19.68079094021928,19.47876418698469,19.529272079467773
2017-04-13,19.45351354851029,19.672376285056608,19.2767391204834,19.2767391204834
2017-04-17,19.32724036322683,19.621863262600602,19.268316104465203,19.613445281982422
2017-04-18,19.47875944845882,19.571355623253027,19.310404664501334,19.428253173828125
2017-04-19,19.55452405280662,19.630284284542153,19.344079321444777,19.369333267211914
2017-04-20,19.512439111082664,19.739719845453568,19.436678866292365,19.697629928588867
2017-04-21,19.647114443360355,19.72287465271143,19.48717604522304,19.495594024658203
2017-04-24,19.941738979288985,20.042751529879656,19.857560783419732,19.933320999145508
2017-04-25,20.110097885131836,20.211112061981385,20.084845545093852,20.110097885131836
2017-04-26,20.08484373763959,20.278452486481832,20.051171813197953,20.09326171875
2017-04-27,20.13535015220069,20.13535015220069,19.882817139477428,20.00066566467285
2017-04-28,20.009081226517793,20.025917186814553,19.80705451965332,19.80705451965332
2017-05-01,19.90806705871507,20.034333549736175,19.823888862845816,19.933320999145508
2017-05-02,19.933323554263275,19.958575892365097,19.798639065834394,19.908069610595703
2017-05-03,19.840725856488255,20.06800651550293,19.823889895324434,20.06800651550293
2017-05-04,20.194278870657723,20.261621129280684,20.017506043859733,20.101682662963867
2017-05-05,20.16060269633831,20.16901907135459,20.000664276413282,20.06800651550293
2017-05-08,20.09325834024747,20.126928653462016,20.017498128557914,20.05116844177246
2017-05-09,20.10167695982442,20.169019199341406,19.9080682219088,19.97541046142578
2017-05-10,19.941740660497857,20.042753219604492,19.90806873708519,20.042753219604492
2017-05-11,19.966994931907337,20.00066685858216,19.756550206887198,19.916488647460938
2017-05-12,19.82389174153451,19.84072770426627,19.722879176275494,19.83230972290039
2017-05-15,19.8744046460914,20.025925137789944,19.865986662600793,19.983835220336914
2017-05-16,20.02591886346384,20.059589181310823,19.924904698791522,20.042753219604492
2017-05-17,19.621865545384036,19.773386003007715,19.335660593331717,19.411420822143555
2017-05-18,19.38617193849212,19.60503468234229,19.36091798919806,19.487184524536133
2017-05-19,19.520855951360677,19.7649710326165,19.512437968480672,19.655540466308594
2017-05-22,19.764977072752465,19.764977072752465,19.57136822404413,19.706052780151367
2017-05-23,19.722876638060733,19.91648536786239,19.630280460518385,19.857561111450195
2017-05-24,19.882819725675464,19.899654084631816,19.764969579585298,19.84914779663086
2017-05-25,19.89123841441664,19.975416641246607,19.832314137305506,19.882822036743164
2017-05-26,19.832309279292726,19.93332344785804,19.832309279292726,19.874399185180664
2017-05-30,19.815473889907885,19.840726226558996,19.697623765128633,19.739713668823242
2017-05-31,19.739717982183034,19.74813435919538,19.44509501420481,19.571361541748047
2017-06-01,19.68078747252751,19.83230791214751,19.54610299410209,19.815473556518555
2017-06-02,19.672371428477522,19.840726226558996,19.63028152478291,19.739713668823242
2017-06-05,19.748133961708803,19.899654433937318,19.748133961708803,19.773387908935547
2017-06-06,19.621861030609487,19.7397111402929,19.579772737871775,19.6892032623291
2017-06-07,19.72289160162247,19.891246518305717,19.68921965494575,19.840740203857422
2017-06-08,19.840725856488255,20.211108974264135,19.823889895324434,20.06800651550293
2017-06-09,20.194275141302633,20.480480088987164,20.177439178364533,20.446809768676758
2017-06-12,20.488895416259766,20.631997871564085,20.37104690209112,20.488895416259766
2017-06-13,20.59832763671875,20.665669879695866,20.539403374809485,20.59832763671875
2017-06-14,20.42155525531663,20.65725391318599,20.312123104833596,20.631999969482422
2017-06-15,20.48048640735426,20.657260861608826,20.46365043922215,20.547828674316406
2017-06-16,20.541905987189743,20.592607040103097,20.46585601952589,20.525007247924805
2017-06-19,20.660211383381455,20.77851064282628,20.63486085134048,20.73626136779785
2017-06-20,20.668652601396534,20.68555295008251,20.550353384006623,20.55880355834961
2017-06-21,20.5926077425959,20.5926077425959,20.381358183368928,20.389806747436523
2017-06-22,20.313758764320244,20.372908384123992,20.23770879265649,20.263057708740234
2017-06-23,20.34755610212018,20.35600627732167,20.1194062067983,20.1870059967041
2017-06-26,20.229258040055605,20.38135797904723,20.16165824624891,20.296857833862305
2017-06-27,20.37290738703676,20.55035623776334,20.322206333938155,20.398256301879883
2017-06-28,20.5334596792773,20.753159448164777,20.516560936829404,20.7193603515625
2017-06-29,21.141857873956166,21.141857873956166,20.710908547120354,20.863008499145508
2017-06-30,21.01510778238345,21.023556346821444,20.803858213894983,20.846107482910156
2017-07-03,20.96440605583663,21.285506292237493,20.939057139919786,21.150306701660156
2017-07-05,21.20946117490411,21.234810096622105,21.057361197769644,21.184110641479492
2017-07-06,21.175655698522714,21.26860602178979,21.023555755615234,21.023555755615234
2017-07-07,21.133406718166707,21.209456690654932,21.023556041592038,21.167205810546875
2017-07-10,21.133410784266626,21.192560416092103,21.065810974793706,21.141860961914062
2017-07-11,21.12496156461659,21.133411742647237,20.89681159290913,20.955961227416992
2017-07-12,20.95595596006816,21.040456107428565,20.89680634042775,21.023555755615234
2017-07-13,21.023555675250932,21.150306701660156,21.006656935208454,21.150306701660156
2017-07-14,20.8883555906594,21.091154971729157,20.778506530303115,21.057355880737305
2017-07-17,20.99820198975087,21.040451247819842,20.905251687952067,20.9897518157959
2017-07-18,20.846112136431916,20.989761939539576,20.820761602339978,20.955961227416992
2017-07-19,20.99820767212987,21.057357294115416,20.88835699269415,20.964406967163086
2017-07-20,20.98131176150893,21.074262108139376,20.913711948970423,20.955961227416992
2017-07-21,20.89681159290913,21.0235610399555,20.89681159290913,20.955961227416992
2017-07-24,20.94751503126097,21.074264492648776,20.94751503126097,21.048913955688477
2017-07-25,21.285506948779794,21.395356015122285,21.251706244239767,21.310855865478516
2017-07-26,21.336206107566547,21.370006811652992,21.116506366123485,21.167205810546875
2017-07-27,21.20946413302335,21.217914312010116,20.95596359854089,21.048913955688477
2017-07-28,21.015114851448256,21.108063596888996,20.930614673287437,21.048913955688477
2017-07-31,21.124954064750725,21.277053991889904,21.09960353965883,21.201004028320312
2017-08-01,21.34465536938426,21.370005896363317,21.243254873174244,21.353105545043945
2017-08-02,21.37845549409771,21.403806022302625,21.27705660469064,21.386905670166016
2017-08-03,21.35310674615355,21.38690583898728,21.277056772644787,21.310855865478516
2017-08-04,21.5052050660354,21.539004156311808,21.41225474728947,21.454504013061523
2017-08-07,21.45450679729937,21.46295697389163,21.38690699626768,21.42070770263672
2017-08-08,21.386909742859004,21.623509882708237,21.35311064385574,21.361560821533203
2017-08-09,21.18411031371963,21.378459565181537,21.18411031371963,21.361560821533203
2017-08-10,21.22635633741548,21.277055780154292,20.981306076049805,20.981306076049805
2017-08-11,20.981306865801766,21.091155931155033,20.84610727227177,20.896806716918945
2017-08-14,21.065811375577848,21.243260274430313,21.057361197769644,21.184110641479492
2017-08-15,21.361554130490124,21.386903043875925,21.201004028320312,21.201004028320312
2017-08-16,21.293965440390814,21.32776454642338,21.124965075107184,21.15876579284668
2017-08-17,21.10805671088331,21.141857415803695,20.786958072671272,20.795408248901367
2017-08-18,20.694012819174787,20.955961899701713,20.68556264087305,20.803863525390625
2017-08-21,20.78695989975673,20.81230881896876,20.660210468577198,20.744709014892578
2017-08-22,20.829206753169156,20.989756873588778,20.80385783690193,20.972856521606445
2017-08-23,20.820756124992087,21.023555509256866,20.803857385083035,20.905256271362305
2017-08-24,20.998206593540168,20.998206593540168,20.863007004030315,20.905256271362305
2017-08-25,20.947508226386017,21.057357294115416,20.93905805014432,20.964406967163086
2017-08-28,20.981306409011207,20.98975658488615,20.77850702313142,20.829206466674805
2017-08-29,20.592607537753914,20.79540691918974,20.575707186374377,20.761606216430664
2017-08-30,20.795408037750686,20.939057808791098,20.7785076854621,20.846107482910156
2017-08-31,20.913705411479953,20.939055937647478,20.80385635483299,20.871456146240234
2017-09-01,20.896811851545984,21.04891183456681,20.84611239444127,20.930612564086914
2017-09-05,20.77005903894726,20.80385974601372,20.42360985004812,20.482759475708008
2017-09-06,20.55880542034447,20.63485538461319,20.465855105859127,20.53345489501953
2017-09-07,20.567262287226185,20.584162642941518,20.102513787000895,20.17856216430664
2017-09-08,20.195454006908808,20.440504226363753,20.15320474713669,20.36445426940918
2017-09-11,20.601059484188333,20.778509979396343,20.558810210508867,20.7193603515625
2017-09-12,20.79540827744814,20.98130731964648,20.778507924964746,20.964406967163086
2017-09-13,20.930607295924613,21.00665726829351,20.85455732355572,20.998207092285156
2017-09-14,21.00666229560087,21.057361752078084,20.913711948970423,20.955961227416992
2017-09-15,20.92456628175502,21.03487512130522,20.899110022221507,21.01790428161621
2017-09-18,21.09426781629742,21.272456747121456,21.077296979525205,21.26397132873535
2017-09-19,21.263966481497576,21.476097037509717,21.230026434118038,21.425186157226562
2017-09-20,21.442156357729345,21.628830658880407,21.340332981738438,21.55246353149414
2017-09-21,21.50156031673904,21.654294625952264,21.484589478286853,21.603382110595703
2017-09-22,21.51853032188788,21.603381274006505,21.459134008033573,21.577926635742188
2017-09-25,21.55246353149414,21.628830658880407,21.408214692923156,21.55246353149414
2017-09-26,21.586408639899993,21.620348691692854,21.484585247665578,21.543981552124023
2017-09-27,21.815511617135222,21.91733502419801,21.722175247291496,21.80702781677246
2017-09-28,21.88338853778766,21.89187233565775,21.73065428128322,21.840961456298828
2017-09-29,21.84096378242017,21.942787170410156,21.807023732042076,21.942787170410156
2017-10-02,21.900359881418996,22.12946128845215,21.900359881418996,22.12946128845215
2017-10-03,22.112491645409804,22.205829620361328,22.070066175937974,22.205829620361328
2017-10-04,22.146432900703296,22.21431462164286,22.095522014605592,22.104005813598633
2017-10-05,22.12946372390082,22.409476046059808,22.070067415931945,22.33310890197754
2017-10-06,22.39250442944684,22.451900735345436,22.239770146605917,22.358564376831055
2017-10-09,22.4179629451896,22.4179629451896,22.222803172276084,22.273714065551758
2017-10-10,22.307659943709712,22.37554168701172,22.248262002195585,22.37554168701172
2017-10-11,22.32462348392084,22.35856515614763,22.239770921781872,22.33310890197754
2017-10-12,22.392508123041896,22.400993542202485,22.137952021937185,22.163408279418945
2017-10-13,22.053093842896924,22.248253578696445,21.968241291288667,22.171886444091797
2017-10-16,22.1888630770779,22.32462654776128,22.180377657856663,22.31614112854004
2017-10-17,22.392503951836463,22.40098936941641,22.15491873330955,22.205829620361328
2017-10-18,22.299168472596804,22.358564779565274,22.205830493973217,22.324623107910156
2017-10-19,22.163405769139363,22.35008011424443,22.12946409634133,22.341594696044922
2017-10-20,22.579184413945963,22.621609891896068,22.502817258893185,22.604639053344727
2017-10-23,22.613120192442075,22.655547280789882,22.53675305184396,22.587665557861328
2017-10-24,22.664031640683085,22.79131129044715,22.64706242335212,22.748884201049805
2017-10-25,22.81676236001671,22.842218609676998,22.485839206571587,22.613117218017578
2017-10-26,22.697974840505083,22.842223717312706,22.697974840505083,22.740400314331055
2017-10-27,22.697966757862808,22.76584846286885,22.579174178709113,22.72342300415039
2017-10-30,22.69797434855677,22.731916021624375,22.57069631140935,22.63009262084961
2017-10-31,22.630088360636577,22.714940908903674,22.545235812369476,22.57069206237793
2017-11-01,22.664035369846168,22.765858782725953,22.579184413945963,22.604639053344727
2017-11-02,22.630096177661255,22.850712231991146,22.51978895971046,22.816770553588867
2017-11-03,22.74039221658127,22.757363047439657,22.65554129914435,22.72342300415039
2017-11-06,22.664037293405272,22.740404454939544,22.621611811854404,22.697978973388672
2017-11-07,22.71494468306775,22.782826409274655,22.324623543557028,22.38401985168457
2017-11-08,22.34159579606203,22.350081214679328,22.19734691642419,22.273714065551758
2017-11-09,22.12946780978091,22.273716706522183,21.96824807379282,22.197349548339844
2017-11-10,22.214313841252704,22.256739308439066,22.11249045420647,22.12946128845215
2017-11-13,21.993703133063654,22.21431917595424,21.976732294742483,22.163408279418945
2017-11-14,22.07855533262679,22.163407904368558,22.002188179902024,22.154922485351562
2017-11-15,21.95975585250775,22.290680641608994,21.942786636945176,22.214313507080078
2017-11-16,22.316139483541765,22.36705199511627,22.205832278653226,22.222803115844727
2017-11-17,22.1124969705341,22.24826044765197,22.08704233009219,22.197349548339844
2017-11-20,22.239767807628397,22.33310577475429,22.171886091108053,22.299165725708008
2017-11-21,22.37553177265768,22.4009864035995,22.316133857462123,22.367046356201172
2017-11-22,22.367053214093975,22.42644952907315,22.256744384765625,22.256744384765625
2017-11-24,22.341598495687446,22.384023975472264,22.231291277189936,22.248260498046875
2017-11-27,22.231287002563477,22.3500796178622,22.214316166541373,22.231287002563477
2017-11-28,22.25673985828804,22.833735289472994,22.2397690236231,22.808279037475586
2017-11-29,23.02889565466691,23.351335048295837,22.969499350163666,23.19860076904297
2017-11-30,23.4022502365089,23.656806336431806,23.232545090941485,23.35133934020996
2017-12-01,23.385277545670416,23.512555585548824,22.86767996770781,23.40224838256836
2017-12-04,23.792572430484142,23.92833590531024,23.758630752563477,23.758630752563477
2017-12-05,23.86045292973846,23.885907568429793,23.571955156096557,23.631351470947266
2017-12-06,23.54649543762207,23.682258885445837,23.47861371371019,23.54649543762207
2017-12-07,23.62286376953125,23.707716333303267,23.402247751095214,23.62286376953125
2017-12-08,23.741656477177692,23.767112731933594,23.57195296742251,23.767112731933594
2017-12-11,23.76711038427925,23.801050435506557,23.639832359928047,23.707714080810547
2017-12-12,23.801052186119623,24.038639035897287,23.724685042206374,23.945301055908203
2017-12-13,23.919846144759163,23.970757033972365,23.63134840850437,23.648319244384766
2017-12-14,23.733173565043113,23.76711524163507,23.470132045168338,23.495588302612305
2017-12-15,23.638796135175376,23.86896151140476,23.553549518874423,23.706993103027344
2017-12-18,23.903066490654158,24.039460458782326,23.860442359398885,23.920114517211914
2017-12-19,24.056502444606988,24.073552092827825,23.817813873291016,23.817813873291016
2017-12-20,24.013886336175904,24.05650884211895,23.75814804862886,23.775196075439453
2017-12-21,23.903061934744226,24.04797907555797,23.87748746086554,23.979782104492188
2017-12-22,24.047980712892706,24.08208001371931,23.80076728567646,23.91158676147461
2017-12-26,23.91158266042379,23.988304448181015,23.74961588710865,23.843385696411133
2017-12-27,23.860438416734723,23.877488066419573,23.79224144393941,23.86896324157715
2017-12-28,23.928636828340675,23.971260955115756,23.868964676799745,23.962736129760742
2017-12-29,24.03945517190098,24.03945517190098,23.792240142822266,23.792240142822266
2018-01-02,23.94568859787821,23.94568859787821,23.68995031837553,23.800769805908203
2018-01-03,23.84338802373209,23.945684292708016,23.76666622848615,23.928634643554688
2018-01-04,24.06503146141842,24.329296177050797,24.022408959384414,24.150278091430664
2018-01-05,24.27814558364307,24.27814558364307,24.065029835979185,24.218473434448242
2018-01-08,24.192906594099437,24.23553073264986,24.099136741177777,24.184383392333984
2018-01-09,24.28666729658119,24.49978301693653,24.244044802887686,24.37191390991211
2018-01-10,24.448634652114666,24.678800010466368,24.406010534302958,24.57650375366211
2018-01-11,24.67880044348585,24.721422936101582,24.55945453746284,24.69584846496582
2018-01-12,24.840775820848393,24.934547288217413,24.687332192769794,24.917497634887695
2018-01-16,25.130609299824336,25.17323342615415,24.712902617457143,24.84929656982422
2018-01-17,24.917492608206558,25.105035505111,24.71290168735598,25.03683853149414
2018-01-18,25.122085165100977,25.130609990601265,24.968643183928407,25.00274085998535
2018-01-19,25.08798552604474,25.190280172155784,25.03683820298922,25.1817569732666
2018-01-22,25.19027910603771,25.39487164148908,25.156181434091827,25.3863468170166
2018-01-23,25.326672024792273,25.454542760780917,25.20732773887642,25.41191864013672
2018-01-24,25.53126159212977,25.642081041069368,25.377818027487436,25.582408905029297
2018-01-25,25.684705300712395,25.684705300712395,25.446016740104536,25.53126335144043
2018-01-26,25.60799155083307,25.72733586101869,25.48864561470317,25.71881103515625
2018-01-29,25.73585439081964,25.85519867180868,25.59946046227677,25.61650848388672
2018-01-30,25.42896299387618,25.59093136671309,25.28404426574707,25.28404426574707
2018-01-31,25.352249145507812,25.480118268909884,25.267002521258394,25.352249145507812
2018-02-01,25.301102916041874,25.616513325684274,25.292578090653677,25.590940475463867
2018-02-02,25.539789151344856,25.607987748117083,25.01126303391241,25.02831268310547
2018-02-05,24.491260247535276,24.90044207471649,23.527977826136496,23.766666412353516
2018-02-06,23.22108787642622,24.261091969767715,23.161415736980768,24.201419830322266
2018-02-07,24.158801285253414,24.55945830552163,24.056505010959338,24.218473434448242
2018-02-08,24.26110022180362,24.303724354436774,23.135849135398885,23.15289878845215
2018-02-09,23.502404696970803,23.775192597366676,22.811910120850733,23.596176147460938
2018-02-12,23.834863199155425,24.16732485386916,23.62174746257094,23.928634643554688
2018-02-13,23.792243145302773,24.08208070689492,23.72404616763075,24.030933380126953
2018-02-14,24.013885130564383,24.61060993947489,23.928638497013697,24.60208511352539
2018-02-15,24.806672772177738,24.84077044551429,24.46568790909179,24.738475799560547
2018-02-16,24.619133400944353,24.917495808568326,24.585035722728527,24.70438003540039
2018-02-20,24.65323141342567,24.900444851856953,24.55093513224926,24.627656936645508
2018-02-21,24.636174416953278,25.06240581387615,24.610601573741903,24.6617488861084
2018-02-22,24.72142784820696,24.857821802811188,24.39749261250797,24.457164764404297
2018-02-23,24.533883409292542,24.823720932006836,24.52535858498401,24.823720932006836
2018-02-26,25.002742548131852,25.198808670043945,24.840774104578923,25.198808670043945
2018-02-27,25.215863298450287,25.377831773967078,24.943075313965995,24.960124969482422
2018-02-28,25.087984020270408,25.181755461864128,24.610605239868164,24.610605239868164
2018-03-01,24.619138223935856,24.815206009378528,24.04798777491727,24.184383392333984
2018-03-02,24.013885552764044,24.31224796246495,23.775195299814456,24.244050979614258
2018-03-05,24.05650376710537,24.72142545077645,24.0479789425263,24.585031509399414
2018-03-06,24.72142954994211,24.738479201927323,24.431591969970693,24.68733024597168
2018-03-07,24.38044174807751,24.69585214267009,24.3548672731332,24.644704818725586
2018-03-08,24.704378266621116,24.755527219199173,24.457164832937295,24.72142791748047
2018-03-09,24.98569544889391,25.335205223994226,24.88340077742013,25.318157196044922
2018-03-12,25.31814914326611,25.41191895796824,25.19027840567816,25.23290252685547
2018-03-13,25.352248501770767,25.37782297617945,24.891919344023037,24.95159149169922
2018-03-14,25.062410730842355,25.062410730842355,24.593556752620756,24.670278549194336
2018-03-15,24.764053224346537,24.815202182719556,24.60208640066513,24.678808212280273
2018-03-16,24.734417109715118,24.939752788594554,24.7001953125,24.7001953125
2018-03-19,24.665969366302317,24.751526298403544,24.28951984417458,24.520523071289062
2018-03-20,24.61463915587638,24.68308438435015,24.520526354776326,24.580415725708008
2018-03-21,24.62319259259814,24.89697347957656,24.48630214910893,24.571857452392578
2018-03-22,24.246744181600327,24.34085697781253,23.579402014742957,23.664958953857422
2018-03-23,23.69062659141003,23.7248483880338,22.903505686708666,22.9462833404541
2018-03-26,23.408289392173007,23.759071368228167,23.185842006795593,23.69062614440918
2018-03-27,23.767632018019476,23.870299058519713,23.04040034837951,23.22862434387207
2018-03-28,23.28851053482586,23.502402077095297,22.97195196611035,23.271400451660156
2018-03-29,23.374069634893633,23.75051924094548,23.271402598974202,23.587961196899414
2018-04-02,23.587954906868926,23.613622474935756,22.715277174948895,23.066059112548828
2018-04-03,23.21150410328744,23.433951451840024,23.006168465822572,23.382617950439453
2018-04-04,22.96339698715296,23.699184442906482,22.946285271469616,23.630739212036133
2018-04-05,23.844623941304416,23.990070219279257,23.741955308437593,23.81895637512207
2018-04-06,23.545177887741268,23.699180036531782,23.031837935727136,23.245729446411133
2018-04-09,23.37406349182129,23.844625783680687,23.33128584340802,23.37406349182129
2018-04-10,23.75051154547663,23.861734403662243,23.570841843038234,23.724843978881836
2018-04-11,23.51095773989187,23.622182254794076,23.382623141965666,23.44251251220703
2018-04-12,23.622178346339467,24.007182076416516,23.605066634283773,23.853179931640625
2018-04-13,24.144069555729303,24.16118126569182,23.365504702922106,23.493839263916016
2018-04-16,23.63073717658778,23.76762762653733,23.528068523194168,23.596513748168945
2018-04-17,23.801849423093277,23.8275169944074,23.510956808984755,23.596513748168945
2018-04-18,23.656402771356078,23.75051556627372,23.433955385463477,23.48529052734375
2018-04-19,23.528065330555417,23.89595897682213,23.510953618667973,23.84462547302246
2018-04-20,23.887403355752014,23.990071996223502,23.750512923031817,23.853179931640625
2018-04-23,23.92162963336179,23.94729720625806,23.750517376308935,23.827518463134766
2018-04-24,23.955854012763037,24.10130033454362,23.510959189450308,23.67351722717285
2018-04-25,23.64785054429453,23.776186786831822,23.416848897826252,23.65640640258789
2018-04-26,23.639291382564217,23.793293546597678,23.5451802182149,23.664958953857422
2018-04-27,23.622183329094405,23.75907379068965,23.587959897764083,23.69918441772461
2018-04-30,23.759071423253765,23.887406014228723,23.476734670363705,23.48529052734375
2018-05-01,23.433949910909693,23.510950973878533,23.245725996909457,23.493839263916016
2018-05-02,23.40829411254227,23.502405294356954,23.194402540993053,23.22862434387207
2018-05-03,23.11739822113822,23.151620019245264,22.638279992735935,23.031841278076172
2018-05-04,22.894950359259617,23.459623887450036,22.81794927524611,23.331289291381836
2018-05-07,23.416845303366248,23.57940169039853,23.322732508448606,23.48529052734375
2018-05-08,23.50239992124771,23.810404236058975,23.493844064518196,23.647846221923828
2018-05-09,23.759069262778144,24.058517702398646,23.67351233262047,23.998626708984375
2018-05-10,23.95585256896856,24.246745194997928,23.921629139147242,24.195411682128906
2018-05-11,24.21252074671419,24.340856971282903,24.12696543948556,24.178298950195312
2018-05-14,24.246743153749314,24.289520805561704,24.11840856644933,24.16118621826172
2018-05-15,24.126965967756405,24.246744705989407,24.024297312226036,24.118410110473633
2018-05-16,24.092740996244206,24.22963144027923,24.041407487696773,24.16118621826172
2018-05-17,24.135515865192552,24.195406855432314,23.955847790061156,24.10984992980957
2018-05-18,24.109854315834536,24.11841017313954,23.904518636103198,23.913074493408203
2018-05-21,24.0499590429526,24.17829360729918,24.04140318774783,24.08418083190918
2018-05-22,24.101299745009552,24.38363652369359,24.101299745009552,24.246746063232422
2018-05-23,24.08418324916111,24.161184321869914,23.83606995077039,24.09273910522461
2018-05-24,24.015741006313917,24.03285272055981,23.664959023587606,23.904518127441406
2018-05-25,23.7932950326064,23.870296119432233,23.716293945780574,23.827518463134766
2018-05-29,23.493846159630497,23.528069589600502,22.860727391952075,23.031841278076172
2018-05-30,23.254287156951808,23.54517976522675,23.194397790282768,23.451066970825195
2018-05-31,23.399734027383964,23.43395582408182,23.185842494467956,23.254287719726562
2018-06-01,23.536625290201915,23.639292315701642,23.442512490274705,23.510957717895508
2018-06-04,23.622184630114635,23.67351814807435,23.545183537243503,23.587961196899414
2018-06-05,23.510956466421025,23.54517989434121,23.365510161485975,23.48529052734375
2018-06-06,23.622181872489744,23.930184576155288,23.59651430057473,23.913074493408203
2018-06-07,24.015742005637417,24.10985480604307,23.827518036689064,23.990076065063477
2018-06-08,23.964408344114748,24.049965286511224,23.836073746451504,24.0242977142334
2018-06-11,24.101301761262764,24.18685871417422,23.97296714782715,23.97296714782715
2018-06-12,24.041409089257424,24.10129845852953,23.793294123001065,23.913074493408203
2018-06-13,23.92162963336179,24.109855237541808,23.801850890238494,23.827518463134766
2018-06-14,23.870297091427165,23.91307638132958,23.536626789503558,23.605072021484375
2018-06-15,23.45813354081445,23.681544539356633,23.294872981017065,23.604209899902344
2018-06-18,23.397984673688665,23.595616912200228,23.320650034456857,23.561246871948242
2018-06-19,23.320646805250338,23.561243609426317,23.312053886644236,23.501094818115234
2018-06-20,23.715911495403166,23.715911495403166,23.415165917302872,23.44094467163086
2018-06-21,23.363616628420495,23.509692999561384,23.208947336749905,23.372209548950195
2018-06-22,23.53547260651617,23.561251370826362,23.24331983339607,23.26050567626953
2018-06-25,23.157388839398685,23.20035179826719,22.85664321052367,23.01131248474121
2018-06-26,23.028497876612082,23.054276636626284,22.78790267220717,22.933979034423828
2018-06-27,22.92538032820767,23.09723376813197,22.641820595347653,22.650413513183594
2018-06-28,22.65041694048195,22.942569635384356,22.60745234480116,22.84804916381836
2018-06-29,23.131608939584602,23.26049944876349,22.813677487273726,22.84804916381836
2018-07-02,22.659009071847965,22.96834595533644,22.641823234173135,22.959753036499023
2018-07-03,23.0199041702575,23.08864588412112,22.70197271930592,22.753528594970703
2018-07-05,22.87382593670916,22.925381808121415,22.727749601931443,22.805084228515625
2018-07-06,22.744933017159934,23.011308561309438,22.659007114073304,22.91678810119629
2018-07-09,23.037085715150177,23.466721787027293,23.01130859975374,23.44094467163086
2018-07-10,23.45813419327231,23.535468834877562,23.286280708874354,23.355022430419922
2018-07-11,23.22612863692561,23.36361206065775,23.19175696152673,23.24331283569336
2018-07-12,23.389389520839543,23.40657535879069,23.14879434525035,23.286277770996094
2018-07-13,23.191761331723832,23.26050305654342,22.942573193852326,23.183168411254883
2018-07-16,23.25190493243625,23.612799316706067,23.234720734276074,23.595613479614258
2018-07-17,23.62139320373535,23.715913672684028,23.492502698125506,23.62139320373535
2018-07-18,23.715915687125932,24.042438438334656,23.681544008613518,23.999475479125977
2018-07-19,23.879175220894172,23.88776650063295,23.604206740235256,23.638578414916992
2018-07-20,23.595617695687384,23.750286979286756,23.509691772738332,23.68154525756836
2018-07-23,23.68154369884733,24.042438123847795,23.67295077933163,24.008068084716797
2018-07-24,24.10258604812457,24.22288527805334,24.016660133944857,24.07680892944336
2018-07-25,24.059626652806237,24.171331341135616,23.930736123524035,24.128368377685547
2018-07-26,24.188513672302253,24.283034144895755,24.093994838640512,24.11977195739746
2018-07-27,24.111178795871602,24.29162682001569,24.033844162514388,24.171327590942383
2018-07-30,24.188514709472656,24.368962743167454,24.1541446700124,24.188514709472656
2018-07-31,24.257253951419038,24.265846870139992,23.96510127063326,24.016658782958984
2018-08-01,24.171326403141162,24.291625626302856,23.956508351912305,24.016658782958984
2018-08-02,23.86198894624987,24.068214073765958,23.784654318564883,24.025249481201172
2018-08-03,23.99088367734293,24.162738800048828,23.99088367734293,24.162738800048828
2018-08-06,24.197103608273782,24.351772857473353,24.145547738184444,24.291624069213867
2018-08-07,24.360366895349216,24.540813268421758,24.343181058218985,24.403329849243164
2018-08-08,24.36896306411674,24.506446501632144,24.351777224694352,24.463481903076172
2018-08-09,24.403331345322396,24.46348014003408,24.31740379333496,24.31740379333496
2018-08-10,23.99947586136128,24.119773460207004,23.913548302643534,24.033845901489258
2018-08-13,24.033847847246278,24.093998290470726,23.793252630076474,23.80184555053711
2018-08-14,23.887766062857114,24.068214073765958,23.819024353685084,24.025249481201172
2018-08-15,23.827621145641928,23.956511666425612,23.724509384587737,23.836214065551758
2018-08-16,23.947921027885446,24.22288791664886,23.947921027885446,24.154146194458008
2018-08-17,24.085402327266763,24.240069959222826,24.085402327266763,24.205699920654297
2018-08-20,24.205698739302047,24.32599632681849,24.17132706347923,24.28303337097168
2018-08-21,24.30022691302606,24.497859194869466,24.248669382946034,24.377561569213867
2018-08-22,24.274438232873568,24.38614289122239,24.257252396533268,24.291624069213867
2018-08-23,24.283035501465328,24.308814260594165,24.14555206397524,24.179922103881836
2018-08-24,24.274442986991733,24.31740594732516,24.222887106805242,24.265850067138672
2018-08-27,24.360368989875962,24.67829880946299,24.35177607057202,24.59237289428711
2018-08-28,24.6611155545473,24.678299754881735,24.52363211828081,24.56659507751465
2018-08-29,24.566593483650827,24.62674227824853,24.437702975379796,24.558000564575195
2018-08-30,24.44629788060921,24.54081672025695,24.3259986427083,24.36896324157715
2018-08-31,24.283036622991247,24.360371265017648,24.20570198096485,24.343185424804688
2018-09-04,24.291628425647847,24.489260662209755,24.23147962660134,24.463481903076172
2018-09-05,24.446298979897694,24.609559546145142,24.429113139577353,24.480669021606445
2018-09-06,24.44629788060921,24.515039599867507,24.291628602545085,24.36896324157715
2018-09-07,24.420520066831084,24.437705907044048,24.240072022458843,24.343185424804688
2018-09-10,24.403331345322396,24.437703021690066,24.291626674990948,24.31740379333496
2018-09-11,24.248664942565323,24.411927146724604,24.162739019364373,24.343185424804688
2018-09-12,24.343182940570976,24.39473881701663,24.10258611893832,24.11977195739746
2018-09-13,24.179920367187503,24.300219595549866,24.033844020479567,24.08540153503418
2018-09-14,24.11977781305809,24.283040040192247,24.11118489174238,24.257261276245117
2018-09-17,24.25725795827832,24.325999680469174,24.12836743403696,24.154146194458008
2018-09-18,24.214290068223683,24.300217613206577,24.11117668645789,24.274438858032227
2018-09-19,24.25725917549859,24.764230016695226,24.25725917549859,24.6868953704834
2018-09-20,24.867342375698158,24.979047060552332,24.807193573166533,24.90171241760254
2018-09-21,24.98629274483582,25.029446304120437,24.770521656007194,24.805044174194336
2018-09-24,24.779153726201994,24.81367789431933,24.511598008104418,24.528860092163086
2018-09-25,24.62379761381387,24.641058050061254,24.425286958042495,24.433917999267578
2018-09-26,24.46844350446809,24.502966025056672,24.080054859078565,24.140470504760742
2018-09-27,24.166359394430856,24.252668150080055,24.028266043873174,24.05415916442871
2018-09-28,23.959222793221766,23.967853834640632,23.769344820615267,23.80386734008789
2018-10-01,23.94195726562006,24.07141957587034,23.821125995546815,23.8988037109375
2018-10-02,23.864279550229377,23.94195726562006,23.70892411944801,23.8988037109375
2018-10-03,24.054162315310442,24.2267782030174,23.9851156309871,24.12320899963379
2018-10-04,24.11457741452544,24.468441869478156,24.097315332283166,24.287193298339844
2018-10-05,24.347609692992204,24.433918460670093,24.105947118937497,24.166362762451172
2018-10-08,24.097315792394,24.40802669387648,24.080053709822128,24.33034896850586
2018-10-09,24.21814860664616,24.33898154607346,24.06279314609885,24.235410690307617
2018-10-10,24.226776822010525,24.287192461574207,23.48452377319336,23.48452377319336
2018-10-11,23.346435514732907,23.493159948397903,22.71638421272566,22.785430908203125
2018-10-12,23.199702436514894,23.23422659449095,22.466082187750768,22.811315536499023
2018-10-15,22.819950298609143,22.983935137138857,22.707748413085938,22.707748413085938
2018-10-16,22.86310322196457,23.10476742190076,22.707747782448635,23.087505340576172
2018-10-17,23.035721705538908,23.467263879473006,22.923519818442504,23.320539474487305
2018-10-18,23.191074239303493,23.36369009947906,22.863101306425595,22.932147979736328
2018-10-19,22.914886576593638,23.19970431818714,22.802686346476086,23.018457412719727
2018-10-22,23.04435551681597,23.096140122976525,22.526504516601562,22.526504516601562
2018-10-23,22.069062498324726,22.47471312162472,21.939600198927845,22.34524917602539
2018-10-24,22.31073032159528,22.31073032159528,21.697939589570954,21.78424835205078
2018-10-25,21.887819989644836,22.302100089121343,21.861926866101513,22.120851516723633
2018-10-26,21.85329827857316,22.025915829170977,21.594373598879397,21.801513671875
2018-10-29,22.06906795636106,22.379778868719352,21.758357044002768,21.991390228271484
2018-10-30,22.112222500702174,22.38840923841977,21.956867049185323,22.37114715576172
2018-10-31,22.586918254311136,22.96667584184035,22.552394088989022,22.68185806274414
2018-11-01,22.742277340855864,22.880370731810793,22.630075431828065,22.785430908203125
2018-11-02,23.00983366650814,23.13929601805261,22.59555348308458,22.768169403076172
2018-11-05,22.863101540007644,23.199703870061075,22.863101540007644,23.130657196044922
2018-11-06,23.113401982108897,23.251495361328125,23.00120008261644,23.251495361328125
2018-11-07,23.3809503931616,23.57945935798949,23.147917271214563,23.55356788635254
2018-11-08,23.415479824722297,23.752083871310568,23.33780374065121,23.622621536254883
2018-11-09,23.56220847174034,23.631255172574182,23.28602166840498,23.4068546295166
2018-11-12,23.35506459235305,23.458635449956354,22.897630890629372,22.940784454345703
2018-11-13,22.975305678198193,23.294645959665445,22.95804359644247,23.07024383544922
2018-11-14,23.25149459621968,23.286017116787033,22.509241472688537,22.759536743164062
2018-11-15,22.604182038386828,23.113401991797286,22.466088659109715,23.096139907836914
2018-11-16,22.975307749779656,23.225601372994607,22.84584377114127,23.122032165527344
2018-11-19,23.10477037119983,23.21697062172653,22.906261349235645,23.113401412963867
2018-11-20,22.845843872301792,22.940783684736232,22.535134602321314,22.60418128967285
2018-11-21,22.733637028683646,22.949408069847156,22.552388498081047,22.621435165405273
2018-11-23,22.50060499261487,22.630067294306524,22.37977373052966,22.440189361572266
2018-11-26,22.67322665185201,22.983935903672595,22.66459561066216,22.897628784179688
2018-11-27,22.85447274204232,22.983935062747754,22.802688143000687,22.914888381958008
2018-11-28,22.98393969802081,23.355066299438477,22.78543065649142,23.355066299438477
2018-11-29,23.182448301297224,23.311910636471268,23.06161536175893,23.15655517578125
2018-11-30,23.087509627796855,23.372327437730902,23.05298545873673,23.277387619018555
2018-12-03,23.613988113978962,23.70892627214119,23.260123665603924,23.424108505249023
2018-12-04,23.303284680757145,23.311915724479594,22.293475612076204,22.405675888061523
2018-12-06,21.905075870246026,22.103586483722065,21.516688975084953,22.094955444335938
2018-12-07,22.04317704285953,22.353886316979754,21.568479620565544,21.67205047607422
2018-12-10,21.585743352100227,21.646159003174713,20.972952506481104,21.369972229003906
2018-12-11,21.63752417470593,21.766986496670597,21.08515072301522,21.16282844543457
2018-12-12,21.456276502034807,21.594369860122985,21.18008978585845,21.283658981323242
2018-12-13,21.275033688260546,21.387235600895966,21.05063150919283,21.12830924987793
2018-12-14,20.92116355895996,21.214612357207805,20.878010001771678,20.92116355895996
2018-12-17,20.800338096841642,21.11967846019661,20.619089484334836,20.71402931213379
2018-12-18,20.8348558237767,21.059257953845723,20.506884492877525,20.6363468170166
2018-12-19,20.59319727855662,21.05063102290948,20.213439626891358,20.377426147460938
2018-12-20,20.17891063278281,20.498252554807948,20.08397247720995,20.1961727142334
2018-12-21,20.1744611970348,20.556586632934202,19.74891313143946,19.79233741760254
2018-12-24,19.53179329802846,19.757594577692398,19.34941629703078,19.375469207763672
2018-12-26,19.427582901057253,20.261309369489997,19.149672421779094,20.25262451171875
2018-12-27,19.91392026000449,20.495792388916016,19.722856731531845,20.495792388916016
2018-12-28,20.59132511538991,20.756334095564874,20.400263219085936,20.487110137939453
2018-12-31,20.600010303264543,20.773704143756937,20.426318119239376,20.686857223510742
2019-01-02,20.38289458335243,20.90397446759895,20.322102233876006,20.860551834106445
2019-01-03,20.70422886099006,20.756336355388438,20.33947308726666,20.39158058166504
2019-01-04,20.73896510610648,21.11240571071534,20.68685761555814,21.06898307800293
2019-01-07,21.025558598269363,21.286099361584327,20.8952890448455,21.09503746032715
2019-01-08,21.286097698266264,21.320835470113465,20.869234497297143,21.112403869628906
2019-01-09,21.16451010538056,21.294779630733892,21.016870868255616,21.216617584228516
2019-01-10,21.095034117123983,21.294780844481934,21.02555526607741,21.225303649902344
2019-01-11,21.121086409869626,21.320833131364765,20.999501737040745,21.27741050720215
2019-01-14,21.068981775891277,21.494529844748627,21.04292720399371,21.425052642822266
2019-01-15,21.33820863186938,21.650856911344132,21.277416278964264,21.616117477416992
2019-01-16,21.8679691630967,22.20667029586458,21.807176821981137,22.076400756835938
2019-01-17,21.989554998117065,22.2761486615914,21.85928545225912,22.197986602783203
2019-01-18,22.354309245651447,22.606165119966345,22.171932224775446,22.580110549926758
2019-01-22,22.389053475303953,22.501953323427532,22.206674758836762,22.319576263427734
2019-01-23,22.40641917799049,22.432473750877502,22.09377258568247,22.345626831054688
2019-01-24,22.26746249369704,22.45852602907888,22.19798529623102,22.397733688354492
2019-01-25,22.55405597988717,22.727749800550345,22.49326363959517,22.580110549926758
2019-01-28,22.362996112084694,22.536689948357665,22.328256682243225,22.510635375976562
2019-01-29,22.50195516862326,22.588802104706968,22.423793091794682,22.432477951049805
2019-01-30,22.50195179143065,22.701698554917023,22.345627661235305,22.562744140625
2019-01-31,22.371683369204153,22.562745284424587,22.33694393563642,22.52800750732422
2019-02-01,22.56274851730915,22.727757537464328,22.536695594867744,22.6235408782959
2019-02-04,22.632221603192214,22.727753385271356,22.51063690343134,22.71906852722168
2019-02-05,22.762494417516336,22.779864136100688,22.5714324824911,22.658279418945312
2019-02-06,22.588794781495942,22.753803740912883,22.55405535573785,22.632217407226562
2019-02-07,22.562745803090554,22.6235381567642,22.224044600356017,22.406421661376953
2019-02-08,22.28483130266849,22.38904792287103,22.006922524084366,22.293516159057617
2019-02-11,22.362991333007812,22.40641395456284,22.250091523084635,22.362991333007812
2019-02-12,22.528003023001173,22.779857240364805,22.519318166338007,22.693010330200195
2019-02-13,22.797227788962218,22.953551901692695,22.745120303541093,22.75380516052246
2019-02-14,22.58011347250739,22.649590678471796,22.345627281202287,22.47589683532715
2019-02-15,22.658273730165103,22.95355224609375,22.475895043754058,22.95355224609375
2019-02-19,22.8406534189411,23.057769902605813,22.771176210427083,22.988292694091797
2019-02-20,22.979604993727662,23.14461396471449,22.92749750790391,23.135929107666016
2019-02-21,23.092509142400473,23.170671208384928,22.936185010431558,23.014347076416016
2019-02-22,23.01434414885105,23.08382134794739,22.89275946454923,22.979604721069336
2019-02-25,23.08382485765554,23.29225648663489,23.049087081059316,23.07513999938965
2019-02-26,22.910129233672038,23.179354849693876,22.89276117495064,23.005661010742188
2019-02-27,22.962238762883377,23.135930948269845,22.93618418966515,23.09250831604004
2019-02-28,23.101188770574467,23.144611394527697,23.02302672228511,23.03171157836914
2019-03-01,23.231461200534802,23.39647017380734,23.10987651310616,23.179353713989258
2019-03-04,23.24014315498512,23.396467251563834,22.8406480574543,23.03171157836914
2019-03-05,23.075133799121662,23.08381865505394,22.771170467359532,22.94486427307129
2019-03-06,22.944867115702976,23.023029172310046,22.77985814548059,22.79722785949707
2019-03-07,22.710383412868683,22.710383412868683,22.432474584284638,22.562744140625
2019-03-08,22.310884917626346,22.571423972289278,22.302200061608662,22.554054260253906
2019-03-11,22.666962806607533,22.858024729228266,22.56274615833513,22.78854751586914
2019-03-12,22.823284406767048,22.91881452919536,22.78854497572603,22.840652465820312
2019-03-13,22.927497744430912,23.083821859981953,22.85802054379346,22.99697494506836
2019-03-14,22.962237561311266,23.170669166748525,22.95355270402632,23.08382225036621
2019-03-15,23.088183655985752,23.315135974498254,23.070725273046932,23.245304107666016
2019-03-18,23.28895222084221,23.550821329473248,23.28895222084221,23.480989456176758
2019-03-19,23.611928277327323,23.655574246601745,23.236582931108245,23.297685623168945
2019-03-20,23.245311237148385,23.254040431295095,22.7914047959844,22.817590713500977
2019-03-21,22.66046478859994,22.843774505416672,22.503344314801225,22.74775505065918
2019-03-22,22.47715118289486,22.59935652062849,22.023243264280158,22.1192626953125
2019-03-25,22.093082462438524,22.285121388293568,21.892316008065897,22.023250579833984
2019-03-26,22.197825946531527,22.337489679197812,22.066891405272262,22.28511619567871
2019-03-27,22.23274456451966,22.34622240584042,22.08435161697017,22.18910026550293
2019-03-28,22.23274868752905,22.389870857004468,22.1280016844945,22.381141662597656
2019-03-29,22.573175985709554,22.59063270602367,22.354951165012203,22.44223976135254
2019-04-01,22.625546888384953,23.009622995056727,22.616817696764794,22.992164611816406
2019-04-02,22.931064259527687,23.0969139223509,22.89614748950813,22.974708557128906
2019-04-03,23.131834494443872,23.236583156796375,22.94852641648137,23.044544219970703
2019-04-04,23.044542247676752,23.280225469106032,23.044542247676752,23.184206008911133
2019-04-05,23.227849217791203,23.30641028227598,23.14928815330643,23.219120025634766
2019-04-08,23.15801552281799,23.254033299135425,23.105640374001535,23.245304107666016
2019-04-09,23.140562517370352,23.140562517370352,22.94852525518611,23.053272247314453
2019-04-10,23.053272212504393,23.15802086939799,22.939796027049464,23.123104095458984
2019-04-11,23.21039239286525,23.35005614690521,23.140560515845266,23.262765884399414
2019-04-12,23.603202108922932,23.856342085612013,23.48099505283383,23.69049072265625
2019-04-15,23.69921925588936,23.707948450003897,23.489723591911133,23.542097091674805
2019-04-16,23.5944727202472,23.89998619564486,23.577014331674885,23.87380027770996
2019-04-17,23.96108977316539,23.96981730224297,23.742864917908598,23.93490219116211
2019-04-18,23.891252196738783,23.961084067194612,23.830147853282206,23.86506462097168
2019-04-22,23.795238494873047,23.86507038218684,23.71667741352959,23.795238494873047
2019-04-23,23.78650616915672,23.96981422487511,23.69048671239568,23.943628311157227
2019-04-24,23.865068825938174,24.0221909783791,23.812695330099004,23.917442321777344
2019-04-25,23.803967923654195,24.057107893316804,23.74286522976748,23.961090087890625
2019-04-26,23.961088813154443,24.196770382047227,23.926172038549023,24.17931365966797
2019-04-29,24.26659917759812,24.554655871734184,24.205496494739446,24.423721313476562
2019-04-30,24.458641052246094,24.49355616172169,24.249145400622222,24.458641052246094
2019-05-01,24.484823973954317,24.56338504182173,24.240413242743028,24.257871627807617
2019-05-02,24.240413319311408,24.39753545554253,24.109478760759885,24.2840576171875
2019-05-03,24.38880881834076,24.54593097103449,24.34516285096838,24.50228500366211
2019-05-06,24.07456804240981,24.423727507960347,24.030923733562364,24.336437225341797
2019-05-07,24.10948274133695,24.345164319672417,23.769050834988363,23.93490219116211
2019-05-08,23.83887852802974,24.083290922289624,23.777775845695572,23.882524490356445
2019-05-09,23.594472831799067,23.882529584909882,23.480994970466078,23.830154418945312
2019-05-10,23.699219330280798,24.030922047980187,23.489723665644966,23.987276077270508
2019-05-13,23.507176682694137,23.55955017065521,23.210390809376104,23.288951873779297
2019-05-14,23.341324971310247,23.673027607669386,23.315137395306166,23.472259521484375
2019-05-15,23.23658057535916,23.498449704763157,23.14929031058339,23.384973526000977
2019-05-16,23.463532916313685,23.751589624423985,23.446076195309516,23.620655059814453
2019-05-17,23.3849758940003,23.690489354267292,23.350059118584934,23.46353530883789
2019-05-20,23.376247013790916,23.59447186829445,23.376247013790916,23.489723205566406
2019-05-21,23.585745503311223,23.73413848876953,23.585745503311223,23.73413848876953
2019-05-22,23.611925791382944,23.664300948998015,23.524637191871125,23.59446907043457
2019-05-23,23.367514532391024,23.376243725133932,23.061999446082375,23.262765884399414
2019-05-24,23.350057884408145,23.454806540194216,23.280226002191895,23.446077346801758
2019-05-28,23.376244181377537,23.446076059760454,23.17547607421875,23.17547607421875
2019-05-29,22.992170259766972,23.175478334050187,22.88742159951694,23.131834030151367
2019-05-30,23.184206819936595,23.315141392558733,22.939796061688178,23.053272247314453
2019-05-31,22.75648650305868,22.86996435448094,22.68665461946169,22.704113006591797
2019-06-03,22.669198789226826,22.94852802004422,22.625554481402283,22.852508544921875
2019-06-04,23.13182935804701,23.498447097488455,23.07072667896063,23.472259521484375
2019-06-05,23.515908074096156,23.638113445741944,23.315139965776666,23.620655059814453
2019-06-06,23.629383799750922,23.803964325832087,23.498449237651695,23.707944869995117
2019-06-07,23.707947871302455,23.786508951492088,23.63811598501428,23.673032760620117
2019-06-10,23.812697582630427,24.0483791686624,23.812697582630427,23.87380027770996
2019-06-11,24.004729855024777,24.10074930722031,23.81269261555694,23.882524490356445
2019-06-12,23.856336671472214,23.8999809684339,23.594467559855666,23.646841049194336
2019-06-13,23.690487966010632,23.803965814537303,23.629385277537835,23.725404739379883
2019-06-14,23.75159104503074,23.85633970193748,23.568282976598216,23.77777862548828
2019-06-17,23.769052638208493,23.838884530591468,23.53336937706959,23.55955696105957
2019-06-18,23.507182442309194,23.96981808501055,23.507182442309194,23.87380027770996
2019-06-19,23.917444697296016,24.083296059669998,23.803968500886608,23.830154418945312
2019-06-20,23.96108977316539,24.030921660250623,23.673033030823362,23.93490219116211
2019-06-21,23.951567760555285,24.109490457508535,23.84628707819063,23.881380081176758
2019-06-24,23.837514305564348,24.004210677884753,23.758552954118173,23.784873962402344
2019-06-25,23.7848748982542,23.819967903940874,23.591857510055064,23.705913543701172
2019-06-26,23.75855513164264,23.872609497848043,23.653272762262933,23.662046432495117
2019-06-27,23.749785847737762,23.94280328168103,23.749785847737762,23.87261390686035
2019-06-28,24.153359166894894,24.302508196997135,23.898927779435535,24.214773178100586
2019-07-01,24.49552930734851,24.609583685707655,24.37270125782225,24.504302978515625
2019-07-02,24.469203780430426,24.548165132963128,24.311281075365017,24.44288444519043
2019-07-03,24.521849935566646,24.644677983163053,24.451662240739182,24.63590431213379
2019-07-05,24.71486268974384,24.80259771602189,24.592034656998436,24.70608901977539
2019-07-08,24.574489726388162,24.679770429518577,24.51307570399432,24.583263397216797
2019-07-09,24.416563642993456,24.67099504184043,24.399016303747516,24.627126693725586
2019-07-10,24.635901166907622,24.767502868731913,24.50429946508333,24.539392471313477
2019-07-11,24.574488816757786,24.714864198006712,24.530620464238407,24.67976951599121
2019-07-12,24.71486245563721,24.846464157104492,24.65344843984624,24.846464157104492
2019-07-15,24.855238062426142,24.87278540236304,24.635901333434237,24.70608901977539
2019-07-16,24.74995690645269,24.793825258440044,24.592035859517793,24.644676208496094
2019-07-17,24.556940584612036,24.635901942874977,24.39901786808616,24.434112548828125
2019-07-18,24.399014280499053,24.66221932714315,24.37269494721901,24.618350982666016
2019-07-19,24.679767674444943,24.72363602369097,24.495525627830887,24.513072967529297
2019-07-22,24.460429616048454,24.6095786485478,24.41656294259831,24.565711975097656
2019-07-23,24.627129156474357,24.855239569263798,24.618355485974007,24.820146560668945
2019-07-24,24.767507429156378,25.0745792388916,24.749960086107112,25.0745792388916
2019-07-25,25.065801456839598,25.10089613718297,24.846464724912884,24.899105072021484
2019-07-26,24.95175050310753,25.18863293417813,24.899108475397004,25.17108726501465
2019-07-29,25.12721836723971,25.197406062601573,24.951749965538383,24.978069305419922
2019-07-30,24.785052738627527,24.934201795495355,24.732412387205528,24.907880783081055
2019-07-31,24.90787554977449,25.030705241827306,24.741180859727372,24.78504753112793
2019-08-01,24.76749913967934,24.934195496042012,24.188450400110252,24.22354507446289
2019-08-02,24.17967850117945,24.337601200511973,23.890154110205252,24.214773178100586
2019-08-05,23.67958694471969,23.793642951442422,23.232139932343,23.407609939575195
2019-08-06,23.55676357749188,23.80241962785212,23.328653192581417,23.784873962402344
2019-08-07,23.337426778761657,23.57431083225518,23.021581374103622,23.46902847290039
2019-08-08,23.697142363561603,23.925252781412812,23.583086317932707,23.916479110717773
2019-08-09,23.784870726621453,23.96033907109222,23.60062704051012,23.83751106262207
2019-08-12,23.55676621926345,23.64450124997672,23.311108467947605,23.381296157836914
2019-08-13,23.337432893504822,23.837520466305953,23.24969784995571,23.67082405090332
2019-08-14,23.144406845463635,23.26723653006089,22.77592113848417,22.793468475341797
2019-08-15,22.907529830932617,23.05667888217471,22.74083343874286,22.907529830932617
2019-08-16,23.021581332208545,23.372519740408638,23.021581332208545,23.311105728149414
2019-08-19,23.67081691147974,23.714685256726423,23.504122219761143,23.547988891601562
2019-08-20,23.416390949501015,23.460257628360484,23.20582787884381,23.232147216796875
2019-08-21,23.381291902603536,23.416386577864465,23.27601122363319,23.337425231933594
2019-08-22,23.460253301344643,23.556761985123224,23.311104277962393,23.49534797668457
2019-08-23,23.328655837498903,23.504125899141517,22.740833306424634,22.89875602722168
2019-08-26,23.047905798429692,23.13564083199495,22.90753041408791,23.118093490600586
2019-08-27,23.205826847346973,23.276014534446208,22.837341071724385,22.97771644592285
2019-08-28,22.85488356836055,23.223369292872373,22.837337904074253,23.188276290893555
2019-08-29,23.398843522665263,23.618180262970185,23.35497684396689,23.53921890258789
2019-08-30,23.670815845110106,23.74100352093658,23.53044049345716,23.618175506591797
2019-09-03,23.425162464653063,23.451481800184542,23.170731065139563,23.372520446777344
2019-09-04,23.547987561254093,23.644496241938253,23.495347223338264,23.600627899169922
2019-09-05,23.93402281216291,24.284961219559897,23.925249142802198,24.083171844482422
2019-09-06,24.109498685128003,24.17968638845882,23.986670622650784,24.074405670166016
2019-09-09,24.2410933923811,24.539391463414344,24.18845304849475,24.44288444519043
2019-09-10,24.521850484480826,24.63590486360104,24.302513724059377,24.530622482299805
2019-09-11,24.548169803332154,24.697318867224872,24.328833043102083,24.67099952697754
2019-09-12,24.600803878633844,24.89910023659077,24.521842536602087,24.802593231201172
2019-09-13,24.9956111907959,25.09211987837705,24.881556838259687,24.9956111907959
2019-09-16,24.785052738627527,24.94297546630012,24.74995805540846,24.907880783081055
2019-09-17,24.82014592011727,24.934200286865234,24.732410890784568,24.934200286865234
2019-09-18,24.83768510636678,25.083342789717644,24.767497435895972,25.021928787231445
2019-09-19,25.004389488526886,25.153538545394714,24.89910711227629,24.907880783081055
2019-09-20,24.94668243368718,25.043681465964532,24.743862605606708,24.761499404907227
2019-09-23,24.63803944527028,24.876129452719734,24.59394745727048,24.805583953857422
2019-09-24,24.876134732585097,24.929045129414888,24.49695364693127,24.5674991607666
2019-09-25,24.620411443467916,24.814411214143668,24.523410717161056,24.770320892333984
2019-09-26,24.735037875315225,24.76149306749511,24.620402073077035,24.65567398071289
2019-09-27,24.85850084915073,24.946683166305256,24.620409097414843,24.752681732177734
2019-09-30,24.814404607425136,24.840859802630153,24.673313596873413,24.690950393676758
2019-10-01,24.80558478884258,24.823221584636173,24.17067527770996,24.17067527770996
2019-10-02,24.02077191135272,24.0295903114647,23.62395399794078,23.676862716674805
2019-10-03,23.641582607959798,23.773855209350586,23.324128701009375,23.773855209350586
2019-10-04,23.800310939806696,24.23240234447303,23.782674144039724,24.214765548706055
2019-10-07,24.117767603268582,24.311767319479085,24.064858895563443,24.091312408447266
2019-10-08,23.853221410902886,23.862039809439153,23.597494581101294,23.615131378173828
2019-10-09,23.765042942456386,23.950224282682253,23.747406143786012,23.835588455200195
2019-10-10,23.897313412202,24.25885934263164,23.897313412202,24.082494735717773
2019-10-11,24.461676677024926,24.68213158761304,24.373494376402178,24.382312774658203
2019-10-14,24.30294788220425,24.470494078367988,24.27649437045137,24.417585372924805
2019-10-15,24.558684320159173,24.920230341200057,24.461683593852314,24.770320892333984
2019-10-16,24.770314754497754,24.832041862511137,24.646860538470992,24.708587646484375
2019-10-17,24.840862635058446,24.911408148378115,24.664498010790417,24.726226806640625
2019-10-18,24.655678121916612,24.8849514468394,24.655678121916612,24.787952423095703
2019-10-21,24.99958811819325,25.167134327355978,24.990769719612313,25.131860733032227
2019-10-22,25.087772641931334,25.228863667835544,24.981953531534327,25.061317443847656
2019-10-23,25.008409317637287,25.167137145996094,24.999590918068716,25.167137145996094
2019-10-24,25.193587841161243,25.237679834065936,25.034860030579452,25.131860733032227
2019-10-25,25.10540636370411,25.33467968854303,24.893769836607632,25.25531578063965
2019-10-28,25.352320621783708,25.50223006317264,25.343502221474022,25.38759422302246
2019-10-29,25.334676627892588,25.57276832283917,25.308223116412346,25.44931411743164
2019-10-30,25.449311751247347,25.502220451225973,25.25531038143031,25.43167495727539
2019-10-31,25.343495634498655,25.35231403251637,25.105403933832648,25.308223724365234
2019-11-01,25.502231841962537,25.705050017418355,25.449323118351888,25.67859649658203
2019-11-04,25.899045944213867,25.943136257486074,25.828500433815755,25.899045944213867
2019-11-05,25.97841117351095,26.119503892548018,25.934320855144126,25.996047973632812
2019-11-06,25.97840935992629,26.128318786621094,25.943137444082772,26.128318786621094
2019-11-07,26.287043529768802,26.481044930937312,26.22531642282883,26.322317123413086
2019-11-08,26.29586265337506,26.32231784933786,26.13713484147339,26.313499450683594
2019-11-11,26.154770047561545,26.2958610535709,26.11949813702794,26.242952346801758
2019-11-12,26.251779053674447,26.357596500704222,26.18123352834193,26.27823257446289
2019-11-13,26.075411748461516,26.198865984758154,25.969594312189493,26.110685348510742
2019-11-14,26.040129567850222,26.163583755493164,25.98721918862854,26.163583755493164
2019-11-15,26.25176765353364,26.278221162834335,26.15476696759838,26.234130859375
2019-11-18,26.234135814614156,26.29586292389147,26.15477190784687,26.287044525146484
2019-11-19,26.348771092846885,26.428134997982912,26.26940886964841,26.339954376220703
2019-11-20,26.234139943576352,26.287048662435925,26.031321786333116,26.216503143310547
2019-11-21,26.269408306510872,26.313498616446815,26.10186210126678,26.190044403076172
2019-11-22,26.225318733058618,26.41050175212912,26.225318733058618,26.38404655456543
2019-11-25,26.419321367475447,26.586867606549323,26.41050464925806,26.55159568786621
2019-11-26,26.551588326065218,26.551588326065218,26.392860531156096,26.52513313293457
2019-11-27,26.59568114825439,26.639771459038407,26.507498844748813,26.63095474243164
2019-11-29,26.578047979036164,26.66623029457852,26.533957662233878,26.58686637878418
2019-12-02,26.63095160705748,26.683860310156643,26.392859920205222,26.419313430786133
2019-12-03,26.11068303002569,26.11950142925497,25.881409695877416,26.0489559173584
2019-12-04,26.075403498434508,26.366403879019366,26.057766703990023,26.29585838317871
2019-12-05,26.40167831771131,26.463405418316558,26.30467762708172,26.419313430786133
2019-12-06,26.71031993200532,26.860227668655693,26.701501533036893,26.77204704284668
2019-12-09,26.719138143915682,26.82495725551953,26.701503026929807,26.7103214263916
2019-12-10,26.63977518306539,26.772049497783417,26.56922966678674,26.719139099121094
2019-12-11,26.710316239768098,26.754406546577886,26.63095234196057,26.657405853271484
2019-12-12,26.69268084119914,27.257044871199227,26.67504404477727,27.17768096923828
2019-12-13,27.151229946674217,27.309956083215944,26.921956617974878,27.0806827545166
2019-12-16,27.30113518031643,27.35404556958205,27.15122745654295,27.17768096923828
2019-12-17,27.19532217162552,27.371686800542452,27.186503771985898,27.283504486083984
2019-12-18,27.371683096901197,27.371683096901197,27.16886329650879,27.16886329650879
2019-12-19,27.177676695381777,27.23940379121389,27.133586393198048,27.1600399017334
2019-12-20,27.298313595666528,27.369218240440983,27.15650430611762,27.191957473754883
2019-12-23,27.26286314743238,27.271726439676197,27.094463975800117,27.12991714477539
2019-12-24,27.18309418184557,27.2008207656642,27.121052828980428,27.191957473754883
2019-12-26,27.218542191233755,27.342626571655273,27.218542191233755,27.342626571655273
2019-12-27,27.386944111751106,27.39580740342983,27.25399811757028,27.271724700927734
2019-12-30,27.395808116168933,27.440122885215438,27.165367598026933,27.191957473754883
2019-12-31,27.174228439853493,27.289449533785966,27.13877696591268,27.28058624267578
2020-01-02,27.37807912103919,27.546478271484375,27.29831119138094,27.546478271484375
2020-01-03,27.191948840173144,27.369209550578066,27.112180928816088,27.253990173339844
2020-01-06,27.005830397721763,27.25399748748865,26.996967106247947,27.236270904541016
2020-01-07,27.17423087310016,27.21854564211921,27.059011459350586,27.059011459350586
2020-01-08,27.085598330486118,27.386943478595914,27.085598330486118,27.236270904541016
2020-01-09,27.431260590387833,27.457848774943596,27.324902780664665,27.40467071533203
2020-01-10,27.422392381707144,27.43125567180317,27.165362040421556,27.200815200805664
2020-01-13,27.262861115971383,27.413533691888812,27.191956473804357,27.386943817138672
2020-01-14,27.386941176431314,27.54647702854934,27.298309959643543,27.333763122558594
2020-01-15,27.20081869978188,27.28944992164349,27.094460895447956,27.18309211730957
2020-01-16,27.31603410272825,27.422391891479492,27.253992763664897,27.422391891479492
2020-01-17,27.502164840698242,27.564206191109257,27.395807032493636,27.502164840698242
2020-01-21,27.36921752839365,27.493301921395783,27.271724700927734,27.271724700927734
2020-01-22,27.360355219550065,27.42239656919644,27.316038762302664,27.351491928100586
2020-01-23,27.209681604294232,27.34262758994715,27.023555871980204,27.28058624267578
2020-01-24,27.28944610247905,27.28944610247905,26.76652382622858,26.934921264648438
2020-01-27,26.403140734395066,26.64244283260263,26.367687569919916,26.518360137939453
2020-01-28,26.660168361280512,26.943786903873946,26.615853597937736,26.828567504882812
2020-01-29,26.91719984331408,27.01469266482926,26.739937401559324,26.784252166748047
2020-01-30,26.544942026165014,27.138768828492058,26.527215449259867,27.121042251586914
2020-01-31,26.890614195837678,26.926065675459974,26.456323004838346,26.553815841674805
2020-02-03,26.73993682861328,27.005828795048323,26.72221024671764,26.73993682861328
2020-02-04,27.10332320882183,27.253995773400465,26.988103807908708,26.996965408325195
2020-02-05,27.360350282188694,27.56420087724055,27.298307253238416,27.53761100769043
2020-02-06,27.68828889193129,27.714878766607445,27.448985091345932,27.502164840698242
2020-02-07,27.351492655720467,27.484438649999397,27.289451304423633,27.40467071533203
2020-02-10,27.31603309883325,27.484432220458984,27.307169809221403,27.484432220458984
2020-02-11,27.555340288366,27.706012849586234,27.555340288366,27.58193016052246
2020-02-12,27.7237414473038,27.812370979938105,27.564205583762096,27.59965705871582
2020-02-13,27.511025466969873,27.65283473717076,27.431257541169394,27.590791702270508
2020-02-14,27.564202249768723,27.643970171891347,27.493297617937476,27.626243591308594
2020-02-18,27.546479684639483,27.61738432680651,27.22740794963786,27.386943817138672
2020-02-19,27.484435594869765,27.66169633737095,27.448982432069617,27.590791702270508
2020-02-20,27.493296248939917,27.72373671354189,27.351486992338653,27.53761100769043
2020-02-21,27.404670695108557,27.466712046359607,27.121052123389457,27.271724700927734
2020-02-24,26.41200421563339,26.6424447296302,26.26133163688548,26.38541603088379
2020-02-25,26.39427543642613,26.447453488595613,25.36615741181717,25.4902400970459
2020-02-26,25.658640164049768,25.897942252731685,25.304115295410156,25.304115295410156
2020-02-27,24.76347115973638,25.16230915076484,24.205095605596437,24.222822189331055
2020-02-28,23.398550708187283,23.797390322676186,23.017437674453397,23.56694984436035
2020-03-02,23.61126732925841,24.7723331451416,23.36310193206199,24.7723331451416
2020-03-03,24.69256063609192,25.038220484116287,23.6023996629772,23.841703414916992
2020-03-04,24.160777512948048,24.639383374440133,23.753074595640133,24.630521774291992
2020-03-05,23.815118961933827,23.877160309439247,23.17697552359251,23.442869186401367
2020-03-06,22.37929543509871,22.90221772109941,22.184308123055978,22.645187377929688
2020-03-09,20.38510063835557,21.16505157113364,19.95967285684026,20.21670150756836
2020-03-10,21.156190634398115,21.42208258355109,20.243292012106608,21.404356002807617
2020-03-11,20.748493433471044,20.96120738936756,19.95967896904228,20.243297576904297
2020-03-12,18.559309200410063,19.684920240528694,17.992070343834424,18.054113388061523
2020-03-13,19.41016008771628,20.464867908395064,18.52385139247353,20.429414749145508
2020-03-16,17.15007160715708,18.91382550380225,16.777821930596325,17.628677368164062
2020-03-17,18.03637760712397,18.78087685322289,17.318468223564025,18.585887908935547
2020-03-18,17.415965734949623,17.770488879252728,16.201723754399026,17.008264541625977
2020-03-19,16.653743109097586,17.62868143351639,16.051052856584228,17.380516052246094
2020-03-20,17.56663829128839,17.655269500032972,16.54738361697493,16.76009750366211
2020-03-23,16.482126443151607,16.6251382457305,15.632992373608653,15.784942626953125
2020-03-24,16.723449915441797,17.840730162219074,16.60725351990408,17.74241065979004
2020-03-25,18.001616835628703,18.97588524140379,17.331248760361486,18.225072860717773
2020-03-26,18.46641028366914,19.503246356733722,18.43959494037391,19.369173049926758
2020-03-27,18.58260845437852,19.369173106835756,18.368089117055582,18.77924919128418
2020-03-30,18.80606572020133,19.244039460579415,18.412782516762658,19.13677978515625
2020-03-31,18.958011691394837,19.17253101354129,18.44853213717459,18.609420776367188
2020-04-01,17.62621626595409,17.82285872183192,17.31337909493885,17.474266052246094
2020-04-02,17.367002029361522,18.055246975452892,17.304434616959423,17.912235260009766
2020-04-03,17.742414395679493,18.001622580997513,17.30444065130202,17.554710388183594
2020-04-06,18.430661259999255,18.966954576341013,18.29658622607894,18.815004348754883
2020-04-07,19.84290192245512,19.860777114384813,18.99376807932776,19.00270652770996
2020-04-08,19.288728123974526,19.95909634195997,19.074210498799328,19.833961486816406
2020-04-09,20.352379948219873,21.147883038586862,20.316626157498643,20.897611618041992
2020-04-13,20.83504900576998,20.852925905263387,19.959101388612858,20.137866973876953
2020-04-14,20.620524653526388,20.683092076671432,19.851835272408593,20.22724151611328
2020-04-15,19.422803260349447,19.539001383811424,19.25297785657379,19.35129737854004
2020-04-16,19.306602457289838,19.342354537658075,18.823936586061293,19.011640548706055
2020-04-17,19.753519548368587,20.12892586394246,19.592630883860533,20.012727737426758
2020-04-20,19.61944254230614,19.985910340441148,19.440677014264192,19.664133071899414
2020-04-21,19.065275941895035,19.404928491525474,18.958016255002068,19.029523849487305
2020-04-22,19.422798229602666,19.476428905694736,19.19040374770648,19.235095977783203
2020-04-23,19.288726842920084,19.53899824142006,19.127838208515417,19.154653549194336
2020-04-24,19.360232031987042,19.512182214151956,19.065270114235663,19.431737899780273
2020-04-27,19.628382976885735,20.200431751334204,19.59263088745225,20.093172073364258
2020-04-28,20.700968989833473,20.852919176828983,20.262995322572156,20.30768585205078
2020-04-29,20.933365408763223,21.147883038586862,20.71884777893958,20.897611618041992
2020-04-30,20.477514384235196,20.700970457135917,20.271935206326827,20.370256423950195
2020-05-01,19.887592921644025,19.941221908348663,19.583692488926506,19.71776580810547
2020-05-04,19.45855523487435,19.56581319514568,19.163593286876385,19.538999557495117
2020-05-05,19.807146844820554,19.914406513618577,19.47643280029297,19.47643280029297
2020-05-06,19.65519785013891,19.708826835417444,19.03845855251434,19.05633544921875
2020-05-07,19.306603683424953,19.82502166794573,19.306603683424953,19.503244400024414
2020-05-08,19.87864761621642,19.95015347543599,19.673068484064423,19.92333984375
2020-05-11,19.646257517766447,19.708824945397147,19.43173989238925,19.538999557495117
2020-05-12,19.619447865311407,19.690953754961757,19.011646950865995,19.029523849487305
2020-05-13,18.868631295404647,18.89544493299343,18.323397933305575,18.46640968322754
2020-05-14,18.14463671165753,18.958016872224835,17.956934384527354,18.940141677856445
2020-05-15,18.76137535808768,18.975893025591358,18.591548232000857,18.815004348754883
2020-05-18,19.512182173157687,19.932278932456025,19.378108884431352,19.78032875061035
2020-05-19,19.66413437204765,19.76245558945494,19.288728102206086,19.297666549682617
2020-05-20,19.619445673721994,19.842901767022543,19.601568777097626,19.726703643798828
2020-05-21,19.664133071899414,19.851835341992476,19.55687341410736,19.664133071899414
2020-05-22,19.655195906447386,19.68201124885225,19.395987749205183,19.592628479003906
2020-05-26,20.334506236972274,20.82610900252558,20.316629338812376,20.611591339111328
2020-05-27,21.5322264895242,21.54116493667517,21.040623830062156,21.50541114807129
2020-05-28,21.746745503745395,21.75568395147061,21.103192611041294,21.165760040283203
2020-05-29,20.915492397827613,21.112134873645655,20.70991317750411,20.92443084716797
2020-06-01,21.004871390898533,21.264081260425964,20.861859636964287,21.165760040283203
2020-06-02,21.35346555586674,21.487540587177563,21.18364013792009,21.335590362548828
2020-06-03,21.809310986781163,22.22940946820477,21.755682010050176,22.131088256835938
2020-06-04,22.095334379262727,22.613752365112305,21.916570555941675,22.613752365112305
2020-06-05,23.936620745413055,23.981311288519542,23.373510355195645,23.453954696655273
2020-06-08,23.838292409104344,23.95448880949532,23.57014582061167,23.900859832763672
2020-06-09,23.337755139236297,23.596963323276437,23.167928029450525,23.39138412475586
2020-06-10,23.257306384900808,23.382441228923508,22.49755546440359,22.515432357788086
2020-06-11,21.451782134104675,21.773559411663275,20.63840219790663,20.67415428161621
2020-06-12,21.505412480435,21.505412480435,20.7545999215818,21.299833297729492
2020-06-15,20.566897609907052,21.66630110376944,20.522205371436275,21.59479522705078
2020-06-16,22.452868199195436,22.452868199195436,21.40709365188542,21.934450149536133
2020-06-17,21.997018168043745,21.997018168043745,21.567981177172378,21.603734970092773
2020-06-18,21.38921536718649,21.782498529101034,21.326647940143513,21.57691764831543
2020-06-19,21.988078377775405,21.997016825459948,21.192573582196854,21.43390655517578
2020-06-22,21.30077220451871,21.48067634342083,21.165843671414777,21.327756881713867
2020-06-23,21.651591640153804,21.78652020383362,21.408719196104265,21.42671012878418
2020-06-24,21.14785376798743,21.156849232725012,20.608137893698732,20.671104431152344
2020-06-25,20.59914655698396,21.26479563957447,20.563166406532755,21.219820022583008
2020-06-26,20.86000981610165,20.92297636580107,20.25732728714894,20.311298370361328
2020-06-29,20.527183122948077,20.67110714623442,20.356272701904416,20.536178588867188
2020-06-30,20.4282364697584,20.958956994643827,20.410247252083348,20.815032958984375
2020-07-01,20.904983217060582,21.003931622220364,20.572159570866148,20.6351261138916
2020-07-02,21.093887006807357,21.165849023707402,20.61713757252592,20.662113189697266
2020-07-06,21.12086983458482,21.28278478730722,20.940965666000782,21.057903289794922
2020-07-07,20.886990769081013,20.895986233961303,20.57215807681839,20.626129150390625
2020-07-08,20.61713662054873,20.89598920869692,20.545174606971464,20.842018127441406
2020-07-09,20.833019030755764,20.877994638012602,20.230336628683155,20.401247024536133
2020-07-10,20.39225209866205,21.129863057700696,20.39225209866205,21.102876663208008
2020-07-13,21.372738840422674,21.507667402801793,21.066899850651467,21.192832946777344
2020-07-14,21.10288249311936,21.363745898153383,20.913982826613314,21.300779342651367
2020-07-15,21.813505647608057,21.82250111355409,21.489675736389657,21.723552703857422
2020-07-16,21.534653066119823,21.948434205379154,21.453695588315224,21.723552703857422
2020-07-17,21.76853118689801,21.78652040403346,21.534654207039296,21.543649673461914
2020-07-20,21.426703591851787,21.57062757796274,21.363737062391902,21.44469451904297
2020-07-21,21.588622943686296,21.97541937927421,21.56163654735123,21.867475509643555
2020-07-22,21.7595333557225,21.885466440533598,21.68757134787193,21.867475509643555
2020-07-23,21.822504787480877,22.01140445702067,21.750542763507145,21.88547134399414
2020-07-24,21.903455378990138,22.020392987719063,21.759531376380952,21.831493377685547
2020-07-27,21.732547823805735,21.750538755411373,21.462690712559855,21.65159034729004
2020-07-28,21.570629802109373,21.696564589723522,21.498667801633896,21.59761619567871
2020-07-29,21.561635762767526,22.029389654630428,21.525655618006287,22.002403259277344
2020-07-30,21.58862413464579,21.651590680524954,21.327760769478164,21.60661506652832
2020-07-31,21.59762300266145,21.64259862374268,21.32776412904418,21.61561393737793
2020-08-03,21.70556592508459,21.84949169205002,21.55264640616197,21.67858123779297
2020-08-04,21.588623046875,21.624604908827074,21.47168542694999,21.588623046875
2020-08-05,21.732551828586217,21.939442433046942,21.705565426204824,21.88547134399414
2020-08-06,21.813507828285918,21.966427333236318,21.723554875542767,21.876474380493164
2020-08-07,21.768528865824013,22.362215860736523,21.723551538506637,22.34422492980957
2020-08-10,22.47015979788859,22.58709914248331,22.371213101358144,22.506141662597656
2020-08-11,22.92891705685623,23.135807620779538,22.713031027234994,22.76700210571289
2020-08-12,23.171792605040363,23.180788071950065,22.542123647040235,22.704038619995117
2020-08-13,22.533123696803354,22.72202503290239,22.425181546783513,22.560110092163086
2020-08-14,22.452169545260833,22.758008541708023,22.42518486162183,22.650066375732422
2020-08-17,22.5691079988224,22.58709893100849,22.263269014497773,22.27226448059082
2020-08-18,22.29025664198896,22.34422772581378,22.110350741626476,22.128341674804688
2020-08-19,22.209299570502715,22.434181092273715,22.05638006707004,22.119346618652344
2020-08-20,21.86747346738072,22.038383863455138,21.84948425388034,21.912450790405273
2020-08-21,21.876470975088576,22.065372318014823,21.795513501792986,21.867475509643555
2020-08-24,21.9934175248088,22.38920783996582,21.939444714433616,22.38920783996582
2020-08-25,22.578106150254623,22.641072704685175,22.308247282496644,22.452171325683594
2020-08-26,22.398196006880816,22.45216708395206,22.2632674563479,22.34422492980957
2020-08-27,22.326240529381725,22.829974732713005,22.326240529381725,22.72203254699707
2020-08-28,22.88394512998515,22.89294059713197,22.62308172985712,22.811983108520508
2020-08-31,22.793985936566383,22.793985936566383,22.542118072509766,22.542118072509766
2020-09-01,22.42518689678121,22.686048584654458,22.35322487436342,22.605091094970703
2020-09-02,22.59609516036464,23.00987632036328,22.53312689558635,22.928918838500977
2020-09-03,23.063845241762312,23.396670604419946,22.434178094372463,22.578102111816406
2020-09-04,22.982887229497788,23.108822028595547,22.389200242511272,22.749011993408203
2020-09-08,22.524131763027533,22.578102842387974,22.083362515169924,22.16431999206543
2020-09-09,22.371218618884257,22.55112283967104,22.2272928402606,22.38920783996582
2020-09-10,22.46116417928105,22.61408367183732,22.029392099960894,22.074369430541992
2020-09-11,22.110349663941406,22.344226636729264,22.03838765044589,22.22728729248047
2020-09-14,22.425186564232316,22.731025583900035,22.36222001001424,22.53312873840332
2020-09-15,22.578103609517125,22.596094541818438,22.209298075888892,22.22728729248047
2020-09-16,22.272260238489416,22.731018627598623,22.227282916590827,22.479150772094727
2020-09-17,22.17331729512076,22.380207879569486,22.11035074469809,22.24527931213379
2020-09-18,22.245277738082972,22.425183625740512,22.155324794254202,22.200302124023438
2020-09-21,21.734500206266155,21.861125952260497,21.309396530177022,21.644052505493164
2020-09-22,21.589787046794925,21.79781557478647,21.282265864048032,21.463159561157227
2020-09-23,21.50837822871462,21.66213877683327,20.983783721923828,20.983783721923828
2020-09-24,20.992829097302817,21.327485051213717,20.748622563525988,21.029008865356445
2020-09-25,20.87524830895611,21.318440116895285,20.830025324019044,21.246082305908203
2020-09-28,21.54455976882029,21.906348845198963,21.54455976882029,21.752588272094727
2020-09-29,21.689275452021608,21.725455222320498,21.363666145063593,21.481246948242188
2020-09-30,21.571695901120883,21.951574885579927,21.562650958021084,21.770679473876953
2020-10-01,21.861122169060717,22.005837775195026,21.635003818832594,21.806854248046875
2020-10-02,21.517422637370096,22.10532999204853,21.463152992214987,21.978702545166016
2020-10-05,22.186735499755333,22.412853873977742,22.132465847836627,22.340496063232422
2020-10-06,22.53043884781866,22.684199439810925,22.032979022333077,22.114381790161133
2020-10-07,22.322410603019424,22.59375201580108,22.322410603019424,22.48521614074707
2020-10-08,22.611840638301768,22.84700398795769,22.557572703810873,22.792736053466797
2020-10-09,22.919360733957248,22.9464955625032,22.63897440623491,22.819868087768555
2020-10-12,22.801777021219596,23.145477931083,22.801777021219596,23.0731201171875
2020-10-13,23.00075872839066,23.073116531039926,22.55756697152066,22.629924774169922
2020-10-14,22.64801076845033,22.729411772954943,22.385712700655493,22.4128475189209
2020-10-15,22.20482261818549,22.593746479648594,22.16864457708108,22.584701538085938
2020-10-16,22.629931385416025,22.74751220214207,22.49426068145625,22.60279655456543
2020-10-19,22.68419812226036,22.69324306539886,22.222916373075883,22.259096145629883
2020-10-20,22.40380533093545,22.70228146792788,22.39476039040283,22.439983367919922
2020-10-21,22.403807609376333,22.548523222323645,22.322404861450195,22.322404861450195
2020-10-22,22.313363411947673,22.792735033071704,22.304318469079696,22.765600204467773
2020-10-23,22.91030945779645,22.982667255436652,22.65705630348276,22.83795166015625
2020-10-26,22.512343456513722,22.548523222323645,22.11437638348171,22.322404861450195
2020-10-27,22.313362676690762,22.313362676690762,21.897303944205838,21.915393829345703
2020-10-28,21.454110892191327,21.64405122509292,21.22799251620857,21.3546199798584
2020-10-29,21.300352265634167,21.671186297976337,21.029010879824053,21.517427444458008
2020-10-30,21.390795846700716,21.616914199678835,21.22799035653309,21.58073616027832
2020-11-02,21.942528020688346,22.087243647317504,21.67118492689892,21.987751007080078
2020-11-03,22.394764922710944,22.702286062472886,22.367630095621468,22.476167678833008
2020-11-04,22.07819841232564,22.61183792537623,21.87921485963501,22.213869094848633
2020-11-05,22.40381140654934,22.919361080696802,22.40381140654934,22.756555557250977
2020-11-06,22.865089849209145,22.892222949104667,22.5032990825707,22.57565689086914
2020-11-09,24.402695723862855,24.818754449828262,24.1132644667459,24.42983055114746
2020-11-10,24.456966598151958,24.646905223177708,24.230848201609042,24.55645751953125
2020-11-11,24.692128012518346,24.710217898130473,24.312249040395923,24.456966400146484
2020-11-12,24.15849124391563,24.212760906999094,23.83288189114807,24.049955368041992
2020-11-13,24.276065606005382,24.547406929374606,24.212752745562298,24.44791603088379
2020-11-16,25.062958392704367,25.081048275682633,24.746394066315688,24.9906005859375
2020-11-17,24.71021564634868,24.999646889181754,24.538365198986686,24.954423904418945
2020-11-18,25.07201109298502,25.270996417031604,24.710221947191307,24.719266891479492
2020-11-19,24.592632615799612,24.827795910515466,24.438872066375637,24.800661087036133
2020-11-20,24.674042990296964,24.77353392352483,24.529327337286738,24.583595275878906
2020-11-23,24.900154762234315,25.117228183763213,24.77352730581614,25.044870376586914
2020-11-24,25.47902075462116,25.94934742909365,25.415707880201104,25.922212600708008
2020-11-25,25.777498194329844,25.849856014992277,25.524244959438068,25.83176612854004
2020-11-27,25.831763243689224,25.858898070337208,25.650869574808322,25.7503604888916
2020-11-30,25.596601458554677,25.668959275481292,25.1714994997541,25.21672248840332
2020-12-01,25.687048892256954,25.840809467260648,25.587557973240266,25.60564613342285
2020-12-02,25.569469805255753,25.931258910402896,25.524245088895775,25.886035919189453
2020-12-03,25.904125510177415,26.048841160222803,25.741319972589697,25.89508056640625
2020-12-04,26.06692758815545,26.256867931847733,26.048837703014016,26.21164321899414
2020-12-07,26.057877649976316,26.103102354159788,25.87698400868064,26.030744552612305
2020-12-08,25.786544176872333,26.085020414778153,25.786544176872333,26.02170753479004
2020-12-09,26.16641584368288,26.18450572579099,25.858894748429428,25.95838737487793
2020-12-10,25.75940237553694,26.030745434391175,25.67799963039528,26.003610610961914
2020-12-11,25.714180834524043,25.80462852587232,25.533285451827492,25.741313934326172
2020-12-14,26.085013792200897,26.085013792200897,25.424748604032157,25.44283676147461
2020-12-15,25.64182224960447,25.94934335578391,25.497106637890166,25.876985549926758
2020-12-16,25.922212600708008,25.940302486298435,25.795586851867892,25.922212600708008
2020-12-17,25.967438761439507,26.03979831263988,25.8498579410322,25.99457359313965
2020-12-18,26.03074792614443,26.03074792614443,25.614689219466474,25.768449783325195
2020-12-21,26.070342939209194,26.243115142499512,25.670239528473516,26.115808486938477
2020-12-22,26.133997105622377,26.17037093369959,25.843013418602993,25.8612003326416
2020-12-23,26.015790743622393,26.43407944228004,26.006697284816802,26.28858757019043
2020-12-24,26.34313825668319,26.352231712612657,26.106713605715175,26.324953079223633
2020-12-28,26.50681997838827,26.66140527779154,26.361328135938074,26.452260971069336
2020-12-29,26.561384740155475,26.570478199078632,26.33405347027643,26.3613338470459
2020-12-30,26.45226140725536,26.56137942369253,26.388608941933747,26.479541778564453
2020-12-31,26.44317226035205,26.843275766103698,26.37042632606992,26.806901931762695
2021-01-04,26.90692261729511,26.916016073979506,26.215835518876773,26.443166732788086
2021-01-05,26.43407545109542,26.67959359857672,26.297677058405696,26.56138038635254
2021-01-06,27.07060443604633,27.952649021578342,27.07060443604633,27.734411239624023
2021-01-07,28.143609220384903,28.425499482515605,28.079955013994297,28.1345157623291
2021-01-08,28.270916431006906,28.28000988979178,27.743507962283584,28.116331100463867
2021-01-11,27.843532384479378,28.252727595622794,27.725319162700316,28.20726203918457
2021-01-12,28.37093649839376,28.634639807510613,28.289097121743815,28.498241424560547
2021-01-13,28.452781935631798,28.552806512754504,28.27091623002703,28.480060577392578
2021-01-14,28.56189528809763,28.752854421110502,28.452777270147095,28.60736083984375
2021-01-15,28.189074776264125,28.36184701052478,27.925369695845244,28.1345157623291
2021-01-19,28.28000797012561,28.35275390106665,28.03448980279968,28.20726203918457
2021-01-20,28.298190608359608,28.298190608359608,27.989020015000445,28.08904457092285
2021-01-21,28.070862940280776,28.125421953535422,27.788970947265625,27.788970947265625
2021-01-22,27.507081204644678,27.698038621817915,27.46161564847956,27.58892059326172
2021-01-25,27.316122405086567,27.42524042812063,27.043323878701987,27.38886833190918
2021-01-26,27.497983186831437,27.534357013251878,27.152440507834793,27.170625686645508
2021-01-27,26.79780250790357,26.825082877586627,26.315861450965997,26.370420455932617
2021-01-28,26.706876318262168,27.17063054728874,26.625036928575167,26.861461639404297
2021-01-29,26.78870719083082,26.861454838266557,26.206739886539935,26.324953079223633
2021-02-01,26.615940792134307,26.706873630903125,26.38860956241208,26.670499801635742
2021-02-02,26.97966917995471,27.452518532425668,26.970575723053393,27.316120147705078
2021-02-03,27.27974763144038,27.47979848968707,27.225188621809398,27.470705032348633
2021-02-04,27.56163919495388,28.08904760511401,27.552545737178736,28.079954147338867
2021-02-05,28.28000369477388,28.30728233075293,28.025392107772355,28.08904457092285
2021-02-08,28.17997934319343,28.452777862548828,28.17997934319343,28.452777862548828
2021-02-09,28.36185133047779,28.552808775536068,28.26182501102819,28.461875915527344
2021-02-10,28.607367797781283,28.643741635544792,28.325477492714285,28.461875915527344
2021-02-11,28.48005919264682,28.589178957584085,28.179982007069118,28.370941162109375
2021-02-12,28.34366026590309,28.689203002115285,28.31637989157063,28.661924362182617
2021-02-16,28.95290721994113,29.28935648800014,28.825602278989045,29.1529598236084
2021-02-17,29.06202972058356,29.334826560175518,28.962005137746516,29.2984561920166
2021-02-18,29.089308822498204,29.28026798935746,28.889257931197974,29.125680923461914
2021-02-19,29.31663455039196,29.571244397161443,29.280260724053747,29.47121810913086
2021-02-22,29.371197343962542,29.853141961569616,29.36210562006791,29.744020462036133
2021-02-23,29.95315906739206,29.962254258345776,29.616709846883495,29.925880432128906
2021-02-24,29.971348800589322,30.589690029261618,29.95316188576963,30.507850646972656
2021-02-25,30.753374005343893,30.771560923245566,29.87132756551236,29.953166961669922
2021-02-26,29.90769766313538,29.998632241277768,29.271169491336558,29.380290985107422
2021-03-01,29.88041366199634,30.480567894839407,29.88041366199634,30.298702239990234
2021-03-02,30.262336561692837,30.43511054126871,30.162310251159393,30.189592361450195
2021-03-03,30.307806092923062,30.880678386553587,30.27143225779736,30.426015853881836
2021-03-04,30.344176486413435,30.63516023007986,29.64399576921614,30.080474853515625
2021-03-05,30.589686924976604,30.73517875997011,29.807667011086885,30.653339385986328
2021-03-08,30.88067661259287,31.444460618254787,30.75337166576587,31.044355392456055
2021-03-09,30.79883488479118,31.217126995356395,30.480572541882257,30.76246452331543
2021-03-10,30.907962811515585,31.508117260826563,30.853402054741824,31.389904022216797
2021-03-11,31.226217450607145,31.544479780593253,31.044351775415407,31.298961639404297
2021-03-12,31.662700746452007,31.78091398460616,31.51720886441616,31.61723518371582
2021-03-15,31.73543882195968,31.744530544236653,31.144376278784303,31.435359954833984
2021-03-16,31.271691960758673,31.308065799977058,30.86249494155242,31.108013153076172
2021-03-17,31.33534084818568,31.499019637080426,30.9897998216744,31.317153930664062
2021-03-18,31.63542011976298,32.09008265622821,31.371715016101174,31.480833053588867
2021-03-19,31.235311418202205,31.26259352616116,30.78974412419997,31.117101669311523
2021-03-22,30.889673169351912,30.95360775582695,30.606531797695567,30.716136932373047
2021-03-23,30.533467767240072,30.74353906682859,30.177259759930234,30.286861419677734
2021-03-24,30.506070453447638,30.8714105073716,30.396465301513672,30.396465301513672
2021-03-25,30.3781922258529,30.953606973763655,30.14072140839885,30.907939910888672
2021-03-26,31.227618841238964,31.446825663042222,31.008415503609935,31.39202308654785
2021-03-29,30.953612951218368,31.318956493116875,30.798344210624755,31.118017196655273
2021-03-30,31.28241857411714,31.483357852156615,31.245883526441983,31.337221145629883
2021-03-31,31.273288355817197,31.40115754587239,31.08148108656029,31.099748611450195
2021-04-01,31.054085920215172,31.48336410522461,31.054085920215172,31.48336410522461
2021-04-05,31.82130126072759,31.885235857955056,31.6294974690452,31.72996711730957
2021-04-06,31.65688932859115,31.812161515709057,31.55641970472192,31.6660213470459
2021-04-07,31.75736781439596,31.894369034487955,31.60209558394913,31.82130241394043
2021-04-08,31.702571297701425,31.86697558058704,31.483367909970617,31.830440521240234
2021-04-09,32.049636211837296,32.122702820864795,31.866964463007832,32.10443878173828
2021-04-12,32.16838082277761,32.25058295458371,32.09531071265013,32.24144744873047
2021-04-13,32.05876854267727,32.095303589632664,31.766495135381806,31.940034866333008
2021-04-14,31.857826294531602,32.3601708937242,31.812159237181937,32.131832122802734
2021-04-15,32.204904933629365,32.24143998023002,31.803029873543593,32.10443878173828
2021-04-16,32.38757419748946,32.45150878204825,32.18663842495047,32.3327751159668
2021-04-19,32.32364958053657,32.41498721819592,32.13184576771387,32.24144744873047
2021-04-20,32.049638600436126,32.0679061250979,31.52902634218489,31.638628005981445
2021-04-21,31.529022264303578,32.10443702211749,31.437684652808088,32.07703399658203
2021-04-22,32.04050545409429,32.086172522056664,31.666026437950546,31.720829010009766
2021-04-23,31.720820538581723,32.45150388336376,31.666017981158188,32.31450271606445
2021-04-26,32.43324349413734,32.74378441945865,32.40584395148875,32.442378997802734
2021-04-27,32.488048809388246,32.743787186852714,32.414982194758714,32.6981201171875
2021-04-28,32.82598876953125,32.91732639154327,32.72552261157906,32.82598876953125
2021-04-29,33.08172548523936,33.4379334452873,33.054322460807875,33.4105339050293
2021-04-30,33.22786073988419,33.3465943986615,33.06345653708279,33.118255615234375
2021-05-03,33.4014024150245,33.46533700608996,33.154796070554625,33.28266525268555
2021-05-04,33.13652441970112,33.54753494262695,32.91732113025632,33.54753494262695
2021-05-05,33.648008399634186,33.94941382798018,33.648008399634186,33.8215446472168
2021-05-06,33.95855475419179,34.33303033658215,33.75761544709351,34.32389831542969
2021-05-07,33.931142460734414,34.51568915179758,33.848940364542834,34.506553649902344
2021-05-10,34.68923927180813,34.944977680652556,34.45176838990609,34.47916793823242
2021-05-11,34.132088420849044,34.44262937891502,33.73934534199577,33.867218017578125
2021-05-12,34.13208800562126,34.25995719547389,33.38313690719234,33.5201416015625
2021-05-13,33.3922720251702,34.269092303301925,33.3740045005207,34.05902099609375
2021-05-14,34.250831947383766,34.689242178209305,34.214296890437936,34.59790802001953
2021-05-17,34.48829118239976,34.69836594668627,34.3512899914602,34.66183090209961
2021-05-18,34.634434961414314,34.75317213852312,34.15949322132778,34.177757263183594
2021-05-19,33.7850136146212,33.98594940861485,33.41967010598451,33.967681884765625
2021-05-20,34.022485518810115,34.223424803252875,33.74847962086256,33.9859504699707
2021-05-21,34.12295900833141,34.50656661187422,34.104691481852065,34.32389831542969
2021-05-24,34.47002865517153,34.57049480592807,34.296488927865084,34.4882926940918
2021-05-25,34.53396698611683,34.79883738924805,34.09555683687388,34.1412239074707
2021-05-26,34.26909876880666,34.396967981304016,33.995092815715914,34.24169921875
2021-05-27,34.552223691416195,34.72575989901219,34.351284462703845,34.634422302246094
2021-05-28,34.78970220539847,34.78970220539847,34.4426262289085,34.698368072509766
2021-06-01,35.04545232563118,35.145921996029394,34.81711343260799,34.908451080322266
2021-06-02,35.01804033160857,35.0545753777135,34.77143399666094,34.96323776245117
2021-06-03,34.853644491299825,35.25551964259166,34.74404281079743,35.045448303222656
2021-06-04,35.09111304219309,35.16418314711027,34.82624262230427,35.136783599853516
2021-06-07,35.19158907779903,35.19158907779903,34.844516469009776,34.908451080322266
2021-06-08,34.71662708806171,34.92670183481966,34.46088876564102,34.81709671020508
2021-06-09,34.68009994449228,34.72576701014048,34.39695856279539,34.4882926940918
2021-06-10,34.78056621080545,34.87190033325584,34.059014797257774,34.0864143371582
2021-06-11,34.150353704598004,34.32389343941161,34.14122168474283,34.305625915527344
2021-06-14,34.24169018783684,34.29648927349742,33.74847751184872,33.94941329956055
2021-06-15,33.95854506193585,34.18688385149477,33.79414085471956,34.01334762573242
2021-06-16,33.903744181329785,34.20515307091459,33.556671712574285,33.97681427001953
2021-06-17,34.150351267532066,34.16861879011272,32.87165604444976,32.97212219238281
2021-06-18,32.53372120207212,32.64332636821063,32.13184604542154,32.177513122558594
2021-06-21,32.497533983124555,32.94685245984035,32.44251782130576,32.92851257324219
2021-06-22,33.001868021527784,33.11190382947704,32.671757099704735,32.98352813720703
2021-06-23,33.01103827716252,33.20360182759852,32.96519031248378,33.0477180480957
2021-06-24,33.24027116338853,33.54287393162777,33.08438743282241,33.46034622192383
2021-06-25,33.634572043145354,33.955511214216074,33.442008540502925,33.86381530761719
2021-06-28,33.79962914593105,33.82713721967699,33.42367031351242,33.616233825683594
2021-06-29,33.79045948162603,33.973854812867245,33.405332434196964,33.49702835083008
2021-06-30,33.39616223880029,33.717104957333866,33.38699404591654,33.64374542236328
2021-07-01,33.80879275200239,33.92800021869006,33.634569145285276,33.90966033935547
2021-07-02,33.90967324186398,33.946353014489674,33.73544956885539,33.87299346923828
2021-07-06,33.79046718222493,33.80880706932607,33.12107704392414,33.34115219116211
2021-07-07,33.13941401577829,33.4603567648516,33.06605797180257,33.38699722290039
2021-07-08,32.85514914572901,33.04771266479742,32.56171452403796,32.71760177612305
2021-07-09,33.194435439589896,33.70793826868648,33.0935678130243,33.66209030151367
2021-07-12,33.46036377482058,34.056394437153294,33.313648158156624,33.99220657348633
2021-07-13,33.88215922331645,33.93717537463742,33.497028674194524,33.625404357910156
2021-07-14,33.64375954938571,33.86383474873194,33.10274499471854,33.46953582763672
2021-07-15,33.13941635205864,33.79046659188402,33.13941635205864,33.57956314086914
2021-07-16,33.753784605793534,33.753784605793534,33.04771482507965,33.121070861816406
2021-07-19,32.479186647716126,32.653413781453416,32.00236369742171,32.19492721557617
2021-07-20,32.158253112544294,33.21277379890985,32.09406526185862,32.992698669433594
2021-07-21,33.258618919788816,33.72627372021697,33.23111084269751,33.56121826171875
2021-07-22,33.442022180695936,33.52454992948585,33.05689152035096,33.19443893432617
2021-07-23,33.515377628231235,33.60707706854302,33.157758555955205,33.249454498291016
2021-07-26,33.18525791943211,33.506200629229745,33.16691803618867,33.442012786865234
2021-07-27,33.18525906923653,33.57955782769455,33.0293753032288,33.43284225463867
2021-07-28,33.55205269431513,33.59790065904689,33.15775390126609,33.38699722290039
2021-07-29,33.60706861009098,33.90049974928402,33.46035304049445,33.7537841796875
2021-07-30,33.66209295085437,33.90967619064416,33.405341516098716,33.48786926269531
2021-08-02,33.71710344791454,34.102230495343605,33.45118039251352,33.49702835083008
2021-08-03,33.61624205680969,33.91884493400823,33.12107562028971,33.87299346923828
2021-08-04,33.552050090269624,33.9463488527163,33.4053345157296,33.58872985839844
2021-08-05,33.799637738901296,34.02888107299805,33.79046604667104,34.02888107299805
2021-08-06,34.349823007320744,34.780801628221695,34.34065481235466,34.71661376953125
2021-08-09,34.67076374351152,34.973363131117935,34.47819668087936,34.80830764770508
2021-08-10,34.78079205325851,35.275958396533305,34.744112287540005,35.17509078979492
2021-08-11,35.275952970399295,35.58772393510009,35.1108975480298,35.57855224609375
2021-08-12,35.6152455195668,35.6886015695785,35.39517037358013,35.64275360107422
2021-08-13,35.67025838004616,35.71610633980956,35.29429951322606,35.376827239990234
2021-08-16,35.14758566110619,35.3218093159127,34.83581462231146,35.28512954711914
2021-08-17,35.04672357251515,35.3034749986073,34.68910451532227,35.03755187988281
2021-08-18,34.900002350917326,35.14758554247532,34.57905962201981,34.606571197509766
2021-08-19,34.23060376780364,34.60656255787122,34.129736178131346,34.34980773925781
2021-08-20,34.349818912238035,34.6157420082393,34.22144321016171,34.56072235107422
2021-08-23,34.734953946223726,34.99170538312013,34.734953946223726,34.84498977661133
2021-08-24,34.90917733907436,35.13842069091907,34.8816692562053,35.05589294433594
2021-08-25,35.147585700496165,35.688596549918785,35.07422616282682,35.46852493286133
2021-08-26,35.624415194474416,35.67026666285987,35.25762793322224,35.294307708740234
2021-08-27,35.34015219300785,35.77112726991487,35.33098050104514,35.761959075927734
2021-08-30,35.78030010316202,35.79863998969686,35.239285693299145,35.257625579833984
2021-08-31,35.2301054881323,35.47768864956376,35.08338992928124,35.211769104003906
2021-09-01,35.23928360433569,35.25762348978335,34.89083277678106,35.010040283203125
2021-09-02,35.09256217856835,35.25761762215304,34.9916945743805,35.129241943359375
2021-09-03,35.06505933272514,35.138415375270846,34.826644324006914,34.90917205810547
2021-09-07,35.028379829289655,35.028379829289655,34.69826889038086,34.69826889038086
2021-09-08,34.6157341003418,34.78078953615491,34.432338782996695,34.6157341003418
2021-09-09,34.56989816424224,35.04672475592552,34.54238658339208,34.71661376953125
2021-09-10,34.90917289421325,34.94585266535233,34.450686248901306,34.45985794067383
2021-09-13,34.70743709521167,34.90917233527104,34.606572973157434,34.85415267944336
2021-09-14,34.97334818910342,35.10172384402715,34.27645027752849,34.3864860534668
2021-09-15,34.36816289522886,34.799141516129815,34.331483119412624,34.71661376953125
2021-09-16,34.84497737252949,35.019201000121235,34.45985035428204,34.6157341003418
2021-09-17,34.569893756115555,34.789965386999,34.368158512826135,34.45985794067383
2021-09-20,33.697315259469775,33.78940818359855,33.18158575023694,33.66047668457031
2021-09-21,33.87230399807226,34.00123553812402,33.53155585463248,33.61444091796875
2021-09-22,34.03806558747467,34.4156522228307,33.964391945832574,34.17620849609375
2021-09-23,34.50774882241194,35.18003705361831,34.45249095609028,35.01426696777344
2021-09-24,34.98663167904535,35.318168260743704,34.94058171122789,35.198448181152344
2021-09-27,35.51157140251789,35.778642263147674,35.44710565893971,35.67734146118164
2021-09-28,35.6681316322367,35.843109584921926,35.032682054792744,35.08793640136719
2021-09-29,35.19845510837596,35.27212874776848,34.949799988326205,35.115570068359375
2021-09-30,35.31816512799445,35.3273765259886,34.5537842110721,34.562992095947266
2021-10-01,34.65509273838811,35.373427292337055,34.52616125569158,35.13398361206055
2021-10-04,35.07872557370272,35.53919715985627,34.774812640544056,34.83007049560547
2021-10-05,35.087937216908415,35.68655174825611,34.9590057210784,35.511573791503906
2021-10-06,35.189237422061375,35.57603537742017,34.93137446056842,35.548404693603516
2021-10-07,35.916782034319105,36.137809931072,35.71417342172223,35.760223388671875
2021-10-08,35.79706826911397,36.06414269300139,35.63129817933007,35.935211181640625
2021-10-11,36.018086832319675,36.28516118654895,35.55761526149098,35.57603454589844
2021-10-12,35.52999202523693,35.70496997680204,35.373429846998945,35.46552276611328
2021-10-13,35.45630996143061,35.49314852921447,34.756394739133256,35.26291275024414
2021-10-14,35.658920587933885,35.861525695965746,35.31816908633963,35.852317810058594
2021-10-15,36.20227354606543,36.57064866822547,36.08254996263187,36.38645935058594
2021-10-18,36.31279443672495,36.60749601034988,36.21149011208141,36.39567947387695
2021-10-19,36.56144742776223,36.754844665527344,36.42330453614735,36.754844665527344
2021-10-20,36.69037799468501,37.04954528808594,36.58907367847048,37.04954528808594
2021-10-21,37.04033324091035,37.123218261855406,36.69958175862556,36.892982482910156
2021-10-22,37.06796249143876,37.47317622041102,37.03112392159055,37.40871047973633
2021-10-25,37.50080231782127,37.54684876794013,37.27056655410796,37.3626594543457
2021-10-26,37.45475886533416,37.62974032456938,37.335038776837976,37.39029312133789
2021-10-27,37.29819162524445,37.46396164685059,36.76404299715382,36.77325439453125
2021-10-28,36.920615998038954,37.242944738715956,36.89298882401515,37.224525451660156
2021-10-29,37.27057206577376,37.344245694235205,37.00349769722215,37.077171325683594
2021-11-01,37.33503586866202,37.4179208920752,36.94823792169407,37.09558868408203
2021-11-02,37.086394020289674,37.298210597168264,36.985089676321536,37.18769836425781
2021-11-03,37.06796556814425,37.46397144408332,36.99428842233249,37.325828552246094
2021-11-04,37.18768983026166,37.27978275103305,36.55223673233195,36.837730407714844
2021-11-05,37.132426183798486,37.28898834045738,36.73642036257324,36.856143951416016
2021-11-08,37.08638877271803,37.325832495663796,36.966665154685124,37.05876159667969
2021-11-09,36.865351836810454,36.98507542565323,36.61669677373047,36.856143951416016
2021-11-10,36.81931037006554,37.02191900737441,36.69958676500851,36.791683197021484
2021-11-11,36.846932516625756,37.012702558515876,36.6903738732402,36.892982482910156
2021-11-12,36.948241354010904,36.98507992630985,36.64433191534368,36.97587203979492
2021-11-15,37.07717284393759,37.16926927468494,36.902194895197034,36.97587203979492
2021-11-16,37.021910892991535,37.16005024105441,36.83772158245547,36.93902587890625
2021-11-17,36.88377511152289,36.88377511152289,36.41409561696554,36.51539993286133
2021-11-18,36.552235497721675,36.625912642346016,36.16544102780274,36.33121109008789
2021-11-19,36.01809622653258,36.147027737893346,35.658928869707516,35.935211181640625
2021-11-22,36.41409950932547,36.800894015233105,36.11939792964728,36.44172668457031
2021-11-23,36.68117014832702,37.04033744212022,36.52460797406459,37.0127067565918
2021-11-24,36.93903622942484,37.07717561619512,36.791685442331286,36.92982482910156
2021-11-26,35.76942941872442,35.925988056250496,35.29974999302714,35.70496368408203
2021-11-29,36.1194037518178,36.24833527456978,35.54841627517256,35.81549072265625
2021-11-30,35.38264034334653,35.52999464578922,34.90375291288752,34.959007263183594
2021-12-01,35.576040553687896,35.80627637798258,34.57221221923828,34.57221221923828
2021-12-02,34.89453770411997,35.79706162936259,34.76560621667382,35.60366439819336
2021-12-03,35.64970966114169,35.74180608703012,34.747185766151716,35.023468017578125
2021-12-06,35.57604410625181,35.89837288720362,35.299761792133076,35.55762481689453
2021-12-07,35.97204504269452,36.2943737788263,35.79706357469178,36.19306945800781
2021-12-08,36.211492300003435,36.35884309571893,35.90758282083027,35.99967575073242
2021-12-09,35.82469406590107,36.1101842268824,35.6957590590324,35.925994873046875
2021-12-10,36.17464609444785,36.18385749336766,35.732593800519375,35.96282958984375
2021-12-13,35.87994395582335,35.88915535458673,35.45631095380958,35.57603454589844
2021-12-14,35.52078265659316,36.054931454734955,35.49315548190303,35.78785705566406
2021-12-15,35.87994494253604,35.99966853791735,35.43789264395819,35.889156341552734
2021-12-16,36.30358500700167,36.59829010974325,36.11939914832827,36.340423583984375
2021-12-17,36.10097189350433,36.1470183480117,35.31816811440193,35.5391960144043
2021-12-20,34.987693135823974,35.03396020537598,34.432477711346415,34.8488883972168
2021-12-21,35.20052337737263,35.7279757196402,35.20052337737263,35.57066345214844
2021-12-22,35.46886662336996,35.7649800059173,35.4133440404111,35.73721694946289
2021-12-23,35.94080978072783,36.24617527731188,35.903794711459675,35.92230224609375
2021-12-27,36.03334039224665,36.292442321777344,35.848272123947375,36.292442321777344
2021-12-28,36.227665291085884,36.54228626801561,36.21840976032138,36.31094741821289
2021-12-29,36.38497615242998,36.486765817116094,36.21841188838923,36.264678955078125
2021-12-30,36.37572519590704,36.579301001175736,36.088863726274795,36.19990539550781
2021-12-31,36.12587220660653,36.31094397488871,36.061097617200325,36.13512420654297
2022-01-03,36.40347986511159,36.71810082751273,36.38497233438793,36.57929611206055
2022-01-04,37.00496740707734,37.661968954394425,36.98645987377884,37.54167175292969
2022-01-05,37.65271032077989,37.84703763942911,37.07899095559597,37.10675048828125
2022-01-06,37.49540123728995,37.6804730233082,37.15302072762414,37.6527099609375
2022-01-07,37.7359862516155,38.189411880732465,37.60643708042499,38.09687423706055
2022-01-10,38.33747065271268,38.36523018233951,37.56942405350033,37.96732711791992
2022-01-11,38.10613322630275,38.31896453114722,37.754497208322526,38.30045700073242
2022-01-12,38.40224667443482,38.55030338788523,38.14314830838424,38.328216552734375
2022-01-13,38.38374750090443,38.587326849953385,38.05061894062477,38.18016815185547
2022-01-14,37.56942226324654,37.81926860783344,37.3288314480611,37.782257080078125
2022-01-18,37.53242371450521,37.56943525505942,36.70885428053653,36.94019317626953
2022-01-19,37.21778998332051,37.236297512261984,36.29243471594764,36.320194244384766
2022-01-20,36.421984207370166,36.893913844682785,36.01482562699433,36.0888557434082
2022-01-21,35.940802459894805,36.04259211467291,35.20051887507757,35.348575592041016
2022-01-24,34.737839147643435,35.52438974832677,34.0715821955679,35.45036315917969
2022-01-25,35.05246693871888,35.85752522638299,34.47874399353199,35.598426818847656
2022-01-26,35.987069549878285,36.28318298403391,35.265293495367764,35.690956115722656
2022-01-27,36.03333799053588,36.40348156236534,35.13574565326809,35.36708450317383
2022-01-28,35.22827909510685,35.83901350576467,34.78410893553304,35.82976150512695
2022-01-31,35.579922639473324,36.17214964392503,35.36709128037045,36.14439010620117
2022-02-01,36.19064753650994,36.73660732264055,36.00557576444101,36.64406967163086
2022-02-02,36.62556671305603,36.95869167631407,36.39422787387792,36.893917083740234
2022-02-03,36.88466224090983,37.01421141607405,36.431236597884805,36.486759185791016
2022-02-04,36.5515386548711,37.42137146853386,36.53303112309733,37.10675048828125
2022-02-07,37.153021728325136,37.45838718302204,36.940186874203555,37.217796325683594
2022-02-08,37.47689404682705,37.82853009046743,37.38435991795098,37.735992431640625
2022-02-09,37.93957032604321,38.22643176270527,37.84703620064286,37.976585388183594
2022-02-10,37.80076038812194,38.300453068163215,37.48613946327559,37.64345169067383
2022-02-11,37.5231600412226,37.97658573166684,36.893918098947275,37.116004943847656
2022-02-14,37.09749952441169,37.22704872049883,36.3942309471026,36.6995964050293
2022-02-15,37.14376862932648,37.39361503404697,37.0142194261272,37.19929122924805
2022-02-16,37.014215650158405,37.393611219374506,36.96794858658584,37.227046966552734
2022-02-17,36.83839306226909,36.95868670088322,36.19989569292456,36.30168533325195
2022-02-18,36.26467925757169,36.59780778843191,36.107370523527116,36.292442321777344
2022-02-22,36.12587218435287,36.45900066106551,35.801995707570974,36.107364654541016
2022-02-23,36.375726313493786,36.48676798613838,35.385596201697524,35.47813034057617
2022-02-24,34.30291692064952,35.16349753751631,34.05307059349949,35.05245590209961
2022-02-25,35.28379666304601,36.27392649792999,35.27454113377599,36.18138885498047
2022-02-28,35.32081494990418,35.87603032400693,35.27454788454999,35.644691467285156
2022-03-01,35.30231067659508,35.40409680761224,34.099345806920184,34.330684661865234
2022-03-02,34.61754228979039,35.422600427706335,34.59903475984457,35.219024658203125
2022-03-03,35.37634039277323,35.56141219903218,34.81187297216144,35.10798645019531
2022-03-04,34.488000022144114,34.4972520239961,34.05308180612782,34.450984954833984
2022-03-07,34.13636410942979,34.173379176920825,33.17399353436972,33.192501068115234
2022-03-08,33.33130511531877,33.93278406480014,32.840867836057626,32.99817657470703
2022-03-09,34.099346803108716,34.497249927634726,33.96054560405718,34.210391998291016
2022-03-10,33.64592086675461,34.14561359961544,33.54413121414031,33.923526763916016
2022-03-11,34.21964191292047,34.43247322911542,33.66443009066849,33.68293762207031
2022-03-14,34.1918789196603,34.663808567807514,33.95128456574186,34.10859680175781
2022-03-15,34.450981804795234,34.645305595478696,34.154868353291626,34.589786529541016
2022-03-16,35.033952932594396,35.6169277717918,34.92291128273074,35.561405181884766
2022-03-17,35.35783137240579,36.01483290354553,35.12649250679735,36.00558090209961
2022-03-18,35.9963216278411,36.18138985897531,35.65393763435229,36.0888557434082
2022-03-21,36.24863861572657,36.360114727083165,35.86775865347666,36.05355453491211
2022-03-22,36.480884997866525,36.87105318533797,36.43443691037162,36.63880920410156
2022-03-23,36.40656706842654,36.49017504766047,35.94207908240739,35.96065902709961
2022-03-24,36.21148589008437,36.28580567485704,35.9513737309048,36.2486457824707
2022-03-25,36.36940705350749,36.7874433637395,36.3136672250544,36.71312713623047
2022-03-28,36.60165464013032,36.638810985675825,36.19290294527092,36.61094284057617
2022-03-29,37.05684960945922,37.16832572979487,36.48088552000272,36.694549560546875
2022-03-30,36.6945527642062,36.713132709844615,36.22077655359464,36.43444061279297
2022-03-31,36.388001892295,36.53664151016014,35.58908520885114,35.59837341308594
2022-04-01,35.83989841274104,35.91421465544176,35.254642497512094,35.50546646118164
2022-04-04,35.421846311238546,35.63551030831519,35.09670267274353,35.34752655029297
2022-04-05,35.208199828165775,35.58907993307412,35.04098382661938,35.12459182739258
2022-04-06,34.845881498480345,35.03167737149677,34.7529853338529,34.88304138183594
2022-04-07,34.85517797445021,35.013102184514906,34.35353011231174,34.84588623046875
2022-04-08,34.98524185443258,35.35683373392583,34.89234565644066,35.19890594482422
2022-04-11,35.10600933931665,35.44972952041214,34.98524144831882,35.04098129272461
2022-04-12,35.01309968346163,35.338243368108856,34.51145540091859,34.660091400146484
2022-04-13,34.33494771549926,34.67867134302019,34.269919687322165,34.660091400146484
2022-04-14,34.585783846117465,34.827319645036674,34.26064359037585,34.26993179321289
2022-04-18,34.05625670178136,34.63222077343938,34.04696850194124,34.47429656982422
2022-04-19,34.567198115168495,35.00381799450613,34.55790991388494,34.94807815551758
2022-04-20,35.217477671727146,35.44043345612709,35.106001551408156,35.18960952758789
2022-04-21,35.43113717877395,35.5983531097379,34.56718938338076,34.63221740722656
2022-04-22,34.57649048385805,34.58577868530913,33.5639064250914,33.6010627746582
2022-04-25,33.322371173533256,33.73112291890248,32.820726780940404,33.656803131103516
2022-04-26,33.27591601391843,33.628927843497785,32.79284812706294,32.81142807006836
2022-04-27,32.76498176252925,33.117993611265895,32.66279384233481,32.78356170654297
2022-04-28,33.11799115112377,33.32236343256906,32.62563153073977,33.20159912109375
2022-04-29,33.03438758865088,33.15515191623875,31.984643724249747,32.0589599609375
2022-05-02,32.20759683990558,32.319076513563516,31.436548587797336,32.06825256347656
2022-05-03,32.291202336033734,32.81143014174668,32.17972621472453,32.486289978027344
2022-05-04,32.5420181871624,33.536021919466464,32.430542093530846,33.48028564453125
2022-05-05,33.09011980576084,33.155147833766385,32.10540764238445,32.50486755371094
2022-05-06,32.374809343762294,32.421260974699024,31.8081370102103,32.27262496948242
2022-05-09,31.836007391151934,32.031091497253605,31.352939454308174,31.501575469970703
2022-05-10,31.789564964636526,31.993937307734036,30.832717121051086,31.222888946533203
2022-05-11,31.260042084698807,31.891746013183184,30.888450287791994,30.934898376464844
2022-05-12,30.674791457746387,30.990643475664314,30.10811546585576,30.702659606933594
2022-05-13,31.074250955177643,31.40868291496629,30.869875081137344,31.14856719970703
2022-05-16,31.027800349802693,31.16714462593589,30.64692032501899,30.888452529907227
2022-05-17,31.492290114112073,31.808142118896388,31.315782393232258,31.715242385864258
2022-05-18,31.41796114807221,31.464409229135967,30.721229300831528,30.841997146606445
2022-05-19,30.423962603011574,30.860582436967043,30.377514513896788,30.63762664794922
2022-05-20,30.851288240876098,31.009215983828977,29.940892300287363,30.581884384155273
2022-05-23,31.16714737309681,31.808143148600422,31.00922313747351,31.575899124145508
2022-05-24,31.390090428978603,31.613042617270064,30.860574552084962,31.510854721069336
2022-05-25,31.43655371269892,31.956781643291936,31.343657513268635,31.761693954467773
2022-05-26,32.10541056235033,32.607054889194224,32.07753887369751,32.49557876586914
2022-05-27,32.63493009164817,33.108706324612776,32.579190252103096,33.043678283691406
2022-05-31,32.77426746369337,33.20159905590183,32.597763324664065,32.950775146484375
2022-06-01,32.86716498028839,32.95077294450701,32.114693302320916,32.42125701904297
2022-06-02,32.44912856158784,32.895036569588115,32.19830464263234,32.86716842651367
2022-06-03,32.56061044580773,32.6999582733893,32.35623812078723,32.393394470214844
2022-06-06,32.662794132080414,32.99722603977002,32.47699823405708,32.486289978027344
2022-06-07,32.263337994344624,32.76498591500545,32.23546984667316,32.737117767333984
2022-06-08,32.48629950350202,32.579195707871264,32.04039134375619,32.161155700683594
2022-06-09,32.123995285532956,32.142571689048786,31.334363473131738,31.352943420410156
2022-06-10,30.674790985112587,30.786267123906416,30.191722991989252,30.21959114074707
2022-06-13,29.45783132082427,29.820131433318238,29.141981076522665,29.318485260009766
2022-06-14,29.439247485393093,29.64362155050234,28.84470169000819,29.067657470703125
2022-06-15,29.374223110653745,29.810841210777227,28.891155145486593,29.39280128479004
2022-06-16,28.798252240299703,28.8075422117126,28.408082300362345,28.649616241455078
2022-06-17,28.714644925524112,29.05836678813106,28.45453103566261,28.733224868774414
2022-06-21,29.39071336054005,29.49344601001155,29.12921466199628,29.306659698486328
2022-06-22,28.970449018745498,29.512127225471545,28.93309104108957,29.241287231445312
2022-06-23,29.259960760527065,29.31599593522869,28.65290798750224,29.12921142578125
2022-06-24,29.250624819305134,30.23124851161284,29.203929131605264,30.203231811523438
2022-06-27,30.436714769059314,30.436714769059314,29.96041303931009,30.100500106811523
2022-06-28,30.40869607150626,30.698211462925098,29.78296247726243,29.8016414642334
2022-06-29,29.829665033832203,29.941737193452052,29.53080831661466,29.6335391998291
2022-06-30,29.166566894487918,29.633530828557824,28.81167508837825,29.372032165527344
2022-07-01,29.278645586478625,29.867019491531813,29.082519763909936,29.77362632751465
2022-07-05,29.30665958749202,29.689571702801135,28.97044672187677,29.6708927154541
2022-07-06,29.605515640377124,29.83899761930336,29.315996703953775,29.596176147460938
2022-07-07,29.84833685303645,30.10983910537292,29.820320154185293,30.025785446166992
2022-07-08,30.1098413217523,30.203232699898987,29.839001337413116,29.960412979125977
2022-07-11,29.792302592800265,29.941732710361837,29.63353476288448,29.717588424682617
2022-07-12,29.49344380103374,30.072479898332695,29.474764815014964,29.53080177307129
2022-07-13,29.213267189413404,29.465426384454478,28.905071034295453,29.269302368164062
2022-07-14,28.671591939545813,28.80234129694098,28.36339575330978,28.708948135375977
2022-07-15,29.119873964279822,29.848336630190918,29.045159799024166,29.68023109436035
2022-07-18,30.100499697850992,30.305965002578137,29.43741165778952,29.568161010742188
2022-07-19,29.9604102581767,30.548782299840838,29.876354819091006,30.45539093017578
2022-07-20,30.390019780504154,30.623501794375294,30.296624837364018,30.56746482849121
2022-07-21,30.48340836588695,30.763586044311523,30.249926373424394,30.763586044311523
2022-07-22,30.810287792165408,30.96905384984539,30.35266148225042,30.586143493652344
2022-07-25,30.772930810978934,30.92235916060489,30.558127781057426,30.782268524169922
2022-07-26,30.63283498082892,30.810283565247666,30.277941374643706,30.352657318115234
2022-07-27,30.47406781335237,30.969048451188428,30.371335176219873,30.81962013244629
2022-07-28,30.847638448427613,31.053103733479833,30.352657784604347,31.043766021728516
2022-07-29,31.118482329993945,31.58544635482897,31.09046562855273,31.48271369934082
2022-08-01,31.183850603037865,31.398653582821336,31.006405592604224,31.221208572387695
2022-08-02,31.071782041647467,31.277247322216425,30.838300063783556,30.87565803527832
2022-08-03,31.10913509396785,31.417329403435396,30.931686538753134,31.34261703491211
2022-08-04,31.314603436652693,31.398657095767888,31.183854091951815,31.239891052246094
2022-08-05,31.155840627200753,31.613463381156436,31.043770257631397,31.464035034179688
2022-08-08,31.6975096845589,31.80024231723444,31.417332044404144,31.445348739624023
2022-08-09,31.501391417867406,31.688177732801645,31.445354454591346,31.604124069213867
2022-08-10,32.15513777618931,32.4353154327368,32.08976310841663,32.31390380859375
2022-08-11,32.61276563881873,32.902284615479005,32.57541122461479,32.69681930541992
2022-08-12,32.85558988582177,33.219821264186045,32.68748254770705,33.21048355102539
2022-08-15,32.87426796604182,33.29453629971101,32.808893287765805,33.201141357421875
2022-08-16,33.05171049473842,33.593390430795296,33.05171049473842,33.44396209716797
2022-08-17,33.06105300312836,33.425284357269085,33.04237401539644,33.275856018066406
2022-08-18,33.2478386669279,33.3599126031346,33.08907260128113,33.31321334838867
2022-08-19,33.11708374940791,33.11708374940791,32.538049426737494,32.65011978149414
2022-08-22,32.17382497347065,32.18316268725624,31.84694798852526,31.931001663208008
2022-08-23,31.89364212852033,32.127124124885334,31.800247192382812,31.800247192382812
2022-08-24,31.744210664800953,32.07108400243593,31.678832434621775,31.968351364135742
2022-08-25,32.03372337488062,32.491349572267616,31.949669728938197,32.46332931518555
2022-08-26,32.6034171739337,32.61275488374209,31.46402419412419,31.49204444885254
2022-08-29,31.258566570596155,31.492048535270097,31.08111799734665,31.26790428161621
2022-08-30,31.370640071160945,31.47337271597402,30.91301380680791,31.09980010986328
2022-08-31,31.258573200143594,31.37064356941322,30.81962587341276,30.866321563720703
2022-09-01,30.7355649194255,31.006404846718432,30.361992360217872,30.95970916748047
2022-09-02,31.314601720846703,31.57610395857253,30.567460104456295,30.716888427734375
2022-09-06,30.87565764938425,30.950370028787752,30.33397775743699,30.642175674438477
2022-09-07,30.548781579866766,31.305264481873497,30.502085896134762,31.24922752380371
2022-09-08,31.090463491000317,31.818926179610315,30.95971414306032,31.800247192382812
2022-09-09,31.940339114807454,32.17382112067205,31.93099783948737,32.08976745605469
2022-09-12,32.220523203799544,32.519379945605124,32.14580723702146,32.35127258300781
2022-09-13,31.716194382894113,31.82826830926878,31.043768637909263,31.14649772644043
2022-09-14,31.211872359484794,31.361304261113336,30.772928617735126,31.0531063079834
2022-09-15,31.090465242391254,31.557429261426318,31.006411576458834,31.155839920043945
2022-09-16,30.847637775331123,30.93169142986822,30.548781128677497,30.87565803527832
2022-09-19,30.512325997438438,31.244620675331063,30.512325997438438,31.22584342956543
2022-09-20,30.972363792430624,31.038082370883135,30.484166080073447,30.765817642211914
2022-09-21,30.96297104939737,31.075630949502838,30.108626012360826,30.127403259277344
2022-09-22,30.193123520768918,30.240064849987697,29.56410003947386,29.62042999267578
2022-09-23,29.329388874541362,29.395107449625883,28.728531284400724,29.15100860595703
2022-09-26,28.93507594283744,29.2073406604677,28.484432745411716,28.690977096557617
2022-09-27,28.91629595108247,29.06651033596887,28.277885710663636,28.568925857543945
2022-09-28,28.65342736230389,29.30122635424218,28.578320154947406,29.13223648071289
2022-09-29,28.822412592288057,28.935072482824342,28.409322148696113,28.766080856323242
2022-09-30,28.78485969300881,29.141620211056033,28.42810096565836,28.50320816040039
2022-10-03,28.784856515642073,29.42326849582771,28.446873281262246,29.273054122924805
2022-10-04,29.723705607465213,30.390281850994793,29.686152899018442,30.362117767333984
2022-10-05,29.892693044911333,30.296394900132366,29.789419977567302,30.127403259277344
2022-10-06,29.958414933792927,30.164961091338572,29.63920886367422,29.704927444458008
2022-10-07,29.442051741587445,29.535934400766386,28.841192336799967,29.000795364379883
2022-10-10,29.16039631768081,29.28244663104668,28.700364515779263,28.869356155395508
2022-10-11,28.681586628727228,28.98201719839212,28.381157849759106,28.50320816040039
2022-10-12,28.512597660308323,28.813026448514265,28.334217395799733,28.437490463256836
2022-10-13,27.864797424206582,29.686149220990128,27.780301602298792,29.611042022705078
2022-10-14,29.873913444621017,30.221283531727764,29.047734343043064,29.113452911376953
2022-10-17,29.733091021495866,30.04290844318837,29.648595198243648,29.845752716064453
2022-10-18,30.6249889650281,30.662543460329402,29.977190037352713,30.324560165405273
2022-10-19,30.061687008625057,30.315174489494503,29.657985122210082,29.826976776123047
2022-10-20,29.789416199786725,30.089844949564498,29.26366588767562,29.348161697387695
2022-10-21,29.432660220803136,30.249452526429568,29.21672726082833,30.221284866333008
2022-10-24,30.399666856582495,30.765814204590384,30.305780625430778,30.62498664855957
2022-10-25,30.465387938694807,31.047468294237294,30.409056195360833,30.99113655090332
2022-10-26,31.08502328078943,31.41361616860996,31.00052745515074,31.066246032714844
2022-10-27,31.357290980424587,31.66710664956056,31.263404731145346,31.31973648071289
2022-10-28,31.404228257903192,32.13652300072018,31.34789651561198,32.098968505859375
2022-10-31,31.892426673847794,32.11774648536093,31.854872178130993,31.901813507080078
2022-11-01,32.164681778558844,32.24917758736896,31.845475787653193,31.986303329467773
2022-11-02,31.92058863818934,32.483891711011715,31.554441282715437,31.582605361938477
2022-11-03,31.188299427885845,31.50750551382149,31.056862259805442,31.263404846191406
2022-11-04,31.714041686108636,32.00508362899135,31.38544883236485,31.836091995239258
2022-11-07,32.070808122597334,32.17408120467321,31.864261958445592,32.155303955078125
2022-11-08,32.16469270748903,32.5026760575696,32.005091448503414,32.343074798583984
2022-11-09,32.127132723372,32.249179446494445,31.73281773239529,31.79853630065918
2022-11-10,32.76554907853135,33.450902510699926,32.681053253667066,33.403961181640625
2022-11-11,33.57295067772417,33.826438163097016,33.450903933258495,33.67622375488281
2022-11-14,33.58234287824192,33.61050696209386,33.169254129038684,33.197418212890625
2022-11-15,33.55417712272031,33.6856142826734,32.934542239088586,33.27252197265625
2022-11-16,33.253742839417356,33.33823866336943,33.00025894895493,33.112918853759766
2022-11-17,32.7279974460154,32.95331727777025,32.634111198289084,32.93454360961914
2022-11-18,33.375794020431066,33.42273535019548,32.9345412229729,33.20680236816406
2022-11-21,33.15985565813199,33.37578860512775,33.12230116785621,33.3100700378418
2022-11-22,33.48845502089103,33.685614342565216,33.48845502089103,33.6480598449707
2022-11-23,33.59172011968743,33.87337520335198,33.59172011968743,33.78887939453125
2022-11-25,33.8264412912189,33.94849162836525,33.760722705384936,33.90155029296875
2022-11-28,33.713769382613656,33.85459692012438,33.263126276529604,33.3194580078125
2022-11-29,33.28191041245896,33.59172604519031,33.24435591716008,33.51662063598633
2022-11-30,33.469682417348345,34.098704155777334,32.99087151128395,34.089317321777344
2022-12-01,34.258309504952635,34.258309504952635,33.629284175581255,33.89215850830078
2022-12-02,33.53539585838507,33.76071565378343,33.43212279324683,33.73255157470703
2022-12-05,33.47906830421257,33.53540005080124,32.71860584153861,32.89698791503906
2022-12-06,32.859425383345226,33.047194244671545,32.34306370074272,32.60593795776367
2022-12-07,32.47450637817383,32.840653750557536,32.39939738825217,32.47450637817383
2022-12-08,32.56838504081518,32.72798983413192,32.39000658371371,32.50266647338867
2022-12-09,32.38062001968167,32.65288112353227,32.37122960631831,32.41817092895508
2022-12-12,32.436951967631565,32.88759516415308,32.28673756879106,32.85004425048828
2022-12-13,33.704392934004154,33.704392934004154,32.71860703054569,32.93454360961914
2022-12-14,32.85005037839063,33.16925648314616,32.38062984677335,32.521453857421875
2022-12-15,32.0144747261455,32.14591546654631,31.676494995011073,31.883037567138672
2022-12-16,31.54505076370636,31.73281964781998,31.347895047014173,31.63893699645996
2022-12-19,31.553909301757812,31.875116891195486,31.35551372897978,31.553909301757812
2022-12-20,31.676727002394546,31.90346329603269,31.56336065750104,31.686176300048828
2022-12-21,31.988482924121985,32.271900534841905,31.969587936227263,32.17742919921875
2022-12-22,31.9695847658611,31.997925442967464,31.374405319676825,31.894004821777344
2022-12-23,31.875121036279147,32.12074870539066,31.7145154187497,32.07351303100586
2022-12-27,32.13964016497467,32.21521651491715,31.931798895894385,32.06406021118164
2022-12-28,32.12074441866472,32.205770062750496,31.91290315448827,31.950693130493164
2022-12-29,32.12075001685409,32.45140335489891,32.04517005167178,32.39472198486328
2022-12-30,32.15853607474644,32.37582304235073,32.04516614080891,32.3096923828125
2023-01-03,32.54587317827769,32.77260583036237,32.18687560798465,32.423057556152344
2023-01-04,32.75371118939512,33.17883942137549,32.6592398506664,32.942657470703125
2023-01-05,32.82929425677001,32.82929425677001,32.470296648624924,32.6970329284668
2023-01-06,32.91431889778961,33.528393450405225,32.687582624929,33.42447280883789
2023-01-09,33.53784060647302,33.726786908124744,33.216632974820364,33.301658630371094
2023-01-10,33.24497313122961,33.51894508408502,33.13160679357771,33.490604400634766
2023-01-11,33.57562787409052,33.80236053466797,33.509497214434546,33.80236053466797
2023-01-12,33.915735222266335,34.06689155178684,33.65120894271709,33.86849594116211
2023-01-13,33.43391857925851,34.17080516102434,33.3111029476806,34.12356948852539
2023-01-17,34.038542338408575,34.057437327346726,33.79291468991394,33.89683532714844
2023-01-18,33.70788193193226,33.91572316256326,33.23551811966175,33.263858795166016
2023-01-19,32.85763851593686,33.04658483572477,32.64980080763633,32.87653350830078
2023-01-20,32.97099364056456,33.415013147927915,32.81983737349093,33.3961181640625
2023-01-23,33.424472350790296,33.925176958188565,33.32055171064709,33.78346633911133
2023-01-24,33.72678418242571,33.95351684300316,33.34889160966241,33.80236053466797
2023-01-25,33.509497337106964,34.076332594476334,33.50004804063543,34.06688690185547
2023-01-26,34.151912326002815,34.3030686338962,33.92517606223741,34.24638366699219
2023-01-27,34.1991479964975,34.44477564538026,34.151912326002815,34.24638366699219
2023-01-30,34.06689021344336,34.3219671852104,34.01965093419496,34.07633590698242
2023-01-31,34.14246564385477,34.54869892814521,33.98186363110554,34.53925323486328
2023-02-01,34.18025562468433,34.84156587379789,34.10467566302521,34.53925323486328
2023-02-02,34.728195559858996,34.77543483731614,34.359752260338965,34.633724212646484
2023-02-03,34.35975512970158,34.860463402524225,34.35030943573189,34.567596435546875
2023-02-06,34.36920113446894,34.56759312348459,34.2936211745482,34.55814743041992
2023-02-07,34.34085857474113,35.058853814696164,34.34085857474113,34.954933166503906
2023-02-08,34.699849904451035,35.0493981636729,34.652614237613,34.74708557128906
2023-02-09,34.88880157550885,34.99272222094688,34.28417629716132,34.3597526550293
2023-02-10,34.18969283164985,34.501454690334064,34.07632652115107,34.473114013671875
2023-02-13,34.45422839178319,34.86990737915039,34.42588410356767,34.86990737915039
2023-02-14,34.8037810776503,35.03051739255339,34.4636784072214,34.680965423583984
2023-02-15,34.406988066069935,34.73764499028524,34.35975239228229,34.71875
2023-02-16,34.38809665042544,34.63372431622308,34.303070996139546,34.36920166015625
2023-02-17,34.19915744099022,34.42589016351984,34.095236774892626,34.37865447998047
2023-02-21,34.08578374066058,34.13301941402956,33.518944848680235,33.670101165771484
2023-02-22,33.67009893769576,33.80236025591703,33.45281197149646,33.63230895996094
2023-02-23,33.77401465880087,33.93461663502264,33.34888648078721,33.660648345947266
2023-02-24,33.36779530125569,33.792923655528384,33.31111031940213,33.689002990722656
2023-02-27,34.000757792415214,34.057439158426455,33.613419507984766,33.67955017089844
2023-02-28,33.726790584782506,33.915736907031835,33.64176491996288,33.74568557739258
2023-03-01,33.59452258607674,33.783465267049614,33.50004764173968,33.63230895996094
2023-03-02,33.433920223679976,33.509500186476274,33.074922608099506,33.471710205078125
2023-03-03,33.60396775769472,34.010201002420565,33.53783709960917,34.000755310058594
2023-03-06,34.01964921382994,34.236939796601376,33.92517786781259,34.02909851074219
2023-03-07,33.90628673150882,33.934627417764965,33.06547940329829,33.15050506591797
2023-03-08,33.11270890481559,33.292209494557035,32.85763196453874,33.02768325805664
2023-03-09,32.8387419481436,32.89542692251592,31.52557067458616,31.686176300048828
2023-03-10,31.317733195112645,31.856227841933848,30.73199926739216,31.109891891479492
2023-03-13,30.004561943021443,30.533609126360165,29.636118594151256,29.881746292114258
2023-03-14,31.024866648074486,31.034312342070557,30.108481166779796,30.486371994018555
2023-03-15,29.626663029829547,29.79671431436138,29.248770485569832,29.673898696899414
2023-03-16,29.475512496220514,30.5525017729381,29.192093032608934,30.240739822387695
2023-03-17,29.957318654517557,29.957318654517557,29.192089615986713,29.267667770385742
2023-03-20,29.498373103524823,29.849658037915805,29.450902998465594,29.59331512451172
2023-03-21,30.267405724631487,30.419314073297826,30.200946840703647,30.343358993530273
2023-03-22,30.343359132581586,30.428806786842888,29.621803980170927,29.640790939331055
2023-03-23,29.697754914676953,30.00156796777955,29.232540950755023,29.4414119720459
2023-03-24,29.08063371330336,29.450907470287728,28.85277391485767,29.42242431640625
2023-03-27,29.92561525131999,29.992074131541973,29.659777919563382,29.830673217773438
2023-03-28,29.79269147228024,29.925611024820178,29.640784964407523,29.82117462158203
2023-03-29,30.143984679209044,30.26740807166443,30.01106690104649,30.257915496826172
2023-03-30,30.47628017865471,30.49526895072579,30.020562325031683,30.191455841064453
2023-03-31,30.362347572553396,30.533242879218264,30.248418575355995,30.52375030517578
2023-04-03,30.495261813943834,30.704134636105394,30.40032159754518,30.58070945739746
2023-04-04,30.65666828643025,30.704138400449438,30.096512248833715,30.295888900756836
2023-04-05,30.068031404420598,30.343361346452877,30.05853701871343,30.257915496826172
2023-04-06,30.20094992019623,30.42880975012671,30.17246857324802,30.371845245361328
2023-04-10,30.257913300171882,30.44779556792353,30.191452605046585,30.438302993774414
2023-04-11,30.514253728009955,30.837055567482626,30.4952649584248,30.704137802124023
2023-04-12,30.85604355847534,31.01744266327034,30.561723069938267,30.637678146362305
2023-04-13,30.65666669507253,30.931998412524184,30.44779385814543,30.913009643554688
2023-04-14,31.235812347382176,31.47316653354241,31.064917043607807,31.21682357788086
2023-04-17,31.1978302873003,31.587090951323308,31.06491254179053,31.577594757080078
2023-04-18,31.644063134819056,31.739003364481004,31.406708938926577,31.672544479370117
2023-04-19,31.625071631034974,31.83394084258523,31.56810532511911,31.748493194580078
2023-04-20,31.539622118325905,31.738998744637836,31.530125923699387,31.65355110168457
2023-04-21,31.558615845695606,31.57760099445825,31.359235566311348,31.539627075195312
2023-04-24,31.520633218201766,31.634562201081128,31.387715467886334,31.463666915893555
2023-04-25,31.264295047429016,31.321261358404918,30.913011850754987,30.922504425048828
2023-04-26,30.837058133295386,31.00795345204373,30.495267495798704,30.628185272216797
2023-04-27,30.742115054686593,31.178845885861087,30.742115054686593,31.12187957763672
2023-04-28,30.969967154983127,31.520630497894395,30.903508285560974,31.492145538330078
2023-05-01,31.577595610867025,31.738998321733522,31.368726414448723,31.40670394897461
2023-05-02,31.28328034848474,31.292772921725874,30.409815119074977,30.694643020629883
2023-05-03,30.73261972299514,30.884526260792708,30.31487764948621,30.343358993530273
2023-05-04,30.077521024221173,30.2389219339306,29.678765942048972,29.9540958404541
2023-05-05,30.447792655513926,30.742113130309964,30.40032254583385,30.694643020629883
2023-05-08,30.86553658916235,30.96997300992302,30.70413748197763,30.742115020751953
2023-05-09,30.514256266963827,30.751610473921215,30.447797378754778,30.628185272216797
2023-05-10,30.82755873614756,30.89401760964862,30.191447718975578,30.457286834716797
2023-05-11,30.267402696018127,30.45728856556791,30.13448494146245,30.409814834594727
2023-05-12,30.609197771668292,30.609197771668292,30.087017469949863,30.286394119262695
2023-05-15,30.343357205480647,30.590207578441458,30.286392709880513,30.533241271972656
2023-05-16,30.47627488241408,30.561722531015654,30.2294281318636,30.248416900634766
2023-05-17,30.485772811533668,30.94149242274848,30.419313927923437,30.85604476928711
2023-05-18,30.79907635974836,31.12187818173299,30.685147370147103,31.083904266357422
2023-05-19,31.15985204051462,31.25479225035204,30.808568918031966,30.950979232788086
2023-05-22,31.055419940599116,31.121878821043165,30.818065761373987,31.007949829101562
2023-05-23,30.875036473335992,31.036435599802914,30.628186063549343,30.647174835205078
2023-05-24,30.41931219783791,30.447793540125996,30.181958020804352,30.248416900634766
2023-05-25,30.1724613370263,30.343354810337285,30.058530543950454,30.238920211791992
2023-05-26,30.305381497009712,30.5617226327995,30.25791138579237,30.48577117919922
2023-05-30,30.5332407959371,30.59969967491256,30.276897853430064,30.476274490356445
2023-05-31,30.29588886785959,30.324372022761438,29.897133753577574,30.15347671508789
2023-06-01,30.324369774747275,30.542733369331906,30.115496942688818,30.476274490356445
2023-06-02,30.77059718207437,31.25479813823961,30.77059718207437,31.140869140625
2023-06-05,31.17884402625544,31.17884402625544,30.837053440769598,30.979467391967773
2023-06-06,30.950982971777076,31.416198748348577,30.9319978249056,31.368728637695312
2023-06-07,31.39720533108036,31.558608029488983,31.207321294844174,31.492145538330078
2023-06-08,31.387715467886334,31.5111370236152,31.21682018269876,31.463666915893555
2023-06-09,31.406700921892806,31.60607752633158,31.387712156460065,31.473159790039062
2023-06-12,31.501644450765696,31.587092093359484,31.226312755548264,31.463666915893555
2023-06-13,31.435185707856682,31.78646885255919,31.39720817282477,31.65355110168457
2023-06-14,31.729507040883473,31.89090977674489,31.425693961101786,31.53013038635254
2023-06-15,31.425688223599508,32.0238216997265,31.397206884362916,31.9478702545166
2023-06-16,32.090277864410155,32.1187628229799,31.843431161137676,31.88140869140625
2023-06-20,31.6716030645058,31.72882497750148,31.452257855004337,31.642993927001953
2023-06-21,31.56669710613215,31.757433172468865,31.47133089195773,31.60484504699707
2023-06-22,31.54762962299224,31.557164790075724,31.25198851156936,31.35689353942871
2023-06-23,31.11847220712915,31.3282786104493,31.0135671864751,31.223377227783203
2023-06-26,31.175693998631612,31.414113204109643,31.070792604131505,31.156620025634766
2023-06-27,31.213841168014504,31.471334340082866,31.194767195492226,31.404577255249023
2023-06-28,31.366429347678025,31.375968152944697,31.185232065482303,31.32828140258789
2023-06-29,31.490403470418705,31.871871948242188,31.45225553124004,31.871871948242188
2023-06-30,32.08168804220234,32.281959303778905,32.02446976060241,32.14844512939453
2023-07-03,32.14844233887131,32.42500946922597,32.10075922901419,32.32964324951172
2023-07-05,32.138907051808296,32.34871346199203,32.0435371944629,32.26288604736328
2023-07-06,31.995853754899027,32.02446653080168,31.709751461788766,31.986318588256836
2023-07-07,31.85280313397993,32.30102870772388,31.85280313397993,32.034000396728516
2023-07-10,32.04354135596046,32.35825646909024,32.014932214035404,32.177059173583984
2023-07-11,32.291485397705344,32.596661572732565,32.22472833679233,32.55851364135742
2023-07-12,32.82555553262078,32.997217657192515,32.68250618746999,32.76833724975586
2023-07-13,32.81601727065366,32.93045746358167,32.75879535519559,32.882774353027344
2023-07-14,33.12119753988091,33.130736345935524,32.61574995864385,32.66343307495117
2023-07-17,32.62528633672635,33.07351565021412,32.62528633672635,32.9781494140625
2023-07-18,33.05442990578529,33.37868008643011,33.00674680468787,33.35007095336914
2023-07-19,33.35008418487539,33.626647736160805,33.34054537807897,33.493133544921875
2023-07-20,33.43590877793197,33.75062021945036,33.426369972983686,33.741085052490234
2023-07-21,33.79830242441111,33.817376395808324,33.540809267530776,33.62664031982422
2023-07-24,33.64571332974388,34.055794608095184,33.636178163311776,33.950889587402344
2023-07-25,33.855527315314774,33.93182320761188,33.702939168708944,33.73154830932617
2023-07-26,33.69340073245545,34.03672130052059,33.64571398540183,33.931819915771484
2023-07-27,33.93181789064492,34.017645299047814,33.45497955247164,33.502662658691406
2023-07-28,33.76968725305101,33.77922241805205,33.38821516923622,33.56941604614258
2023-07-31,33.63617561375352,33.798298896726216,33.55034457041866,33.693397521972656
2023-08-01,33.626636810056496,33.722006657088386,33.5121966316059,33.693397521972656
2023-08-02,33.40729522705078,33.53127422258887,33.216562788362126,33.40729522705078
2023-08-03,33.20702350167999,33.50266459813749,33.11165728371977,33.426368713378906
2023-08-04,33.39776315757967,33.72201342660426,33.264248982920435,33.2928581237793
2023-08-07,33.50266159313856,33.817372994569865,33.493122789405305,33.760154724121094
2023-08-08,33.321468753651565,33.483595714402924,33.06397556045017,33.454986572265625
2023-08-09,33.435911478703524,33.53127770796059,33.16887948840453,33.207027435302734
2023-08-10,33.378682989120286,33.626637319182,33.149798990766,33.23563003540039
2023-08-11,33.13073258064634,33.35961296810479,33.05443669283474,33.302391052246094
2023-08-14,33.20702089985151,33.302387110339616,33.08304191582678,33.23563003540039
2023-08-15,32.95907134867913,32.99721565561246,32.58713434267607,32.625282287597656
2023-08-16,32.56807103187924,32.82556062065985,32.53945824802325,32.577606201171875
2023-08-17,32.68250226057634,32.73018536989735,32.32010408135823,32.41547393798828
2023-08-18,32.186588178726765,32.50130323159737,32.157979042279564,32.40593338012695
2023-08-21,32.453613632554,32.520370703718044,32.11028947343175,32.36778259277344
2023-08-22,32.37732184103983,32.41546977879713,32.014923708320595,32.06260681152344
2023-08-23,32.11983001733927,32.38685831646598,32.07214691220775,32.377323150634766
2023-08-24,32.32964312851102,32.72065044865697,32.26288604736328,32.26288604736328
2023-08-25,32.39639996666227,32.539449294625285,32.148441977412176,32.41547393798828
2023-08-28,32.52037997658165,32.711116079145796,32.491770834493025,32.596675872802734
2023-08-29,32.568060871563105,32.90184626250934,32.52037412600971,32.892311096191406
2023-08-30,32.94000117820465,33.10212450585152,32.84463130489295,32.9113883972168
2023-08-31,33.00675981266334,33.01629498144567,32.74926659967423,32.78741455078125
2023-09-01,32.98767973732821,33.18795098662445,32.95907059828251,33.083045959472656
2023-09-05,33.04490105278579,33.17841521655654,32.739724781884604,32.74925994873047
2023-09-06,32.663425572610294,32.79693972279986,32.4917634829415,32.73018264770508
2023-09-07,32.596668853352824,32.78740491484338,32.54898574747713,32.644351959228516
2023-09-08,32.6729650315825,32.77787005994061,32.54898966896675,32.71111297607422
2023-09-11,32.86370086669922,33.03536297762124,32.77786981123821,32.86370086669922
2023-09-12,32.85416557113071,33.32146515282195,32.81601762707766,33.083045959472656
2023-09-13,33.235634097696675,33.273782041749726,32.95907059828251,33.083045959472656
2023-09-14,33.311925685755604,33.435904668930185,33.14979876345227,33.38821792602539
2023-09-15,33.168881238031645,33.416839267961095,33.149807263576406,33.21656799316406
2023-09-18,33.17346040719726,33.355467676216826,33.06808643146196,33.30757141113281
2023-09-19,33.33629681158654,33.40335229016528,33.05849345504636,33.26924133300781
2023-09-20,33.38420004057605,33.48957400159039,33.02976334336893,33.039344787597656
2023-09-21,32.924382565783674,32.924382565783674,32.493309020996094,32.493309020996094
2023-09-22,32.54121773366881,32.56995475968484,32.24425506591797,32.24425506591797
2023-09-25,32.17719989395229,32.34004791535481,32.071825925162166,32.320892333984375
2023-09-26,32.08140880943185,32.22509760165999,31.83234238943527,31.889820098876953
2023-09-27,31.976029925832293,31.976029925832293,31.564115540378555,31.8419189453125
2023-09-28,31.870652854296946,32.1867710411688,31.861071411338827,32.07181930541992
2023-09-29,32.225085505348346,32.272981751445606,31.6982194897798,31.774852752685547
2023-10-02,31.669491147024655,31.74612443091973,31.33421002401398,31.50663948059082
2023-10-03,31.353371434030247,31.43958616830075,30.88398294519687,31.008512496948242
2023-10-04,31.01809096184141,31.257575905777877,30.855239299754484,31.23841667175293
2023-10-05,31.152201378048115,31.439582574684593,31.085145887307945,31.382104873657227
2023-10-06,31.247993002606293,31.832336823207083,31.142619047514337,31.65032958984375
2023-10-09,31.362946595576023,31.736542484482037,31.33420592041027,31.66948699951172
2023-10-10,31.765282100766925,32.10055955301221,31.7557043110957,31.89939308166504
2023-10-11,31.99519415367794,32.11972370974188,31.707809259990135,31.947294235229492
2023-10-12,32.04308306960707,32.04308306960707,31.52579476469685,31.74612045288086
2023-10-13,31.94729383056574,32.24425651163129,31.64075335848225,31.813182830810547
2023-10-16,32.052664217467004,32.30173060707987,31.98560872509053,32.148460388183594
2023-10-17,32.0047608978986,32.51246770080325,31.995183110065256,32.30172348022461
2023-10-18,32.13887557603494,32.167616251363214,31.679064967531374,31.74612045288086
2023-10-19,31.688650797116985,31.861076601704628,31.30547340986572,31.32463264465332
2023-10-20,31.315051538165427,31.37252924314868,30.816922391061873,30.84566307067871
2023-10-23,30.7786069128681,30.99893262918613,30.62533486333689,30.65407371520996
2023-10-24,30.79776689216187,31.008511169159647,30.70197071693521,30.864822387695312
2023-10-25,30.74986457824707,30.96061249305224,30.66364985439497,30.74986457824707
2023-10-26,30.673228226323715,30.989346412621586,30.625330147244572,30.68280601501465
2023-10-27,30.644493333300293,30.682809974383165,30.04099207602529,30.127206802368164
2023-10-30,30.33795267097025,30.74028744854252,30.261317562248156,30.663650512695312
2023-10-31,30.721126581117204,31.008507766763522,30.663648882287927,30.998929977416992
2023-11-01,31.056407508986503,31.324633146055938,30.989352013281753,31.20009994506836
2023-11-02,31.48748074000552,31.956872857883784,31.43000668974519,31.937713623046875
2023-11-03,32.24425159269058,32.51247355128304,32.23467380313376,32.35920333862305
2023-11-06,32.44541588425493,32.493312137325006,32.09097922643649,32.26340866088867
2023-11-07,32.167618879591494,32.29214841727233,32.110141178488675,32.21551513671875
2023-11-08,32.205929889885724,32.28256681564024,32.05265969262644,32.25382614135742
2023-11-09,32.359205409986046,32.40710532358666,32.062246409464194,32.119720458984375
2023-11-10,32.27299002361089,32.51247496973096,32.08140499011505,32.48373794555664
2023-11-13,32.368785116349585,32.52205533059073,32.320888859571134,32.43584060668945
2023-11-14,32.790279304850394,33.23093074106272,32.76154227986927,33.04892349243164
2023-11-15,33.106404585899284,33.32673032656121,33.096823140424426,33.230934143066406
2023-11-16,33.32672136234842,33.40335463428072,33.221347415972964,33.36503982543945
2023-11-17,33.4895717014398,33.54704940011362,33.403356980554086,33.53746795654297
2023-11-20,33.48956659601841,33.748210719245755,33.422511118246454,33.67157745361328
2023-11-21,33.62368699318892,33.73864240529163,33.594949967288485,33.652427673339844
2023-11-22,33.729055658696325,33.85358884177393,33.67158161592968,33.78653335571289
2023-11-24,33.786536592145936,33.949384601250635,33.776955147933734,33.891910552978516
2023-11-27,33.767373047442355,33.83442853136679,33.70031756351791,33.77695083618164
2023-11-28,33.7386427345613,33.88233151971627,33.681165027949,33.76737976074219
2023-11-29,33.86317400835638,34.208032957087994,33.86317400835638,34.006866455078125
2023-11-30,34.083497117429765,34.390037536621094,33.978123163160866,34.390037536621094
2023-12-01,34.332563399274825,34.68700011056151,34.275085694370055,34.648681640625
2023-12-04,34.447515151201266,34.74447781180229,34.409196681268796,34.61036682128906
2023-12-05,34.50498654378055,34.5145643323863,34.2846608633507,34.437931060791016
2023-12-06,34.629521032739014,34.754050560579095,34.21760667634517,34.2655029296875
2023-12-07,34.35171907826725,34.447511588941985,34.265504356959966,34.42835235595703
2023-12-08,34.39004110055298,34.667840871937344,34.35172263062051,34.61036682128906
2023-12-11,34.61994329361736,34.88816526443223,34.61994329361736,34.821109771728516
2023-12-12,34.90733110558221,35.07976059209902,34.76364230298552,35.07018280029297
2023-12-13,35.07975764388898,35.673683004976475,35.012702144129214,35.6353645324707
2023-12-14,35.92274400304607,36.12391049244301,35.79821080064537,35.98979949951172
2023-12-15,35.69283419427549,35.86526364507998,35.625778702768216,35.779048919677734
2023-12-18,35.95618082632654,36.02356829052231,35.85991406957296,35.89842224121094
2023-12-19,35.87917618684174,36.177609075327375,35.78290573619693,36.1679801940918
2023-12-20,36.07170450150306,36.15834604950084,35.52297592163086,35.52297592163086
2023-12-21,35.677007644550756,35.87917004780094,35.54222903670907,35.86954116821289
2023-12-22,35.9754315664834,36.09095607065373,35.81177736075364,35.94655227661133
2023-12-26,35.97543693488944,36.158348924283516,35.91767834652632,36.09096145629883
2023-12-27,36.013952327719956,36.20648956298828,35.956190055436764,36.20648956298828
2023-12-28,36.14871622976908,36.38938678212752,36.13909102350486,36.312374114990234
2023-12-29,36.30274545424585,36.36050770920135,36.09095786409146,36.19684982299805
2024-01-02,36.10058390329015,36.370133754618834,36.03319644045798,36.35087966918945
2024-01-03,36.187223774664766,36.24498602827624,35.98506139553629,36.04281997680664
2024-01-04,36.167978881761066,36.4760369679624,36.11984549435624,36.187232971191406
2024-01-05,36.187226173820264,36.53379237378365,36.16797208800659,36.34125518798828
2024-01-08,36.350879810149586,36.59155037043812,36.158346299791816,36.57229995727539
2024-01-09,36.37976335961563,36.389388566351776,36.22573434544761,36.34125518798828
2024-01-10,36.28349662204609,36.42790044416966,36.167975767752274,36.39902114868164
2024-01-11,36.35088181827643,36.39901887086641,35.97543631106024,36.26424026489258
2024-01-12,36.437520376800805,36.572298971696966,36.05244969412112,36.19684982299805
2024-01-16,35.88879002452616,36.01393973454017,35.74438990282479,35.94655227661133
2024-01-17,35.63849889110737,36.0235696045088,35.619244804586074,35.87916946411133
2024-01-18,35.83103597074569,35.97543611068683,35.57111131204184,35.93693161010742
2024-01-19,36.071708628804245,36.562675008740214,35.95618410336143,36.51454162597656
2024-01-22,36.66856634925698,36.87072873653504,36.60117888683096,36.68782043457031
2024-01-23,36.66856990418816,36.77446554750718,36.59155355546829,36.745582580566406
2024-01-24,36.89962064141428,37.09215419651571,36.861112461457125,36.889991760253906
2024-01-25,37.03439054768559,37.11140322475373,36.841853346502745,37.07289505004883
2024-01-26,37.01513492593905,37.27505958590994,36.976626752830434,37.207672119140625
2024-01-29,37.092148534244586,37.33281911372418,36.9958817713894,37.30393981933594
2024-01-30,37.34244231278319,37.81415452029377,37.32318822867282,37.77565002441406
2024-01-31,37.69864254321206,37.97782131987878,37.29431769894321,37.313568115234375
2024-02-01,37.24617671976543,37.40020574027133,36.82259783145956,37.3713264465332
2024-02-02,37.24617753930804,37.69863940364927,37.22692345227846,37.52535629272461
2024-02-05,37.31356502668481,37.42908954892097,37.14028558801379,37.30393981933594
2024-02-06,37.25580121569181,37.43870950841472,37.207667841011165,37.380950927734375
2024-02-07,37.58311687478296,37.70826292637194,37.32319222000814,37.66012954711914
2024-02-08,37.48684503248884,37.631248837151595,37.27505743728244,37.51572799682617
2024-02-09,37.467595106959756,37.64087822285766,37.37132834139057,37.62162780761719
2024-02-12,37.62162337835797,37.958560690523605,37.53498183060948,37.79490280151367
2024-02-13,37.506099705104695,37.602370133834114,36.986250406989896,37.28468322753906
2024-02-14,37.50610183448795,37.66975973644885,37.36170169170764,37.64087677001953
2024-02-15,37.75640643546058,38.362893727988165,37.74677755455833,38.28588104248047
2024-02-16,38.24736309437573,38.3243794325539,38.074080005815965,38.15109634399414
2024-02-20,37.88155386188531,38.17998675070245,37.85267456283088,38.04521179199219
2024-02-21,37.997070416524906,38.16072463989258,37.862295486141775,38.16072463989258
2024-02-22,38.37251210634354,38.73833236132087,38.30512464783997,38.603553771972656
2024-02-23,38.747959610211765,38.95975087515591,38.71908031857075,38.79609298706055
2024-02-26,38.757582773172416,39.01750740126096,38.536166313469074,38.603553771972656
2024-02-27,38.64207373308941,38.71909009336356,38.44953650474621,38.7094612121582
2024-02-28,38.63243866230397,38.98863005678946,38.622809783556626,38.85385513305664
2024-02-29,38.950127024472266,39.03676858292118,38.67094826143225,38.8346061706543
2024-03-01,38.82498049547952,38.91161838054348,38.66132258822811,38.78647232055664
2024-03-04,38.7190819832644,38.98863184307965,38.70945310407591,38.88273620605469
2024-03-05,38.74796449555635,39.113784815943994,38.74796449555635,38.89236831665039
2024-03-06,38.95012438649348,39.210049044236264,38.77684128133161,39.09452819824219
2024-03-07,39.2389284514072,39.31594479718751,38.89236591242023,39.036766052246094
2024-03-08,39.09453128635643,39.30632258102641,39.05602311053611,39.104156494140625
2024-03-11,38.95974791542972,39.21004365943347,38.89236045849252,39.17153549194336
2024-03-12,39.25818110575962,39.450718290845394,39.123406177901984,39.33519744873047
2024-03-13,39.412205488674786,39.63362194018892,39.38332619962453,39.62399673461914
2024-03-14,39.63362864797029,39.71064499492682,39.09452890864078,39.30632019042969
2024-03-15,39.08490643310688,39.45072679640644,39.00789374587348,39.267818450927734
2024-03-18,39.40599030899361,39.54127267184037,39.21273189702276,39.492958068847656
2024-03-19,39.521951681103644,39.705548655776546,39.502625101743114,39.686222076416016
2024-03-20,39.63791093004961,40.188705588300806,39.570269739469175,40.15971755981445
2024-03-21,40.25634309663362,40.584887572044515,40.20802849151956,40.488258361816406
2024-03-22,40.53657447583238,40.62354224274213,39.99544129437522,40.02442932128906
2024-03-25,39.99544056573173,40.06308175141054,39.86981964111328,39.86981964111328
2024-03-26,40.014769326904585,40.13072512493736,39.879486948171625,40.00510787963867
2024-03-27,40.19836205771851,40.48825705135615,40.092071404375076,40.47859191894531
2024-03-28,40.5269044833741,40.797472884744316,40.4592633045735,40.70083999633789
2024-04-01,40.7394952015184,40.77814835882582,40.401289290498454,40.47859191894531
2024-04-02,40.35296659168736,40.41094632131343,40.198357665518735,40.26599884033203
2024-04-03,40.27567305634402,40.54623781662633,40.14039067620287,40.24668502807617
2024-04-04,40.58488609173244,40.662192406029696,39.744200197673585,39.79251480102539
2024-04-05,39.947122441484716,40.27566689420412,39.81184008204164,40.16937255859375
2024-04-08,40.17904091336274,40.410952494961414,40.15971433386816,40.34331130981445
2024-04-09,40.36263480290321,40.46892913891132,39.79251365299702,40.111392974853516
2024-04-10,39.72487199465152,39.87948093075573,39.38666241268321,39.51228332519531
2024-04-11,39.49295894944214,39.55093868602695,38.99047895754446,39.2320556640625
2024-04-12,38.97115412689766,39.135424509800465,38.565303363322094,38.71025085449219
2024-04-15,39.2127327556886,39.3673417003516,38.40103487466585,38.516990661621094
2024-04-16,38.54598341758383,38.63295119001586,38.198112327855696,38.2560920715332
2024-04-17,38.43002467225235,38.60396020379112,38.19810940147793,38.352718353271484
2024-04-18,38.52665224878062,38.82620869285858,38.4010350150233,38.48800277709961
2024-04-19,38.7005871965902,39.096772843222574,38.623284568211375,39.01947021484375
2024-04-22,39.232054789285506,39.71520819154847,39.0677844018767,39.492958068847656
2024-04-23,39.67656428394609,39.84083469438742,39.57026993075774,39.744205474853516
2024-04-24,39.63790220479152,39.792511132966276,39.53160787551495,39.73453140258789
2024-04-25,39.54127398369443,39.64756832550566,39.1644149072132,39.50262451171875
2024-04-26,39.43498348148901,39.66689505891764,39.34801571841127,39.444644927978516
2024-04-29,39.43498363537852,39.60891916221278,39.24172152932179,39.38666534423828
2024-04-30,39.29970156609848,39.38666933833477,39.00014877319336,39.00014877319336
2024-05-01,38.971160744504076,39.47363711057107,38.92284244846401,39.00014877319336
2024-05-02,39.270706754665234,39.32868648819813,38.81654139074379,39.096771240234375
2024-05-03,39.32869002698402,39.41565779202479,38.99048041352852,39.18374252319336
2024-05-06,39.483298522382576,39.686222076416016,39.396330758344234,39.686222076416016
2024-05-07,39.78284952853439,39.89880899957185,39.71520834684652,39.821502685546875
2024-05-08,39.78285288403489,40.034094739639194,39.67656222253734,39.966453552246094
2024-05-09,39.86981323663945,40.26599884033203,39.860151791452225,40.26599884033203
2024-05-10,40.41094720363925,40.49791495689342,40.362632604313085,40.42061233520508
2024-05-13,40.536569875783165,40.604211055018425,40.25634002685547,40.25634002685547
2024-05-14,40.410952057468336,40.48825837460972,40.25634310935366,40.459266662597656
2024-05-15,40.55589984012489,40.797476553614,40.54623470733118,40.75882339477539
2024-05-16,40.797476553614,40.9520855028003,40.73949681535609,40.75882339477539
2024-05-17,40.826464858505624,41.058380126953125,40.778150252711434,41.058380126953125
2024-05-20,40.971409121428785,41.02938516932895,40.4785905972703,40.49791717529297
2024-05-21,40.575226419544194,40.797476553614,40.55589984012489,40.75882339477539
2024-05-22,40.67185637974269,40.845791911552595,40.43994110860677,40.52690887451172
2024-05-23,40.48826015742279,40.526909631527246,39.81184459732354,39.966453552246094
2024-05-24,40.043756610868336,40.21769214777,40.043756610868336,40.208030700683594
2024-05-28,40.12106325496691,40.12106325496691,39.61858322056106,39.76353073120117
2024-05-29,39.444644927978516,39.57026584935039,39.328689139264206,39.444644927978516
2024-05-30,39.4832948652314,39.7441981331802,39.38666197737939,39.657230377197266
2024-05-31,39.73453855662579,40.27567174575001,39.618582761159274,40.23701858520508
2024-06-03,40.227355523048,40.275670128705215,39.637907749992735,39.98577880859375
2024-06-04,39.773185591641884,40.101730033337624,39.61857665944199,39.80217361450195
2024-06-05,39.92779804309537,39.96645120109418,39.628241597856665,39.91813659667969
2024-06-06,39.98578292864052,40.10173873139931,39.74420618929474,39.8988151550293
2024-06-07,39.90847337188786,40.304659044894876,39.831170738362886,40.0824089050293
2024-06-10,39.908472645282096,39.97611383069799,39.66689592989157,39.927799224853516
2024-06-11,39.73453994071127,39.753866521656946,39.28037819007733,39.473636627197266
2024-06-12,39.87948640605879,39.92780101406831,39.37700637318955,39.43498611450195
2024-06-13,39.43498231153043,39.4446437577333,39.135425872890316,39.40599060058594
2024-06-14,39.13542512617592,39.35767524628072,39.009804210927854,39.280372619628906
2024-06-17,39.183745996065376,39.637911441105395,39.11610480461284,39.62824630737305
2024-06-18,39.57992961887536,39.879486083984375,39.541276458312595,39.879486083984375
2024-06-20,39.79251887855499,40.19836601169876,39.75386571744559,40.09207534790039
2024-06-21,39.99544554240737,40.03409870651011,39.705554183974066,39.937469482421875
2024-06-24,40.105294683657874,40.60006083986892,40.00828287287558,40.34782791137695
2024-06-25,40.27021109464113,40.39632939546538,39.93066609330232,40.047080993652344
2024-06-26,39.86276221945019,39.88216532213095,39.600825884404976,39.79485321044922
2024-06-27,39.678440322246445,39.7948552435151,39.50381608996165,39.7463493347168
2024-06-28,39.83366571686631,40.13440460408175,39.717247082366114,39.882171630859375
2024-07-01,40.047083497311434,40.30901981504691,39.80455028097449,39.96947479248047
2024-07-02,39.891866721192685,40.435142517089844,39.872463617685966,40.435142517089844
2024-07-03,40.4739493427371,40.51275184958002,40.28962170698773,40.309024810791016
2024-07-05,40.3963396751931,40.3963396751931,40.066494289629226,40.2993278503418
2024-07-08,40.35753253292723,40.600065790218295,40.14410578303049,40.19261169433594
2024-07-09,40.23141570871105,40.76498810548759,40.1829060992884,40.5030517578125
2024-07-10,40.30901955347256,40.667967675108244,40.28961645219994,40.658267974853516
2024-07-11,40.69707321750127,41.04632163064471,40.57095491258546,40.97841262817383
2024-07-12,40.9299072977169,41.28885914911412,40.82319578324138,41.114234924316406
2024-07-15,41.259753639839566,41.75452352229026,41.23065083525901,41.71571731567383
2024-07-16,41.74481804832006,42.21048140231423,41.667209339702715,42.19108200073242
2024-07-17,42.14257886908041,42.58884289005473,42.07466985082074,42.51123046875
2024-07-18,42.36570674745927,42.792567640117596,41.90004334700234,41.9970588684082
2024-07-19,41.977651996188264,42.06496410723449,41.52168833841762,41.570194244384766
2024-07-22,41.66720628629218,41.880632994922294,41.47317897782226,41.80302429199219
2024-07-23,41.909744627888735,42.094068558083066,41.812729111394184,41.880638122558594
2024-07-24,41.75452598616673,41.8418381058241,41.308265686035156,41.308265686035156
2024-07-25,41.385873302025615,42.074666838351,41.376173600438975,41.46348571777344
2024-07-26,41.68661858733106,42.23959413301441,41.667215482125556,42.11347579956055
2024-07-29,42.21048464922507,42.239591155363456,41.8418367785997,42.05526351928711
2024-07-30,42.3172026366133,42.68585423210446,42.297799531507046,42.54033279418945
2024-07-31,42.63734366842898,42.79256479158215,42.40451013331747,42.433616638183594
2024-08-01,42.588832741785474,42.64703834313058,41.64780271190039,41.83212661743164
2024-08-02,41.35677036866087,41.50228809659271,40.5515582112028,40.803794860839844
2024-08-05,39.91126694378614,39.9985790528821,39.44560359552878,39.6202278137207
2024-08-06,39.79484998140097,40.7358800308619,39.68813477569759,40.26051330566406
2024-08-07,40.706779186849204,41.09483386138757,40.25081920014481,40.309024810791016
2024-08-08,40.57096022697347,41.00752080058782,40.512750916903705,40.959014892578125
2024-08-09,40.949312652570015,41.240351809650775,40.784391820504254,41.13364028930664
2024-08-12,41.21124712107703,41.317962337308614,40.83289586408394,40.92020797729492
2024-08-13,41.1627385581305,41.28885686924568,40.86199603185994,41.25975036621094
2024-08-14,41.356767144050146,41.84183360086268,41.327660640122296,41.76422119140625
2024-08-15,42.161978601651676,42.38510874390753,42.01646087449193,42.152278900146484
2024-08-16,42.10376703182009,42.46271514892578,42.10376703182009,42.46271514892578
2024-08-19,42.47241508462115,42.70524859748246,42.47241508462115,42.6955451965332
2024-08-20,42.64704264136573,42.6858488466823,42.47241841820459,42.559730529785156
2024-08-21,42.627635479275845,42.67614508168371,42.268687366188786,42.491817474365234
2024-08-22,42.540328595365885,42.73435592651367,42.50152608974715,42.73435592651367
2024-08-23,42.86047123387214,43.209719665234005,42.77315912603167,43.103004455566406
2024-08-26,43.24852252285893,43.471652625463044,43.141807321447615,43.23881912231445
2024-08-27,43.326130395850804,43.481351494730745,43.24852169679229,43.46194839477539
2024-08-28,43.345542037861556,43.81120542626911,43.306735830303346,43.56867218017578
2024-08-29,43.714189038779665,44.10223997150862,43.41344651278504,43.956722259521484
2024-08-30,44.082843240834656,44.41268861674499,43.879116194151045,44.37388610839844
2024-09-03,44.14105250182794,44.50970408640872,43.840309932727344,44.04404067993164
2024-09-04,44.121643543521756,44.40298297076405,43.86941061959772,44.0925407409668
2024-09-05,44.27686566001127,44.29626876240793,43.4134479575585,43.60747528076172
2024-09-06,43.6074773959113,43.85001063648838,42.87017427212939,42.96718978881836
2024-09-09,43.374641752765186,43.85000850957489,43.31643614633858,43.60747528076172
2024-09-10,43.75299472891971,43.79180093524861,42.66644685705518,43.161216735839844
2024-09-11,42.99629140457719,43.025394208397394,42.08436777749734,42.95748519897461
2024-09-12,43.0350974770927,43.19031859825953,42.68584902927647,43.054500579833984
2024-09-13,43.18061447143555,43.35523869241145,43.08360266012156,43.18061447143555
2024-09-16,43.36493873165234,43.75298964758374,43.36493873165234,43.743289947509766
2024-09-17,43.840305905265076,44.12164534398795,43.791799998773,43.97612762451172
2024-09-18,43.99552644755929,44.3253717884338,43.743293516661566,43.84030532836914
2024-09-19,44.286572096582375,44.441793225629695,43.98582953996912,44.325374603271484
2024-09-20,44.22835945558695,44.296268463134766,43.98582622841237,44.296268463134766
2024-09-23,44.29140328367839,44.4666571165048,44.16482756323989,44.24271774291992
2024-09-24,44.10640832933562,44.10640832933562,43.71694999208815,43.87273406982422
2024-09-25,43.892203986458654,43.95062068950928,43.473533615065435,43.60984420776367
2024-09-26,43.736414837035625,43.92141096206081,43.59036936979913,43.83378219604492
2024-09-27,43.93114941354196,44.24271755933986,43.86299411378525,43.96036148071289
2024-09-30,43.85325999133457,44.145354668790105,43.65852896830243,44.12588119506836
2024-10-01,44.00904523059976,44.116147481808675,43.600109700000765,43.892208099365234
2024-10-02,43.872728343497386,44.038247279532094,43.64878899311724,43.94088363647461
2024-10-03,43.775365841307696,43.86299461545216,43.493006045266064,43.707210540771484
2024-10-04,44.135617382170906,44.48612874749189,43.960359842417844,44.44718551635742
2024-10-07,44.44718934568147,44.46665910583354,43.71695077185879,43.90194320678711
2024-10-08,44.06745774869446,44.26218875835841,43.989567573339926,44.155086517333984
2024-10-09,44.15508657198999,44.65165083295698,44.06745780324199,44.564022064208984
2024-10-10,44.612703903488004,44.65165084831942,44.242715355959724,44.427711486816406
2024-10-11,44.71006479436441,45.37214795893121,44.680856444634514,45.28451919555664
2024-10-14,45.36242098972611,45.615568731288334,45.23584526185225,45.56688690185547
2024-10-15,45.87845018973524,46.1413364977469,45.605829002546166,45.664249420166016
2024-10-16,45.839511229447325,46.248443048328795,45.75188245194623,46.22896957397461
2024-10-17,46.42369270610366,46.55026841078107,46.32632906508093,46.35553741455078
2024-10-18,46.355537643496234,46.462639877661104,46.102386232891114,46.365272521972656
2024-10-21,46.287387333709226,46.39448957940195,45.90766389111519,45.99529266357422
2024-10-22,45.76160845107115,45.98554779140614,45.54740398893128,45.907657623291016
2024-10-23,45.85897478595383,45.97581561627306,45.64477402540516,45.86871337890625
2024-10-24,45.8784455603362,45.966074320831176,45.62529787123113,45.907657623291016
2024-10-25,46.092658810887364,46.17054899385368,45.29426493600905,45.4013671875
2024-10-28,45.63503810168327,46.00502665763184,45.62530322234641,45.96607971191406
2024-10-29,45.84923846764195,45.9758141727545,45.644772592280425,45.6837158203125
2024-10-30,45.742138225865325,46.180282059426155,45.70319128195214,45.888187408447266
2024-10-31,45.82977217603241,45.966082780960605,45.25531768798828,45.25531768798828
2024-11-01,45.401367414821884,45.76161740548891,45.29426516279469,45.411102294921875
2024-11-04,45.381891762635284,45.42083870953717,44.8171721751138,45.060585021972656
2024-11-05,45.09953222726381,45.498729149832045,45.011903453325154,45.47925567626953
2024-11-06,47.747862365925435,48.37099862613571,47.41682076341559,48.244422912597656
2024-11-07,48.137325661090344,48.137325661090344,47.37787872951251,47.46550750732422
2024-11-08,47.80628449037688,48.166538199440524,47.56287162899169,47.89391326904297
2024-11-11,48.37100405876741,48.81888283182246,48.36126546437876,48.575469970703125
2024-11-12,48.55599247427609,48.62414777260943,48.28337128094269,48.429420471191406
2024-11-13,48.52678872765364,48.809148541368266,48.38073952354317,48.45863342285156
2024-11-14,48.56573210473351,48.672834351311174,48.24442536500054,48.332054138183594
2024-11-15,48.33205655719401,48.69230654756135,48.302848202732875,48.55599594116211
2024-11-18,48.594943188078545,48.78967421878038,48.39047727722508,48.70204544067383
2024-11-19,48.3125781936878,48.565729620684074,48.11784718388722,48.380733489990234
2024-11-20,48.57546428518242,48.60467263655868,48.00100985161047,48.23468780517578
2024-11-21,48.47810625126347,49.07203422592106,48.351530523667876,48.84809112548828
2024-11-22,48.818878979579125,49.44201526060393,48.80914410014414,49.393333435058594
2024-11-25,49.66595984090308,49.89963782789978,49.519914348942535,49.71464538574219
2024-11-26,49.73411771963151,49.90937156312563,49.4225458393901,49.812007904052734
2024-11-27,49.88015825568132,50.25988168822293,49.86068478296314,49.909366607666016
2024-11-29,50.084626379574075,50.21120210078952,49.89963395178636,49.98726272583008
2024-12-02,50.06515049737887,50.13330950874295,49.364124052940454,49.490699768066406
2024-12-03,49.78279550794258,49.78279550794258,49.12071228027344,49.12071228027344
2024-12-04,49.072029029216125,49.11097226004143,48.770195776663094,48.93571472167969
2024-12-05,49.013612733481516,49.3349157713745,48.974665785195874,49.08176803588867
2024-12-06,49.0720329284668,49.23755188663548,48.93571861009886,49.0720329284668
2024-12-09,49.11097255642777,49.159658095077155,48.38073404690852,48.40020751953125
2024-12-10,48.43915805487899,48.66309743536009,48.088642950061455,48.39047622680664
2024-12-11,48.58520611316242,48.60467587258615,48.2736379637883,48.48783874511719
2024-12-12,48.614416193757926,48.65336314235981,48.27363967895508,48.27363967895508
2024-12-13,48.468362044556024,48.48783551686856,48.12758556454939,48.23468780517578
2024-12-16,48.26389751727126,48.32231793585592,48.059431623502704,48.14706039428711
2024-12-17,47.96205846394639,47.97179705629304,47.64075548601669,47.8062744140625
2024-12-18,47.89391294104929,48.00101519359498,46.3360721245269,46.37501907348633
2024-12-19,46.900784941852855,47.251300031054576,46.53080009363792,46.54053497314453
2024-12-20,46.443171541961505,47.60181534638433,46.34580417550669,47.23182678222656
2024-12-23,46.99324679471595,47.384366033620644,46.80746170596303,47.345252990722656
2024-12-24,47.443034233641235,47.9221559402757,47.35503175466399,47.90260314941406
2024-12-26,47.68748223321994,48.03949212760073,47.65814931869645,48.019935607910156
2024-12-27,47.76570565896288,48.07860252101762,47.413699486669906,47.66792678833008
2024-12-30,47.17902584892029,47.42347676005459,46.79768302435476,47.20835876464844
2024-12-31,47.32569769594036,47.49192252442652,47.091023180990916,47.25725173950195
