2017.01.03,00:00,1150.000000,1164.408000,1146.039000,1158.102000,56.862990
2017.01.04,00:00,1157.751000,1167.862000,1156.138000,1162.668000,61.042965
2017.01.05,00:00,1162.332000,1185.038000,1162.332000,1179.468000,82.042671
2017.01.06,00:00,1179.461000,1182.649000,1170.919000,1172.158000,69.236035
2017.01.09,00:00,1172.591000,1186.078000,1171.588000,1180.888000,56.403420
2017.01.10,00:00,1182.428000,1190.609000,1180.099000,1186.971000,59.014703
2017.01.11,00:00,1186.971000,1198.179000,1177.098000,1190.502000,66.679990
2017.01.12,00:00,1190.501000,1206.929000,1190.501000,1194.371000,64.196174
2017.01.13,00:00,1194.138000,1200.699000,1187.838000,1196.668000,61.762537
2017.01.16,00:00,1200.202000,1208.581000,1197.849000,1202.578000,41.812470
2017.01.17,00:00,1202.309000,1218.798000,1201.979000,1216.088000,71.103805
2017.01.18,00:00,1215.911000,1217.509000,1202.348000,1203.229000,62.675565
2017.01.19,00:00,1203.152000,1206.479000,1195.849000,1203.861000,78.693095
2017.01.20,00:00,1203.861000,1214.898000,1198.578000,1209.609000,75.432345
2017.01.23,00:00,1209.462000,1219.449000,1209.258000,1217.311000,68.414451
2017.01.24,00:00,1217.978000,1219.931000,1206.549000,1207.758000,60.681230
2017.01.25,00:00,1207.721000,1209.779000,1193.208000,1199.592000,65.319590
2017.01.26,00:00,1200.361000,1202.622000,1184.378000,1188.058000,61.121670
2017.01.27,00:00,1187.431000,1191.568000,1180.548000,1190.088000,60.787710
2017.01.30,00:00,1192.872000,1199.399000,1188.211000,1194.511000,62.409045
2017.01.31,00:00,1195.159000,1215.322000,1193.708000,1209.601000,78.588525
2017.02.01,00:00,1209.601000,1213.189000,1198.148000,1208.468000,79.813424
2017.02.02,00:00,1208.341000,1225.288000,1208.341000,1214.741000,80.981555
2017.02.03,00:00,1214.889000,1221.338000,1206.351000,1219.538000,74.744280
2017.02.06,00:00,1219.432000,1235.599000,1219.158000,1234.452000,78.358485
2017.02.07,00:00,1234.452000,1235.709000,1227.691000,1232.701000,65.712250
2017.02.08,00:00,1233.009000,1244.708000,1229.979000,1240.582000,70.863215
2017.02.09,00:00,1240.359000,1244.428000,1225.600000,1227.141000,61.779195
2017.02.10,00:00,1227.568000,1237.069000,1221.589000,1232.858000,76.204160
2017.02.13,00:00,1231.479000,1232.822000,1219.298000,1223.851000,70.601220
2017.02.14,00:00,1223.852000,1234.478000,1221.839000,1226.992000,66.914105
2017.02.15,00:00,1226.992000,1233.182000,1216.601000,1232.282000,60.164635
2017.02.16,00:00,1232.558000,1242.339000,1232.058000,1237.921000,67.910960
2017.02.17,00:00,1238.398000,1243.749000,1233.728000,1233.728000,61.656535
2017.02.20,00:00,1234.901000,1238.941000,1232.711000,1237.621000,33.731500
2017.02.21,00:00,1236.989000,1238.819000,1226.108000,1235.048000,58.395210
2017.02.22,00:00,1234.702000,1240.329000,1231.179000,1236.451000,65.692410
2017.02.23,00:00,1236.451000,1251.078000,1235.728000,1248.661000,68.519755
2017.02.24,00:00,1248.661000,1260.109000,1247.708000,1256.428000,65.423445
2017.02.27,00:00,1257.581000,1263.831000,1250.938000,1251.868000,67.261705
2017.02.28,00:00,1251.771000,1258.358000,1247.201000,1247.201000,59.871880
2017.03.01,00:00,1247.201000,1250.599000,1236.849000,1248.561000,78.495175
2017.03.02,00:00,1248.561000,1249.702000,1230.919000,1232.901000,70.484950
2017.03.03,00:00,1232.901000,1236.288000,1222.808000,1234.008000,75.016296
2017.03.06,00:00,1232.731000,1236.868000,1224.052000,1224.242000,64.531464
2017.03.07,00:00,1224.242000,1227.089000,1214.142000,1214.728000,54.467798
2017.03.08,00:00,1214.651000,1218.489000,1206.598000,1207.148000,57.535291
2017.03.09,00:00,1206.881000,1208.958000,1199.218000,1200.028000,74.520945
2017.03.10,00:00,1199.982000,1206.299000,1194.848000,1203.892000,58.962690
2017.03.13,00:00,1205.831000,1211.129000,1202.388000,1202.799000,62.032150
2017.03.14,00:00,1202.328000,1207.588000,1197.298000,1197.898000,62.002690
2017.03.15,00:00,1198.629000,1221.998000,1197.548000,1218.358000,65.198673
2017.03.16,00:00,1219.038000,1233.698000,1217.972000,1225.333000,74.498025
2017.03.17,00:00,1225.333000,1231.579000,1224.422000,1228.528000,56.634913
2017.03.20,00:00,1229.572000,1235.468000,1229.261000,1234.000000,50.510790
2017.03.21,00:00,1234.000000,1247.548000,1226.859000,1243.559000,68.796950
2017.03.22,00:00,1244.008000,1251.319000,1243.948000,1247.669000,73.743984
2017.03.23,00:00,1248.789000,1253.272000,1242.781000,1244.239000,72.188827
2017.03.24,00:00,1244.029000,1251.838000,1240.948000,1242.469000,58.434144
2017.03.27,00:00,1246.622000,1261.012000,1246.621000,1253.709000,52.112052
2017.03.28,00:00,1253.418000,1258.319000,1247.671000,1250.609000,49.875228
2017.03.29,00:00,1250.589000,1254.609000,1247.288000,1252.578000,53.537817
2017.03.30,00:00,1253.499000,1253.729000,1242.233000,1242.233000,44.692145
2017.03.31,00:00,1242.233000,1250.542000,1239.649000,1248.358000,49.181004
2017.04.03,00:00,1247.378000,1253.679000,1244.442000,1252.178000,39.457553
2017.04.04,00:00,1252.229000,1261.249000,1252.178000,1255.028000,45.143505
2017.04.05,00:00,1254.808000,1257.311000,1243.691000,1254.599000,54.328870
2017.04.06,00:00,1255.429000,1258.809000,1249.751000,1250.819000,53.736340
2017.04.07,00:00,1251.158000,1270.531000,1250.558000,1253.759000,70.273755
2017.04.10,00:00,1253.971000,1257.041000,1247.108000,1253.528000,51.781888
2017.04.11,00:00,1253.928000,1275.069000,1253.028000,1273.479000,61.435720
2017.04.12,00:00,1273.598000,1286.742000,1271.942000,1285.538000,62.220475
2017.04.13,00:00,1286.119000,1288.562000,1281.851000,1286.398000,63.584265
2017.04.17,00:00,1290.271000,1295.422000,1281.348000,1283.569000,49.098707
2017.04.18,00:00,1283.298000,1292.288000,1278.898000,1288.519000,65.576025
2017.04.19,00:00,1288.478000,1290.692000,1274.071000,1279.018000,61.113590
2017.04.20,00:00,1279.788000,1283.391000,1276.599000,1280.659000,61.124461
2017.04.21,00:00,1281.858000,1288.211000,1278.471000,1284.421000,60.498850
2017.04.24,00:00,1275.928000,1277.392000,1265.431000,1274.979000,65.351665
2017.04.25,00:00,1276.218000,1278.129000,1261.601000,1263.098000,56.434605
2017.04.26,00:00,1262.998000,1270.598000,1260.008000,1267.618000,60.674950
2017.04.27,00:00,1268.649000,1269.522000,1261.259000,1262.948000,55.714795
2017.04.28,00:00,1263.718000,1268.522000,1263.101000,1266.769000,51.027727
2017.05.01,00:00,1268.252000,1271.072000,1254.189000,1255.358000,37.156364
2017.05.02,00:00,1256.339000,1257.728000,1251.999000,1255.779000,49.514505
2017.05.03,00:00,1256.378000,1256.921000,1235.881000,1236.638000,48.948700
2017.05.04,00:00,1237.988000,1241.259000,1225.701000,1226.848000,57.292902
2017.05.05,00:00,1228.079000,1235.561000,1226.078000,1226.812000,55.510872
2017.05.08,00:00,1221.688000,1236.492000,1221.059000,1225.600000,52.792198
2017.05.09,00:00,1225.600000,1228.591000,1214.259000,1220.049000,52.758975
2017.05.10,00:00,1221.988000,1225.619000,1217.542000,1217.909000,48.907376
2017.05.11,00:00,1217.888000,1227.618000,1216.949000,1223.699000,49.323621
2017.05.12,00:00,1224.759000,1231.739000,1224.428000,1227.442000,45.560885
2017.05.15,00:00,1228.128000,1237.281000,1226.942000,1229.278000,47.235400
2017.05.16,00:00,1229.278000,1239.078000,1229.278000,1235.688000,44.080140
2017.05.17,00:00,1236.778000,1261.182000,1236.421000,1259.899000,68.901025
2017.05.18,00:00,1260.918000,1265.002000,1246.000000,1246.000000,81.639085
2017.05.19,00:00,1246.229000,1256.392000,1246.118000,1255.221000,59.705391
2017.05.22,00:00,1256.998000,1262.558000,1251.748000,1259.328000,54.423295
2017.05.23,00:00,1259.599000,1263.728000,1250.661000,1251.140000,60.580588
2017.05.24,00:00,1251.140000,1258.918000,1247.952000,1257.448000,53.174754
2017.05.25,00:00,1257.218000,1259.629000,1253.798000,1254.479000,50.343060
2017.05.26,00:00,1255.278000,1269.429000,1253.038000,1266.492000,48.702758
2017.05.29,00:00,1267.121000,1268.992000,1265.021000,1266.718000,17.412945
2017.05.30,00:00,1267.071000,1270.439000,1259.369000,1261.608000,46.058760
2017.05.31,00:00,1261.958000,1274.072000,1259.529000,1267.529000,50.284590
2017.06.01,00:00,1268.219000,1270.279000,1261.488000,1264.729000,48.485820
2017.06.02,00:00,1264.829000,1279.472000,1259.029000,1278.298000,52.381445
2017.06.05,00:00,1279.758000,1283.381000,1277.749000,1278.379000,40.869520
2017.06.06,00:00,1278.768000,1296.058000,1278.739000,1292.928000,59.979851
2017.06.07,00:00,1294.138000,1294.908000,1282.618000,1285.828000,58.932765
2017.06.08,00:00,1286.719000,1288.899000,1271.311000,1277.651000,62.212035
2017.06.09,00:00,1280.859000,1281.522000,1264.628000,1266.332000,60.679867
2017.06.12,00:00,1266.871000,1270.351000,1263.558000,1264.659000,54.000518
2017.06.13,00:00,1265.138000,1268.912000,1259.268000,1265.279000,50.486490
2017.06.14,00:00,1266.148000,1281.087000,1257.138000,1259.568000,61.538752
2017.06.15,00:00,1259.298000,1266.656000,1251.492000,1252.808000,56.088570
2017.06.16,00:00,1253.759000,1257.141000,1251.769000,1253.241000,44.051505
2017.06.19,00:00,1254.221000,1255.662000,1242.538000,1242.538000,43.788080
2017.06.20,00:00,1243.859000,1248.092000,1241.281000,1241.718000,44.672740
2017.06.21,00:00,1242.748000,1247.801000,1240.969000,1246.341000,46.228209
2017.06.22,00:00,1245.148000,1254.682000,1245.148000,1249.569000,48.149109
2017.06.23,00:00,1249.859000,1258.811000,1249.858000,1256.002000,39.215765
2017.06.26,00:00,1257.121000,1257.991000,1236.001000,1243.808000,47.839758
2017.06.27,00:00,1244.179000,1253.112000,1241.341000,1245.928000,51.299980
2017.06.28,00:00,1246.628000,1254.849000,1246.138000,1248.689000,55.508022
2017.06.29,00:00,1248.429000,1253.148000,1239.791000,1244.249000,59.941526
2017.06.30,00:00,1244.918000,1248.222000,1239.308000,1240.411000,55.059082
2017.07.03,00:00,1241.621000,1242.672000,1218.489000,1219.089000,55.859720
2017.07.04,00:00,1219.508000,1226.488000,1219.508000,1222.829000,30.321535
2017.07.05,00:00,1223.531000,1228.801000,1217.429000,1225.679000,57.809006
2017.07.06,00:00,1225.679000,1229.132000,1222.549000,1224.761000,50.441985
2017.07.07,00:00,1224.788000,1228.449000,1207.251000,1212.251000,48.208080
2017.07.10,00:00,1212.328000,1215.581000,1204.832000,1214.112000,40.609400
2017.07.11,00:00,1213.879000,1217.431000,1208.172000,1216.489000,47.272352
2017.07.12,00:00,1216.798000,1225.651000,1213.389000,1219.329000,44.624400
2017.07.13,00:00,1219.369000,1224.419000,1216.518000,1217.342000,44.910715
2017.07.14,00:00,1216.888000,1232.858000,1214.761000,1228.501000,48.948920
2017.07.17,00:00,1229.109000,1235.972000,1228.211000,1232.998000,39.887840
2017.07.18,00:00,1233.779000,1244.521000,1232.791000,1242.372000,48.836846
2017.07.19,00:00,1242.319000,1243.978000,1235.938000,1241.172000,44.287655
2017.07.20,00:00,1240.939000,1247.512000,1235.281000,1244.332000,56.856155
2017.07.21,00:00,1244.089000,1255.701000,1243.331000,1254.661000,53.603545
2017.07.24,00:00,1255.122000,1258.791000,1251.901000,1254.309000,55.225860
2017.07.25,00:00,1254.539000,1257.889000,1249.078000,1249.701000,59.177379
2017.07.26,00:00,1250.009000,1263.508000,1243.731000,1260.038000,62.491570
2017.07.27,00:00,1260.472000,1265.229000,1254.499000,1259.021000,73.379456
2017.07.28,00:00,1258.729000,1270.822000,1257.331000,1268.802000,64.261206
2017.07.31,00:00,1270.071000,1271.129000,1265.749000,1268.518000,54.757390
2017.08.01,00:00,1268.958000,1274.061000,1262.638000,1268.731000,64.792842
2017.08.02,00:00,1268.598000,1272.812000,1262.848000,1266.432000,57.597480
2017.08.03,00:00,1265.699000,1270.799000,1257.401000,1267.029000,60.418150
2017.08.04,00:00,1269.229000,1270.118000,1254.162000,1258.072000,54.415900
2017.08.07,00:00,1258.778000,1259.869000,1255.712000,1256.698000,49.623337
2017.08.08,00:00,1257.089000,1265.181000,1251.488000,1260.602000,55.841840
2017.08.09,00:00,1260.399000,1278.688000,1260.399000,1277.131000,81.288120
2017.08.10,00:00,1277.009000,1287.792000,1274.598000,1286.331000,68.954230
2017.08.11,00:00,1286.418000,1292.011000,1281.271000,1288.258000,64.357402
2017.08.14,00:00,1290.121000,1290.121000,1278.588000,1281.771000,58.751032
2017.08.15,00:00,1281.598000,1281.942000,1267.278000,1271.101000,57.465370
2017.08.16,00:00,1271.218000,1283.782000,1267.731000,1282.028000,62.963650
2017.08.17,00:00,1283.498000,1290.121000,1281.438000,1287.730000,72.745640
2017.08.18,00:00,1288.008000,1300.828000,1283.481000,1283.511000,75.921090
2017.08.21,00:00,1283.172000,1293.702000,1280.491000,1291.059000,56.120908
2017.08.22,00:00,1291.279000,1292.448000,1281.991000,1284.721000,54.425458
2017.08.23,00:00,1285.071000,1291.411000,1282.711000,1289.698000,56.943210
2017.08.24,00:00,1290.249000,1291.171000,1284.468000,1286.161000,61.273360
2017.08.25,00:00,1286.322000,1294.378000,1276.137000,1290.672000,64.314506
2017.08.28,00:00,1292.241000,1312.072000,1291.779000,1309.248000,55.393455
2017.08.29,00:00,1314.508000,1325.951000,1304.989000,1309.112000,77.346430
2017.08.30,00:00,1308.868000,1313.641000,1305.138000,1308.561000,64.376805
2017.08.31,00:00,1308.539000,1323.631000,1298.288000,1320.218000,70.510830
2017.09.01,00:00,1321.549000,1328.809000,1316.441000,1323.661000,62.894788
2017.09.04,00:00,1334.521000,1339.592000,1331.742000,1333.902000,41.695777
2017.09.05,00:00,1334.172000,1344.328000,1326.259000,1339.511000,76.578335
2017.09.06,00:00,1339.379000,1342.429000,1331.598000,1333.971000,69.155445
2017.09.07,00:00,1334.179000,1349.839000,1332.501000,1348.985000,71.366330
2017.09.08,00:00,1348.528000,1357.498000,1342.711000,1346.061000,69.842330
2017.09.11,00:00,1335.871000,1339.982000,1326.349000,1326.698000,56.421580
2017.09.12,00:00,1326.618000,1332.022000,1322.589000,1330.929000,64.725010
2017.09.13,00:00,1333.949000,1334.599000,1320.991000,1322.831000,63.354770
2017.09.14,00:00,1323.379000,1330.808000,1315.718000,1329.302000,60.347275
2017.09.15,00:00,1329.258000,1334.292000,1319.318000,1319.642000,79.670170
2017.09.18,00:00,1319.288000,1319.891000,1304.602000,1306.378000,99.274419
2017.09.19,00:00,1306.178000,1311.642000,1305.138000,1310.891000,106.270350
2017.09.20,00:00,1310.968000,1315.968000,1296.008000,1300.742000,110.004004
2017.09.21,00:00,1301.018000,1301.692000,1288.161000,1290.388000,123.504770
2017.09.22,00:00,1290.999000,1298.689000,1290.958000,1297.131000,101.703060
2017.09.25,00:00,1297.972000,1311.921000,1289.428000,1310.551000,111.575790
2017.09.26,00:00,1310.178000,1313.602000,1292.169000,1293.522000,114.004739
2017.09.27,00:00,1293.928000,1296.208000,1281.451000,1282.562000,107.745350
2017.09.28,00:00,1282.108000,1288.741000,1277.682000,1285.578000,106.288515
2017.09.29,00:00,1286.878000,1290.332000,1275.751000,1278.502000,109.564345
2017.10.02,00:00,1279.541000,1280.072000,1269.328000,1270.742000,96.604300
2017.10.03,00:00,1270.168000,1274.701000,1268.298000,1271.471000,85.778200
2017.10.04,00:00,1271.588000,1282.172000,1270.592000,1274.612000,92.218370
2017.10.05,00:00,1274.721000,1278.962000,1266.328000,1268.051000,91.981100
2017.10.06,00:00,1268.159000,1276.492000,1260.581000,1276.262000,95.566150
2017.10.09,00:00,1276.051000,1285.431000,1275.251000,1283.742000,86.108520
2017.10.10,00:00,1284.008000,1294.169000,1282.081000,1287.422000,102.138220
2017.10.11,00:00,1287.808000,1293.491000,1284.538000,1290.378000,103.514660
2017.10.12,00:00,1291.929000,1297.431000,1289.631000,1292.758000,97.983350
2017.10.13,00:00,1293.359000,1303.772000,1290.858000,1303.511000,100.059420
2017.10.16,00:00,1303.131000,1306.012000,1290.482000,1294.209000,100.909755
2017.10.17,00:00,1294.839000,1296.218000,1281.518000,1285.071000,103.735850
2017.10.18,00:00,1284.932000,1288.851000,1276.972000,1280.621000,99.841292
2017.10.19,00:00,1280.599000,1290.499000,1276.639000,1289.128000,115.398440
2017.10.20,00:00,1289.438000,1291.038000,1277.921000,1280.061000,105.622193
2017.10.23,00:00,1279.421000,1283.231000,1272.518000,1281.018000,101.389626
2017.10.24,00:00,1281.848000,1283.612000,1273.701000,1276.591000,98.121385
2017.10.25,00:00,1276.538000,1279.981000,1271.000000,1277.051000,114.666400
2017.10.26,00:00,1277.129000,1282.499000,1265.682000,1266.872000,115.760920
2017.10.27,00:00,1266.869000,1273.972000,1263.479000,1273.791000,114.114040
2017.10.30,00:00,1272.779000,1278.772000,1268.948000,1276.132000,94.593140
2017.10.31,00:00,1276.259000,1278.108000,1267.661000,1270.911000,97.047470
2017.11.01,00:00,1271.048000,1280.849000,1267.941000,1274.551000,107.299910
2017.11.02,00:00,1274.408000,1284.068000,1273.332000,1275.902000,113.146720
2017.11.03,00:00,1276.559000,1280.142000,1265.469000,1269.712000,103.236980
2017.11.06,00:00,1269.901000,1282.862000,1266.042000,1280.848000,113.788420
2017.11.07,00:00,1281.721000,1281.821000,1271.862000,1274.872000,120.028020
2017.11.08,00:00,1275.821000,1287.142000,1275.821000,1281.221000,121.548890
2017.11.09,00:00,1281.721000,1288.699000,1279.931000,1284.631000,140.838590
2017.11.10,00:00,1285.292000,1287.031000,1273.392000,1275.300000,121.730700
2017.11.13,00:00,1274.851000,1279.722000,1274.261000,1277.179000,114.407770
2017.11.14,00:00,1278.032000,1283.552000,1269.902000,1279.967000,122.485750
2017.11.15,00:00,1279.821000,1289.451000,1276.678000,1278.102000,119.803040
2017.11.16,00:00,1278.121000,1281.742000,1275.101000,1278.202000,117.002440
2017.11.17,00:00,1278.592000,1296.941000,1278.171000,1294.071000,123.803140
2017.11.20,00:00,1293.372000,1294.749000,1274.569000,1276.591000,115.822460
2017.11.21,00:00,1277.031000,1284.702000,1276.370000,1280.231000,114.637074
2017.11.22,00:00,1280.432000,1294.658000,1279.050000,1291.108000,120.860831
2017.11.23,00:00,1291.871000,1293.502000,1287.041000,1291.021000,65.807570
2017.11.24,00:00,1291.471000,1293.202000,1285.669000,1288.448000,98.874355
2017.11.27,00:00,1289.121000,1299.168000,1286.721000,1294.272000,96.313260
2017.11.28,00:00,1294.341000,1297.377000,1290.601000,1292.568000,98.096140
2017.11.29,00:00,1293.461000,1296.621000,1281.991000,1283.472000,117.905677
2017.11.30,00:00,1283.831000,1285.232000,1270.371000,1274.158000,124.512390
2017.12.01,00:00,1274.361000,1289.209000,1271.619000,1280.201000,126.583000
2017.12.04,00:00,1274.522000,1277.131000,1271.051000,1275.852000,104.781660
2017.12.05,00:00,1275.981000,1276.982000,1260.932000,1265.571000,112.067645
2017.12.06,00:00,1266.142000,1269.218000,1262.289000,1262.398000,125.054900
2017.12.07,00:00,1263.031000,1264.422000,1243.901000,1246.109000,121.338245
2017.12.08,00:00,1247.301000,1252.312000,1243.639000,1248.371000,104.631710
2017.12.11,00:00,1247.121000,1251.518000,1240.672000,1241.691000,94.997862
2017.12.12,00:00,1241.631000,1246.179000,1236.461000,1244.322000,99.664355
2017.12.13,00:00,1244.151000,1257.068000,1240.248000,1255.532000,112.459650
2017.12.14,00:00,1255.031000,1259.022000,1250.461000,1252.028000,108.667330
2017.12.15,00:00,1252.721000,1261.809000,1252.611000,1254.972000,115.422980
2017.12.18,00:00,1254.771000,1263.922000,1252.742000,1261.289000,104.534130
2017.12.19,00:00,1261.922000,1265.212000,1259.211000,1261.542000,97.889950
2017.12.20,00:00,1261.462000,1267.839000,1261.341000,1265.311000,102.505734
2017.12.21,00:00,1265.332000,1268.959000,1262.749000,1266.371000,87.680710
2017.12.22,00:00,1266.431000,1276.121000,1264.941000,1274.752000,95.769470
2017.12.26,00:00,1274.271000,1283.798000,1273.248000,1282.762000,50.278831
2017.12.27,00:00,1282.862000,1288.979000,1281.311000,1287.072000,84.770010
2017.12.28,00:00,1286.832000,1295.171000,1286.741000,1293.559000,105.370780
2017.12.29,00:00,1294.642000,1307.552000,1293.791000,1302.622000,97.387580
2018.01.02,00:00,1302.922000,1318.852000,1302.231000,1316.958000,109.807960
2018.01.03,00:00,1317.502000,1321.401000,1307.428000,1312.851000,112.079111
2018.01.04,00:00,1313.402000,1325.969000,1305.869000,1322.432000,104.528800
2018.01.05,00:00,1322.441000,1323.362000,1313.639000,1319.221000,104.381655
2018.01.08,00:00,1320.422000,1322.101000,1314.781000,1320.231000,90.214105
2018.01.09,00:00,1320.281000,1320.302000,1308.822000,1311.848000,106.853830
2018.01.10,00:00,1312.292000,1327.691000,1308.168000,1316.391000,113.379446
2018.01.11,00:00,1316.571000,1323.902000,1315.678000,1321.489000,100.074050
2018.01.12,00:00,1322.471000,1339.301000,1321.501000,1337.532000,105.628175
2018.01.15,00:00,1336.621000,1344.672000,1335.842000,1339.938000,68.511890
2018.01.16,00:00,1340.221000,1342.221000,1331.841000,1338.261000,111.437989
2018.01.17,00:00,1338.512000,1343.931000,1325.911000,1326.011000,114.217879
2018.01.18,00:00,1327.031000,1333.089000,1324.251000,1326.637000,112.648990
2018.01.19,00:00,1326.831000,1338.039000,1326.231000,1331.601000,105.718730
2018.01.22,00:00,1334.041000,1335.627000,1328.409000,1333.831000,99.429506
2018.01.23,00:00,1333.791000,1341.771000,1331.342000,1340.907000,116.276600
2018.01.24,00:00,1341.542000,1361.991000,1339.451000,1357.358000,116.176210
2018.01.25,00:00,1357.502000,1366.002000,1342.408000,1347.698000,126.250730
2018.01.26,00:00,1347.231000,1357.111000,1344.611000,1349.198000,97.360150
2018.01.29,00:00,1349.639000,1352.358000,1337.601000,1339.969000,81.392580
2018.01.30,00:00,1340.652000,1348.881000,1334.421000,1338.248000,105.807210
2018.01.31,00:00,1338.372000,1347.522000,1332.639000,1344.628000,93.792850
2018.02.01,00:00,1344.852000,1351.009000,1337.211000,1348.248000,96.436555
2018.02.02,00:00,1348.641000,1350.049000,1327.401000,1332.598000,104.030882
2018.02.05,00:00,1332.021000,1341.591000,1328.971000,1339.179000,103.871210
2018.02.06,00:00,1339.641000,1346.062000,1320.178000,1323.848000,154.670540
2018.02.07,00:00,1323.701000,1332.279000,1311.368000,1318.119000,120.427340
2018.02.08,00:00,1317.702000,1322.151000,1307.018000,1318.358000,127.628345
2018.02.09,00:00,1317.741000,1322.671000,1311.138000,1315.688000,129.574480
2018.02.12,00:00,1315.272000,1326.631000,1314.129000,1322.359000,84.888530
2018.02.13,00:00,1322.428000,1330.991000,1321.558000,1329.199000,91.294955
2018.02.14,00:00,1329.321000,1355.540000,1318.000000,1350.308000,114.801459
2018.02.15,00:00,1349.642000,1357.079000,1348.548000,1353.148000,99.012440
2018.02.16,00:00,1353.311000,1361.682000,1344.749000,1346.878000,91.547575
2018.02.19,00:00,1347.462000,1351.351000,1345.789000,1346.432000,63.747340
2018.02.20,00:00,1346.221000,1348.188000,1328.451000,1328.879000,108.271645
2018.02.21,00:00,1329.189000,1336.208000,1322.341000,1324.319000,87.761450
2018.02.22,00:00,1324.048000,1332.082000,1320.898000,1331.728000,111.872739
2018.02.23,00:00,1331.511000,1332.111000,1325.768000,1328.478000,88.388945
2018.02.26,00:00,1328.162000,1341.042000,1326.631000,1333.048000,87.864085
2018.02.27,00:00,1333.148000,1336.699000,1313.389000,1317.948000,98.159976
2018.02.28,00:00,1317.639000,1322.522000,1315.581000,1317.859000,115.597455
2018.03.01,00:00,1317.921000,1321.118000,1302.758000,1316.618000,116.337645
2018.03.02,00:00,1316.861000,1325.411000,1315.178000,1322.358000,123.071595
2018.03.05,00:00,1323.672000,1327.752000,1317.508000,1319.769000,131.362735
2018.03.06,00:00,1319.932000,1338.449000,1319.839000,1334.288000,129.569370
2018.03.07,00:00,1337.551000,1340.468000,1322.172000,1325.208000,146.125025
2018.03.08,00:00,1325.221000,1328.992000,1319.008000,1321.699000,113.490569
2018.03.09,00:00,1321.681000,1325.118000,1312.829000,1322.909000,53.635572
2018.03.12,00:00,1323.272000,1324.219000,1315.048000,1322.851000,51.887680
2018.03.13,00:00,1322.728000,1328.268000,1313.938000,1326.181000,63.185200
2018.03.14,00:00,1325.769000,1329.989000,1321.458000,1324.581000,44.735020
2018.03.15,00:00,1324.418000,1327.892000,1315.000000,1316.001000,27.957455
2018.03.16,00:00,1316.169000,1321.698000,1309.619000,1314.082000,28.116380
2018.03.19,00:00,1313.138000,1319.592000,1307.739000,1316.652000,29.154815
2018.03.20,00:00,1316.568000,1318.209000,1307.171000,1311.151000,28.357075
2018.03.21,00:00,1310.949000,1336.582000,1309.808000,1332.081000,40.060830
2018.03.22,00:00,1331.858000,1334.838000,1324.761000,1328.831000,37.976530
2018.03.23,00:00,1328.928000,1350.218000,1328.928000,1346.981000,42.013565
2018.03.26,00:00,1347.122000,1355.872000,1343.439000,1352.378000,32.717940
2018.03.27,00:00,1353.429000,1356.788000,1339.818000,1344.772000,36.081000
2018.03.28,00:00,1345.138000,1346.972000,1323.500000,1324.821000,40.233042
2018.03.29,00:00,1324.468000,1328.269000,1321.178000,1325.071000,31.742200
2018.04.02,00:00,1325.742000,1344.792000,1324.811000,1341.121000,41.009670
2018.04.03,00:00,1340.478000,1342.491000,1329.000000,1332.672000,34.967945
2018.04.04,00:00,1332.628000,1348.218000,1331.469000,1333.071000,40.031406
2018.04.05,00:00,1332.578000,1334.848000,1322.737000,1326.371000,31.158539
2018.04.06,00:00,1326.138000,1335.361000,1319.651000,1332.991000,46.280738
2018.04.09,00:00,1333.971000,1337.902000,1326.811000,1336.172000,40.977025
2018.04.10,00:00,1336.088000,1342.578000,1331.049000,1339.272000,38.558255
2018.04.11,00:00,1339.068000,1365.172000,1339.039000,1352.299000,53.003768
2018.04.12,00:00,1352.678000,1353.151000,1333.722000,1334.772000,42.222802
2018.04.13,00:00,1334.619000,1347.111000,1333.178000,1345.241000,39.778093
2018.04.16,00:00,1345.941000,1350.439000,1340.102000,1345.572000,35.498585
2018.04.17,00:00,1345.608000,1349.341000,1337.648000,1346.920000,31.633528
2018.04.18,00:00,1347.469000,1355.652000,1342.251000,1349.221000,32.555205
2018.04.19,00:00,1349.179000,1354.662000,1340.909000,1345.391000,38.377146
2018.04.20,00:00,1345.928000,1346.262000,1335.000000,1335.142000,28.509760
2018.04.23,00:00,1334.171000,1335.419000,1322.078000,1324.621000,31.351500
2018.04.24,00:00,1324.419000,1332.631000,1322.000000,1329.559000,30.028180
2018.04.25,00:00,1329.818000,1331.982000,1318.721000,1322.972000,23.442970
2018.04.26,00:00,1322.819000,1326.521000,1315.198000,1316.822000,25.886935
2018.04.27,00:00,1316.699000,1325.162000,1315.258000,1323.218000,22.181065
2018.04.30,00:00,1322.909000,1325.348000,1310.168000,1315.081000,22.935001
2018.05.01,00:00,1314.959000,1316.292000,1301.678000,1303.821000,25.635532
2018.05.02,00:00,1303.809000,1313.361000,1303.748000,1304.148000,29.553370
2018.05.03,00:00,1304.358000,1318.068000,1304.348000,1311.971000,25.848766
2018.05.04,00:00,1311.778000,1315.411000,1308.000000,1314.811000,27.932095
2018.05.07,00:00,1315.058000,1318.889000,1310.198000,1314.121000,27.346520
2018.05.08,00:00,1313.428000,1317.762000,1306.028000,1313.409000,32.258735
2018.05.09,00:00,1314.578000,1317.382000,1304.201000,1312.621000,30.552727
2018.05.10,00:00,1312.378000,1322.831000,1310.698000,1320.228000,30.042413
2018.05.11,00:00,1321.248000,1325.901000,1317.202000,1317.909000,24.166800
2018.05.14,00:00,1318.291000,1322.311000,1312.911000,1313.121000,20.129077
2018.05.15,00:00,1312.618000,1314.819000,1288.662000,1290.261000,31.300654
2018.05.16,00:00,1289.768000,1296.829000,1286.349000,1290.572000,29.451940
2018.05.17,00:00,1290.209000,1294.348000,1285.081000,1290.721000,27.721840
2018.05.18,00:00,1290.658000,1294.151000,1286.038000,1292.868000,24.614165
2018.05.21,00:00,1290.421000,1293.081000,1282.029000,1292.522000,24.845550
2018.05.22,00:00,1292.798000,1296.121000,1287.898000,1291.021000,25.488979
2018.05.23,00:00,1290.908000,1298.442000,1287.879000,1293.101000,34.620192
2018.05.24,00:00,1294.089000,1306.581000,1292.718000,1304.672000,35.177405
2018.05.25,00:00,1304.318000,1307.758000,1299.809000,1301.349000,36.976158
2018.05.28,00:00,1299.588000,1300.282000,1295.448000,1298.018000,21.874106
2018.05.29,00:00,1297.551000,1306.608000,1292.738000,1298.871000,42.143725
2018.05.30,00:00,1298.218000,1304.338000,1295.858000,1300.797000,35.496675
2018.05.31,00:00,1301.178000,1306.418000,1297.391000,1298.172000,34.370055
2018.06.01,00:00,1298.719000,1300.521000,1289.252000,1292.811000,26.073951
2018.06.04,00:00,1292.622000,1298.021000,1290.300000,1290.888000,26.356093
2018.06.05,00:00,1292.188000,1300.472000,1289.868000,1295.767000,25.769470
2018.06.06,00:00,1296.088000,1301.772000,1293.739000,1296.282000,23.512245
2018.06.07,00:00,1296.338000,1303.099000,1294.839000,1296.337000,25.557610
2018.06.08,00:00,1296.879000,1300.539000,1293.252000,1298.438000,28.628285
2018.06.11,00:00,1299.778000,1302.209000,1294.059000,1299.841000,18.892130
2018.06.12,00:00,1298.679000,1300.472000,1293.218000,1295.451000,22.945903
2018.06.13,00:00,1295.848000,1301.191000,1291.409000,1299.322000,25.868665
2018.06.14,00:00,1299.248000,1309.271000,1297.488000,1301.861000,33.154161
2018.06.15,00:00,1302.278000,1303.062000,1275.348000,1279.558000,38.879353
2018.06.18,00:00,1277.272000,1282.342000,1276.978000,1278.000000,31.742470
2018.06.19,00:00,1278.128000,1284.028000,1270.388000,1273.908000,33.788750
2018.06.20,00:00,1274.549000,1276.372000,1267.331000,1267.671000,35.315565
2018.06.21,00:00,1267.418000,1270.079000,1261.352000,1267.000000,31.834005
2018.06.22,00:00,1267.000000,1271.146000,1266.688000,1269.071000,28.359793
2018.06.25,00:00,1270.001000,1272.551000,1264.481000,1264.729000,37.802995
2018.06.26,00:00,1265.608000,1267.629000,1254.788000,1258.308000,43.029493
2018.06.27,00:00,1258.609000,1260.048000,1250.671000,1251.359000,53.297835
2018.06.28,00:00,1251.659000,1254.238000,1245.918000,1247.609000,43.374548
2018.06.29,00:00,1247.788000,1255.569000,1246.109000,1252.529000,48.666995
2018.07.02,00:00,1251.521000,1254.178000,1239.638000,1241.028000,42.238735
2018.07.03,00:00,1240.978000,1256.822000,1237.949000,1252.312000,41.441395
2018.07.04,00:00,1252.099000,1261.051000,1252.000000,1256.808000,31.093702
2018.07.05,00:00,1256.689000,1259.699000,1251.279000,1256.649000,39.561254
2018.07.06,00:00,1257.158000,1258.881000,1252.778000,1254.768000,35.762225
2018.07.09,00:00,1255.348000,1265.868000,1254.728000,1257.581000,30.923340
2018.07.10,00:00,1257.289000,1260.309000,1247.299000,1255.272000,35.953995
2018.07.11,00:00,1255.589000,1256.849000,1241.498000,1241.901000,47.304452
2018.07.12,00:00,1241.588000,1248.528000,1241.258000,1246.741000,41.449630
2018.07.13,00:00,1247.109000,1248.058000,1236.338000,1241.439000,42.152539
2018.07.16,00:00,1240.969000,1245.528000,1238.288000,1240.661000,35.393660
2018.07.17,00:00,1240.418000,1244.939000,1226.018000,1227.521000,39.740945
2018.07.18,00:00,1227.108000,1229.118000,1221.058000,1227.202000,35.160599
2018.07.19,00:00,1227.099000,1228.998000,1211.509000,1222.682000,50.691906
2018.07.20,00:00,1223.008000,1232.228000,1215.659000,1231.551000,50.414820
2018.07.23,00:00,1231.371000,1235.082000,1222.300000,1224.372000,48.440445
2018.07.24,00:00,1224.279000,1229.479000,1218.101000,1224.222000,42.237398
2018.07.25,00:00,1224.039000,1234.182000,1223.208000,1231.371000,42.959300
2018.07.26,00:00,1231.389000,1235.131000,1222.289000,1222.422000,41.649870
2018.07.27,00:00,1222.859000,1227.312000,1217.538000,1222.679000,40.718390
2018.07.30,00:00,1222.622000,1225.029000,1219.008000,1220.698000,31.769795
2018.07.31,00:00,1221.598000,1228.519000,1213.938000,1222.648000,46.507880
2018.08.01,00:00,1223.329000,1224.762000,1215.777000,1215.777000,37.523007
2018.08.02,00:00,1215.678000,1221.268000,1206.829000,1206.859000,40.000020
2018.08.03,00:00,1207.828000,1219.978000,1204.500000,1213.218000,44.752764
2018.08.06,00:00,1213.532000,1217.828000,1205.549000,1205.549000,35.438535
2018.08.07,00:00,1207.188000,1216.109000,1207.068000,1210.438000,36.133510
2018.08.08,00:00,1210.638000,1215.801000,1206.431000,1213.465000,34.244460
2018.08.09,00:00,1213.619000,1217.239000,1210.749000,1211.832000,32.804105
2018.08.10,00:00,1212.288000,1217.072000,1205.668000,1210.988000,52.807890
2018.08.13,00:00,1210.672000,1213.818000,1191.619000,1193.401000,51.290671
2018.08.14,00:00,1194.088000,1198.679000,1191.998000,1193.972000,40.028490
2018.08.15,00:00,1194.089000,1194.619000,1173.071000,1174.621000,50.200591
2018.08.16,00:00,1175.619000,1181.992000,1160.168000,1173.971000,55.606485
2018.08.17,00:00,1173.709000,1185.002000,1171.838000,1184.678000,48.297585
2018.08.20,00:00,1183.329000,1190.782000,1182.778000,1190.471000,38.100435
2018.08.21,00:00,1190.318000,1196.959000,1187.638000,1196.121000,43.902190
2018.08.22,00:00,1196.798000,1201.558000,1192.572000,1195.601000,44.172310
2018.08.23,00:00,1195.829000,1196.542000,1183.859000,1185.052000,42.783635
2018.08.24,00:00,1185.219000,1208.512000,1183.118000,1205.592000,44.681565
2018.08.27,00:00,1206.868000,1212.399000,1203.111000,1211.098000,36.217095
2018.08.28,00:00,1211.369000,1214.239000,1199.599000,1200.861000,43.164620
2018.08.29,00:00,1200.798000,1207.228000,1200.708000,1205.269000,41.643215
2018.08.30,00:00,1206.499000,1207.808000,1196.258000,1199.592000,41.811993
2018.08.31,00:00,1200.188000,1208.819000,1198.229000,1200.737000,42.650855
2018.09.03,00:00,1200.138000,1203.808000,1195.648000,1201.199000,25.626135
2018.09.04,00:00,1201.519000,1201.969000,1189.569000,1191.131000,42.637018
2018.09.05,00:00,1191.208000,1198.331000,1190.878000,1196.287000,35.162860
2018.09.06,00:00,1196.469000,1206.941000,1195.778000,1199.649000,39.912090
2018.09.07,00:00,1199.828000,1203.481000,1193.418000,1195.629000,47.320345
2018.09.10,00:00,1195.018000,1198.439000,1191.498000,1195.722000,36.512750
2018.09.11,00:00,1194.969000,1199.368000,1187.698000,1198.521000,37.160912
2018.09.12,00:00,1198.008000,1208.429000,1192.658000,1206.122000,43.479870
2018.09.13,00:00,1206.778000,1212.609000,1200.148000,1201.271000,41.513450
2018.09.14,00:00,1201.198000,1208.512000,1192.878000,1193.249000,43.319095
2018.09.17,00:00,1193.971000,1204.779000,1192.758000,1201.022000,36.504150
2018.09.18,00:00,1201.348000,1203.492000,1195.838000,1198.021000,46.220710
2018.09.19,00:00,1197.939000,1206.169000,1197.521000,1203.771000,39.135230
2018.09.20,00:00,1203.869000,1208.372000,1201.269000,1206.931000,41.029110
2018.09.21,00:00,1207.179000,1211.012000,1191.789000,1199.468000,45.392790
2018.09.24,00:00,1198.819000,1204.138000,1194.399000,1198.548000,31.399260
2018.09.25,00:00,1198.438000,1203.269000,1197.078000,1199.908000,33.626150
2018.09.26,00:00,1200.718000,1202.428000,1190.478000,1194.172000,37.165499
2018.09.27,00:00,1194.659000,1198.509000,1182.000000,1182.411000,40.637560
2018.09.28,00:00,1182.438000,1193.841000,1180.718000,1191.762000,47.416870
2018.10.01,00:00,1192.309000,1192.339000,1184.541000,1188.641000,41.983345
2018.10.02,00:00,1188.628000,1208.211000,1188.419000,1202.871000,49.520385
2018.10.03,00:00,1203.168000,1208.278000,1196.766000,1197.171000,46.033512
2018.10.04,00:00,1197.478000,1206.702000,1195.968000,1199.721000,53.586835
2018.10.05,00:00,1199.661000,1205.759000,1197.238000,1202.691000,44.024255
2018.10.08,00:00,1203.038000,1204.039000,1182.542000,1187.688000,41.324740
2018.10.09,00:00,1188.238000,1191.838000,1183.258000,1189.622000,44.749595
2018.10.10,00:00,1189.248000,1194.731000,1185.308000,1194.401000,48.876190
2018.10.11,00:00,1194.758000,1226.282000,1191.229000,1223.248000,72.100350
2018.10.12,00:00,1224.029000,1224.088000,1215.798000,1217.768000,52.333075
2018.10.15,00:00,1217.529000,1233.238000,1216.808000,1226.568000,46.176930
2018.10.16,00:00,1226.768000,1232.361000,1223.401000,1224.372000,36.158531
2018.10.17,00:00,1224.309000,1229.451000,1220.549000,1222.111000,38.033546
2018.10.18,00:00,1221.948000,1230.091000,1218.638000,1225.451000,44.918828
2018.10.19,00:00,1225.548000,1230.752000,1223.058000,1225.981000,38.348735
2018.10.22,00:00,1227.242000,1229.551000,1220.011000,1221.838000,33.129978
2018.10.23,00:00,1221.811000,1239.712000,1221.691000,1229.861000,39.109837
2018.10.24,00:00,1230.429000,1233.651000,1225.579000,1233.382000,36.959405
2018.10.25,00:00,1234.168000,1239.171000,1228.079000,1231.868000,41.651009
2018.10.26,00:00,1231.688000,1243.378000,1230.008000,1233.333000,48.523855
2018.10.29,00:00,1233.547000,1235.383000,1224.223000,1229.216000,46.653904
2018.10.30,00:00,1229.896000,1230.494000,1219.850000,1222.793000,38.537032
2018.10.31,00:00,1223.010000,1223.193000,1211.800000,1214.443000,37.126476
2018.11.01,00:00,1214.990000,1237.328000,1214.593000,1232.978000,43.359455
2018.11.02,00:00,1233.765000,1236.348000,1229.665000,1232.625000,46.256079
2018.11.05,00:00,1232.598000,1235.048000,1226.798000,1231.145000,29.149165
2018.11.06,00:00,1231.438000,1235.868000,1223.418000,1226.515000,30.211908
2018.11.07,00:00,1226.838000,1236.418000,1222.945000,1226.085000,46.391542
2018.11.08,00:00,1226.358000,1227.035000,1220.028000,1223.245000,44.047405
2018.11.09,00:00,1223.438000,1223.555000,1206.635000,1209.635000,35.768766
2018.11.12,00:00,1208.925000,1211.395000,1200.338000,1200.338000,31.938495
2018.11.13,00:00,1200.538000,1205.115000,1196.195000,1201.998000,42.868520
2018.11.14,00:00,1202.288000,1216.458000,1197.605000,1210.545000,51.923175
2018.11.15,00:00,1210.868000,1216.378000,1207.528000,1212.975000,48.775276
2018.11.16,00:00,1213.465000,1225.218000,1213.068000,1221.085000,46.531039
2018.11.19,00:00,1221.935000,1225.288000,1217.955000,1223.735000,25.780015
2018.11.20,00:00,1223.918000,1228.698000,1219.838000,1221.305000,41.107995
2018.11.21,00:00,1221.695000,1230.078000,1219.695000,1225.655000,24.744595
2018.11.22,00:00,1225.918000,1229.015000,1224.795000,1227.165000,14.616800
2018.11.23,00:00,1226.848000,1228.488000,1220.258000,1222.885000,24.436850
2018.11.26,00:00,1223.298000,1227.958000,1221.635000,1221.925000,24.708065
2018.11.27,00:00,1221.828000,1225.195000,1211.835000,1214.685000,27.038010
2018.11.28,00:00,1214.778000,1226.648000,1211.128000,1220.855000,27.758965
2018.11.29,00:00,1221.005000,1228.918000,1220.398000,1223.875000,29.467370
2018.11.30,00:00,1224.148000,1225.475000,1216.605000,1222.025000,27.640700
2018.12.03,00:00,1222.948000,1234.898000,1221.205000,1230.335000,32.723580
2018.12.04,00:00,1230.948000,1241.878000,1230.418000,1238.165000,35.852430
2018.12.05,00:00,1238.918000,1239.168000,1233.245000,1236.925000,22.655000
2018.12.06,00:00,1237.475000,1244.248000,1234.685000,1237.405000,42.461810
2018.12.07,00:00,1237.725000,1249.968000,1237.218000,1248.205000,36.521145
2018.12.10,00:00,1249.675000,1250.828000,1241.515000,1244.125000,37.741626
2018.12.11,00:00,1244.435000,1249.425000,1240.958000,1242.795000,31.536035
2018.12.12,00:00,1242.998000,1247.178000,1241.905000,1245.265000,34.822120
2018.12.13,00:00,1245.948000,1246.668000,1240.048000,1241.585000,26.903910
2018.12.14,00:00,1241.635000,1242.948000,1232.858000,1238.115000,30.258850
2018.12.17,00:00,1239.015000,1248.038000,1235.725000,1245.495000,27.398380
2018.12.18,00:00,1245.705000,1250.348000,1244.995000,1249.331000,23.687460
2018.12.19,00:00,1249.775000,1257.955000,1241.605000,1242.705000,35.666805
2018.12.20,00:00,1243.115000,1266.398000,1242.655000,1259.495000,45.086210
2018.12.21,00:00,1259.975000,1262.658000,1254.000000,1255.435000,40.686230
2018.12.24,00:00,1257.348000,1269.955000,1256.848000,1268.935000,32.384660
2018.12.26,00:00,1268.765000,1279.018000,1264.168000,1266.745000,28.430532
2018.12.27,00:00,1266.585000,1278.928000,1266.335000,1275.335000,57.208815
2018.12.28,00:00,1275.105000,1282.068000,1274.205000,1280.555000,45.651045
2018.12.31,00:00,1280.235000,1283.998000,1277.365000,1282.185000,28.332585
2019.01.02,00:00,1282.295000,1288.668000,1278.625000,1284.215000,37.162707
2019.01.03,00:00,1285.105000,1294.855000,1284.485000,1293.865000,53.837985
2019.01.04,00:00,1293.885000,1298.538000,1276.565000,1284.945000,48.932499
2019.01.07,00:00,1285.048000,1294.998000,1282.555000,1288.895000,32.576574
2019.01.08,00:00,1288.875000,1290.158000,1279.315000,1284.845000,32.743860
2019.01.09,00:00,1284.755000,1293.848000,1280.000000,1293.145000,30.378110
2019.01.10,00:00,1293.465000,1297.018000,1286.035000,1286.285000,33.411190
2019.01.11,00:00,1286.565000,1295.088000,1286.535000,1287.175000,34.892445
2019.01.14,00:00,1287.348000,1295.805000,1287.248000,1291.358000,29.275760
2019.01.15,00:00,1291.825000,1294.685000,1286.665000,1289.125000,32.217730
2019.01.16,00:00,1289.685000,1294.915000,1287.805000,1293.335000,29.019045
2019.01.17,00:00,1293.915000,1295.318000,1288.875000,1291.625000,33.515505
2019.01.18,00:00,1292.065000,1292.375000,1280.555000,1281.265000,28.085765
2019.01.21,00:00,1281.455000,1283.465000,1276.718000,1280.138000,11.604285
2019.01.22,00:00,1279.535000,1285.425000,1277.365000,1284.825000,28.316035
2019.01.23,00:00,1284.905000,1286.438000,1278.605000,1282.395000,24.244245
2019.01.24,00:00,1282.665000,1284.725000,1276.585000,1280.855000,29.272010
2019.01.25,00:00,1280.725000,1303.525000,1280.000000,1302.935000,28.895295
2019.01.28,00:00,1301.335000,1304.335000,1297.615000,1302.965000,22.150856
2019.01.29,00:00,1302.925000,1311.948000,1302.635000,1311.345000,29.483615
2019.01.30,00:00,1311.255000,1323.298000,1308.945000,1319.035000,28.887275
2019.01.31,00:00,1320.195000,1326.248000,1317.385000,1320.915000,29.119475
2019.02.01,00:00,1321.215000,1323.465000,1316.085000,1317.265000,24.472265
2019.02.04,00:00,1317.925000,1318.965000,1308.535000,1311.795000,22.806320
2019.02.05,00:00,1312.115000,1316.825000,1310.625000,1314.715000,23.687858
2019.02.06,00:00,1314.998000,1315.765000,1305.515000,1306.165000,25.299740
2019.02.07,00:00,1306.445000,1311.878000,1302.705000,1309.745000,26.550662
2019.02.08,00:00,1309.865000,1315.568000,1307.698000,1313.945000,25.071610
2019.02.11,00:00,1314.098000,1314.815000,1303.595000,1307.745000,23.259630
2019.02.12,00:00,1307.975000,1314.668000,1306.405000,1310.475000,17.737995
2019.02.13,00:00,1310.805000,1318.078000,1304.975000,1305.915000,23.028080
2019.02.14,00:00,1305.685000,1314.308000,1302.288000,1312.075000,30.280582
2019.02.15,00:00,1312.265000,1322.555000,1311.328000,1321.035000,23.056900
2019.02.18,00:00,1320.882000,1327.545000,1320.405000,1326.375000,10.424800
2019.02.19,00:00,1326.145000,1341.778000,1322.778000,1340.565000,25.793445
2019.02.20,00:00,1340.305000,1346.655000,1336.798000,1338.065000,27.360935
2019.02.21,00:00,1338.705000,1341.425000,1320.858000,1323.345000,53.925295
2019.02.22,00:00,1323.495000,1333.038000,1321.468000,1327.885000,35.858300
2019.02.25,00:00,1328.835000,1332.485000,1325.115000,1327.185000,24.829335
2019.02.26,00:00,1326.975000,1330.128000,1323.445000,1328.605000,23.411465
2019.02.27,00:00,1328.335000,1329.808000,1316.815000,1319.465000,33.405625
2019.02.28,00:00,1319.275000,1327.228000,1312.518000,1312.835000,27.957705
2019.03.01,00:00,1313.475000,1315.138000,1290.098000,1293.055000,41.446360
2019.03.04,00:00,1292.705000,1296.995000,1282.758000,1286.498000,31.136410
2019.03.05,00:00,1286.215000,1289.535000,1281.128000,1287.525000,39.971010
2019.03.06,00:00,1287.515000,1290.885000,1283.545000,1285.145000,33.160250
2019.03.07,00:00,1285.575000,1288.975000,1280.485000,1285.125000,38.266015
2019.03.08,00:00,1285.935000,1300.708000,1285.128000,1298.055000,39.426545
2019.03.11,00:00,1297.765000,1299.045000,1290.395000,1293.255000,27.291335
2019.03.12,00:00,1293.385000,1302.148000,1291.988000,1300.722000,33.887115
2019.03.13,00:00,1301.215000,1311.168000,1300.505000,1307.915000,29.252805
2019.03.14,00:00,1308.735000,1310.275000,1292.775000,1295.155000,33.688355
2019.03.15,00:00,1295.845000,1306.328000,1293.928000,1301.875000,32.007185
2019.03.18,00:00,1301.855000,1306.668000,1298.155000,1303.355000,22.396298
2019.03.19,00:00,1303.498000,1310.835000,1302.288000,1306.255000,22.032840
2019.03.20,00:00,1305.045000,1316.938000,1298.605000,1311.895000,38.598015
2019.03.21,00:00,1312.955000,1320.305000,1303.205000,1309.145000,34.896318
2019.03.22,00:00,1309.115000,1314.898000,1306.778000,1313.075000,37.984179
2019.03.25,00:00,1313.105000,1324.448000,1310.958000,1321.698000,30.726113
2019.03.26,00:00,1321.555000,1323.165000,1312.625000,1315.477000,36.658030
2019.03.27,00:00,1315.505000,1319.258000,1308.065000,1308.305000,39.790065
2019.03.28,00:00,1309.665000,1312.245000,1288.455000,1289.855000,36.400468
2019.03.29,00:00,1289.955000,1299.745000,1286.668000,1291.885000,33.523065
2019.04.01,00:00,1292.025000,1296.955000,1286.425000,1287.365000,27.185055
2019.04.02,00:00,1287.305000,1292.528000,1285.145000,1292.282000,23.525400
2019.04.03,00:00,1292.145000,1294.488000,1288.335000,1289.525000,26.938982
2019.04.04,00:00,1289.895000,1294.338000,1280.848000,1291.995000,19.564475
2019.04.05,00:00,1292.145000,1293.508000,1284.325000,1291.185000,33.904950
2019.04.08,00:00,1291.305000,1303.648000,1291.205000,1297.300000,18.813300
2019.04.09,00:00,1297.365000,1306.138000,1296.535000,1303.695000,27.122523
2019.04.10,00:00,1303.765000,1310.518000,1300.858000,1307.665000,32.145678
2019.04.11,00:00,1307.885000,1309.108000,1289.548000,1292.468000,29.640480
2019.04.12,00:00,1292.175000,1295.708000,1290.000000,1290.177000,26.399505
2019.04.15,00:00,1291.075000,1291.858000,1282.448000,1287.165000,24.685028
2019.04.16,00:00,1287.525000,1288.678000,1272.905000,1276.535000,33.718261
2019.04.17,00:00,1276.455000,1279.688000,1272.898000,1273.745000,31.803630
2019.04.18,00:00,1273.575000,1277.628000,1271.105000,1275.475000,34.480983
2019.04.22,00:00,1275.598000,1279.765000,1273.725000,1274.625000,18.904585
2019.04.23,00:00,1275.045000,1276.428000,1266.198000,1272.022000,25.116810
2019.04.24,00:00,1272.025000,1278.468000,1268.698000,1274.735000,29.950235
2019.04.25,00:00,1275.735000,1282.528000,1273.308000,1276.965000,31.474040
2019.04.26,00:00,1276.885000,1288.608000,1273.725000,1285.695000,32.655841
2019.04.29,00:00,1286.275000,1286.618000,1277.988000,1279.465000,26.019492
2019.04.30,00:00,1279.695000,1286.118000,1279.465000,1282.415000,30.680830
2019.05.01,00:00,1283.055000,1287.188000,1273.000000,1276.588000,31.341910
2019.05.02,00:00,1276.648000,1277.945000,1266.195000,1269.999000,33.375768
2019.05.03,00:00,1270.525000,1282.468000,1268.268000,1278.775000,35.056165
2019.05.06,00:00,1280.305000,1285.728000,1276.935000,1280.278000,43.769889
2019.05.07,00:00,1281.035000,1286.015000,1278.155000,1282.997000,40.327305
2019.05.08,00:00,1283.915000,1291.415000,1279.275000,1280.605000,33.163275
2019.05.09,00:00,1280.105000,1288.138000,1279.528000,1282.825000,54.000265
2019.05.10,00:00,1283.915000,1289.338000,1283.068000,1285.505000,49.899680
2019.05.13,00:00,1287.485000,1301.165000,1281.935000,1299.515000,46.245114
2019.05.14,00:00,1300.005000,1303.245000,1293.665000,1296.868000,32.269630
2019.05.15,00:00,1296.695000,1300.848000,1292.948000,1295.915000,53.836710
2019.05.16,00:00,1296.545000,1298.688000,1284.035000,1285.905000,26.526330
2019.05.17,00:00,1286.665000,1288.868000,1274.748000,1277.485000,30.065115
2019.05.20,00:00,1277.535000,1278.948000,1273.608000,1277.087000,24.681060
2019.05.21,00:00,1277.355000,1277.848000,1269.455000,1274.525000,24.235690
2019.05.22,00:00,1274.615000,1277.268000,1272.415000,1273.218000,22.816255
2019.05.23,00:00,1273.235000,1287.218000,1272.755000,1283.298000,38.853559
2019.05.24,00:00,1283.365000,1285.168000,1280.695000,1284.615000,34.373469
2019.05.27,00:00,1284.655000,1287.318000,1283.705000,1284.945000,17.734690
2019.05.28,00:00,1284.925000,1286.548000,1276.055000,1278.345000,41.241320
2019.05.29,00:00,1279.305000,1285.465000,1279.015000,1279.835000,44.840370
2019.05.30,00:00,1279.825000,1289.158000,1274.948000,1288.095000,29.361380
2019.05.31,00:00,1288.045000,1306.878000,1287.878000,1305.295000,53.783060
2019.06.03,00:00,1306.918000,1327.898000,1305.835000,1323.305000,49.095165
2019.06.04,00:00,1324.955000,1329.005000,1319.905000,1324.857000,48.450142
2019.06.05,00:00,1325.088000,1344.048000,1324.448000,1329.862000,61.609379
2019.06.06,00:00,1331.018000,1339.748000,1327.158000,1334.587000,52.553010
2019.06.07,00:00,1335.345000,1348.198000,1330.205000,1340.388000,49.374685
2019.06.10,00:00,1336.848000,1337.658000,1325.028000,1327.748000,39.336561
2019.06.11,00:00,1327.408000,1329.808000,1319.815000,1326.468000,36.938300
2019.06.12,00:00,1326.525000,1338.348000,1325.938000,1333.218000,38.710740
2019.06.13,00:00,1333.895000,1343.058000,1332.325000,1341.342000,37.810030
2019.06.14,00:00,1342.078000,1358.088000,1337.738000,1340.888000,59.524222
2019.06.17,00:00,1341.785000,1343.505000,1332.915000,1339.358000,37.082280
2019.06.18,00:00,1339.685000,1354.605000,1338.545000,1346.328000,55.225210
2019.06.19,00:00,1346.265000,1362.528000,1341.195000,1359.527000,58.129740
2019.06.20,00:00,1360.315000,1393.928000,1357.638000,1387.767000,80.166345
2019.06.21,00:00,1387.195000,1411.805000,1382.500000,1399.158000,79.118505
2019.06.24,00:00,1400.075000,1421.278000,1399.648000,1419.438000,59.575930
2019.06.25,00:00,1419.368000,1439.138000,1411.808000,1422.755000,75.016202
2019.06.26,00:00,1423.815000,1424.385000,1401.865000,1408.022000,61.514220
2019.06.27,00:00,1409.475000,1412.048000,1398.548000,1409.298000,57.017345
2019.06.28,00:00,1409.768000,1424.568000,1405.618000,1409.485000,48.743158
2019.07.01,00:00,1397.165000,1397.698000,1381.715000,1384.168000,56.879329
2019.07.02,00:00,1383.915000,1420.958000,1383.255000,1417.797000,62.895140
2019.07.03,00:00,1418.395000,1437.688000,1411.975000,1418.265000,59.184771
2019.07.04,00:00,1419.245000,1421.595000,1410.128000,1414.735000,24.786320
2019.07.05,00:00,1416.095000,1424.128000,1386.518000,1398.525000,60.007740
2019.07.08,00:00,1398.975000,1407.508000,1391.645000,1394.978000,36.863986
2019.07.09,00:00,1394.985000,1400.025000,1385.658000,1397.192000,35.526620
2019.07.10,00:00,1396.915000,1418.598000,1389.838000,1418.252000,51.287752
2019.07.11,00:00,1418.215000,1427.078000,1400.738000,1403.608000,51.121361
2019.07.12,00:00,1403.785000,1416.818000,1403.048000,1415.145000,49.207185
2019.07.15,00:00,1415.408000,1419.698000,1407.655000,1412.957000,31.278095
2019.07.16,00:00,1414.485000,1418.158000,1400.758000,1405.618000,40.588042
2019.07.17,00:00,1406.545000,1426.738000,1400.018000,1425.858000,48.973750
2019.07.18,00:00,1428.915000,1448.015000,1414.578000,1445.868000,64.807410
2019.07.19,00:00,1446.955000,1452.888000,1420.098000,1425.168000,60.007741
2019.07.22,00:00,1427.598000,1429.955000,1422.148000,1424.378000,35.571720
2019.07.23,00:00,1425.238000,1430.085000,1414.138000,1417.178000,36.934538
2019.07.24,00:00,1417.488000,1429.445000,1416.228000,1424.185000,28.947618
2019.07.25,00:00,1425.525000,1433.698000,1410.968000,1413.998000,41.127353
2019.07.26,00:00,1414.065000,1424.768000,1413.228000,1417.948000,37.891565
2019.07.29,00:00,1418.775000,1428.078000,1414.718000,1426.498000,28.513717
2019.07.30,00:00,1426.485000,1433.165000,1422.258000,1430.488000,30.133380
2019.07.31,00:00,1431.008000,1434.258000,1410.385000,1412.578000,35.123242
2019.08.01,00:00,1412.815000,1445.948000,1400.418000,1444.528000,51.118415
2019.08.02,00:00,1444.795000,1449.025000,1430.225000,1440.568000,70.815950
2019.08.05,00:00,1439.898000,1469.688000,1436.648000,1463.698000,75.230560
2019.08.06,00:00,1468.188000,1474.815000,1456.315000,1473.775000,62.539051
2019.08.07,00:00,1474.185000,1510.278000,1472.208000,1501.188000,72.381871
2019.08.08,00:00,1500.275000,1509.475000,1489.948000,1500.778000,49.313100
2019.08.09,00:00,1504.578000,1508.948000,1494.698000,1496.948000,44.702035
2019.08.12,00:00,1497.515000,1520.008000,1487.258000,1510.528000,37.137876
2019.08.13,00:00,1510.775000,1534.948000,1479.715000,1500.928000,51.352799
2019.08.14,00:00,1501.835000,1523.968000,1494.085000,1516.068000,65.139205
2019.08.15,00:00,1516.435000,1526.948000,1507.848000,1522.840000,55.767374
2019.08.16,00:00,1523.385000,1527.945000,1503.635000,1512.395000,40.161537
2019.08.19,00:00,1512.398000,1512.928000,1493.175000,1495.498000,35.772285
2019.08.20,00:00,1495.838000,1508.508000,1492.848000,1506.898000,36.318835
2019.08.21,00:00,1507.548000,1508.028000,1496.445000,1502.298000,37.058135
2019.08.22,00:00,1502.288000,1504.518000,1492.425000,1497.898000,36.610765
2019.08.23,00:00,1498.268000,1530.188000,1493.475000,1526.598000,59.300938
2019.08.26,00:00,1535.278000,1555.048000,1524.955000,1527.198000,75.850773
2019.08.27,00:00,1527.095000,1544.608000,1525.538000,1542.278000,49.564884
2019.08.28,00:00,1541.988000,1546.805000,1531.848000,1538.798000,58.572785
2019.08.29,00:00,1539.208000,1550.315000,1519.608000,1527.065000,66.471300
2019.08.30,00:00,1527.708000,1533.055000,1517.000000,1519.998000,66.487109
2019.09.02,00:00,1528.325000,1533.948000,1519.305000,1528.698000,26.469832
2019.09.03,00:00,1529.515000,1549.655000,1521.455000,1546.698000,61.444430
2019.09.04,00:00,1546.845000,1556.958000,1533.825000,1551.798000,73.071663
2019.09.05,00:00,1551.918000,1552.918000,1506.115000,1518.698000,67.445835
2019.09.06,00:00,1517.218000,1527.798000,1502.488000,1506.398000,84.783229
2019.09.09,00:00,1507.968000,1515.415000,1497.548000,1498.498000,54.515037
2019.09.10,00:00,1498.688000,1500.948000,1484.418000,1485.398000,52.091120
2019.09.11,00:00,1485.618000,1498.188000,1484.998000,1496.798000,51.077980
2019.09.12,00:00,1496.548000,1524.118000,1489.208000,1498.708000,59.959497
2019.09.13,00:00,1498.708000,1508.938000,1485.735000,1488.500000,56.598805
2019.09.16,00:00,1506.838000,1512.065000,1495.815000,1497.898000,69.795471
2019.09.17,00:00,1498.618000,1507.008000,1493.408000,1500.898000,50.385844
2019.09.18,00:00,1501.085000,1511.558000,1483.155000,1493.642000,44.802315
2019.09.19,00:00,1494.088000,1504.468000,1488.908000,1498.428000,52.999531
2019.09.20,00:00,1499.218000,1516.978000,1497.878000,1516.598000,46.017531
2019.09.23,00:00,1513.988000,1526.748000,1510.968000,1521.798000,52.685543
2019.09.24,00:00,1522.078000,1535.638000,1515.525000,1531.798000,63.274854
2019.09.25,00:00,1531.298000,1535.048000,1500.375000,1503.398000,61.493374
2019.09.26,00:00,1503.928000,1512.235000,1500.108000,1504.198000,55.144927
2019.09.27,00:00,1504.195000,1507.308000,1486.768000,1496.498000,62.098397
2019.09.30,00:00,1494.568000,1500.465000,1464.445000,1471.998000,56.749815
2019.10.01,00:00,1472.048000,1487.138000,1459.008000,1478.222000,64.434244
2019.10.02,00:00,1478.638000,1505.048000,1474.455000,1499.398000,63.680638
2019.10.03,00:00,1499.488000,1519.488000,1495.725000,1504.698000,61.630267
2019.10.04,00:00,1505.348000,1515.658000,1495.927000,1504.298000,80.346432
2019.10.07,00:00,1511.868000,1512.215000,1487.958000,1492.988000,59.422713
2019.10.08,00:00,1492.998000,1509.618000,1486.845000,1505.048000,94.333340
2019.10.09,00:00,1505.598000,1512.438000,1499.768000,1505.198000,64.308454
2019.10.10,00:00,1505.248000,1516.948000,1491.015000,1493.598000,83.255331
2019.10.11,00:00,1493.728000,1503.115000,1473.925000,1488.598000,73.463821
2019.10.14,00:00,1488.128000,1497.068000,1482.728000,1492.798000,56.196415
2019.10.15,00:00,1493.008000,1498.388000,1477.098000,1480.598000,60.052915
2019.10.16,00:00,1480.858000,1491.478000,1476.995000,1489.678000,82.979969
2019.10.17,00:00,1490.198000,1497.308000,1483.385000,1491.398000,73.466005
2019.10.18,00:00,1491.718000,1494.008000,1484.825000,1489.598000,56.800907
2019.10.21,00:00,1491.338000,1495.208000,1481.405000,1484.098000,40.982985
2019.10.22,00:00,1484.198000,1488.908000,1480.768000,1487.198000,49.161564
2019.10.23,00:00,1487.488000,1496.268000,1487.488000,1491.798000,51.688805
2019.10.24,00:00,1492.145000,1503.948000,1487.915000,1503.498000,56.927456
2019.10.25,00:00,1503.328000,1517.948000,1500.558000,1504.198000,55.145490
2019.10.28,00:00,1504.508000,1508.155000,1489.948000,1492.098000,49.336820
2019.10.29,00:00,1491.968000,1494.715000,1483.398000,1487.198000,42.759890
2019.10.30,00:00,1488.015000,1496.598000,1481.048000,1495.198000,54.482687
2019.10.31,00:00,1495.578000,1514.148000,1493.628000,1512.498000,60.163250
2019.11.01,00:00,1512.548000,1515.938000,1503.218000,1513.998000,52.285075
2019.11.04,00:00,1513.908000,1514.758000,1504.395000,1509.345000,42.876287
2019.11.05,00:00,1509.578000,1509.585000,1479.275000,1483.275000,54.385260
2019.11.06,00:00,1482.948000,1494.118000,1482.278000,1490.155000,45.330540
2019.11.07,00:00,1490.000000,1492.148000,1460.498000,1467.935000,68.050731
2019.11.08,00:00,1467.788000,1472.868000,1456.118000,1458.485000,54.618388
2019.11.11,00:00,1459.278000,1466.375000,1448.155000,1455.335000,38.157087
2019.11.12,00:00,1455.118000,1460.335000,1445.545000,1455.965000,63.666095
2019.11.13,00:00,1456.188000,1466.995000,1455.598000,1463.025000,60.059837
2019.11.14,00:00,1463.278000,1474.535000,1461.038000,1470.605000,57.190587
2019.11.15,00:00,1471.098000,1471.248000,1462.355000,1467.885000,40.995987
2019.11.18,00:00,1467.158000,1473.935000,1456.285000,1470.985000,44.620499
2019.11.19,00:00,1471.148000,1475.328000,1464.898000,1471.625000,47.914369
2019.11.20,00:00,1472.238000,1478.728000,1465.838000,1471.115000,57.519662
2019.11.21,00:00,1474.818000,1475.575000,1462.275000,1463.535000,50.821521
2019.11.22,00:00,1464.038000,1473.188000,1461.295000,1461.785000,43.467797
2019.11.25,00:00,1460.218000,1462.085000,1453.995000,1454.865000,36.498949
2019.11.26,00:00,1454.638000,1462.848000,1450.000000,1460.945000,42.813250
2019.11.27,00:00,1461.098000,1461.765000,1452.535000,1454.025000,33.273545
2019.11.28,00:00,1454.458000,1458.208000,1454.195000,1455.388000,19.037558
2019.11.29,00:00,1455.588000,1466.528000,1453.115000,1463.448000,31.813919
2019.12.02,00:00,1464.048000,1465.268000,1453.885000,1462.055000,52.192346
2019.12.03,00:00,1462.198000,1481.718000,1459.768000,1477.115000,59.678165
2019.12.04,00:00,1476.928000,1483.988000,1471.365000,1474.285000,56.634410
2019.12.05,00:00,1474.488000,1480.308000,1472.855000,1475.685000,48.455755
2019.12.06,00:00,1475.578000,1479.788000,1458.635000,1459.785000,38.879779
2019.12.09,00:00,1459.418000,1465.318000,1458.548000,1461.245000,29.649905
2019.12.10,00:00,1461.348000,1469.128000,1459.965000,1463.745000,42.515850
2019.12.11,00:00,1463.838000,1478.848000,1462.598000,1474.365000,51.815921
2019.12.12,00:00,1474.618000,1486.708000,1463.778000,1469.455000,58.524574
2019.12.13,00:00,1467.728000,1477.968000,1461.648000,1475.455000,80.435892
2019.12.16,00:00,1475.098000,1479.848000,1473.108000,1475.815000,35.448546
2019.12.17,00:00,1475.798000,1480.488000,1474.135000,1475.765000,32.564395
2019.12.18,00:00,1475.698000,1479.248000,1470.405000,1474.305000,34.982809
2019.12.19,00:00,1475.128000,1481.668000,1473.205000,1478.425000,34.632110
2019.12.20,00:00,1478.678000,1480.908000,1475.768000,1477.785000,25.415532
2019.12.23,00:00,1478.128000,1486.058000,1477.425000,1485.285000,29.251686
2019.12.24,00:00,1485.178000,1500.465000,1484.298000,1498.445000,30.811390
2019.12.26,00:00,1499.358000,1512.548000,1497.215000,1511.005000,37.675440
2019.12.27,00:00,1511.158000,1515.268000,1507.288000,1510.775000,44.186440
2019.12.30,00:00,1511.458000,1516.048000,1510.715000,1514.805000,37.269055
2019.12.31,00:00,1514.568000,1525.235000,1514.478000,1516.915000,46.909550
2020.01.02,00:00,1518.768000,1531.328000,1517.115000,1528.825000,44.513605
2020.01.03,00:00,1528.568000,1553.515000,1527.848000,1551.515000,73.185271
2020.01.06,00:00,1559.735000,1585.625000,1559.735000,1565.445000,73.680047
2020.01.07,00:00,1565.108000,1577.248000,1555.248000,1573.945000,70.302112
2020.01.08,00:00,1575.238000,1611.325000,1552.178000,1556.095000,110.244910
2020.01.09,00:00,1556.528000,1561.285000,1540.105000,1551.685000,56.332735
2020.01.10,00:00,1552.198000,1563.008000,1545.665000,1561.785000,50.718148
2020.01.13,00:00,1561.318000,1561.318000,1546.408000,1547.475000,45.008661
2020.01.14,00:00,1547.848000,1548.745000,1535.828000,1545.665000,65.154918
2020.01.15,00:00,1546.258000,1558.148000,1545.818000,1555.775000,66.802014
2020.01.16,00:00,1556.298000,1558.035000,1547.975000,1551.965000,46.001065
2020.01.17,00:00,1552.398000,1561.155000,1549.295000,1556.945000,40.157495
2020.01.20,00:00,1557.128000,1562.705000,1556.268000,1560.478000,17.483260
2020.01.21,00:00,1560.708000,1568.508000,1546.238000,1557.855000,64.622900
2020.01.22,00:00,1558.638000,1559.168000,1550.300000,1558.475000,47.668623
2020.01.23,00:00,1558.498000,1567.848000,1551.798000,1562.455000,58.244927
2020.01.24,00:00,1562.328000,1575.785000,1556.455000,1571.455000,65.777165
2020.01.27,00:00,1579.248000,1588.345000,1575.798000,1581.705000,75.958320
2020.01.28,00:00,1581.348000,1582.965000,1565.388000,1566.835000,57.893959
2020.01.29,00:00,1566.758000,1577.948000,1563.335000,1576.295000,62.125480
2020.01.30,00:00,1576.598000,1585.888000,1572.155000,1573.945000,75.799473
2020.01.31,00:00,1573.778000,1590.528000,1570.905000,1589.325000,85.878887
2020.02.03,00:00,1593.388000,1593.488000,1569.188000,1576.365000,52.740648
2020.02.04,00:00,1577.098000,1579.545000,1548.965000,1552.505000,50.917902
2020.02.05,00:00,1552.508000,1562.368000,1547.425000,1555.685000,48.471865
2020.02.06,00:00,1555.688000,1568.178000,1552.385000,1566.335000,44.079520
2020.02.07,00:00,1566.618000,1574.008000,1559.875000,1570.198000,86.676945
2020.02.10,00:00,1571.248000,1576.928000,1567.905000,1571.755000,49.905996
2020.02.11,00:00,1571.688000,1573.978000,1561.925000,1567.565000,54.826250
2020.02.12,00:00,1567.578000,1570.398000,1561.728000,1565.715000,47.606485
2020.02.13,00:00,1565.965000,1578.248000,1565.495000,1575.625000,62.632330
2020.02.14,00:00,1575.838000,1584.948000,1572.975000,1583.648000,44.725050
2020.02.17,00:00,1581.858000,1583.698000,1578.798000,1581.008000,18.294481
2020.02.18,00:00,1584.018000,1605.018000,1582.298000,1601.215000,59.927370
2020.02.19,00:00,1601.378000,1612.888000,1599.455000,1611.315000,57.496260
2020.02.20,00:00,1612.118000,1623.658000,1603.785000,1618.955000,59.938287
2020.02.21,00:00,1619.638000,1649.165000,1618.895000,1643.148000,84.297271
2020.02.24,00:00,1654.598000,1689.255000,1650.838000,1659.095000,116.159780
2020.02.25,00:00,1658.828000,1663.805000,1624.898000,1634.385000,141.516696
2020.02.26,00:00,1635.188000,1654.895000,1624.785000,1640.608000,112.685832
2020.02.27,00:00,1640.838000,1660.368000,1635.145000,1644.708000,191.647255
2020.02.28,00:00,1644.108000,1649.388000,1562.848000,1585.435000,161.686067
2020.03.02,00:00,1591.378000,1610.958000,1575.315000,1589.108000,215.107724
2020.03.03,00:00,1585.198000,1649.208000,1584.768000,1640.528000,190.514141
2020.03.04,00:00,1640.258000,1652.548000,1631.798000,1636.578000,185.897875
2020.03.05,00:00,1637.288000,1674.498000,1634.888000,1671.928000,148.076385
2020.03.06,00:00,1672.348000,1692.088000,1642.128000,1673.548000,178.703205
2020.03.09,00:00,1694.895000,1703.318000,1657.308000,1680.118000,137.940536
2020.03.10,00:00,1679.668000,1680.398000,1641.495000,1648.948000,130.607135
2020.03.11,00:00,1649.448000,1671.158000,1632.935000,1634.498000,107.333409
2020.03.12,00:00,1633.778000,1649.965000,1560.508000,1576.748000,121.893361
2020.03.13,00:00,1579.228000,1597.825000,1504.398000,1529.348000,137.517715
2020.03.16,00:00,1567.348000,1575.305000,1451.148000,1513.768000,118.547280
2020.03.17,00:00,1512.078000,1553.808000,1465.468000,1527.838000,118.845327
2020.03.18,00:00,1527.168000,1546.248000,1472.625000,1485.478000,119.936648
2020.03.19,00:00,1485.868000,1500.828000,1463.975000,1470.528000,87.708383
2020.03.20,00:00,1470.308000,1516.045000,1454.898000,1498.698000,76.975946
2020.03.23,00:00,1503.768000,1561.198000,1482.258000,1552.638000,84.485030
2020.03.24,00:00,1554.928000,1632.918000,1552.788000,1629.638000,47.644390
2020.03.25,00:00,1628.728000,1639.180000,1594.682000,1615.258000,47.561479
2020.03.26,00:00,1615.948000,1645.052000,1595.301000,1627.325000,34.256202
2020.03.27,00:00,1626.658000,1635.238000,1612.838000,1626.148000,38.070591
2020.03.30,00:00,1639.458000,1639.458000,1610.098000,1621.905000,45.826549
2020.03.31,00:00,1619.298000,1623.408000,1574.188000,1575.948000,44.280443
2020.04.01,00:00,1573.038000,1599.988000,1567.468000,1589.595000,49.809722
2020.04.02,00:00,1588.468000,1619.940000,1582.818000,1611.118000,51.887225
2020.04.03,00:00,1611.388000,1625.498000,1605.625000,1617.048000,43.645141
2020.04.06,00:00,1615.578000,1668.648000,1609.000000,1660.905000,47.534666
2020.04.07,00:00,1658.738000,1674.828000,1642.128000,1646.080000,63.785683
2020.04.08,00:00,1646.080000,1656.288000,1640.398000,1644.258000,39.969020
2020.04.09,00:00,1644.000000,1689.948000,1644.000000,1682.148000,46.255326
2020.04.13,00:00,1686.218000,1722.548000,1675.000000,1713.868000,47.004028
2020.04.14,00:00,1709.478000,1747.625000,1708.735000,1725.875000,67.453221
2020.04.15,00:00,1727.188000,1730.998000,1707.518000,1716.288000,51.956189
2020.04.16,00:00,1716.578000,1738.648000,1707.498000,1716.428000,62.850839
2020.04.17,00:00,1713.928000,1719.388000,1679.125000,1681.998000,64.468812
2020.04.20,00:00,1679.878000,1702.138000,1671.598000,1694.798000,55.313467
2020.04.21,00:00,1692.618000,1697.796000,1659.298000,1685.008000,61.205249
2020.04.22,00:00,1683.238000,1718.555000,1679.908000,1713.058000,64.567571
2020.04.23,00:00,1713.038000,1738.558000,1707.328000,1729.228000,65.949349
2020.04.24,00:00,1729.398000,1736.208000,1710.508000,1727.698000,62.209179
2020.04.27,00:00,1726.388000,1727.248000,1705.995000,1713.358000,74.220740
2020.04.28,00:00,1713.408000,1715.945000,1691.678000,1707.465000,80.414427
2020.04.29,00:00,1706.758000,1717.398000,1697.805000,1712.378000,64.480039
2020.04.30,00:00,1711.598000,1721.598000,1681.068000,1685.998000,68.512510
2020.05.01,00:00,1684.838000,1705.068000,1670.418000,1698.818000,82.993853
2020.05.04,00:00,1697.878000,1713.228000,1691.328000,1701.758000,51.271781
2020.05.05,00:00,1700.968000,1711.568000,1689.788000,1704.988000,49.387500
2020.05.06,00:00,1705.328000,1708.071000,1682.008000,1685.068000,50.555361
2020.05.07,00:00,1681.518000,1721.888000,1681.308000,1715.248000,57.487556
2020.05.08,00:00,1715.218000,1723.148000,1700.545000,1701.408000,64.902245
2020.05.11,00:00,1701.558000,1712.058000,1691.825000,1697.408000,66.256758
2020.05.12,00:00,1696.038000,1710.698000,1693.605000,1702.068000,57.583464
2020.05.13,00:00,1700.368000,1718.018000,1699.348000,1715.568000,76.038569
2020.05.14,00:00,1715.568000,1736.348000,1710.828000,1730.315000,63.777584
2020.05.15,00:00,1729.248000,1751.398000,1728.428000,1741.628000,77.519820
2020.05.18,00:00,1734.868000,1765.018000,1727.458000,1732.305000,85.084379
2020.05.19,00:00,1730.418000,1747.818000,1726.205000,1744.408000,85.646831
2020.05.20,00:00,1744.288000,1753.735000,1742.528000,1747.628000,77.077421
2020.05.21,00:00,1747.088000,1748.538000,1717.155000,1727.362000,74.097852
2020.05.22,00:00,1725.518000,1739.955000,1724.278000,1733.648000,59.924360
2020.05.25,00:00,1731.308000,1734.318000,1721.168000,1728.075000,33.714109
2020.05.26,00:00,1727.928000,1735.325000,1708.558000,1710.128000,67.774841
2020.05.27,00:00,1708.238000,1715.895000,1693.598000,1708.778000,67.130595
2020.05.28,00:00,1710.378000,1727.428000,1706.988000,1717.438000,66.163520
2020.05.29,00:00,1716.608000,1737.773000,1712.428000,1728.695000,62.912544
2020.06.01,00:00,1735.808000,1744.525000,1727.553000,1738.988000,67.286180
2020.06.02,00:00,1734.288000,1745.008000,1721.215000,1727.158000,65.317652
2020.06.03,00:00,1726.348000,1731.908000,1689.245000,1699.108000,81.489988
2020.06.04,00:00,1695.038000,1721.863000,1695.038000,1713.518000,69.325885
2020.06.05,00:00,1713.058000,1715.988000,1670.745000,1684.758000,85.671759
2020.06.08,00:00,1674.868000,1700.618000,1674.868000,1697.978000,68.710275
2020.06.09,00:00,1696.838000,1720.668000,1692.025000,1711.828000,73.960050
2020.06.10,00:00,1712.788000,1739.675000,1707.695000,1738.158000,67.523142
2020.06.11,00:00,1737.388000,1744.575000,1721.445000,1727.208000,72.187145
2020.06.12,00:00,1726.888000,1742.948000,1722.135000,1729.728000,70.735090
2020.06.15,00:00,1730.258000,1735.258000,1704.025000,1724.885000,83.290740
2020.06.16,00:00,1724.848000,1732.748000,1716.535000,1726.795000,77.388275
2020.06.17,00:00,1726.598000,1730.165000,1712.548000,1726.495000,60.120930
2020.06.18,00:00,1721.198000,1737.438000,1717.435000,1722.355000,61.513364
2020.06.19,00:00,1718.678000,1745.168000,1718.678000,1743.268000,61.707937
2020.06.22,00:00,1750.178000,1763.058000,1742.598000,1754.408000,84.699789
2020.06.23,00:00,1754.438000,1770.998000,1747.295000,1767.648000,74.297740
2020.06.24,00:00,1768.408000,1779.388000,1760.138000,1760.138000,81.645495
2020.06.25,00:00,1759.038000,1768.785000,1753.548000,1763.155000,68.680159
2020.06.26,00:00,1763.258000,1771.948000,1747.368000,1770.898000,70.936555
2020.06.29,00:00,1774.918000,1775.748000,1765.538000,1772.218000,56.527141
2020.06.30,00:00,1769.788000,1785.850000,1764.425000,1780.378000,59.518131
2020.07.01,00:00,1780.278000,1789.008000,1758.948000,1769.598000,66.374303
2020.07.02,00:00,1769.758000,1779.425000,1757.438000,1774.648000,56.427455
2020.07.03,00:00,1775.258000,1777.048000,1772.588000,1774.818000,24.276948
2020.07.06,00:00,1773.368000,1786.918000,1769.818000,1784.098000,50.676267
2020.07.07,00:00,1782.688000,1797.358000,1773.398000,1794.468000,63.701415
2020.07.08,00:00,1794.718000,1817.848000,1791.448000,1808.338000,58.850179
2020.07.09,00:00,1805.018000,1815.855000,1795.258000,1802.988000,61.911511
2020.07.10,00:00,1801.258000,1810.496000,1793.935000,1798.088000,50.328258
2020.07.13,00:00,1799.188000,1813.198000,1797.708000,1802.238000,53.311215
2020.07.14,00:00,1802.538000,1810.788000,1790.418000,1808.878000,62.056742
2020.07.15,00:00,1807.838000,1814.916000,1802.228000,1809.828000,57.357364
2020.07.16,00:00,1809.648000,1813.138000,1794.788000,1796.588000,52.349286
2020.07.17,00:00,1796.458000,1811.878000,1795.608000,1809.248000,40.067572
2020.07.20,00:00,1808.838000,1820.438000,1805.565000,1817.498000,52.293440
2020.07.21,00:00,1817.288000,1843.398000,1815.668000,1841.465000,67.186590
2020.07.22,00:00,1839.208000,1871.948000,1839.208000,1870.908000,87.924804
2020.07.23,00:00,1871.758000,1898.228000,1863.909000,1886.958000,100.871535
2020.07.24,00:00,1885.228000,1906.458000,1881.265000,1901.098000,74.174447
2020.07.27,00:00,1901.988000,1945.515000,1899.638000,1941.978000,117.938120
2020.07.28,00:00,1941.508000,1980.980000,1906.645000,1957.218000,114.649058
2020.07.29,00:00,1957.688000,1980.798000,1941.328000,1970.378000,80.367180
2020.07.30,00:00,1969.588000,1971.445000,1939.245000,1956.148000,90.126814
2020.07.31,00:00,1956.318000,1984.218000,1954.908000,1975.568000,90.137292
2020.08.03,00:00,1978.898000,1989.148000,1960.378000,1976.378000,74.593805
2020.08.04,00:00,1976.348000,2019.885000,1966.725000,2018.548000,72.785097
2020.08.05,00:00,2018.518000,2055.648000,2009.338000,2037.418000,97.587746
2020.08.06,00:00,2038.578000,2069.595000,2034.385000,2062.828000,86.805336
2020.08.07,00:00,2063.348000,2074.798000,2015.385000,2034.298000,118.280467
2020.08.10,00:00,2033.708000,2049.748000,2018.638000,2026.728000,84.750753
2020.08.11,00:00,2027.498000,2029.935000,1901.188000,1910.928000,120.491916
2020.08.12,00:00,1909.408000,1949.548000,1862.318000,1915.138000,132.044485
2020.08.13,00:00,1915.718000,1966.165000,1912.608000,1952.968000,104.746262
2020.08.14,00:00,1953.128000,1962.075000,1932.025000,1943.998000,92.041398
2020.08.17,00:00,1948.718000,1990.478000,1929.348000,1984.948000,86.962545
2020.08.18,00:00,1984.268000,2015.498000,1975.898000,2001.998000,95.397822
2020.08.19,00:00,2001.728000,2006.355000,1924.528000,1928.488000,109.227890
2020.08.20,00:00,1928.438000,1955.125000,1924.688000,1946.668000,107.240890
2020.08.21,00:00,1946.738000,1955.765000,1911.238000,1939.618000,101.114349
2020.08.24,00:00,1939.868000,1961.788000,1923.608000,1928.418000,84.926125
2020.08.25,00:00,1926.628000,1937.425000,1914.105000,1927.658000,79.809685
2020.08.26,00:00,1930.918000,1954.748000,1902.678000,1953.938000,80.266145
2020.08.27,00:00,1954.288000,1976.578000,1909.778000,1929.098000,94.784834
2020.08.28,00:00,1928.718000,1973.718000,1923.288000,1964.428000,90.033888
2020.08.31,00:00,1965.378000,1976.465000,1954.125000,1967.438000,77.214075
2020.09.01,00:00,1967.108000,1992.298000,1963.115000,1969.988000,88.612615
2020.09.02,00:00,1969.408000,1973.118000,1932.428000,1942.468000,89.013517
2020.09.03,00:00,1942.038000,1950.905000,1921.658000,1930.328000,90.053660
2020.09.04,00:00,1930.958000,1947.655000,1916.198000,1933.298000,84.194230
2020.09.07,00:00,1929.788000,1941.268000,1924.288000,1927.998000,32.411380
2020.09.08,00:00,1929.298000,1940.748000,1906.428000,1931.648000,65.137250
2020.09.09,00:00,1931.538000,1950.775000,1919.935000,1946.358000,49.544170
2020.09.10,00:00,1946.388000,1966.398000,1941.315000,1945.408000,61.198340
2020.09.11,00:00,1944.678000,1954.658000,1937.008000,1938.928000,64.632850
2020.09.14,00:00,1940.548000,1962.385000,1937.018000,1956.538000,52.430270
2020.09.15,00:00,1956.998000,1972.028000,1948.278000,1953.848000,55.975670
2020.09.16,00:00,1953.048000,1973.468000,1949.798000,1958.878000,63.567810
2020.09.17,00:00,1958.918000,1960.865000,1932.745000,1943.718000,66.771693
2020.09.18,00:00,1943.648000,1959.898000,1943.548000,1949.718000,53.074865
2020.09.21,00:00,1949.588000,1955.458000,1882.375000,1912.058000,77.779618
2020.09.22,00:00,1912.448000,1919.888000,1894.458000,1899.868000,76.263439
2020.09.23,00:00,1900.008000,1905.208000,1855.678000,1863.158000,94.660693
2020.09.24,00:00,1863.348000,1876.988000,1848.635000,1867.418000,88.297985
2020.09.25,00:00,1867.648000,1875.075000,1852.298000,1860.998000,72.296870
2020.09.28,00:00,1859.448000,1882.898000,1848.455000,1881.218000,65.505660
2020.09.29,00:00,1880.848000,1898.958000,1875.308000,1897.718000,62.756740
2020.09.30,00:00,1898.028000,1902.115000,1881.238000,1885.568000,69.700635
2020.10.01,00:00,1885.538000,1912.028000,1884.555000,1905.818000,68.797770
2020.10.02,00:00,1904.978000,1916.975000,1889.638000,1898.868000,62.154085
2020.10.05,00:00,1903.828000,1918.575000,1886.898000,1913.098000,53.063370
2020.10.06,00:00,1912.568000,1921.018000,1874.558000,1877.748000,64.131052
2020.10.07,00:00,1878.368000,1897.898000,1872.748000,1886.948000,53.350955
2020.10.08,00:00,1886.638000,1900.498000,1881.938000,1893.628000,48.598360
2020.10.09,00:00,1893.538000,1930.325000,1893.378000,1929.618000,56.612475
2020.10.12,00:00,1928.788000,1933.048000,1918.158000,1922.438000,59.648195
2020.10.13,00:00,1922.578000,1925.355000,1886.308000,1891.008000,67.382717
2020.10.14,00:00,1891.078000,1912.828000,1882.395000,1901.448000,56.485475
2020.10.15,00:00,1901.538000,1908.798000,1889.438000,1908.398000,59.903010
2020.10.16,00:00,1908.208000,1913.808000,1897.658000,1898.968000,47.789750
2020.10.19,00:00,1899.668000,1918.338000,1896.878000,1903.778000,50.734945
2020.10.20,00:00,1903.498000,1913.985000,1894.618000,1906.535000,49.492510
2020.10.21,00:00,1907.788000,1931.298000,1907.788000,1924.148000,53.696825
2020.10.22,00:00,1923.798000,1925.878000,1894.208000,1903.828000,51.959690
2020.10.23,00:00,1903.638000,1914.108000,1894.198000,1901.258000,46.148210
2020.10.26,00:00,1903.298000,1908.458000,1891.135000,1901.858000,54.653052
2020.10.27,00:00,1901.658000,1911.348000,1897.718000,1907.668000,45.143970
2020.10.28,00:00,1907.758000,1910.768000,1869.208000,1876.968000,69.939720
2020.10.29,00:00,1876.488000,1884.858000,1859.868000,1867.518000,68.047550
2020.10.30,00:00,1865.898000,1889.698000,1864.258000,1878.438000,69.176220
2020.11.02,00:00,1876.928000,1895.898000,1873.308000,1894.888000,64.736450
2020.11.03,00:00,1895.148000,1910.465000,1886.835000,1908.828000,52.289985
2020.11.04,00:00,1908.738000,1916.228000,1880.635000,1902.288000,77.450209
2020.11.05,00:00,1903.038000,1952.648000,1902.028000,1949.238000,76.777863
2020.11.06,00:00,1948.378000,1960.198000,1935.468000,1950.298000,67.388071
2020.11.09,00:00,1954.688000,1965.415000,1850.398000,1862.078000,90.937927
2020.11.10,00:00,1864.078000,1890.238000,1860.138000,1877.038000,77.064184
2020.11.11,00:00,1876.858000,1884.378000,1856.208000,1865.228000,59.705315
2020.11.12,00:00,1864.598000,1883.698000,1862.588000,1876.588000,59.758580
2020.11.13,00:00,1876.928000,1896.658000,1873.978000,1888.288000,52.841044
2020.11.16,00:00,1888.138000,1898.928000,1864.498000,1888.578000,62.167747
2020.11.17,00:00,1888.663000,1893.325000,1876.735000,1879.998000,54.789476
2020.11.18,00:00,1879.988000,1884.718000,1863.508000,1871.868000,60.981653
2020.11.19,00:00,1872.068000,1873.968000,1852.568000,1865.808000,59.196040
2020.11.20,00:00,1865.668000,1879.618000,1860.908000,1870.318000,49.478040
2020.11.23,00:00,1869.943000,1876.038000,1830.778000,1837.488000,59.144654
2020.11.24,00:00,1838.138000,1838.948000,1799.988000,1807.208000,73.813220
2020.11.25,00:00,1806.838000,1817.578000,1801.495000,1807.498000,56.747050
2020.11.26,00:00,1807.608000,1818.088000,1805.634000,1810.184000,30.045858
2020.11.27,00:00,1809.463000,1813.778000,1774.218000,1786.648000,43.446880
2020.11.30,00:00,1787.208000,1789.808000,1764.245000,1776.598000,59.871510
2020.12.01,00:00,1776.291000,1817.178000,1775.685000,1814.968000,57.644478
2020.12.02,00:00,1815.028000,1832.338000,1807.405000,1830.528000,48.952653
2020.12.03,00:00,1830.178000,1843.808000,1823.648000,1840.778000,54.304685
2020.12.04,00:00,1840.258000,1848.088000,1828.988000,1838.208000,55.932740
2020.12.07,00:00,1838.528000,1868.448000,1821.808000,1862.418000,50.571198
2020.12.08,00:00,1862.248000,1875.168000,1860.148000,1870.168000,42.109560
2020.12.09,00:00,1870.578000,1870.908000,1825.363000,1839.318000,58.151125
2020.12.10,00:00,1839.578000,1849.958000,1828.528000,1836.378000,49.340170
2020.12.11,00:00,1835.948000,1847.648000,1823.843000,1838.998000,42.896540
2020.12.14,00:00,1840.698000,1841.288000,1818.268000,1826.798000,44.652534
2020.12.15,00:00,1827.588000,1855.242000,1825.348000,1852.938000,39.481672
2020.12.16,00:00,1852.774000,1865.658000,1844.663000,1864.118000,57.724505
2020.12.17,00:00,1863.808000,1896.118000,1861.898000,1885.198000,54.316282
2020.12.18,00:00,1885.198000,1889.538000,1877.275000,1880.838000,47.144830
2020.12.21,00:00,1883.818000,1906.638000,1854.955000,1876.328000,77.611335
2020.12.22,00:00,1876.818000,1884.238000,1858.845000,1859.748000,56.084994
2020.12.23,00:00,1859.225000,1878.348000,1856.938000,1872.638000,50.202801
2020.12.24,00:00,1872.538000,1883.465000,1869.378000,1879.125000,25.809250
2020.12.28,00:00,1882.921000,1900.098000,1869.018000,1873.168000,45.350825
2020.12.29,00:00,1872.918000,1886.278000,1871.595000,1878.128000,39.860610
2020.12.30,00:00,1877.388000,1894.465000,1875.965000,1894.078000,32.401870
2020.12.31,00:00,1894.138000,1900.880000,1885.308000,1897.765000,33.752760
2021.01.04,00:00,1904.998000,1944.348000,1903.288000,1942.548000,58.990078
2021.01.05,00:00,1941.228000,1952.925000,1934.178000,1949.698000,49.685440
2021.01.06,00:00,1949.978000,1959.225000,1900.755000,1917.998000,71.500037
2021.01.07,00:00,1918.558000,1927.518000,1906.705000,1913.818000,58.029390
2021.01.08,00:00,1913.828000,1917.335000,1828.038000,1848.508000,76.993703
2021.01.11,00:00,1849.163000,1856.568000,1816.888000,1843.038000,66.455512
2021.01.12,00:00,1844.638000,1863.738000,1836.558000,1854.278000,58.494359
2021.01.13,00:00,1854.328000,1862.892000,1841.808000,1844.728000,57.268794
2021.01.14,00:00,1845.232000,1857.392000,1828.518000,1846.058000,53.980170
2021.01.15,00:00,1845.198000,1856.848000,1823.235000,1827.478000,56.692547
2021.01.18,00:00,1828.608000,1840.675000,1802.948000,1837.338000,49.089684
2021.01.19,00:00,1837.558000,1845.335000,1832.843000,1839.925000,53.406274
2021.01.20,00:00,1839.712000,1871.948000,1832.272000,1871.548000,72.797070
2021.01.21,00:00,1870.517000,1874.915000,1858.131000,1869.615000,65.500730
2021.01.22,00:00,1869.192000,1870.605000,1837.195000,1855.198000,68.331655
2021.01.25,00:00,1854.187000,1867.735000,1847.025000,1855.045000,76.026960
2021.01.26,00:00,1854.983000,1861.635000,1848.345000,1850.435000,65.229955
2021.01.27,00:00,1849.908000,1853.096000,1831.227000,1843.835000,78.432128
2021.01.28,00:00,1843.467000,1863.915000,1833.925000,1842.155000,95.223440
2021.01.29,00:00,1842.542000,1875.522000,1839.418000,1847.048000,111.261595
2021.02.01,00:00,1863.422000,1871.636000,1848.892000,1860.248000,114.238709
2021.02.02,00:00,1860.026000,1863.975000,1829.317000,1837.585000,102.372260
2021.02.03,00:00,1836.827000,1844.785000,1829.368000,1833.475000,73.755415
2021.02.04,00:00,1833.258000,1834.635000,1784.888000,1793.505000,87.920253
2021.02.05,00:00,1794.024000,1815.016000,1791.905000,1814.048000,73.939800
2021.02.08,00:00,1816.958000,1838.988000,1807.665000,1830.285000,74.987196
2021.02.09,00:00,1830.233000,1848.470000,1828.785000,1837.885000,77.268347
2021.02.10,00:00,1837.322000,1855.232000,1833.915000,1842.098000,69.475268
2021.02.11,00:00,1842.848000,1847.402000,1821.007000,1825.245000,58.904366
2021.02.12,00:00,1824.379000,1830.615000,1810.395000,1823.648000,57.933530
2021.02.15,00:00,1825.118000,1826.915000,1815.865000,1818.438000,35.155725
2021.02.16,00:00,1818.918000,1826.375000,1789.385000,1794.245000,77.940838
2021.02.17,00:00,1793.830000,1795.015000,1769.418000,1775.785000,80.176925
2021.02.18,00:00,1775.958000,1789.465000,1768.305000,1775.098000,75.821294
2021.02.19,00:00,1775.588000,1791.405000,1760.440000,1783.398000,88.052655
2021.02.22,00:00,1781.546000,1812.535000,1780.545000,1808.898000,92.962185
2021.02.23,00:00,1809.198000,1815.875000,1795.425000,1805.435000,84.448939
2021.02.24,00:00,1804.620000,1813.745000,1783.445000,1803.895000,87.534479
2021.02.25,00:00,1804.897000,1805.307000,1765.328000,1770.015000,118.845927
2021.02.26,00:00,1770.125000,1775.605000,1717.090000,1733.188000,115.001567
2021.03.01,00:00,1732.746000,1759.715000,1719.525000,1724.615000,99.812125
2021.03.02,00:00,1724.165000,1738.980000,1707.066000,1737.865000,83.115285
2021.03.03,00:00,1737.353000,1740.446000,1701.797000,1710.845000,84.554530
2021.03.04,00:00,1710.134000,1723.104000,1690.258000,1697.138000,103.454500
2021.03.05,00:00,1697.658000,1707.669000,1687.138000,1699.398000,91.932175
2021.03.08,00:00,1701.718000,1714.168000,1676.696000,1683.288000,91.331515
2021.03.09,00:00,1683.443000,1720.469000,1680.014000,1715.688000,81.549681
2021.03.10,00:00,1714.948000,1726.704000,1708.141000,1726.408000,77.333015
2021.03.11,00:00,1726.041000,1739.735000,1719.115000,1722.188000,78.539093
2021.03.12,00:00,1721.798000,1729.158000,1699.078000,1726.958000,77.276045
2021.03.15,00:00,1727.188000,1734.418000,1721.554000,1731.465000,73.668614
2021.03.16,00:00,1731.074000,1741.147000,1726.114000,1730.668000,59.247710
2021.03.17,00:00,1731.358000,1751.498000,1724.018000,1744.798000,75.750996
2021.03.18,00:00,1744.804000,1755.408000,1719.115000,1736.375000,84.090830
2021.03.19,00:00,1735.639000,1746.538000,1728.391000,1744.858000,78.859190
2021.03.22,00:00,1746.009000,1746.928000,1727.238000,1738.648000,78.071900
2021.03.23,00:00,1738.466000,1742.378000,1724.578000,1726.588000,75.195036
2021.03.24,00:00,1726.428000,1738.318000,1723.624000,1734.068000,68.224610
2021.03.25,00:00,1733.884000,1745.388000,1721.589000,1726.618000,81.792080
2021.03.26,00:00,1726.099000,1736.648000,1721.498000,1731.808000,69.246455
2021.03.29,00:00,1731.268000,1732.988000,1705.668000,1712.028000,63.817155
2021.03.30,00:00,1711.498000,1714.318000,1678.600000,1684.668000,76.206760
2021.03.31,00:00,1684.668000,1715.258000,1677.788000,1707.218000,72.703805
2021.04.01,00:00,1707.658000,1730.465000,1705.638000,1728.805000,65.155475
2021.04.05,00:00,1727.929000,1733.448000,1721.148000,1727.798000,49.400108
2021.04.06,00:00,1727.929000,1745.318000,1727.058000,1742.698000,60.234450
2021.04.07,00:00,1742.529000,1744.198000,1730.518000,1737.368000,55.800085
2021.04.08,00:00,1736.888000,1758.565000,1733.058000,1755.438000,56.261800
2021.04.09,00:00,1755.235000,1757.238000,1731.168000,1743.028000,60.916738
2021.04.12,00:00,1743.378000,1744.938000,1727.318000,1732.408000,61.470702
2021.04.13,00:00,1732.248000,1748.928000,1723.578000,1745.118000,67.806505
2021.04.14,00:00,1745.129000,1749.218000,1732.505000,1736.088000,63.384860
2021.04.15,00:00,1736.013000,1769.525000,1734.248000,1763.598000,69.922980
2021.04.16,00:00,1762.838000,1783.748000,1759.618000,1775.748000,68.778838
2021.04.19,00:00,1776.998000,1789.968000,1766.628000,1771.018000,75.106790
2021.04.20,00:00,1770.427000,1780.328000,1763.505000,1778.378000,71.411480
2021.04.21,00:00,1778.418000,1797.528000,1776.168000,1793.018000,70.293165
2021.04.22,00:00,1793.227000,1797.748000,1777.328000,1783.795000,77.102746
2021.04.23,00:00,1783.158000,1795.858000,1769.865000,1776.818000,71.812560
2021.04.26,00:00,1775.852000,1783.408000,1768.617000,1780.788000,67.991748
2021.04.27,00:00,1780.688000,1785.458000,1773.615000,1776.235000,65.663785
2021.04.28,00:00,1776.268000,1782.425000,1762.498000,1780.968000,76.014439
2021.04.29,00:00,1781.068000,1789.875000,1756.028000,1771.608000,79.110358
2021.04.30,00:00,1771.878000,1773.588000,1764.108000,1768.428000,74.680257
2021.05.03,00:00,1768.870000,1797.798000,1765.945000,1792.388000,64.307550
2021.05.04,00:00,1792.588000,1798.878000,1770.638000,1778.595000,81.613060
2021.05.05,00:00,1778.708000,1787.848000,1770.228000,1786.178000,72.120880
2021.05.06,00:00,1786.468000,1817.948000,1781.878000,1814.448000,77.127015
2021.05.07,00:00,1814.558000,1843.175000,1812.748000,1830.618000,95.394440
2021.05.10,00:00,1833.430000,1845.296000,1830.000000,1835.618000,97.447824
2021.05.11,00:00,1835.216000,1841.718000,1817.875000,1836.898000,91.067290
2021.05.12,00:00,1836.633000,1843.598000,1813.145000,1815.198000,104.727038
2021.05.13,00:00,1817.038000,1828.678000,1808.656000,1825.898000,108.527070
2021.05.14,00:00,1826.348000,1845.850000,1819.566000,1842.688000,87.049080
2021.05.17,00:00,1844.528000,1868.388000,1840.498000,1866.228000,81.654427
2021.05.18,00:00,1866.238000,1874.848000,1863.105000,1868.688000,59.701342
2021.05.19,00:00,1869.088000,1890.022000,1852.095000,1869.328000,65.102555
2021.05.20,00:00,1868.598000,1883.758000,1863.735000,1876.568000,50.898231
2021.05.21,00:00,1877.258000,1889.228000,1869.998000,1880.898000,48.497706
2021.05.24,00:00,1882.123000,1886.878000,1875.058000,1880.688000,50.522307
2021.05.25,00:00,1880.000000,1900.118000,1872.614000,1898.595000,72.538673
2021.05.26,00:00,1898.858000,1912.648000,1890.588000,1896.368000,79.977840
2021.05.27,00:00,1896.508000,1903.478000,1888.188000,1896.058000,85.393430
2021.05.28,00:00,1896.038000,1905.798000,1882.135000,1902.648000,58.493850
2021.05.31,00:00,1903.338000,1910.545000,1902.005000,1906.518000,29.231440
2021.06.01,00:00,1907.388000,1916.485000,1892.265000,1899.985000,60.252777
2021.06.02,00:00,1899.628000,1908.968000,1894.228000,1908.048000,53.261775
2021.06.03,00:00,1907.633000,1909.498000,1865.185000,1870.488000,66.918136
2021.06.04,00:00,1870.008000,1896.098000,1855.315000,1890.708000,66.825825
2021.06.07,00:00,1891.398000,1900.018000,1881.415000,1898.828000,56.711185
2021.06.08,00:00,1897.968000,1903.688000,1883.618000,1892.548000,60.842515
2021.06.09,00:00,1892.138000,1898.918000,1887.238000,1888.178000,54.372270
2021.06.10,00:00,1887.668000,1899.758000,1869.668000,1898.038000,68.008068
2021.06.11,00:00,1897.778000,1902.948000,1874.378000,1877.048000,59.615538
2021.06.14,00:00,1876.758000,1877.888000,1844.478000,1865.898000,59.243820
2021.06.15,00:00,1865.528000,1869.068000,1851.478000,1858.718000,56.561795
2021.06.16,00:00,1857.978000,1862.928000,1803.268000,1811.488000,66.541970
2021.06.17,00:00,1810.848000,1825.228000,1767.128000,1773.138000,101.529945
2021.06.18,00:00,1772.427000,1797.062000,1760.767000,1763.198000,86.704611
2021.06.21,00:00,1763.938000,1786.388000,1763.838000,1782.748000,85.639980
2021.06.22,00:00,1781.922000,1789.995000,1772.228000,1778.318000,55.762265
2021.06.23,00:00,1778.168000,1794.838000,1773.208000,1778.698000,46.494455
2021.06.24,00:00,1778.308000,1787.848000,1772.778000,1775.168000,33.776915
2021.06.25,00:00,1774.768000,1790.268000,1773.588000,1780.938000,32.106295
2021.06.28,00:00,1781.227000,1785.718000,1770.518000,1777.908000,34.961213
2021.06.29,00:00,1777.628000,1778.818000,1750.488000,1760.868000,35.720560
2021.06.30,00:00,1760.878000,1774.278000,1753.228000,1769.638000,34.291875
2021.07.01,00:00,1769.538000,1782.678000,1765.528000,1776.258000,36.167110
2021.07.02,00:00,1775.338000,1794.928000,1774.108000,1786.978000,35.736105
2021.07.05,00:00,1786.527000,1795.128000,1784.338000,1791.552000,20.866001
2021.07.06,00:00,1791.368000,1814.918000,1789.938000,1796.538000,37.082945
2021.07.07,00:00,1796.026000,1809.648000,1793.746000,1803.068000,35.899515
2021.07.08,00:00,1803.298000,1818.288000,1794.177000,1802.378000,39.209730
2021.07.09,00:00,1801.938000,1812.298000,1796.558000,1807.838000,32.260615
2021.07.12,00:00,1807.568000,1810.708000,1791.375000,1805.578000,34.339882
2021.07.13,00:00,1805.738000,1817.061000,1798.508000,1807.398000,38.178426
2021.07.14,00:00,1807.117000,1829.678000,1804.448000,1826.868000,37.371095
2021.07.15,00:00,1826.878000,1833.976000,1820.130000,1828.868000,34.176034
2021.07.16,00:00,1828.638000,1831.948000,1808.868000,1811.548000,35.144220
2021.07.19,00:00,1810.891000,1817.178000,1794.865000,1811.908000,46.880725
2021.07.20,00:00,1811.966000,1824.898000,1804.948000,1809.878000,38.179675
2021.07.21,00:00,1809.458000,1813.658000,1794.608000,1803.078000,33.813495
2021.07.22,00:00,1802.488000,1807.958000,1792.648000,1806.498000,36.185475
2021.07.23,00:00,1806.188000,1810.218000,1789.407000,1801.698000,32.384785
2021.07.26,00:00,1801.992000,1811.398000,1796.295000,1797.168000,36.038670
2021.07.27,00:00,1797.048000,1805.118000,1793.488000,1798.638000,30.366783
2021.07.28,00:00,1799.177000,1809.718000,1792.418000,1806.238000,34.486595
2021.07.29,00:00,1806.926000,1832.590000,1806.687000,1827.738000,33.208260
2021.07.30,00:00,1827.168000,1831.248000,1810.138000,1813.398000,28.071135
2021.08.02,00:00,1813.321000,1819.418000,1805.638000,1813.188000,35.621110
2021.08.03,00:00,1812.938000,1814.908000,1807.018000,1810.308000,24.149510
2021.08.04,00:00,1809.846000,1831.605000,1806.325000,1811.478000,31.360910
2021.08.05,00:00,1810.996000,1814.748000,1797.708000,1804.108000,29.077520
2021.08.06,00:00,1803.866000,1804.698000,1758.578000,1762.568000,34.607056
2021.08.09,00:00,1762.888000,1764.448000,1670.488000,1729.528000,45.304903
2021.08.10,00:00,1729.228000,1738.158000,1717.598000,1728.648000,32.608280
2021.08.11,00:00,1728.398000,1754.288000,1723.988000,1751.358000,32.858003
2021.08.12,00:00,1750.328000,1758.038000,1741.478000,1752.438000,28.544815
2021.08.13,00:00,1751.918000,1779.848000,1751.568000,1779.218000,29.079245
2021.08.16,00:00,1778.127000,1789.198000,1770.699000,1786.998000,37.004587
2021.08.17,00:00,1787.028000,1795.437000,1780.448000,1785.758000,31.342180
2021.08.18,00:00,1785.638000,1793.638000,1777.208000,1787.208000,28.493970
2021.08.19,00:00,1786.828000,1792.368000,1774.358000,1779.918000,34.064694
2021.08.20,00:00,1778.918000,1788.281000,1778.268000,1780.458000,30.300665
2021.08.23,00:00,1779.598000,1806.378000,1776.388000,1804.888000,30.056559
2021.08.24,00:00,1804.908000,1809.465000,1800.648000,1802.428000,26.543762
2021.08.25,00:00,1801.888000,1802.968000,1782.448000,1790.508000,28.101264
2021.08.26,00:00,1790.138000,1798.095000,1779.928000,1791.968000,30.843980
2021.08.27,00:00,1791.758000,1819.225000,1783.798000,1816.158000,33.461785
2021.08.30,00:00,1818.332000,1823.079000,1807.618000,1809.848000,23.018610
2021.08.31,00:00,1809.728000,1819.075000,1801.598000,1813.028000,27.640042
2021.09.01,00:00,1812.968000,1819.905000,1808.575000,1813.528000,24.568904
2021.09.02,00:00,1812.838000,1817.004000,1804.885000,1809.458000,21.961669
2021.09.03,00:00,1809.012000,1833.908000,1808.769000,1827.288000,32.563835
2021.09.06,00:00,1829.972000,1830.098000,1821.335000,1823.005000,14.185405
2021.09.07,00:00,1822.628000,1827.128000,1792.298000,1793.978000,33.189162
2021.09.08,00:00,1793.928000,1802.074000,1782.254000,1788.888000,38.851405
2021.09.09,00:00,1788.618000,1800.877000,1783.717000,1794.088000,27.865355
2021.09.10,00:00,1793.808000,1803.754000,1786.978000,1787.048000,37.206487
2021.09.13,00:00,1788.354000,1798.264000,1783.568000,1793.358000,37.673586
2021.09.14,00:00,1792.918000,1808.558000,1780.285000,1803.948000,41.960731
2021.09.15,00:00,1803.814000,1806.798000,1790.658000,1793.598000,34.292505
2021.09.16,00:00,1793.018000,1796.074000,1745.218000,1753.298000,38.855485
2021.09.17,00:00,1753.248000,1767.417000,1747.258000,1753.488000,36.643410
2021.09.20,00:00,1753.962000,1767.048000,1741.978000,1763.668000,36.627227
2021.09.21,00:00,1763.694000,1781.658000,1757.838000,1774.018000,35.500680
2021.09.22,00:00,1773.758000,1787.188000,1764.498000,1767.588000,40.360090
2021.09.23,00:00,1767.468000,1776.459000,1737.768000,1742.128000,41.004350
2021.09.24,00:00,1742.574000,1757.557000,1740.338000,1749.878000,37.708855
2021.09.27,00:00,1751.498000,1760.738000,1744.764000,1749.728000,44.917488
2021.09.28,00:00,1749.258000,1754.344000,1728.008000,1733.588000,50.343675
2021.09.29,00:00,1733.378000,1745.418000,1721.548000,1725.938000,50.725915
2021.09.30,00:00,1725.848000,1764.086000,1722.098000,1756.348000,52.233476
2021.10.01,00:00,1756.566000,1764.178000,1749.655000,1760.098000,50.431750
2021.10.04,00:00,1762.078000,1770.475000,1747.608000,1769.208000,52.774878
2021.10.05,00:00,1768.958000,1769.958000,1748.488000,1759.738000,43.540170
2021.10.06,00:00,1759.378000,1765.015000,1745.770000,1762.418000,50.224131
2021.10.07,00:00,1762.328000,1766.848000,1751.838000,1755.528000,39.548775
2021.10.08,00:00,1755.258000,1781.228000,1753.238000,1756.608000,38.840771
2021.10.11,00:00,1757.145000,1760.878000,1750.068000,1753.778000,44.244620
2021.10.12,00:00,1753.338000,1769.238000,1750.658000,1759.728000,41.626270
2021.10.13,00:00,1759.418000,1796.064000,1757.829000,1792.438000,46.547275
2021.10.14,00:00,1792.424000,1800.458000,1786.598000,1795.498000,37.659815
2021.10.15,00:00,1795.198000,1796.378000,1764.748000,1766.658000,38.626350
2021.10.18,00:00,1766.573000,1772.008000,1760.184000,1764.558000,46.894890
2021.10.19,00:00,1764.308000,1785.038000,1762.854000,1768.898000,41.819082
2021.10.20,00:00,1769.568000,1788.368000,1766.744000,1781.768000,43.900485
2021.10.21,00:00,1781.218000,1789.368000,1776.374000,1782.318000,46.114301
2021.10.22,00:00,1782.248000,1813.748000,1782.248000,1791.628000,53.731645
2021.10.25,00:00,1792.473000,1809.974000,1792.164000,1807.388000,46.076154
2021.10.26,00:00,1806.868000,1808.218000,1782.288000,1792.278000,36.872765
2021.10.27,00:00,1792.428000,1798.978000,1783.374000,1796.178000,39.614995
2021.10.28,00:00,1796.968000,1810.344000,1792.198000,1798.308000,47.453105
2021.10.29,00:00,1799.074000,1801.068000,1771.848000,1782.988000,48.605765
2021.11.01,00:00,1783.028000,1795.738000,1778.998000,1792.998000,36.561375
2021.11.02,00:00,1792.973000,1796.288000,1786.254000,1787.508000,29.880540
2021.11.03,00:00,1786.918000,1788.067000,1758.644000,1769.528000,33.425610
2021.11.04,00:00,1768.788000,1798.804000,1768.734000,1791.838000,41.661960
2021.11.05,00:00,1791.198000,1818.128000,1784.894000,1817.588000,42.970280
2021.11.08,00:00,1818.383000,1826.403000,1812.313000,1823.508000,33.324155
2021.11.09,00:00,1823.186000,1832.633000,1819.043000,1831.408000,55.819695
2021.11.10,00:00,1831.378000,1868.458000,1822.168000,1848.898000,44.038135
2021.11.11,00:00,1848.488000,1865.898000,1842.748000,1861.568000,33.703775
2021.11.12,00:00,1861.058000,1868.568000,1845.088000,1864.448000,36.897350
2021.11.15,00:00,1869.364000,1870.468000,1856.318000,1862.388000,41.416095
2021.11.16,00:00,1862.208000,1877.118000,1849.564000,1850.458000,40.182215
2021.11.17,00:00,1849.868000,1867.958000,1849.328000,1867.138000,35.280110
2021.11.18,00:00,1866.448000,1870.814000,1854.948000,1858.448000,42.196005
2021.11.19,00:00,1858.038000,1865.668000,1842.869000,1845.175000,57.166420
2021.11.22,00:00,1846.534000,1848.984000,1802.144000,1804.068000,46.880335
2021.11.23,00:00,1805.644000,1812.318000,1781.859000,1788.708000,44.243390
2021.11.24,00:00,1788.568000,1796.285000,1778.398000,1788.208000,38.173375
2021.11.25,00:00,1789.388000,1794.968000,1785.928000,1788.475000,14.634680
2021.11.26,00:00,1790.798000,1815.408000,1780.358000,1792.665000,38.418500
2021.11.29,00:00,1790.195000,1799.258000,1775.563000,1784.038000,38.699311
2021.11.30,00:00,1783.185000,1808.618000,1769.758000,1773.948000,50.616160
2021.12.01,00:00,1775.045000,1794.410000,1772.049000,1781.348000,46.180740
2021.12.02,00:00,1781.785000,1783.245000,1761.815000,1768.398000,43.167661
2021.12.03,00:00,1768.205000,1785.998000,1766.020000,1782.788000,52.640030
2021.12.06,00:00,1784.355000,1787.635000,1775.587000,1778.218000,44.539070
2021.12.07,00:00,1778.295000,1787.708000,1772.168000,1783.618000,53.552515
2021.12.08,00:00,1783.725000,1792.998000,1779.478000,1782.728000,32.129398
2021.12.09,00:00,1782.368000,1787.505000,1773.138000,1774.938000,31.769016
2021.12.10,00:00,1774.665000,1789.398000,1769.968000,1782.288000,31.309980
2021.12.13,00:00,1783.055000,1791.455000,1781.698000,1786.278000,35.003665
2021.12.14,00:00,1786.055000,1789.415000,1766.358000,1770.428000,35.116395
2021.12.15,00:00,1771.425000,1780.758000,1752.928000,1776.785000,42.837385
2021.12.16,00:00,1776.225000,1799.555000,1775.418000,1798.908000,41.142578
2021.12.17,00:00,1798.548000,1814.148000,1795.758000,1797.708000,33.180050
2021.12.20,00:00,1799.445000,1804.058000,1788.188000,1790.458000,42.556156
2021.12.21,00:00,1789.805000,1800.438000,1784.838000,1788.818000,33.978815
2021.12.22,00:00,1788.175000,1804.955000,1785.795000,1803.278000,30.936487
2021.12.23,00:00,1803.795000,1810.629000,1798.778000,1808.355000,28.694690
2021.12.27,00:00,1808.544000,1813.388000,1802.855000,1811.738000,25.361135
2021.12.28,00:00,1811.068000,1820.099000,1804.918000,1805.868000,23.993520
2021.12.29,00:00,1805.568000,1807.578000,1789.348000,1804.298000,26.710150
2021.12.30,00:00,1804.028000,1817.108000,1796.058000,1814.348000,24.044536
2021.12.31,00:00,1814.395000,1830.248000,1814.118000,1829.058000,24.522925
2022.01.03,00:00,1828.604000,1831.624000,1798.189000,1801.028000,36.838735
2022.01.04,00:00,1800.404000,1816.688000,1798.388000,1814.278000,37.367244
2022.01.05,00:00,1813.708000,1829.584000,1808.168000,1810.228000,41.987500
2022.01.06,00:00,1810.174000,1811.438000,1786.288000,1790.688000,49.725790
2022.01.07,00:00,1790.538000,1798.515000,1782.495000,1795.808000,41.639255
2022.01.10,00:00,1793.955000,1802.248000,1790.235000,1801.258000,42.679560
2022.01.11,00:00,1801.020000,1823.228000,1799.952000,1821.228000,40.241665
2022.01.12,00:00,1820.478000,1827.984000,1814.578000,1825.758000,39.254580
2022.01.13,00:00,1825.048000,1828.058000,1812.228000,1822.128000,37.402660
2022.01.14,00:00,1822.237000,1829.048000,1814.578000,1817.418000,40.538085
2022.01.17,00:00,1817.044000,1823.088000,1813.000000,1819.008000,20.969020
2022.01.18,00:00,1817.904000,1822.644000,1805.658000,1813.378000,51.485022
2022.01.19,00:00,1812.518000,1843.318000,1810.143000,1840.108000,46.770805
2022.01.20,00:00,1840.164000,1847.804000,1835.808000,1838.788000,49.636045
2022.01.21,00:00,1838.498000,1843.108000,1828.384000,1834.328000,53.454607
2022.01.24,00:00,1834.524000,1844.208000,1829.558000,1842.538000,63.620720
2022.01.25,00:00,1842.668000,1853.748000,1834.838000,1847.458000,52.265650
2022.01.26,00:00,1846.924000,1849.938000,1814.838000,1819.218000,56.635378
2022.01.27,00:00,1818.988000,1822.004000,1791.678000,1797.058000,58.287250
2022.01.28,00:00,1796.238000,1799.308000,1780.158000,1791.028000,56.454908
2022.01.31,00:00,1791.928000,1799.805000,1785.458000,1796.668000,45.358765
2022.02.01,00:00,1797.325000,1808.638000,1795.625000,1800.888000,41.025873
2022.02.02,00:00,1799.818000,1810.718000,1794.358000,1806.348000,38.958924
2022.02.03,00:00,1806.368000,1808.875000,1788.538000,1804.588000,54.965390
2022.02.04,00:00,1803.808000,1814.798000,1792.018000,1807.558000,55.256848
2022.02.07,00:00,1806.719000,1823.458000,1806.678000,1820.258000,76.704760
2022.02.08,00:00,1819.938000,1828.664000,1815.314000,1825.785000,57.170470
2022.02.09,00:00,1825.294000,1835.708000,1824.538000,1832.888000,43.304810
2022.02.10,00:00,1833.164000,1841.838000,1821.534000,1826.538000,62.047870
2022.02.11,00:00,1826.424000,1865.378000,1820.838000,1857.898000,68.942305
2022.02.14,00:00,1859.233000,1874.018000,1850.698000,1870.908000,75.958590
2022.02.15,00:00,1871.079000,1879.378000,1844.398000,1853.428000,58.995730
2022.02.16,00:00,1853.154000,1872.498000,1850.188000,1869.498000,51.701437
2022.02.17,00:00,1869.848000,1901.016000,1867.698000,1897.928000,70.493100
2022.02.18,00:00,1898.118000,1902.358000,1886.478000,1897.768000,58.767440
2022.02.21,00:00,1900.818000,1908.158000,1887.453000,1905.013000,55.154296
2022.02.22,00:00,1908.748000,1914.023000,1891.268000,1898.158000,72.082520
2022.02.23,00:00,1898.348000,1910.408000,1889.548000,1908.658000,57.742800
2022.02.24,00:00,1909.488000,1974.398000,1877.938000,1903.708000,108.900353
2022.02.25,00:00,1903.718000,1921.478000,1882.828000,1888.528000,75.880000
2022.02.28,00:00,1919.206000,1930.948000,1890.768000,1908.738000,82.460500
2022.03.01,00:00,1908.638000,1950.078000,1901.268000,1945.088000,90.350747
2022.03.02,00:00,1944.317000,1947.788000,1913.738000,1928.218000,75.833346
2022.03.03,00:00,1928.938000,1941.203000,1921.906000,1935.438000,79.554820
2022.03.04,00:00,1935.438000,1970.648000,1929.498000,1969.848000,103.409270
2022.03.07,00:00,1974.472000,2002.518000,1960.878000,1997.788000,93.696047
2022.03.08,00:00,1996.808000,2070.358000,1980.938000,2050.168000,86.053405
2022.03.09,00:00,2049.662000,2059.068000,1976.008000,1991.088000,76.217668
2022.03.10,00:00,1989.828000,2009.062000,1970.508000,1996.548000,55.346855
2022.03.11,00:00,1994.938000,1998.818000,1958.438000,1988.248000,41.312195
2022.03.14,00:00,1984.742000,1990.308000,1949.628000,1950.458000,38.758818
2022.03.15,00:00,1951.338000,1954.458000,1906.948000,1917.828000,48.475490
2022.03.16,00:00,1917.243000,1929.328000,1894.948000,1927.278000,47.864676
2022.03.17,00:00,1925.873000,1949.748000,1923.058000,1942.578000,40.193160
2022.03.18,00:00,1942.793000,1945.203000,1917.798000,1921.198000,33.526790
2022.03.21,00:00,1921.358000,1941.168000,1917.858000,1935.478000,32.835665
2022.03.22,00:00,1935.428000,1938.268000,1910.508000,1921.288000,36.868950
2022.03.23,00:00,1921.148000,1948.293000,1915.453000,1943.478000,34.437620
2022.03.24,00:00,1942.893000,1966.083000,1937.278000,1957.668000,37.379034
2022.03.25,00:00,1956.927000,1964.153000,1942.998000,1957.688000,50.090280
2022.03.28,00:00,1956.968000,1959.053000,1916.838000,1922.438000,57.741460
2022.03.29,00:00,1922.203000,1929.168000,1889.998000,1919.048000,60.450394
2022.03.30,00:00,1918.668000,1938.428000,1915.788000,1932.468000,47.053920
2022.03.31,00:00,1932.268000,1949.723000,1918.988000,1936.788000,50.252020
2022.04.01,00:00,1936.153000,1939.358000,1917.908000,1924.778000,40.692410
2022.04.04,00:00,1923.788000,1936.878000,1915.328000,1932.668000,41.554880
2022.04.05,00:00,1931.878000,1944.463000,1917.838000,1923.448000,39.947680
2022.04.06,00:00,1924.128000,1933.348000,1915.038000,1924.968000,49.963760
2022.04.07,00:00,1923.978000,1937.708000,1920.378000,1931.528000,62.102240
2022.04.08,00:00,1931.358000,1948.088000,1927.548000,1947.138000,41.236870
2022.04.11,00:00,1946.138000,1969.558000,1939.882000,1953.248000,53.739882
2022.04.12,00:00,1953.132000,1978.508000,1949.518000,1966.478000,46.389782
2022.04.13,00:00,1966.218000,1981.482000,1962.718000,1977.518000,46.082420
2022.04.14,00:00,1977.068000,1980.248000,1960.412000,1973.218000,48.051590
2022.04.18,00:00,1974.038000,1998.268000,1970.838000,1978.658000,46.184042
2022.04.19,00:00,1978.458000,1981.848000,1943.588000,1949.828000,53.141450
2022.04.20,00:00,1949.348000,1958.208000,1939.160000,1957.438000,56.345090
2022.04.21,00:00,1957.548000,1957.548000,1936.632000,1951.258000,50.466950
2022.04.22,00:00,1951.038000,1955.482000,1926.458000,1930.708000,60.044760
2022.04.25,00:00,1930.523000,1934.328000,1891.373000,1897.548000,63.779020
2022.04.26,00:00,1898.128000,1911.108000,1895.608000,1905.018000,51.891350
2022.04.27,00:00,1905.068000,1906.898000,1881.248000,1885.748000,58.850040
2022.04.28,00:00,1885.213000,1896.608000,1871.938000,1894.228000,55.500960
2022.04.29,00:00,1894.138000,1919.838000,1892.468000,1895.748000,56.584820
2022.05.02,00:00,1895.635000,1899.788000,1854.468000,1862.638000,53.862805
2022.05.03,00:00,1862.333000,1877.998000,1850.308000,1867.848000,45.747580
2022.05.04,00:00,1867.838000,1889.663000,1861.298000,1880.568000,46.622233
2022.05.05,00:00,1881.298000,1909.633000,1872.358000,1876.788000,63.635751
2022.05.06,00:00,1876.028000,1892.373000,1866.001000,1883.148000,55.149680
2022.05.09,00:00,1883.068000,1885.558000,1851.558000,1853.738000,53.994102
2022.05.10,00:00,1853.948000,1865.278000,1835.388000,1837.958000,56.154010
2022.05.11,00:00,1837.663000,1858.018000,1831.838000,1852.088000,55.063280
2022.05.12,00:00,1852.023000,1858.708000,1821.218000,1821.558000,61.989480
2022.05.13,00:00,1822.618000,1828.678000,1798.968000,1810.678000,46.555430
2022.05.16,00:00,1809.648000,1826.834000,1786.638000,1823.858000,46.714120
2022.05.17,00:00,1824.698000,1835.998000,1812.778000,1814.878000,54.986410
2022.05.18,00:00,1814.138000,1824.614000,1807.228000,1816.238000,48.685322
2022.05.19,00:00,1815.938000,1849.053000,1810.798000,1841.698000,50.257790
2022.05.20,00:00,1840.338000,1849.304000,1832.178000,1845.738000,40.056710
2022.05.23,00:00,1844.686000,1865.334000,1843.353000,1853.248000,38.676935
2022.05.24,00:00,1853.168000,1869.573000,1849.208000,1866.278000,33.817350
2022.05.25,00:00,1866.258000,1867.878000,1842.138000,1853.218000,31.059677
2022.05.26,00:00,1852.508000,1854.218000,1840.798000,1850.378000,35.508374
2022.05.27,00:00,1850.328000,1861.838000,1847.828000,1852.838000,29.727200
2022.05.30,00:00,1852.538000,1863.883000,1848.008000,1855.753000,17.557830
2022.05.31,00:00,1855.938000,1857.018000,1834.858000,1837.048000,36.289599
2022.06.01,00:00,1836.138000,1849.894000,1828.358000,1846.208000,34.194260
2022.06.02,00:00,1846.138000,1870.338000,1843.908000,1868.378000,28.241531
2022.06.03,00:00,1867.828000,1873.963000,1847.273000,1850.338000,30.006510
2022.06.06,00:00,1850.618000,1857.748000,1840.578000,1841.078000,31.722650
2022.06.07,00:00,1840.476000,1855.458000,1836.923000,1852.118000,31.027502
2022.06.08,00:00,1851.518000,1859.573000,1844.478000,1853.088000,29.540960
2022.06.09,00:00,1852.078000,1855.268000,1839.910000,1847.788000,33.189550
2022.06.10,00:00,1847.338000,1875.868000,1824.948000,1871.038000,42.059680
2022.06.13,00:00,1874.938000,1878.763000,1817.898000,1818.838000,55.964116
2022.06.14,00:00,1819.318000,1831.538000,1804.963000,1808.148000,53.580819
2022.06.15,00:00,1807.438000,1841.838000,1807.248000,1833.508000,56.153710
2022.06.16,00:00,1832.246000,1857.418000,1814.718000,1857.208000,51.377475
2022.06.17,00:00,1856.663000,1857.238000,1833.714000,1838.778000,47.140179
2022.06.20,00:00,1837.448000,1845.998000,1834.493000,1837.718000,27.691290
2022.06.21,00:00,1837.963000,1843.518000,1828.424000,1832.718000,39.171224
2022.06.22,00:00,1832.618000,1847.778000,1823.288000,1837.588000,40.786520
2022.06.23,00:00,1837.791000,1846.238000,1822.388000,1822.548000,47.594240
2022.06.24,00:00,1822.408000,1831.686000,1816.898000,1825.858000,42.166100
2022.06.27,00:00,1837.376000,1840.948000,1820.678000,1822.618000,43.695861
2022.06.28,00:00,1822.348000,1829.412000,1818.268000,1819.708000,34.138550
2022.06.29,00:00,1819.098000,1832.958000,1811.978000,1817.448000,39.584300
2022.06.30,00:00,1817.198000,1825.008000,1802.618000,1807.098000,43.285500
2022.07.01,00:00,1806.608000,1811.698000,1784.397000,1810.598000,47.706920
2022.07.04,00:00,1812.078000,1814.198000,1803.836000,1807.474000,24.670096
2022.07.05,00:00,1807.176000,1812.058000,1763.748000,1764.578000,48.236710
2022.07.06,00:00,1763.984000,1772.784000,1732.128000,1738.608000,55.422805
2022.07.07,00:00,1738.438000,1749.014000,1736.358000,1739.968000,41.973460
2022.07.08,00:00,1739.858000,1752.387000,1732.919000,1741.838000,41.676650
2022.07.11,00:00,1742.848000,1744.528000,1731.128000,1733.808000,42.165410
2022.07.12,00:00,1733.348000,1744.098000,1723.048000,1725.928000,45.995020
2022.07.13,00:00,1725.628000,1745.284000,1706.948000,1735.278000,57.078450
2022.07.14,00:00,1735.068000,1736.200000,1697.438000,1709.638000,59.826290
2022.07.15,00:00,1709.808000,1716.518000,1698.948000,1707.798000,43.797540
2022.07.18,00:00,1707.238000,1723.798000,1705.758000,1709.038000,44.560925
2022.07.19,00:00,1708.988000,1718.321000,1705.224000,1711.518000,35.168625
2022.07.20,00:00,1711.358000,1714.411000,1692.338000,1696.328000,36.291206
2022.07.21,00:00,1696.478000,1720.238000,1680.748000,1718.398000,45.564915
2022.07.22,00:00,1717.994000,1739.253000,1712.724000,1726.618000,39.240395
2022.07.25,00:00,1728.148000,1736.174000,1714.653000,1719.555000,40.362278
2022.07.26,00:00,1718.898000,1728.074000,1713.534000,1717.178000,35.563440
2022.07.27,00:00,1716.358000,1740.138000,1711.315000,1733.798000,38.917720
2022.07.28,00:00,1734.048000,1757.004000,1733.538000,1755.588000,42.621780
2022.07.29,00:00,1754.981000,1767.784000,1751.928000,1765.698000,39.802060
2022.08.01,00:00,1764.809000,1775.314000,1758.208000,1771.968000,41.777100
2022.08.02,00:00,1771.438000,1787.928000,1759.818000,1759.928000,44.302926
2022.08.03,00:00,1760.598000,1772.662000,1754.198000,1765.018000,36.328410
2022.08.04,00:00,1765.468000,1794.898000,1763.174000,1790.978000,35.927576
2022.08.05,00:00,1790.618000,1794.764000,1764.907000,1774.718000,40.232720
2022.08.08,00:00,1773.748000,1789.924000,1770.565000,1788.758000,34.124809
2022.08.09,00:00,1788.118000,1800.364000,1783.038000,1794.018000,30.663930
2022.08.10,00:00,1793.988000,1807.768000,1787.478000,1792.178000,36.872505
2022.08.11,00:00,1791.564000,1799.149000,1783.378000,1789.518000,37.911560
2022.08.12,00:00,1789.168000,1802.548000,1784.798000,1801.778000,35.997040
2022.08.15,00:00,1802.308000,1802.308000,1772.818000,1779.488000,37.994660
2022.08.16,00:00,1778.864000,1783.038000,1771.368000,1775.698000,32.072520
2022.08.17,00:00,1775.598000,1782.194000,1759.714000,1761.468000,40.115866
2022.08.18,00:00,1761.010000,1772.294000,1755.218000,1758.428000,36.159510
2022.08.19,00:00,1758.244000,1759.248000,1745.438000,1746.498000,35.957370
2022.08.22,00:00,1746.298000,1748.958000,1727.668000,1735.968000,39.696280
2022.08.23,00:00,1735.834000,1753.974000,1730.688000,1747.898000,40.251110
2022.08.24,00:00,1747.394000,1755.798000,1742.355000,1750.828000,35.734730
2022.08.25,00:00,1750.514000,1765.368000,1749.828000,1758.488000,33.820780
2022.08.26,00:00,1758.478000,1758.768000,1734.058000,1737.338000,39.201620
2022.08.29,00:00,1736.068000,1745.418000,1720.208000,1736.838000,37.628440
2022.08.30,00:00,1736.908000,1740.334000,1721.098000,1723.808000,40.461200
2022.08.31,00:00,1723.614000,1726.428000,1709.514000,1710.798000,44.175830
2022.09.01,00:00,1711.268000,1711.314000,1688.668000,1697.298000,40.334810
2022.09.02,00:00,1696.608000,1717.878000,1694.868000,1711.278000,39.171306
2022.09.05,00:00,1712.598000,1715.668000,1707.574000,1710.448000,20.993920
2022.09.06,00:00,1709.418000,1726.566000,1699.708000,1701.928000,44.722120
2022.09.07,00:00,1701.868000,1719.318000,1691.218000,1717.998000,47.933030
2022.09.08,00:00,1717.798000,1728.095000,1703.878000,1708.208000,49.148259
2022.09.09,00:00,1708.368000,1729.344000,1708.234000,1715.938000,41.542996
2022.09.12,00:00,1717.058000,1735.035000,1711.808000,1724.378000,45.461840
2022.09.13,00:00,1724.558000,1731.710000,1696.934000,1701.878000,53.804616
2022.09.14,00:00,1701.428000,1707.014000,1693.518000,1697.168000,52.349670
2022.09.15,00:00,1696.794000,1698.124000,1660.240000,1664.938000,49.723920
2022.09.16,00:00,1664.708000,1680.245000,1654.048000,1673.898000,48.037110
2022.09.19,00:00,1675.958000,1679.865000,1659.583000,1675.618000,43.457322
2022.09.20,00:00,1675.225000,1679.288000,1659.875000,1664.698000,42.341060
2022.09.21,00:00,1664.375000,1687.948000,1653.649000,1673.628000,55.363600
2022.09.22,00:00,1673.038000,1684.788000,1655.536000,1670.958000,64.100130
2022.09.23,00:00,1671.218000,1675.838000,1639.617000,1643.598000,56.268460
2022.09.26,00:00,1643.458000,1649.648000,1621.033000,1622.178000,65.899963
2022.09.27,00:00,1621.148000,1642.335000,1621.148000,1628.738000,67.069250
2022.09.28,00:00,1628.478000,1662.645000,1614.710000,1659.658000,64.172510
2022.09.29,00:00,1659.658000,1664.746000,1641.408000,1660.308000,59.471235
2022.09.30,00:00,1661.048000,1675.265000,1659.158000,1659.978000,53.661550
2022.10.03,00:00,1662.198000,1701.385000,1659.595000,1699.608000,48.535855
2022.10.04,00:00,1699.258000,1729.435000,1695.068000,1725.988000,49.549974
2022.10.05,00:00,1725.398000,1727.664000,1700.458000,1716.128000,55.177740
2022.10.06,00:00,1715.988000,1725.434000,1706.812000,1712.428000,44.089970
2022.10.07,00:00,1712.348000,1714.724000,1690.504000,1694.458000,43.950900
2022.10.10,00:00,1695.464000,1699.714000,1665.478000,1668.448000,41.942030
2022.10.11,00:00,1668.268000,1683.840000,1660.910000,1666.078000,50.885866
2022.10.12,00:00,1665.798000,1678.215000,1661.265000,1672.978000,48.447570
2022.10.13,00:00,1673.018000,1682.336000,1642.288000,1666.208000,56.522829
2022.10.14,00:00,1665.328000,1671.655000,1640.095000,1643.618000,54.668490
2022.10.17,00:00,1644.068000,1668.268000,1643.022000,1649.858000,53.589574
2022.10.18,00:00,1649.858000,1660.707000,1645.647000,1651.698000,59.160620
2022.10.19,00:00,1651.467000,1654.318000,1627.487000,1628.798000,74.689160
2022.10.20,00:00,1629.468000,1645.438000,1622.257000,1627.398000,81.599330
2022.10.21,00:00,1627.407000,1657.798000,1617.067000,1657.298000,113.119685
2022.10.24,00:00,1657.608000,1670.748000,1643.747000,1648.998000,102.427635
2022.10.25,00:00,1649.547000,1662.187000,1638.098000,1652.715000,76.765550
2022.10.26,00:00,1652.577000,1674.678000,1649.558000,1664.398000,74.169220
2022.10.27,00:00,1663.717000,1670.648000,1654.668000,1662.998000,78.211480
2022.10.28,00:00,1661.957000,1666.858000,1637.898000,1644.498000,68.637370
2022.10.31,00:00,1643.398000,1645.488000,1631.578000,1632.898000,54.483070
2022.11.01,00:00,1632.407000,1656.878000,1630.477000,1647.398000,68.622190
2022.11.02,00:00,1647.758000,1669.257000,1634.747000,1635.098000,73.171585
2022.11.03,00:00,1635.248000,1640.858000,1616.477000,1629.298000,76.726102
2022.11.04,00:00,1628.547000,1681.718000,1628.398000,1681.148000,86.728000
2022.11.07,00:00,1674.327000,1681.758000,1666.707000,1675.098000,64.933660
2022.11.08,00:00,1674.297000,1716.738000,1664.557000,1711.598000,67.147640
2022.11.09,00:00,1710.907000,1722.168000,1702.048000,1706.548000,77.734490
2022.11.10,00:00,1706.547000,1756.998000,1703.648000,1755.198000,82.249860
2022.11.11,00:00,1754.067000,1772.448000,1747.108000,1771.198000,84.586560
2022.11.14,00:00,1765.917000,1774.938000,1753.098000,1770.998000,66.033810
2022.11.15,00:00,1770.017000,1786.367000,1766.948000,1778.298000,101.659287
2022.11.16,00:00,1777.427000,1784.928000,1770.167000,1773.198000,74.723090
2022.11.17,00:00,1773.647000,1774.668000,1754.268000,1760.098000,75.330522
2022.11.18,00:00,1760.138000,1767.578000,1747.317000,1750.398000,64.887870
2022.11.21,00:00,1749.817000,1752.807000,1732.338000,1737.548000,53.852630
2022.11.22,00:00,1737.888000,1749.598000,1736.867000,1739.798000,49.931020
2022.11.23,00:00,1739.357000,1753.177000,1728.137000,1749.225000,60.205533
2022.11.24,00:00,1749.327000,1758.468000,1748.598000,1754.968000,39.375280
2022.11.25,00:00,1754.798000,1760.958000,1745.848000,1754.417000,43.504360
2022.11.28,00:00,1755.787000,1763.618000,1739.458000,1741.148000,63.585428
2022.11.29,00:00,1740.128000,1758.898000,1739.348000,1749.198000,55.924085
2022.11.30,00:00,1749.407000,1769.898000,1744.717000,1768.098000,67.267190
2022.12.01,00:00,1768.618000,1803.998000,1767.757000,1802.948000,76.180350
2022.12.02,00:00,1802.197000,1804.298000,1778.418000,1797.248000,75.550922
2022.12.05,00:00,1795.937000,1809.758000,1766.000000,1767.898000,68.967390
2022.12.06,00:00,1767.947000,1780.728000,1767.118000,1770.798000,61.564210
2022.12.07,00:00,1770.397000,1790.357000,1768.588000,1785.848000,65.764050
2022.12.08,00:00,1786.718000,1794.728000,1781.268000,1788.598000,53.493340
2022.12.09,00:00,1788.627000,1805.998000,1788.298000,1795.397000,62.109155
2022.12.12,00:00,1795.687000,1797.067000,1777.417000,1780.515000,46.229970
2022.12.13,00:00,1780.377000,1824.358000,1780.198000,1810.098000,38.486799
2022.12.14,00:00,1809.797000,1814.035000,1795.008000,1806.225000,37.095610
2022.12.15,00:00,1806.597000,1808.545000,1773.608000,1776.525000,36.778485
2022.12.16,00:00,1776.347000,1794.198000,1774.205000,1792.598000,32.734160
2022.12.19,00:00,1792.257000,1798.637000,1783.785000,1787.298000,27.477020
2022.12.20,00:00,1786.917000,1821.035000,1784.505000,1816.675000,41.061030
2022.12.21,00:00,1817.897000,1823.685000,1811.705000,1813.998000,30.700110
2022.12.22,00:00,1813.477000,1820.325000,1784.627000,1791.798000,29.080351
2022.12.23,00:00,1792.428000,1803.095000,1791.065000,1798.198000,27.451690
2022.12.27,00:00,1800.047000,1833.215000,1799.687000,1812.878000,31.541890
2022.12.28,00:00,1813.037000,1814.415000,1796.905000,1803.498000,28.037150
2022.12.29,00:00,1803.497000,1820.015000,1803.497000,1814.545000,27.348870
2022.12.30,00:00,1814.047000,1825.877000,1813.175000,1823.463000,56.788620
2023.01.03,00:00,1826.837000,1849.865000,1823.287000,1839.048000,41.297380
2023.01.04,00:00,1838.797000,1865.035000,1836.048000,1853.798000,44.793240
2023.01.05,00:00,1854.147000,1858.875000,1824.995000,1832.648000,38.527540
2023.01.06,00:00,1830.042000,1869.765000,1830.032000,1865.598000,41.487070
2023.01.09,00:00,1867.537000,1881.445000,1864.477000,1870.925000,29.478180
2023.01.10,00:00,1870.507000,1880.635000,1867.745000,1876.298000,32.665390
2023.01.11,00:00,1876.697000,1886.548000,1867.015000,1874.898000,32.288420
2023.01.12,00:00,1874.997000,1901.475000,1872.760000,1896.298000,35.461205
2023.01.13,00:00,1895.297000,1921.798000,1892.205000,1919.398000,38.002660
2023.01.16,00:00,1920.337000,1928.885000,1910.665000,1913.705000,23.759100
2023.01.17,00:00,1914.837000,1918.925000,1903.675000,1908.195000,27.948347
2023.01.18,00:00,1907.577000,1925.798000,1896.495000,1903.298000,41.790392
2023.01.19,00:00,1904.747000,1935.045000,1900.855000,1931.205000,41.806400
2023.01.20,00:00,1931.737000,1937.435000,1920.508000,1925.298000,31.964230
2023.01.23,00:00,1926.128000,1935.445000,1911.248000,1930.848000,35.581449
2023.01.24,00:00,1930.597000,1942.348000,1917.065000,1936.698000,36.658610
2023.01.25,00:00,1937.397000,1947.945000,1919.697000,1945.695000,27.910480
2023.01.26,00:00,1946.697000,1949.085000,1918.627000,1928.585000,29.952419
2023.01.27,00:00,1928.397000,1934.918000,1916.525000,1927.598000,30.755420
2023.01.30,00:00,1927.108000,1934.425000,1920.585000,1922.075000,24.680010
2023.01.31,00:00,1922.207000,1930.998000,1900.665000,1927.475000,28.686810
2023.02.01,00:00,1927.538000,1954.448000,1920.435000,1950.098000,35.932010
2023.02.02,00:00,1950.388000,1959.625000,1911.225000,1911.755000,36.018985
2023.02.03,00:00,1911.607000,1918.485000,1861.255000,1864.548000,39.150700
2023.02.06,00:00,1864.508000,1881.198000,1859.647000,1866.698000,32.178000
2023.02.07,00:00,1866.937000,1884.348000,1864.898000,1872.998000,36.655080
2023.02.08,00:00,1872.097000,1886.345000,1868.898000,1875.248000,27.179800
2023.02.09,00:00,1874.727000,1890.098000,1858.855000,1861.548000,27.202390
2023.02.10,00:00,1861.637000,1872.035000,1852.588000,1864.698000,28.141470
2023.02.13,00:00,1863.917000,1866.395000,1850.325000,1853.348000,25.071830
2023.02.14,00:00,1853.007000,1870.467000,1843.165000,1853.948000,40.687220
2023.02.15,00:00,1854.017000,1859.998000,1830.475000,1835.698000,28.166140
2023.02.16,00:00,1835.597000,1845.158000,1827.555000,1835.065000,26.628900
2023.02.17,00:00,1836.258000,1843.505000,1818.805000,1841.898000,25.683100
2023.02.20,00:00,1840.407000,1847.405000,1837.145000,1840.965000,17.148580
2023.02.21,00:00,1841.304000,1843.738000,1830.095000,1834.675000,31.192650
2023.02.22,00:00,1834.424000,1845.905000,1823.425000,1824.435000,30.071870
2023.02.23,00:00,1825.154000,1833.685000,1817.395000,1821.585000,27.344180
2023.02.24,00:00,1821.444000,1827.715000,1808.865000,1810.665000,27.581360
2023.02.27,00:00,1810.758000,1820.055000,1806.538000,1816.898000,24.543060
2023.02.28,00:00,1816.634000,1831.045000,1804.594000,1826.648000,27.945380
2023.03.01,00:00,1826.104000,1844.408000,1822.938000,1835.935000,28.373870
2023.03.02,00:00,1836.308000,1838.865000,1829.854000,1835.615000,32.104680
2023.03.03,00:00,1835.654000,1856.768000,1835.404000,1855.798000,26.543416
2023.03.06,00:00,1854.644000,1858.168000,1845.015000,1846.015000,26.961280
2023.03.07,00:00,1846.248000,1851.555000,1812.655000,1812.795000,26.516070
2023.03.08,00:00,1812.968000,1824.185000,1809.248000,1813.305000,24.970375
2023.03.09,00:00,1812.808000,1835.565000,1811.805000,1830.815000,23.188120
2023.03.10,00:00,1830.434000,1870.065000,1827.675000,1867.448000,47.097590
2023.03.13,00:00,1872.398000,1914.475000,1871.328000,1912.705000,67.362815
2023.03.14,00:00,1913.514000,1913.984000,1895.228000,1903.698000,44.332240
2023.03.15,00:00,1903.414000,1937.295000,1885.565000,1918.055000,49.171460
2023.03.16,00:00,1917.708000,1933.385000,1907.455000,1919.248000,49.588620
2023.03.17,00:00,1920.774000,1988.998000,1918.135000,1987.798000,44.892250
2023.03.20,00:00,1984.148000,2009.695000,1965.748000,1978.375000,45.621238
2023.03.21,00:00,1978.308000,1985.025000,1935.194000,1939.205000,36.842390
2023.03.22,00:00,1939.658000,1978.705000,1934.175000,1969.525000,42.585860
2023.03.23,00:00,1969.714000,2003.185000,1964.644000,1992.598000,43.526750
2023.03.24,00:00,1993.198000,2002.848000,1975.085000,1977.988000,41.321790
2023.03.27,00:00,1979.798000,1979.798000,1943.895000,1956.275000,31.679050
2023.03.28,00:00,1955.504000,1975.148000,1949.028000,1972.915000,31.469310
2023.03.29,00:00,1972.558000,1974.224000,1958.575000,1963.625000,28.822760
2023.03.30,00:00,1963.484000,1984.195000,1955.204000,1979.715000,32.613050
2023.03.31,00:00,1979.884000,1987.485000,1966.754000,1968.748000,34.525280
2023.04.03,00:00,1972.298000,1990.365000,1949.595000,1984.295000,36.308730
2023.04.04,00:00,1983.344000,2024.848000,1976.825000,2019.875000,35.349750
2023.04.05,00:00,2020.094000,2031.968000,2009.885000,2020.195000,30.457016
2023.04.06,00:00,2020.404000,2021.248000,2001.000000,2006.476000,30.350362
2023.04.10,00:00,1993.341000,2006.355000,1981.545000,1990.955000,22.482846
2023.04.11,00:00,1991.084000,2007.348000,1988.615000,2003.005000,22.699410
2023.04.12,00:00,2003.274000,2028.235000,2001.225000,2014.635000,31.501075
2023.04.13,00:00,2013.974000,2048.538000,2013.518000,2039.498000,28.525760
2023.04.14,00:00,2039.454000,2047.335000,1992.285000,2003.498000,35.670630
2023.04.17,00:00,1998.498000,2014.885000,1980.974000,1994.195000,26.933910
2023.04.18,00:00,1994.688000,2011.748000,1991.195000,2005.048000,22.903260
2023.04.19,00:00,2004.704000,2008.045000,1969.155000,1994.605000,29.605375
2023.04.20,00:00,1994.564000,2012.255000,1990.385000,2004.598000,25.793400
2023.04.21,00:00,2004.424000,2005.495000,1971.515000,1982.248000,26.516890
2023.04.24,00:00,1980.748000,1990.728000,1973.995000,1988.938000,26.157880
2023.04.25,00:00,1988.704000,2003.798000,1976.015000,1996.698000,33.561620
2023.04.26,00:00,1997.004000,2009.204000,1983.198000,1988.198000,34.323170
2023.04.27,00:00,1989.034000,2003.258000,1973.865000,1987.598000,41.109138
2023.04.28,00:00,1987.404000,1994.915000,1975.905000,1989.548000,31.209770
2023.05.01,00:00,1990.398000,2005.848000,1976.925000,1981.198000,30.738029
2023.05.02,00:00,1981.344000,2019.248000,1978.324000,2016.325000,32.224630
2023.05.03,00:00,2016.488000,2040.298000,2007.414000,2038.798000,29.261181
2023.05.04,00:00,2039.274000,2079.778000,2030.214000,2049.498000,53.467901
2023.05.05,00:00,2049.644000,2052.925000,1999.455000,2016.298000,76.076936
2023.05.08,00:00,2016.608000,2029.334000,2014.134000,2020.625000,76.556310
2023.05.09,00:00,2020.404000,2037.494000,2019.344000,2033.868000,88.654230
2023.05.10,00:00,2033.954000,2048.114000,2021.434000,2029.465000,102.128338
2023.05.11,00:00,2029.944000,2041.214000,2011.044000,2014.595000,127.811280
2023.05.12,00:00,2014.654000,2022.494000,2000.825000,2009.798000,75.348925
2023.05.15,00:00,2007.498000,2022.114000,2006.998000,2015.678000,77.636580
2023.05.16,00:00,2015.304000,2018.235000,1985.405000,1988.848000,96.568827
2023.05.17,00:00,1989.104000,1992.985000,1974.935000,1981.298000,89.272510
2023.05.18,00:00,1981.464000,1985.944000,1951.885000,1957.348000,51.410760
2023.05.19,00:00,1956.418000,1984.075000,1953.905000,1977.448000,29.291930
2023.05.22,00:00,1976.478000,1982.505000,1968.765000,1971.645000,26.590120
2023.05.23,00:00,1970.864000,1977.554000,1954.084000,1974.698000,34.162270
2023.05.24,00:00,1974.684000,1985.194000,1956.548000,1956.648000,28.820130
2023.05.25,00:00,1956.104000,1964.625000,1938.658000,1941.005000,29.568120
2023.05.26,00:00,1939.844000,1957.215000,1936.655000,1945.788000,32.316150
2023.05.29,00:00,1942.078000,1949.575000,1940.145000,1943.054000,14.114720
2023.05.30,00:00,1943.704000,1963.378000,1931.905000,1959.088000,28.245690
2023.05.31,00:00,1958.788000,1974.628000,1953.498000,1962.398000,30.778150
2023.06.01,00:00,1962.204000,1983.015000,1953.255000,1977.098000,28.225760
2023.06.02,00:00,1976.804000,1983.315000,1947.164000,1947.738000,28.265998
2023.06.05,00:00,1947.045000,1963.955000,1938.045000,1961.448000,22.857850
2023.06.06,00:00,1960.964000,1966.238000,1954.255000,1963.198000,20.849020
2023.06.07,00:00,1963.214000,1970.085000,1939.638000,1939.715000,22.293735
2023.06.08,00:00,1940.344000,1970.398000,1939.544000,1965.148000,27.523140
2023.06.09,00:00,1965.304000,1972.928000,1956.475000,1960.798000,20.903080
2023.06.12,00:00,1959.324000,1966.865000,1949.125000,1957.548000,23.769450
2023.06.13,00:00,1957.114000,1970.724000,1939.935000,1943.448000,25.919270
2023.06.14,00:00,1943.624000,1960.205000,1939.498000,1941.238000,26.072410
2023.06.15,00:00,1941.964000,1960.125000,1924.898000,1957.628000,31.343920
2023.06.16,00:00,1957.008000,1967.825000,1953.165000,1957.358000,30.051230
2023.06.19,00:00,1957.198000,1958.685000,1947.685000,1950.125000,17.317840
2023.06.20,00:00,1950.575000,1956.675000,1929.705000,1936.018000,22.864569
2023.06.21,00:00,1935.274000,1939.375000,1919.075000,1932.198000,25.223530
2023.06.22,00:00,1932.198000,1934.845000,1912.224000,1912.255000,21.543060
2023.06.23,00:00,1913.504000,1937.238000,1910.065000,1920.388000,23.611900
2023.06.26,00:00,1924.948000,1933.245000,1921.425000,1921.875000,19.210300
2023.06.27,00:00,1922.604000,1930.585000,1910.785000,1913.395000,22.448585
2023.06.28,00:00,1913.008000,1917.155000,1902.695000,1906.978000,23.182420
2023.06.29,00:00,1907.404000,1912.995000,1892.915000,1907.845000,28.094970
2023.06.30,00:00,1907.704000,1922.628000,1900.465000,1919.538000,28.016940
2023.07.03,00:00,1918.898000,1930.935000,1909.965000,1921.285000,24.223390
2023.07.04,00:00,1920.834000,1930.615000,1919.644000,1925.725000,17.693850
2023.07.05,00:00,1925.674000,1934.905000,1914.565000,1914.898000,22.680140
2023.07.06,00:00,1914.504000,1927.505000,1902.505000,1910.745000,28.443760
2023.07.07,00:00,1910.234000,1934.745000,1909.408000,1923.838000,35.441455
2023.07.10,00:00,1923.998000,1928.075000,1912.585000,1925.008000,21.494010
2023.07.11,00:00,1924.468000,1938.274000,1924.175000,1931.515000,21.263660
2023.07.12,00:00,1932.034000,1959.595000,1931.964000,1956.705000,24.813605
2023.07.13,00:00,1955.934000,1963.494000,1952.245000,1960.248000,21.576685
2023.07.14,00:00,1959.834000,1963.585000,1950.875000,1954.748000,20.771099
2023.07.17,00:00,1954.048000,1959.745000,1945.638000,1954.898000,18.604590
2023.07.18,00:00,1953.554000,1984.195000,1953.554000,1977.965000,29.682650
2023.07.19,00:00,1978.384000,1980.775000,1969.645000,1976.298000,19.876090
2023.07.20,00:00,1976.545000,1987.385000,1965.198000,1969.088000,21.636652
2023.07.21,00:00,1969.215000,1973.705000,1956.678000,1961.428000,18.312420
2023.07.24,00:00,1961.498000,1967.725000,1953.335000,1954.298000,19.780500
2023.07.25,00:00,1954.285000,1965.548000,1951.898000,1964.458000,22.212740
2023.07.26,00:00,1964.405000,1978.118000,1961.945000,1971.215000,22.589640
2023.07.27,00:00,1970.998000,1982.085000,1942.525000,1943.505000,26.343890
2023.07.28,00:00,1945.715000,1963.374000,1945.315000,1958.465000,31.699530
2023.07.31,00:00,1958.608000,1972.295000,1950.655000,1964.718000,18.712680
2023.08.01,00:00,1965.195000,1965.885000,1941.118000,1943.498000,17.388690
2023.08.02,00:00,1949.608000,1954.675000,1932.885000,1934.288000,20.180200
2023.08.03,00:00,1933.605000,1938.815000,1929.425000,1933.778000,20.230420
2023.08.04,00:00,1933.644000,1946.798000,1924.898000,1942.568000,19.534547
2023.08.07,00:00,1942.098000,1946.605000,1931.365000,1935.718000,14.150060
2023.08.08,00:00,1936.515000,1937.945000,1922.655000,1925.065000,17.993240
2023.08.09,00:00,1924.575000,1932.255000,1913.505000,1913.515000,13.361960
2023.08.10,00:00,1914.655000,1929.995000,1911.748000,1911.748000,18.116200
2023.08.11,00:00,1912.105000,1920.815000,1910.694000,1913.378000,15.415100
2023.08.14,00:00,1912.255000,1916.135000,1902.595000,1906.818000,13.737810
2023.08.15,00:00,1907.094000,1911.525000,1896.215000,1901.498000,22.035950
2023.08.16,00:00,1900.915000,1907.095000,1891.148000,1891.148000,18.732270
2023.08.17,00:00,1891.595000,1903.375000,1884.925000,1888.418000,19.702690
2023.08.18,00:00,1889.075000,1896.678000,1886.675000,1889.258000,14.205540
2023.08.21,00:00,1889.335000,1898.665000,1884.755000,1894.498000,15.946580
2023.08.22,00:00,1894.548000,1904.405000,1889.018000,1896.978000,14.587705
2023.08.23,00:00,1897.108000,1920.275000,1897.108000,1914.438000,16.759660
2023.08.24,00:00,1914.498000,1923.225000,1911.655000,1916.498000,14.601970
2023.08.25,00:00,1916.198000,1922.265000,1903.705000,1914.778000,16.563840
2023.08.28,00:00,1915.548000,1925.955000,1912.675000,1918.375000,15.530880
2023.08.29,00:00,1919.598000,1938.095000,1914.355000,1937.238000,16.450880
2023.08.30,00:00,1937.085000,1948.965000,1934.838000,1941.855000,21.055420
2023.08.31,00:00,1942.868000,1947.825000,1938.864000,1939.658000,18.123910
2023.09.01,00:00,1938.898000,1952.905000,1934.355000,1939.238000,27.682470
2023.09.04,00:00,1939.948000,1946.185000,1936.675000,1938.225000,12.362840
2023.09.05,00:00,1937.798000,1938.905000,1925.205000,1925.748000,14.461469
2023.09.06,00:00,1925.368000,1929.055000,1915.175000,1916.418000,15.147740
2023.09.07,00:00,1916.545000,1923.495000,1915.945000,1919.338000,24.075890
2023.09.08,00:00,1919.008000,1929.595000,1917.225000,1918.258000,13.016690
2023.09.11,00:00,1919.865000,1930.558000,1916.584000,1922.048000,12.894410
2023.09.12,00:00,1921.348000,1924.395000,1907.478000,1913.258000,14.167010
2023.09.13,00:00,1911.695000,1915.655000,1905.555000,1907.918000,17.546750
2023.09.14,00:00,1908.208000,1912.825000,1900.898000,1910.448000,26.165475
2023.09.15,00:00,1910.068000,1930.308000,1909.725000,1922.738000,18.676720
2023.09.18,00:00,1923.408000,1934.128000,1922.378000,1933.538000,14.183740
2023.09.19,00:00,1933.048000,1937.275000,1929.675000,1930.998000,10.480720
2023.09.20,00:00,1930.785000,1947.315000,1927.855000,1929.755000,18.630900
2023.09.21,00:00,1930.744000,1931.435000,1913.808000,1919.568000,14.741010
2023.09.22,00:00,1919.195000,1929.015000,1919.035000,1924.818000,10.836220
2023.09.25,00:00,1924.335000,1927.115000,1915.045000,1915.585000,15.892030
2023.09.26,00:00,1915.925000,1916.715000,1899.005000,1900.448000,13.133241
2023.09.27,00:00,1900.335000,1903.825000,1872.445000,1874.338000,17.630165
2023.09.28,00:00,1874.848000,1879.485000,1857.565000,1863.958000,21.358105
2023.09.29,00:00,1864.985000,1879.765000,1846.205000,1848.098000,17.104924
2023.10.02,00:00,1847.268000,1848.835000,1827.065000,1827.848000,17.402345
2023.10.03,00:00,1828.265000,1833.205000,1815.245000,1822.558000,21.661200
2023.10.04,00:00,1822.248000,1830.455000,1816.475000,1820.898000,19.501880
2023.10.05,00:00,1821.098000,1829.105000,1812.924000,1819.988000,16.750442
2023.10.06,00:00,1820.075000,1834.725000,1810.288000,1832.698000,20.165700
2023.10.09,00:00,1847.405000,1863.395000,1844.135000,1860.878000,18.940850
2023.10.10,00:00,1861.104000,1865.315000,1852.888000,1860.048000,16.968730
2023.10.11,00:00,1859.498000,1877.105000,1858.535000,1873.948000,20.517260
2023.10.12,00:00,1874.128000,1884.885000,1867.825000,1868.495000,19.729940
2023.10.13,00:00,1868.715000,1932.875000,1868.715000,1932.738000,28.099030
2023.10.16,00:00,1927.998000,1929.355000,1908.085000,1919.138000,21.546330
2023.10.17,00:00,1919.138000,1931.414000,1912.315000,1922.798000,23.299870
2023.10.18,00:00,1922.495000,1962.545000,1922.288000,1947.318000,23.584970
2023.10.19,00:00,1947.575000,1977.575000,1945.125000,1974.048000,25.478960
2023.10.20,00:00,1974.418000,1997.135000,1971.905000,1980.648000,27.113369
2023.10.23,00:00,1967.114000,1982.725000,1964.275000,1971.848000,21.467240
2023.10.24,00:00,1972.584000,1980.735000,1953.404000,1970.598000,20.973480
2023.10.25,00:00,1971.265000,1987.115000,1962.854000,1979.098000,23.084810
2023.10.26,00:00,1978.875000,1993.385000,1971.655000,1984.448000,23.408120
2023.10.27,00:00,1984.494000,2009.395000,1976.755000,2005.648000,23.066472
2023.10.30,00:00,2004.135000,2006.685000,1990.835000,1995.728000,27.802940
2023.10.31,00:00,1995.015000,2007.734000,1978.735000,1983.498000,24.844830
2023.11.01,00:00,1982.778000,1991.898000,1969.815000,1982.248000,24.514660
2023.11.02,00:00,1983.525000,1990.935000,1978.775000,1985.478000,17.821410
2023.11.03,00:00,1984.758000,2003.968000,1983.155000,1992.058000,23.359670
2023.11.06,00:00,1991.698000,1992.955000,1977.228000,1977.598000,13.681765
2023.11.07,00:00,1977.198000,1978.175000,1956.598000,1969.028000,19.970020
2023.11.08,00:00,1968.268000,1970.955000,1947.325000,1949.848000,17.232400
2023.11.09,00:00,1948.958000,1965.498000,1944.575000,1958.298000,20.662520
2023.11.10,00:00,1958.098000,1960.695000,1932.865000,1938.148000,17.672177
2023.11.13,00:00,1938.165000,1949.115000,1931.515000,1945.948000,19.155510
2023.11.14,00:00,1945.568000,1970.835000,1937.978000,1963.178000,18.759080
2023.11.15,00:00,1962.094000,1975.148000,1955.325000,1959.048000,19.650700
2023.11.16,00:00,1959.108000,1987.848000,1956.365000,1980.998000,19.890640
2023.11.17,00:00,1980.235000,1993.335000,1978.478000,1980.398000,18.017730
2023.11.20,00:00,1977.698000,1985.085000,1965.355000,1977.774000,19.257910
2023.11.21,00:00,1977.648000,2007.475000,1977.638000,1998.098000,24.879170
2023.11.22,00:00,1998.598000,2006.318000,1986.805000,1989.548000,23.829350
2023.11.23,00:00,1988.415000,1998.408000,1988.415000,1992.555000,11.005330
2023.11.24,00:00,1991.698000,2003.515000,1991.338000,2000.505000,15.770170
2023.11.27,00:00,2000.995000,2018.085000,2000.398000,2013.848000,20.310740
2023.11.28,00:00,2013.195000,2042.915000,2011.478000,2040.598000,21.352800
2023.11.29,00:00,2040.875000,2051.865000,2035.205000,2043.998000,26.554525
2023.11.30,00:00,2045.085000,2047.118000,2031.258000,2036.098000,21.602120
2023.12.01,00:00,2036.218000,2075.265000,2033.805000,2071.668000,27.152530
2023.12.04,00:00,2072.525000,2145.135000,2019.925000,2028.965000,47.067631
2023.12.05,00:00,2029.154000,2041.155000,2009.855000,2019.048000,30.773055
2023.12.06,00:00,2018.575000,2035.785000,2017.098000,2025.218000,23.531420
2023.12.07,00:00,2025.545000,2039.778000,2020.075000,2028.418000,26.329750
2023.12.08,00:00,2028.028000,2033.874000,1994.555000,2004.418000,31.592484
2023.12.11,00:00,2002.794000,2007.705000,1975.725000,1981.624000,21.620210
2023.12.12,00:00,1981.955000,1996.625000,1977.115000,1979.315000,22.205920
2023.12.13,00:00,1979.654000,2027.648000,1972.935000,2027.385000,27.414030
2023.12.14,00:00,2025.945000,2047.775000,2023.795000,2036.255000,36.753231
2023.12.15,00:00,2036.355000,2044.815000,2015.515000,2019.485000,28.007286
2023.12.18,00:00,2018.898000,2033.615000,2015.885000,2026.984000,20.884686
2023.12.19,00:00,2026.828000,2046.905000,2021.605000,2040.105000,20.860100
2023.12.20,00:00,2039.548000,2043.375000,2027.258000,2031.735000,19.830560
2023.12.21,00:00,2031.698000,2045.898000,2031.465000,2045.845000,33.682200
2023.12.22,00:00,2048.414000,2070.525000,2046.608000,2052.908000,51.822890
2023.12.26,00:00,2053.025000,2068.948000,2052.895000,2067.635000,19.409660
2023.12.27,00:00,2067.288000,2084.345000,2061.385000,2077.495000,18.869220
2023.12.28,00:00,2076.804000,2088.355000,2064.448000,2065.125000,32.505818
2023.12.29,00:00,2065.698000,2074.645000,2058.105000,2062.688000,33.486760
2024.01.02,00:00,2062.598000,2078.825000,2055.818000,2058.605000,28.431599
2024.01.03,00:00,2058.018000,2065.835000,2030.515000,2041.195000,28.982460
2024.01.04,00:00,2041.895000,2050.855000,2036.155000,2043.124000,21.027450
2024.01.05,00:00,2043.218000,2063.838000,2024.255000,2045.355000,32.530750
2024.01.08,00:00,2044.385000,2046.525000,2016.604000,2027.835000,26.465290
2024.01.09,00:00,2028.045000,2041.898000,2026.015000,2029.885000,29.843640
2024.01.10,00:00,2029.408000,2040.135000,2020.395000,2024.105000,25.348637
2024.01.11,00:00,2023.995000,2043.864000,2013.225000,2028.695000,38.022876
2024.01.12,00:00,2027.708000,2062.145000,2027.708000,2048.675000,32.256910
2024.01.15,00:00,2048.498000,2058.505000,2045.675000,2054.505000,17.709590
2024.01.16,00:00,2053.914000,2055.495000,2024.165000,2028.155000,36.085827
2024.01.17,00:00,2026.898000,2032.815000,2001.755000,2005.945000,34.486410
2024.01.18,00:00,2005.204000,2023.135000,2004.905000,2022.835000,23.371390
2024.01.19,00:00,2023.785000,2039.278000,2020.325000,2029.375000,25.702130
2024.01.22,00:00,2029.715000,2032.005000,2016.448000,2021.105000,25.856510
2024.01.23,00:00,2021.038000,2037.808000,2019.515000,2029.015000,25.464300
2024.01.24,00:00,2028.278000,2036.575000,2011.105000,2014.214000,28.481890
2024.01.25,00:00,2013.765000,2025.175000,2009.455000,2020.505000,28.207890
2024.01.26,00:00,2019.854000,2026.715000,2015.845000,2017.915000,20.329840
2024.01.29,00:00,2024.215000,2037.465000,2019.195000,2032.955000,22.508560
2024.01.30,00:00,2032.855000,2048.448000,2028.935000,2036.495000,26.683640
2024.01.31,00:00,2036.955000,2055.878000,2031.000000,2039.105000,32.713792
2024.02.01,00:00,2039.625000,2065.348000,2029.905000,2054.545000,35.171419
2024.02.02,00:00,2053.788000,2057.545000,2027.635000,2039.275000,31.701620
2024.02.05,00:00,2040.054000,2042.034000,2014.835000,2025.005000,21.242460
2024.02.06,00:00,2024.288000,2038.785000,2022.795000,2035.365000,20.107320
2024.02.07,00:00,2035.218000,2044.465000,2030.505000,2034.805000,24.585777
2024.02.08,00:00,2034.508000,2038.635000,2020.095000,2033.785000,23.303850
2024.02.09,00:00,2033.878000,2037.058000,2020.195000,2024.155000,22.220055
2024.02.12,00:00,2023.495000,2027.505000,2011.795000,2019.885000,19.594960
2024.02.13,00:00,2019.188000,2032.845000,1989.985000,1992.855000,19.672695
2024.02.14,00:00,1992.398000,1996.025000,1984.088000,1992.105000,18.210150
2024.02.15,00:00,1991.388000,2008.175000,1990.175000,2004.105000,20.214610
2024.02.16,00:00,2003.598000,2015.095000,1994.985000,2013.055000,21.653590
2024.02.19,00:00,2014.595000,2022.895000,2009.935000,2017.775000,14.520810
2024.02.20,00:00,2017.498000,2030.765000,2014.945000,2024.095000,18.044140
2024.02.21,00:00,2023.588000,2032.195000,2019.915000,2025.895000,20.154540
2024.02.22,00:00,2025.098000,2034.708000,2019.555000,2024.514000,23.348640
2024.02.23,00:00,2023.618000,2041.285000,2015.955000,2035.215000,23.283700
2024.02.26,00:00,2034.295000,2036.965000,2024.975000,2030.885000,21.715986
2024.02.27,00:00,2030.398000,2039.375000,2028.725000,2029.964000,20.439870
2024.02.28,00:00,2029.698000,2037.805000,2024.355000,2034.085000,18.209983
2024.02.29,00:00,2034.228000,2050.605000,2028.015000,2043.855000,23.125180
2024.03.01,00:00,2043.168000,2088.215000,2038.915000,2082.395000,32.589710
2024.03.04,00:00,2081.835000,2119.805000,2079.308000,2114.295000,35.460330
2024.03.05,00:00,2114.448000,2141.748000,2110.375000,2127.755000,38.887030
2024.03.06,00:00,2127.188000,2152.085000,2123.615000,2147.975000,42.179560
2024.03.07,00:00,2147.948000,2164.635000,2144.048000,2159.715000,39.683650
2024.03.08,00:00,2159.098000,2195.085000,2153.895000,2178.965000,47.474710
2024.03.11,00:00,2179.015000,2188.925000,2174.695000,2182.085000,30.259570
2024.03.12,00:00,2182.008000,2184.625000,2150.455000,2158.045000,38.233486
2024.03.13,00:00,2157.538000,2179.745000,2155.665000,2174.065000,41.920350
2024.03.14,00:00,2173.568000,2176.848000,2152.665000,2161.765000,31.596400
2024.03.15,00:00,2161.338000,2172.615000,2155.115000,2155.625000,24.297860
2024.03.18,00:00,2155.395000,2163.455000,2145.985000,2159.995000,32.146520
2024.03.19,00:00,2159.698000,2162.745000,2147.045000,2156.995000,26.403790
2024.03.20,00:00,2157.298000,2188.735000,2149.475000,2185.855000,28.749700
2024.03.21,00:00,2186.255000,2222.875000,2166.264000,2180.815000,43.146647
2024.03.22,00:00,2181.285000,2185.965000,2157.035000,2165.055000,32.809060
2024.03.25,00:00,2165.475000,2181.205000,2163.455000,2171.235000,25.003800
2024.03.26,00:00,2171.195000,2199.995000,2167.458000,2178.515000,34.429320
2024.03.27,00:00,2178.065000,2197.505000,2173.275000,2194.335000,25.978700
2024.03.28,00:00,2193.998000,2236.015000,2187.225000,2232.698000,38.441150
2024.04.01,00:00,2238.435000,2265.585000,2228.395000,2251.585000,34.293500
2024.04.02,00:00,2251.268000,2280.945000,2246.585000,2280.145000,47.832330
2024.04.03,00:00,2280.355000,2301.035000,2265.405000,2299.755000,57.744770
2024.04.04,00:00,2299.025000,2305.425000,2279.688000,2290.605000,36.039150
2024.04.05,00:00,2290.128000,2330.345000,2267.605000,2328.195000,60.668220
2024.04.08,00:00,2323.125000,2353.835000,2302.755000,2338.845000,65.420730
2024.04.09,00:00,2338.675000,2365.185000,2336.795000,2352.675000,58.430700
2024.04.10,00:00,2352.308000,2360.065000,2319.265000,2333.445000,63.891917
2024.04.11,00:00,2333.414000,2377.545000,2325.655000,2371.705000,50.851980
2024.04.12,00:00,2371.498000,2431.385000,2333.755000,2343.285000,72.819320
2024.04.15,00:00,2352.098000,2387.448000,2323.858000,2382.835000,76.456150
2024.04.16,00:00,2382.238000,2398.128000,2362.844000,2382.335000,89.225830
2024.04.17,00:00,2381.725000,2395.448000,2354.435000,2360.395000,52.272100
2024.04.18,00:00,2361.674000,2392.624000,2361.375000,2379.055000,58.352680
2024.04.19,00:00,2377.898000,2417.745000,2372.805000,2390.295000,72.882890
2024.04.22,00:00,2387.635000,2388.425000,2324.555000,2326.385000,50.316470
2024.04.23,00:00,2326.825000,2334.305000,2291.265000,2321.535000,82.152370
2024.04.24,00:00,2321.498000,2337.128000,2311.635000,2315.715000,63.428750
2024.04.25,00:00,2314.655000,2344.708000,2304.898000,2331.735000,67.447930
2024.04.26,00:00,2331.675000,2352.418000,2326.165000,2337.245000,52.090690
2024.04.29,00:00,2336.065000,2346.585000,2319.728000,2335.085000,51.952870
2024.04.30,00:00,2334.648000,2336.215000,2284.975000,2285.495000,33.556197
2024.05.01,00:00,2285.965000,2328.225000,2281.515000,2318.115000,61.190316
2024.05.02,00:00,2319.298000,2326.325000,2285.358000,2303.305000,52.830160
2024.05.03,00:00,2303.088000,2320.548000,2277.165000,2301.175000,56.408450
2024.05.06,00:00,2304.655000,2331.988000,2291.645000,2323.535000,58.979610
2024.05.07,00:00,2323.434000,2329.788000,2309.818000,2313.795000,41.916350
2024.05.08,00:00,2313.785000,2321.345000,2303.555000,2308.165000,28.019840
2024.05.09,00:00,2308.025000,2347.095000,2306.615000,2345.985000,53.062580
2024.05.10,00:00,2345.385000,2378.365000,2342.965000,2360.175000,52.465970
2024.05.13,00:00,2362.895000,2364.355000,2331.985000,2336.545000,44.252290
2024.05.14,00:00,2334.935000,2359.558000,2334.695000,2357.715000,50.935960
2024.05.15,00:00,2357.038000,2390.188000,2351.735000,2385.425000,61.535160
2024.05.16,00:00,2386.065000,2397.275000,2370.845000,2376.464000,51.152167
2024.05.17,00:00,2376.098000,2422.575000,2373.788000,2414.525000,50.640120
2024.05.20,00:00,2417.098000,2449.985000,2407.145000,2425.675000,65.545230
2024.05.21,00:00,2425.698000,2433.838000,2406.158000,2420.365000,59.744560
2024.05.22,00:00,2421.034000,2426.344000,2374.855000,2377.745000,79.515210
2024.05.23,00:00,2379.015000,2383.605000,2326.848000,2328.375000,74.781135
2024.05.24,00:00,2327.808000,2347.325000,2325.265000,2333.405000,38.854850
2024.05.27,00:00,2336.365000,2358.388000,2332.125000,2350.754000,38.949110
2024.05.28,00:00,2351.098000,2363.975000,2340.155000,2361.015000,44.286770
2024.05.29,00:00,2360.185000,2362.105000,2334.438000,2337.755000,44.288680
2024.05.30,00:00,2337.098000,2351.698000,2322.458000,2342.875000,54.711041
2024.05.31,00:00,2344.705000,2359.598000,2320.395000,2326.995000,56.535150
2024.06.03,00:00,2327.425000,2354.565000,2314.635000,2350.405000,63.611360
2024.06.04,00:00,2350.495000,2352.645000,2315.508000,2326.675000,64.996135
2024.06.05,00:00,2325.918000,2357.278000,2325.785000,2354.975000,54.647600
2024.06.06,00:00,2355.098000,2378.408000,2353.305000,2375.375000,54.899700
2024.06.07,00:00,2374.968000,2387.595000,2286.628000,2293.415000,71.878085
2024.06.10,00:00,2294.415000,2313.655000,2287.665000,2310.645000,40.884310
2024.06.11,00:00,2311.954000,2319.865000,2297.595000,2316.515000,49.497255
2024.06.12,00:00,2316.405000,2341.495000,2310.584000,2324.675000,72.525230
2024.06.13,00:00,2324.305000,2326.495000,2295.395000,2303.905000,70.407150
2024.06.14,00:00,2303.028000,2336.575000,2301.415000,2332.184000,56.617890
2024.06.17,00:00,2331.098000,2332.488000,2309.895000,2318.875000,42.801170
2024.06.18,00:00,2318.098000,2333.008000,2306.465000,2329.165000,46.360825
2024.06.19,00:00,2328.585000,2334.868000,2323.984000,2327.695000,26.059390
2024.06.20,00:00,2327.865000,2365.375000,2327.628000,2359.695000,49.984310
2024.06.21,00:00,2359.298000,2368.558000,2316.588000,2321.755000,53.356314
2024.06.24,00:00,2322.775000,2334.595000,2317.575000,2333.695000,50.280550
2024.06.25,00:00,2333.205000,2337.018000,2315.405000,2319.235000,53.693975
2024.06.26,00:00,2319.575000,2323.738000,2293.464000,2298.035000,53.874130
2024.06.27,00:00,2298.098000,2330.825000,2296.425000,2327.695000,50.998210
2024.06.28,00:00,2327.108000,2339.635000,2318.905000,2326.275000,53.057780
2024.07.01,00:00,2326.315000,2338.388000,2318.395000,2331.485000,47.827720
2024.07.02,00:00,2330.848000,2336.668000,2318.945000,2329.335000,46.829490
2024.07.03,00:00,2329.098000,2364.795000,2326.685000,2355.765000,48.858620
2024.07.04,00:00,2356.925000,2362.385000,2350.364000,2356.555000,25.965120
2024.07.05,00:00,2356.615000,2392.815000,2347.515000,2390.705000,53.746080
2024.07.08,00:00,2385.498000,2390.935000,2350.915000,2358.625000,50.636770
2024.07.09,00:00,2358.338000,2371.358000,2349.455000,2363.745000,44.278222
2024.07.10,00:00,2363.085000,2386.548000,2362.091000,2370.995000,42.705323
2024.07.11,00:00,2371.035000,2424.395000,2370.235000,2414.654000,68.747730
2024.07.12,00:00,2415.298000,2418.128000,2391.325000,2410.534000,54.676234
2024.07.15,00:00,2412.455000,2439.628000,2401.225000,2422.165000,57.587115
2024.07.16,00:00,2421.518000,2469.575000,2419.835000,2468.355000,63.107390
2024.07.17,00:00,2467.945000,2483.548000,2451.425000,2458.645000,68.111194
2024.07.18,00:00,2458.155000,2474.805000,2440.195000,2444.915000,61.150349
2024.07.19,00:00,2444.635000,2445.705000,2393.675000,2400.485000,54.657960
2024.07.22,00:00,2401.298000,2412.035000,2383.715000,2396.045000,54.830995
2024.07.23,00:00,2395.658000,2411.908000,2388.135000,2409.085000,62.990950
2024.07.24,00:00,2408.648000,2431.945000,2396.585000,2397.015000,58.521560
2024.07.25,00:00,2397.005000,2401.045000,2353.005000,2364.175000,76.194700
2024.07.26,00:00,2363.568000,2390.655000,2355.728000,2386.765000,47.071640
2024.07.29,00:00,2387.645000,2402.995000,2369.518000,2383.504000,55.582010
2024.07.30,00:00,2383.198000,2412.705000,2376.358000,2410.375000,57.536130
2024.07.31,00:00,2409.898000,2450.848000,2403.765000,2447.095000,66.866570
2024.08.01,00:00,2448.498000,2462.125000,2430.075000,2446.065000,84.107630
2024.08.02,00:00,2445.668000,2477.494000,2410.664000,2443.055000,85.590040
2024.08.05,00:00,2443.975000,2458.655000,2364.164000,2410.005000,123.821195
2024.08.06,00:00,2409.295000,2418.215000,2381.515000,2389.854000,82.459680
2024.08.07,00:00,2390.575000,2406.858000,2378.868000,2382.495000,95.818962
2024.08.08,00:00,2383.524000,2427.548000,2380.855000,2427.065000,72.553700
2024.08.09,00:00,2426.845000,2436.884000,2416.815000,2430.925000,60.795055
2024.08.12,00:00,2430.298000,2473.095000,2423.695000,2472.385000,53.230105
2024.08.13,00:00,2470.414000,2476.845000,2458.365000,2464.855000,55.576600
2024.08.14,00:00,2466.498000,2479.715000,2438.000000,2447.625000,55.547126
2024.08.15,00:00,2446.958000,2469.945000,2432.015000,2456.545000,58.667596
2024.08.16,00:00,2456.385000,2509.638000,2450.565000,2506.844000,61.775934
2024.08.19,00:00,2508.298000,2509.998000,2485.515000,2503.885000,59.236220
2024.08.20,00:00,2503.275000,2531.558000,2497.235000,2513.615000,68.014580
2024.08.21,00:00,2512.968000,2519.795000,2493.698000,2512.055000,51.233980
2024.08.22,00:00,2511.698000,2514.545000,2470.705000,2484.465000,51.258084
2024.08.23,00:00,2484.185000,2518.195000,2484.185000,2512.235000,62.529634
2024.08.26,00:00,2511.275000,2526.708000,2508.585000,2517.835000,67.936990
2024.08.27,00:00,2517.438000,2525.818000,2503.325000,2524.355000,58.971090
2024.08.28,00:00,2524.605000,2528.888000,2493.515000,2504.315000,56.071882
2024.08.29,00:00,2503.858000,2528.558000,2503.515000,2521.085000,52.782774
2024.08.30,00:00,2520.425000,2526.725000,2494.048000,2502.925000,50.634274
2024.09.02,00:00,2502.435000,2507.125000,2489.915000,2499.228000,27.624266
2024.09.03,00:00,2499.098000,2506.165000,2473.245000,2492.665000,48.584285
2024.09.04,00:00,2492.495000,2500.145000,2471.718000,2495.285000,55.754220
2024.09.05,00:00,2494.725000,2523.448000,2493.665000,2516.475000,51.368332
2024.09.06,00:00,2516.048000,2529.125000,2485.015000,2497.035000,63.037600
2024.09.09,00:00,2497.098000,2507.088000,2485.405000,2506.115000,57.273680
2024.09.10,00:00,2505.898000,2518.304000,2500.024000,2516.415000,49.312432
2024.09.11,00:00,2515.978000,2528.885000,2500.825000,2511.555000,74.622335
2024.09.12,00:00,2511.015000,2559.978000,2510.885000,2558.485000,64.380750
2024.09.13,00:00,2557.698000,2585.965000,2556.538000,2577.615000,76.496435
2024.09.16,00:00,2578.725000,2589.515000,2575.115000,2582.235000,54.534220
2024.09.17,00:00,2581.745000,2586.835000,2560.984000,2569.155000,55.038643
2024.09.18,00:00,2568.698000,2599.995000,2546.645000,2558.664000,72.500230
2024.09.19,00:00,2558.645000,2594.775000,2551.005000,2586.645000,73.527910
2024.09.20,00:00,2585.848000,2625.574000,2584.654000,2621.504000,81.271230
2024.09.23,00:00,2620.915000,2634.715000,2613.685000,2628.405000,69.490390
2024.09.24,00:00,2628.045000,2664.204000,2622.475000,2656.804000,79.596300
2024.09.25,00:00,2657.105000,2670.348000,2649.715000,2656.954000,64.644910
2024.09.26,00:00,2656.474000,2685.405000,2654.685000,2671.964000,78.361780
2024.09.27,00:00,2671.268000,2674.134000,2643.111000,2657.955000,96.611797
2024.09.30,00:00,2657.935000,2665.858000,2624.538000,2634.204000,77.098864
2024.10.01,00:00,2633.898000,2672.908000,2632.184000,2663.005000,59.390350
2024.10.02,00:00,2662.438000,2663.194000,2640.954000,2658.345000,50.757415
2024.10.03,00:00,2658.035000,2662.775000,2636.255000,2655.715000,46.042950
2024.10.04,00:00,2654.878000,2670.065000,2632.068000,2653.545000,53.761620
2024.10.07,00:00,2650.375000,2659.465000,2637.688000,2642.625000,47.805620
2024.10.08,00:00,2641.965000,2652.885000,2604.575000,2621.385000,76.440509
2024.10.09,00:00,2620.638000,2624.165000,2605.045000,2607.465000,49.453737
2024.10.10,00:00,2606.828000,2631.435000,2601.734000,2629.595000,72.229809
2024.10.11,00:00,2629.098000,2661.258000,2627.995000,2656.835000,50.343310
2024.10.14,00:00,2656.298000,2666.705000,2643.058000,2648.424000,41.407956
2024.10.15,00:00,2646.905000,2668.805000,2637.955000,2662.345000,58.973200
2024.10.16,00:00,2662.098000,2685.298000,2658.558000,2673.435000,50.131549
2024.10.17,00:00,2673.015000,2696.605000,2672.914000,2692.675000,60.861762
2024.10.18,00:00,2691.998000,2722.405000,2691.665000,2721.105000,67.066960
2024.10.21,00:00,2720.098000,2740.418000,2714.165000,2719.124000,71.889006
2024.10.22,00:00,2720.054000,2748.775000,2718.798000,2748.525000,58.448120
2024.10.23,00:00,2748.155000,2758.338000,2708.635000,2715.014000,77.415209
2024.10.24,00:00,2715.044000,2743.175000,2714.764000,2735.875000,65.493100
2024.10.25,00:00,2735.318000,2747.635000,2716.885000,2746.625000,59.584860
2024.10.28,00:00,2735.698000,2745.788000,2724.545000,2742.055000,65.214245
2024.10.29,00:00,2741.678000,2774.715000,2739.605000,2774.425000,65.553380
2024.10.30,00:00,2773.898000,2789.925000,2770.795000,2787.205000,66.365140
2024.10.31,00:00,2788.014000,2790.005000,2731.415000,2743.765000,79.727151
2024.11.01,00:00,2743.945000,2762.048000,2733.095000,2735.895000,81.276210
2024.11.04,00:00,2733.298000,2748.015000,2730.000000,2736.225000,55.455604
2024.11.05,00:00,2735.698000,2749.875000,2724.695000,2743.694000,59.165535
2024.11.06,00:00,2742.898000,2749.605000,2652.295000,2658.895000,113.181699
2024.11.07,00:00,2658.695000,2710.244000,2643.134000,2705.995000,85.444300
2024.11.08,00:00,2705.788000,2710.235000,2680.215000,2684.035000,80.907110
2024.11.11,00:00,2683.898000,2686.025000,2610.515000,2619.375000,88.136440
2024.11.12,00:00,2618.618000,2627.015000,2589.508000,2597.895000,63.212015
2024.11.13,00:00,2597.628000,2618.628000,2572.125000,2572.195000,76.554710
2024.11.14,00:00,2572.245000,2581.198000,2536.664000,2564.145000,101.908620
2024.11.15,00:00,2563.898000,2575.908000,2554.335000,2562.715000,88.865130
2024.11.18,00:00,2564.258000,2614.955000,2563.835000,2611.605000,69.654230
2024.11.19,00:00,2611.498000,2639.325000,2610.205000,2632.105000,76.415910
2024.11.20,00:00,2631.975000,2655.275000,2618.705000,2650.145000,66.234400
2024.11.21,00:00,2649.515000,2673.385000,2648.765000,2669.535000,63.731290
2024.11.22,00:00,2668.698000,2716.165000,2667.915000,2715.805000,94.902290
2024.11.25,00:00,2713.375000,2721.185000,2615.455000,2624.645000,87.044530
2024.11.26,00:00,2624.218000,2641.774000,2605.085000,2632.785000,84.367845
2024.11.27,00:00,2631.858000,2658.098000,2626.935000,2635.785000,77.609500
2024.11.28,00:00,2636.298000,2649.518000,2620.815000,2637.215000,47.066395
2024.11.29,00:00,2637.505000,2666.195000,2633.925000,2649.945000,57.632985
2024.12.02,00:00,2653.075000,2653.115000,2622.000000,2638.555000,73.702863
2024.12.03,00:00,2638.698000,2655.528000,2633.965000,2643.225000,82.393005
2024.12.04,00:00,2642.618000,2656.998000,2632.315000,2649.325000,72.914600
2024.12.05,00:00,2649.118000,2655.445000,2623.385000,2631.665000,77.465214
2024.12.06,00:00,2631.498000,2645.535000,2612.585000,2632.664000,63.847970
2024.12.09,00:00,2646.520000,2676.255000,2627.455000,2659.354000,71.085900
2024.12.10,00:00,2660.498000,2695.378000,2657.805000,2693.514000,63.182060
2024.12.11,00:00,2693.698000,2721.005000,2674.345000,2717.395000,109.225177
2024.12.12,00:00,2717.135000,2726.105000,2675.055000,2680.595000,98.656280
2024.12.13,00:00,2679.778000,2692.595000,2645.945000,2647.385000,84.444640
2024.12.16,00:00,2649.098000,2664.248000,2643.374000,2652.595000,66.685520
2024.12.17,00:00,2651.898000,2658.465000,2632.795000,2645.575000,63.845430
2024.12.18,00:00,2645.355000,2651.525000,2583.498000,2584.574000,112.537906
2024.12.19,00:00,2583.745000,2626.325000,2582.264000,2593.585000,92.487665
2024.12.20,00:00,2593.498000,2631.698000,2589.475000,2622.435000,69.115750
2024.12.23,00:00,2623.698000,2633.135000,2608.055000,2611.635000,68.655138
2024.12.24,00:00,2613.100000,2621.205000,2609.935000,2616.348000,41.640785
2024.12.26,00:00,2619.205000,2638.975000,2614.248000,2632.705000,45.096070
2024.12.27,00:00,2632.448000,2638.105000,2611.285000,2621.348000,53.993127
2024.12.30,00:00,2620.154000,2627.985000,2595.905000,2605.705000,74.523980
2024.12.31,00:00,2605.455000,2627.364000,2602.475000,2624.255000,47.453270
