date,open,high,low,close,volume,minutes
2017-01-26,37.58,37.58,37.41,37.44,5.724999987985939,390
2017-01-27,37.41,37.51,37.3,37.46,4.725169991143048,390
2017-01-30,37.19,37.27,37.11,37.25,21.89368495158851,390
2017-01-31,37.27,37.4,37.2,37.33,28.115176878869534,390
2017-02-01,37.47,37.55,37.26,37.37,8.728900023270398,390
2017-02-02,37.48,37.55,37.42,37.53,218.92693759314716,390
2017-02-03,37.677,37.81,37.597,37.74,214.9987206379883,390
2017-02-06,37.697,37.74,37.626,37.67,321.1018002270721,390
2017-02-07,37.57,37.61,37.43,37.47,149.1779628819786,390
2017-02-08,37.485,37.73,37.48,37.7,15.060294001363218,390
2017-02-09,37.858,37.92,37.81,37.88,27.908259934280068,390
2017-02-10,37.949,38.21,37.94,38.21,33.30613018479198,390
2017-02-13,38.196,38.37,38.196,38.336,35.58969011111185,390
2017-02-14,38.329,38.37,38.03,38.37,45.51290032733232,390
2017-02-15,38.39,38.7,38.36,38.69,31.015630022622645,390
2017-02-16,38.718,38.72,38.52,38.53,7.248409971129149,390
2017-02-17,38.249,38.388,38.22,38.39,109.371389742475,390
2017-02-21,38.617,38.81,38.59,38.81,27.3505098647438,390
2017-02-22,38.738,38.92,38.73,38.91,42.44640979170799,390
2017-02-23,39.125,39.13,38.88,38.93,7.1218600226566195,390
2017-02-24,38.456,38.55,38.42,38.48,26.81313283368945,390
2017-02-27,38.368,38.47,38.27,38.34,5.613590016961098,390
2017-02-28,38.308,38.31,37.98,38.0,8.32553002377972,390
2017-03-01,38.285,38.59,38.28,38.589,6.7165199890732765,390
2017-03-02,38.197,38.25,37.89,37.9,13.667700003366917,390
2017-03-03,38.076,38.22,37.96,38.2,13.893689938355237,390
2017-03-06,38.248,38.23,38.09,38.21,30.694458841346204,390
2017-03-07,38.327,38.34,38.18,38.25,15.923389966133982,390
2017-03-08,38.156,38.21,37.86,37.9,8.011415014509112,390
2017-03-09,37.7,37.75,37.39,37.59,9.737070010509342,390
2017-03-10,37.877,38.0,37.8,38.0,30.066719950642437,390
2017-03-13,38.401,38.56,38.368,38.52,3725.3969748853706,390
2017-03-14,38.419,38.46,38.29,38.33,4388.618158584461,390
2017-03-15,38.498,39.37,38.41,39.33,22.060245021712035,390
2017-03-16,39.589,39.63,39.44,39.55,10.509393041953444,390
2017-03-17,39.61,39.6,39.46,39.52,3.5599999334663153,390
2017-03-20,39.71,40.05,39.68,39.97,3.249999927356839,390
2017-03-21,40.15,40.22,39.48,39.49,8.029999880120158,390
2017-03-22,39.43,39.78,39.38,39.71,6.7699998784810305,390
2017-03-23,39.59,39.83,39.55,39.7,6.959999896585941,390
2017-03-24,39.67,39.87,39.67,39.83,9.43431995343417,390
2017-03-27,39.53,39.758,39.43,39.708,4.729999912902713,390
2017-03-28,39.689,39.91,39.678,39.797,4.229999922215939,390
2017-03-29,39.718,39.897,39.677,39.869,2.939999956637621,390
2017-03-30,39.709,39.818,39.636,39.666,2.1199999544769526,390
2017-03-31,39.396,39.468,39.308,39.366,2.709999954327941,390
2017-04-03,39.53,39.639,39.356,39.62,288.7392495237291,390
2017-04-04,39.528,39.68,39.446,39.639,292.91615172475576,390
2017-04-05,39.789,39.89,39.487,39.5,342.0554261729121,390
2017-04-06,39.455,39.529,39.316,39.42,350.8092013853602,390
2017-04-07,39.345,39.538,39.326,39.378,356.69980555493385,390
2017-04-10,39.208,39.238,39.086,39.209,299.35169277200475,390
2017-04-11,39.197,39.237,38.886,39.13,408.4126609414816,390
2017-04-12,39.278,39.309,39.058,39.309,410.23262180387974,390
2017-04-13,39.385,39.488,39.127,39.16,353.33475103694946,390
2017-04-17,39.307,39.539,39.256,39.539,262.9208457833156,390
2017-04-18,39.099,39.228,38.956,39.05,436.89581048488617,390
2017-04-19,39.136,39.14,38.708,38.81,376.35200687497854,390
2017-04-20,39.206,39.29,39.106,39.279,404.918982042931,390
2017-04-21,39.297,39.34,39.206,39.33,334.9314538827166,390
2017-04-24,39.856,39.909,39.747,39.85,366.8148894235492,390
2017-04-25,40.139,40.299,40.099,40.22,333.3933047382161,390
2017-04-26,40.129,40.239,39.995,40.04,378.1078828750178,390
2017-04-27,40.115,40.079,39.876,39.979,348.19475003890693,390
2017-04-28,40.027,40.118,39.926,40.078,313.93466646410525,390
2017-05-01,40.235,40.389,40.146,40.27,254.16620920505375,390
2017-05-02,40.455,40.62,40.408,40.589,312.0062312204391,390
2017-05-03,40.408,40.439,40.198,40.29,291.0559275075793,390
2017-05-04,40.079,40.069,39.83,39.86,262.5954358475283,390
2017-05-05,39.789,40.178,39.785,40.179,283.9528447864577,390
2017-05-08,40.297,40.39,40.146,40.17,261.9286484187469,390
2017-05-09,40.475,40.798,40.466,40.69,287.9306953223422,390
2017-05-10,40.805,40.939,40.756,40.94,272.15305683016777,390
2017-05-11,41.009,41.1,40.808,41.049,303.3971444107592,390
2017-05-12,41.096,41.25,41.096,41.21,381.2530585359782,390
2017-05-15,41.427,41.649,41.398,41.639,305.44371230341494,390
2017-05-16,41.599,41.69,41.528,41.689,302.1301065403968,390
2017-05-17,41.307,41.359,40.94,40.969,351.7152276337147,390
2017-05-18,39.955,40.629,39.817,40.31,366.69730745628476,390
2017-05-19,40.869,41.22,40.866,41.16,368.3153797015548,390
2017-05-22,41.189,41.29,41.147,41.199,292.8082399815321,390
2017-05-23,41.205,41.269,41.118,41.22,285.56170918792486,390
2017-05-24,41.225,41.449,41.197,41.39,281.5016160290688,390
2017-05-25,41.608,41.709,41.496,41.589,331.041834525764,390
2017-05-26,41.658,41.75,41.616,41.72,324.5525034442544,390
2017-05-30,41.495,41.569,41.438,41.539,238.08794414717704,390
2017-05-31,41.395,41.39,41.117,41.228,513.0900412648916,390
2017-06-01,41.296,41.548,41.206,41.549,318.563145250082,390
2017-06-02,41.697,41.768,41.596,41.749,310.97242432646453,390
2017-06-05,41.729,41.829,41.666,41.729,287.52212971262634,390
2017-06-06,41.649,41.799,41.636,41.74,261.99745722906664,390
2017-06-07,41.585,41.74,41.448,41.67,352.9531283415854,390
2017-06-08,41.957,41.949,41.768,41.939,347.36129477620125,390
2017-06-09,41.957,42.018,41.376,41.619,428.9468790143728,390
2017-06-12,41.357,41.399,41.186,41.399,389.1883466830477,390
2017-06-13,41.598,41.627,41.446,41.599,337.5400897413492,390
2017-06-14,41.885,41.888,41.435,41.588,427.85477907117456,390
2017-06-15,41.067,41.16,40.896,41.159,332.7805043756962,390
2017-06-16,41.226,41.248,41.04,41.24,280.35727071389556,390
2017-06-19,41.447,41.69,41.436,41.62,278.3849641713314,390
2017-06-20,41.317,41.27,40.95,40.97,17.485379073303193,390
2017-06-21,41.12,41.26,41.0,41.08,6.359999906271696,390
2017-06-22,41.27,41.44,41.19,41.29,4.28999993391335,390
2017-06-23,41.34,41.57,41.32,41.51,3.4399999361485243,390
2017-06-26,41.88,41.99,41.76,41.9,4.019999917596579,390
2017-06-27,41.67,41.76,41.4,41.41,6.229999884963036,390
2017-06-28,41.54,41.76,41.43,41.71,4.569999923929572,390
2017-06-29,41.51,41.53,40.92,41.2,10.349999845027924,390
2017-06-30,41.46,41.56,41.36,41.43,6.599999904632568,390
2017-07-03,41.64,41.75,41.53,41.61,3.2699999418109655,390
2017-07-05,41.39,41.54,41.18,41.54,7.209999909624457,390
2017-07-06,41.25,41.3,40.99,41.03,6.939999895170331,390
2017-07-07,41.16,41.21,40.95,41.13,4.339999916031957,390
2017-07-10,41.26,41.54,41.24,41.51,2.6599999479949474,390
2017-07-11,41.75,41.9,41.62,41.85,3.539999932050705,390
2017-07-12,42.44,42.75,42.42,42.69,4.0199999287724495,390
2017-07-13,42.73,42.89,42.7,42.88,2.3599999621510506,390
2017-07-14,43.14,43.44,43.14,43.41,2.429999951273203,390
2017-07-17,43.24,43.27,43.13,43.21,2.6199999507516623,390
2017-07-18,43.16,43.38,43.08,43.35,2.9399999510496855,390
2017-07-19,43.77,43.78,43.61,43.7,2.319999950006604,390
2017-07-20,43.74,43.73,43.56,43.66,4.759999921545386,390
2017-07-21,43.66,43.63,43.51,43.62,2.639999946579337,390
2017-07-24,43.82,43.79,43.63,43.76,1.8099999632686377,390
2017-07-25,43.83,43.86,43.64,43.66,3.449999937787652,390
2017-07-26,43.71,44.05,43.66,44.01,5.689999902620912,390
2017-07-27,44.15,44.15,43.46,43.75,8.599999899044633,390
2017-07-28,43.63,43.75,43.49,43.75,4.319999931380153,390
2017-07-31,43.82,43.83,43.68,43.79,3.949999935925007,390
2017-08-01,43.98,44.02,43.88,43.96,3.259999943897128,390
2017-08-02,44.0,44.03,43.74,43.97,4.109999926760793,390
2017-08-03,43.76,43.78,43.57,43.78,3.499999936670065,390
2017-08-04,43.9,43.97,43.69,43.95,4.019999926909804,390
2017-08-07,44.1,44.27,44.08,44.27,2.069999957457185,390
2017-08-08,44.35,44.57,44.2,44.27,5.239999912679195,390
2017-08-09,43.7,43.88,43.62,43.86,5.729999914765358,390
2017-08-10,43.45,43.47,42.8,42.82,9.39999988116324,390
2017-08-11,42.86,43.08,42.72,42.93,6.539999911561608,390
2017-08-14,43.37,43.54,43.31,43.39,4.579999914392829,390
2017-08-15,43.36,43.43,43.24,43.39,4.7799999210983515,390
2017-08-16,43.79,43.87,43.7,43.86,5.749999916180968,390
2017-08-17,43.77,43.82,43.24,43.29,9.129999864846468,390
2017-08-18,43.45,43.84,43.29,43.68,9.119999879971147,390
2017-08-21,43.78,43.89,43.66,43.81,5.27999990619719,390
2017-08-22,44.1,44.35,44.1,44.3,2.519999945536256,390
2017-08-23,44.23,44.56,44.2,44.52,4.589999908581376,390
2017-08-24,44.74,44.76,44.52,44.68,5.379999913275242,390
2017-08-25,44.9,45.05,44.83,44.91,4.159999934956431,390
2017-08-28,44.89,44.9,44.68,44.75,3.259999932721257,390
2017-08-29,44.27,44.68,44.25,44.69,4.919999936595559,390
2017-08-30,44.61,44.77,44.6,44.74,2.9799999482929707,390
2017-08-31,44.75,44.91,44.71,44.81,3.329999940469861,390
2017-09-01,44.97,45.16,44.93,45.15,3.3199999537318945,390
2017-09-05,44.84,44.88,44.33,44.56,6.469999898225069,390
2017-09-06,44.73,44.9,44.66,44.84,4.579999927431345,390
2017-09-07,45.08,45.16,45.02,45.16,3.5399999357759953,390
2017-09-08,45.11,45.11,44.8,44.88,2.2599999513477087,390
2017-09-11,45.26,45.51,45.25,45.49,13.759999921545386,390
2017-09-12,45.4,45.52,45.36,45.41,15.319999920204282,390
2017-09-13,45.26,45.32,45.1,45.18,13.639999847859144,390
2017-09-14,45.1,45.33,45.04,45.31,11.95999993570149,390
2017-09-15,45.389,45.638,45.309,45.598,372.07072944939137,390
2017-09-18,45.867,45.948,45.677,45.748,415.1662050038576,390
2017-09-19,45.758,45.848,45.637,45.848,426.9709251485765,390
2017-09-20,45.858,45.928,45.207,45.638,177.42962184082717,390
2017-09-21,45.767,45.768,45.527,45.668,165.18477952852845,390
2017-09-22,45.378,45.458,45.307,45.398,258.55518589913845,390
2017-09-25,44.978,44.988,44.427,44.618,356.9633702971041,390
2017-09-26,44.687,44.748,44.417,44.528,313.275047050789,390
2017-09-27,44.348,44.428,44.087,44.328,367.00618455559015,390
2017-09-28,44.088,44.347,44.087,44.298,375.33171769510955,390
2017-09-29,44.628,44.908,44.548,44.838,373.6344603742473,390
2017-10-02,44.797,45.008,44.787,44.838,308.0023541562259,390
2017-10-03,45.168,45.528,45.127,45.528,353.37639041943476,390
2017-10-04,45.498,45.618,45.457,45.528,324.5804523746483,390
2017-10-05,45.707,45.978,45.687,45.848,431.03438752144575,390
2017-10-06,45.427,45.647,45.307,45.618,299.1586540052667,390
2017-10-09,45.487,45.588,45.427,45.578,314.06142492126673,390
2017-10-10,45.928,46.068,45.887,46.038,366.2875104616396,390
2017-10-11,46.027,46.268,46.027,46.268,358.3175992476754,390
2017-10-12,46.268,46.358,46.198,46.248,298.31443271413445,390
2017-10-13,46.637,46.738,46.597,46.648,311.4837249321863,390
2017-10-16,46.768,46.808,46.618,46.668,376.87312048254535,390
2017-10-17,46.507,46.498,46.287,46.397,292.1799137145281,390
2017-10-18,46.527,46.638,46.407,46.498,275.25151616241783,390
2017-10-19,46.008,46.098,45.887,46.088,358.3097749110311,390
2017-10-20,46.317,46.328,46.177,46.238,302.42230446171016,390
2017-10-23,46.167,46.157,45.877,45.888,338.22613556683064,390
2017-10-24,45.967,46.118,45.878,45.888,279.0234258514829,390
2017-10-25,46.047,46.118,45.427,45.778,352.3075949624181,390
2017-10-26,45.808,45.898,45.467,45.488,457.47899655252695,390
2017-10-27,45.708,46.177,45.577,46.148,383.25111649930477,390
2017-10-30,45.97,46.1,45.79,45.85,27.571240002289414,390
2017-10-31,46.12,46.27,46.06,46.27,30.52223483659327,390
2017-11-01,46.69,46.83,46.49,46.53,38.604379968717694,390
2017-11-02,46.58,46.608,46.357,46.588,291.88595588924363,390
2017-11-03,46.518,46.538,46.087,46.348,315.10282640345395,390
2017-11-06,46.557,46.858,46.537,46.858,344.81096123019233,390
2017-11-07,46.807,46.857,46.487,46.558,343.4386055758223,390
2017-11-08,46.697,46.788,46.617,46.778,307.4613655945286,390
2017-11-09,46.447,46.578,46.137,46.528,426.03221799759194,390
2017-11-10,46.427,46.428,46.177,46.298,314.56954388460144,390
2017-11-13,46.107,46.278,46.017,46.198,333.78652058914304,390
2017-11-14,46.098,46.138,45.817,45.888,394.9707357361913,390
2017-11-15,45.637,45.748,45.447,45.658,344.6687486283481,390
2017-11-16,46.297,46.718,46.297,46.578,322.8799406066537,390
2017-11-17,46.707,47.008,46.687,46.838,424.9341890104115,390
2017-11-20,46.757,47.088,46.738,47.058,321.9364244597964,390
2017-11-21,47.627,47.868,47.617,47.708,475.54639019817114,390
2017-11-22,47.818,47.918,47.638,47.818,437.6755705345422,390
2017-11-24,47.657,47.727,47.607,47.688,193.15759977698326,390
2017-11-27,47.298,47.267,46.987,47.028,411.78722578287125,390
2017-11-28,47.388,47.508,47.177,47.348,471.85406584246084,390
2017-11-29,47.147,47.127,46.497,46.628,573.019367903471,390
2017-11-30,46.468,46.437,46.067,46.148,525.7686696448363,390
2017-12-01,45.988,46.048,45.607,45.858,403.3032438158989,390
2017-12-04,46.338,46.407,45.887,45.958,579.3607554882765,390
2017-12-05,45.968,46.198,45.847,45.908,378.5480408780277,390
2017-12-06,45.168,45.368,45.057,45.278,468.46458526887,390
2017-12-07,45.077,45.517,45.047,45.398,342.3930516652763,390
2017-12-08,45.908,45.987,45.737,45.938,312.224574893713,390
2017-12-11,46.118,46.248,46.097,46.188,371.104513078928,390
2017-12-12,45.748,45.948,45.657,45.858,385.6722342344001,390
2017-12-13,46.137,46.538,46.137,46.408,368.25321963615716,390
2017-12-14,46.248,46.368,46.068,46.088,394.3621351867914,390
2017-12-15,46.147,46.247,45.927,46.178,324.89486107975245,390
2017-12-18,46.558,46.837,46.518,46.678,356.9062054641545,390
2017-12-19,46.067,46.028,45.677,45.748,377.2844205824658,390
2017-12-20,45.947,45.998,45.797,45.828,345.8161685569212,390
2017-12-21,45.997,46.258,45.967,46.108,372.39043040946126,390
2017-12-22,46.277,46.498,46.218,46.498,301.15842202538624,390
2017-12-26,46.397,46.458,46.257,46.458,207.17597945034504,390
2017-12-27,46.518,46.628,46.447,46.578,254.48513310635462,390
2017-12-28,46.998,47.028,46.787,46.898,223.75064488500357,390
2017-12-29,47.277,47.298,47.057,47.128,360.65058048069477,390
2018-01-02,47.778,48.048,47.727,48.028,404.5171628892422,390
2018-01-03,48.278,48.508,48.267,48.498,365.62274544266984,390
2018-01-04,48.567,48.768,48.567,48.708,349.7196539337747,390
2018-01-05,48.817,49.117,48.768,49.128,329.5735247801058,390
2018-01-08,49.047,49.208,49.017,49.138,293.04580768570304,390
2018-01-09,49.117,49.108,48.827,49.048,314.8071422781795,390
2018-01-10,48.667,48.828,48.527,48.728,357.6438919380307,390
2018-01-11,48.668,49.028,48.657,49.038,320.13684551324695,390
2018-01-12,49.148,49.518,49.007,49.518,386.29047260433435,390
2018-01-16,49.698,49.838,49.227,49.318,398.41946959123015,390
2018-01-17,49.687,50.077,49.627,49.958,299.11525182798505,390
2018-01-18,49.957,50.078,49.887,50.018,356.11236323043704,390
2018-01-19,50.268,50.427,50.118,50.428,313.65766321262345,390
2018-01-22,50.407,50.718,50.287,50.718,342.2856648750603,390
2018-01-23,50.727,50.958,50.637,50.977,408.01296067237854,390
2018-01-24,51.288,51.488,51.037,51.398,565.4584311209619,390
2018-01-25,51.437,51.818,51.198,51.378,261.4053697646883,390
2018-01-26,51.717,52.067,51.607,52.068,125.76012586941943,390
2018-01-29,51.438,51.488,51.217,51.288,134.83178176591173,390
2018-01-30,50.728,50.778,50.377,50.628,115.14579714415595,390
2018-01-31,51.277,51.328,50.637,51.108,133.2459316526074,390
2018-02-01,50.568,50.817,50.297,50.338,98.22743197530508,390
2018-02-02,49.797,49.808,49.007,49.078,138.60946205537766,390
2018-02-05,48.977,49.457,47.347,47.498,159.87592961778864,390
2018-02-06,47.308,49.248,47.167,48.858,128.08481527119875,390
2018-02-07,47.987,48.488,47.307,47.378,110.77268891013227,390
2018-02-08,47.627,47.608,45.677,45.727,135.29566623270512,390
2018-02-09,46.287,46.757,45.037,46.448,141.24014802649617,390
2018-02-12,47.068,47.468,46.657,47.138,144.35929200518876,390
2018-02-13,47.218,47.628,47.167,47.578,121.58184986625565,390
2018-02-14,47.428,48.788,47.378,48.737,117.19799827039242,390
2018-02-15,49.558,49.838,48.978,49.708,117.68738024868071,390
2018-02-16,49.328,49.967,49.328,49.558,116.09198585897684,390
2018-02-20,48.657,49.018,48.607,48.867,105.97580710286275,390
2018-02-21,49.287,49.828,48.777,48.818,15.650833985768259,390
2018-02-22,48.958,49.328,48.807,48.888,12.313248983118683,390
2018-02-23,49.417,49.727,49.237,49.728,10.461904989322647,390
2018-02-26,49.828,50.167,49.567,50.158,6.9464619951322675,390
2018-02-27,49.527,49.577,48.728,48.758,13.289427989395335,390
2018-02-28,48.827,48.857,48.037,48.078,13.6268950200174,390
2018-03-01,48.367,48.718,47.497,47.988,29.837867033667862,390
2018-03-02,47.337,48.208,47.097,48.148,22.072256999090314,390
2018-03-05,47.597,48.277,47.547,48.228,8.139255978865549,390
2018-03-06,49.008,48.998,48.517,48.648,11.17108201328665,390
2018-03-07,48.327,48.708,48.117,48.718,11.158251027343795,390
2018-03-08,48.778,48.827,48.477,48.708,8.411621975945309,390
2018-03-09,49.108,49.758,49.057,49.758,6.378145969007164,390
2018-03-12,49.808,49.957,49.598,49.928,5.627150000887923,390
2018-03-13,50.097,50.168,49.237,49.428,10.599508992047049,390
2018-03-14,49.767,49.828,49.217,49.498,15.842058045323938,390
2018-03-15,49.648,49.698,49.137,49.358,10.226437982637435,390
2018-03-16,49.128,49.318,49.117,49.228,5.852627973654307,390
2018-03-19,48.867,48.987,48.387,48.678,10.523179984651506,390
2018-03-20,49.087,49.328,48.967,49.238,5.286770971026272,390
2018-03-21,49.148,49.678,49.007,49.518,12.58661595796002,390
2018-03-22,48.368,48.578,47.777,47.848,17.264292095554993,390
2018-03-23,47.927,47.997,46.857,46.918,22.44315299182199,390
2018-03-26,48.088,48.447,47.537,48.428,8.374260982032865,390
2018-03-27,48.438,48.498,47.417,47.558,58.499582130112685,390
2018-03-28,47.378,47.537,46.967,47.328,16.100821972824633,390
2018-03-29,47.618,48.428,47.567,48.288,9.027067025774159,390
2018-04-02,47.927,48.147,46.957,47.388,11.24851600988768,390
2018-04-03,47.827,47.928,47.447,47.888,9.834820993477479,390
2018-04-04,46.577,47.917,46.537,47.918,8.779538977658376,390
2018-04-05,48.108,48.248,47.827,48.018,7.787423010333441,390
2018-04-06,47.538,47.837,46.797,47.098,12.813168997876346,390
2018-04-09,47.407,47.637,47.107,47.138,5.907683961559087,390
2018-04-10,47.798,48.108,47.588,48.038,8.27944597392343,390
2018-04-11,47.737,48.167,47.727,48.078,8.56759402283933,390
2018-04-12,47.948,48.178,47.887,48.078,4.241709988564253,390
2018-04-13,47.997,48.038,47.437,47.598,6.884786025271751,390
2018-04-16,47.468,47.648,47.347,47.628,4.6329510146752,390
2018-04-17,47.408,47.848,47.397,47.738,5.214779986301437,390
2018-04-18,47.908,48.288,47.837,48.148,5.462763960240409,390
2018-04-19,48.248,48.268,47.697,47.867,11.040460980730131,390
2018-04-20,47.577,47.568,47.047,47.278,5.086704964400269,390
2018-04-23,47.157,47.288,46.767,46.878,5.325043976888992,390
2018-04-24,47.267,47.347,46.447,46.648,18.146143799414858,390
2018-04-25,46.297,46.378,46.007,46.298,60.295169729040936,390
2018-04-26,46.558,46.968,46.517,46.948,96.97950390478945,390
2018-04-27,47.208,47.308,46.957,47.288,91.92576494830791,390
2018-04-30,47.417,47.478,46.897,46.927,78.42898402074934,390
2018-05-01,46.608,46.718,46.087,46.718,108.67410703925998,390
2018-05-02,46.728,46.808,46.267,46.318,93.47027292120038,390
2018-05-03,46.268,46.327,45.588,46.208,115.82797669316642,390
2018-05-04,45.727,46.558,45.707,46.438,92.75234601867089,390
2018-05-07,46.018,46.328,46.007,46.167,106.17962510001962,390
2018-05-08,46.248,46.408,45.957,46.388,106.55655992589891,390
2018-05-09,46.528,46.578,46.257,46.478,88.27554304150544,390
2018-05-10,47.047,47.618,46.978,47.498,97.6203158818098,390
2018-05-11,47.657,47.698,47.258,47.388,92.54428625584114,390
2018-05-14,47.637,47.747,47.377,47.438,75.11985825159354,390
2018-05-15,46.567,46.678,46.267,46.498,118.4878992731683,390
2018-05-16,46.917,47.248,46.908,47.167,103.21347780426731,390
2018-05-17,46.658,46.768,46.287,46.468,105.08581909124041,390
2018-05-18,46.037,46.148,45.927,46.098,123.32998394494643,390
2018-05-21,46.427,46.508,46.148,46.328,102.29922594247182,390
2018-05-22,46.527,46.718,46.437,46.508,79.61680099746445,390
2018-05-23,45.937,46.498,45.937,46.488,100.1792129703681,390
2018-05-24,46.197,46.308,45.717,46.248,92.02115397300804,390
2018-05-25,46.217,46.478,46.167,46.418,109.65612292784499,390
2018-05-29,45.727,45.848,45.107,45.367,123.14056420396082,390
2018-05-30,45.338,45.738,45.147,45.698,116.50029913714388,390
2018-05-31,45.647,45.897,45.447,45.758,138.90736587478682,390
2018-06-01,46.048,46.328,45.987,46.298,108.94321507662244,390
2018-06-04,46.707,46.887,46.687,46.788,316.0068001076579,390
2018-06-05,46.637,46.698,46.407,46.438,401.96176430583,390
2018-06-06,46.827,47.127,46.727,47.128,383.5893407948315,390
2018-06-07,46.947,46.938,46.117,46.428,508.62977243959904,390
2018-06-08,46.148,46.498,45.977,46.338,424.42595271766186,390
2018-06-11,46.367,46.468,46.247,46.328,269.31368048489094,390
2018-06-12,46.287,46.338,46.017,46.208,376.33931055665016,390
2018-06-13,46.257,46.338,45.607,45.908,343.0842082835734,390
2018-06-14,45.878,45.957,45.527,45.578,428.0840434357524,390
2018-06-15,45.117,45.267,44.907,45.248,437.95906779915094,390
2018-06-18,44.568,44.708,44.327,44.698,110.90960551321041,390
2018-06-19,43.548,43.958,43.397,43.888,115.35905296838973,390
2018-06-20,44.277,44.318,44.017,44.088,95.08360615388301,390
2018-06-21,43.798,43.798,43.397,43.448,141.85940668895603,390
2018-06-22,44.087,44.058,43.757,43.918,80.24271103161959,390
2018-06-25,43.468,43.507,42.887,43.328,114.92138260620413,390
2018-06-26,43.338,43.398,43.037,43.158,113.64058285174542,390
2018-06-27,43.078,43.048,42.187,42.338,109.24847904848866,390
2018-06-28,42.257,42.678,42.137,42.668,107.99873109045438,390
2018-06-29,43.217,43.418,43.178,43.388,125.75275273808074,390
2018-07-02,42.587,42.918,42.507,42.948,114.36764718027553,390
2018-07-03,43.147,43.188,42.857,42.897,65.15636408515275,390
2018-07-05,43.017,43.048,42.637,42.858,109.80158002499957,390
2018-07-06,42.927,43.558,42.907,43.388,101.76019559802808,390
2018-07-09,43.988,44.178,43.777,44.178,103.90229688104193,390
2018-07-10,44.038,44.068,43.727,44.088,122.09915995877236,390
2018-07-11,43.348,43.558,43.047,43.238,131.02357609121827,390
2018-07-12,43.747,43.888,43.587,43.778,90.65405812303652,390
2018-07-13,43.758,43.928,43.597,43.858,101.55616403821841,390
2018-07-16,43.607,43.677,43.447,43.608,88.63667507086575,390
2018-07-17,43.407,43.988,43.377,43.928,126.85427807584347,390
2018-07-18,43.678,43.878,43.547,43.898,105.6040820023045,390
2018-07-19,43.178,43.508,43.037,43.327,145.5807236515684,390
2018-07-20,43.747,44.018,43.727,43.958,89.72789018321782,390
2018-07-23,43.737,43.738,43.517,43.668,121.25764618320682,390
2018-07-24,44.378,44.538,44.157,44.278,394.2564198379405,390
2018-07-25,44.598,45.038,44.467,45.018,374.8077497878112,390
2018-07-26,44.647,44.748,44.477,44.558,359.8499979674816,390
2018-07-27,44.848,44.928,44.427,44.688,432.21135030686855,390
2018-07-30,44.767,44.827,44.468,44.618,386.5286046490073,390
2018-07-31,44.598,44.908,44.498,44.858,506.6902658492327,390
2018-08-01,44.448,44.658,44.317,44.448,484.28247514367104,390
2018-08-02,43.538,43.918,43.447,43.858,583.6830765455961,390
2018-08-03,43.987,44.228,43.957,44.188,509.2626595199108,390
2018-08-06,43.877,43.988,43.747,43.868,402.1106292679906,390
2018-08-07,44.357,44.528,44.287,44.308,485.16124626994133,390
2018-08-08,44.218,44.298,44.077,44.248,389.6925382949412,390
2018-08-09,44.297,44.397,44.087,44.128,362.5050794966519,390
2018-08-10,43.127,43.308,43.027,43.177,661.0579607486725,390
2018-08-13,42.768,42.868,42.347,42.478,692.4767801240087,390
2018-08-14,42.628,42.838,42.547,42.748,435.3101793602109,390
2018-08-15,41.518,41.668,41.117,41.508,609.9163407869637,390
2018-08-16,41.898,42.088,41.737,41.758,493.5239008888602,390
2018-08-17,41.598,42.278,41.507,42.218,494.72342102974653,390
2018-08-20,42.288,42.417,42.157,42.398,426.4125289618969,390
2018-08-21,42.807,43.088,42.777,42.938,533.2197470515966,390
2018-08-22,42.968,43.318,42.967,43.278,467.47533724457026,390
2018-08-23,43.118,43.228,42.517,42.568,597.3770280554891,390
2018-08-24,43.208,43.377,43.067,43.348,696.9007803723216,390
2018-08-27,43.757,44.137,43.737,43.978,739.1963711231947,390
2018-08-28,44.098,44.128,43.727,43.808,622.8619799241424,390
2018-08-29,43.708,44.098,43.627,44.088,931.0956301391125,390
2018-08-30,43.397,43.358,42.787,42.928,746.9945649951696,390
2018-08-31,42.868,43.288,42.827,43.178,815.7098725438118,390
2018-09-04,43.168,43.168,42.207,42.308,515.8643303588033,390
2018-09-05,41.827,41.867,41.577,41.738,1000.7611399292946,390
2018-09-06,41.778,41.878,41.467,41.738,1110.7865156531334,390
2018-09-07,41.607,41.917,41.367,41.578,952.6218116879463,390
2018-09-10,41.517,41.487,41.077,41.148,697.183941707015,390
2018-09-11,40.728,41.218,40.617,41.218,1127.4619513750076,390
2018-09-12,41.017,41.637,40.877,41.418,824.398894816637,390
2018-09-13,42.047,42.248,41.797,41.968,1112.288070872426,390
2018-09-14,42.208,42.258,41.737,41.938,779.650763142854,390
2018-09-17,41.607,41.787,41.507,41.578,863.0175921209157,390
2018-09-18,41.757,42.028,41.757,41.978,887.5818396061659,390
2018-09-19,42.317,42.588,42.307,42.538,950.2517967298627,390
2018-09-20,42.917,43.028,42.677,43.008,861.4391400762834,390
2018-09-21,43.067,43.278,43.007,43.228,731.0029663667083,390
2018-09-24,42.708,42.767,42.567,42.738,950.9278021901846,390
2018-09-25,42.798,42.977,42.737,42.928,731.8163431938738,390
2018-09-26,42.967,43.467,42.927,42.988,598.20603518188,390
2018-09-27,43.117,43.328,43.067,43.228,582.5648671239614,390
2018-09-28,42.868,43.118,42.767,42.908,577.7272074520588,390
2018-10-01,43.117,43.087,42.817,42.918,507.97390503436327,390
2018-10-02,42.348,42.568,42.237,42.388,705.0776584036648,390
2018-10-03,42.668,42.687,41.907,42.018,687.4808424860239,390
2018-10-04,41.597,41.567,40.797,40.978,878.1239711344242,390
2018-10-05,40.997,41.048,40.447,40.828,914.2879773974419,390
2018-10-08,40.528,40.968,40.467,40.918,1008.5179929435253,390
2018-10-09,40.558,40.937,40.417,40.758,817.0456313639879,390
2018-10-10,40.527,40.467,39.507,39.548,891.7690097242594,390
2018-10-11,39.307,39.707,38.757,39.158,945.0274082422256,390
2018-10-12,40.248,40.337,39.727,40.318,845.9849170446396,390
2018-10-15,39.918,40.107,39.767,39.887,698.3021678477526,390
2018-10-16,40.328,40.877,40.277,40.848,980.4655985832214,390
2018-10-17,40.547,40.548,40.147,40.328,856.5829401612282,390
2018-10-18,39.918,39.897,39.147,39.308,866.5381400287151,390
2018-10-19,39.898,40.128,39.557,39.678,891.0823908448219,390
2018-10-22,40.318,40.397,39.907,40.128,785.3489544168115,390
2018-10-23,39.128,39.868,38.917,39.648,860.181817471981,390
2018-10-24,39.438,39.487,38.347,38.378,1016.9157229065895,390
2018-10-25,38.787,39.358,38.697,39.098,812.6151492595673,390
2018-10-26,38.287,38.948,38.117,38.688,1194.1594938635826,390
2018-10-29,38.987,39.048,37.557,37.998,1042.180896192789,390
2018-10-30,38.207,38.727,38.127,38.728,1387.1041048765182,390
2018-10-31,39.138,39.367,38.987,39.168,1017.2091138809919,390
2018-11-01,39.768,40.558,39.547,40.558,869.7518470585346,390
2018-11-02,41.227,41.368,40.397,40.808,604.6655742228031,390
2018-11-05,40.768,40.997,40.687,40.938,934.2281523346901,390
2018-11-06,40.707,40.898,40.627,40.848,764.309055685997,390
2018-11-07,41.387,41.658,41.137,41.658,844.6050252318382,390
2018-11-08,41.067,41.208,40.407,40.568,790.3014650791883,390
2018-11-09,39.917,39.937,39.467,39.788,888.6376807689667,390
2018-11-12,39.648,39.698,39.127,39.228,1092.4635104686022,390
2018-11-13,39.608,40.047,39.427,39.678,1246.9258001893759,390
2018-11-14,40.048,40.148,39.557,39.918,901.3151191174984,390
2018-11-15,40.128,41.007,40.047,40.838,885.629212230444,390
2018-11-16,40.467,41.077,40.357,40.938,786.2355676218867,390
2018-11-19,40.608,40.648,40.227,40.358,850.7697573006153,390
2018-11-20,39.697,39.878,39.327,39.478,946.3024927377701,390
2018-11-21,40.188,40.457,40.107,40.218,737.8657895773649,390
2018-11-23,39.708,39.928,39.697,39.728,381.54005029052496,390
2018-11-26,40.278,40.398,40.067,40.238,620.1865002736449,390
2018-11-27,40.068,40.488,40.007,40.488,732.3522090911865,390
2018-11-28,40.768,41.488,40.457,41.478,671.3617758825421,390
2018-11-29,41.168,41.367,40.907,41.128,705.4017733186483,390
2018-11-30,40.927,41.027,40.787,41.058,831.6323761045933,390
2018-12-03,42.107,42.108,41.687,41.898,796.585042104125,390
2018-12-04,41.928,41.977,40.907,41.018,699.1683383584023,390
2018-12-06,39.908,40.638,39.657,40.638,1035.872214794159,390
2018-12-07,40.557,40.807,39.767,39.878,963.4490731358528,390
2018-12-10,39.588,39.647,38.947,39.488,811.4809261430055,390
2018-12-11,39.998,39.988,39.457,39.758,972.3482929766178,390
2018-12-12,40.487,40.757,40.367,40.438,1046.1398424133658,390
2018-12-13,40.537,40.647,40.327,40.428,1065.1495980732143,390
2018-12-14,39.868,40.158,39.787,39.888,985.1544315516949,390
2018-12-17,39.878,40.008,39.317,39.478,1058.653138756752,390
2018-12-18,39.157,39.348,39.017,39.148,983.3129445612431,390
2018-12-19,39.308,39.617,38.157,38.478,2286.6084201037884,390
2018-12-20,38.867,39.098,38.447,38.818,3177.9591884613037,390
2018-12-21,38.877,39.077,38.307,38.538,1775.4439234137535,390
2018-12-24,38.428,38.658,38.147,38.148,891.0119827389717,390
2018-12-26,38.148,38.927,38.027,38.938,1731.1429344415665,390
2018-12-27,38.378,38.887,38.227,38.887,1792.3434674739838,390
2018-12-28,39.178,39.428,38.977,39.208,2019.2175146713853,390
2018-12-31,39.488,39.498,38.917,39.068,1711.5894301757216,390
2019-01-02,38.578,39.157,38.557,39.148,2322.077038168907,390
2019-01-03,38.717,38.717,38.277,38.488,2471.7841242551804,390
2019-01-04,38.988,39.817,38.907,39.718,2289.570866778493,390
2019-01-07,39.697,39.927,39.477,39.778,1904.8914434313774,390
2019-01-08,39.777,39.968,39.557,39.908,2310.4929504022,390
2019-01-09,40.318,40.837,40.317,40.628,2167.0395766422153,390
2019-01-10,40.397,40.928,40.397,40.918,2051.500177912414,390
2019-01-11,40.577,40.777,40.487,40.718,2094.921803764999,390
2019-01-14,40.188,40.548,40.128,40.368,2344.7167540192604,390
2019-01-15,40.598,40.858,40.537,40.678,2086.025051817298,390
2019-01-16,40.927,41.287,40.927,41.168,2020.7974956184626,390
2019-01-17,40.818,41.528,40.788,41.368,1838.7214684709907,390
2019-01-18,41.488,41.698,41.407,41.568,2092.397828564048,390
2019-01-22,41.037,41.118,40.637,40.838,1926.3503760695457,390
2019-01-23,41.197,41.257,40.877,41.228,2368.367228537798,390
2019-01-24,41.268,41.658,41.267,41.641,1992.0473718643188,390
2019-01-25,42.1,42.287,42.017,42.188,710.0365161895752,390
2019-01-28,42.168,42.168,41.427,41.768,1930.7059279680252,390
2019-01-29,41.947,41.96,41.717,41.828,1761.9983377456665,390
2019-01-30,42.058,42.798,41.867,42.708,1701.5015612244606,390
2019-01-31,42.777,43.118,42.767,43.098,1701.4974746704102,390
2019-02-01,42.768,42.817,42.617,42.738,1709.9721588492393,390
2019-02-04,42.608,42.927,42.527,42.828,1156.4825081825256,390
2019-02-05,43.007,43.429,42.947,43.398,1453.4676897525787,390
2019-02-06,43.207,43.227,42.727,42.831,1129.5903806388378,390
2019-02-07,42.478,42.678,42.017,42.408,1628.5067032575607,390
2019-02-08,42.077,42.208,41.827,42.138,1466.531355291605,390
2019-02-11,42.217,42.228,41.987,42.029,1335.3269486427307,390
2019-02-12,42.358,42.528,42.297,42.359,1136.4201663732529,390
2019-02-13,42.368,42.438,41.957,42.079,1225.759072124958,390
2019-02-14,41.798,42.268,41.727,42.149,1473.0205672979355,390
2019-02-15,42.097,42.098,41.937,42.088,1340.7490315884352,390
2019-02-19,41.907,42.488,41.907,42.398,1289.4772599115968,390
2019-02-20,42.627,42.908,42.527,42.669,1848.7836323678493,390
2019-02-21,42.608,42.637,42.357,42.551,1359.9825099110603,390
2019-02-22,42.907,43.138,42.827,43.038,1186.4686976075172,390
2019-02-25,43.497,43.698,43.407,43.508,1651.7168892617337,390
2019-02-26,43.197,43.498,43.177,43.371,1623.3872070610523,390
2019-02-27,43.077,43.137,42.837,43.033,1708.596845916938,390
2019-02-28,42.698,42.708,42.427,42.472,1434.753384679556,390
2019-03-01,42.768,42.777,42.397,42.478,1040.4644517302513,390
2019-03-04,42.698,42.737,42.167,42.529,1360.2855120897293,390
2019-03-05,42.738,43.018,42.647,42.959,1113.115989357233,390
2019-03-06,42.968,43.027,42.657,42.708,1420.635722875595,390
2019-03-07,42.467,42.458,41.857,41.928,1672.1080775260925,390
2019-03-08,41.427,41.647,41.377,41.65,1588.276406109333,390
2019-03-11,41.637,42.438,41.637,42.419,769.9819039404392,390
2019-03-12,42.628,42.728,42.537,42.639,1637.1527863293886,390
2019-03-13,42.638,42.728,42.537,42.668,1316.5511495769024,390
2019-03-14,42.498,42.518,42.277,42.448,1199.0167314261198,390
2019-03-15,42.817,43.107,42.807,43.098,1324.9526294469833,390
2019-03-18,43.378,43.548,43.317,43.539,1220.4036802947521,390
2019-03-19,43.598,43.718,43.467,43.558,1400.4391003251076,390
2019-03-20,43.417,43.948,43.128,43.658,1629.180518180132,390
2019-03-21,43.398,43.698,43.307,43.698,1850.8820712566376,390
2019-03-22,43.027,43.118,42.377,42.43,1815.9411325454712,390
2019-03-25,42.317,42.637,42.287,42.528,1261.0511584281921,390
2019-03-26,42.658,42.758,42.417,42.638,1610.6431482434273,390
2019-03-27,42.418,42.498,42.047,42.178,1443.3693599700928,390
2019-03-28,42.327,42.508,42.177,42.488,1464.6062887012959,390
2019-03-29,42.928,42.978,42.707,42.93,1508.501711398363,390
2019-04-01,43.488,43.648,43.387,43.628,1191.849642671179,390
2019-04-02,43.658,43.668,43.337,43.468,1419.653340361081,390
2019-04-03,43.898,44.118,43.717,43.808,1567.7911153351888,390
2019-04-04,43.768,44.117,43.737,44.058,1734.1383210718632,390
2019-04-05,44.168,44.398,44.127,44.378,1243.7379024829715,390
2019-04-08,44.168,44.418,44.087,44.378,1437.260532617569,390
2019-04-09,44.417,44.428,44.257,44.318,1575.4516245331615,390
2019-04-10,44.488,44.608,44.397,44.528,2149.217475041747,390
2019-04-11,44.177,44.198,43.907,44.038,1531.0654404927045,390
2019-04-12,44.457,44.488,44.238,44.337,1538.3312653973699,390
2019-04-15,44.317,44.297,43.947,44.128,1515.06370716542,390
2019-04-16,44.307,44.497,44.307,44.467,1497.749361038208,390
2019-04-17,44.758,44.788,44.467,44.588,1653.3142613470554,390
2019-04-18,44.418,44.628,44.288,44.558,1589.488188058138,390
2019-04-22,44.117,44.298,44.047,44.258,1307.8923886865377,390
2019-04-23,44.177,44.428,44.127,44.368,1852.8292414695024,390
2019-04-24,44.058,44.028,43.617,43.768,1918.3558591529727,390
2019-04-25,43.498,43.698,43.357,43.688,2661.169438689947,390
2019-04-26,43.758,43.928,43.627,43.848,3897.2809970378876,390
2019-04-29,43.977,44.027,43.867,43.958,3225.342282086611,390
2019-04-30,43.827,43.997,43.617,43.928,3795.1792391091585,390
2019-05-01,43.977,44.327,43.527,43.598,3138.437919139862,390
2019-05-02,43.688,43.827,43.437,43.668,4428.655097082257,390
2019-05-03,44.017,44.257,43.937,44.218,3195.9470726028085,390
2019-05-06,42.818,43.368,42.778,43.321,2953.4159418344498,390
2019-05-07,42.838,42.827,42.197,42.459,4452.051833868027,390
2019-05-08,42.567,42.738,42.367,42.398,4022.816803455353,390
2019-05-09,41.438,41.908,41.137,41.708,3956.5167800188065,390
2019-05-10,41.828,42.088,41.327,41.968,3415.6413031816483,390
2019-05-13,40.657,40.828,40.367,40.588,5007.661288142204,390
2019-05-14,41.118,41.278,40.967,41.138,3647.1561065018177,390
2019-05-15,40.888,41.278,40.827,41.198,3318.7461585998535,390
2019-05-16,41.158,41.388,40.997,41.028,2697.9420995488763,390
2019-05-17,40.338,40.608,40.237,40.308,3847.018666267395,390
2019-05-20,40.158,40.278,39.957,40.138,3932.596110917628,390
2019-05-21,40.377,40.618,40.277,40.608,3278.7171881198883,390
2019-05-22,40.557,40.588,40.377,40.458,3663.9880341887474,390
2019-05-23,39.868,40.048,39.737,39.908,4117.976643987,390
2019-05-24,40.207,40.247,39.897,39.948,3086.4710207805037,390
2019-05-28,40.338,40.397,39.997,40.108,3336.8938447982073,390
2019-05-29,39.908,40.338,39.867,40.348,3919.460869461298,390
2019-05-30,40.468,40.697,40.427,40.568,3306.9569444842637,390
2019-05-31,40.358,40.778,40.337,40.748,3351.413963727653,390
2019-06-03,41.027,41.237,40.957,41.098,3886.041092813015,390
2019-06-04,40.898,41.178,40.807,41.178,2974.407460320741,390
2019-06-05,41.198,41.218,40.717,40.838,3390.3227159008384,390
2019-06-06,40.818,40.918,40.677,40.848,3303.6899520549923,390
2019-06-07,41.068,41.498,41.057,41.208,2435.8880424043164,390
2019-06-10,41.548,41.788,41.457,41.618,2586.0954325199127,390
2019-06-11,42.127,42.188,41.947,42.078,2769.2014659643173,390
2019-06-12,41.768,41.787,41.537,41.618,2576.3993002246134,390
2019-06-13,41.668,41.728,41.417,41.568,2650.2002975717187,390
2019-06-14,41.278,41.288,41.067,41.088,2155.277739211917,390
2019-06-17,40.807,41.008,40.797,40.928,2090.065125182271,390
2019-06-18,41.377,42.008,41.377,41.948,2442.574779040646,390
2019-06-19,42.008,42.438,41.907,42.308,2684.317475885153,390
2019-06-20,43.168,43.178,42.717,42.918,2546.9392404705286,390
2019-06-21,42.717,42.848,42.657,42.758,1984.4601450562477,390
2019-06-24,42.727,42.798,42.647,42.708,2529.8886085748672,390
2019-06-25,42.538,42.528,42.197,42.268,3274.2235273122787,390
2019-06-26,42.587,42.798,42.557,42.668,2903.808710914105,390
2019-06-27,42.828,42.968,42.767,42.968,2934.8653553426266,390
2019-06-28,42.948,42.978,42.767,42.878,2250.0437885066494,390
2019-07-01,43.658,43.708,43.247,43.428,2506.1205546557903,390
2019-07-02,43.367,43.388,43.177,43.318,2199.792268356774,390
2019-07-03,43.087,43.207,42.747,42.997,1282.7231874638703,390
2019-07-05,42.907,43.008,42.697,42.918,1716.1633618613705,390
2019-07-08,42.627,42.708,42.548,42.648,2069.3276061415672,390
2019-07-09,42.308,42.558,42.307,42.528,2171.46443811059,390
2019-07-10,42.957,43.098,42.847,42.898,3029.769875690341,390
2019-07-11,43.028,43.018,42.687,42.818,2787.593352712225,390
2019-07-12,42.838,42.868,42.667,42.828,2129.0382106155157,390
2019-07-15,43.008,43.068,42.957,43.018,1979.1898260116577,390
2019-07-16,43.047,43.158,42.898,42.928,1670.5636197403073,390
2019-07-17,42.918,42.978,42.758,42.788,1969.7238435596228,390
2019-07-18,42.778,43.108,42.757,43.108,2695.5420737713575,390
2019-07-19,43.178,43.198,42.807,42.858,2321.771099731326,390
2019-07-22,42.958,43.008,42.827,42.868,2328.682150363922,390
2019-07-23,42.908,42.918,42.737,42.898,2302.801010556519,390
2019-07-24,42.848,42.988,42.848,42.958,1959.9146191328764,390
2019-07-25,42.878,42.868,42.517,42.608,2881.4543849229813,390
2019-07-26,42.758,42.788,42.567,42.689,2171.2760637700558,390
2019-07-29,42.548,42.628,42.397,42.609,2088.8126375824213,390
2019-07-30,42.278,42.318,42.147,42.271,2116.9045839607716,390
2019-07-31,42.238,42.268,41.267,41.788,2326.4765509963036,390
2019-08-01,41.768,42.078,40.827,40.948,2735.086729452014,390
2019-08-02,40.767,40.847,40.417,40.552,3579.8282784223557,390
2019-08-05,39.418,39.471,38.837,39.079,4369.730293512344,390
2019-08-06,39.708,39.781,39.337,39.618,3908.7026448249817,390
2019-08-07,39.187,39.788,39.027,39.788,4321.678675532341,390
2019-08-08,40.028,40.278,39.928,40.258,2959.725233078003,390
2019-08-09,40.008,40.068,39.677,39.872,3514.834841132164,390
2019-08-12,39.337,39.498,39.267,39.361,3600.353207230568,390
2019-08-13,39.067,40.078,39.007,39.869,2061.001460969448,390
2019-08-14,39.068,39.168,38.708,38.77,3996.202358484268,390
2019-08-15,39.078,39.117,38.797,39.01,3653.8817863464355,390
2019-08-16,39.358,39.617,39.347,39.558,2521.681237190962,390
2019-08-19,40.018,40.028,39.657,39.709,2546.16863656044,390
2019-08-20,39.828,39.938,39.717,39.788,3154.538216471672,390
2019-08-21,40.178,40.167,39.957,40.138,3879.1553893387318,390
2019-08-22,39.837,39.878,39.517,39.628,5611.508942127228,390
2019-08-23,39.528,39.892,38.987,39.058,2690.866071641445,390
2019-08-26,39.328,39.368,39.157,39.268,4558.631372213364,390
2019-08-27,39.528,39.658,39.287,39.368,5618.830216884613,390
2019-08-28,39.258,39.498,39.147,39.448,4554.543881416321,390
2019-08-29,39.678,39.898,39.547,39.868,650.87861395441,390
2019-08-30,40.197,40.203,39.958,40.188,67.70925025083125,390
2019-09-03,39.727,39.928,39.717,39.938,37.87925006262958,390
2019-09-04,40.467,40.648,40.397,40.618,29.130000030621886,390
2019-09-05,41.078,41.198,41.037,41.078,33.905499977990985,390
2019-09-06,41.308,41.368,41.197,41.248,34.535499976947904,390
2019-09-09,41.348,41.488,41.247,41.398,32.65925000421703,390
2019-09-10,41.338,41.477,41.167,41.388,40.778250109404325,390
2019-09-11,41.557,41.717,41.477,41.718,29.611249985173345,390
2019-09-12,41.968,42.227,41.817,42.008,38.96375000756234,390
2019-09-13,42.238,42.338,42.157,42.238,30.276249995455146,390
2019-09-16,41.898,42.098,41.807,41.918,29.670249974820763,390
2019-09-17,41.528,41.918,41.497,41.918,26.88400003593415,390
2019-09-18,41.907,41.907,41.407,41.748,30.064250079449266,390
2019-09-19,41.727,41.868,41.497,41.568,29.40725001320243,390
2019-09-20,41.878,41.908,41.427,41.598,36.554249972105026,390
2019-09-23,41.408,41.658,41.397,41.638,26.155250096693635,390
2019-09-24,41.618,41.618,41.157,41.208,48.7780000064522,390
2019-09-25,40.927,41.238,40.787,41.198,36.72824993357062,390
2019-09-26,41.238,41.278,41.047,41.178,39.46149995364249,390
2019-09-27,41.168,41.248,40.487,40.648,52.11074988916516,390
2019-09-30,40.978,41.078,40.817,40.868,29.574999924283475,390
2019-10-01,40.888,40.868,40.547,40.578,42.5505001116544,390
2019-10-02,40.278,40.318,40.067,40.258,51.89925008267164,390
2019-10-03,40.407,40.768,40.297,40.768,54.30000003054738,390
2019-10-04,40.658,41.018,40.617,40.978,35.99450002331287,390
2019-10-07,40.718,40.918,40.587,40.638,36.32074996829033,390
2019-10-08,40.548,40.578,40.307,40.338,50.298000070266426,390
2019-10-09,40.657,40.797,40.597,40.648,35.08474999293685,390
2019-10-10,40.788,41.218,40.788,41.068,44.19850002415478,390
2019-10-11,41.688,42.028,41.628,41.748,47.064499985426664,390
2019-10-14,41.668,41.728,41.537,41.558,23.162499979138374,390
2019-10-15,41.658,41.998,41.637,41.908,27.823999993037432,390
2019-10-16,41.878,42.068,41.787,42.048,27.212000037543476,390
2019-10-17,42.368,42.358,42.137,42.208,30.700250047259033,390
2019-10-18,42.108,42.198,41.867,41.968,35.04550003260374,390
2019-10-21,42.147,42.348,42.087,42.358,22.462499999441206,390
2019-10-22,42.368,42.518,42.327,42.398,30.106499992311,390
2019-10-23,42.218,42.428,42.187,42.388,24.987499949056655,390
2019-10-24,42.568,42.568,42.377,42.428,18.711749992216937,390
2019-10-25,42.388,42.708,42.378,42.698,22.11624999716878,390
2019-10-28,42.888,43.048,42.877,42.958,19.300749973859638,390
2019-10-29,42.718,42.838,42.687,42.728,22.75824999064207,390
2019-10-30,42.618,42.898,42.437,42.908,29.765250033233315,390
2019-10-31,42.748,42.738,42.347,42.578,30.919499972253107,390
2019-11-01,43.027,43.238,42.997,43.218,22.989999989047647,390
2019-11-04,43.758,43.798,43.577,43.628,20.77050003176555,390
2019-11-05,43.918,43.928,43.697,43.878,26.409000033978373,390
2019-11-06,43.858,43.898,43.607,43.748,27.530000016093254,390
2019-11-07,44.088,44.238,44.017,44.078,26.85575000056997,390
2019-11-08,43.728,43.808,43.587,43.678,22.539249996189028,390
2019-11-11,43.128,43.398,43.087,43.368,17.12050001951866,390
2019-11-12,43.248,43.268,43.007,43.068,22.07875001616776,390
2019-11-13,42.638,42.828,42.597,42.748,27.866250027902424,390
2019-11-14,42.718,42.838,42.567,42.778,21.705999995581806,390
2019-11-15,43.067,43.208,43.027,43.138,17.47100004798267,390
2019-11-18,43.128,43.208,43.007,43.078,20.069499987061135,390
2019-11-19,43.358,43.358,43.087,43.158,20.048250041902065,390
2019-11-20,42.988,43.148,42.777,42.938,25.43100002128631,390
2019-11-21,42.778,42.877,42.677,42.878,25.32375002466142,390
2019-11-22,42.948,42.968,42.767,42.878,18.7940000067465,390
2019-11-25,43.138,43.328,43.097,43.308,14.446500022662804,390
2019-11-26,43.058,43.168,42.887,43.178,19.708000016398728,390
2019-11-27,43.077,43.228,43.007,43.198,17.058749995660037,390
2019-11-29,42.628,42.708,41.808,41.808,10.34050002344884,390
2019-12-02,42.658,42.628,42.387,42.528,30.164000048767775,390
2019-12-03,42.148,42.308,41.958,42.308,33.53800000716001,390
2019-12-04,42.627,42.668,42.567,42.628,19.98550005024299,390
2019-12-05,42.708,42.868,42.647,42.828,22.88399998098612,390
2019-12-06,43.057,43.118,42.977,43.088,17.21025003772229,390
2019-12-09,43.028,43.158,42.877,42.888,17.995249995496124,390
2019-12-10,42.978,43.118,42.907,43.038,21.762750033289194,390
2019-12-11,43.288,43.698,43.267,43.668,20.578250030055642,390
2019-12-12,43.797,44.487,43.767,44.448,42.56575004756451,390
2019-12-13,44.548,44.837,44.297,44.418,37.594500130042434,390
2019-12-16,43.878,43.998,43.817,43.858,15.916000026278198,390
2019-12-17,44.197,44.298,44.117,44.268,19.275750026572496,390
2019-12-18,44.458,44.498,44.357,44.498,15.33525005960837,390
2019-12-19,44.348,44.518,44.327,44.518,16.055250029428862,390
2019-12-20,44.568,44.647,44.497,44.588,17.599499990348704,390
2019-12-23,44.578,44.648,44.537,44.648,11.564000009093434,390
2019-12-24,44.567,44.608,44.477,44.558,6.618250015191734,390
2019-12-26,44.718,44.898,44.717,44.898,8.783750012866221,390
2019-12-27,45.168,45.168,44.947,45.068,18.03650002134964,390
2019-12-30,45.178,45.128,44.707,44.758,24.208500066772103,390
2019-12-31,44.788,44.908,44.667,44.908,20.68449999485165,390
2020-01-02,45.348,45.768,45.338,45.768,17.357750019757077,390
2020-01-03,45.018,45.248,44.907,44.958,32.30449998192489,390
2020-01-06,44.588,44.858,44.587,44.818,26.860749962739646,390
2020-01-07,44.788,44.888,44.687,44.808,26.585749993566424,390
2020-01-08,44.718,45.288,44.687,45.038,33.392499880399555,390
2020-01-09,45.468,45.458,45.247,45.358,29.19474999792874,390
2020-01-10,45.648,45.758,45.527,45.598,27.04649996664375,390
2020-01-13,45.898,46.308,45.807,46.308,24.03800002904609,390
2020-01-14,46.008,46.028,45.817,46.018,32.94850003020838,390
2020-01-15,45.848,45.888,45.597,45.668,29.011499990709126,390
2020-01-16,45.978,46.028,45.827,45.968,23.89600006956607,390
2020-01-17,46.118,46.248,46.007,46.218,21.88875002367422,390
2020-01-21,45.257,45.337,45.027,45.058,27.90550000872463,390
2020-01-22,45.538,45.567,45.297,45.428,26.984750046394765,390
2020-01-23,44.708,45.077,44.477,45.018,35.505749985575676,390
2020-01-24,45.008,45.018,44.387,44.598,50.93700012564659,390
2020-01-27,42.728,43.297,42.657,43.098,52.88475000113249,390
2020-01-28,43.217,43.488,43.027,43.438,35.7019999967888,390
2020-01-29,43.748,43.768,43.497,43.628,37.65724998060614,390
2020-01-30,42.647,43.008,42.427,42.998,55.81225002929568,390
2020-01-31,42.288,42.298,41.877,42.158,65.87124988436699,390
2020-02-03,42.257,42.668,42.248,42.578,44.15450010634959,390
2020-02-04,43.677,43.918,43.647,43.698,31.08524996507913,390
2020-02-05,44.448,44.438,43.897,43.938,42.48399990051985,390
2020-02-06,44.327,44.288,43.957,43.988,32.01275007240474,390
2020-02-07,43.518,43.518,43.247,43.338,39.63449996896088,390
2020-02-10,43.387,43.618,43.377,43.618,27.601000083610415,390
2020-02-11,44.138,44.398,44.077,44.188,36.05674998648465,390
2020-02-12,44.587,44.828,44.497,44.778,27.907249971292913,390
2020-02-13,44.278,44.438,44.147,44.208,36.051250003278255,390
2020-02-14,44.448,44.408,44.037,44.198,26.603000006172806,390
2020-02-18,43.888,44.028,43.807,43.908,26.49799993261695,390
2020-02-19,44.248,44.318,44.187,44.218,20.752000050619245,390
2020-02-20,43.878,43.937,43.387,43.538,48.383250027894974,390
2020-02-21,43.438,43.518,43.227,43.298,50.30649995803833,390
2020-02-24,41.438,41.897,41.427,41.658,65.751500133425,390
2020-02-25,42.278,42.328,41.327,41.378,96.7337499409914,390
2020-02-26,41.827,42.218,41.637,41.658,92.06300000846386,390
2020-02-27,41.197,41.498,40.658,40.718,109.1794998049736,390
2020-02-28,39.527,40.568,39.267,40.568,126.57249996066093,390
2020-03-02,40.638,41.387,40.387,41.388,103.8797499537468,390
2020-03-03,41.408,42.017,40.827,41.148,118.79400004446507,390
2020-03-04,41.728,41.917,41.507,41.858,77.68275008350611,390
2020-03-05,41.507,41.658,40.788,41.008,88.86200004070997,390
2020-03-06,40.268,40.368,39.797,40.208,103.75524991005659,390
2020-03-09,37.217,38.078,36.838,37.458,90.61849992349744,390
2020-03-10,38.947,39.298,38.167,39.298,111.65574984252453,390
2020-03-11,38.197,38.288,37.217,37.527,104.80800008773804,390
2020-03-12,34.118,34.618,32.878,33.668,79.5452500859974,390
2020-03-13,36.598,36.678,34.367,36.188,104.18900009989738,390
2020-03-16,31.998,33.438,31.557,31.688,102.71449989452958,390
2020-03-17,32.518,33.797,32.008,33.798,115.254000172019,390
2020-03-18,30.908,31.938,30.138,30.948,123.29250009160023,390
2020-03-19,30.788,31.528,30.237,31.088,126.16425007581711,390
2020-03-20,32.598,32.667,31.237,31.388,140.9627498537302,390
2020-03-23,31.057,31.138,30.087,30.688,146.34600000083447,390
2020-03-24,32.597,32.927,32.347,32.888,119.71000012755394,390
2020-03-25,33.498,34.518,33.177,34.058,127.42074991762638,390
2020-03-26,34.348,35.388,34.277,35.398,119.88124987483025,390
2020-03-27,33.448,33.948,33.187,33.378,107.5427498370409,390
2020-03-30,33.478,33.908,33.207,33.908,85.3889999166131,390
2020-03-31,33.978,34.528,33.917,34.167,79.7532497793436,390
2020-04-01,33.087,33.318,32.617,32.718,67.93825014308095,390
2020-04-02,33.288,33.928,33.197,33.798,88.8214999139309,390
2020-04-03,33.688,33.818,32.937,33.148,67.68075006455183,390
2020-04-06,34.437,34.928,34.287,34.938,47.32849995046854,390
2020-04-07,36.088,36.047,35.037,35.148,87.46399978548288,390
2020-04-08,35.198,35.498,34.937,35.498,62.01975005120039,390
2020-04-09,35.847,36.068,35.257,35.368,82.12050008028746,390
2020-04-13,35.337,35.428,34.997,35.408,62.062749937176704,390
2020-04-14,36.208,36.458,35.997,36.198,54.392499919980764,390
2020-04-15,35.348,35.438,35.117,35.298,59.79599995166063,390
2020-04-16,35.778,35.787,35.347,35.538,63.16499983519316,390
2020-04-17,36.427,36.468,35.997,36.268,51.95600013434887,390
2020-04-20,35.868,36.228,35.727,35.818,48.978749968111515,390
2020-04-21,34.978,35.168,34.737,34.848,62.49674989050254,390
2020-04-22,35.788,35.838,35.687,35.738,44.89074997231364,390
2020-04-23,36.038,36.268,35.607,35.628,60.21974987536669,390
2020-04-24,35.688,35.708,35.247,35.578,45.540750002488494,390
2020-04-27,36.047,36.358,35.987,36.298,36.564499946311116,390
2020-04-28,36.808,36.818,36.347,36.388,51.3857501745224,390
2020-04-29,36.978,37.488,36.908,37.448,42.86849997378886,390
2020-04-30,37.227,37.348,36.387,36.678,56.31900002062321,390
2020-05-01,35.738,35.858,35.197,35.328,47.68125003576279,390
2020-05-04,35.437,35.717,35.317,35.728,42.41699992120266,390
2020-05-05,36.048,36.208,35.857,35.908,38.80400009453297,390
2020-05-06,36.118,36.148,35.757,35.828,48.283999936655164,390
2020-05-07,36.118,36.227,35.907,36.098,43.377500055357814,390
2020-05-08,36.538,36.928,36.507,36.848,34.54624992981553,390
2020-05-11,36.608,36.828,36.557,36.628,37.63725003413856,390
2020-05-12,36.898,37.138,36.447,36.498,46.22650000452995,390
2020-05-13,36.858,36.937,36.147,36.408,76.6572499871254,390
2020-05-14,35.668,36.578,35.547,36.548,77.78724994510412,390
2020-05-15,35.957,36.188,35.827,36.028,65.2307500615716,390
2020-05-18,36.918,37.498,36.897,37.438,41.97474995069206,390
2020-05-19,37.368,37.548,37.117,37.138,46.38050012104213,390
2020-05-20,37.718,37.898,37.417,37.608,46.787500066682696,390
2020-05-21,37.397,37.517,37.017,37.198,52.4309999011457,390
2020-05-22,36.608,36.588,36.307,36.438,42.92875003814697,390
2020-05-26,37.577,37.708,37.187,37.248,40.62074997276068,390
2020-05-27,37.388,37.418,36.897,37.378,54.49200011044741,390
2020-05-28,37.458,37.628,37.067,37.098,56.7489999383688,390
2020-05-29,37.348,37.788,37.087,37.768,71.36099991574883,390
2020-06-01,38.068,38.597,38.007,38.618,37.867749981582165,390
2020-06-02,39.068,39.537,38.977,39.508,40.61874992959201,390
2020-06-03,40.038,40.487,39.987,40.448,42.23375006392598,390
2020-06-04,39.898,40.158,39.667,39.868,55.03349990025163,390
2020-06-05,40.897,41.148,40.807,40.918,53.70449987053871,390
2020-06-08,40.788,41.168,40.547,41.178,36.53800002299249,390
2020-06-09,40.568,40.967,40.427,40.908,45.48324993811548,390
2020-06-10,40.998,41.287,40.687,41.198,63.894749868661165,390
2020-06-11,39.858,40.067,38.977,39.018,89.80774989724159,390
2020-06-12,40.007,40.068,39.268,39.878,109.50649985671043,390
2020-06-15,38.618,39.498,38.487,39.298,81.40250002592802,390
2020-06-16,40.258,40.237,39.247,39.558,85.58900008350611,390
2020-06-17,39.868,40.088,39.787,39.908,57.20650001987815,390
2020-06-18,39.808,40.058,39.788,39.958,53.498250069096684,390
2020-06-19,40.458,40.407,39.777,39.928,69.85524992644787,390
2020-06-22,40.178,40.488,40.087,40.428,49.53800005838275,390
2020-06-23,40.878,41.048,40.757,40.798,49.356000032275915,390
2020-06-24,40.628,40.738,39.967,40.248,81.97274991497397,390
2020-06-25,40.118,40.417,39.977,40.428,69.79624999687076,390
2020-06-26,40.297,40.307,39.757,39.958,77.98800006508827,390
2020-06-29,39.938,40.128,39.707,40.128,51.269999887794256,390
2020-06-30,40.038,40.078,39.737,40.008,51.256250005215406,390
2020-07-01,40.187,40.558,40.177,40.438,49.26075002364814,390
2020-07-02,41.298,41.577,41.167,41.368,49.45450001768768,390
2020-07-06,42.767,43.128,42.767,43.138,53.01875014230609,390
2020-07-07,42.588,42.868,42.387,42.428,44.454749919474125,390
2020-07-08,42.988,43.498,42.937,43.498,54.529749982059,390
2020-07-09,43.877,43.938,43.127,43.518,72.02750005573034,390
2020-07-10,43.217,43.248,42.947,43.228,51.97950004041195,390
2020-07-13,43.527,43.847,42.867,42.958,68.26199992001057,390
2020-07-14,42.448,43.108,42.347,43.048,89.4635000526905,390
2020-07-15,43.258,43.338,42.967,43.138,71.8535001091659,390
2020-07-16,42.297,42.558,42.237,42.518,59.40024999156594,390
2020-07-17,42.837,42.808,42.547,42.778,42.87749998643994,390
2020-07-20,42.998,43.328,42.887,43.328,42.67149995267391,390
2020-07-21,43.988,44.008,43.687,43.728,54.90449991822243,390
2020-07-22,43.688,43.658,43.277,43.568,46.67874985933304,390
2020-07-23,43.498,43.648,42.967,43.158,82.28149989247322,390
2020-07-24,42.728,43.128,42.617,43.128,69.3637500628829,390
2020-07-27,43.438,43.828,43.307,43.808,42.99325006082654,390
2020-07-28,43.727,43.708,43.397,43.458,45.81549983192235,390
2020-07-29,43.838,44.238,43.837,44.148,41.06599997729063,390
2020-07-30,43.628,43.747,43.187,43.608,53.20625011622906,390
2020-07-31,43.627,43.538,42.957,43.318,64.07374994456768,390
2020-08-03,43.438,43.678,43.397,43.598,40.976500023156404,390
2020-08-04,43.768,44.148,43.767,44.148,37.62975000962615,390
2020-08-05,44.558,44.837,44.517,44.678,35.42125004529953,390
2020-08-06,44.508,44.787,44.357,44.798,38.86174998804927,390
2020-08-07,43.988,44.128,43.637,43.888,54.097749914973974,390
2020-08-10,43.928,44.048,43.637,43.988,48.995250038802624,390
2020-08-11,44.267,44.338,43.807,43.878,55.40800008550286,390
2020-08-12,44.308,44.558,44.207,44.478,43.5062499884516,390
2020-08-13,44.398,44.458,44.127,44.308,45.972499983385205,390
2020-08-14,44.197,44.298,44.137,44.248,37.95324992015958,390
2020-08-17,44.557,44.797,44.487,44.798,25.346500071696937,390
2020-08-18,44.778,44.858,44.447,44.768,34.96799992956221,390
2020-08-19,44.598,44.608,44.178,44.208,40.555499942507595,390
2020-08-20,43.447,44.048,43.367,44.058,39.889750100672245,390
2020-08-21,43.957,44.268,43.787,44.268,160846.51675258577,390
2020-08-24,44.938,44.947,44.587,44.748,19880.08092689514,390
2020-08-25,44.907,45.238,44.817,45.228,18962.581736022956,390
2020-08-26,45.228,45.377,45.157,45.337,15297.5764503479,390
2020-08-27,45.448,45.397,44.757,44.978,30240.119274139404,390
2020-08-28,45.227,45.538,45.117,45.548,16442.555448532104,390
2020-08-31,44.698,44.668,44.247,44.578,16277.551048278809,390
2020-09-01,44.957,45.308,44.908,45.317,17595.078733444214,390
2020-09-02,45.347,45.318,44.777,45.188,29162.632593154907,390
2020-09-03,44.927,44.938,44.037,44.328,77487.74590301514,390
2020-09-04,44.408,44.628,43.567,44.388,89182.75513839722,390
2020-09-08,43.548,43.938,43.417,43.578,73942.69281959534,390
2020-09-09,43.997,44.288,43.888,44.208,19990.06519126892,390
2020-09-10,44.267,44.318,43.507,43.528,46242.64988899231,390
2020-09-11,44.107,44.238,43.707,43.948,38062.60572242737,390
2020-09-14,44.497,44.698,44.437,44.638,13527.571237564087,390
2020-09-15,45.178,45.218,45.017,45.118,14680.07943534851,390
2020-09-16,45.237,45.387,45.027,45.058,31465.189561843872,390
2020-09-17,44.507,44.927,44.477,44.868,27795.120639801025,390
2020-09-18,44.888,44.918,44.447,44.538,25897.595205307007,390
2020-09-21,43.758,44.128,43.377,44.128,31545.13126373291,390
2020-09-22,43.948,43.918,43.417,43.798,26620.10191345215,390
2020-09-23,43.637,43.708,43.047,43.088,27342.611669540405,390
2020-09-24,42.487,43.178,42.428,42.918,42567.674560546875,390
2020-09-25,42.527,42.948,42.287,42.938,25997.590711593628,390
2020-09-28,43.507,43.578,43.207,43.407,13667.54794883728,390
2020-09-29,43.277,43.517,43.237,43.398,15985.06671333313,390
2020-09-30,43.727,44.198,43.697,44.118,32220.131896972656,390
2020-10-01,44.408,44.508,44.157,44.518,27997.59588241577,390
2020-10-02,43.827,44.337,43.777,43.998,38197.658962249756,390
2020-10-05,44.228,44.567,44.227,44.567,13930.077224731445,390
2020-10-06,44.717,44.987,44.497,44.657,47765.168588638306,390
2020-10-07,45.077,45.268,44.937,45.158,20655.099002838135,390
2020-10-08,45.307,45.557,45.198,45.507,14990.083936691284,390
2020-10-09,45.618,45.938,45.497,45.838,13055.05546951294,390
2020-10-12,46.068,46.328,45.967,46.227,13410.083219528198,390
2020-10-13,46.047,46.088,45.787,46.057,18100.09817314148,390
2020-10-14,46.008,46.128,45.707,45.738,13920.088493347168,390
2020-10-15,45.058,45.428,45.017,45.368,14110.083963806159,390
2020-10-16,45.547,45.677,45.397,45.568,11937.567485809326,390
2020-10-19,45.688,45.878,45.337,45.428,18487.60946505738,390
2020-10-20,45.708,46.148,45.688,45.948,22415.090620040894,390
2020-10-21,45.988,46.298,45.937,46.048,16392.586229736335,390
2020-10-22,46.127,46.158,45.817,46.047,18415.084707260132,390
2020-10-23,46.088,46.307,45.867,46.308,13867.567449569702,390
2020-10-26,45.757,46.017,45.347,45.728,31735.158140182495,390
2020-10-27,45.828,46.038,45.687,45.927,18750.101234436035,390
2020-10-28,45.177,45.228,44.727,44.778,35725.173822402954,390
2020-10-29,44.937,45.358,44.777,45.248,32875.124588012695,390
2020-10-30,44.838,44.907,44.408,44.688,33870.11317253113,390
2020-11-02,45.168,45.288,44.917,45.288,27220.045740539557,390
2020-11-03,45.357,45.578,45.167,45.468,27417.61696243286,390
2020-11-04,46.078,47.077,45.998,46.918,47225.14101219177,390
2020-11-05,47.707,47.897,47.297,47.778,37387.66411590576,390
2020-11-06,47.657,48.098,47.537,47.958,25610.112466812134,390
2020-11-09,49.477,49.407,48.237,48.277,59172.73017501831,390
2020-11-10,48.058,48.157,47.497,47.728,44217.67021560669,390
2020-11-11,47.628,48.077,47.557,48.008,27555.10933494568,390
2020-11-12,48.127,48.298,47.537,47.658,27222.62590789795,390
2020-11-13,48.227,48.338,47.977,48.328,18997.590684890747,390
2020-11-16,48.837,49.078,48.757,48.927,16947.610237121582,390
2020-11-17,48.628,48.998,48.557,48.877,12667.563709671027,390
2020-11-18,49.087,49.048,48.697,48.728,13385.08770643617,390
2020-11-19,48.468,48.848,48.368,48.788,16457.58098602295,390
2020-11-20,48.898,49.188,48.847,49.057,7587.535976409912,390
2020-11-23,49.577,49.578,49.067,49.198,19385.13115310669,390
2020-11-24,49.597,49.868,49.337,49.848,16925.067443847656,390
2020-11-25,49.387,49.587,49.247,49.588,12015.066770553589,390
2020-11-27,49.937,50.157,49.907,50.027,5495.025484085083,390
2020-11-30,49.307,49.258,48.728,48.768,22720.119960784912,390
2020-12-01,49.577,49.858,49.337,49.708,14982.580957824714,390
2020-12-02,49.607,49.848,49.418,49.758,15967.566720962524,390
2020-12-03,50.217,50.558,50.187,50.338,12902.553199768066,390
2020-12-04,50.708,50.867,50.627,50.867,12117.557744979858,390
2020-12-07,50.767,50.978,50.647,50.828,9897.553237915039,390
2020-12-08,50.787,50.858,50.617,50.858,8907.556982040405,390
2020-12-09,51.018,50.977,50.188,50.458,24927.60866355896,390
2020-12-10,50.357,51.127,50.337,51.088,23927.612489700317,390
2020-12-11,50.758,50.887,50.617,50.728,16357.581687927246,390
2020-12-14,50.318,50.328,49.907,49.977,20467.566720962524,390
2020-12-15,50.158,50.487,50.017,50.487,15142.5,390
2020-12-16,50.568,50.788,50.467,50.727,20025.0,390
2020-12-17,51.047,51.097,50.887,51.048,14525.0,390
2020-12-18,50.927,50.998,50.777,50.958,15935.000999450684,390
2020-12-21,49.857,50.438,49.837,50.228,28175.051733016968,390
2020-12-22,50.098,50.088,49.767,49.858,18095.076440811157,390
2020-12-23,50.318,50.447,50.247,50.408,13355.068195343018,390
2020-12-24,50.207,50.318,49.858,50.148,17012.57345199585,390
2020-12-28,50.148,50.408,50.147,50.288,17092.571195602417,390
2020-12-29,50.717,51.047,50.668,50.997,21580.080936431885,390
2020-12-30,51.628,51.868,51.587,51.708,17320.05474894715,390
2020-12-31,51.988,51.837,51.357,51.688,34622.6476726532,390
2021-01-04,51.678,52.777,51.678,52.028,52860.17400401307,390
2021-01-05,52.477,53.258,52.477,53.237,30172.60562133789,390
2021-01-06,52.838,53.428,52.648,52.768,74642.57653427124,390
2021-01-07,53.077,53.277,52.817,53.278,13718.900000192225,390
2021-01-08,54.238,54.707,53.937,54.707,426.000000230968,390
2021-01-11,53.977,54.218,53.898,54.008,403.2250001579523,390
2021-01-12,54.307,54.598,54.158,54.518,175.45000026375055,390
2021-01-13,54.597,54.878,54.317,54.618,344.2249996215105,390
2021-01-14,55.207,55.468,55.057,55.138,223.603751167655,390
2021-01-15,54.548,54.637,54.197,54.338,246.9824999347329,390
2021-01-19,55.487,55.477,55.117,55.238,216.93675044178963,390
2021-01-20,56.187,56.248,55.947,56.218,206.78150089085102,390
2021-01-21,56.398,56.437,56.107,56.347,207.69125064159743,390
2021-01-22,55.518,55.937,55.457,55.858,207.662501193583,390
2021-01-25,56.448,56.498,55.707,56.268,403.8480017706752,390
2021-01-26,55.788,55.907,55.527,55.828,234.3860012665391,390
2021-01-27,54.658,54.857,54.247,54.277,582.493750743568,390
2021-01-28,54.158,54.848,54.047,54.697,445.8325006440282,390
2021-01-29,53.707,53.837,53.038,53.288,718.1637510508299,390
2021-02-01,54.408,54.838,54.148,54.798,295.21975130587816,390
2021-02-02,55.537,55.568,55.287,55.487,319.0249995365739,390
2021-02-03,55.827,55.938,55.567,55.798,219.57500077039003,390
2021-02-04,55.657,55.778,55.327,55.788,249.50000113248825,390
2021-02-05,55.997,56.248,55.798,56.218,183.50000072270632,390
2021-02-08,56.027,56.428,56.027,56.348,163.57500137388706,390
2021-02-09,56.337,56.968,56.337,56.937,199.97500114142895,390
2021-02-10,57.437,57.508,56.787,57.128,541.2750016450882,390
2021-02-11,57.648,57.988,57.537,57.738,464.72500222176313,390
2021-02-12,57.487,57.958,57.397,57.787,249.05000086128712,390
2021-02-16,58.118,58.277,57.777,57.928,238.97950045019388,390
2021-02-17,57.827,57.978,57.547,57.968,280.17075072973967,390
2021-02-18,57.017,57.138,56.547,57.138,302.6865009814501,390
2021-02-19,57.478,57.787,57.328,57.508,225.83600075542927,390
2021-02-22,55.997,56.348,55.777,55.837,394.34000074863434,390
2021-02-23,55.477,56.258,54.787,56.107,684.4325012639165,390
2021-02-24,55.158,55.727,54.807,55.737,485.56424913555384,390
2021-02-25,55.717,55.877,54.377,54.518,1016.5749977529049,390
2021-02-26,54.097,54.128,53.377,53.837,1140.6249980479479,390
2021-03-01,54.808,55.317,54.687,55.188,371.75000208616257,390
2021-03-02,54.867,54.888,54.447,54.617,426.67500158399343,390
2021-03-03,55.038,55.167,54.318,54.537,609.8750006407499,390
2021-03-04,54.298,54.538,52.967,53.267,1302.0749994516373,390
2021-03-05,54.008,53.897,52.798,53.858,1072.5250021219254,390
2021-03-08,52.858,53.008,52.248,52.377,653.5500008687377,390
2021-03-09,53.138,53.807,53.077,53.548,442.9500006362796,390
2021-03-10,53.767,53.707,53.037,53.317,607.675000064075,390
2021-03-11,54.498,55.017,54.267,54.988,314.10000029951334,390
2021-03-12,53.828,53.968,53.577,53.977,307.9750007838011,390
2021-03-15,53.727,54.118,53.578,54.118,279.2000009045005,390
2021-03-16,54.288,54.538,54.098,54.358,248.70000081509352,390
2021-03-17,53.637,54.637,53.517,54.448,657.649999268353,390
2021-03-18,53.918,54.068,53.387,53.467,482.100001424551,390
2021-03-19,53.467,54.038,53.327,54.018,545.5250015854836,390
2021-03-22,53.718,54.068,53.547,53.927,222.55000091344118,390
2021-03-23,53.218,53.368,52.847,52.908,353.35000067949295,390
2021-03-24,52.547,52.568,51.687,51.738,420.95000129938126,390
2021-03-25,51.558,52.058,51.508,51.938,574.4249988570809,390
2021-03-26,52.377,53.278,52.148,53.308,360.2500014156103,390
2021-03-29,52.828,53.097,52.637,52.907,390.375000923872,390
2021-03-30,52.887,53.168,52.717,53.078,295.12500112503767,390
2021-03-31,53.018,53.498,53.017,53.418,198.55000089108944,390
2021-04-01,54.117,54.198,53.808,53.957,139.45000052452087,390
2021-04-05,54.157,54.217,53.947,54.097,219.17500077933073,390
2021-04-06,54.047,54.587,53.957,54.388,187.60000023245811,390
2021-04-07,53.598,53.737,53.377,53.567,181.92500084638596,390
2021-04-08,54.117,54.267,53.977,54.018,169.45000068098307,390
2021-04-09,53.487,53.548,53.367,53.538,155.0750008970499,390
2021-04-12,53.178,53.278,53.048,53.228,166.92600087076426,390
2021-04-13,53.227,53.628,53.147,53.478,183.87500056624413,390
2021-04-14,53.918,54.028,53.657,53.737,256.82500056922436,390
2021-04-15,54.137,54.248,53.987,54.198,152.72500090301037,390
2021-04-16,54.328,54.417,54.088,54.328,165.87500075250864,390
2021-04-19,54.228,54.327,53.957,54.128,211.65000052005053,390
2021-04-20,54.087,54.177,53.558,53.717,239.2010004967451,390
2021-04-21,53.458,54.047,53.327,54.047,220.85000085830688,390
2021-04-22,54.077,54.176,53.666,53.867,487.4250019788742,390
2021-04-23,54.367,54.677,54.326,54.606,168.10000074654818,390
2021-04-26,54.526,54.737,54.426,54.677,124.75000050663948,390
2021-04-27,54.676,54.827,54.576,54.677,188.02500102669,390
2021-04-28,54.927,55.316,54.746,55.066,279.52500101178885,390
2021-04-29,55.246,55.206,54.486,54.927,329.40000136196613,390
2021-04-30,54.266,54.347,53.847,53.987,419.35000122338533,390
2021-05-03,53.926,54.207,53.756,53.966,221.85000024735928,390
2021-05-04,53.567,53.647,52.977,53.387,401.4999997317791,390
2021-05-05,53.617,53.787,53.446,53.636,201.9260002374649,390
2021-05-06,53.886,54.146,53.726,54.147,348.5000015720725,390
2021-05-07,54.456,54.917,54.376,54.697,218.27500107884407,390
2021-05-10,54.457,54.366,53.646,53.707,295.22500145435333,390
2021-05-11,52.686,53.567,52.656,53.527,499.30000100284815,390
2021-05-12,52.666,52.876,52.007,52.097,507.20675053447485,390
2021-05-13,52.236,52.487,51.736,52.027,421.7382500246167,390
2021-05-14,52.597,53.017,52.476,53.017,154.29800087958574,390
2021-05-17,52.596,52.927,52.516,52.917,241.5570004582405,390
2021-05-18,53.576,53.867,53.506,53.627,210.23225037753582,390
2021-05-19,52.927,53.646,52.896,53.467,508.64075069129467,390
2021-05-20,53.516,53.857,53.516,53.777,177.55450117588043,390
2021-05-21,53.716,53.667,53.056,53.157,231.42025096714497,390
2021-05-24,53.387,53.697,53.276,53.587,129.61074985563755,390
2021-05-25,54.266,54.337,54.026,54.127,248.01475020719226,390
2021-05-26,54.307,54.547,54.287,54.507,121.81375088763889,390
2021-05-27,54.546,54.647,54.396,54.556,161.43400058150291,390
2021-05-28,54.647,54.987,54.636,54.917,117.71150038391352,390
2021-06-01,56.137,56.117,55.806,55.997,181.15775068849325,390
2021-06-02,55.917,56.116,55.766,56.087,113.23650041222572,390
2021-06-03,55.497,55.637,55.336,55.467,238.6550010368228,390
2021-06-04,55.866,56.017,55.797,56.007,80.70325011236127,390
2021-06-07,55.687,55.726,55.457,55.707,115.12975093722343,390
2021-06-08,55.487,55.496,55.246,55.417,128.66375079005957,390
2021-06-09,55.366,55.517,55.226,55.266,120.9372503682971,390
2021-06-10,55.236,55.537,55.186,55.467,158.3462499625748,390
2021-06-11,55.346,55.336,55.106,55.277,117.37525010330137,390
2021-06-14,55.327,55.546,55.266,55.457,87.36400049179792,390
2021-06-15,55.297,55.237,54.936,55.046,103.97525039315224,390
2021-06-16,54.946,55.077,54.086,54.316,327.7185016721487,390
2021-06-17,54.537,54.797,54.446,54.656,221.5112503618002,390
2021-06-18,54.367,54.416,54.116,54.207,295.69524957984686,390
2021-06-21,54.167,54.447,53.917,54.447,164.24325037002563,390
2021-06-22,53.986,54.247,53.847,54.196,135.76850030571222,390
2021-06-23,54.587,54.887,54.507,54.547,120.67000062018633,390
2021-06-24,54.857,55.077,54.806,55.066,83.7990004569292,390
2021-06-25,55.507,55.586,55.286,55.507,109.95875053107738,390
2021-06-28,55.476,55.606,55.396,55.567,94.17850085347891,390
2021-06-29,55.147,55.517,55.036,55.517,83.64600056107156,390
2021-06-30,55.107,55.277,55.036,55.167,114.17075039446354,390
2021-07-01,55.167,55.237,54.557,54.826,191.54400067031384,390
2021-07-02,54.607,54.776,54.446,54.776,122.21475057303905,390
2021-07-06,54.097,54.186,53.616,53.817,159.8260010406375,390
2021-07-07,54.117,54.116,53.546,53.766,234.913500726223,390
2021-07-08,52.587,52.827,52.456,52.657,269.2142504528165,390
2021-07-09,53.216,53.557,53.087,53.546,71.4710001796484,390
2021-07-12,53.367,53.617,53.266,53.617,106.81850112974644,390
2021-07-13,53.686,53.977,53.637,53.666,183.04275108128786,390
2021-07-14,54.127,54.176,53.766,53.906,167.95100101828575,390
2021-07-15,54.087,54.267,53.876,54.036,219.71025077998638,390
2021-07-16,54.067,54.097,53.477,53.577,164.14975062012672,390
2021-07-19,52.736,52.756,52.406,52.707,346.52575083076954,390
2021-07-20,52.436,52.967,52.316,52.856,171.43075091391802,390
2021-07-21,52.567,53.197,52.526,53.197,139.1097504645586,390
2021-07-22,53.346,53.357,53.066,53.307,146.63350021839142,390
2021-07-23,52.687,52.617,52.226,52.517,159.9762500524521,390
2021-07-26,51.397,51.736,51.306,51.526,167.63150012493134,390
2021-07-27,50.396,50.546,49.826,50.467,386.00750118494034,390
2021-07-28,51.066,51.907,50.947,51.857,462.5340006798506,390
2021-07-29,52.247,52.207,51.886,52.117,172.33850052952766,390
2021-07-30,51.447,51.837,51.426,51.617,190.42875085026026,390
2021-08-02,52.036,52.237,51.906,51.977,218.4967506378889,390
2021-08-03,51.896,52.207,51.676,52.207,194.15050046890974,390
2021-08-04,52.577,52.777,52.337,52.487,166.19375083595514,390
2021-08-05,52.386,52.547,52.326,52.367,114.71825071424246,390
2021-08-06,52.186,52.127,51.786,51.917,128.2395008802414,390
2021-08-09,52.156,52.287,52.046,52.107,92.48500045388937,390
2021-08-10,52.337,52.336,52.096,52.197,104.94575077295303,390
2021-08-11,52.496,52.447,52.076,52.316,142.21500009298325,390
2021-08-12,51.867,51.867,51.646,51.846,101.98200011474546,390
2021-08-13,51.626,51.707,51.386,51.707,109.26050032151397,390
2021-08-16,51.286,51.287,51.036,51.276,88.97225058823824,390
2021-08-17,50.316,50.597,50.106,50.337,224.90550080686808,390
2021-08-18,50.676,50.877,50.367,50.407,288.33450112491846,390
2021-08-19,49.396,49.717,49.356,49.567,354.13400139659643,390
2021-08-20,49.127,49.566,49.106,49.497,195.3245004415512,390
2021-08-23,49.957,50.307,49.846,50.247,152.65500089526176,390
2021-08-24,51.006,51.447,50.997,51.397,145.81050069851335,390
2021-08-25,51.316,51.487,51.196,51.466,133.04775048792362,390
2021-08-26,51.116,51.177,50.906,50.947,192.6952511742711,390
2021-08-27,51.247,51.576,51.096,51.577,185.78800076246262,390
2021-08-30,51.656,51.757,51.426,51.676,103.3957501873374,390
2021-08-31,52.466,52.507,52.326,52.456,176.59525053424295,390
2021-09-01,52.716,53.266,52.716,53.097,158.23725093901157,390
2021-09-02,53.006,53.107,52.756,52.836,150.77600083500147,390
2021-09-03,52.947,53.177,52.916,53.126,156.12500070035458,390
2021-09-07,53.287,53.567,53.246,53.447,107.16750056296587,390
2021-09-08,53.106,53.047,52.526,52.647,224.91700027883053,390
2021-09-09,52.377,52.627,52.286,52.546,204.11100097966846,390
2021-09-10,52.946,52.987,52.476,52.496,199.2640010714531,390
2021-09-13,52.556,52.757,52.347,52.637,226.23000077158213,390
2021-09-14,52.487,52.486,52.086,52.196,130.6267505660653,390
2021-09-15,52.006,52.167,51.786,52.157,153.19625089759938,390
2021-09-16,51.427,51.616,51.246,51.566,151.33875066041946,390
2021-09-17,51.617,51.647,51.256,51.386,204.88675070554018,390
2021-09-20,50.136,50.387,49.566,50.017,359.67950104922056,390
2021-09-21,50.347,50.477,50.136,50.367,318.60875134915113,390
2021-09-22,50.817,51.307,50.816,51.016,471.67750062793493,390
2021-09-23,51.217,51.427,51.116,51.396,195.39225056022406,390
2021-09-24,50.847,50.937,50.716,50.757,136.75775063037872,390
2021-09-27,50.816,51.206,50.656,51.116,175.76750154793262,390
2021-09-28,50.856,50.907,50.277,50.466,311.7587509698933,390
2021-09-29,50.307,50.427,49.957,49.986,249.68900023400784,390
2021-09-30,50.546,50.717,50.266,50.386,347.6405004411936,390
2021-10-01,50.356,50.477,49.876,50.326,322.9460010379553,390
2021-10-04,49.906,49.916,49.267,49.577,312.38025167770684,390
2021-10-05,49.716,50.117,49.666,49.947,174.84675017744303,390
2021-10-06,49.186,49.696,49.106,49.676,380.042249917984,390
2021-10-07,50.366,50.856,50.317,50.647,144.31000078690704,390
2021-10-08,50.747,50.897,50.626,50.827,187.17150104045868,390
2021-10-11,51.067,51.217,50.696,50.717,182.18200087547302,390
2021-10-12,50.737,50.796,50.417,50.467,238.94700133800507,390
2021-10-13,50.927,51.237,50.777,51.166,207.5592506378889,390
2021-10-14,51.416,51.427,51.126,51.316,146.72900073230267,390
2021-10-15,51.617,52.016,51.517,51.947,126.08450044691563,390
2021-10-18,51.607,51.946,51.566,51.827,123.86550080776215,390
2021-10-19,52.206,52.537,52.116,52.517,141.1757504492998,390
2021-10-20,52.617,52.596,52.366,52.507,134.93800081312656,390
2021-10-21,52.077,52.207,51.976,52.146,113.2670006029075,390
2021-10-22,52.196,52.406,51.836,52.027,285.08175031095743,390
2021-10-25,52.277,52.376,52.007,52.327,140.78500091284513,390
2021-10-26,52.426,52.487,51.946,52.016,156.93650102836546,390
2021-10-27,51.727,51.937,51.556,51.606,190.15300093591213,390
2021-10-28,51.377,51.657,51.246,51.657,141.669250279665,390
2021-10-29,50.976,51.057,50.646,50.907,160.50850092840847,390
2021-11-01,50.877,51.316,50.846,51.327,154.96375100314617,390
2021-11-02,50.937,50.967,50.776,50.846,93.11850073933601,390
2021-11-03,50.787,51.166,50.606,51.116,273.0592502579093,390
2021-11-04,51.196,51.207,50.797,50.997,99.93875050544739,390
2021-11-05,51.157,51.077,50.736,50.937,179.24475071800407,390
2021-11-08,51.276,51.436,51.217,51.396,101.36025047302246,390
2021-11-09,51.396,51.566,51.086,51.196,233.02950074523687,390
2021-11-10,51.296,51.507,50.856,51.007,266.1680003106594,390
2021-11-11,51.637,51.977,51.637,51.867,145.26850091665983,390
2021-11-12,51.836,52.047,51.766,52.006,129.8587506338954,390
2021-11-15,52.117,52.107,51.786,51.827,127.63400039076805,390
2021-11-16,51.907,51.987,51.706,51.886,118.3907506391406,390
2021-11-17,51.956,51.867,51.476,51.616,124.81950016319752,390
2021-11-18,51.117,51.117,50.746,50.966,159.10700099170208,390
2021-11-19,51.057,51.217,50.886,50.906,179.96175076812506,390
2021-11-22,50.826,50.966,50.496,50.527,147.07150054723024,390
2021-11-23,50.506,50.696,50.237,50.466,240.65450140833855,390
2021-11-24,50.126,50.386,50.016,50.377,227.19600070267916,390
2021-11-26,49.046,49.066,48.506,48.847,180.62225046753883,390
2021-11-29,49.207,49.136,48.716,48.896,207.13000036776066,390
2021-11-30,48.886,49.147,48.347,48.857,400.65575017780066,390
2021-12-01,49.606,49.956,48.976,49.046,420.180500023067,390
2021-12-02,49.597,49.946,49.346,49.626,434.77325166761875,390
2021-12-03,49.546,49.617,48.696,48.927,520.29725086689,390
2021-12-06,48.866,49.307,48.666,49.297,3.017000027000904,390
2021-12-07,49.907,50.096,49.866,50.087,166.97900116443634,390
2021-12-08,50.087,50.406,49.967,50.287,165.23575088381767,390
2021-12-09,50.117,50.277,49.966,50.056,174.432751044631,390
2021-12-10,50.016,50.117,49.896,50.087,220.63725123554468,390
2021-12-13,48.976,48.967,48.466,48.577,218.37525142729282,390
2021-12-14,48.297,48.596,48.266,48.476,226.32250136882067,390
2021-12-15,48.156,48.367,47.646,48.337,365.95100148767233,390
2021-12-16,48.707,48.887,48.296,48.416,296.9537512511015,390
2021-12-17,48.026,48.326,47.926,48.156,288.3827497959137,390
2021-12-20,47.476,47.466,47.136,47.427,211.05100137740374,390
2021-12-21,47.817,48.236,47.777,48.247,159.71475065499544,390
2021-12-22,48.097,48.476,47.987,48.476,144.78975093364716,390
2021-12-23,48.526,48.796,48.396,48.736,98.42325001955032,390
2021-12-27,48.726,48.997,48.726,48.937,102.74750071763992,390
2021-12-28,48.957,48.976,48.756,48.787,136.63300067931414,390
2021-12-29,48.687,48.686,48.326,48.547,123.00425063073635,390
2021-12-30,48.497,49.207,48.497,49.087,132.51475071383175,390
2022-01-03,49.077,49.246,48.776,49.196,187.76475036144257,390
2022-01-04,49.247,49.237,48.926,49.026,181.762250803411,390
2022-01-05,48.796,49.117,48.216,48.236,237.24175082147121,390
2022-01-06,48.347,48.657,48.146,48.456,332.3870013728738,390
2022-01-07,48.687,48.966,48.497,48.896,236.21600084751844,390
2022-01-10,48.927,49.017,48.556,48.917,303.32625069469213,390
2022-01-11,49.297,50.027,49.156,50.027,304.45900022238493,390
2022-01-12,50.626,50.877,50.456,50.837,216.30625095963478,390
2022-01-13,50.626,50.657,50.086,50.117,250.67325054109097,390
2022-01-14,49.977,50.167,49.816,50.116,302.97275058180094,390
2022-01-18,49.186,49.466,49.146,49.246,298.440500177443,390
2022-01-19,49.587,49.687,49.376,49.447,337.91099970042706,390
2022-01-20,50.256,50.516,49.666,49.747,292.1465011462569,390
2022-01-21,49.606,49.656,48.946,49.016,442.9522500708699,390
2022-01-24,48.216,48.257,47.187,48.257,740.4632991403341,390
2022-01-25,48.007,48.457,47.716,48.226,594.8424004837871,390
2022-01-26,48.476,48.526,47.496,47.687,563.9715009406209,390
2022-01-27,47.596,47.647,47.046,47.106,654.5312997624278,390
2022-01-28,47.156,47.306,46.656,47.297,472.251901358366,390
2022-01-31,47.876,48.887,47.826,48.857,335.94810002297163,390
2022-02-01,49.016,49.107,48.586,49.107,400.8488997966051,390
2022-02-02,49.327,49.266,48.726,49.067,363.9752993583679,390
2022-02-03,48.446,48.746,48.366,48.546,384.6593996733427,390
2022-02-04,48.306,48.867,48.216,48.666,413.1938994079828,390
2022-02-07,48.437,48.827,48.406,48.596,307.5497994897887,390
2022-02-08,48.476,49.017,48.456,49.027,269.3028013408184,390
2022-02-09,49.436,49.816,49.377,49.816,181.243800088414,390
2022-02-10,49.376,50.097,49.376,49.497,504.5627982020378,390
2022-02-11,49.477,49.686,48.636,48.747,703.487099185586,390
2022-02-14,48.507,48.607,48.106,48.407,624.1664983183146,390
2022-02-15,49.007,49.446,48.976,49.436,268.8039000481367,390
2022-02-16,49.357,49.977,49.326,49.787,353.28150087594986,390
2022-02-17,49.546,49.636,49.106,49.216,310.34610033780336,390
2022-02-18,49.027,49.037,48.616,48.716,508.23809879273176,390
2022-02-22,48.006,48.347,47.706,48.027,617.8365017026663,390
2022-02-23,48.237,48.207,47.376,47.477,437.46719916909933,390
2022-02-24,45.017,46.507,44.996,46.507,1085.1041988804936,390
2022-02-25,46.676,47.366,46.446,47.387,508.9355994015932,390
2022-02-28,46.246,46.837,46.166,46.777,578.5013994798064,390
2022-03-01,46.487,46.766,45.827,46.137,784.5671984404325,390
2022-03-02,46.146,46.376,45.697,46.207,572.7902990058064,390
2022-03-03,45.986,46.036,45.446,45.546,448.28640047460794,390
2022-03-04,44.627,44.886,44.366,44.466,415.05539847910404,390
2022-03-07,43.836,43.967,42.906,42.976,603.0842975080013,390
2022-03-08,43.156,43.607,42.726,43.136,883.1175004839897,390
2022-03-09,43.746,44.406,43.596,44.317,412.89480013400316,390
2022-03-10,43.606,43.677,43.196,43.487,456.18090050667524,390
2022-03-11,43.727,43.756,42.556,42.577,377.61419922858477,390
2022-03-14,42.056,42.336,41.416,41.557,541.4240987598896,390
2022-03-15,40.947,41.647,40.796,41.596,554.7455989941955,390
2022-03-16,43.517,45.017,43.317,44.997,1168.359597504139,390
2022-03-17,44.557,44.767,44.146,44.716,566.4261008277535,390
2022-03-18,44.337,45.436,44.226,45.377,548.4360002279282,390
2022-03-21,44.686,44.807,44.306,44.676,603.7985996603966,390
2022-03-22,45.267,45.607,45.236,45.476,306.4493997171521,390
2022-03-23,44.996,45.656,44.906,45.197,443.11919932067394,390
2022-03-24,45.186,45.436,45.036,45.417,395.5005007684231,390
2022-03-25,44.997,45.047,44.737,45.037,359.56259843707085,390
2022-03-28,45.077,45.207,44.806,45.206,274.0847998984391,390
2022-03-29,45.966,46.066,45.726,45.977,335.6103005632758,390
2022-03-30,45.887,46.217,45.736,45.837,205.52099968167022,390
2022-03-31,45.627,45.606,45.136,45.187,240.1397988528479,390
2022-04-01,46.007,46.126,45.607,45.886,290.9484001994133,390
2022-04-04,46.496,46.757,46.326,46.697,219.83340022712946,390
2022-04-05,46.507,46.457,45.756,45.856,369.2727003470063,390
2022-04-06,45.536,45.586,45.016,45.277,591.1740000247955,390
2022-04-07,44.986,45.087,44.656,44.907,385.66349909454584,390
2022-04-08,45.007,45.147,44.866,44.926,252.10679920762777,390
2022-04-11,44.527,44.697,44.347,44.387,300.74040101468563,390
2022-04-12,44.717,44.747,44.186,44.247,361.01999973505735,390
2022-04-13,44.467,44.867,44.436,44.817,239.75310053676367,390
2022-04-14,44.556,44.566,44.196,44.216,229.12170033156872,390
2022-04-18,43.987,44.267,43.846,44.077,233.97330057621002,390
2022-04-19,43.607,43.867,43.426,43.876,172.49220006377436,390
2022-04-20,43.907,43.836,43.506,43.607,216.4845001772046,390
2022-04-21,43.596,43.657,42.666,42.767,284.90880037099123,390
2022-04-22,42.836,43.097,42.366,42.377,352.83299946039915,390
2022-04-25,41.666,42.107,41.576,42.087,530.74049834162,390
2022-04-26,41.786,41.827,41.156,41.187,312.870899133035,390
2022-04-27,41.447,41.866,41.396,41.667,568.1345992088318,390
2022-04-28,41.976,42.277,41.536,42.207,391.61519902944565,390
2022-04-29,43.026,43.206,42.336,42.407,431.53109960258007,390
2022-05-02,42.227,42.457,41.806,42.327,749.9442008510232,390
2022-05-03,42.587,42.677,42.426,42.637,478.91729986667633,390
2022-05-04,42.187,43.147,41.927,43.087,754.3740032985806,390
2022-05-05,42.187,42.256,41.106,41.497,651.7457985803485,390
2022-05-06,41.096,41.217,40.676,40.927,793.3319975733757,390
2022-05-09,40.186,40.366,39.716,39.777,619.6778985783458,390
2022-05-10,40.346,40.376,39.586,39.947,783.2954987585545,390
2022-05-11,40.207,40.467,39.626,39.677,975.0611990466714,390
2022-05-12,39.237,39.736,38.936,39.407,1029.5096979290247,390
2022-05-13,39.827,40.477,39.816,40.486,332.1252000108361,390
2022-05-16,40.166,40.487,40.096,40.317,432.10170014202595,390
2022-05-17,41.387,41.447,40.976,41.316,444.2502003312111,390
2022-05-18,41.026,41.187,40.267,40.336,383.66129990667105,390
2022-05-19,40.476,41.127,40.476,40.986,874.4060998633504,390
2022-05-20,41.396,41.487,40.576,41.147,731.6267975643277,390
2022-05-23,41.377,41.557,41.176,41.467,486.5054998844862,390
2022-05-24,40.807,40.797,40.346,40.697,538.6214997842908,390
2022-05-25,40.616,41.017,40.537,40.927,707.8730973303318,390
2022-05-26,40.847,41.657,40.847,41.577,328.37999967485666,390
2022-05-27,41.846,42.046,41.716,42.027,248.10000009089708,390
2022-05-31,43.096,43.097,42.646,42.676,420.14999920129776,390
2022-06-01,42.896,42.937,42.146,42.357,460.52999863773584,390
2022-06-02,42.496,43.077,42.386,43.077,340.70999915897846,390
2022-06-03,42.647,42.647,42.266,42.347,362.60999999940395,390
2022-06-06,43.117,43.206,42.486,42.597,358.4699998125434,390
2022-06-07,42.326,42.756,42.257,42.756,251.70000034570694,390
2022-06-08,42.927,43.106,42.776,42.937,348.8099994510412,390
2022-06-09,42.216,42.286,41.557,41.596,498.4499985277653,390
2022-06-10,41.497,41.527,41.016,41.147,513.3299989029765,390
2022-06-13,40.046,40.276,39.517,39.697,857.4312001466751,390
2022-06-14,40.076,40.396,39.986,40.257,654.4511984586716,390
2022-06-15,40.356,41.017,40.146,40.787,1378.3211984336376,390
2022-06-16,39.547,39.707,39.246,39.526,662.3399980217218,390
2022-06-17,39.947,40.017,39.406,39.687,732.089999653399,390
2022-06-21,40.226,40.456,40.176,40.326,263.04000025987625,390
2022-06-22,39.476,39.837,39.406,39.597,417.2099981531501,390
2022-06-23,39.696,39.897,39.346,39.726,559.4700006991625,390
2022-06-24,40.157,40.666,40.086,40.666,287.3399997726083,390
2022-06-27,40.896,40.927,40.626,40.687,326.6700002774596,390
2022-06-28,41.007,41.157,40.406,40.457,418.74000176787376,390
2022-06-29,40.347,40.427,40.146,40.297,452.63999953120947,390
2022-06-30,39.737,40.166,39.496,40.117,528.6600010097027,390
2022-07-01,39.606,39.827,39.366,39.806,599.5499998778105,390
2022-07-05,39.016,39.527,38.856,39.527,500.70000041276217,390
2022-07-06,39.247,39.396,38.956,39.286,586.2312001138926,390
2022-07-07,39.836,40.247,39.826,40.117,189.15000028908253,390
2022-07-08,39.946,40.237,39.806,40.066,402.5100010111928,390
2022-07-11,39.167,39.206,38.856,39.007,306.06000201404095,390
2022-07-12,38.846,39.047,38.676,38.857,363.7200008481741,390
2022-07-13,38.296,38.977,38.296,38.777,590.3399991989136,390
2022-07-14,38.356,38.487,38.046,38.447,389.7000003606081,390
2022-07-15,38.436,38.647,38.116,38.647,332.8799981698394,390
2022-07-18,39.237,39.407,38.836,38.907,215.58000022172928,390
2022-07-19,39.347,39.567,39.256,39.537,234.18000003695488,390
2022-07-20,39.376,39.487,39.186,39.367,294.0900004133582,390
2022-07-21,39.487,39.827,39.426,39.827,311.8799998611212,390
2022-07-22,39.726,39.777,39.236,39.407,311.09999983012676,390
2022-07-25,39.477,39.587,39.376,39.567,228.3300007134676,390
2022-07-26,39.566,39.647,39.176,39.257,198.18000062555075,390
2022-07-27,39.556,40.067,39.397,39.976,423.2400017976761,390
2022-07-28,40.027,40.186,39.576,40.146,303.02999956160784,390
2022-07-29,39.617,39.956,39.436,39.957,298.44000009447336,390
2022-08-01,39.546,39.887,39.296,39.617,379.83000104129314,390
2022-08-02,39.257,39.836,39.167,39.407,496.7999995276332,390
2022-08-03,39.476,39.797,39.326,39.747,287.6700000986457,390
2022-08-04,39.986,40.117,39.856,40.016,364.38000136613846,390
2022-08-05,39.767,40.097,39.736,40.036,235.71000064909458,390
2022-08-08,40.117,40.337,40.016,40.107,229.35000091046095,390
2022-08-09,40.127,40.177,39.876,39.957,207.68999925255775,390
2022-08-10,40.226,40.487,40.066,40.457,202.17000020295382,390
2022-08-11,40.777,41.176,40.536,40.627,225.42000006139278,390
2022-08-12,40.607,41.046,40.596,41.056,191.60999907553196,390
2022-08-15,40.686,40.927,40.646,40.836,133.9799998179078,390
2022-08-16,40.757,40.946,40.716,40.857,178.73999997228384,390
2022-08-17,40.636,40.866,40.547,40.677,312.8700004890561,390
2022-08-18,40.527,40.496,40.257,40.427,178.14000026136637,390
2022-08-19,40.066,40.107,39.776,39.886,200.81999944150448,390
2022-08-22,39.576,39.687,39.506,39.566,187.58999995142221,390
2022-08-23,39.577,39.897,39.506,39.756,286.26000065356493,390
2022-08-24,39.447,39.967,39.406,39.756,206.6099994778633,390
2022-08-25,40.167,40.607,40.087,40.607,372.08999881893396,390
2022-08-26,40.907,40.926,39.966,39.997,680.5799992457032,390
2022-08-29,39.817,40.056,39.736,39.766,309.8699994906783,390
2022-08-30,39.886,39.886,39.136,39.287,437.54999981820583,390
2022-08-31,39.666,39.817,39.397,39.427,448.0499994382262,390
2022-09-01,39.046,39.107,38.706,39.117,468.39000081270933,390
2022-09-02,39.037,39.206,38.666,38.726,392.3712010085583,390
2022-09-06,38.606,38.656,38.266,38.316,376.8600004836917,390
2022-09-07,38.106,38.637,38.076,38.616,231.87000100314617,390
2022-09-08,38.217,38.457,38.116,38.446,425.5800010114908,390
2022-09-09,38.756,39.076,38.756,39.006,184.6199999153614,390
2022-09-12,39.366,39.627,39.266,39.586,161.05229970812798,390
2022-09-13,38.796,38.947,38.286,38.356,305.91749981755856,390
2022-09-14,38.587,38.657,38.386,38.576,366.57000022381544,390
2022-09-15,38.246,38.496,38.066,38.147,229.44419993460178,390
2022-09-16,37.777,37.897,37.597,37.786,334.7399999126792,390
2022-09-19,37.466,37.926,37.457,37.916,244.74000103026628,390
2022-09-20,37.717,37.856,37.556,37.707,284.6999998167157,390
2022-09-21,37.467,37.687,37.006,37.087,1014.6299973279238,390
2022-09-22,37.046,37.136,36.806,36.927,342.90000070631504,390
2022-09-23,36.207,36.236,35.796,35.986,356.84999918937683,390
2022-09-26,35.756,35.947,35.467,35.557,421.799999974668,390
2022-09-27,35.766,36.006,35.336,35.497,473.8500000834465,390
2022-09-28,35.257,35.877,35.177,35.807,422.4000009968877,390
2022-09-29,35.167,35.157,34.716,35.027,458.0699989423156,390
2022-09-30,34.907,35.237,34.846,34.906,432.6000006571412,390
2022-10-03,35.106,35.526,34.946,35.437,316.43520095944405,390
2022-10-04,36.197,36.706,36.166,36.617,251.73000124841928,390
2022-10-05,36.506,36.737,36.246,36.617,309.63000094145536,390
2022-10-06,36.496,36.697,36.366,36.407,333.4499995112419,390
2022-10-07,36.067,36.086,35.577,35.646,332.10000129044056,390
2022-10-10,35.407,35.376,35.016,35.137,312.1866000443697,390
2022-10-11,34.746,34.996,34.466,34.596,424.49999929219484,390
2022-10-12,34.617,34.777,34.496,34.626,439.10999954491854,390
2022-10-13,33.736,34.897,33.666,34.756,891.7799998372793,390
2022-10-14,34.936,34.947,34.177,34.207,631.0200004056096,390
2022-10-17,34.906,35.257,34.906,35.137,216.68999986350536,390
2022-10-18,35.137,35.147,34.886,35.146,185.49000088125467,390
2022-10-19,34.607,34.797,34.386,34.497,312.9600005596876,390
2022-10-20,34.756,35.277,34.696,34.747,322.3500001206994,390
2022-10-21,34.657,35.287,34.516,35.297,650.40119959414,390
2022-10-24,33.967,33.947,33.477,33.916,525.9900004565716,390
2022-10-25,33.966,34.256,33.936,34.217,234.32999946922064,390
2022-10-26,34.297,35.066,34.296,34.787,400.17000095546246,390
2022-10-27,34.517,34.846,34.447,34.507,370.4999995082617,390
2022-10-28,34.006,34.307,33.946,34.317,283.8000003248453,390
2022-10-31,33.907,34.256,33.907,34.206,231.80999904870987,390
2022-11-01,35.086,35.106,34.686,34.826,473.6100015863776,390
2022-11-02,34.886,35.287,34.496,34.537,1149.0900054723024,390
2022-11-03,34.297,34.827,34.266,34.736,380.31119979172945,390
2022-11-04,36.026,36.196,35.666,36.196,558.4199995473027,390
2022-11-07,36.416,36.457,36.086,36.207,293.42999928444624,390
2022-11-08,36.277,36.656,36.147,36.497,263.82000117748976,390
2022-11-09,36.197,36.346,35.796,35.837,338.3111999183893,390
2022-11-10,36.807,37.166,36.666,37.167,430.1400009393692,390
2022-11-11,37.857,38.197,37.766,38.137,420.96000027656555,390
2022-11-14,37.937,38.186,37.776,37.927,264.29999942332506,390
2022-11-15,39.117,39.096,38.526,38.807,615.5711995214224,390
2022-11-16,38.467,38.487,38.117,38.157,252.8700000718236,390
2022-11-17,37.486,38.277,37.477,38.257,307.7399999201298,390
2022-11-18,38.126,38.087,37.836,38.017,271.4400005415082,390
2022-11-21,37.526,37.597,37.346,37.536,212.0700006261468,390
2022-11-22,37.446,37.627,37.376,37.627,208.08000034838915,390
2022-11-23,37.676,37.957,37.676,37.937,236.73000006377697,390
2022-11-25,37.846,37.867,37.726,37.766,114.74999965727329,390
2022-11-28,37.586,37.987,37.586,37.606,217.44479990005493,390
2022-11-29,38.387,38.557,38.306,38.416,193.35000003129244,390
2022-11-30,39.226,39.667,38.976,39.537,469.91999976336956,390
2022-12-01,39.626,39.657,39.246,39.397,299.10000012815,390
2022-12-02,39.016,39.647,38.996,39.547,353.21999917179346,390
2022-12-05,39.516,39.536,38.976,39.087,295.5900004655123,390
2022-12-06,39.236,39.257,38.936,39.037,283.34999930113554,390
2022-12-07,38.747,38.937,38.676,38.827,414.4199997857213,390
2022-12-08,39.186,39.376,39.057,39.257,282.23999973386526,390
2022-12-09,39.336,39.396,39.016,39.027,311.2199997231364,390
2022-12-12,38.877,38.886,38.556,38.887,183.41999972611666,390
2022-12-13,39.096,39.186,38.496,38.597,544.351200774312,390
2022-12-14,38.576,38.776,38.196,38.636,812.9999972879887,390
2022-12-15,38.307,38.417,37.676,37.736,352.2900003939867,390
2022-12-16,37.897,38.037,37.766,37.827,306.930000141263,390
2022-12-19,38.076,38.077,37.786,37.867,176.03999979794025,390
2022-12-20,37.717,37.987,37.677,37.837,197.8512004390359,390
2022-12-21,37.786,38.177,37.706,38.176,171.26999930292368,390
2022-12-22,38.067,38.086,37.566,37.846,213.84000077098608,390
2022-12-23,37.777,37.886,37.606,37.796,271.5299998149276,390
2022-12-27,38.126,38.537,38.066,38.367,223.56000137329102,390
2022-12-28,38.226,38.276,37.767,37.776,220.92000026255846,390
2022-12-29,38.217,38.477,38.176,38.436,131.78999992460012,390
2022-12-30,38.147,38.286,37.756,37.857,220.98000025004148,390
2023-01-03,38.327,38.617,38.096,38.207,297.0900011882186,390
2023-01-04,38.897,39.387,38.666,39.376,476.5500000268221,390
2023-01-05,38.976,39.317,38.966,39.237,256.43999960273504,390
2023-01-06,39.496,40.076,39.246,40.067,249.26999939978123,390
2023-01-09,40.556,40.657,40.336,40.357,212.28000079840422,390
2023-01-10,40.467,40.657,40.276,40.647,227.69999962300062,390
2023-01-11,40.576,40.826,40.516,40.817,142.37999971956015,390
2023-01-12,40.886,41.097,40.486,41.037,373.2300007343292,390
2023-01-13,40.967,41.317,40.966,41.316,209.1000003889203,390
2023-01-17,41.006,41.096,40.897,41.067,155.10000082850456,390
2023-01-18,41.426,41.447,40.766,40.787,266.81999991089106,390
2023-01-19,40.946,41.237,40.936,41.117,206.88000021129847,390
2023-01-20,41.396,41.706,41.246,41.717,189.30000031739473,390
2023-01-23,41.776,42.216,41.746,42.047,231.11999993026257,390
2023-01-24,41.856,42.077,41.807,42.067,260.7600001171231,390
2023-01-25,41.837,42.077,41.596,42.087,266.48999981582165,390
2023-01-26,42.437,42.497,42.206,42.497,261.6299993619323,390
2023-01-27,42.347,42.357,42.086,42.287,154.8900000602007,390
2023-01-30,41.607,41.716,41.416,41.437,208.44000001251698,390
2023-01-31,41.076,41.346,41.006,41.347,145.7400003373623,390
2023-02-01,41.536,42.006,41.256,41.867,615.2099988982081,390
2023-02-02,41.847,41.877,41.406,41.597,302.75999964028597,390
2023-02-03,41.097,41.367,40.776,40.866,437.64000084996223,390
2023-02-06,40.136,40.346,39.996,40.297,239.43000093847513,390
2023-02-07,40.326,40.557,40.046,40.457,619.9200023412704,390
2023-02-08,40.526,40.587,40.216,40.386,242.0400004759431,390
2023-02-09,40.947,40.977,40.436,40.596,312.8700003400445,390
2023-02-10,40.326,40.347,40.046,40.187,250.5299999639392,390
2023-02-13,40.327,40.587,40.226,40.537,201.72000032663345,390
2023-02-14,40.217,40.616,40.096,40.427,468.45000153779984,390
2023-02-15,39.837,40.097,39.766,40.097,229.22999962419271,390
2023-02-16,39.916,40.286,39.796,40.107,303.7500011026859,390
2023-02-17,39.656,39.756,39.517,39.716,222.48000004142523,390
2023-02-21,39.387,39.597,39.166,39.177,275.36999882012606,390
2023-02-22,39.056,39.177,38.866,38.997,306.03000067174435,390
2023-02-23,39.476,39.516,38.926,39.166,269.1300015002489,390
2023-02-24,38.286,38.476,38.137,38.306,243.9899991005659,390
2023-02-27,38.526,38.587,38.417,38.477,161.6099999397993,390
2023-02-28,38.347,38.497,38.186,38.237,177.14999993145466,390
2023-03-01,39.166,39.196,38.966,39.056,221.99999929964542,390
2023-03-02,38.866,39.277,38.796,39.207,187.3199998214841,390
2023-03-03,39.306,39.567,39.256,39.537,169.1399995610118,390
2023-03-06,39.497,39.667,39.376,39.397,104.91000026464462,390
2023-03-07,39.216,39.236,38.707,38.737,346.67999847233295,390
2023-03-08,38.746,38.956,38.736,38.886,205.3200008496642,390
2023-03-09,38.506,38.557,37.957,38.017,215.3100004196167,390
2023-03-10,37.997,38.226,37.796,37.847,540.4199994280934,390
2023-03-13,37.737,38.146,37.646,37.907,687.570000603795,390
2023-03-14,37.837,37.997,37.716,37.936,264.3299997150898,390
2023-03-15,37.076,37.267,36.896,37.247,467.49000062048435,390
2023-03-16,37.187,37.837,37.146,37.836,314.5800004899502,390
2023-03-17,37.816,37.846,37.476,37.597,250.53000134974718,390
2023-03-20,37.516,37.806,37.426,37.717,246.33000034838915,390
2023-03-21,38.037,38.167,37.886,38.077,125.76000045239925,390
2023-03-22,38.367,38.786,38.216,38.256,407.69999991357327,390
2023-03-23,38.967,39.197,38.566,38.767,277.35000012815,390
2023-03-24,38.446,38.666,38.386,38.656,340.6800005212426,390
2023-03-27,38.386,38.476,38.256,38.456,157.67999912053347,390
2023-03-28,38.797,38.977,38.756,38.976,174.3900010213256,390
2023-03-29,38.996,39.167,38.897,39.107,123.0900004580617,390
2023-03-30,39.466,39.586,39.337,39.517,144.54000009596348,390
2023-03-31,39.486,39.606,39.316,39.457,122.79000017791986,390
2023-04-03,39.417,39.556,39.317,39.537,134.00999968498945,390
2023-04-04,39.466,39.547,39.336,39.537,200.97000020742416,390
2023-04-05,39.447,39.467,39.076,39.227,148.40999994426966,390
2023-04-06,39.116,39.456,39.027,39.376,158.94000048190355,390
2023-04-10,39.266,39.427,39.196,39.426,90.86999990046024,390
2023-04-11,39.756,39.826,39.646,39.677,98.18160026380792,390
2023-04-12,39.786,39.796,39.307,39.367,211.29000067710876,390
2023-04-13,39.836,39.987,39.797,39.946,105.24000076949596,390
2023-04-14,39.736,39.907,39.526,39.697,186.63000006973743,390
2023-04-17,39.887,39.936,39.716,39.886,111.54000007361174,390
2023-04-18,39.946,39.987,39.736,39.837,133.8600004017353,390
2023-04-19,39.377,39.477,39.296,39.417,98.85000046342611,390
2023-04-20,39.377,39.597,39.256,39.366,94.28999956697226,390
2023-04-21,39.027,39.036,38.786,38.997,106.17000008374453,390
2023-04-24,38.896,38.956,38.786,38.907,79.17000056803226,390
2023-04-25,38.386,38.406,38.126,38.167,96.72000029683113,390
2023-04-26,38.647,38.667,38.376,38.407,122.49000022560358,390
2023-04-27,38.617,38.966,38.576,38.926,101.91000043600798,390
2023-04-28,38.936,39.146,38.916,39.137,140.3699997663498,390
2023-05-01,38.946,39.256,38.946,38.996,99.74999941140413,390
2023-05-02,38.836,38.807,38.467,38.607,146.3899999782443,390
2023-05-03,38.657,38.797,38.526,38.556,302.1899994984269,390
2023-05-04,38.877,38.987,38.776,38.867,192.57999938726425,390
2023-05-05,39.036,39.407,38.986,39.377,102.2299994751811,390
2023-05-08,39.526,39.496,39.326,39.386,82.8099999576807,390
2023-05-09,39.017,39.186,38.966,39.146,114.18999951332808,390
2023-05-10,39.126,39.237,38.926,39.167,237.09999930858612,390
2023-05-11,38.797,39.007,38.696,38.976,127.76999958604574,390
2023-05-12,38.736,38.727,38.466,38.546,105.17999967932701,390
2023-05-15,38.966,39.297,38.836,39.257,89.25000021606684,390
2023-05-16,38.977,39.127,38.956,38.996,138.90000022947788,390
2023-05-17,38.966,39.197,38.896,39.167,90.66000026464462,390
2023-05-18,38.996,38.977,38.776,38.956,178.86000116169453,390
2023-05-19,39.027,39.067,38.886,38.987,140.91000007092953,390
2023-05-22,39.256,39.446,39.256,39.277,86.91000014543533,390
2023-05-23,38.936,39.037,38.667,38.697,101.60999973863363,390
2023-05-24,38.636,38.657,38.376,38.397,121.46999981999397,390
2023-05-25,38.497,38.477,38.246,38.327,134.43000004440546,390
2023-05-26,38.657,39.056,38.656,39.007,114.33000009506941,390
2023-05-30,38.897,38.887,38.436,38.557,128.37000001221895,390
2023-05-31,38.237,38.217,37.896,38.207,108.03000009804964,390
2023-06-01,38.227,38.867,38.216,38.867,123.68999979645014,390
2023-06-02,39.497,39.627,39.476,39.567,133.32000005990267,390
2023-06-05,39.417,39.537,39.346,39.526,151.10999980568886,390
2023-06-06,39.437,39.917,39.406,39.867,127.5300003066659,390
2023-06-07,39.557,39.747,39.336,39.397,177.11999998241663,390
2023-06-08,39.417,39.697,39.417,39.666,110.87999977916479,390
2023-06-09,39.817,40.036,39.816,39.857,145.68000092357397,390
2023-06-12,39.877,39.977,39.816,39.946,102.09000027924776,390
2023-06-13,40.346,40.456,40.217,40.327,130.170000128448,390
2023-06-14,40.347,40.716,40.326,40.656,247.37999964505434,390
2023-06-15,40.837,41.027,40.756,41.027,119.81999992579222,390
2023-06-16,41.076,41.026,40.767,40.827,180.54000088572502,390
2023-06-20,40.276,40.327,39.946,40.047,159.9699994623661,390
2023-06-21,39.857,39.947,39.736,39.887,160.14999926835299,390
2023-06-22,39.637,39.787,39.577,39.737,125.86999889463186,390
2023-06-23,39.216,39.207,39.046,39.176,102.93999975174665,390
2023-06-26,39.316,39.467,39.256,39.297,103.12999991327524,390
2023-06-27,39.616,39.707,39.516,39.706,160.57120011746883,390
2023-06-28,39.376,39.496,39.286,39.467,137.31999924778938,390
2023-06-29,39.147,39.267,39.136,39.257,127.51999972015619,390
2023-06-30,39.547,39.706,39.456,39.567,113.3999994918704,390
2023-07-03,40.016,40.187,39.946,39.997,67.83999989181757,390
2023-07-05,39.827,39.837,39.686,39.756,73.73999953269958,390
2023-07-06,39.157,39.197,38.796,38.957,107.75999993085861,390
2023-07-07,39.067,39.586,39.066,39.406,134.87999963015318,390
2023-07-10,39.137,39.427,39.127,39.407,112.19999975711107,390
2023-07-11,39.657,39.826,39.486,39.817,115.11999969929457,390
2023-07-12,40.427,40.717,40.406,40.707,94.92999958246946,390
2023-07-13,40.927,41.307,40.907,41.256,73.62999971210957,390
2023-07-14,41.127,41.137,40.976,41.007,117.18999972939491,390
2023-07-17,40.827,41.057,40.666,41.057,68.64999993890524,390
2023-07-18,40.817,40.897,40.636,40.747,123.08999936282635,390
2023-07-19,40.807,40.966,40.626,40.676,104.88000013679266,390
2023-07-20,40.487,40.586,40.306,40.367,104.9999995753169,390
2023-07-21,40.466,40.517,40.286,40.327,68.92119970917702,390
2023-07-24,40.446,41.006,40.407,40.867,127.74999927729368,390
2023-07-25,41.367,41.377,41.176,41.206,63.789999678730965,390
2023-07-26,41.016,41.556,40.996,41.456,185.78999822586775,390
2023-07-27,41.476,41.457,40.886,40.946,188.82120029628277,390
2023-07-28,41.726,41.947,41.666,41.927,118.0999995097518,390
2023-07-31,41.766,41.987,41.716,41.946,145.06119921058416,390
2023-08-01,41.596,41.627,41.367,41.416,122.33119989931583,390
2023-08-02,40.736,40.686,40.326,40.426,103.96119964122772,390
2023-08-03,40.467,40.717,40.436,40.586,195.08999955654144,390
2023-08-04,40.687,40.906,40.476,40.546,224.7011994421482,390
2023-08-07,40.646,40.607,40.306,40.476,137.219999499619,390
2023-08-08,39.867,39.986,39.666,39.977,151.42119997739792,390
2023-08-09,40.236,40.257,39.926,40.097,162.86119959503412,390
2023-08-10,40.367,40.666,40.076,40.156,349.4711998477578,390
2023-08-11,39.687,39.716,39.446,39.567,197.191200427711,390
2023-08-14,39.166,39.437,39.036,39.377,162.1912000477314,390
2023-08-15,39.166,39.117,38.867,38.927,194.21119963377714,390
2023-08-16,38.696,38.877,38.556,38.576,194.160000346601,390
2023-08-17,39.047,39.017,38.626,38.657,167.94119986146688,390
2023-08-18,38.246,38.466,38.196,38.397,175.75999956578016,390
2023-08-21,38.336,38.497,38.256,38.487,124.25000022351742,390
2023-08-22,38.627,38.627,38.346,38.406,142.5011993199587,390
2023-08-23,38.686,39.057,38.676,39.017,113.61119996011257,390
2023-08-24,39.146,39.197,38.857,38.876,178.0800001397729,390
2023-08-25,38.867,38.957,38.576,38.906,383.82279951125383,390
2023-08-28,39.197,39.316,39.106,39.297,155.4800000116229,390
2023-08-29,39.397,39.807,39.276,39.777,181.7211996242404,390
2023-08-30,39.566,39.747,39.536,39.637,139.38120011985302,390
2023-08-31,39.356,39.366,39.106,39.167,122.71119945496321,390
2023-09-01,39.697,39.806,39.536,39.627,254.6211996898055,390
2023-09-05,39.417,39.437,39.256,39.306,150.80120005458593,390
2023-09-06,39.207,39.407,39.026,39.087,141.03119979053736,390
2023-09-07,38.686,38.707,38.546,38.637,106.1699997857213,390
2023-09-08,38.736,38.806,38.636,38.717,95.59999976307154,390
2023-09-11,39.126,39.187,38.986,39.197,89.88000002503395,390
2023-09-12,38.897,39.177,38.886,39.077,82.74999989569187,390
2023-09-13,39.027,39.137,38.936,39.026,109.19240006804466,390
2023-09-14,39.227,39.367,39.126,39.276,125.24119994044304,390
2023-09-15,39.287,39.337,39.086,39.117,121.66120040416718,390
2023-09-18,38.996,39.097,38.886,39.077,101.15999967604876,390
2023-09-19,38.897,38.967,38.766,38.846,76.76120010763407,390
2023-09-20,38.946,39.096,38.686,38.697,173.77120008319616,390
2023-09-21,38.087,38.177,38.006,38.026,99.72999978810549,390
2023-09-22,38.637,38.697,38.436,38.476,107.26119937747717,390
2023-09-25,38.136,38.327,38.136,38.307,125.26999950408936,390
2023-09-26,37.917,38.017,37.726,37.756,119.99119979143143,390
2023-09-27,37.956,37.957,37.626,37.817,140.36999978125095,390
2023-09-28,37.636,37.947,37.576,37.907,179.38119941949844,390
2023-09-29,38.317,38.286,37.876,37.937,211.25120049715042,390
2023-10-02,37.877,37.916,37.656,37.756,232.20999980717897,390
2023-10-03,37.386,37.536,37.196,37.267,242.04419916123152,390
2023-10-04,37.176,37.236,37.016,37.137,155.06119934469461,390
2023-10-05,37.146,37.307,37.026,37.286,165.97119970619678,390
2023-10-06,37.266,37.906,37.216,37.827,200.05999975651503,390
2023-10-09,37.317,37.647,37.246,37.637,158.47999953478575,390
2023-10-10,37.886,38.236,37.856,38.197,129.51239977031946,390
2023-10-11,38.477,38.546,38.266,38.437,156.72999961674213,390
2023-10-12,38.506,38.496,37.896,37.997,164.77999887615442,390
2023-10-13,38.016,38.137,37.766,37.857,225.36600051820278,390
2023-10-16,37.866,38.207,37.806,38.137,140.2999998256564,390
2023-10-17,37.816,38.217,37.816,38.037,158.711200222373,390
2023-10-18,37.666,37.697,37.396,37.467,175.8099996894598,390
2023-10-19,37.346,37.526,37.216,37.246,296.4511990919709,390
2023-10-20,36.907,37.027,36.756,36.767,149.9699994623661,390
2023-10-23,36.506,36.887,36.366,36.757,136.00120010972023,390
2023-10-24,36.886,37.287,36.886,37.227,184.86999981850386,390
2023-10-25,36.847,36.987,36.696,36.737,172.4099994301796,390
2023-10-26,36.457,36.636,36.386,36.557,201.9000001102686,390
2023-10-27,36.876,36.937,36.466,36.517,154.52999980002642,390
2023-10-30,37.087,37.136,36.777,36.916,142.41119963675737,390
2023-10-31,36.597,36.707,36.406,36.697,152.01119965314865,390
2023-11-01,36.676,37.047,36.646,37.047,244.91000078618526,390
2023-11-02,37.586,37.707,37.467,37.677,94.52119982242584,390
2023-11-03,38.177,38.517,38.166,38.446,124.27999998629093,390
2023-11-06,38.946,38.976,38.716,38.776,94.15999956429005,390
2023-11-07,38.526,38.717,38.346,38.677,141.19000012427568,390
2023-11-08,38.477,38.607,38.347,38.437,151.9500000178814,390
2023-11-09,38.416,38.516,38.026,38.057,193.58480003476143,390
2023-11-10,38.067,38.327,38.006,38.336,117.94999949634075,390
2023-11-13,38.207,38.476,38.126,38.327,78.22999972850084,390
2023-11-14,38.906,39.407,38.897,39.347,117.89999920874834,390
2023-11-15,39.686,39.896,39.596,39.697,147.33240082114935,390
2023-11-16,39.227,39.477,39.137,39.296,165.4399991184473,390
2023-11-17,39.316,39.416,39.236,39.346,118.07239953428507,390
2023-11-20,39.526,39.907,39.517,39.867,82.68999944627285,390
2023-11-21,39.736,39.807,39.516,39.587,127.48000022768974,390
2023-11-22,39.537,39.617,39.376,39.497,134.82000018656254,390
2023-11-24,39.347,39.547,39.336,39.496,49.20120011270046,390
2023-11-27,39.367,39.407,39.266,39.376,91.30000004172325,390
2023-11-28,39.556,39.757,39.486,39.706,138.80000046640635,390
2023-11-29,39.506,39.707,39.436,39.477,110.15119983255863,390
2023-11-30,39.556,39.587,39.276,39.567,139.22120014578104,390
2023-12-01,39.287,39.717,39.196,39.716,214.55999985337257,390
2023-12-04,39.416,39.486,39.186,39.257,109.47999992966652,390
2023-12-05,38.917,39.077,38.827,39.037,166.4729997292161,390
2023-12-06,39.266,39.286,38.976,38.987,79.80999993532896,390
2023-12-07,39.116,39.186,38.986,39.177,89.00000000745058,390
2023-12-08,38.926,39.117,38.846,39.016,105.56000010669231,390
2023-12-11,38.996,39.237,38.946,39.227,65.16119988262653,390
2023-12-12,39.116,39.256,38.926,39.256,81.89999977499247,390
2023-12-13,39.007,39.647,38.826,39.647,163.43999940901995,390
2023-12-14,39.897,40.267,39.896,40.227,108.51999950408936,390
2023-12-15,40.166,40.257,39.976,39.987,102.40119981020689,390
2023-12-18,39.956,39.977,39.776,39.967,71.80999985337257,390
2023-12-19,40.117,40.347,40.106,40.306,58.593599720392376,390
2023-12-20,39.276,39.347,38.786,38.837,110.07999984920025,390
2023-12-21,39.367,39.577,39.306,39.587,156.60999987274408,390
2023-12-22,39.247,39.446,39.206,39.376,144.90999924391508,390
2023-12-26,39.686,39.757,39.566,39.687,99.91999956220388,390
2023-12-27,39.857,39.966,39.816,39.937,83.88120006769896,390
2023-12-28,40.277,40.427,40.216,40.236,72.22120010852814,390
2023-12-29,40.177,40.406,40.166,40.256,89.92999979108572,390
2024-01-02,39.827,39.937,39.646,39.727,185.24999949336052,390
2024-01-03,39.326,39.626,39.306,39.527,226.39239954203367,390
2024-01-04,39.386,39.577,39.376,39.406,143.1199996471405,390
2024-01-05,39.447,39.677,39.367,39.437,235.3799997791648,390
2024-01-08,39.166,39.556,39.126,39.556,130.9299998804927,390
2024-01-09,38.977,39.057,38.906,38.967,105.62999968975782,390
2024-01-10,38.927,38.947,38.806,38.907,88.9299999922514,390
2024-01-11,39.096,39.146,38.776,39.067,255.96000043302774,390
2024-01-12,39.356,39.476,39.166,39.206,157.069999858737,390
2024-01-16,38.497,38.497,38.186,38.237,149.781199850142,390
2024-01-17,37.496,37.687,37.476,37.686,115.7400001809001,390
2024-01-18,37.966,38.006,37.826,37.997,150.42999957501888,390
2024-01-19,38.066,38.407,37.936,38.387,204.52999928593636,390
2024-01-22,37.936,38.127,37.906,38.047,122.62999999523163,390
2024-01-23,38.196,38.407,38.186,38.387,146.87999976426363,390
2024-01-24,39.067,39.066,38.766,38.816,159.81000059098005,390
2024-01-25,38.977,39.007,38.726,38.847,156.10120011121035,390
2024-01-26,38.807,38.987,38.776,38.887,121.819999627769,390
2024-01-29,38.987,38.967,38.696,38.916,83.28999994695187,390
2024-01-30,38.477,38.597,38.396,38.597,98.2399994879961,390
2024-01-31,38.447,38.697,38.256,38.387,420.52120015770197,390
2024-02-01,38.616,38.757,38.526,38.736,172.2599997445941,390
2024-02-02,38.586,38.676,38.446,38.636,165.95000027865171,390
2024-02-05,38.537,38.787,38.486,38.707,169.6299993097782,390
2024-02-06,39.297,39.586,39.217,39.576,135.75999960303307,390
2024-02-07,39.496,39.666,39.456,39.606,180.10000005364418,390
2024-02-08,39.456,39.487,39.287,39.396,122.43000020831823,390
2024-02-09,39.477,39.627,39.246,39.567,109.0399999320507,390
2024-02-12,39.637,40.087,39.626,39.897,143.45999901741743,390
2024-02-13,39.377,39.516,38.946,39.126,190.5899996459484,390
2024-02-14,39.597,39.726,39.526,39.716,139.96000001579523,390
2024-02-15,39.727,39.887,39.706,39.897,121.60999983549118,390
2024-02-16,40.047,40.196,39.986,40.066,152.14999970793724,390
2024-02-20,40.236,40.307,40.036,40.157,129.36999954283237,390
2024-02-21,40.207,40.307,40.076,40.217,149.4899997934699,390
2024-02-22,40.567,40.646,40.426,40.617,143.84000001102686,390
2024-02-23,40.587,40.647,40.446,40.607,112.19000001996756,390
2024-02-26,40.376,40.466,40.346,40.407,86.0999995842576,390
2024-02-27,40.526,40.547,40.446,40.487,88.13999964296818,390
2024-02-28,40.116,40.117,39.886,39.947,72.13999991118908,390
2024-02-29,40.166,40.167,39.926,39.987,91.43000000715256,390
2024-03-01,40.277,40.537,40.186,40.487,116.28000008314848,390
2024-03-04,40.527,40.507,40.327,40.386,74.0111997872591,390
2024-03-05,40.187,40.276,39.956,40.027,109.0799996778369,390
2024-03-06,40.627,40.757,40.546,40.607,164.90999974310398,390
2024-03-07,40.666,40.876,40.586,40.866,87.45999992638826,390
2024-03-08,40.986,41.107,40.756,40.816,191.1999997869134,390
2024-03-11,40.896,41.037,40.856,40.917,108.45999998599291,390
2024-03-12,41.236,41.367,41.066,41.367,110.20999977737665,390
2024-03-13,41.187,41.297,41.146,41.217,117.70999956130981,390
2024-03-14,41.247,41.277,40.906,41.017,106.49999965727329,390
2024-03-15,40.827,40.906,40.706,40.756,88.79999976605177,390
2024-03-18,41.017,41.026,40.786,40.827,65.45000003278255,390
2024-03-19,40.557,40.696,40.416,40.626,64.65119977295399,390
2024-03-20,40.707,41.106,40.656,41.096,198.81999959796667,390
2024-03-21,41.377,41.376,41.116,41.136,67.34999944269657,390
2024-03-22,40.886,40.937,40.786,40.846,50.32999986410141,390
2024-03-25,40.796,40.937,40.796,40.887,34.95999985933304,390
2024-03-26,40.996,40.967,40.836,40.847,34.07999959588051,390
2024-03-27,40.826,40.917,40.737,40.917,35.219999849796295,390
2024-03-28,41.017,41.177,41.016,41.077,50.67999952286482,390
2024-04-01,41.246,41.447,41.057,41.157,70.99999967217445,390
2024-04-02,41.286,41.417,41.236,41.267,49.21999999880791,390
2024-04-03,41.087,41.396,41.037,41.297,85.01999995857477,390
2024-04-04,41.716,41.777,41.126,41.157,105.79999998956919,390
2024-04-05,41.106,41.326,41.016,41.237,114.35999938845634,390
2024-04-08,41.477,41.586,41.446,41.507,65.87119990587234,390
2024-04-09,41.786,41.856,41.596,41.797,97.99999970197678,390
2024-04-10,41.276,41.326,41.056,41.206,228.80119919031858,390
2024-04-11,41.506,41.537,41.216,41.486,117.45999985188246,390
2024-04-12,40.876,40.887,40.437,40.526,119.34999983012676,390
2024-04-15,40.766,40.727,40.196,40.276,138.04999992251396,390
2024-04-16,39.716,39.897,39.616,39.746,220.65999980270863,390
2024-04-17,39.936,39.956,39.586,39.706,164.10999989509583,390
2024-04-18,39.906,40.087,39.776,39.876,180.48119977861643,390
2024-04-19,39.707,39.786,39.576,39.706,199.96119994670153,390
2024-04-22,39.796,40.196,39.747,40.146,96.32999976724386,390
2024-04-23,40.166,40.496,40.147,40.477,116.03120037168264,390
2024-04-24,40.707,40.727,40.476,40.616,104.61999952793121,390
2024-04-25,40.257,40.736,40.216,40.697,132.84000008553267,390
2024-04-26,41.067,41.167,41.016,41.157,78.14999970793724,390
2024-04-29,41.366,41.567,41.316,41.557,64.07999940216541,390
2024-04-30,41.187,41.296,40.986,40.997,121.0699992775917,390
2024-05-01,41.037,41.447,40.966,41.037,503.44999937713146,390
2024-05-02,41.566,42.167,41.446,42.096,146.02119977027178,390
2024-05-03,42.347,42.476,42.166,42.476,197.7300003170967,390
2024-05-06,42.456,42.526,42.396,42.516,55.67999963462353,390
2024-05-07,42.287,42.367,42.217,42.267,48.21119965612888,390
2024-05-08,41.997,42.277,41.996,42.257,59.17999981343746,390
2024-05-09,42.247,42.407,42.156,42.406,59.72999984025955,390
2024-05-10,42.686,42.706,42.446,42.497,74.969999730587,390
2024-05-13,42.797,42.946,42.756,42.826,61.47999960184097,390
2024-05-14,42.846,43.057,42.836,43.056,107.35999901592731,390
2024-05-15,43.347,43.487,43.146,43.487,99.84999980777502,390
2024-05-16,43.537,43.686,43.436,43.587,102.86999972164631,390
2024-05-17,43.626,43.856,43.536,43.797,93.28999968618155,390
2024-05-20,43.516,43.697,43.486,43.636,75.79999972879887,390
2024-05-21,43.356,43.427,43.236,43.337,66.24999968707561,390
2024-05-22,43.386,43.416,43.126,43.227,145.6999999731779,390
2024-05-23,43.436,43.436,42.816,42.896,221.93240071833134,390
2024-05-24,42.957,43.107,42.927,42.996,105.7199994623661,390
2024-05-28,43.147,43.216,42.866,42.967,117.84479992091656,390
2024-05-29,42.347,42.377,42.236,42.307,99.65039952844381,390
2024-05-30,42.026,42.297,42.007,42.207,114.71919987350702,390
2024-05-31,41.787,41.796,41.446,41.797,129.49719973653555,390
2024-06-03,42.357,42.416,42.036,42.247,159.0570003837347,390
2024-06-04,41.556,41.696,41.406,41.637,138.06469938904047,390
2024-06-05,42.046,42.327,41.967,42.327,130.5215998068452,390
2024-06-06,42.497,42.547,42.366,42.527,97.99519985169172,390
2024-06-07,42.356,42.407,41.996,42.057,146.8807997405529,390
2024-06-10,42.096,42.357,41.996,42.296,81.79090052098036,390
2024-06-11,41.787,41.846,41.606,41.847,92.32550011575222,390
2024-06-12,42.406,42.517,42.186,42.267,324.5195002055261,390
2024-06-13,42.316,42.376,42.016,42.186,181.12580029666424,390
2024-06-14,42.086,42.246,42.016,42.246,170.10549967736006,390
2024-06-17,42.326,42.557,42.226,42.507,86.67219930887222,390
2024-06-18,42.597,42.956,42.596,42.887,97.78099947422743,390
2024-06-20,43.067,43.047,42.656,42.827,103.37179972231388,390
2024-06-21,42.726,42.796,42.637,42.656,121.6567003428936,390
2024-06-24,42.737,42.977,42.656,42.677,115.71679955720901,390
2024-06-25,42.586,42.586,42.456,42.556,95.10679944604635,390
2024-06-26,42.467,42.536,42.377,42.477,88.4593997746706,390
2024-06-27,42.697,42.657,42.466,42.497,92.15019977092743,390
2024-06-28,42.766,42.797,42.506,42.596,147.86999961733818,390
2024-07-01,42.856,42.897,42.616,42.687,135.6338000074029,390
2024-07-02,42.536,42.827,42.506,42.816,135.18459980934858,390
2024-07-03,43.096,43.457,43.096,43.436,95.123300306499,390
2024-07-05,43.606,43.637,43.306,43.627,143.0530996620655,390
2024-07-08,43.737,43.786,43.606,43.647,89.33990035951138,390
2024-07-09,43.727,43.857,43.666,43.826,142.2468017935753,390
2024-07-10,43.966,44.066,43.886,44.067,95.44320093095303,390
2024-07-11,44.536,44.567,44.206,44.327,184.20470098406076,390
2024-07-12,44.457,44.627,44.446,44.497,120.08670081198215,390
2024-07-15,44.246,44.277,43.986,44.037,140.29450108110905,390
2024-07-16,44.057,44.287,44.007,44.277,107.67560119181871,390
2024-07-17,43.727,43.806,43.536,43.576,138.90290116518736,390
2024-07-18,43.636,43.647,43.077,43.157,187.86650113761425,390
2024-07-19,43.007,43.047,42.736,42.757,129.81430136412382,390
2024-07-22,43.016,43.126,42.896,43.097,108.29990065097809,390
2024-07-23,42.767,42.836,42.656,42.696,97.07470133900642,390
2024-07-24,42.516,42.557,42.076,42.097,149.94760113209486,390
2024-07-25,41.916,42.226,41.767,41.937,227.61050064116716,390
2024-07-26,42.276,42.446,42.176,42.377,199.67370139062405,390
2024-07-29,42.306,42.306,42.066,42.207,177.90380096435547,390
2024-07-30,42.236,42.246,41.877,42.027,182.22330111265182,390
2024-07-31,42.937,43.076,42.816,42.957,186.21270133554935,390
2024-08-01,42.787,42.867,42.076,42.217,256.2692013159394,390
2024-08-02,41.517,41.656,41.357,41.607,275.4591014832258,390
2024-08-05,39.397,40.677,39.386,40.407,491.5717000886798,390
2024-08-06,40.277,40.937,40.186,40.637,318.5350003018975,390
2024-08-07,41.557,41.577,40.867,40.916,255.12760051339865,390
2024-08-08,41.466,41.847,41.306,41.847,265.4511005654931,390
2024-08-09,41.917,42.117,41.756,42.046,181.79710048437119,390
2024-08-12,42.157,42.347,42.076,42.217,199.31160083413124,390
2024-08-13,42.306,42.666,42.276,42.657,78.1840004324913,390
2024-08-14,42.587,42.607,42.267,42.447,135.1290009841323,390
2024-08-15,42.637,42.986,42.636,42.907,97.79120127111673,390
2024-08-16,43.147,43.417,43.146,43.406,62.95760101824999,390
2024-08-19,43.626,43.896,43.557,43.836,82.47290083020926,390
2024-08-20,43.687,43.687,43.376,43.467,98.46150095760822,390
2024-08-21,43.507,43.737,43.496,43.667,153.43770196998958,390
2024-08-22,43.527,43.536,43.056,43.126,163.9407013654709,390
2024-08-23,43.547,43.907,43.436,43.847,236.98350053245667,390
2024-08-26,43.616,43.646,43.406,43.477,101.39120141416788,390
2024-08-27,43.467,43.577,43.346,43.537,68.09090058505535,390
2024-08-28,43.416,43.427,43.096,43.246,106.80650134384632,390
2024-08-29,43.336,43.496,43.236,43.297,171.28270114958286,390
2024-08-30,43.497,43.507,43.166,43.387,113.2362011373043,390
2024-09-03,42.977,42.967,42.457,42.517,158.1797018572688,390
2024-09-04,42.396,42.736,42.396,42.507,201.40950018167496,390
2024-09-05,42.506,42.717,42.426,42.557,206.34850163012743,390
2024-09-06,42.527,42.567,41.736,41.787,317.07120056450367,390
2024-09-09,42.016,42.217,41.956,42.137,104.93350094556808,390
2024-09-10,42.036,42.037,41.686,41.987,135.95030070096254,390
2024-09-11,41.896,42.286,41.546,42.287,190.0223013535142,390
2024-09-12,42.367,42.626,42.246,42.626,169.87460083514452,390
2024-09-13,42.767,42.887,42.736,42.806,99.30560101568699,390
2024-09-16,42.986,42.977,42.776,42.966,119.06660106033087,390
2024-09-17,43.147,43.196,42.906,43.017,163.11340098828077,390
2024-09-18,43.107,43.417,42.796,42.866,468.75310361385345,390
2024-09-19,43.606,43.867,43.367,43.797,105.60710080713034,390
2024-09-20,43.797,43.826,43.537,43.697,97.90530100464821,390
2024-09-23,43.916,44.156,43.876,44.026,75.77920090407133,390
2024-09-24,45.146,45.616,44.987,45.566,138.70890101790428,390
2024-09-25,45.247,45.347,45.016,45.037,139.98910054564476,390
2024-09-26,46.727,46.837,46.287,46.707,242.1791000291705,390
2024-09-27,46.666,46.937,46.516,46.606,252.3260000422597,390
2024-09-30,46.337,46.356,45.736,45.857,337.1755001321435,390
2024-10-01,46.086,46.197,45.587,46.176,522.9627014100552,390
2024-10-02,47.097,47.107,46.726,47.107,391.9214013591409,390
2024-10-03,46.246,46.697,46.196,46.527,466.4835005030036,390
2024-10-04,46.877,46.977,46.666,46.977,284.7836014404893,390
2024-10-07,47.297,47.417,47.016,47.366,277.5494009330869,390
2024-10-08,46.136,46.257,45.776,46.197,299.91710145771503,390
2024-10-09,45.556,46.046,45.516,45.916,257.9341007992625,390
2024-10-10,46.017,46.116,45.626,46.037,321.48600018024445,390
2024-10-11,45.736,46.366,45.686,46.357,220.79270169883966,390
2024-10-14,45.987,46.407,45.886,46.157,457.6155002042651,390
2024-10-15,45.747,45.757,45.077,45.156,314.4809008538723,390
2024-10-16,45.506,45.687,45.446,45.536,139.3819008213468,390
2024-10-17,45.387,45.546,45.246,45.456,189.5191008411348,390
2024-10-18,46.167,46.167,45.866,45.906,121.17500113905407,390
2024-10-21,45.516,45.686,45.336,45.606,116.64440109580755,390
2024-10-22,45.377,45.577,45.346,45.507,144.57140112668276,390
2024-10-23,45.326,45.457,45.046,45.237,178.70800087600946,390
2024-10-24,45.167,45.227,44.936,45.146,112.18280091881752,390
2024-10-25,45.306,45.436,45.046,45.137,179.50530096888542,390
2024-10-28,45.217,45.407,45.156,45.307,140.21000085026026,390
2024-10-29,45.277,45.317,45.136,45.177,152.42780039459467,390
2024-10-30,44.706,44.917,44.636,44.727,144.68190138041973,390
2024-10-31,44.586,44.527,44.186,44.476,195.92810083925724,390
2024-11-01,44.746,44.877,44.476,44.517,236.69480024278164,390
2024-11-04,44.927,45.057,44.716,44.726,146.89360071718693,390
2024-11-05,45.226,45.397,45.177,45.357,120.89270102977753,390
2024-11-06,44.516,44.917,44.336,44.777,181.3163004592061,390
2024-11-07,45.547,45.896,45.527,45.797,180.5314012914896,390
2024-11-08,44.996,45.047,44.456,44.647,131.26930094510317,390
2024-11-11,44.477,44.457,44.166,44.297,101.7458994910121,390
2024-11-12,43.687,43.717,43.326,43.487,154.9924997240305,390
2024-11-13,43.506,43.506,43.116,43.196,138.16949971439317,390
2024-11-14,43.117,43.197,42.936,42.967,194.32509922981262,390
2024-11-15,43.067,43.097,42.846,42.947,177.2589994892478,390
2024-11-18,43.167,43.446,43.156,43.437,111.36139951646328,390
2024-11-19,43.287,43.507,43.257,43.407,122.52299915999174,390
2024-11-20,43.347,43.366,43.116,43.367,138.28259947150946,390
2024-11-21,43.196,43.297,43.066,43.256,176.64909943193197,390
2024-11-22,43.136,43.267,43.096,43.276,137.9958999529481,390
2024-11-25,43.467,43.457,43.176,43.347,102.09939988702536,390
2024-11-26,43.306,43.296,43.066,43.126,98.11399972438812,390
2024-11-27,43.367,43.427,43.016,43.186,105.5405001193285,390
2024-11-29,42.816,43.277,42.786,43.266,69.72609981894493,390
2024-12-02,43.306,43.477,43.206,43.427,122.52949983626604,390
2024-12-03,43.247,43.537,43.086,43.537,122.2702004685998,390
2024-12-04,43.636,43.687,43.486,43.617,103.73219934850931,390
2024-12-05,43.826,43.956,43.817,43.917,55.344299644231796,390
2024-12-06,44.037,44.027,43.786,43.837,91.4404999986291,390
2024-12-09,44.787,45.086,44.716,44.756,144.78749963641167,390
2024-12-10,44.276,44.297,43.996,44.007,99.17689991707448,390
2024-12-11,44.156,44.226,43.977,44.196,89.92410003393888,390
2024-12-12,44.046,44.187,43.926,43.976,163.9659000635147,390
2024-12-13,44.076,44.087,43.876,44.026,111.79870011657476,390
2024-12-16,43.826,43.937,43.776,43.796,64.8368998169899,390
2024-12-17,42.707,42.997,42.686,42.946,108.24859973043203,390
2024-12-18,42.897,42.987,41.876,41.956,222.71570001507644,390
2024-12-19,42.367,42.367,42.096,42.127,132.08260048925877,390
2024-12-20,41.946,42.476,41.916,42.286,156.90619999170303,390
2024-12-23,42.257,42.536,42.197,42.516,143.95740000903606,390
2024-12-24,42.507,42.656,42.446,42.606,79.89259991049767,390
2024-12-26,42.346,42.556,42.336,42.467,88.44969959557056,390
2024-12-27,42.217,42.307,42.106,42.297,172.82479973882437,390
2024-12-30,42.016,42.077,41.836,41.947,207.31089990586042,390
2024-12-31,41.926,42.017,41.777,41.846,175.85270000994205,390
