2017.01.26,00:00,86.200,86.940,86.050,86.940,39
2017.01.27,00:00,86.510,86.950,86.260,86.940,41
2017.01.30,00:00,86.060,86.370,85.320,86.070,58
2017.01.31,00:00,85.610,86.120,84.090,84.660,61
2017.02.01,00:00,85.490,86.060,84.680,84.920,58
2017.02.02,00:00,84.300,84.840,84.120,84.598,55
2017.02.03,00:00,86.066,87.280,85.860,87.160,69
2017.02.06,00:00,86.756,87.430,86.600,86.790,73
2017.02.07,00:00,87.167,87.370,86.480,86.750,74
2017.02.08,00:00,86.027,86.208,85.370,85.960,66
2017.02.09,00:00,86.418,87.320,86.130,87.200,70
2017.02.10,00:00,87.375,87.450,86.890,87.020,62
2017.02.13,00:00,87.457,88.720,87.425,88.140,60
2017.02.14,00:00,88.165,89.670,88.100,89.530,77
2017.02.15,00:00,89.995,90.850,89.350,90.618,70
2017.02.16,00:00,90.067,91.010,89.760,90.530,88
2017.02.17,00:00,89.788,90.450,89.688,90.190,63
2017.02.21,00:00,90.516,91.140,90.445,91.050,65
2017.02.22,00:00,90.427,91.265,90.416,91.050,66
2017.02.23,00:00,91.129,91.326,90.520,91.120,74
2017.02.24,00:00,90.037,90.480,89.730,90.330,59
2017.02.27,00:00,90.199,90.700,90.020,90.460,55
2017.02.28,00:00,89.795,90.790,89.587,90.730,67
2017.03.01,00:00,92.796,93.970,92.700,93.699,80
2017.03.02,00:00,93.759,93.859,92.030,92.166,73
2017.03.03,00:00,92.076,93.080,92.076,92.800,77
2017.03.06,00:00,92.245,92.245,91.100,91.950,47
2017.03.07,00:00,91.617,92.060,91.220,91.410,58
2017.03.08,00:00,92.458,92.810,91.130,91.280,82
2017.03.09,00:00,91.445,92.120,91.150,91.560,75
2017.03.10,00:00,91.919,91.919,90.530,91.310,75
2017.03.13,00:00,91.260,91.731,90.927,91.420,97
2017.03.14,00:00,90.871,91.630,90.757,91.590,151
2017.03.15,00:00,91.816,92.520,91.130,91.730,91
2017.03.16,00:00,92.006,92.800,91.570,91.640,54
2017.03.17,00:00,91.760,91.960,90.650,90.710,49
2017.03.20,00:00,90.200,91.150,89.780,90.140,76
2017.03.21,00:00,90.300,90.610,87.050,87.390,129
2017.03.22,00:00,86.520,88.060,86.010,87.540,111
2017.03.23,00:00,87.240,88.460,87.100,87.470,108
2017.03.24,00:00,87.780,88.070,86.780,87.360,103
2017.03.27,00:00,85.250,87.386,85.220,87.306,103
2017.03.28,00:00,86.976,88.998,86.976,88.708,111
2017.03.29,00:00,88.586,88.748,88.076,88.248,82
2017.03.30,00:00,88.210,89.416,88.106,89.110,72
2017.03.31,00:00,88.556,88.708,87.748,87.916,52
2017.04.03,00:00,88.009,88.048,86.596,87.617,130
2017.04.04,00:00,86.755,87.658,86.706,87.330,109
2017.04.05,00:00,88.354,88.436,86.129,86.209,149
2017.04.06,00:00,85.974,86.876,85.246,86.590,149
2017.04.07,00:00,85.916,86.759,85.702,86.228,126
2017.04.10,00:00,86.008,86.668,85.391,85.900,122
2017.04.11,00:00,85.374,85.758,84.796,85.740,192
2017.04.12,00:00,85.922,85.922,85.021,85.467,157
2017.04.13,00:00,85.447,86.926,84.381,84.539,190
2017.04.17,00:00,84.392,86.060,84.366,85.875,138
2017.04.18,00:00,85.293,85.619,84.738,85.258,159
2017.04.19,00:00,85.439,85.905,84.357,84.509,134
2017.04.20,00:00,85.005,85.758,84.547,85.610,141
2017.04.21,00:00,85.452,85.647,84.501,84.557,135
2017.04.24,00:00,86.477,88.018,86.408,87.589,134
2017.04.25,00:00,88.547,89.098,88.262,88.390,142
2017.04.26,00:00,88.294,89.029,88.137,88.477,155
2017.04.27,00:00,88.283,88.316,87.006,87.736,131
2017.04.28,00:00,87.414,87.819,86.946,87.006,122
2017.05.01,00:00,87.143,87.728,86.548,87.198,123
2017.05.02,00:00,86.653,86.746,86.017,86.549,105
2017.05.03,00:00,86.006,87.080,86.006,87.077,121
2017.05.04,00:00,87.542,87.598,86.567,87.098,135
2017.05.05,00:00,87.136,87.259,86.416,86.978,107
2017.05.08,00:00,86.796,87.289,86.636,87.065,91
2017.05.09,00:00,87.255,87.808,86.496,86.870,102
2017.05.10,00:00,86.426,87.468,86.424,87.450,107
2017.05.11,00:00,87.036,87.466,86.349,87.149,118
2017.05.12,00:00,86.642,86.989,86.326,86.907,104
2017.05.15,00:00,87.091,87.478,86.856,87.350,90
2017.05.16,00:00,87.333,88.070,87.331,87.629,98
2017.05.17,00:00,86.104,86.276,83.963,84.286,173
2017.05.18,00:00,84.004,84.776,83.357,84.098,174
2017.05.19,00:00,84.164,85.308,84.121,84.760,113
2017.05.22,00:00,85.203,85.203,84.209,84.706,74
2017.05.23,00:00,84.711,86.040,84.507,85.796,101
2017.05.24,00:00,85.804,85.816,85.236,85.740,91
2017.05.25,00:00,85.974,85.974,85.078,85.347,104
2017.05.26,00:00,85.093,85.549,85.008,85.360,94
2017.05.30,00:00,85.076,85.100,83.776,83.938,87
2017.05.31,00:00,83.712,83.712,81.636,82.238,129
2017.06.01,00:00,82.440,83.067,81.646,83.067,108
2017.06.02,00:00,82.203,82.970,81.977,82.560,115
2017.06.05,00:00,82.402,83.486,82.402,82.800,82
2017.06.06,00:00,82.285,83.176,82.146,82.977,104
2017.06.07,00:00,83.267,84.088,83.098,83.900,112
2017.06.08,00:00,83.833,85.718,83.833,85.032,122
2017.06.09,00:00,85.327,87.038,85.327,86.988,180
2017.06.12,00:00,87.242,87.577,86.278,86.999,141
2017.06.13,00:00,87.515,87.770,86.976,87.258,128
2017.06.14,00:00,86.734,87.283,85.807,87.128,126
2017.06.15,00:00,86.185,87.049,86.184,86.557,132
2017.06.16,00:00,86.735,86.828,86.013,86.178,106
2017.06.19,00:00,86.294,88.209,86.291,88.028,107
2017.06.20,00:00,87.663,87.890,87.361,87.549,73
2017.06.21,00:00,87.480,87.480,86.740,87.120,104
2017.06.22,00:00,86.840,87.320,86.650,87.040,91
2017.06.23,00:00,87.590,87.940,86.600,86.890,42
2017.06.26,00:00,87.000,87.640,86.600,87.290,97
2017.06.27,00:00,87.630,88.930,87.490,88.130,119
2017.06.28,00:00,88.590,90.040,88.590,89.840,67
2017.06.29,00:00,92.370,92.590,90.320,91.200,139
2017.06.30,00:00,91.840,91.990,91.160,91.570,67
2017.07.03,00:00,91.680,93.450,91.580,92.720,48
2017.07.05,00:00,93.120,93.770,92.600,93.730,83
2017.07.06,00:00,93.540,94.470,92.870,93.450,93
2017.07.07,00:00,93.890,94.100,93.220,93.860,72
2017.07.10,00:00,93.390,93.650,93.080,93.230,57
2017.07.11,00:00,93.170,93.170,92.270,92.830,76
2017.07.12,00:00,92.560,92.770,92.060,92.560,62
2017.07.13,00:00,92.690,93.360,92.330,93.350,52
2017.07.14,00:00,90.730,92.560,90.560,92.250,77
2017.07.17,00:00,91.770,91.940,91.250,91.380,49
2017.07.18,00:00,90.370,91.560,90.330,91.040,57
2017.07.19,00:00,91.310,91.580,90.990,91.220,46
2017.07.20,00:00,91.150,91.690,90.890,91.270,54
2017.07.21,00:00,91.100,91.260,90.510,90.880,44
2017.07.24,00:00,90.900,91.520,90.900,91.390,41
2017.07.25,00:00,92.450,93.500,92.260,92.820,55
2017.07.26,00:00,93.020,93.050,91.670,91.920,66
2017.07.27,00:00,91.790,91.960,91.160,91.540,103
2017.07.28,00:00,91.490,91.690,90.890,91.290,54
2017.07.31,00:00,91.490,92.350,91.450,91.850,48
2017.08.01,00:00,92.590,93.090,92.270,93.040,51
2017.08.02,00:00,92.700,93.160,92.500,93.080,51
2017.08.03,00:00,92.720,93.010,92.220,92.450,52
2017.08.04,00:00,93.520,94.380,93.460,93.680,65
2017.08.07,00:00,93.860,94.170,93.700,94.030,34
2017.08.08,00:00,93.860,95.180,93.590,93.840,100
2017.08.09,00:00,92.860,93.640,92.860,93.540,73
2017.08.10,00:00,92.850,92.980,92.050,92.190,104
2017.08.11,00:00,92.200,92.540,91.220,91.460,69
2017.08.14,00:00,92.300,92.870,92.290,92.490,53
2017.08.15,00:00,93.410,93.510,92.640,92.760,48
2017.08.16,00:00,93.110,93.130,91.870,92.090,64
2017.08.17,00:00,91.720,91.890,90.490,90.720,110
2017.08.18,00:00,90.280,91.510,90.170,90.770,96
2017.08.21,00:00,90.790,90.870,90.150,90.640,66
2017.08.22,00:00,91.080,91.690,91.030,91.580,43
2017.08.23,00:00,90.880,92.290,90.810,91.720,58
2017.08.24,00:00,91.890,92.080,91.400,91.580,60
2017.08.25,00:00,91.810,92.450,91.780,92.000,59
2017.08.28,00:00,92.060,92.060,91.120,91.590,49
2017.08.29,00:00,90.490,91.290,90.290,91.130,65
2017.08.30,00:00,91.160,91.860,91.160,91.310,54
2017.08.31,00:00,91.640,91.800,90.790,90.900,62
2017.09.01,00:00,91.150,92.320,90.950,91.760,54
2017.09.05,00:00,91.020,91.020,89.010,89.530,99
2017.09.06,00:00,89.940,90.500,89.630,90.140,63
2017.09.07,00:00,90.020,90.020,88.070,88.510,66
2017.09.08,00:00,88.290,89.370,88.230,88.500,64
2017.09.11,00:00,89.360,90.220,88.940,89.990,119
2017.09.12,00:00,89.770,91.230,89.770,90.860,127
2017.09.13,00:00,90.880,91.480,90.290,91.270,120
2017.09.14,00:00,91.250,91.450,90.730,91.020,100
2017.09.15,00:00,91.040,91.697,90.679,91.598,63
2017.09.18,00:00,91.848,93.118,91.848,92.918,78
2017.09.19,00:00,92.698,94.338,92.517,94.028,75
2017.09.20,00:00,93.997,95.238,93.697,94.548,132
2017.09.21,00:00,94.577,95.358,94.188,95.058,108
2017.09.22,00:00,94.558,94.947,94.408,94.888,83
2017.09.25,00:00,94.477,94.878,93.447,94.108,103
2017.09.26,00:00,93.698,94.007,93.337,93.718,87
2017.09.27,00:00,94.878,95.677,94.577,95.198,93
2017.09.28,00:00,95.437,95.827,94.907,95.357,84
2017.09.29,00:00,95.297,95.507,95.008,95.498,66
2017.10.02,00:00,95.787,96.848,95.467,96.828,79
2017.10.03,00:00,96.798,97.418,96.767,97.398,75
2017.10.04,00:00,97.167,97.407,96.277,96.348,59
2017.10.05,00:00,95.957,97.388,95.527,97.067,69
2017.10.06,00:00,97.438,97.598,96.467,96.918,58
2017.10.09,00:00,96.947,96.957,96.137,96.388,51
2017.10.10,00:00,96.198,97.167,96.198,97.167,59
2017.10.11,00:00,96.807,96.978,96.127,96.768,62
2017.10.12,00:00,97.308,97.337,95.617,95.987,78
2017.10.13,00:00,95.317,96.667,94.957,95.878,79
2017.10.16,00:00,96.317,97.937,96.317,97.868,58
2017.10.17,00:00,97.958,98.127,97.307,97.618,58
2017.10.18,00:00,98.078,98.488,97.618,97.978,58
2017.10.19,00:00,97.088,98.188,97.077,98.128,71
2017.10.20,00:00,99.088,99.878,98.717,99.498,73
2017.10.23,00:00,99.417,99.948,99.178,99.338,86
2017.10.24,00:00,99.838,101.178,99.757,100.918,102
2017.10.25,00:00,101.167,101.438,100.177,101.128,136
2017.10.26,00:00,101.418,102.408,101.317,101.788,103
2017.10.27,00:00,101.408,102.217,101.047,101.748,113
2017.10.30,00:00,101.040,101.900,100.860,101.470,98
2017.10.31,00:00,101.370,101.670,100.570,100.689,60
2017.11.01,00:00,100.900,101.680,100.710,100.910,90
2017.11.02,00:00,100.630,101.758,100.150,101.557,120
2017.11.03,00:00,101.097,101.498,100.727,101.398,93
2017.11.06,00:00,101.258,101.638,100.657,100.798,78
2017.11.07,00:00,100.468,100.717,98.247,98.738,104
2017.11.08,00:00,98.297,98.297,97.138,97.648,89
2017.11.09,00:00,97.037,98.168,96.797,97.628,152
2017.11.10,00:00,97.707,98.308,97.307,97.567,85
2017.11.13,00:00,96.658,98.038,96.638,97.868,74
2017.11.14,00:00,97.288,97.727,96.847,97.308,87
2017.11.15,00:00,96.247,98.708,95.947,98.538,103
2017.11.16,00:00,98.327,99.037,98.297,98.477,86
2017.11.17,00:00,97.748,98.397,97.417,98.168,82
2017.11.20,00:00,98.457,99.118,97.748,99.048,71
2017.11.21,00:00,99.408,99.508,98.907,99.068,67
2017.11.22,00:00,98.947,99.468,98.587,98.668,66
2017.11.24,00:00,98.738,98.838,98.257,98.308,31
2017.11.27,00:00,98.117,99.117,97.918,98.028,72
2017.11.28,00:00,97.857,101.658,97.857,101.368,113
2017.11.29,00:00,102.337,104.197,101.948,103.818,180
2017.11.30,00:00,104.697,106.647,104.038,104.698,188
2017.12.01,00:00,104.197,105.268,102.198,104.838,233
2017.12.04,00:00,107.507,108.357,106.758,107.148,187
2017.12.05,00:00,106.858,107.317,104.957,105.797,164
2017.12.06,00:00,105.347,105.708,104.517,105.037,135
2017.12.07,00:00,103.927,105.148,103.737,104.627,114
2017.12.08,00:00,105.048,105.918,104.327,105.918,98
2017.12.11,00:00,105.298,105.998,105.297,105.628,96
2017.12.12,00:00,105.747,107.327,105.528,106.888,113
2017.12.13,00:00,106.257,107.048,105.477,105.587,134
2017.12.14,00:00,106.078,106.388,104.637,104.788,128
2017.12.15,00:00,105.448,106.507,105.168,106.058,117
2017.12.18,00:00,106.738,107.568,106.487,107.028,107
2017.12.19,00:00,107.247,107.438,106.437,106.618,121
2017.12.20,00:00,107.358,107.688,106.087,106.258,117
2017.12.21,00:00,106.577,108.057,106.537,107.868,93
2017.12.22,00:00,107.998,108.438,106.797,107.498,92
2017.12.26,00:00,106.608,107.817,106.397,107.058,80
2017.12.27,00:00,106.518,107.278,106.518,107.278,78
2017.12.28,00:00,107.377,107.828,107.157,107.828,71
2017.12.29,00:00,107.997,108.157,107.067,107.368,89
2018.01.02,00:00,107.467,108.008,106.797,108.008,102
2018.01.03,00:00,107.597,108.468,107.467,108.117,98
2018.01.04,00:00,108.337,109.988,108.187,109.057,114
2018.01.05,00:00,109.127,109.508,107.767,108.358,99
2018.01.08,00:00,108.117,108.647,107.697,108.538,93
2018.01.09,00:00,108.558,109.597,108.477,109.268,116
2018.01.10,00:00,109.418,110.687,109.387,110.238,122
2018.01.11,00:00,110.497,110.897,110.047,110.878,113
2018.01.12,00:00,111.498,112.808,110.837,112.758,113
2018.01.16,00:00,111.448,113.367,111.067,112.257,193
2018.01.17,00:00,111.848,113.278,111.307,113.058,136
2018.01.18,00:00,112.447,113.647,112.257,113.338,146
2018.01.19,00:00,113.828,114.297,112.797,112.997,129
2018.01.22,00:00,112.647,114.368,112.488,114.348,100
2018.01.23,00:00,113.628,114.627,113.347,114.248,87
2018.01.24,00:00,114.777,115.948,114.648,115.768,88
2018.01.25,00:00,115.958,116.068,115.067,115.718,78
2018.01.26,00:00,115.547,116.168,114.938,116.168,66
2018.01.29,00:00,116.018,117.307,116.017,116.318,129
2018.01.30,00:00,115.128,116.538,114.967,115.217,203
2018.01.31,00:00,115.548,116.607,115.147,115.738,170
2018.02.01,00:00,115.448,116.958,115.447,116.878,180
2018.02.02,00:00,116.307,116.868,114.137,114.357,258
2018.02.05,00:00,112.507,114.578,106.058,109.008,356
2018.02.06,00:00,106.707,112.418,106.468,112.128,339
2018.02.07,00:00,111.097,114.367,111.097,113.137,351
2018.02.08,00:00,112.918,112.918,107.987,108.237,443
2018.02.09,00:00,109.187,110.837,106.217,110.098,391
2018.02.12,00:00,111.198,112.677,110.057,111.777,308
2018.02.13,00:00,111.058,113.037,110.797,112.547,224
2018.02.14,00:00,112.568,115.198,112.507,115.087,163
2018.02.15,00:00,115.597,115.928,114.207,115.518,140
2018.02.16,00:00,114.497,116.038,114.497,114.928,213
2018.02.20,00:00,114.648,115.317,113.957,114.818,188
2018.02.21,00:00,114.547,117.397,114.547,115.218,81
2018.02.22,00:00,115.198,116.398,114.738,115.107,82
2018.02.23,00:00,115.177,117.358,115.177,117.358,50
2018.02.26,00:00,117.997,118.868,117.317,118.868,45
2018.02.27,00:00,118.507,119.258,117.347,117.647,44
2018.02.28,00:00,117.718,118.447,115.377,115.598,31
2018.03.01,00:00,114.997,116.597,112.638,113.428,54
2018.03.02,00:00,112.198,113.537,111.088,113.447,601
2018.03.05,00:00,111.817,115.857,111.817,115.148,501
2018.03.06,00:00,115.498,115.658,114.297,115.148,437
2018.03.07,00:00,113.597,115.057,113.097,114.797,448
2018.03.08,00:00,114.408,115.157,113.187,114.767,382
2018.03.09,00:00,116.437,118.058,115.637,118.038,123
2018.03.12,00:00,117.998,118.668,117.227,117.968,320
2018.03.13,00:00,118.167,118.248,115.808,116.328,457
2018.03.14,00:00,116.278,116.477,114.567,115.050,412
2018.03.15,00:00,115.927,115.927,114.817,115.347,17
2018.03.16,00:00,115.668,116.587,115.367,115.588,23
2018.03.19,00:00,115.087,115.367,113.287,114.777,45
2018.03.20,00:00,114.688,115.418,114.427,114.797,31
2018.03.21,00:00,114.397,116.568,114.198,114.968,74
2018.03.22,00:00,113.157,113.547,109.517,110.088,112
2018.03.23,00:00,110.017,110.867,106.748,107.142,153
2018.03.26,00:00,108.717,111.128,108.617,110.268,84
2018.03.27,00:00,110.658,111.657,107.258,108.278,94
2018.03.28,00:00,107.938,108.967,106.618,108.017,156
2018.03.29,00:00,108.437,110.638,107.767,110.207,52
2018.04.02,00:00,109.868,110.588,106.067,107.948,91
2018.04.03,00:00,108.248,109.428,107.247,109.428,83
2018.04.04,00:00,107.018,111.168,107.007,111.068,97
2018.04.05,00:00,111.547,112.817,111.377,111.838,48
2018.04.06,00:00,110.478,111.487,107.807,109.197,74
2018.04.09,00:00,109.688,112.967,109.688,110.448,53
2018.04.10,00:00,112.147,112.797,111.407,112.507,509
2018.04.11,00:00,111.257,111.758,110.487,110.778,482
2018.04.12,00:00,111.497,114.328,111.428,113.547,424
2018.04.13,00:00,114.898,114.898,109.047,110.317,64
2018.04.16,00:00,110.427,111.278,109.777,110.288,24
2018.04.17,00:00,110.948,111.838,109.987,110.318,17
2018.04.18,00:00,110.208,111.038,108.887,109.358,16
2018.04.19,00:00,109.148,111.807,109.148,111.717,31
2018.04.20,00:00,112.288,112.728,110.887,111.428,24
2018.04.23,00:00,111.317,111.877,110.618,110.958,23
2018.04.24,00:00,111.598,112.858,109.577,110.447,41
2018.04.25,00:00,110.348,110.348,108.587,109.978,67
2018.04.26,00:00,109.697,110.788,109.308,110.117,66
2018.04.27,00:00,109.267,110.117,109.118,109.538,65
2018.04.30,00:00,109.767,110.238,108.737,108.918,103
2018.05.01,00:00,108.377,108.928,107.517,108.817,150
2018.05.02,00:00,107.987,109.428,107.717,107.938,151
2018.05.03,00:00,107.618,107.647,105.167,107.267,184
2018.05.04,00:00,106.287,108.707,105.958,108.438,115
2018.05.07,00:00,108.688,109.658,108.327,109.357,112
2018.05.08,00:00,109.138,111.317,109.138,110.968,165
2018.05.09,00:00,111.018,113.587,110.987,113.417,120
2018.05.10,00:00,112.937,114.408,112.727,114.288,104
2018.05.11,00:00,114.237,114.687,113.657,113.908,85
2018.05.14,00:00,114.087,114.657,113.727,113.908,88
2018.05.15,00:00,113.488,113.768,112.547,113.028,132
2018.05.16,00:00,112.588,113.638,112.588,113.337,88
2018.05.17,00:00,112.868,113.357,112.168,112.978,98
2018.05.18,00:00,112.468,112.638,110.817,111.248,101
2018.05.21,00:00,111.977,112.488,111.897,112.088,80
2018.05.22,00:00,112.377,114.258,112.158,113.128,95
2018.05.23,00:00,112.327,112.707,111.097,112.468,129
2018.05.24,00:00,111.857,112.007,110.087,111.268,148
2018.05.25,00:00,110.238,111.038,110.178,110.738,112
2018.05.29,00:00,109.167,109.167,104.937,106.017,201
2018.05.30,00:00,107.628,108.568,106.637,108.418,143
2018.05.31,00:00,107.857,108.038,106.397,107.098,182
2018.06.01,00:00,108.278,108.898,107.787,108.358,146
2018.06.04,00:00,108.988,109.218,108.257,108.398,98
2018.06.05,00:00,108.088,108.178,107.048,107.868,113
2018.06.06,00:00,108.698,110.718,108.437,110.338,118
2018.06.07,00:00,111.007,111.448,109.997,110.788,159
2018.06.08,00:00,110.107,111.078,110.037,111.078,124
2018.06.11,00:00,111.097,111.887,110.757,110.957,98
2018.06.12,00:00,111.047,111.508,109.507,110.178,124
2018.06.13,00:00,110.318,111.368,109.547,110.118,134
2018.06.14,00:00,110.217,110.217,107.767,108.158,133
2018.06.15,00:00,107.538,108.347,106.257,107.898,131
2018.06.18,00:00,106.997,108.357,106.688,108.278,105
2018.06.19,00:00,106.798,107.858,106.587,107.648,127
2018.06.20,00:00,107.797,108.567,107.427,107.518,107
2018.06.21,00:00,106.947,108.177,106.517,107.597,136
2018.06.22,00:00,107.637,108.218,105.488,105.647,120
2018.06.25,00:00,105.088,105.608,103.947,104.877,190
2018.06.26,00:00,104.688,105.138,103.087,104.988,137
2018.06.27,00:00,104.587,105.877,103.207,103.457,184
2018.06.28,00:00,103.537,105.427,103.497,104.958,181
2018.06.29,00:00,106.648,106.847,104.168,104.407,147
2018.07.02,00:00,103.597,105.068,103.347,105.068,148
2018.07.03,00:00,105.207,105.708,103.498,103.758,91
2018.07.05,00:00,104.117,104.347,103.517,103.747,140
2018.07.06,00:00,103.107,104.458,102.187,104.168,133
2018.07.09,00:00,104.687,107.427,104.687,107.318,126
2018.07.10,00:00,108.008,108.318,106.507,106.698,135
2018.07.11,00:00,105.938,107.008,105.938,106.457,154
2018.07.12,00:00,107.237,107.417,105.947,106.878,129
2018.07.13,00:00,106.818,107.767,105.117,106.458,116
2018.07.16,00:00,106.888,110.718,106.887,110.707,150
2018.07.17,00:00,110.288,110.907,109.717,110.528,122
2018.07.18,00:00,110.147,112.097,110.147,111.548,107
2018.07.19,00:00,110.788,110.948,109.707,109.878,127
2018.07.20,00:00,109.817,111.707,109.728,111.308,104
2018.07.23,00:00,111.087,114.198,110.907,113.468,101
2018.07.24,00:00,113.387,114.737,113.387,114.178,117
2018.07.25,00:00,113.788,115.377,113.357,115.148,96
2018.07.26,00:00,115.187,115.497,114.567,114.888,112
2018.07.27,00:00,114.377,116.267,114.377,116.048,146
2018.07.30,00:00,116.047,117.538,116.047,116.778,122
2018.07.31,00:00,116.698,116.868,114.797,115.028,119
2018.08.01,00:00,115.438,116.587,115.258,115.638,118
2018.08.02,00:00,114.618,116.238,114.307,116.238,128
2018.08.03,00:00,115.697,117.108,115.697,117.067,98
2018.08.06,00:00,116.427,117.497,116.167,117.098,97
2018.08.07,00:00,117.438,118.237,117.317,117.557,93
2018.08.08,00:00,117.217,118.237,117.217,117.898,88
2018.08.09,00:00,117.408,117.478,116.677,116.918,94
2018.08.10,00:00,115.278,115.917,114.667,115.618,129
2018.08.13,00:00,115.677,115.817,113.797,113.908,130
2018.08.14,00:00,114.218,115.008,113.617,114.697,113
2018.08.15,00:00,113.308,114.277,112.958,113.678,166
2018.08.16,00:00,113.988,115.278,113.987,114.758,103
2018.08.17,00:00,114.258,115.038,114.258,114.707,109
2018.08.20,00:00,114.438,115.027,114.107,114.598,88
2018.08.21,00:00,115.317,116.337,114.748,115.418,102
2018.08.22,00:00,114.678,115.378,114.677,115.028,88
2018.08.23,00:00,114.507,115.117,114.417,114.697,103
2018.08.24,00:00,114.867,115.178,114.437,114.648,96
2018.08.27,00:00,114.987,117.247,114.987,116.728,107
2018.08.28,00:00,116.927,116.978,115.947,116.107,102
2018.08.29,00:00,115.577,116.217,115.327,115.788,103
2018.08.30,00:00,115.388,115.978,114.957,115.308,134
2018.08.31,00:00,114.628,114.628,113.797,114.598,106
2018.09.04,00:00,114.488,115.197,113.817,115.148,98
2018.09.05,00:00,114.798,115.667,114.237,114.588,126
2018.09.06,00:00,114.188,114.657,113.487,114.088,134
2018.09.07,00:00,114.418,114.697,113.607,114.448,133
2018.09.10,00:00,114.838,114.838,113.647,113.708,96
2018.09.11,00:00,113.318,114.548,113.167,114.418,93
2018.09.12,00:00,114.188,114.838,112.837,113.055,117
2018.09.13,00:00,113.447,114.088,112.657,113.538,107
2018.09.14,00:00,113.517,114.457,113.208,113.578,111
2018.09.17,00:00,113.797,114.367,113.287,113.847,101
2018.09.18,00:00,114.098,114.628,113.547,114.428,100
2018.09.19,00:00,114.727,118.028,114.438,117.698,118
2018.09.20,00:00,118.348,119.178,118.057,118.688,113
2018.09.21,00:00,119.137,119.137,117.727,117.918,115
2018.09.24,00:00,117.608,118.338,116.417,116.768,138
2018.09.25,00:00,116.887,117.928,116.318,116.428,105
2018.09.26,00:00,116.548,116.787,114.637,114.998,116
2018.09.27,00:00,115.167,115.718,114.138,114.578,138
2018.09.28,00:00,113.558,114.188,112.507,112.837,118
2018.10.01,00:00,113.317,114.567,113.027,113.528,99
2018.10.02,00:00,113.187,114.078,112.797,113.998,100
2018.10.03,00:00,114.667,115.628,114.467,115.068,121
2018.10.04,00:00,113.918,116.678,113.918,115.347,192
2018.10.05,00:00,115.488,115.787,113.997,114.678,186
2018.10.08,00:00,113.498,115.688,113.337,115.378,188
2018.10.09,00:00,114.398,114.978,113.647,114.698,203
2018.10.10,00:00,114.598,114.888,111.617,111.908,281
2018.10.11,00:00,110.237,111.368,107.387,108.357,139
2018.10.12,00:00,109.688,110.597,105.587,106.988,92
2018.10.15,00:00,107.237,108.708,106.307,106.578,108
2018.10.16,00:00,107.127,108.717,106.708,108.667,86
2018.10.17,00:00,108.348,110.748,108.207,109.938,102
2018.10.18,00:00,108.847,109.767,107.788,108.117,119
2018.10.19,00:00,107.547,109.177,107.258,108.008,99
2018.10.22,00:00,107.898,108.217,106.097,106.438,77
2018.10.23,00:00,104.047,106.048,103.687,105.328,111
2018.10.24,00:00,104.328,104.937,102.887,103.318,108
2018.10.25,00:00,103.787,105.818,103.787,104.868,176
2018.10.26,00:00,103.687,104.537,102.708,103.527,308
2018.10.29,00:00,104.107,106.598,103.687,104.868,230
2018.10.30,00:00,105.547,106.827,104.837,106.768,285
2018.10.31,00:00,107.987,110.427,107.767,109.137,175
2018.11.01,00:00,109.558,110.047,108.307,109.007,165
2018.11.02,00:00,109.878,110.728,107.487,108.287,206
2018.11.05,00:00,108.017,109.257,108.017,109.068,147
2018.11.06,00:00,108.448,109.618,107.717,109.618,142
2018.11.07,00:00,110.038,111.687,109.327,111.488,148
2018.11.08,00:00,110.547,112.897,110.547,112.338,146
2018.11.09,00:00,111.547,112.278,110.817,111.358,154
2018.11.12,00:00,111.387,111.757,108.617,108.997,177
2018.11.13,00:00,108.647,110.588,108.647,109.657,200
2018.11.14,00:00,110.088,110.598,105.967,107.458,216
2018.11.15,00:00,107.338,110.028,106.787,110.028,244
2018.11.16,00:00,109.218,110.557,108.527,110.017,181
2018.11.19,00:00,109.558,111.137,109.507,110.867,226
2018.11.20,00:00,109.358,110.358,107.957,108.678,278
2018.11.21,00:00,108.738,109.568,107.627,107.788,140
2018.11.23,00:00,106.697,107.368,106.037,106.577,75
2018.11.26,00:00,107.497,109.938,107.297,109.288,128
2018.11.27,00:00,108.747,110.008,108.567,109.727,141
2018.11.28,00:00,109.828,111.377,108.847,111.028,154
2018.11.29,00:00,110.195,110.718,109.618,110.078,130
2018.11.30,00:00,109.107,111.287,109.107,111.048,96
2018.12.03,00:00,112.347,112.868,111.727,112.328,145
2018.12.04,00:00,111.498,111.528,106.717,107.338,212
2018.12.06,00:00,104.787,105.328,102.887,105.138,243
2018.12.07,00:00,104.818,106.847,102.888,103.448,224
2018.12.10,00:00,102.797,103.457,99.197,101.508,219
2018.12.11,00:00,102.987,103.588,100.187,100.427,195
2018.12.12,00:00,101.488,102.847,100.047,101.207,177
2018.12.13,00:00,101.587,101.888,100.657,101.177,167
2018.12.14,00:00,99.828,101.878,99.737,100.378,170
2018.12.17,00:00,99.757,100.477,98.417,99.148,204
2018.12.18,00:00,98.987,100.817,98.097,98.688,173
2018.12.19,00:00,98.067,100.368,96.587,97.528,312
2018.12.20,00:00,96.308,98.208,95.668,96.418,416
2018.12.21,00:00,95.938,98.277,93.667,94.227,345
2018.12.24,00:00,92.688,94.148,92.107,92.187,203
2018.12.26,00:00,92.187,95.928,91.107,95.928,292
2018.12.27,00:00,94.487,97.058,93.527,97.058,371
2018.12.28,00:00,97.887,98.277,96.407,96.928,346
2018.12.31,00:00,97.037,98.748,96.747,97.687,221
2019.01.02,00:00,95.518,99.728,95.517,99.427,253
2019.01.03,00:00,98.197,98.448,96.677,97.357,273
2019.01.04,00:00,99.117,100.887,98.268,100.728,244
2019.01.07,00:00,100.487,101.437,99.678,100.868,165
2019.01.08,00:00,101.418,101.767,99.527,100.578,190
2019.01.09,00:00,100.847,101.447,99.907,100.467,230
2019.01.10,00:00,99.797,100.707,99.257,100.488,170
2019.01.11,00:00,99.787,100.138,98.917,99.998,149
2019.01.14,00:00,98.897,101.318,98.657,101.018,143
2019.01.15,00:00,98.288,102.398,98.288,101.718,179
2019.01.16,00:00,102.287,103.428,101.778,102.628,185
2019.01.17,00:00,102.118,103.458,101.837,102.928,207
2019.01.18,00:00,103.258,104.787,102.807,104.608,207
2019.01.22,00:00,103.237,103.467,102.107,102.908,216
2019.01.23,00:00,102.928,103.467,101.947,102.758,250
2019.01.24,00:00,102.027,103.017,101.948,102.758,276
2019.01.25,00:00,103.387,104.257,102.728,103.428,248
2019.01.28,00:00,103.377,104.208,102.597,103.867,251
2019.01.29,00:00,103.137,105.078,103.137,104.168,186
2019.01.30,00:00,104.007,105.187,103.747,104.387,198
2019.01.31,00:00,103.258,103.688,102.707,103.648,199
2019.02.01,00:00,103.688,104.799,103.497,103.878,185
2019.02.04,00:00,103.597,104.228,102.997,104.228,150
2019.02.05,00:00,104.348,104.477,103.277,103.698,170
2019.02.06,00:00,103.588,104.537,103.448,103.718,180
2019.02.07,00:00,103.138,103.388,101.437,102.362,254
2019.02.08,00:00,101.648,102.208,100.037,101.308,196
2019.02.11,00:00,101.597,101.972,100.757,100.978,177
2019.02.12,00:00,101.607,102.888,101.607,102.638,162
2019.02.13,00:00,102.958,103.808,102.958,103.071,160
2019.02.14,00:00,102.428,103.030,101.337,102.528,209
2019.02.15,00:00,103.357,105.667,103.357,105.548,178
2019.02.19,00:00,104.657,105.329,103.797,105.178,161
2019.02.20,00:00,104.897,105.728,104.857,105.687,189
2019.02.21,00:00,105.287,105.878,104.947,105.467,187
2019.02.22,00:00,105.137,105.937,104.758,104.988,165
2019.02.25,00:00,105.667,107.238,105.667,106.128,133
2019.02.26,00:00,104.097,105.439,103.918,105.408,171
2019.02.27,00:00,104.998,105.338,104.487,105.141,182
2019.02.28,00:00,104.968,105.118,104.167,104.298,170
2019.03.01,00:00,104.748,105.878,104.187,104.438,165
2019.03.04,00:00,104.738,105.868,103.238,104.228,227
2019.03.05,00:00,104.057,104.517,103.248,104.238,170
2019.03.06,00:00,104.168,104.478,103.537,103.799,208
2019.03.07,00:00,102.997,103.288,102.147,102.998,213
2019.03.08,00:00,101.998,103.159,101.991,103.061,203
2019.03.11,00:00,102.997,104.517,102.997,104.378,75
2019.03.12,00:00,103.998,104.688,103.737,104.038,172
2019.03.13,00:00,104.188,104.938,103.927,104.368,169
2019.03.14,00:00,104.048,105.848,104.048,105.378,162
2019.03.15,00:00,105.067,106.757,105.067,106.757,177
2019.03.18,00:00,106.527,107.757,106.478,107.218,171
2019.03.19,00:00,107.627,108.368,106.528,106.838,182
2019.03.20,00:00,106.307,106.628,104.397,104.638,202
2019.03.21,00:00,103.337,103.358,102.268,102.859,202
2019.03.22,00:00,101.488,102.260,99.517,99.748,249
2019.03.25,00:00,99.307,100.437,98.077,98.932,224
2019.03.26,00:00,99.577,100.367,98.807,99.998,206
2019.03.27,00:00,99.788,100.408,99.067,99.648,229
2019.03.28,00:00,99.397,100.768,99.397,100.768,195
2019.03.29,00:00,101.168,101.877,100.568,101.478,189
2019.04.01,00:00,101.988,104.658,101.988,104.658,167
2019.04.02,00:00,104.397,105.358,104.308,105.168,141
2019.04.03,00:00,105.538,106.328,104.767,105.378,151
2019.04.04,00:00,104.188,105.688,104.188,105.548,141
2019.04.05,00:00,105.538,106.068,104.968,105.307,130
2019.04.08,00:00,104.898,105.638,104.878,105.638,120
2019.04.09,00:00,104.908,105.178,104.218,104.898,131
2019.04.10,00:00,104.577,105.697,104.458,105.398,121
2019.04.11,00:00,105.488,106.698,105.488,106.318,137
2019.04.12,00:00,109.258,111.808,108.867,111.168,182
2019.04.15,00:00,110.838,110.838,109.107,109.968,138
2019.04.16,00:00,109.608,111.358,109.608,111.088,138
2019.04.17,00:00,111.368,114.627,110.998,114.388,157
2019.04.18,00:00,113.937,114.918,113.317,113.458,139
2019.04.22,00:00,112.488,113.897,112.488,113.708,111
2019.04.23,00:00,112.738,114.348,112.737,113.788,129
2019.04.24,00:00,113.238,114.127,112.788,113.638,124
2019.04.25,00:00,112.997,114.118,112.787,113.708,132
2019.04.26,00:00,113.347,114.468,113.347,114.457,109
2019.04.29,00:00,113.998,117.118,113.998,116.248,92
2019.04.30,00:00,115.887,116.657,115.247,116.248,97
2019.05.01,00:00,115.597,116.887,115.098,115.207,136
2019.05.02,00:00,115.028,115.708,114.548,115.428,131
2019.05.03,00:00,115.818,116.608,115.648,116.128,91
2019.05.06,00:00,113.998,115.428,113.687,115.102,156
2019.05.07,00:00,113.938,113.938,112.267,113.157,240
2019.05.08,00:00,112.188,113.627,112.188,112.758,169
2019.05.09,00:00,111.098,112.708,110.567,112.508,201
2019.05.10,00:00,111.488,112.778,110.518,112.548,222
2019.05.13,00:00,109.537,110.198,108.958,109.538,217
2019.05.14,00:00,109.648,111.678,109.487,110.398,134
2019.05.15,00:00,108.988,110.858,108.598,109.968,137
2019.05.16,00:00,110.367,112.118,110.367,111.408,125
2019.05.17,00:00,109.788,111.697,109.787,110.818,162
2019.05.20,00:00,110.367,111.778,110.310,111.388,152
2019.05.21,00:00,111.298,111.898,111.198,111.828,95
2019.05.22,00:00,111.228,111.688,110.737,110.818,108
2019.05.23,00:00,109.118,109.477,107.487,108.628,146
2019.05.24,00:00,108.947,109.928,108.947,109.738,105
2019.05.28,00:00,108.988,109.787,108.457,108.618,113
2019.05.29,00:00,107.187,108.387,107.037,108.288,156
2019.05.30,00:00,108.587,109.127,106.517,107.098,122
2019.05.31,00:00,105.198,106.548,104.818,105.958,129
2019.06.03,00:00,105.687,106.788,105.287,106.488,166
2019.06.04,00:00,107.538,109.817,107.118,109.817,128
2019.06.05,00:00,109.378,110.347,108.597,110.178,114
2019.06.06,00:00,109.568,110.798,108.908,110.478,111
2019.06.07,00:00,109.497,109.947,108.937,109.228,95
2019.06.10,00:00,110.147,111.178,110.147,110.378,91
2019.06.11,00:00,110.338,111.548,110.338,110.758,114
2019.06.12,00:00,110.678,110.678,108.877,109.278,92
2019.06.13,00:00,109.338,110.097,109.027,109.608,99
2019.06.14,00:00,109.058,110.258,108.608,109.908,98
2019.06.17,00:00,109.588,110.347,109.047,109.198,92
2019.06.18,00:00,108.988,111.378,108.967,110.818,122
2019.06.19,00:00,110.068,111.548,109.687,109.948,123
2019.06.20,00:00,110.578,110.847,109.018,110.428,111
2019.06.21,00:00,109.988,111.597,109.078,109.697,110
2019.06.24,00:00,109.007,109.708,108.518,108.707,123
2019.06.25,00:00,108.637,108.958,107.647,107.888,120
2019.06.26,00:00,108.148,109.278,108.137,108.528,113
2019.06.27,00:00,108.557,109.488,108.428,108.928,109
2019.06.28,00:00,110.988,112.398,110.888,111.908,103
2019.07.01,00:00,113.198,114.448,113.097,113.848,98
2019.07.02,00:00,113.338,114.148,113.198,113.798,83
2019.07.03,00:00,113.187,113.338,111.997,112.617,52
2019.07.05,00:00,113.167,114.078,112.898,113.458,92
2019.07.08,00:00,112.807,113.438,112.478,112.898,80
2019.07.09,00:00,112.187,113.458,112.097,113.418,82
2019.07.10,00:00,113.137,113.768,112.727,113.018,83
2019.07.11,00:00,113.457,114.308,113.077,114.178,84
2019.07.12,00:00,114.027,115.298,113.907,115.298,75
2019.07.15,00:00,115.288,115.288,113.518,113.847,90
2019.07.16,00:00,113.188,115.478,112.898,115.248,102
2019.07.17,00:00,114.198,114.908,113.698,114.018,84
2019.07.18,00:00,113.518,115.048,113.518,114.668,99
2019.07.19,00:00,114.207,115.088,113.387,113.658,91
2019.07.22,00:00,112.757,114.388,112.737,114.328,78
2019.07.23,00:00,114.468,116.417,114.467,116.358,85
2019.07.24,00:00,115.188,116.848,115.188,116.828,89
2019.07.25,00:00,116.818,117.178,115.287,115.768,110
2019.07.26,00:00,115.488,116.478,115.488,116.218,100
2019.07.29,00:00,116.088,117.108,115.767,115.879,107
2019.07.30,00:00,115.248,116.028,114.727,115.568,110
2019.07.31,00:00,115.777,116.108,114.838,115.987,116
2019.08.01,00:00,115.208,116.748,112.578,113.008,146
2019.08.02,00:00,112.288,113.159,111.388,112.938,177
2019.08.05,00:00,110.267,110.848,108.247,109.579,199
2019.08.06,00:00,109.988,110.478,108.318,110.478,192
2019.08.07,00:00,107.987,108.198,105.927,108.088,224
2019.08.08,00:00,108.678,109.989,108.678,109.922,145
2019.08.09,00:00,109.337,110.388,108.268,109.778,147
2019.08.12,00:00,108.007,108.457,107.197,107.788,141
2019.08.13,00:00,107.437,110.288,107.009,109.328,159
2019.08.14,00:00,106.188,106.827,104.437,104.928,211
2019.08.15,00:00,104.488,106.278,104.318,105.248,204
2019.08.16,00:00,106.027,107.908,105.857,107.818,130
2019.08.19,00:00,109.447,109.588,108.397,108.758,118
2019.08.20,00:00,107.837,108.407,107.217,107.330,124
2019.08.21,00:00,107.797,108.358,107.427,107.628,22
2019.08.22,00:00,107.988,109.217,107.888,108.778,19
2019.08.23,00:00,107.978,108.667,105.107,106.028,101
2019.08.26,00:00,106.297,106.888,105.997,106.888,16
2019.08.27,00:00,107.018,107.418,104.837,105.838,22
2019.08.28,00:00,104.977,107.168,104.977,106.868,20
2019.08.29,00:00,108.078,109.871,107.978,109.287,199
2019.08.30,00:00,110.000,110.538,109.457,109.978,133
2019.09.03,00:00,108.768,108.887,107.308,108.618,45
2019.09.04,00:00,109.478,110.198,109.288,109.958,42
2019.09.05,00:00,110.768,113.658,110.628,112.368,47
2019.09.06,00:00,112.458,112.958,111.947,112.648,41
2019.09.09,00:00,113.148,116.038,113.148,115.458,48
2019.09.10,00:00,116.248,117.198,115.418,116.708,56
2019.09.11,00:00,116.168,117.188,115.338,117.188,46
2019.09.12,00:00,116.017,118.457,115.917,118.088,36
2019.09.13,00:00,118.747,120.338,118.548,120.258,51
2019.09.16,00:00,118.267,119.817,118.267,119.198,50
2019.09.17,00:00,117.838,118.598,117.237,118.598,46
2019.09.18,00:00,118.538,119.987,117.967,119.767,46
2019.09.19,00:00,119.358,120.298,119.098,119.497,42
2019.09.20,00:00,119.678,120.328,118.857,119.158,50
2019.09.23,00:00,117.138,119.088,117.138,118.898,38
2019.09.24,00:00,118.767,119.218,117.027,117.378,63
2019.09.25,00:00,116.998,118.338,116.997,118.038,53
2019.09.26,00:00,117.588,117.987,116.938,117.118,49
2019.09.27,00:00,117.627,118.568,117.148,117.727,54
2019.09.30,00:00,118.187,118.678,117.197,117.768,39
2019.10.01,00:00,117.688,118.978,115.388,115.558,50
2019.10.02,00:00,114.347,114.498,112.918,113.238,59
2019.10.03,00:00,111.447,112.868,110.497,112.178,56
2019.10.04,00:00,112.237,114.858,112.237,114.798,46
2019.10.07,00:00,114.058,115.488,114.048,114.658,47
2019.10.08,00:00,112.947,112.947,111.638,111.878,55
2019.10.09,00:00,112.358,113.038,112.018,112.667,37
2019.10.10,00:00,113.128,115.378,112.948,114.228,46
2019.10.11,00:00,115.468,117.968,115.467,116.228,43
2019.10.14,00:00,115.518,116.808,115.517,116.468,38
2019.10.15,00:00,118.747,121.498,117.867,120.078,57
2019.10.16,00:00,120.138,120.557,119.367,119.708,43
2019.10.17,00:00,120.667,121.548,119.888,120.418,46
2019.10.18,00:00,119.268,121.018,119.268,120.728,50
2019.10.21,00:00,121.988,123.728,121.968,123.598,39
2019.10.22,00:00,122.828,125.068,122.827,124.868,45
2019.10.23,00:00,123.407,125.138,123.407,125.138,35
2019.10.24,00:00,125.118,125.588,124.057,125.158,29
2019.10.25,00:00,124.177,126.608,124.177,126.168,38
2019.10.28,00:00,126.358,127.148,125.897,126.678,38
2019.10.29,00:00,125.327,127.388,125.327,126.477,42
2019.10.30,00:00,125.408,126.238,124.907,125.747,45
2019.10.31,00:00,124.597,125.468,123.848,124.938,46
2019.11.01,00:00,125.847,127.967,125.847,127.848,39
2019.11.04,00:00,128.348,129.328,128.348,128.868,36
2019.11.05,00:00,128.998,130.268,128.827,129.108,38
2019.11.06,00:00,128.658,129.807,128.557,129.268,37
2019.11.07,00:00,130.307,131.268,129.907,130.137,41
2019.11.08,00:00,129.888,130.388,129.238,130.388,34
2019.11.11,00:00,128.638,130.068,128.638,129.958,23
2019.11.12,00:00,129.568,130.537,128.997,129.178,28
2019.11.13,00:00,128.088,128.808,126.718,128.518,30
2019.11.14,00:00,126.838,128.808,126.838,128.728,28
2019.11.15,00:00,129.108,129.498,128.387,129.498,27
2019.11.18,00:00,129.567,130.637,128.618,130.637,31
2019.11.19,00:00,130.678,131.168,130.167,130.648,35
2019.11.20,00:00,129.627,130.547,128.927,129.638,41
2019.11.21,00:00,129.748,130.698,129.378,129.968,36
2019.11.22,00:00,129.828,131.188,129.827,130.818,29
2019.11.25,00:00,131.027,131.998,130.848,131.528,31
2019.11.26,00:00,131.298,131.788,130.347,131.788,32
2019.11.27,00:00,132.058,132.408,131.627,132.158,28
2019.11.29,00:00,131.628,132.378,131.448,131.757,16
2019.12.02,00:00,132.267,132.698,131.347,131.538,47
2019.12.03,00:00,129.567,129.938,128.578,129.818,52
2019.12.04,00:00,129.987,132.457,129.977,132.438,37
2019.12.05,00:00,132.518,133.258,132.177,133.078,40
2019.12.06,00:00,134.798,135.758,134.597,135.078,34
2019.12.09,00:00,133.887,135.438,133.887,134.438,34
2019.12.10,00:00,132.707,134.738,132.448,134.488,36
2019.12.11,00:00,134.467,134.958,133.937,134.288,30
2019.12.12,00:00,134.428,138.457,134.187,138.108,55
2019.12.13,00:00,137.817,138.688,136.208,137.048,42
2019.12.16,00:00,138.007,138.828,137.317,137.478,31
2019.12.17,00:00,137.368,138.657,137.218,138.248,33
2019.12.18,00:00,138.088,138.978,137.688,138.098,32
2019.12.19,00:00,137.747,138.198,137.097,137.377,37
2019.12.20,00:00,137.908,138.868,136.907,137.418,35
2019.12.23,00:00,137.507,137.898,136.908,137.208,31
2019.12.24,00:00,136.668,137.588,136.668,137.538,15
2019.12.26,00:00,137.697,139.068,137.697,139.068,26
2019.12.27,00:00,139.298,139.748,138.657,139.138,32
2019.12.30,00:00,139.498,140.028,138.447,138.678,38
2019.12.31,00:00,138.398,139.468,138.287,139.468,36
2020.01.02,00:00,139.807,141.047,139.247,141.047,31
2020.01.03,00:00,137.317,139.198,136.957,138.448,40
2020.01.06,00:00,136.528,138.258,136.467,138.258,40
2020.01.07,00:00,137.438,137.818,135.807,135.928,46
2020.01.08,00:00,135.497,137.558,135.497,136.958,48
2020.01.09,00:00,137.448,138.028,137.027,137.468,40
2020.01.10,00:00,137.107,137.107,135.787,136.088,43
2020.01.13,00:00,136.128,137.178,135.747,137.178,37
2020.01.14,00:00,137.598,140.697,137.597,138.768,45
2020.01.15,00:00,137.788,138.568,136.138,136.788,40
2020.01.16,00:00,137.348,137.848,136.828,137.248,36
2020.01.17,00:00,137.378,138.258,137.308,138.198,39
2020.01.21,00:00,137.028,138.048,136.698,136.827,42
2020.01.22,00:00,136.998,137.347,136.377,136.738,40
2020.01.23,00:00,134.948,136.708,134.688,136.588,37
2020.01.24,00:00,135.758,136.238,132.307,133.158,52
2020.01.27,00:00,130.058,132.918,129.647,132.137,48
2020.01.28,00:00,132.687,134.928,132.148,134.538,40
2020.01.29,00:00,134.788,135.507,133.668,134.258,43
2020.01.30,00:00,132.287,136.118,132.287,136.118,55
2020.01.31,00:00,133.958,134.647,131.467,132.537,62
2020.02.03,00:00,132.487,134.168,131.968,133.378,39
2020.02.04,00:00,135.457,136.577,135.077,135.288,34
2020.02.05,00:00,136.218,137.718,135.878,137.618,42
2020.02.06,00:00,137.848,138.157,137.078,137.688,31
2020.02.07,00:00,136.508,137.638,136.278,137.298,32
2020.02.10,00:00,136.208,137.807,136.207,137.698,20
2020.02.11,00:00,138.178,138.788,137.758,137.988,24
2020.02.12,00:00,138.538,139.258,137.787,138.038,29
2020.02.13,00:00,136.908,138.308,136.377,137.888,31
2020.02.14,00:00,137.498,138.088,136.937,137.428,24
2020.02.18,00:00,137.107,137.588,135.047,135.658,32
2020.02.19,00:00,136.947,138.358,136.327,137.578,27
2020.02.20,00:00,137.148,138.338,136.527,137.598,49
2020.02.21,00:00,136.508,136.678,134.887,135.828,48
2020.02.24,00:00,130.758,133.128,130.658,132.198,61
2020.02.25,00:00,130.588,132.137,125.578,126.408,112
2020.02.26,00:00,126.497,128.938,126.328,126.778,154
2020.02.27,00:00,122.997,125.538,121.277,121.717,129
2020.02.28,00:00,117.498,118.278,112.657,115.798,161
2020.03.02,00:00,116.178,121.548,114.417,121.548,162
2020.03.03,00:00,121.008,122.327,116.207,117.198,136
2020.03.04,00:00,118.108,120.178,114.677,120.178,124
2020.03.05,00:00,115.398,116.287,112.567,114.118,144
2020.03.06,00:00,105.598,110.238,104.998,108.238,150
2020.03.09,00:00,96.318,98.958,92.997,93.578,115
2020.03.10,00:00,98.878,101.188,94.567,100.718,100
2020.03.11,00:00,97.447,99.948,94.517,96.288,182
2020.03.12,00:00,89.597,96.888,86.158,88.458,112
2020.03.13,00:00,95.498,103.938,91.998,103.938,112
2020.03.16,00:00,85.008,93.848,84.497,88.597,92
2020.03.17,00:00,90.878,97.258,87.527,93.678,93
2020.03.18,00:00,87.498,89.757,80.268,84.298,81
2020.03.19,00:00,81.277,87.918,76.728,85.288,77
2020.03.20,00:00,86.198,89.178,82.418,83.898,110
2020.03.23,00:00,81.748,82.977,78.007,80.397,147
2020.03.24,00:00,84.837,89.877,82.897,88.638,206
2020.03.25,00:00,89.238,95.058,84.527,91.977,246
2020.03.26,00:00,93.507,98.438,93.497,98.438,248
2020.03.27,00:00,92.508,94.647,90.527,91.428,168
2020.03.30,00:00,90.518,93.978,89.278,93.458,168
2020.03.31,00:00,92.058,94.098,89.317,90.278,173
2020.04.01,00:00,85.097,86.388,83.247,84.638,153
2020.04.02,00:00,83.398,87.798,82.958,87.658,175
2020.04.03,00:00,85.748,87.368,82.808,84.198,143
2020.04.06,00:00,88.698,90.867,87.678,89.157,129
2020.04.07,00:00,93.908,94.028,90.338,90.688,172
2020.04.08,00:00,92.098,94.668,90.537,94.297,140
2020.04.09,00:00,96.797,104.308,96.797,102.948,130
2020.04.13,00:00,102.498,102.688,97.287,98.808,135
2020.04.14,00:00,100.767,101.648,93.627,95.738,135
2020.04.15,00:00,91.118,91.948,90.118,91.108,150
2020.04.16,00:00,90.298,90.298,87.048,87.458,159
2020.04.17,00:00,91.598,95.458,90.958,95.138,136
2020.04.20,00:00,92.508,94.557,90.447,92.018,156
2020.04.21,00:00,88.638,91.218,88.308,89.168,133
2020.04.22,00:00,90.688,91.838,89.177,89.378,139
2020.04.23,00:00,89.588,91.207,89.228,89.418,141
2020.04.24,00:00,90.558,91.078,88.487,90.648,121
2020.04.27,00:00,91.758,95.588,91.518,94.587,99
2020.04.28,00:00,97.487,98.277,95.008,95.328,170
2020.04.29,00:00,98.887,99.298,97.267,97.867,166
2020.04.30,00:00,95.507,96.797,94.537,96.068,190
2020.05.01,00:00,93.038,93.707,91.807,93.288,188
2020.05.04,00:00,91.878,92.567,90.777,92.158,156
2020.05.05,00:00,93.508,94.167,91.897,92.128,150
2020.05.06,00:00,92.057,92.598,89.917,90.348,175
2020.05.07,00:00,90.998,92.828,90.567,91.238,182
2020.05.08,00:00,92.608,93.988,92.098,92.528,132
2020.05.11,00:00,90.998,90.998,89.328,90.018,119
2020.05.12,00:00,90.007,90.678,86.987,87.248,152
2020.05.13,00:00,86.298,86.628,83.397,84.167,179
2020.05.14,00:00,82.298,88.008,82.298,87.538,173
2020.05.15,00:00,86.998,87.168,85.297,85.937,162
2020.05.18,00:00,88.228,91.118,87.877,90.338,147
2020.05.19,00:00,89.998,91.148,88.587,88.958,145
2020.05.20,00:00,90.627,92.298,90.367,91.368,146
2020.05.21,00:00,90.108,91.648,89.657,90.288,145
2020.05.22,00:00,89.908,90.287,88.708,89.508,116
2020.05.26,00:00,92.647,97.488,92.557,95.838,115
2020.05.27,00:00,101.858,102.088,98.797,101.488,132
2020.05.28,00:00,102.667,102.667,99.397,100.027,138
2020.05.29,00:00,98.497,99.088,96.757,97.558,149
2020.06.01,00:00,97.828,99.488,97.347,98.638,95
2020.06.02,00:00,99.507,100.257,97.917,99.018,101
2020.06.03,00:00,101.187,104.898,101.037,104.358,103
2020.06.04,00:00,103.747,106.588,102.787,106.588,124
2020.06.05,00:00,114.058,115.677,109.517,111.288,149
2020.06.08,00:00,113.398,114.118,111.927,113.478,119
2020.06.09,00:00,110.278,111.558,109.007,110.718,108
2020.06.10,00:00,110.177,110.177,105.838,106.188,83
2020.06.11,00:00,100.008,101.378,96.527,97.357,198
2020.06.12,00:00,100.497,100.848,97.307,100.118,223
2020.06.15,00:00,96.298,101.337,95.847,101.318,210
2020.06.16,00:00,104.998,105.028,99.347,102.128,139
2020.06.17,00:00,101.998,102.348,99.198,99.748,124
2020.06.18,00:00,98.748,100.348,98.107,99.038,104
2020.06.19,00:00,99.997,100.047,96.708,98.058,147
2020.06.22,00:00,96.877,97.858,96.527,96.908,113
2020.06.23,00:00,98.107,99.947,97.827,98.138,87
2020.06.24,00:00,96.547,96.547,94.307,94.758,166
2020.06.25,00:00,94.308,98.178,94.217,97.998,115
2020.06.26,00:00,95.148,95.148,91.987,92.607,169
2020.06.29,00:00,93.097,94.427,92.157,92.968,95
2020.06.30,00:00,92.798,94.527,92.547,94.227,107
2020.07.01,00:00,94.167,95.627,93.027,93.307,102
2020.07.02,00:00,94.727,94.828,91.907,92.677,123
2020.07.06,00:00,94.277,95.078,93.478,95.038,102
2020.07.07,00:00,93.798,94.038,91.997,92.288,77
2020.07.08,00:00,92.107,93.318,91.787,93.318,83
2020.07.09,00:00,93.547,93.988,90.767,91.308,105
2020.07.10,00:00,91.347,96.758,91.347,96.528,95
2020.07.13,00:00,98.498,99.207,96.207,98.018,114
2020.07.14,00:00,98.367,99.898,96.618,98.277,98
2020.07.15,00:00,100.498,101.208,98.647,99.798,90
2020.07.16,00:00,98.497,101.137,98.497,100.058,62
2020.07.17,00:00,99.898,99.907,98.118,98.248,56
2020.07.20,00:00,97.377,98.377,97.247,97.418,59
2020.07.21,00:00,97.497,99.998,97.497,99.458,68
2020.07.22,00:00,99.648,100.007,97.517,98.698,59
2020.07.23,00:00,98.398,99.238,97.947,98.997,88
2020.07.24,00:00,99.098,99.578,97.917,98.278,75
2020.07.27,00:00,97.327,97.547,96.148,96.938,48
2020.07.28,00:00,96.398,97.847,96.398,97.398,49
2020.07.29,00:00,97.057,99.698,96.997,99.698,52
2020.07.30,00:00,97.187,97.478,96.037,96.998,65
2020.07.31,00:00,96.508,96.728,95.247,96.728,67
2020.08.03,00:00,96.998,97.527,95.827,96.148,55
2020.08.04,00:00,95.898,95.898,95.027,95.587,55
2020.08.05,00:00,95.558,98.318,95.547,97.408,59
2020.08.06,00:00,97.177,98.048,96.537,97.228,54
2020.08.07,00:00,96.768,99.468,96.547,99.448,65
2020.08.10,00:00,100.028,101.997,100.027,100.748,68
2020.08.11,00:00,102.897,106.117,102.897,103.888,100
2020.08.12,00:00,106.008,106.008,101.697,103.298,73
2020.08.13,00:00,101.878,103.238,101.348,102.408,64
2020.08.14,00:00,101.248,103.247,101.247,102.428,54
2020.08.17,00:00,101.417,101.917,99.527,99.828,53
2020.08.18,00:00,99.697,99.698,98.117,98.308,50
2020.08.19,00:00,98.398,100.428,98.327,98.558,70
2020.08.20,00:00,97.198,97.987,96.787,97.458,57
2020.08.21,00:00,96.997,98.468,96.927,97.398,206802
2020.08.24,00:00,98.118,100.188,97.417,100.188,325655
2020.08.25,00:00,101.087,101.888,99.787,100.518,290455
2020.08.26,00:00,99.858,100.217,99.047,99.177,238537
2020.08.27,00:00,98.847,102.607,98.847,102.468,415510
2020.08.28,00:00,102.927,103.128,101.797,102.868,284347
2020.08.31,00:00,102.008,102.008,100.018,100.558,200917
2020.09.01,00:00,99.557,100.838,99.007,100.198,267022
2020.09.02,00:00,99.658,101.908,99.537,101.788,399670
2020.09.03,00:00,102.998,104.897,100.617,101.398,688742
2020.09.04,00:00,103.667,105.177,101.328,103.668,714485
2020.09.08,00:00,102.507,103.128,99.468,100.258,587975
2020.09.09,00:00,100.808,101.668,99.547,101.038,364150
2020.09.10,00:00,101.277,102.368,99.617,100.088,598372
2020.09.11,00:00,99.757,101.318,99.588,101.117,571742
2020.09.14,00:00,101.448,103.397,101.307,102.697,403587
2020.09.15,00:00,102.008,102.688,99.138,99.368,346702
2020.09.16,00:00,99.398,101.067,98.748,99.757,443905
2020.09.17,00:00,98.498,99.167,97.687,98.578,408357
2020.09.18,00:00,97.918,99.457,97.427,98.598,441922
2020.09.21,00:00,94.877,95.867,93.807,95.318,534015
2020.09.22,00:00,94.798,95.567,93.667,94.288,359077
2020.09.23,00:00,94.697,95.288,92.658,92.788,460027
2020.09.24,00:00,92.157,94.238,91.357,92.787,557597
2020.09.25,00:00,92.007,93.687,91.848,93.578,389872
2020.09.28,00:00,94.718,96.888,94.338,96.178,347545
2020.09.29,00:00,95.997,95.997,94.317,95.607,311637
2020.09.30,00:00,94.998,97.177,94.997,96.558,443372
2020.10.01,00:00,96.918,97.698,96.018,97.038,417887
2020.10.02,00:00,94.898,98.488,94.897,98.038,457662
2020.10.05,00:00,98.298,99.218,97.507,99.068,252247
2020.10.06,00:00,99.667,100.838,97.498,98.378,430654
2020.10.07,00:00,98.768,100.288,98.647,99.928,282712
2020.10.08,00:00,100.157,101.908,99.888,101.908,280724
2020.10.09,00:00,101.477,102.067,100.097,101.218,258459
2020.10.12,00:00,100.998,102.977,100.707,102.658,270964
2020.10.13,00:00,102.998,103.097,100.248,101.008,398575
2020.10.14,00:00,100.968,101.818,100.097,100.288,320883
2020.10.15,00:00,99.008,101.768,99.008,101.768,354575
2020.10.16,00:00,101.407,102.317,100.707,101.628,262542
2020.10.19,00:00,101.407,101.778,99.537,99.957,332898
2020.10.20,00:00,100.157,101.738,100.098,100.608,369251
2020.10.21,00:00,99.998,100.887,99.288,99.548,325095
2020.10.22,00:00,99.188,103.188,99.187,102.898,315295
2020.10.23,00:00,102.588,104.408,102.588,103.828,281392
2020.10.26,00:00,102.027,102.587,100.247,101.398,421655
2020.10.27,00:00,100.507,100.547,99.167,99.398,296453
2020.10.28,00:00,97.298,98.268,96.067,96.678,414590
2020.10.29,00:00,95.998,97.908,95.197,97.408,412205
2020.10.30,00:00,96.967,98.048,96.208,98.048,559880
2020.11.02,00:00,99.137,100.817,97.877,100.278,398996
2020.11.03,00:00,102.067,104.688,102.067,103.538,365028
2020.11.04,00:00,100.468,102.027,98.908,100.417,687830
2020.11.05,00:00,100.198,105.028,100.198,104.628,464385
2020.11.06,00:00,105.078,105.078,102.377,103.098,343165
2020.11.09,00:00,113.037,118.787,110.297,117.257,667770
2020.11.10,00:00,117.237,117.237,114.677,116.638,585184
2020.11.11,00:00,116.497,116.547,113.957,114.887,364275
2020.11.12,00:00,112.047,113.898,112.047,113.478,405958
2020.11.13,00:00,114.058,114.798,113.547,114.288,329000
2020.11.16,00:00,117.717,118.208,115.717,117.398,378630
2020.11.17,00:00,115.228,116.397,114.558,116.138,362620
2020.11.18,00:00,117.368,118.518,115.207,115.528,339247
2020.11.19,00:00,113.978,115.808,112.997,115.808,332017
2020.11.20,00:00,114.147,115.567,114.048,114.658,234164
2020.11.23,00:00,115.828,118.157,115.487,118.048,296720
2020.11.24,00:00,119.167,123.468,119.167,123.468,387928
2020.11.25,00:00,120.998,122.338,120.447,122.217,323405
2020.11.27,00:00,121.878,122.278,121.077,121.217,162451
2020.11.30,00:00,119.998,120.488,117.747,118.108,372195
2020.12.01,00:00,120.057,121.518,119.598,119.928,269972
2020.12.02,00:00,119.507,122.238,119.177,122.108,276841
2020.12.03,00:00,121.377,121.857,120.347,121.228,320742
2020.12.04,00:00,121.678,123.157,121.678,122.478,267432
2020.12.07,00:00,121.118,122.077,120.187,121.918,254571
2020.12.08,00:00,120.697,122.308,120.697,122.308,214771
2020.12.09,00:00,122.468,122.738,120.427,121.318,399467
2020.12.10,00:00,119.948,120.728,119.497,120.387,341912
2020.12.11,00:00,118.948,119.967,118.337,119.567,303582
2020.12.14,00:00,120.727,121.067,118.087,118.598,372195
2020.12.15,00:00,119.197,120.858,118.507,120.398,325310
2020.12.16,00:00,120.157,121.058,119.347,121.058,233444
2020.12.17,00:00,121.027,121.328,119.567,119.658,236789
2020.12.18,00:00,119.087,119.798,118.257,119.368,353335
2020.12.21,00:00,122.497,124.978,121.068,123.788,567896
2020.12.22,00:00,122.798,123.467,121.558,121.738,319202
2020.12.23,00:00,122.418,126.477,122.417,125.418,321419
2020.12.24,00:00,125.067,125.107,123.527,124.497,112223
2020.12.28,00:00,124.497,126.538,124.497,125.508,259689
2020.12.29,00:00,125.797,126.067,124.877,125.098,332612
2020.12.30,00:00,124.997,125.808,124.897,125.588,239091
2020.12.31,00:00,125.157,127.288,124.797,127.288,226204
2021.01.04,00:00,126.988,127.598,124.757,126.047,706818
2021.01.05,00:00,124.617,126.208,123.767,125.838,414300
2021.01.06,00:00,129.698,132.707,127.888,131.697,673301
2021.01.07,00:00,135.497,138.117,134.948,135.988,226151
2021.01.08,00:00,135.148,136.257,134.107,136.218,5236
2021.01.11,00:00,134.447,138.147,134.017,138.138,4226
2021.01.12,00:00,139.148,141.618,138.788,140.578,5322
2021.01.13,00:00,138.578,140.748,137.998,140.748,3549
2021.01.14,00:00,140.197,142.688,139.927,141.778,4001
2021.01.15,00:00,136.577,141.397,136.577,138.928,5432
2021.01.19,00:00,139.127,140.328,137.808,138.188,3901
2021.01.20,00:00,137.207,137.798,135.417,136.038,3369
2021.01.21,00:00,135.657,135.768,134.308,134.978,2015
2021.01.22,00:00,132.668,134.308,132.058,133.968,3231
2021.01.25,00:00,131.998,132.938,130.057,132.118,5436
2021.01.26,00:00,132.448,133.068,131.318,131.588,3261
2021.01.27,00:00,128.977,129.207,127.328,127.888,6893
2021.01.28,00:00,129.677,132.127,128.927,130.228,5212
2021.01.29,00:00,130.508,131.608,128.167,128.897,7770
2021.02.01,00:00,129.028,130.048,128.448,129.987,4160
2021.02.02,00:00,131.897,134.377,131.177,133.678,3997
2021.02.03,00:00,132.997,135.718,132.997,135.268,3230
2021.02.04,00:00,135.188,138.578,135.167,138.388,3285
2021.02.05,00:00,138.728,139.237,137.367,138.138,3002
2021.02.08,00:00,137.668,140.217,137.508,140.177,2924
2021.02.09,00:00,138.577,139.897,138.497,139.617,2264
2021.02.10,00:00,138.997,140.838,138.997,139.668,4473
2021.02.11,00:00,138.897,140.437,138.207,139.598,4001
2021.02.12,00:00,138.998,141.578,138.497,141.408,2725
2021.02.16,00:00,142.858,145.277,142.397,144.828,4007
2021.02.17,00:00,143.268,145.327,143.097,145.178,4529
2021.02.18,00:00,144.007,145.758,143.397,145.598,4332
2021.02.19,00:00,145.198,148.798,145.198,148.088,3602
2021.02.22,00:00,146.788,150.148,146.397,149.577,3686
2021.02.23,00:00,150.727,152.228,149.598,150.778,6306
2021.02.24,00:00,149.918,153.728,149.917,153.438,5532
2021.02.25,00:00,154.098,154.708,150.567,151.358,10078
2021.02.26,00:00,149.688,150.648,146.488,147.747,9251
2021.03.01,00:00,148.727,151.318,148.467,150.678,3905
2021.03.02,00:00,150.058,151.697,149.327,150.128,4669
2021.03.03,00:00,151.098,154.878,150.518,153.068,5840
2021.03.04,00:00,152.097,154.177,148.617,150.578,7419
2021.03.05,00:00,152.998,153.397,147.957,151.037,5592
2021.03.08,00:00,152.137,155.347,150.718,153.088,6063
2021.03.09,00:00,151.498,154.227,149.788,152.158,3639
2021.03.10,00:00,151.748,156.098,150.867,155.168,4152
2021.03.11,00:00,153.917,156.118,153.368,154.458,2897
2021.03.12,00:00,156.607,157.388,155.067,156.178,2878
2021.03.15,00:00,156.147,156.848,153.957,155.478,2966
2021.03.16,00:00,154.007,154.237,152.168,153.707,2785
2021.03.17,00:00,155.167,156.678,153.047,155.257,4036
2021.03.18,00:00,156.997,161.628,156.997,157.798,4555
2021.03.19,00:00,155.567,155.567,151.167,155.318,4662
2021.03.22,00:00,152.508,153.777,150.598,150.987,3197
2021.03.23,00:00,150.017,152.028,148.947,149.598,3640
2021.03.24,00:00,150.027,153.107,150.027,150.888,4023
2021.03.25,00:00,149.987,152.948,149.287,152.948,4599
2021.03.26,00:00,154.297,155.398,152.548,155.398,3385
2021.03.29,00:00,152.118,153.657,151.018,152.748,3805
2021.03.30,00:00,153.747,155.807,153.747,154.568,3515
2021.03.31,00:00,153.197,154.357,152.107,152.698,2818
2021.04.01,00:00,151.547,153.768,151.537,153.768,2969
2021.04.05,00:00,154.158,154.807,152.587,153.808,3021
2021.04.06,00:00,152.597,154.117,151.807,152.568,2921
2021.04.07,00:00,153.027,155.177,152.537,154.988,2722
2021.04.08,00:00,153.998,155.488,152.297,155.268,2587
2021.04.09,00:00,155.808,156.917,154.917,156.408,2422
2021.04.12,00:00,155.037,157.167,155.037,156.028,2203
2021.04.13,00:00,154.748,155.078,152.397,154.168,2390
2021.04.14,00:00,151.847,153.767,150.908,151.247,3122
2021.04.15,00:00,151.247,152.178,149.307,152.178,2801
2021.04.16,00:00,153.758,154.277,152.677,153.328,2574
2021.04.19,00:00,153.358,153.807,152.208,152.627,2834
2021.04.20,00:00,151.627,151.627,148.617,149.308,2932
2021.04.21,00:00,147.498,150.597,146.397,150.597,2601
2021.04.22,00:00,149.997,149.997,147.246,147.437,3526
2021.04.23,00:00,147.006,151.087,146.556,150.297,2324
2021.04.26,00:00,150.567,152.406,149.887,150.657,2326
2021.04.27,00:00,149.987,151.547,149.987,151.367,2256
2021.04.28,00:00,152.186,152.746,151.386,152.307,2692
2021.04.29,00:00,153.536,155.237,152.276,155.207,2913
2021.04.30,00:00,154.066,154.366,152.996,153.847,3011
2021.05.03,00:00,154.726,155.407,153.116,153.357,2429
2021.05.04,00:00,152.967,155.556,152.126,155.546,4188
2021.05.05,00:00,155.846,158.267,154.557,157.537,2791
2021.05.06,00:00,157.296,160.797,157.146,160.797,3477
2021.05.07,00:00,156.996,161.486,156.996,161.357,2853
2021.05.10,00:00,161.496,163.677,161.107,161.327,3635
2021.05.11,00:00,160.556,162.247,158.017,158.537,5300
2021.05.12,00:00,159.776,160.707,157.006,157.696,5891
2021.05.13,00:00,157.406,162.376,157.406,161.736,5293
2021.05.14,00:00,162.386,164.357,161.987,164.267,2827
2021.05.17,00:00,162.797,164.826,162.796,164.727,3890
2021.05.18,00:00,164.676,165.367,162.186,162.457,3163
2021.05.19,00:00,160.417,161.127,158.626,161.127,5458
2021.05.20,00:00,160.726,161.766,159.496,160.827,3175
2021.05.21,00:00,161.056,163.146,160.876,162.727,2877
2021.05.24,00:00,163.206,164.157,162.086,163.756,2282
2021.05.25,00:00,163.796,165.517,161.536,161.927,3073
2021.05.26,00:00,163.616,163.616,161.266,161.867,2613
2021.05.27,00:00,163.736,164.717,162.546,164.717,2752
2021.05.28,00:00,164.396,164.567,163.236,164.387,2376
2021.06.01,00:00,165.926,166.876,165.446,166.086,2712
2021.06.02,00:00,166.346,167.007,165.496,166.147,2678
2021.06.03,00:00,164.816,167.217,164.626,166.227,3344
2021.06.04,00:00,165.706,166.636,165.016,166.476,1902
2021.06.07,00:00,166.197,166.836,165.126,165.706,2040
2021.06.08,00:00,164.436,165.716,163.147,165.156,2971
2021.06.09,00:00,163.397,163.977,162.247,163.177,2430
2021.06.10,00:00,163.996,164.826,160.306,160.536,2717
2021.06.11,00:00,160.397,161.006,159.056,160.317,2373
2021.06.14,00:00,159.906,160.257,156.647,157.577,2822
2021.06.15,00:00,156.297,156.627,154.116,155.217,2827
2021.06.16,00:00,154.497,157.587,153.096,156.457,4345
2021.06.17,00:00,156.997,157.237,151.217,151.877,4710
2021.06.18,00:00,148.997,149.577,147.566,148.037,5184
2021.06.21,00:00,149.046,151.107,149.006,150.577,3991
2021.06.22,00:00,150.247,150.927,148.636,150.267,3456
2021.06.23,00:00,150.297,151.977,150.086,151.207,2807
2021.06.24,00:00,151.816,153.097,151.186,152.497,3005
2021.06.25,00:00,152.606,154.446,151.646,154.196,2869
2021.06.28,00:00,153.417,154.457,152.116,154.457,3408
2021.06.29,00:00,154.806,156.226,153.606,154.277,3340
2021.06.30,00:00,153.657,156.046,153.546,155.627,3120
2021.07.01,00:00,155.597,157.127,155.356,157.127,2832
2021.07.02,00:00,155.946,156.297,155.097,156.097,2535
2021.07.06,00:00,155.497,155.497,152.306,153.646,3541
2021.07.07,00:00,152.007,154.187,151.517,153.697,3814
2021.07.08,00:00,151.606,152.506,150.036,150.977,5027
2021.07.09,00:00,153.007,156.136,152.516,155.826,3010
2021.07.12,00:00,154.246,159.097,153.896,158.436,3631
2021.07.13,00:00,156.027,157.266,153.497,155.717,4261
2021.07.14,00:00,155.947,157.136,152.926,155.506,4910
2021.07.15,00:00,153.926,156.437,153.506,155.447,3822
2021.07.16,00:00,155.826,155.826,150.996,151.927,3925
2021.07.19,00:00,148.497,149.367,145.696,147.097,5863
2021.07.20,00:00,146.517,151.097,146.296,149.787,4230
2021.07.21,00:00,151.796,153.617,151.276,152.947,2983
2021.07.22,00:00,152.607,152.806,149.957,150.927,3144
2021.07.23,00:00,151.477,152.767,150.246,150.676,3131
2021.07.26,00:00,149.667,151.906,149.667,151.647,2673
2021.07.27,00:00,149.896,152.467,149.766,151.427,4119
2021.07.28,00:00,151.926,152.676,150.846,151.827,3847
2021.07.29,00:00,153.017,153.806,151.876,153.077,2914
2021.07.30,00:00,151.997,153.556,151.177,151.847,3302
2021.08.02,00:00,152.026,154.206,151.036,151.197,3609
2021.08.03,00:00,150.997,153.286,149.496,152.966,2827
2021.08.04,00:00,151.097,153.297,150.516,151.316,2988
2021.08.05,00:00,151.647,153.666,151.647,153.146,2242
2021.08.06,00:00,154.686,157.746,154.686,157.557,2723
2021.08.09,00:00,156.697,158.536,156.266,157.326,2609
2021.08.10,00:00,156.716,159.947,156.256,159.317,2431
2021.08.11,00:00,159.836,161.477,159.077,161.227,2505
2021.08.12,00:00,161.616,162.286,160.536,161.866,2533
2021.08.13,00:00,161.747,161.756,159.546,159.987,2235
2021.08.16,00:00,158.957,158.987,156.747,158.987,3298
2021.08.17,00:00,156.997,158.747,155.236,157.057,4259
2021.08.18,00:00,156.167,157.977,155.347,155.577,3809
2021.08.19,00:00,152.976,155.497,152.976,154.317,4066
2021.08.20,00:00,154.296,154.877,153.027,154.727,3418
2021.08.23,00:00,155.066,157.076,155.066,156.687,2499
2021.08.24,00:00,157.007,158.366,156.697,157.767,2319
2021.08.25,00:00,158.336,161.766,157.726,160.997,2805
2021.08.26,00:00,161.797,163.786,161.136,161.777,3477
2021.08.27,00:00,161.407,163.116,161.236,163.106,2733
2021.08.30,00:00,162.656,162.946,159.846,160.506,2766
2021.08.31,00:00,160.286,161.237,159.316,160.216,3480
2021.09.01,00:00,160.217,160.727,158.946,159.717,3168
2021.09.02,00:00,160.007,161.567,159.406,160.447,2885
2021.09.03,00:00,160.407,160.766,159.137,159.616,2977
2021.09.07,00:00,159.796,161.236,158.947,159.216,3207
2021.09.08,00:00,158.007,159.496,158.007,158.567,3870
2021.09.09,00:00,158.057,160.787,157.996,159.276,4058
2021.09.10,00:00,160.477,160.537,157.206,157.377,3331
2021.09.13,00:00,157.976,159.997,157.496,159.917,4699
2021.09.14,00:00,160.317,161.176,156.246,157.127,3573
2021.09.15,00:00,156.786,158.676,156.446,158.217,2577
2021.09.16,00:00,158.946,160.497,157.196,158.237,3720
2021.09.17,00:00,157.217,158.807,156.976,158.167,4495
2021.09.20,00:00,153.957,154.457,150.467,153.147,5817
2021.09.21,00:00,153.626,154.406,152.537,153.206,5257
2021.09.22,00:00,155.106,157.206,155.106,156.037,3808
2021.09.23,00:00,156.996,161.677,156.996,161.217,3067
2021.09.24,00:00,161.306,163.566,160.396,163.067,2819
2021.09.27,00:00,164.137,167.377,164.136,167.017,3404
2021.09.28,00:00,166.796,169.167,165.636,166.146,6825
2021.09.29,00:00,165.606,166.836,164.996,165.997,4078
2021.09.30,00:00,166.466,166.466,162.736,164.257,4513
2021.10.01,00:00,163.047,168.267,163.046,167.236,4256
2021.10.04,00:00,166.496,170.187,165.706,167.047,5511
2021.10.05,00:00,167.067,170.036,166.236,168.886,3435
2021.10.06,00:00,167.227,169.087,165.946,169.087,3377
2021.10.07,00:00,170.677,171.447,169.487,170.137,3313
2021.10.08,00:00,169.677,171.286,169.226,170.277,3118
2021.10.11,00:00,170.366,171.087,166.427,166.687,3236
2021.10.12,00:00,165.666,166.586,164.746,165.496,2948
2021.10.13,00:00,163.927,164.117,160.586,161.077,3640
2021.10.14,00:00,161.546,163.967,160.046,163.527,3031
2021.10.15,00:00,165.076,167.137,164.136,166.966,2753
2021.10.18,00:00,165.896,168.366,165.896,166.587,2518
2021.10.19,00:00,167.096,168.637,166.566,168.637,2390
2021.10.20,00:00,167.696,170.847,167.436,170.847,3573
2021.10.21,00:00,170.317,171.096,168.676,169.657,3757
2021.10.22,00:00,169.497,172.037,169.497,171.937,2988
2021.10.25,00:00,172.236,172.656,170.476,171.006,2845
2021.10.26,00:00,170.706,172.457,170.467,171.606,3312
2021.10.27,00:00,170.106,170.557,167.316,167.906,3575
2021.10.28,00:00,168.297,170.457,167.936,170.457,2793
2021.10.29,00:00,170.946,171.787,169.366,169.947,2829
2021.11.01,00:00,171.296,172.216,168.996,169.897,2552
2021.11.02,00:00,169.746,171.606,168.877,170.617,2254
2021.11.03,00:00,169.217,171.036,168.846,170.597,2069
2021.11.04,00:00,169.776,169.876,166.476,168.317,2160
2021.11.05,00:00,168.427,170.027,167.386,168.217,1938
2021.11.08,00:00,168.757,170.826,168.716,169.067,2427
2021.11.09,00:00,167.247,168.376,166.576,167.816,2573
2021.11.10,00:00,167.196,168.916,167.017,167.907,2364
2021.11.11,00:00,167.487,168.656,166.857,167.767,1722
2021.11.12,00:00,167.526,167.656,165.706,166.877,2110
2021.11.15,00:00,166.436,167.727,165.996,166.537,1955
2021.11.16,00:00,166.997,166.997,165.106,165.477,2068
2021.11.17,00:00,164.996,165.456,163.317,164.506,2111
2021.11.18,00:00,164.317,164.616,162.546,163.017,2211
2021.11.19,00:00,161.197,162.066,159.396,161.067,2685
2021.11.22,00:00,164.157,165.906,162.957,164.527,3099
2021.11.23,00:00,165.327,168.506,164.996,168.307,3232
2021.11.24,00:00,167.807,169.367,166.416,166.996,2547
2021.11.26,00:00,162.027,162.597,158.796,162.406,2775
2021.11.29,00:00,163.147,164.586,159.787,161.497,2916
2021.11.30,00:00,159.137,160.487,158.276,158.917,3784
2021.12.01,00:00,160.696,163.107,157.836,158.296,3511
2021.12.02,00:00,159.007,163.186,158.706,161.207,4975
2021.12.03,00:00,161.017,161.667,157.146,158.397,4797
2021.12.06,00:00,160.217,162.546,159.446,160.216,39
2021.12.07,00:00,161.086,163.337,161.056,162.747,2697
2021.12.08,00:00,162.617,162.696,160.157,160.867,2889
2021.12.09,00:00,159.647,160.897,158.576,160.487,2935
2021.12.10,00:00,161.107,161.596,159.106,159.837,2869
2021.12.13,00:00,159.067,159.447,157.266,157.887,3324
2021.12.14,00:00,157.297,160.766,157.296,159.177,3659
2021.12.15,00:00,159.357,159.357,157.327,157.916,3922
2021.12.16,00:00,159.996,161.766,158.686,160.746,3794
2021.12.17,00:00,158.997,159.037,155.156,156.867,4183
2021.12.20,00:00,154.426,154.426,151.817,154.317,3973
2021.12.21,00:00,155.096,157.136,154.996,156.107,3095
2021.12.22,00:00,155.077,156.976,155.026,156.707,2768
2021.12.23,00:00,157.406,159.047,157.286,157.337,2398
2021.12.27,00:00,157.626,158.156,156.326,158.146,2363
2021.12.28,00:00,157.976,159.927,157.976,158.637,2444
2021.12.29,00:00,158.946,159.557,158.146,158.646,2165
2021.12.30,00:00,159.097,160.137,158.346,158.507,2275
2022.01.03,00:00,159.747,162.556,159.506,161.716,3359
2022.01.04,00:00,164.256,168.547,163.507,167.997,3734
2022.01.05,00:00,166.926,168.236,163.716,164.036,4152
2022.01.06,00:00,166.277,166.846,163.846,165.557,3997
2022.01.07,00:00,165.356,167.477,165.026,167.337,3557
2022.01.10,00:00,169.066,169.066,165.506,167.416,4423
2022.01.11,00:00,167.777,167.816,166.217,167.556,3242
2022.01.12,00:00,168.046,169.487,167.156,168.627,5869
2022.01.13,00:00,167.857,169.757,167.857,168.307,5685
2022.01.14,00:00,160.096,160.966,156.876,157.956,6359
2022.01.18,00:00,155.056,155.056,150.536,151.417,5279
2022.01.19,00:00,151.007,151.077,148.536,149.106,5938
2022.01.20,00:00,148.906,150.546,147.346,147.927,3796
2022.01.21,00:00,147.007,147.406,144.257,145.457,8868
2022.01.24,00:00,141.486,145.246,139.617,145.087,6626
2022.01.25,00:00,142.996,146.747,140.746,146.747,5514
2022.01.26,00:00,148.006,150.547,145.947,148.036,7116
2022.01.27,00:00,149.207,149.996,144.106,145.037,9295
2022.01.28,00:00,144.567,146.677,142.146,146.677,7401
2022.01.31,00:00,144.947,148.747,144.656,148.747,5996
2022.02.01,00:00,148.536,151.367,148.266,151.327,6010
2022.02.02,00:00,150.007,150.657,148.056,150.007,6285
2022.02.03,00:00,149.777,151.587,148.276,148.777,5776
2022.02.04,00:00,149.076,153.427,148.736,153.207,6432
2022.02.07,00:00,152.996,153.317,150.827,153.137,4662
2022.02.08,00:00,154.826,158.397,154.826,156.007,6346
2022.02.09,00:00,156.366,157.386,155.786,156.607,5016
2022.02.10,00:00,156.607,158.986,155.206,156.067,8810
2022.02.11,00:00,154.626,158.137,152.956,154.117,9838
2022.02.14,00:00,152.556,153.496,150.297,152.617,9347
2022.02.15,00:00,154.106,155.886,153.836,154.817,5764
2022.02.16,00:00,153.717,155.947,152.976,155.356,5916
2022.02.17,00:00,152.096,153.497,150.646,151.596,5391
2022.02.18,00:00,151.807,153.917,151.097,152.236,7227
2022.02.22,00:00,150.557,153.197,150.386,151.906,7831
2022.02.23,00:00,152.506,153.196,147.956,148.727,6763
2022.02.24,00:00,142.597,144.907,139.766,144.637,9487
2022.02.25,00:00,145.126,150.097,144.576,148.087,5326
2022.02.28,00:00,143.757,144.917,140.876,141.867,7369
2022.03.01,00:00,139.696,140.257,133.556,136.586,9150
2022.03.02,00:00,137.217,139.807,136.556,139.297,4909
2022.03.03,00:00,139.397,140.737,137.047,138.236,7147
2022.03.04,00:00,134.546,135.377,132.396,133.267,5547
2022.03.07,00:00,131.756,131.796,128.947,129.307,7115
2022.03.08,00:00,129.217,131.756,127.246,128.636,5521
2022.03.09,00:00,132.716,135.186,131.867,133.537,6489
2022.03.10,00:00,131.156,133.296,130.196,131.867,4793
2022.03.11,00:00,132.106,133.717,128.406,128.907,4829
2022.03.14,00:00,129.206,132.877,129.206,130.377,4955
2022.03.15,00:00,131.056,133.496,131.056,132.417,5077
2022.03.16,00:00,134.007,138.467,134.007,138.467,5298
2022.03.17,00:00,136.607,140.127,135.917,140.127,4605
2022.03.18,00:00,139.616,140.537,138.437,140.207,3921
2022.03.21,00:00,140.157,140.647,138.707,139.736,4410
2022.03.22,00:00,142.086,143.806,141.706,142.617,3587
2022.03.23,00:00,140.387,141.556,139.166,139.827,3190
2022.03.24,00:00,140.026,140.707,139.077,140.707,3232
2022.03.25,00:00,141.116,143.067,140.776,141.897,3294
2022.03.28,00:00,139.966,140.936,137.856,140.936,2989
2022.03.29,00:00,143.146,143.146,140.236,141.197,3350
2022.03.30,00:00,141.877,142.016,139.906,140.507,2416
2022.03.31,00:00,139.336,140.306,136.236,136.617,2690
2022.04.01,00:00,136.646,137.207,133.786,135.417,4047
2022.04.04,00:00,133.597,136.826,132.867,135.997,3235
2022.04.05,00:00,133.686,135.336,132.996,133.357,3365
2022.04.06,00:00,131.237,132.347,130.936,131.527,4255
2022.04.07,00:00,130.636,131.887,128.717,131.157,4088
2022.04.08,00:00,131.017,133.856,131.017,133.467,3331
2022.04.11,00:00,132.876,134.836,132.506,133.006,2951
2022.04.12,00:00,131.996,134.427,130.686,131.746,3425
2022.04.13,00:00,126.856,129.137,125.996,127.317,3295
2022.04.14,00:00,126.106,128.147,125.016,126.247,3569
2022.04.18,00:00,125.447,129.187,125.447,128.607,3434
2022.04.19,00:00,128.186,131.307,128.186,131.307,3660
2022.04.20,00:00,132.267,133.446,131.326,131.657,3940
2022.04.21,00:00,132.087,132.506,129.746,130.697,4612
2022.04.22,00:00,129.376,130.337,126.656,126.827,4738
2022.04.25,00:00,125.996,127.026,123.087,126.826,6665
2022.04.26,00:00,124.286,126.237,122.846,123.137,5481
2022.04.27,00:00,122.156,123.486,121.206,121.586,6303
2022.04.28,00:00,122.787,123.627,121.116,123.347,4643
2022.04.29,00:00,122.496,123.477,118.886,119.257,5838
2022.05.02,00:00,119.506,120.647,118.206,120.407,8804
2022.05.03,00:00,121.227,124.156,120.746,123.097,8275
2022.05.04,00:00,122.756,127.367,122.716,127.047,7663
2022.05.05,00:00,124.996,125.686,122.146,123.886,11658
2022.05.06,00:00,123.416,124.117,121.126,123.897,6224
2022.05.09,00:00,121.807,123.207,120.476,121.907,5467
2022.05.10,00:00,122.787,123.647,117.526,119.067,6211
2022.05.11,00:00,119.446,122.826,117.926,118.157,5679
2022.05.12,00:00,116.526,118.257,115.356,118.067,6133
2022.05.13,00:00,119.007,120.107,117.956,119.157,4187
2022.05.16,00:00,118.526,119.387,117.216,118.257,6004
2022.05.17,00:00,120.607,122.847,120.277,122.197,4054
2022.05.18,00:00,121.297,121.927,119.506,120.056,5526
2022.05.19,00:00,118.056,119.617,117.606,118.487,4932
2022.05.20,00:00,119.407,119.407,115.006,117.417,5734
2022.05.23,00:00,119.587,126.526,119.587,124.537,4693
2022.05.24,00:00,123.966,127.317,123.096,126.247,5228
2022.05.25,00:00,125.527,127.777,125.136,127.186,4854
2022.05.26,00:00,128.257,130.167,128.246,129.516,4111
2022.05.27,00:00,130.156,131.157,129.067,131.136,4262
2022.05.31,00:00,130.006,133.107,129.496,132.247,8253
2022.06.01,00:00,132.187,132.716,128.636,130.177,8674
2022.06.02,00:00,129.506,131.987,128.616,131.987,4141
2022.06.03,00:00,130.637,131.527,129.767,130.276,5122
2022.06.06,00:00,131.187,132.336,129.446,129.797,5172
2022.06.07,00:00,128.807,130.177,128.596,130.086,4291
2022.06.08,00:00,128.877,129.317,126.896,128.086,4812
2022.06.09,00:00,127.547,127.857,125.246,125.387,5038
2022.06.10,00:00,122.547,123.287,119.306,119.827,5434
2022.06.13,00:00,116.757,117.836,115.046,116.097,9541
2022.06.14,00:00,115.026,117.236,113.206,114.276,7302
2022.06.15,00:00,115.297,116.827,113.146,115.537,6248
2022.06.16,00:00,113.606,114.226,111.856,113.457,7546
2022.06.17,00:00,113.317,114.606,112.146,113.047,9085
2022.06.21,00:00,115.897,116.976,115.026,115.837,4422
2022.06.22,00:00,114.206,116.156,114.206,115.427,6047
2022.06.23,00:00,114.807,114.807,111.476,114.017,9089
2022.06.24,00:00,112.747,117.796,112.747,117.327,5150
2022.06.27,00:00,118.017,118.017,115.626,116.397,7026
2022.06.28,00:00,117.566,119.257,115.586,115.837,9302
2022.06.29,00:00,115.997,116.696,114.716,115.387,9692
2022.06.30,00:00,113.206,113.997,110.917,112.697,7647
2022.07.01,00:00,112.157,114.376,111.127,113.866,9593
2022.07.05,00:00,110.687,112.677,109.267,112.677,7215
2022.07.06,00:00,111.717,112.877,110.756,111.956,6302
2022.07.07,00:00,113.007,114.867,113.006,114.796,4693
2022.07.08,00:00,115.127,115.547,113.587,114.387,5758
2022.07.11,00:00,113.367,114.136,112.196,112.847,6766
2022.07.12,00:00,112.217,115.087,112.216,112.977,6677
2022.07.13,00:00,111.236,112.446,110.366,111.996,6655
2022.07.14,00:00,107.907,108.177,106.027,108.046,5326
2022.07.15,00:00,108.757,113.826,107.647,112.907,5585
2022.07.18,00:00,114.567,115.507,111.276,111.917,4733
2022.07.19,00:00,112.866,114.897,112.637,114.617,4215
2022.07.20,00:00,114.057,114.696,113.466,114.577,6796
2022.07.21,00:00,114.206,115.476,113.356,115.297,6978
2022.07.22,00:00,115.167,116.206,113.656,114.756,8362
2022.07.25,00:00,115.527,116.426,114.746,115.307,4900
2022.07.26,00:00,114.296,115.457,113.016,113.486,3708
2022.07.27,00:00,113.466,115.706,113.266,115.357,6220
2022.07.28,00:00,115.017,115.777,113.496,114.807,5591
2022.07.29,00:00,115.167,116.426,114.767,115.487,5053
2022.08.01,00:00,114.507,115.067,113.046,114.437,5785
2022.08.02,00:00,113.807,114.357,112.266,112.476,6091
2022.08.03,00:00,113.446,114.057,111.716,113.757,4334
2022.08.04,00:00,112.467,113.087,111.017,112.387,4741
2022.08.05,00:00,112.427,116.136,112.016,115.797,4253
2022.08.08,00:00,116.136,116.446,114.176,114.407,3568
2022.08.09,00:00,114.566,115.957,114.357,115.437,3965
2022.08.10,00:00,116.967,119.286,116.967,118.427,3288
2022.08.11,00:00,119.766,121.106,119.297,120.147,3751
2022.08.12,00:00,120.506,122.217,119.416,122.217,3156
2022.08.15,00:00,120.767,122.687,120.586,122.497,2226
2022.08.16,00:00,121.847,124.196,121.846,123.676,3119
2022.08.17,00:00,121.636,123.117,121.636,122.667,4386
2022.08.18,00:00,122.107,122.306,120.536,121.717,3675
2022.08.19,00:00,120.547,120.686,118.096,118.727,3345
2022.08.22,00:00,116.767,117.036,115.496,116.746,3196
2022.08.23,00:00,116.056,117.146,115.366,115.657,4073
2022.08.24,00:00,115.156,116.386,114.436,115.877,2763
2022.08.25,00:00,115.637,118.716,115.616,118.716,2787
2022.08.26,00:00,119.007,119.817,114.576,114.897,5068
2022.08.29,00:00,113.896,114.806,113.436,114.607,5412
2022.08.30,00:00,114.786,115.377,113.326,114.487,5634
2022.08.31,00:00,114.327,114.977,113.316,114.027,6522
2022.09.01,00:00,113.057,114.596,111.896,114.596,8060
2022.09.02,00:00,115.667,117.416,113.167,113.427,9149
2022.09.06,00:00,114.266,114.687,112.036,113.877,10609
2022.09.07,00:00,113.057,116.066,112.616,115.936,6830
2022.09.08,00:00,114.507,118.776,114.506,118.657,7889
2022.09.09,00:00,118.976,120.007,118.656,119.376,5666
2022.09.12,00:00,119.886,121.496,119.766,120.647,5730
2022.09.13,00:00,117.756,118.777,115.746,116.596,7701
2022.09.14,00:00,116.646,117.746,114.876,116.197,10102
2022.09.15,00:00,116.167,119.337,115.756,117.977,9007
2022.09.16,00:00,117.017,117.317,115.376,117.317,10013
2022.09.19,00:00,115.446,118.667,115.446,118.157,8367
2022.09.20,00:00,117.066,117.567,114.626,115.947,7520
2022.09.21,00:00,116.367,116.367,112.366,112.737,8621
2022.09.22,00:00,113.046,113.487,111.047,111.427,9642
2022.09.23,00:00,110.106,110.157,107.146,109.346,10003
2022.09.26,00:00,107.797,109.547,106.046,106.916,11481
2022.09.27,00:00,107.456,108.057,104.636,105.897,11791
2022.09.28,00:00,105.776,108.697,105.616,108.267,8796
2022.09.29,00:00,106.806,106.886,104.386,106.267,9879
2022.09.30,00:00,106.007,107.527,104.256,104.677,10380
2022.10.03,00:00,105.616,108.306,104.426,107.787,6812
2022.10.04,00:00,110.397,112.966,109.726,112.816,6859
2022.10.05,00:00,109.756,110.897,108.806,110.387,8245
2022.10.06,00:00,109.407,110.066,107.926,108.237,9851
2022.10.07,00:00,107.527,107.527,105.246,106.037,9655
2022.10.10,00:00,106.157,107.087,104.506,105.147,10116
2022.10.11,00:00,104.297,104.396,101.826,102.047,9849
2022.10.12,00:00,101.846,104.697,101.237,103.707,8325
2022.10.13,00:00,101.407,109.816,101.407,109.417,9311
2022.10.14,00:00,111.896,115.146,110.706,111.587,8477
2022.10.17,00:00,114.827,116.906,114.316,115.877,6110
2022.10.18,00:00,115.806,119.166,115.806,118.836,4821
2022.10.19,00:00,117.647,118.727,115.656,116.677,8706
2022.10.20,00:00,116.536,118.587,115.636,116.167,8766
2022.10.21,00:00,116.337,122.377,116.326,122.377,8044
2022.10.24,00:00,121.857,123.037,121.296,122.427,8672
2022.10.25,00:00,121.646,123.236,120.866,122.777,5301
2022.10.26,00:00,122.897,125.086,122.896,124.127,5365
2022.10.27,00:00,125.007,126.086,124.186,124.616,5900
2022.10.28,00:00,125.376,126.247,124.026,126.067,4756
2022.10.31,00:00,125.397,127.376,125.397,126.186,6746
2022.11.01,00:00,126.407,128.236,126.306,128.207,7583
2022.11.02,00:00,127.686,130.176,126.597,127.056,6051
2022.11.03,00:00,125.976,127.927,125.886,127.247,7036
2022.11.04,00:00,129.347,130.786,128.437,130.786,6433
2022.11.07,00:00,130.477,132.196,130.467,131.377,5387
2022.11.08,00:00,131.256,131.987,130.107,131.537,6854
2022.11.09,00:00,130.696,131.357,129.206,129.887,8879
2022.11.10,00:00,131.997,135.107,131.997,135.107,6157
2022.11.11,00:00,135.047,136.067,133.776,135.467,7516
2022.11.14,00:00,134.746,135.687,133.986,134.267,6682
2022.11.15,00:00,134.207,135.606,131.586,132.987,11160
2022.11.16,00:00,132.836,133.436,132.016,133.296,7534
2022.11.17,00:00,131.397,132.857,131.267,132.686,5388
2022.11.18,00:00,133.996,134.246,132.257,133.967,5979
2022.11.21,00:00,133.787,134.496,132.736,133.287,3908
2022.11.22,00:00,133.486,135.247,133.486,135.167,2926
2022.11.23,00:00,134.477,136.417,134.477,136.417,3760
2022.11.25,00:00,136.477,137.096,135.966,136.626,1552
2022.11.28,00:00,136.067,136.586,134.186,134.527,4041
2022.11.29,00:00,134.536,136.627,134.306,136.627,2937
2022.11.30,00:00,135.397,138.027,133.176,138.027,5419
2022.12.01,00:00,138.106,138.566,135.417,136.387,3943
2022.12.02,00:00,134.446,135.336,133.326,135.227,4247
2022.12.05,00:00,134.107,134.206,130.586,131.497,5253
2022.12.06,00:00,132.487,134.806,129.846,131.686,5709
2022.12.07,00:00,130.706,132.926,130.286,131.597,5805
2022.12.08,00:00,132.247,132.966,131.426,132.966,5369
2022.12.09,00:00,132.006,133.707,131.997,132.157,5604
2022.12.12,00:00,131.616,134.626,131.556,134.437,4567
2022.12.13,00:00,136.156,136.627,133.076,134.206,9637
2022.12.14,00:00,133.616,135.687,132.746,133.557,5528
2022.12.15,00:00,131.036,132.016,129.027,130.197,5783
2022.12.16,00:00,129.136,129.857,128.406,129.347,4958
2022.12.19,00:00,129.596,131.257,129.076,130.137,5510
2022.12.20,00:00,130.087,131.996,130.087,130.806,6887
2022.12.21,00:00,131.767,132.896,131.727,132.187,4858
2022.12.22,00:00,131.046,131.107,128.406,130.707,6579
2022.12.23,00:00,130.546,131.426,129.636,131.297,7414
2022.12.27,00:00,131.006,132.156,130.526,131.737,4777
2022.12.28,00:00,131.376,133.387,130.996,132.517,6345
2022.12.29,00:00,132.726,133.237,132.286,133.237,3496
2022.12.30,00:00,132.526,134.247,132.526,134.016,4730
2023.01.03,00:00,134.997,136.656,133.876,135.146,3395
2023.01.04,00:00,135.216,137.627,135.216,136.417,6547
2023.01.05,00:00,135.446,135.626,133.686,135.477,4244
2023.01.06,00:00,135.996,138.317,134.466,137.957,4898
2023.01.09,00:00,137.767,138.606,136.856,137.457,5672
2023.01.10,00:00,137.756,138.656,137.286,138.596,5978
2023.01.11,00:00,138.747,139.707,138.076,139.657,3468
2023.01.12,00:00,139.857,140.826,139.186,139.877,3262
2023.01.13,00:00,134.547,143.436,134.546,142.957,3351
2023.01.17,00:00,140.977,141.267,139.207,140.856,3494
2023.01.18,00:00,138.346,140.637,136.406,136.597,3811
2023.01.19,00:00,134.327,135.796,133.566,134.827,3750
2023.01.20,00:00,135.167,135.387,133.516,135.147,3039
2023.01.23,00:00,134.776,137.937,134.767,137.467,3869
2023.01.24,00:00,136.576,139.107,135.997,138.547,2793
2023.01.25,00:00,137.057,139.107,137.057,139.107,3848
2023.01.26,00:00,139.416,140.037,138.346,140.037,3844
2023.01.27,00:00,140.297,141.217,139.717,140.317,2905
2023.01.30,00:00,138.696,140.017,138.696,139.117,3341
2023.01.31,00:00,139.566,139.977,138.226,139.977,3664
2023.02.01,00:00,138.127,140.727,137.996,139.577,3533
2023.02.02,00:00,139.316,140.417,137.996,138.997,3918
2023.02.03,00:00,138.176,142.287,138.126,141.017,3344
2023.02.06,00:00,139.356,142.176,139.356,141.997,2594
2023.02.07,00:00,140.396,144.227,140.347,143.816,3457
2023.02.08,00:00,142.017,143.936,141.996,142.816,2933
2023.02.09,00:00,143.086,143.167,139.847,140.457,3241
2023.02.10,00:00,138.866,141.226,138.566,141.077,3433
2023.02.13,00:00,141.147,142.677,140.276,142.677,3410
2023.02.14,00:00,142.507,143.757,141.336,143.337,5061
2023.02.15,00:00,141.136,143.876,140.597,143.876,3322
2023.02.16,00:00,142.536,143.306,141.646,141.906,4319
2023.02.17,00:00,140.947,142.797,140.036,142.417,3679
2023.02.21,00:00,140.616,141.237,138.726,139.687,4746
2023.02.22,00:00,138.587,139.276,137.426,138.616,5821
2023.02.23,00:00,138.066,139.987,137.917,139.826,5678
2023.02.24,00:00,138.726,141.326,138.726,141.007,6630
2023.02.27,00:00,142.037,143.287,141.696,142.347,5152
2023.02.28,00:00,142.216,143.717,141.876,143.717,5181
2023.03.01,00:00,141.826,143.366,141.746,142.527,5862
2023.03.02,00:00,141.747,142.287,139.536,141.037,5603
2023.03.03,00:00,141.096,143.727,141.016,143.727,4315
2023.03.06,00:00,142.697,143.986,142.636,143.036,3768
2023.03.07,00:00,141.406,142.127,137.787,138.657,6277
2023.03.08,00:00,137.376,138.507,136.876,137.827,5926
2023.03.09,00:00,136.637,137.237,129.196,130.447,6125
2023.03.10,00:00,128.737,135.106,127.857,133.837,9937
2023.03.13,00:00,130.366,133.587,129.396,131.247,13353
2023.03.14,00:00,134.976,134.997,131.276,134.777,9145
2023.03.15,00:00,130.336,130.346,126.726,128.196,10060
2023.03.16,00:00,127.337,131.776,126.016,130.807,8683
2023.03.17,00:00,128.156,128.307,125.437,126.147,8017
2023.03.20,00:00,126.467,129.397,126.006,127.137,7238
2023.03.21,00:00,130.507,131.686,130.176,130.527,6379
2023.03.22,00:00,130.426,130.426,127.067,127.297,8204
2023.03.23,00:00,127.907,129.446,126.006,126.957,10403
2023.03.24,00:00,124.946,125.446,123.096,124.937,8287
2023.03.27,00:00,126.006,129.326,126.006,128.577,5943
2023.03.28,00:00,128.487,129.316,127.726,128.837,5253
2023.03.29,00:00,129.757,129.757,127.737,129.137,4343
2023.03.30,00:00,129.457,130.047,127.626,128.827,4436
2023.03.31,00:00,129.496,130.327,128.836,130.327,3348
2023.04.03,00:00,129.796,131.296,129.396,130.217,5446
2023.04.04,00:00,129.937,130.347,127.396,128.497,5049
2023.04.05,00:00,126.346,128.027,126.346,127.757,4775
2023.04.06,00:00,126.786,128.046,126.786,127.487,4066
2023.04.10,00:00,126.327,128.156,125.996,127.927,4751
2023.04.11,00:00,127.866,128.897,127.507,128.577,4079
2023.04.12,00:00,128.506,130.407,128.046,128.567,6228
2023.04.13,00:00,127.796,129.026,126.817,129.026,4057
2023.04.14,00:00,135.107,138.936,134.426,138.846,6000
2023.04.17,00:00,139.386,139.857,137.636,139.857,4440
2023.04.18,00:00,139.846,141.756,138.946,141.507,4571
2023.04.19,00:00,141.176,141.466,140.396,141.236,3860
2023.04.20,00:00,139.806,141.377,139.806,140.836,4052
2023.04.21,00:00,138.986,141.077,138.756,140.686,4600
2023.04.24,00:00,140.447,141.046,139.726,140.737,3485
2023.04.25,00:00,139.587,139.747,137.616,137.707,4742
2023.04.26,00:00,137.376,137.687,133.996,135.317,5205
2023.04.27,00:00,135.797,137.856,135.077,137.057,4574
2023.04.28,00:00,136.407,138.247,135.496,138.247,5445
2023.05.01,00:00,142.296,143.296,140.817,141.287,5151
2023.05.02,00:00,141.056,142.197,138.416,138.937,7049
2023.05.03,00:00,138.017,138.616,135.736,136.067,8011
2023.05.04,00:00,133.967,135.556,131.796,134.237,8831
2023.05.05,00:00,136.166,137.757,135.886,136.736,5585
2023.05.08,00:00,136.746,137.856,136.456,137.057,5792
2023.05.09,00:00,135.407,136.926,135.196,136.587,5163
2023.05.10,00:00,137.877,137.877,134.856,136.567,6595
2023.05.11,00:00,135.347,136.756,134.876,136.147,5138
2023.05.12,00:00,136.727,136.727,133.107,134.097,4630
2023.05.15,00:00,133.707,135.557,133.707,135.237,3848
2023.05.16,00:00,135.126,135.867,133.936,134.367,3820
2023.05.17,00:00,135.746,138.546,135.436,138.477,4227
2023.05.18,00:00,137.516,139.647,137.456,139.617,4558
2023.05.19,00:00,138.847,140.466,138.106,139.347,5231
2023.05.22,00:00,140.867,141.487,137.646,138.047,4141
2023.05.23,00:00,137.577,138.997,136.446,136.667,4661
2023.05.24,00:00,135.007,136.226,135.007,135.387,4272
2023.05.25,00:00,134.527,136.207,134.526,135.717,5197
2023.05.26,00:00,135.337,137.567,135.337,136.906,3645
2023.05.30,00:00,136.637,137.677,135.996,137.637,3974
2023.05.31,00:00,136.236,136.757,134.386,135.887,4541
2023.06.01,00:00,136.017,138.207,135.426,137.567,4178
2023.06.02,00:00,139.506,141.456,139.266,140.547,4331
2023.06.05,00:00,140.106,140.106,138.106,139.157,4311
2023.06.06,00:00,138.637,140.046,138.176,139.427,4596
2023.06.07,00:00,139.877,141.246,138.816,140.727,5137
2023.06.08,00:00,139.886,140.847,139.456,140.807,4260
2023.06.09,00:00,139.517,141.676,139.516,141.107,5178
2023.06.12,00:00,140.266,141.237,139.747,141.047,3219
2023.06.13,00:00,140.366,142.837,139.556,142.047,3744
2023.06.14,00:00,142.486,143.476,140.546,141.497,4409
2023.06.15,00:00,140.196,143.327,139.997,143.127,3297
2023.06.16,00:00,142.787,143.936,142.246,143.347,4737
2023.06.20,00:00,142.516,142.727,141.026,142.597,3116
2023.06.21,00:00,142.537,143.936,141.607,142.417,4704
2023.06.22,00:00,141.756,142.446,138.946,139.597,3981
2023.06.23,00:00,137.966,139.147,137.597,138.877,4069
2023.06.26,00:00,138.686,139.947,137.657,139.227,3874
2023.06.27,00:00,138.986,139.757,138.507,139.267,3498
2023.06.28,00:00,139.147,139.147,137.946,138.607,4277
2023.06.29,00:00,140.057,143.457,139.607,143.437,3861
2023.06.30,00:00,144.416,145.976,143.537,145.637,3345
2023.07.03,00:00,146.027,147.457,145.446,146.446,2122
2023.07.05,00:00,144.757,145.407,144.346,144.727,3084
2023.07.06,00:00,142.967,143.367,141.427,143.357,2825
2023.07.07,00:00,143.667,145.817,143.506,144.327,3531
2023.07.10,00:00,144.506,145.946,144.476,145.176,3920
2023.07.11,00:00,145.997,147.756,145.666,147.467,3597
2023.07.12,00:00,147.107,149.817,147.106,148.147,4103
2023.07.13,00:00,148.607,149.286,147.717,148.957,3512
2023.07.14,00:00,151.557,152.786,148.426,149.787,4480
2023.07.17,00:00,150.327,153.717,150.306,153.367,3389
2023.07.18,00:00,152.977,154.376,152.736,153.746,4202
2023.07.19,00:00,152.236,155.176,151.726,154.297,4770
2023.07.20,00:00,154.107,156.556,154.107,156.217,4688
2023.07.21,00:00,154.777,156.057,154.687,155.097,5086
2023.07.24,00:00,154.986,158.747,154.236,157.997,3640
2023.07.25,00:00,157.287,157.597,155.956,156.887,3653
2023.07.26,00:00,156.677,158.167,156.246,157.777,4068
2023.07.27,00:00,157.606,158.727,155.536,156.087,4494
2023.07.28,00:00,157.257,157.576,156.296,156.977,3515
2023.07.31,00:00,157.237,159.176,157.136,157.977,3660
2023.08.01,00:00,157.447,157.896,156.146,157.307,3453
2023.08.02,00:00,155.046,155.666,153.916,155.607,4336
2023.08.03,00:00,154.897,156.866,154.266,156.527,4471
2023.08.04,00:00,156.066,157.747,155.676,156.117,5229
2023.08.07,00:00,155.856,157.657,155.856,156.897,3498
2023.08.08,00:00,154.317,155.967,152.606,155.967,4695
2023.08.09,00:00,154.596,155.466,153.456,153.887,4578
2023.08.10,00:00,154.237,155.387,153.067,153.597,4905
2023.08.11,00:00,152.707,154.496,152.607,154.457,4520
2023.08.14,00:00,153.406,154.887,152.906,154.766,5351
2023.08.15,00:00,152.456,152.897,150.216,150.917,5372
2023.08.16,00:00,150.237,150.916,149.666,150.307,5823
2023.08.17,00:00,150.506,151.166,148.396,148.757,5457
2023.08.18,00:00,147.046,149.436,147.046,149.017,7517
2023.08.21,00:00,149.106,150.077,147.996,149.647,6009
2023.08.22,00:00,149.296,149.456,145.836,146.387,5186
2023.08.23,00:00,146.367,147.567,145.436,147.396,4238
2023.08.24,00:00,147.007,149.306,146.966,147.337,6106
2023.08.25,00:00,147.336,148.477,145.826,147.086,8321
2023.08.28,00:00,147.416,148.546,147.086,147.577,5917
2023.08.29,00:00,147.007,148.827,147.006,148.816,4986
2023.08.30,00:00,148.716,149.117,147.176,148.207,4331
2023.08.31,00:00,148.187,148.187,145.937,146.407,4430
2023.09.01,00:00,146.156,148.037,145.696,146.927,4425
2023.09.05,00:00,147.086,148.106,145.006,145.227,4277
2023.09.06,00:00,144.736,145.467,144.096,145.057,4409
2023.09.07,00:00,144.007,145.036,143.367,143.726,4357
2023.09.08,00:00,143.017,144.097,142.627,143.837,4280
2023.09.11,00:00,144.686,144.966,143.666,144.447,4032
2023.09.12,00:00,144.477,147.277,143.707,146.386,5148
2023.09.13,00:00,146.886,147.666,145.796,146.547,5413
2023.09.14,00:00,147.846,149.867,147.476,149.456,5102
2023.09.15,00:00,147.917,149.697,147.917,148.827,5210
2023.09.18,00:00,148.126,149.127,147.476,149.127,4331
2023.09.19,00:00,149.046,149.556,147.196,148.947,4531
2023.09.20,00:00,149.497,150.156,148.126,148.307,6627
2023.09.21,00:00,147.457,148.786,146.596,147.216,6136
2023.09.22,00:00,147.137,147.366,145.186,145.816,6330
2023.09.25,00:00,145.006,146.487,143.696,146.487,5612
2023.09.26,00:00,144.466,145.796,144.216,145.075,6240
2023.09.27,00:00,144.686,146.077,144.386,145.816,7615
2023.09.28,00:00,145.566,148.857,145.566,147.597,7550
2023.09.29,00:00,147.827,148.286,144.846,145.057,8607
2023.10.02,00:00,144.606,145.427,142.616,143.747,8081
2023.10.03,00:00,143.217,143.497,142.346,142.776,8274
2023.10.04,00:00,142.607,143.457,141.907,143.457,7605
2023.10.05,00:00,141.617,143.066,140.796,142.957,6744
2023.10.06,00:00,142.886,145.837,142.096,145.107,7999
2023.10.09,00:00,143.356,145.356,143.356,144.787,5875
2023.10.10,00:00,145.206,146.717,145.006,145.706,6064
2023.10.11,00:00,146.436,147.186,144.996,146.297,5495
2023.10.12,00:00,145.707,146.897,145.096,145.757,7342
2023.10.13,00:00,148.647,153.057,147.826,148.097,7766
2023.10.16,00:00,149.217,149.217,146.696,147.907,5967
2023.10.17,00:00,146.786,149.276,146.777,147.517,6833
2023.10.18,00:00,146.716,147.407,145.356,145.897,7083
2023.10.19,00:00,145.507,146.956,144.866,145.396,8562
2023.10.20,00:00,144.556,144.867,142.096,142.956,6615
2023.10.23,00:00,142.977,143.646,140.716,141.057,5450
2023.10.24,00:00,141.007,141.687,140.306,141.227,4632
2023.10.25,00:00,140.567,141.096,139.496,140.427,5682
2023.10.26,00:00,139.057,141.626,139.046,140.807,7265
2023.10.27,00:00,138.807,138.827,135.176,135.767,6667
2023.10.30,00:00,136.327,137.977,135.957,137.477,5409
2023.10.31,00:00,137.697,139.217,137.087,139.156,5345
2023.11.01,00:00,139.157,140.507,138.446,139.076,5175
2023.11.02,00:00,139.767,141.467,139.216,141.447,4031
2023.11.03,00:00,142.417,143.616,142.167,143.107,4929
2023.11.06,00:00,143.006,144.147,142.776,144.117,4069
2023.11.07,00:00,143.496,144.227,142.767,144.007,3988
2023.11.08,00:00,144.057,144.807,143.607,144.806,4773
2023.11.09,00:00,144.557,145.536,143.686,144.287,5029
2023.11.10,00:00,144.036,146.457,143.976,146.457,4360
2023.11.13,00:00,145.426,146.146,145.146,145.837,3302
2023.11.14,00:00,146.596,149.177,146.516,148.467,4196
2023.11.15,00:00,148.496,150.126,148.496,149.847,5029
2023.11.16,00:00,150.266,151.517,150.206,151.517,4867
2023.11.17,00:00,152.167,152.846,151.386,152.846,3875
2023.11.20,00:00,152.137,153.707,151.756,153.337,3799
2023.11.21,00:00,153.167,153.607,152.546,153.077,3997
2023.11.22,00:00,153.107,153.856,152.866,153.346,4093
2023.11.24,00:00,153.487,154.397,153.297,153.407,1625
2023.11.27,00:00,153.097,153.367,152.696,153.196,3472
2023.11.28,00:00,152.796,153.847,152.666,153.617,4340
2023.11.29,00:00,153.357,155.586,153.356,154.397,4423
2023.11.30,00:00,154.607,156.117,154.366,156.117,4468
2023.12.01,00:00,155.847,157.807,155.787,156.907,5678
2023.12.04,00:00,155.156,158.026,155.156,158.007,4369
2023.12.05,00:00,156.476,158.436,156.476,157.997,5015
2023.12.06,00:00,157.867,159.137,155.996,156.387,5925
2023.12.07,00:00,156.177,157.306,156.106,156.857,4733
2023.12.08,00:00,157.006,158.767,156.466,158.547,4835
2023.12.11,00:00,158.547,159.277,157.777,159.277,4114
2023.12.12,00:00,159.227,160.586,158.706,160.537,3317
2023.12.13,00:00,160.357,161.956,159.756,161.087,4419
2023.12.14,00:00,161.716,164.777,161.677,164.017,5617
2023.12.15,00:00,162.907,165.247,162.837,165.197,4856
2023.12.18,00:00,166.086,167.067,165.607,166.277,3908
2023.12.19,00:00,165.667,168.456,165.497,168.456,4228
2023.12.20,00:00,167.997,169.397,166.436,166.697,5133
2023.12.21,00:00,166.796,168.016,165.656,167.567,6381
2023.12.22,00:00,166.857,168.167,166.856,167.487,5359
2023.12.26,00:00,167.366,168.736,167.117,168.437,3207
2023.12.27,00:00,167.637,169.457,167.506,169.457,4223
2023.12.28,00:00,169.016,170.617,168.756,170.316,4321
2023.12.29,00:00,169.616,170.606,169.607,170.297,5237
2024.01.02,00:00,168.996,172.156,168.257,172.156,5252
2024.01.03,00:00,171.607,172.017,170.346,171.447,6578
2024.01.04,00:00,170.376,173.307,170.376,171.517,5686
2024.01.05,00:00,170.977,173.357,170.977,172.307,5894
2024.01.08,00:00,172.056,172.226,169.466,172.007,4521
2024.01.09,00:00,171.626,171.727,170.076,170.677,5079
2024.01.10,00:00,169.676,171.057,168.946,171.027,4184
2024.01.11,00:00,170.247,170.347,168.616,170.347,5591
2024.01.12,00:00,173.777,175.897,168.896,169.137,5375
2024.01.16,00:00,164.496,168.077,164.306,168.077,6178
2024.01.17,00:00,167.426,169.007,166.476,167.137,5663
2024.01.18,00:00,166.996,167.517,165.226,167.517,6100
2024.01.19,00:00,167.496,170.496,166.806,170.387,4920
2024.01.22,00:00,170.067,171.907,169.686,170.157,4949
2024.01.23,00:00,169.497,169.527,168.417,169.036,4243
2024.01.24,00:00,169.227,170.977,168.836,170.527,5309
2024.01.25,00:00,172.346,172.977,170.886,172.977,5433
2024.01.26,00:00,172.446,172.927,171.066,172.277,4551
2024.01.29,00:00,172.126,172.826,171.286,172.826,3888
2024.01.30,00:00,172.856,176.717,172.856,176.376,4433
2024.01.31,00:00,176.076,178.137,174.336,174.567,7134
2024.02.01,00:00,173.577,174.686,171.396,173.737,4566
2024.02.02,00:00,173.797,175.776,173.456,174.847,4096
2024.02.05,00:00,173.886,175.047,172.886,174.576,3236
2024.02.06,00:00,174.427,175.756,173.736,175.116,3277
2024.02.07,00:00,175.676,175.737,173.937,175.447,2276
2024.02.08,00:00,174.946,175.196,173.556,174.866,1887
2024.02.09,00:00,174.777,175.066,173.666,174.987,1829
2024.02.12,00:00,174.827,176.777,173.677,175.837,2094
2024.02.13,00:00,175.576,176.087,172.596,174.277,2885
2024.02.14,00:00,175.217,176.087,174.007,176.087,2160
2024.02.15,00:00,176.036,180.156,176.036,179.916,2868
2024.02.16,00:00,179.377,179.377,178.146,179.046,2440
2024.02.20,00:00,179.036,180.417,178.186,179.746,2622
2024.02.21,00:00,179.816,180.957,178.497,180.957,2553
2024.02.22,00:00,181.767,183.327,180.786,183.227,2518
2024.02.23,00:00,183.906,185.186,183.087,184.157,2410
2024.02.26,00:00,183.477,184.367,182.466,183.327,2155
2024.02.27,00:00,183.167,183.526,182.217,183.526,1919
2024.02.28,00:00,183.377,185.157,182.917,184.417,1830
2024.02.29,00:00,185.666,186.306,183.836,186.237,2267
2024.03.01,00:00,186.017,186.247,185.087,185.336,1838
2024.03.04,00:00,184.717,187.556,184.256,186.717,2145
2024.03.05,00:00,186.166,189.257,186.166,188.606,2473
2024.03.06,00:00,189.146,190.006,187.576,189.657,3122
2024.03.07,00:00,189.636,189.926,186.607,187.927,2302
2024.03.08,00:00,188.157,190.437,187.877,188.227,2993
2024.03.11,00:00,186.646,188.426,186.196,188.426,2141
2024.03.12,00:00,188.507,190.157,187.906,190.066,2168
2024.03.13,00:00,190.006,191.677,189.826,191.477,2119
2024.03.14,00:00,190.766,191.346,187.087,188.067,2650
2024.03.15,00:00,186.877,190.876,186.877,190.507,2683
2024.03.18,00:00,190.726,192.677,189.866,192.677,2114
2024.03.19,00:00,192.307,193.886,192.307,193.796,2303
2024.03.20,00:00,194.057,196.426,193.656,196.327,2695
2024.03.21,00:00,196.337,199.407,196.296,199.367,2601
2024.03.22,00:00,198.447,200.127,196.506,196.807,1991
2024.03.25,00:00,196.117,196.746,194.346,194.867,1680
2024.03.26,00:00,194.376,196.637,194.026,195.887,1702
2024.03.27,00:00,196.167,199.567,196.167,199.567,2215
2024.03.28,00:00,198.847,200.677,198.527,200.517,1909
2024.04.01,00:00,199.966,200.607,198.537,199.127,2185
2024.04.02,00:00,198.916,199.726,198.066,198.977,1950
2024.04.03,00:00,199.026,199.446,197.696,198.387,2271
2024.04.04,00:00,199.357,199.566,195.546,195.727,2987
2024.04.05,00:00,196.197,198.107,195.077,197.547,3362
2024.04.08,00:00,197.476,198.917,197.476,198.716,2472
2024.04.09,00:00,198.017,198.616,194.886,197.237,3353
2024.04.10,00:00,195.317,196.937,194.157,195.697,3933
2024.04.11,00:00,195.727,196.536,193.226,195.597,3552
2024.04.12,00:00,188.017,188.707,182.536,182.937,4017
2024.04.15,00:00,184.226,187.317,182.167,183.047,3273
2024.04.16,00:00,182.807,182.956,179.626,180.797,4463
2024.04.17,00:00,180.956,182.257,179.196,180.327,4287
2024.04.18,00:00,181.227,183.336,180.007,181.286,4477
2024.04.19,00:00,181.656,185.857,181.407,185.857,5138
2024.04.22,00:00,185.857,190.087,185.856,189.527,3560
2024.04.23,00:00,191.127,192.177,190.496,192.166,3161
2024.04.24,00:00,190.507,193.186,190.037,193.186,3578
2024.04.25,00:00,192.527,193.906,191.126,193.477,4186
2024.04.26,00:00,193.277,194.827,192.947,193.716,3575
2024.04.29,00:00,193.557,194.226,192.376,193.297,3014
2024.04.30,00:00,192.746,194.947,191.616,191.827,4086
2024.05.01,00:00,192.317,194.386,190.736,192.047,5400
2024.05.02,00:00,193.387,193.387,189.496,191.697,4175
2024.05.03,00:00,192.116,192.157,188.426,190.587,4029
2024.05.06,00:00,191.507,192.187,189.796,192.187,3118
2024.05.07,00:00,191.206,192.876,191.206,191.837,3342
2024.05.08,00:00,190.946,196.607,190.946,195.877,3123
2024.05.09,00:00,194.996,197.536,194.996,197.517,3031
2024.05.10,00:00,197.997,199.297,197.997,198.896,2943
2024.05.13,00:00,198.837,199.777,198.006,198.687,2761
2024.05.14,00:00,198.897,201.567,198.146,201.567,3345
2024.05.15,00:00,201.737,202.476,199.766,202.307,3252
2024.05.16,00:00,202.207,204.426,201.896,202.796,2872
2024.05.17,00:00,203.507,205.017,202.476,204.917,2184
2024.05.20,00:00,204.117,205.697,195.386,195.627,2724
2024.05.21,00:00,196.757,199.827,196.546,199.777,2220
2024.05.22,00:00,198.767,200.856,197.666,198.437,2374
2024.05.23,00:00,197.836,198.257,196.046,197.037,3604
2024.05.24,00:00,197.346,200.647,197.346,200.577,2413
2024.05.28,00:00,199.486,200.366,198.476,199.636,2302
2024.05.29,00:00,197.526,198.956,196.846,198.067,2365
2024.05.30,00:00,198.306,199.806,198.306,199.377,3192
2024.05.31,00:00,199.247,203.212,198.316,203.212,3464
2024.06.03,00:00,201.986,202.257,199.106,201.766,2732
2024.06.04,00:00,200.197,201.897,198.256,199.167,2667
2024.06.05,00:00,199.346,199.687,196.896,197.287,2410
2024.06.06,00:00,197.276,197.967,195.307,196.977,2507
2024.06.07,00:00,196.996,200.906,196.996,200.017,3424
2024.06.10,00:00,198.376,200.767,198.337,199.856,2220
2024.06.11,00:00,197.317,197.317,193.586,194.347,2552
2024.06.12,00:00,195.856,196.497,191.296,191.537,3825
2024.06.13,00:00,192.007,194.527,190.856,193.737,3103
2024.06.14,00:00,191.376,194.796,191.316,193.857,2996
2024.06.17,00:00,193.097,195.557,192.436,194.996,2231
2024.06.18,00:00,194.036,197.846,194.036,197.187,1684
2024.06.20,00:00,196.466,199.416,196.006,198.756,2362
2024.06.21,00:00,196.476,196.797,194.176,196.607,2268
2024.06.24,00:00,197.557,199.176,197.066,199.127,2523
2024.06.25,00:00,197.817,199.826,197.716,198.177,2288
2024.06.26,00:00,197.136,197.726,196.246,197.607,2166
2024.06.27,00:00,197.107,199.796,196.856,199.216,2101
2024.06.28,00:00,199.646,202.487,199.136,202.300,2840
2024.07.01,00:00,202.806,206.836,202.467,205.487,2686
2024.07.02,00:00,204.856,208.817,204.696,208.817,2237
2024.07.03,00:00,209.407,209.826,207.626,208.136,1338
2024.07.05,00:00,206.686,207.017,204.496,204.807,1928
2024.07.08,00:00,204.797,206.686,203.946,205.127,1670
2024.07.09,00:00,205.596,209.667,205.426,207.637,2083
2024.07.10,00:00,206.107,207.926,205.406,207.836,1748
2024.07.11,00:00,205.956,208.066,205.317,207.507,3305
2024.07.12,00:00,204.196,207.416,202.076,204.976,2278
2024.07.15,00:00,207.507,211.567,206.686,210.157,2144
2024.07.16,00:00,209.507,213.706,207.976,213.607,2239
2024.07.17,00:00,213.817,217.486,213.256,216.956,2669
2024.07.18,00:00,215.607,216.446,209.206,209.996,3010
2024.07.19,00:00,210.917,212.227,208.816,209.877,2820
2024.07.22,00:00,210.346,212.066,209.696,210.417,2018
2024.07.23,00:00,211.206,211.387,209.307,210.267,1723
2024.07.24,00:00,210.077,211.697,208.026,208.657,2185
2024.07.25,00:00,208.666,210.137,208.036,208.757,2715
2024.07.26,00:00,209.236,213.126,208.596,212.337,2451
2024.07.29,00:00,212.677,213.197,210.506,210.937,1682
2024.07.30,00:00,213.076,215.726,212.927,215.397,1792
2024.07.31,00:00,214.466,216.246,212.617,212.837,1898
2024.08.01,00:00,213.176,213.617,206.376,207.847,2296
2024.08.02,00:00,204.377,204.377,196.876,199.107,2986
2024.08.05,00:00,193.076,196.077,190.856,194.907,2215
2024.08.06,00:00,194.896,202.456,193.987,200.607,2326
2024.08.07,00:00,203.296,205.666,200.196,200.437,2285
2024.08.08,00:00,202.037,204.856,201.686,204.462,1887
2024.08.09,00:00,203.046,206.367,202.626,205.957,1277
2024.08.12,00:00,206.467,206.956,203.577,206.187,1323
2024.08.13,00:00,207.226,208.046,205.336,208.036,1118
2024.08.14,00:00,207.246,210.707,207.006,210.387,1257
2024.08.15,00:00,212.547,213.757,211.016,211.567,1126
2024.08.16,00:00,211.617,214.027,211.616,214.027,919
2024.08.19,00:00,213.877,215.476,213.606,215.446,901
2024.08.20,00:00,214.897,215.926,213.656,214.507,1099
2024.08.21,00:00,214.427,214.737,212.786,214.557,1706
2024.08.22,00:00,214.346,216.777,214.346,216.777,1508
2024.08.23,00:00,217.026,219.106,216.496,218.327,1849
2024.08.26,00:00,219.036,219.387,217.956,219.277,1015
2024.08.27,00:00,219.816,220.387,219.176,220.387,986
2024.08.28,00:00,219.166,222.167,219.166,221.332,1850
2024.08.29,00:00,222.037,222.937,218.936,222.497,1629
2024.08.30,00:00,222.407,225.336,221.816,225.067,1135
2024.09.03,00:00,222.077,223.957,219.216,220.287,1650
2024.09.04,00:00,220.607,221.736,217.176,219.337,1283
2024.09.05,00:00,220.246,220.306,216.006,217.597,1463
2024.09.06,00:00,217.566,218.646,211.106,212.547,1849
2024.09.09,00:00,215.327,218.117,214.127,216.967,1353
2024.09.10,00:00,218.596,218.596,200.586,205.737,2597
2024.09.11,00:00,205.156,207.556,201.816,207.487,2185
2024.09.12,00:00,207.557,208.346,204.896,206.747,1339
2024.09.13,00:00,206.666,207.637,202.997,204.387,1334
2024.09.16,00:00,206.086,208.197,205.596,208.197,1178
2024.09.17,00:00,207.716,209.847,207.626,209.476,1440
2024.09.18,00:00,208.997,210.937,206.666,207.766,1984
2024.09.19,00:00,209.476,211.846,207.316,210.727,1660
2024.09.20,00:00,209.757,211.337,209.426,211.107,1490
2024.09.23,00:00,210.637,211.727,209.967,211.507,1175
2024.09.24,00:00,211.057,212.827,210.356,211.976,1312
2024.09.25,00:00,211.807,212.057,208.576,210.256,1458
2024.09.26,00:00,210.257,211.306,208.996,210.007,1538
2024.09.27,00:00,210.006,212.327,209.276,210.546,1139
2024.09.30,00:00,206.106,210.947,205.237,210.947,1392
2024.10.01,00:00,208.487,208.666,206.146,207.097,1820
2024.10.02,00:00,207.056,208.857,205.506,207.307,1048
2024.10.03,00:00,205.897,206.406,204.326,205.277,1280
2024.10.04,00:00,208.827,211.587,206.897,211.417,1497
2024.10.07,00:00,211.077,213.186,209.646,210.856,1297
2024.10.08,00:00,210.217,211.287,208.376,210.877,1107
2024.10.09,00:00,209.497,214.137,209.136,213.467,1412
2024.10.10,00:00,214.537,214.537,211.447,212.967,1507
2024.10.11,00:00,215.967,224.457,215.036,222.307,1795
2024.10.14,00:00,222.207,222.367,218.866,221.637,1253
2024.10.15,00:00,223.177,225.216,221.806,222.427,1959
2024.10.16,00:00,222.277,223.666,221.026,223.666,1164
2024.10.17,00:00,224.217,225.767,223.216,224.687,947
2024.10.18,00:00,223.957,225.867,223.116,225.516,1209
2024.10.21,00:00,225.006,225.277,222.886,223.187,1195
2024.10.22,00:00,223.196,225.177,221.096,224.227,1332
2024.10.23,00:00,223.667,224.727,222.516,223.416,1235
2024.10.24,00:00,221.797,225.047,221.587,225.047,1081
2024.10.25,00:00,224.516,225.386,220.856,222.377,1304
2024.10.28,00:00,222.996,225.616,222.886,225.616,1133
2024.10.29,00:00,224.937,226.556,222.806,223.057,1130
2024.10.30,00:00,222.265,226.247,221.576,224.716,1185
2024.10.31,00:00,224.186,224.997,221.767,222.207,1403
2024.11.01,00:00,223.257,226.056,222.546,223.096,1279
2024.11.04,00:00,222.936,223.176,219.147,219.757,1304
2024.11.05,00:00,219.877,221.907,219.777,221.577,1148
2024.11.06,00:00,236.076,247.747,235.716,247.406,2194
2024.11.07,00:00,243.847,243.856,235.146,236.517,1635
2024.11.08,00:00,238.156,238.847,235.617,237.297,1508
2024.11.11,00:00,239.927,241.917,239.036,239.376,1647
2024.11.12,00:00,240.007,240.907,238.736,239.817,1531
2024.11.13,00:00,240.007,243.957,239.996,241.497,1788
2024.11.14,00:00,242.227,244.167,241.027,242.057,1471
2024.11.15,00:00,242.356,246.287,242.356,245.756,2034
2024.11.18,00:00,246.857,246.896,242.676,245.076,1338
2024.11.19,00:00,242.056,245.116,241.496,243.137,1634
2024.11.20,00:00,243.996,244.357,238.566,240.707,1478
2024.11.21,00:00,243.046,245.376,241.996,244.917,1715
2024.11.22,00:00,243.517,249.027,243.466,248.836,1410
2024.11.25,00:00,250.206,251.326,249.026,250.277,1545
2024.11.26,00:00,250.446,250.776,248.246,250.156,952
2024.11.27,00:00,248.996,251.047,248.736,249.627,792
2024.11.29,00:00,249.786,251.697,249.356,249.897,589
2024.12.02,00:00,249.727,249.746,245.016,246.497,1141
2024.12.03,00:00,247.947,248.707,244.616,244.847,929
2024.12.04,00:00,244.675,244.936,242.186,243.397,1058
2024.12.05,00:00,245.317,247.096,244.056,245.697,898
2024.12.06,00:00,245.606,247.696,244.786,247.657,989
2024.12.09,00:00,246.596,247.397,243.736,243.916,1054
2024.12.10,00:00,243.837,246.276,242.186,243.117,1260
2024.12.11,00:00,243.497,244.077,242.166,243.607,1074
2024.12.12,00:00,242.777,243.936,241.016,241.767,1201
2024.12.13,00:00,242.096,242.136,239.076,239.977,1011
2024.12.16,00:00,240.466,240.466,237.486,239.967,873
2024.12.17,00:00,238.267,238.707,236.586,238.707,1042
2024.12.18,00:00,238.877,238.877,229.106,230.677,1517
2024.12.19,00:00,232.616,236.057,232.086,233.057,1505
2024.12.20,00:00,231.697,239.117,231.697,237.917,1442
2024.12.23,00:00,235.457,238.527,234.727,238.437,982
2024.12.24,00:00,239.057,242.396,238.876,242.217,514
2024.12.26,00:00,240.907,243.237,240.657,243.237,751
2024.12.27,00:00,240.996,243.286,239.996,241.297,1161
2024.12.30,00:00,238.417,240.706,237.016,239.527,1086
2024.12.31,00:00,239.636,241.276,238.997,239.566,930
