date,open,high,low,close
2017-01-03,13.7869629107768,13.988790988987803,13.651636519879922,13.790828704833984
2017-01-04,13.784642169430285,13.841865063246775,13.662461844199713,13.692621231079102
2017-01-05,13.635395572826898,13.687206940300861,13.445940717667753,13.476871490478516
2017-01-06,13.47146086013925,13.679476280414393,13.40186476543086,13.65550422668457
2017-01-09,13.660145826832705,13.78773769754825,13.659371487968501,13.684890747070312
2017-01-10,13.725098361649227,13.976416245606318,13.679474327185106,13.96327018737793
2017-01-11,13.923061799372078,13.955541256721459,13.74597862384502,13.874344825744629
2017-01-12,13.77150216447159,13.849604214329469,13.563488144536812,13.831045150756836
2017-01-13,13.834134470638265,13.979512534895013,13.794697761406919,13.953994750976562
2017-01-17,13.878981634630229,13.890580489878294,13.730510682718222,13.850369453430176
2017-01-18,13.947030880849528,14.31125028450769,13.919193037548952,14.307384490966797
2017-01-19,14.313570215932193,14.451215178626725,14.28109224074351,14.349141120910645
2017-01-20,14.584225995892464,14.811571892545205,14.545560674231949,14.7760009765625
2017-01-23,14.7705835402963,14.810794577780639,14.5703012165962,14.769810676574707
2017-01-24,14.902821714931656,15.437938619289572,14.868797997842373,15.291786193847656
2017-01-25,15.459585246975564,15.666053444647352,15.313432872253308,15.657546043395996
2017-01-26,15.80911097046311,15.873294060348329,15.55315294960662,15.78823184967041
2017-01-27,15.881802240716098,15.913507358282198,15.739517118531312,15.907320022583008
2017-01-30,15.809886102338181,15.842364083816934,15.512944135980721,15.71477222442627
2017-01-31,15.65677663303101,15.65677663303101,15.377619355777528,15.42711067199707
2017-02-01,15.63976671945053,15.812209796366545,15.482015433984447,15.751119613647461
2017-02-02,15.618103726919118,15.854729750995613,15.543094669621109,15.778947830200195
2017-02-03,15.848551018157634,15.976142874317008,15.70007856380796,15.942117691040039
2017-02-06,15.941341193211521,15.980779364274214,15.79828324318034,15.97304630279541
2017-02-07,16.023311227024195,16.03800301208121,15.847000956755636,15.922782897949219
2017-02-08,15.927427658751212,16.14240182579616,15.864791757000994,15.99856948852539
2017-02-09,16.03259570346033,16.060433556038287,15.746479688297267,15.878711700439453
2017-02-10,15.929744873422877,15.968408712038954,15.763487712498117,15.892626762390137
2017-02-13,15.990062655269309,16.015581912827653,15.86556372274707,15.984649658203125
2017-02-14,16.006302046991348,16.007076385828093,15.836951930998351,15.877937316894531
2017-02-15,15.91581951474538,16.002427422180116,15.83694319196277,15.92896556854248
2017-02-16,15.965315597497282,16.1014148447347,15.866334460863786,16.09832191467285
2017-02-17,16.161732931115225,16.270767211914062,15.993155682229146,16.270767211914062
2017-02-21,16.316390547757642,16.51899149823299,16.309430348247638,16.45171546936035
2017-02-22,16.47104480556561,16.620290102767754,16.355051823118405,16.560747146606445
2017-02-23,16.631889714501053,16.699940074576315,16.211221733708953,16.283910751342773
2017-02-24,16.113788039592585,16.28932547977687,15.667600757592911,16.26767349243164
2017-02-27,16.290870591483895,16.50584472910054,16.25375247888674,16.492698669433594
2017-02-28,16.55920293354004,16.574669060639888,16.262260962864442,16.310977935791016
2017-03-01,16.47646051424853,16.655863750936174,16.282365489501153,16.636531829833984
2017-03-02,17.33017195083373,17.397447982955537,16.70458140102486,16.80278968811035
2017-03-03,16.857696075207734,17.01235443275076,16.834498354028266,16.882442474365234
2017-03-06,16.731642779797255,16.898674265718046,16.63884898477204,16.853050231933594
2017-03-07,16.806651428340583,17.118286594763312,16.787319511117158,16.954349517822266
2017-03-08,16.952026687810005,17.10823066381643,16.90021533369264,16.98373031616211
2017-03-09,16.91800774664971,17.233508743790612,16.86697071219082,17.16777992248535
2017-03-10,17.223455481697414,17.5080256760493,17.223455481697414,17.503385543823242
2017-03-13,17.46549770794566,17.611648624929746,17.426832390671084,17.51112174987793
2017-03-14,17.380433293620232,17.497973483426303,17.28377222501698,17.34872817993164
2017-03-15,17.347190639833553,17.526593939222337,17.262901251471074,17.470916748046875
2017-03-16,17.515191459169586,17.54160282379268,17.211463729244716,17.272830963134766
2017-03-17,17.36293914609975,17.37769904857968,17.155534513631153,17.181169509887695
2017-03-20,17.181162264721532,17.29457433245848,17.150089734679735,17.185823440551758
2017-03-21,17.26350643911676,17.320988852255837,16.741499099322795,16.780338287353516
2017-03-22,16.780339093075277,16.962886545148933,16.731401180423557,16.88909149169922
2017-03-23,16.87666164603917,16.969877773104844,16.81218746682293,16.845590591430664
2017-03-24,16.934921456114584,17.198254229969464,16.913947642885248,17.009492874145508
2017-03-27,16.84325830947436,17.103484106932893,16.776453548596137,17.01570701599121
2017-03-28,16.97375805008881,17.22776991348345,16.961328741506215,17.16329574584961
2017-03-29,17.1516480653869,17.194372063626187,17.064647331005887,17.191265106201172
2017-03-30,17.2370901738804,17.435172347048965,17.000943710802314,17.092605590820312
2017-03-31,17.088728945122867,17.16640881105651,16.93647617083369,17.008718490600586
2017-04-03,17.011818840991317,17.088722308067098,16.830049299497094,16.99628257751465
2017-04-04,16.94735126316719,17.121354222123358,16.924824709510716,17.008718490600586
2017-04-05,17.053778215299396,17.128349664491996,16.84093600008882,16.86656951904297
2017-04-06,16.833158239238525,16.970651075805954,16.746933892889125,16.895301818847656
2017-04-07,16.89529772815341,17.07706724705458,16.85956551189411,16.95355796813965
2017-04-10,16.861908204696956,17.01571374853086,16.798986744750916,16.93570327758789
2017-04-11,16.822286983319717,16.96521739715376,16.625757479095387,16.899188995361328
2017-04-12,16.75314691533624,16.789656988704447,16.191524140766305,16.250560760498047
2017-04-13,16.25134083621688,16.62109542181068,16.235028199276865,16.415245056152344
2017-04-17,16.49758393771738,16.651389415196242,16.482824040534624,16.613325119018555
2017-04-18,16.55040943026393,16.600901566946863,16.472729561894862,16.553516387939453
2017-04-19,16.606339877751985,16.687903076565128,16.56594646287019,16.594688415527344
2017-04-20,16.70111152601183,17.021151940280784,16.64052213445917,16.950462341308594
2017-04-21,16.889090692115428,16.95977878482131,16.791213389825693,16.907733917236328
2017-04-24,17.14309945255418,17.237091929824896,17.064643240304356,17.185823440551758
2017-04-25,17.24641564071177,17.40022113386618,17.240978095220758,17.338077545166016
2017-04-26,17.360614028732595,17.39479205610242,17.15709267657252,17.220012664794922
2017-04-27,17.31399826172544,17.40721439359054,17.24952407918961,17.32953453063965
2017-04-28,17.309332022718134,17.333411304326017,17.071631346727656,17.15241813659668
2017-05-01,17.251860143663627,17.265065828270355,17.082518314635717,17.192047119140625
2017-05-02,17.35828124145492,17.516746486663383,17.206028431248043,17.512863159179688
2017-05-03,17.439843855284693,17.570344989598826,17.36527093189347,17.470138549804688
2017-05-04,17.498103725052978,17.544712545832287,17.233994482073232,17.353620529174805
2017-05-05,17.474797236316498,17.59364689001253,17.404109131975247,17.590539932250977
2017-05-08,17.595971114568627,17.64102420824661,17.389342941146346,17.484111785888672
2017-05-09,17.526061432012593,17.819690351740597,17.45537334506065,17.746671676635742
2017-05-10,17.826683611847116,18.1319640417052,17.764540016663844,17.969614028930664
2017-05-11,17.919122272251876,18.010006330074123,17.729583059245464,17.950969696044922
2017-05-12,17.98126314651119,18.336257784350284,17.93154739196843,18.329267501831055
2017-05-15,18.30207996726675,18.63532442895809,18.254694800278582,18.5677433013916
2017-05-16,18.638433235724012,18.74330081958776,18.541333785659805,18.6959171295166
2017-05-17,18.487734094646004,18.563083360254033,17.95096836410736,17.95796012878418
2017-05-18,17.989033124095638,18.53589610880353,17.686081834540623,18.46132469177246
2017-05-19,18.38752539911935,18.409275577687755,18.025539014413944,18.184782028198242
2017-05-22,18.295865353284416,18.563860768545723,18.194106213990064,18.51725196838379
2017-05-23,18.51491694157902,18.55997151161985,18.319941730322725,18.374317169189453
2017-05-24,18.523470829938095,18.643873215501507,18.40772813996679,18.612024307250977
2017-05-25,18.72932140611304,18.764277272318314,18.54444335156464,18.709901809692383
2017-05-26,18.713006479020468,18.76738193499714,18.512593660815003,18.73708724975586
2017-05-30,18.6819315661228,18.7510669122791,18.56541253505319,18.62911033630371
2017-05-31,18.838845784199965,18.867586246810003,18.453554976882057,18.602699279785156
2017-06-01,18.767378880812817,18.788352690882004,18.16225571689234,18.22284507751465
2017-06-02,19.30647829176293,19.87198599746647,18.96546565674179,19.771778106689453
2017-06-05,19.730605944224738,19.94655500431731,19.435424298050535,19.59156036376953
2017-06-06,19.479704323340663,19.834700505591254,19.468052862667797,19.71973419189453
2017-06-07,19.70575206612845,19.874315987236898,19.650600238763236,19.75235939025879
2017-06-08,19.808286630911706,19.893734615986958,19.600105695016662,19.80440330505371
2017-06-09,19.84790301958933,19.885965834560935,18.755728399367342,18.902542114257812
2017-06-12,18.674168052153536,18.884679601227305,18.312957958018526,18.850500106811523
2017-06-13,19.028387690344402,19.257542481084382,18.772821537630282,18.871475219726562
2017-06-14,18.920412027099665,19.0276102067031,18.458995515056355,18.685043334960938
2017-06-15,18.35895452366468,18.682696675023614,18.353493823434015,18.56568145751953
2017-06-16,18.63901824102566,18.678024320480066,18.342579476821122,18.429950714111328
2017-06-19,19.09771550871451,19.09771550871451,18.749788507741847,18.812196731567383
2017-06-20,18.878503531180332,19.007219822929933,18.71078117531782,18.721702575683594
2017-06-21,19.00175943045682,19.18352337717174,18.872261973777466,19.12189483642578
2017-06-22,19.152323461588225,19.222532902840086,18.962758267794097,19.037647247314453
2017-06-23,18.998641214019383,19.25841582924647,18.940132854796758,19.1328182220459
2017-06-26,19.18977013610287,19.338769919203646,18.816100421713557,18.937015533447266
2017-06-27,18.828588408707734,18.87773474256879,18.35038550386553,18.358186721801758
2017-06-28,18.456472031749637,18.85744524865433,18.29343065929135,18.804397583007812
2017-06-29,18.621073008597183,18.642134650510002,17.986847527819048,18.257543563842773
2017-06-30,18.43151264239069,18.464276858311997,18.16549607494932,18.18031883239746
2017-07-03,18.294207841103127,18.351155362436668,17.870612200484338,17.92365837097168
2017-07-05,18.020392433521604,18.124145754094926,17.872952016356386,18.067977905273438
2017-07-06,17.752037282179973,18.389381459826648,17.74735625603299,18.335554122924805
2017-07-07,18.35583647246866,18.73730585810266,18.353495959536083,18.692840576171875
2017-07-10,18.76227635313692,18.87383091916129,18.62965865189533,18.86056900024414
2017-07-11,18.87851127177907,18.925317079976757,18.674902955863015,18.791919708251953
2017-07-12,18.95651808723897,19.282602329287066,18.805179276714114,19.22331428527832
2017-07-13,19.277917116415868,19.492445275852038,19.233451837029893,19.292739868164062
2017-07-14,19.39572103057481,19.533799435843022,19.33487213798498,19.525217056274414
2017-07-17,19.564218201972967,19.68669414358014,19.41365759089881,19.42613983154297
2017-07-18,19.28884045681572,19.575138915119965,19.195228863034842,19.571237564086914
2017-07-19,19.658611947929582,19.856758042542083,19.545496565185616,19.845836639404297
2017-07-20,19.85363584295587,19.892640425088192,19.68591346151391,19.770164489746094
2017-07-21,19.621944014960615,19.77718415335565,19.538472663386106,19.745201110839844
2017-07-24,19.75924372078114,19.78966741485345,19.6344272684434,19.73896026611328
2017-07-25,19.72102602467259,19.846622197989813,19.516638004869883,19.838041305541992
2017-07-26,19.86845798678505,20.141494537575653,19.86299728552783,20.049442291259766
2017-07-27,20.1430553193928,20.16489961390381,19.42068037612263,19.57670021057129
2017-07-28,19.418340605001447,19.589962875833052,19.30756572970653,19.531455993652344
2017-07-31,19.579044857085947,19.693721103776735,19.148427523380132,19.242040634155273
2017-08-01,19.364514751136436,19.502593146322717,19.265440947070893,19.376996994018555
2017-08-02,19.8614374474157,20.070506431688568,19.585282182494407,19.764705657958984
2017-08-03,19.721803840425554,19.736625109996094,19.286505489188674,19.525217056274414
2017-08-04,19.56031927956868,19.578262223735813,19.35593279315769,19.437843322753906
2017-08-07,19.45500786321566,19.728044488525306,19.416782943982497,19.69293975830078
2017-08-08,19.657049266930517,19.837253889739205,19.53535300569165,19.60868263244629
2017-08-09,19.46592650777841,19.530675256296284,19.309126988806952,19.437843322753906
2017-08-10,19.242032700547053,19.2685565283249,18.758367888831643,18.777870178222656
2017-08-11,18.726383563928547,19.13125805959324,18.62107090248721,19.047786712646484
2017-08-14,19.257636895104994,19.60010171107214,19.190547644546072,19.573577880859375
2017-08-15,19.745981950208524,19.819311579296745,19.60166320512089,19.790447235107422
2017-08-16,19.839595740214566,19.87236143915191,19.643790149307765,19.769386291503906
2017-08-17,19.736618336416416,19.834131275801735,19.241253913716854,19.26465606689453
2017-08-18,19.2942982416354,19.61804188369077,19.20068666200367,19.453439712524414
2017-08-21,19.650032975819617,19.650032975819617,19.20459439527162,19.472949981689453
2017-08-22,19.64534940675985,19.985473731346286,19.580600665093783,19.90746307373047
2017-08-23,19.80838896998432,20.19766105961403,19.767043875746342,20.04241943359375
2017-08-24,20.178940204715513,20.232767543386927,19.588401805336265,19.896541595458984
2017-08-25,19.67811091883601,19.84583328895336,19.01736316469084,19.15856170654297
2017-08-28,19.27167597939328,19.318481769728372,18.91750864442522,18.976016998291016
2017-08-29,18.823123524171386,19.079778031926416,18.72483087828089,18.85744857788086
2017-08-30,18.844180743487005,19.217070726134462,18.79113308512801,19.192106246948242
2017-08-31,19.238917380899597,19.699958344202763,19.155446013738466,19.664073944091797
2017-09-01,19.684354147272387,19.91916579705339,19.682013634094563,19.715559005737305
2017-09-05,19.511951932565115,19.715560224396192,19.270120216232076,19.428482055664062
2017-09-06,19.550181067505385,19.604788092902965,19.32317058655557,19.454227447509766
2017-09-07,19.486206839069354,19.502588942360322,19.200689544028414,19.23345375061035
2017-09-08,19.18431038727332,19.221755628573728,18.96432145454568,19.04311180114746
2017-09-11,19.27479758902352,19.365288988737934,19.191326240016192,19.326284408569336
2017-09-12,19.47606522106213,19.48230708515757,19.151541853560023,19.27947998046875
2017-09-13,19.176511982923873,19.33955338974055,19.12424398136645,19.20927619934082
2017-09-14,19.082892102624953,19.308341673284193,18.975237436633645,19.26465606689453
2017-09-15,19.317705877986857,19.595421974682854,19.12111913939309,19.545495986938477
2017-09-18,19.664560681746043,19.803987866388734,19.47343769063335,19.56821632385254
2017-09-19,19.673961463424934,19.727224489820156,19.45150604550691,19.56351661682129
2017-09-20,19.561945726046826,19.572911772174447,18.63139304746111,19.02695655822754
2017-09-21,18.991707999983735,19.0105071492968,18.656459242922228,18.82878303527832
2017-09-22,18.66899026075591,18.8577646084135,18.651758330418264,18.739486694335938
2017-09-25,18.578909653972513,18.62747399092034,18.135566231334934,18.447317123413086
2017-09-26,18.632957945221854,18.79510003049713,18.43165184122877,18.585176467895508
2017-09-27,18.759854568656422,19.00815783034641,18.687790911067527,18.844449996948242
2017-09-28,18.760640551647445,19.062208371025854,18.759857689351225,19.02931022644043
2017-09-29,19.02930298913119,19.134263269362293,18.917290974867992,18.997970581054688
2017-10-02,19.21494552291269,19.21494552291269,18.779435149924126,18.835832595825195
2017-10-03,18.805283269933273,18.873429624289187,18.63374234386413,18.75985336303711
2017-10-04,18.70345836249966,18.981526839122193,18.603979582366676,18.955678939819336
2017-10-05,19.055154402539575,19.24862742672994,18.984657965351285,19.08648681640625
2017-10-06,18.822514788045545,19.249409157683647,18.822514788045545,19.248624801635742
2017-10-09,19.268993189783842,19.366904739026634,19.221211708340313,19.301891326904297
2017-10-10,19.38883403543488,19.4381812340019,19.03713626738555,19.268207550048828
2017-10-11,19.20710847279769,19.673951162244517,19.201625451156765,19.613637924194336
2017-10-12,19.6152141873772,19.682577701165123,19.44758901227957,19.48362159729004
2017-10-13,19.594054854335095,19.648102209987375,19.384132809461523,19.422513961791992
2017-10-16,19.47108291631781,19.540796491835458,19.239228729377505,19.321474075317383
2017-10-17,19.25646832062864,19.264301427264282,18.9823155644304,19.004247665405273
2017-10-18,19.05985695602509,19.160118601367977,18.783354195587748,19.112337112426758
2017-10-19,18.86324351364522,19.141311888729227,18.67055340352143,19.135046005249023
2017-10-20,19.34418907095252,19.347323507576494,19.093535733832823,19.131134033203125
2017-10-23,19.204765100294008,19.24158054074751,19.01129205738808,19.133485794067383
2017-10-24,19.19614422942634,19.436614342229085,19.12094764329356,19.400583267211914
2017-10-25,19.2595910155143,19.498495411725642,19.130348559833195,19.254892349243164
2017-10-26,19.36847189609287,19.413903300529878,19.093536376953125,19.093536376953125
2017-10-27,19.156984543676508,19.816516063460305,19.01755738419683,19.809467315673828
2017-10-30,19.840792496446753,20.537922116074295,19.838442416527343,20.461942672729492
2017-10-31,20.56143205806966,20.89041503075926,20.46743628272456,20.671876907348633
2017-11-01,20.69772272991614,20.807383211778344,20.122002212115543,20.309993743896484
2017-11-02,20.53557278744171,20.729047269766717,19.493794123745367,20.326435089111328
2017-11-03,20.681268006785775,21.775526927554996,20.139230137955277,21.433229446411133
2017-11-06,21.7990264089622,22.07317903489542,21.15124388751609,21.737930297851562
2017-11-07,21.3478502854803,21.50137641656879,20.95620409569953,21.252288818359375
2017-11-08,21.096415299591193,21.448113131865068,20.932707469811696,21.336885452270508
2017-11-09,21.042365457576235,21.1802253741381,20.561423714740364,20.807376861572266
2017-11-10,20.819133298877464,20.885712449275346,20.64759233600307,20.754119873046875
2017-11-13,20.561423990057403,20.834009390581283,20.487011755366122,20.75802993774414
2017-11-14,20.624087455850944,20.802678613120243,20.464295446400076,20.620954513549805
2017-11-15,20.54576045560504,20.91390886059678,20.211294546029745,20.80424690246582
2017-11-16,20.898242446028775,21.513126889194666,20.84419507667375,21.314170837402344
2017-11-17,21.287545474615925,21.31417773683376,21.025926002973957,21.29459571838379
2017-11-20,21.354121518517925,21.677621435962667,21.25777716516317,21.531147003173828
2017-11-21,21.626703678531815,21.791977227809376,21.53349079513421,21.665084838867188
2017-11-22,21.6987691614879,21.752816536689583,21.475530912444718,21.56952667236328
2017-11-24,21.671355225374725,22.16639610193251,21.65882195869767,22.118616104125977
2017-11-27,21.95255501985743,22.377100908227767,21.91417385443511,22.294071197509766
2017-11-28,22.312865279599706,22.315998221818635,21.684664797352337,21.72852897644043
2017-11-29,21.77552769055378,21.78649373612793,20.74706500488743,21.266387939453125
2017-11-30,21.28831740592507,21.802940116364006,21.155942013246936,21.77082633972168
2017-12-01,21.556989181435718,21.580488490312728,20.682835508571273,21.271087646484375
2017-12-04,21.455162442427994,21.502942429624454,20.376568187822155,20.64837074279785
2017-12-05,20.573960659558473,20.844978886808164,20.40085249731768,20.494848251342773
2017-12-06,20.273955108406295,20.711815536828095,19.911291270243456,20.67030143737793
2017-12-07,21.531923307050867,21.595369496324636,20.49641044291275,20.67030143737793
2017-12-08,20.817558742493937,20.90920439378508,20.31076913737716,20.358549118041992
2017-12-11,20.31390141872347,20.64366708862858,20.27082010551752,20.361682891845703
2017-12-12,20.31547598226073,20.43453528910119,20.030357246434345,20.263778686523438
2017-12-13,20.397716232308625,20.623304511215085,20.37969994663471,20.524608612060547
2017-12-14,20.548892845306035,20.60059013328698,20.107116564018614,20.313905715942383
2017-12-15,20.494851426343228,20.835583286197174,20.229314687346534,20.814434051513672
2017-12-18,20.822316245179465,21.013916653629416,20.704831827414285,20.846757888793945
2017-12-19,20.76081445507701,20.917722534603058,20.600752663467862,20.792354583740234
2017-12-20,20.984743380666664,21.001301496112582,20.719812029616005,20.9453182220459
2017-12-21,20.96976011197076,20.993415205724975,20.584980211964176,20.62125015258789
2017-12-22,20.64411844963071,20.766334194488127,20.398112359720642,20.685909271240234
2017-12-26,20.282201442580853,20.685906622997116,19.9794240611846,20.350799560546875
2017-12-27,20.40914543289599,20.62755460100442,20.38233663129091,20.431222915649414
2017-12-28,20.51322967381145,20.563692072297524,20.386282617764234,20.533729553222656
2017-12-29,20.48248172970706,20.65437184707519,20.235686051502903,20.256187438964844
2018-01-02,20.48247696315925,21.091976513488735,20.30901078184125,21.053340911865234
2018-01-03,21.07541884908238,21.346657622137236,20.97607015706938,21.283578872680664
2018-01-04,21.414467957501813,21.427872361118467,21.165306668464577,21.29067611694336
2018-01-05,21.44443073713413,21.624993906277023,21.245731844309358,21.416833877563477
2018-01-08,21.361640558878257,21.490163732300495,21.214983164073544,21.46808624267578
2018-01-09,21.530372743095807,21.59266343548071,21.146380905889394,21.17082405090332
2018-01-10,20.972124679324025,20.98474102945229,20.558170335641236,20.723752975463867
2018-01-11,20.78209827383073,20.804175756360678,20.622824577317317,20.776578903198242
2018-01-12,20.76790913184032,20.920085874405796,20.65909780550297,20.8388729095459
2018-01-16,20.909047011468136,21.052552173880933,20.631500829620126,20.75687026977539
2018-01-17,20.93270953146474,21.015500133045936,20.53688924441734,20.958728790283203
2018-01-18,20.93112997062722,21.293833983209,20.853858749692655,21.273332595825195
2018-01-19,21.222082088961713,21.244947632763377,20.979228176923,21.004459381103516
2018-01-22,20.946112238835234,21.03442220668741,20.54950393174953,20.666988372802734
2018-01-23,20.63780578666786,20.848331433638766,20.351586555829453,20.729270935058594
2018-01-24,20.57709181561329,20.758442992990318,20.185215000391704,20.25302505493164
2018-01-25,20.322414378632217,20.330299409822345,19.475581880502666,19.49844741821289
2018-01-26,19.666398395966237,19.787036541343863,19.336812143400696,19.77442169189453
2018-01-29,19.576507144091952,19.671914068710656,19.19882421718154,19.354944229125977
2018-01-30,19.02220114510572,19.32024868778749,18.687883664403365,19.000911712646484
2018-01-31,19.712125156154897,19.95970879842458,19.30684391106966,19.556793212890625
2018-02-01,19.059256896540187,19.388842993331938,18.773824255868888,18.828229904174805
2018-02-02,18.668959822206556,18.762789130358474,18.457646113934114,18.567245483398438
2018-02-05,18.50416785243947,19.239035308271045,17.945920281374594,17.98534393310547
2018-02-06,17.78979815107622,18.95517944476214,17.733026836070437,18.953601837158203
2018-02-07,18.825871833013245,19.168074415136097,18.687099475228035,18.71706199645996
2018-02-08,18.717850521931634,18.80694853190806,18.096524096578005,18.101255416870117
2018-02-09,18.35514724900166,18.696561800782224,17.839478434892026,18.56882667541504
2018-02-12,18.75491181036848,19.355738459711628,18.72652689146898,19.27058219909668
2018-02-13,19.003282498611036,19.399102723871195,18.92837694276596,19.385698318481445
2018-02-14,19.317888374284543,19.605685306329445,19.198038280962763,19.527626037597656
2018-02-15,19.65535597631511,19.857208568931977,19.272941729358493,19.856420516967773
2018-02-16,19.812269165511346,19.899001518820906,19.557588470340328,19.624608993530273
2018-02-20,19.613567025822103,20.16471764608975,19.5165839953749,19.682165145874023
2018-02-21,19.908465703609007,19.985736925863083,19.589916668978756,19.603321075439453
2018-02-22,19.642739196198097,19.956555293487718,19.575717187937467,19.660873413085938
2018-02-23,19.88085831467179,20.108730096047974,19.734987529075255,20.004650115966797
2018-02-26,19.86666999948805,20.062215171465365,19.790976404068818,19.944730758666992
2018-02-27,19.876920626230117,20.159198136035858,19.84459244833095,19.854843139648438
2018-02-28,20.033826931890356,20.066153600606476,19.395153021197206,19.433000564575195
2018-03-01,19.385699754174208,19.64274612801903,19.02693900617192,19.184635162353516
2018-03-02,18.957546547282426,19.805168625334492,18.941777988370458,19.780725479125977
2018-03-05,19.704238387929745,19.81778101288355,19.19329958346894,19.474000930786133
2018-03-06,19.657721959191033,19.81463002585576,19.500813892526303,19.787822723388672
2018-03-07,19.60884158178826,19.664824871291103,19.265062826538667,19.479530334472656
2018-03-08,19.574929674624116,19.5780833861733,19.390423261796187,19.471637725830078
2018-03-09,19.60016121078697,20.049597448529592,19.525255672468493,20.010173797607422
2018-03-12,20.551864489708194,20.839661369857623,20.47065001934094,20.72454261779785
2018-03-13,21.007606197429187,21.592662541862744,20.518746325214035,20.596805572509766
2018-03-14,20.658311394360762,20.68511869818119,20.118197987378444,20.547134399414062
2018-03-15,20.794715070505926,21.20236198765795,20.77658085324897,21.11247444152832
2018-03-16,20.737157082967567,20.784467270770776,20.05984898615225,20.096118927001953
2018-03-19,19.956558159110457,20.223855170816677,19.14205378024677,19.31394386291504
2018-03-20,19.32577101342944,19.558374190506647,19.024569713208518,19.109725952148438
2018-03-21,19.247331248810276,20.04816953773915,19.20572920032231,19.680952072143555
2018-03-22,19.36334049255921,19.738560147005938,19.32093883435922,19.486547470092773
2018-03-23,19.471341373697562,19.61854850684146,19.233730697488255,19.399337768554688
2018-03-26,19.814554364763374,19.907358211343592,19.24172709660238,19.819355010986328
2018-03-27,19.847361246610163,20.340984080486674,19.32893557630591,19.550546646118164
2018-03-28,19.527348056154587,19.755358995217954,18.848913960273425,18.935317993164062
2018-03-29,19.04812193585427,19.2681322791161,18.781708895055004,18.85291290283203
2018-04-02,18.71690543625929,18.890513074351343,18.03607264835479,18.215280532836914
2018-04-03,18.469698942181953,18.959322372726305,18.17768491821504,18.943321228027344
2018-04-04,18.40489211898942,19.03452318623636,18.360891266320305,18.960119247436523
2018-04-05,19.261734881971385,19.335337696847265,18.8009123488129,18.905717849731445
2018-04-06,18.699302766197718,18.924113737278375,18.221679593292606,18.310483932495117
2018-04-09,18.399291456919087,19.173729335729085,18.341689787104404,18.78011131286621
2018-04-10,19.165725736290725,19.325734079488644,19.01371948880062,19.180927276611328
2018-04-11,19.050520217175205,19.258530445616827,18.967316125798558,19.22652816772461
2018-04-12,19.315333664468834,19.41213857716477,18.968916462660893,19.15532684326172
2018-04-13,20.000970512486205,20.160978886967275,19.592950530917133,19.75615882873535
2018-04-16,19.928166257339317,19.992169298601386,19.65535335118298,19.9505672454834
2018-04-17,20.07217800869486,20.228984961069266,19.97217313879598,20.140180587768555
2018-04-18,20.08097241032147,20.134574553501746,19.797758626907754,19.96816635131836
2018-04-19,19.48414035125715,19.703351064344254,19.253729146477728,19.429737091064453
2018-04-20,19.29853968748414,19.328941253578037,18.801715258756083,18.970523834228516
2018-04-23,19.040122661123306,19.066524697606706,18.570499985015186,18.676904678344727
2018-04-24,18.860114589826843,18.890516150316483,18.136080437283365,18.27208709716797
2018-04-25,18.32088851928711,18.48889746357479,18.069676991123842,18.32088851928711
2018-04-26,18.48089672097769,18.551299610967167,18.264885877161866,18.434494018554688
2018-04-27,18.686505901218354,18.736908124178743,18.456894248445934,18.623302459716797
2018-04-30,18.60730253676335,18.730509504689152,18.266487047007747,18.354490280151367
2018-05-01,18.468890669795048,18.468890669795048,18.109673808243933,18.431289672851562
2018-05-02,18.664906093308858,18.67610658824865,18.14488115202172,18.30008888244629
2018-05-03,18.12008311178344,18.231288481906198,17.815267843334272,18.020877838134766
2018-05-04,17.892866593647682,18.568099193798624,17.759260267895947,18.442493438720703
2018-05-07,18.504896363117187,18.952919179889744,18.48089617625811,18.878515243530273
2018-05-08,18.860115931500772,19.11772885167004,18.78651311199701,19.108928680419922
2018-05-09,18.864910969422105,19.131323981610894,18.72490481855079,19.044919967651367
2018-05-10,19.179326135555463,19.499341289045436,19.089722197768793,19.481740951538086
2018-05-11,19.447347616493524,19.56095330824364,19.328941275893243,19.47134780883789
2018-05-14,19.703353279069248,19.874560596188548,19.504942802843324,19.58174705505371
2018-05-15,19.3857381451949,19.556145860600353,19.080922990384863,19.327335357666016
2018-05-16,19.372138039899536,19.377738286498932,19.12012541697406,19.241731643676758
2018-05-17,19.050518628260413,19.333732354984093,19.040917335312507,19.156923294067383
2018-05-18,19.18972787579237,19.250530986532688,18.8713119065897,18.88011360168457
2018-05-21,19.157729788271272,19.24093390265447,18.93451948427838,19.124929428100586
2018-05-22,19.22013006495661,19.310533608887855,19.007319170347948,19.080123901367188
2018-05-23,18.89930851545323,19.251325876702907,18.883308905450487,19.245725631713867
2018-05-24,19.26973640401364,19.54975031119284,19.200932707789622,19.483346939086914
2018-05-25,19.52414257679304,20.05536940958551,19.52414257679304,20.003366470336914
2018-05-29,19.892162075974785,20.089771423200883,19.87856125966094,19.976165771484375
2018-05-30,20.09537510451586,20.163377671756212,19.94736835008754,19.95296859741211
2018-05-31,19.94176162553971,20.424183864057014,19.920959841689044,20.16657257080078
2018-06-01,20.350589718278087,20.617002818459646,20.20418214790143,20.508197784423828
2018-06-04,20.64099702811506,20.749803556577262,20.499390147228095,20.67059898376465
2018-06-05,20.757807555080156,20.909015766195004,20.644203404339137,20.74180793762207
2018-06-06,20.860209945313724,21.10342240956914,20.77780696708343,21.08262062072754
2018-06-07,21.041015239391843,21.319429865193438,21.034615394277694,21.17542266845703
2018-06-08,20.540191856809567,20.795404378097125,20.300180875373407,20.63859748840332
2018-06-11,20.629800330939002,20.94501642988814,20.506594890511288,20.867412567138672
2018-06-12,20.827413476027598,20.939418433913275,20.673005333268257,20.915416717529297
2018-06-13,20.941814998128,21.286631507382566,20.857809768843442,21.087421417236328
2018-06-14,21.20102271852093,21.526638096327943,21.129019123061074,21.47783660888672
2018-06-15,21.604244260174138,21.74585114300886,21.307429678259837,21.61944580078125
2018-06-18,21.521044470412185,21.521044470412185,21.139426517852197,21.161027908325195
2018-06-19,20.755640181093515,21.17156414159463,20.605648685328774,21.15696907043457
2018-06-20,21.20156872995468,21.405882785171972,21.139950229911623,21.17886734008789
2018-06-21,21.208049608369443,21.288314771008338,20.95346782411865,21.051570892333984
2018-06-22,21.175620721549507,21.201564941559113,20.99563027895797,21.056438446044922
2018-06-25,20.7896939342809,20.7896939342809,20.304043598072436,20.46538734436035
2018-06-26,20.512413018438327,20.642947537099616,20.313775886760673,20.394041061401367
2018-06-27,20.43863158805044,20.687538040313676,20.013789407151688,20.034870147705078
2018-06-28,19.967574362054464,20.05189422318274,19.64245593041435,19.855688095092773
2018-06-29,20.021901114805843,20.021901114805843,19.666785208854098,19.672460556030273
2018-07-02,19.465714539595094,19.638407458523222,19.24923948961744,19.624624252319336
2018-07-03,19.730832234070963,19.733264746143288,19.377337043598562,19.400850296020508
2018-07-05,19.603541767475594,19.913254828076767,19.513546554447977,19.896228790283203
2018-07-06,19.855686325567692,20.155670836497713,19.816769232143574,20.081079483032227
2018-07-09,20.18810594629305,20.206754176093966,19.906769587455564,20.060815811157227
2018-07-10,20.134592406809706,20.41511840316896,20.030003672758827,20.31458282470703
2018-07-11,19.85974468679688,20.069732491369777,19.670024207997105,19.73731803894043
2018-07-12,16.789370534991534,17.048815841152543,16.0094124261182,17.024492263793945
2018-07-13,17.228807054533156,17.350421853870174,16.36939405328,16.414796829223633
2018-07-16,16.34507014460303,16.7326174691718,16.258317750999492,16.47884750366211
2018-07-17,16.394524537916848,16.95233216388448,16.378308822339523,16.88909149169922
2018-07-18,16.800712931732246,17.01637754784472,16.75287766904083,16.92719268798828
2018-07-19,16.88747065341675,17.146105592156843,16.867201782386502,17.056110382080078
2018-07-20,17.034221566953473,17.124216788896355,16.925578115211135,17.05286979675293
2018-07-23,17.05935497010063,17.726616417518485,17.0585446481725,17.57094955444336
2018-07-24,17.658516101636838,17.86850396146312,17.512577709210845,17.621219635009766
2018-07-25,17.651208160180204,18.53818714067802,17.651208160180204,18.32090187072754
2018-07-26,18.363879377685347,18.62900001755317,17.964171066599402,18.09470558166504
2018-07-27,18.161995221149752,18.590081748511942,17.842553675513773,17.922008514404297
2018-07-30,17.926880890968377,18.48712124137868,17.922015865167026,18.257673263549805
2018-07-31,18.378468954521725,18.55359588170226,17.96173469362016,17.980382919311523
2018-08-01,18.1011920825566,18.156323359411868,17.52879083899691,17.577436447143555
2018-08-02,17.372309138759395,17.69580539336531,17.289611464349115,17.54094886779785
2018-08-03,17.492303292138217,17.67472467848436,17.38284953248109,17.659320831298828
2018-08-06,17.563651575887363,17.699859884348697,17.501222767842584,17.589595794677734
2018-08-07,17.77363984174088,17.98606014973748,17.605000110316514,17.86201286315918
2018-08-08,17.88066078684585,17.936602376001222,17.751748478479026,17.7930965423584
2018-08-09,17.849041586497645,17.857149445054766,17.507708937247095,17.559598922729492
2018-08-10,17.253936040046288,17.389334007284837,17.063405262629235,17.206911087036133
2018-08-13,17.159890710545614,17.34879933132034,17.062597953761077,17.113676071166992
2018-08-14,17.154214731243602,17.154214731243602,16.769910289143905,16.807205200195312
2018-08-15,16.63127106561131,16.829908200597416,16.439929921305346,16.74883270263672
2018-08-16,16.84531107606288,16.933684097895696,16.757748376091932,16.91990089416504
2018-08-17,16.861523719785737,17.12258958199535,16.662074782583485,16.966922760009766
2018-08-20,16.983952434919356,17.026112369328814,16.690455084244803,16.760181427001953
2018-08-21,16.82504743206568,17.142866899230338,16.791805668411673,17.067466735839844
2018-08-22,17.06259561332476,17.16475183412406,16.81774388428665,16.826662063598633
2018-08-23,16.8420724571103,16.951526246069918,16.64343375572074,16.668567657470703
2018-08-24,16.73018498210282,16.966928907336612,16.59478697882525,16.945037841796875
2018-08-27,17.046375188869245,17.38041171157278,16.915031954532846,17.266904830932617
2018-08-28,17.401496685952992,17.509329804842515,17.234479142257573,17.385282516479492
2018-08-29,17.416091517802275,17.496356681439924,17.305825888409185,17.43068504333496
2018-08-30,17.42906532632454,17.588786900820974,17.399878271117633,17.565275192260742
2018-08-31,17.515002599452952,17.781743818822818,17.50040752942911,17.75823211669922
2018-09-04,17.722562781091874,17.86039329154354,17.604190822997047,17.790668487548828
2018-09-05,17.832825036287883,17.982816533540863,17.802826118271007,17.952007293701172
2018-09-06,17.95849919102798,18.065520472562568,17.343937917516122,17.51014518737793
2018-09-07,18.177404266749416,19.086274712049292,18.1611885484152,18.856826782226562
2018-09-10,19.025465980638625,19.535438399812595,18.813855965788143,19.50787353515625
2018-09-11,19.271933370421138,19.434085854429522,18.68007378828043,18.854387283325195
2018-09-12,18.49360484581828,18.716565582202477,18.06633160559455,18.63873291015625
2018-09-13,18.946811333413148,19.395166568882367,18.738444264108644,19.087074279785156
2018-09-14,19.066002038037993,19.222479204175382,18.946818233088994,19.161672592163086
2018-09-17,19.458410450740363,19.482734020513377,18.997083771696207,19.039243698120117
2018-09-18,19.19608468013859,19.71887116860363,19.185465170609653,19.582456588745117
2018-09-19,19.642901925045294,19.80790626857409,19.58572079827391,19.7507266998291
2018-09-20,19.84874932613905,20.097890223091692,19.74500969158234,20.007219314575195
2018-09-21,20.121581459593454,20.320895141708,20.027643355551835,20.266164779663086
2018-09-24,20.262080889875094,20.429536039459737,20.201634128754918,20.376440048217773
2018-09-25,20.338045282241037,20.368267878689952,20.078284885790435,20.229402542114258
2018-09-26,20.0652171512354,20.262080046216088,19.99660165908676,20.048063278198242
2018-09-27,20.06930276590058,20.248193828050375,20.005587265969247,20.131383895874023
2018-09-28,20.05705153258951,20.17386147110388,19.919002573603404,20.15425682067871
2018-10-01,20.24818884527511,20.596169338274535,20.231034976058496,20.381336212158203
2018-10-02,20.351117743704908,20.561049377804654,20.251461681660984,20.266164779663086
2018-10-03,20.324163757050606,20.53001025965061,20.17958042678435,20.373991012573242
2018-10-04,20.14853302192605,20.39930670062953,20.110958102014447,20.27187728881836
2018-10-05,20.28985070118973,20.42544729733965,19.800554066378147,19.95003890991211
2018-10-08,19.874893060774564,20.047249780119795,19.63555520948474,19.71642303466797
2018-10-09,19.652709006708417,20.072572310400812,19.634738725189706,19.988435745239258
2018-10-10,19.843849001650135,20.018656466469995,18.921620357791642,18.93714141845703
2018-10-11,18.9485768660036,19.245094242908024,18.558119837556077,18.69780158996582
2018-10-12,19.176477874344968,19.250811316634387,18.71495460301194,19.028627395629883
2018-10-15,18.871799288901748,19.223047145385316,18.790929893438662,18.989425659179688
2018-10-16,19.27776888024232,19.503219989626395,19.129100433088233,19.4672794342041
2018-10-17,19.583273780995338,19.583273780995338,19.107863785114287,19.373340606689453
2018-10-18,19.23120798821621,19.3447507321207,18.50420786485957,18.625919342041016
2018-10-19,18.78765739512047,18.87669394333351,18.536883659768158,18.647157669067383
2018-10-22,18.833396726656076,18.986148739057384,18.62755029473444,18.6749267578125
2018-10-23,18.20033669962028,18.750080096823318,17.87441159063704,18.710054397583008
2018-10-24,18.493587463027808,18.494405426934613,17.79436075496233,17.865427017211914
2018-10-25,17.96099844634187,18.247714254537282,17.901368101948105,18.153776168823242
2018-10-26,17.60893452527487,17.753517831475516,17.08859883895135,17.411256790161133
2018-10-29,17.659580633259466,17.863794300138633,17.009364704306808,17.27647590637207
2018-10-30,17.46271910308351,18.098231927747545,17.23563360771108,18.05330467224121
2018-10-31,18.379228454510006,18.433957251398702,18.110482905384597,18.255884170532227
2018-11-01,18.392301303068866,19.13318819019544,18.27467340192239,18.777856826782227
2018-11-02,18.40618383980671,18.458461856496108,17.787007023613437,18.0336971282959
2018-11-05,17.890749501333197,18.060655404884457,17.456999603752585,17.978153228759766
2018-11-06,17.995305420788565,18.719038255085106,17.947927398020664,18.644704818725586
2018-11-07,18.950208961764705,19.219770911504373,18.72312348768179,19.147071838378906
2018-11-08,19.0090195125939,19.81852162330281,19.0090195125939,19.624927520751953
2018-11-09,19.196085637630578,19.524461579238242,18.995139142646387,19.522010803222656
2018-11-12,18.86934012063843,18.940406378124273,17.993671645454377,18.267318725585938
2018-11-13,18.41925548877742,18.772954016483904,18.16031302364798,18.36534309387207
2018-11-14,18.522996621404626,18.830949928559193,18.429874929094144,18.477252960205078
2018-11-15,18.47888247487286,19.54814503870188,18.449476285927748,19.305540084838867
2018-11-16,19.09969501505799,19.53916289511873,18.922438332374405,19.409282684326172
2018-11-19,19.321057234954548,19.692725928701403,18.668390736710062,18.716585159301758
2018-11-20,18.292642514275844,18.712507317539274,18.181550542303032,18.600597381591797
2018-11-21,18.805628971874956,19.058037094584584,18.584261415991932,18.78765869140625
2018-11-23,18.589975162407654,19.00738757092991,18.589975162407654,18.77948570251465
2018-11-26,19.132370390285693,19.45339398198268,18.914270036073255,19.221406936645508
2018-11-27,19.080090980646847,19.471364437457318,18.98533647578951,19.263883590698242
2018-11-28,19.31860979460198,19.441137665488498,18.919985621795018,19.214052200317383
2018-11-29,19.13645186401595,19.492601126164672,19.013106027427337,19.259796142578125
2018-11-30,19.2287579456015,19.464010598569246,19.064569997239,19.3929443359375
2018-12-03,20.02927875053302,20.179580036296404,19.724591032780303,19.773603439331055
2018-12-04,19.644533792359514,19.696813365574897,18.916717376569498,18.95429229736328
2018-12-06,18.480522388717866,18.563024581700823,17.775576026108368,18.56220817565918
2018-12-07,19.118485574859694,19.464013842889667,18.338389367651114,18.670032501220703
2018-12-10,18.62020032038115,19.6306490427907,18.50257243754749,19.543245315551758
2018-12-11,19.887140331256116,20.44913600645621,19.88387159202912,20.163236618041992
2018-12-12,20.62067282168311,21.253734693774447,20.58473227373135,20.828153610229492
2018-12-13,21.112425982871464,21.360748938211493,20.795485977556655,21.099355697631836
2018-12-14,20.859197497726466,21.36809878668646,20.799567152162144,20.81590461730957
2018-12-17,20.74728829910839,21.346042506251468,20.672954861110778,20.758724212646484
2018-12-18,21.055895163336398,21.097994238448194,20.538331127158894,20.60931968688965
2018-12-19,20.554009269950587,21.126055251919144,20.019110725858585,20.132198333740234
2018-12-20,20.17429608596412,20.512735453236864,19.683145082049553,19.967103958129883
2018-12-21,19.967104798224348,20.780185582182447,19.967104798224348,20.216394424438477
2018-12-24,19.97619119104498,20.116519865403568,19.275372828231884,19.2993106842041
2018-12-26,19.6278405934201,20.512736510131745,19.274543178426942,20.48301887512207
2018-12-27,20.22382567844131,20.738088006700135,19.987744047876248,20.70672035217285
2018-12-28,20.88420098883974,21.30188544946108,20.732315873563326,20.932903289794922
2018-12-31,21.282897057776577,21.33820257050798,20.71497759972843,20.989856719970703
2019-01-02,20.54162548344151,21.02452007821216,20.346816368582548,20.92629051208496
2019-01-03,20.187508177808166,20.350949697163166,19.01287646599597,19.06488037109375
2019-01-04,19.339754220754894,19.51805372507414,19.12348227197694,19.252254486083984
2019-01-07,19.28692631971787,19.830906299211765,19.048368081907427,19.644351959228516
2019-01-08,19.82017870558322,19.96793719010424,19.26381718828725,19.486692428588867
2019-01-09,19.680668755749046,20.362500701120105,19.633618065881386,20.329483032226562
2019-01-10,20.270875404900774,20.683606521484023,20.170995809816365,20.596933364868164
2019-01-11,20.589505714158527,20.877591235495924,20.58042431940143,20.68360710144043
2019-01-14,20.48054340892826,20.76697889427544,20.29811570777062,20.708370208740234
2019-01-15,20.86438670014745,21.64527499387998,20.802477965270917,21.172285079956055
2019-01-16,21.230889617886994,21.24327262290926,20.74881994087016,20.776885986328125
2019-01-17,20.641513323861467,21.243275492568515,20.53090071923853,21.0765323638916
2019-01-18,21.39020331863907,21.62215832366587,21.214380401439964,21.529706954956055
2019-01-22,21.29692620473176,21.417443622097906,21.041033338649903,21.320865631103516
2019-01-23,21.424052092110937,21.53713972598379,20.937854146133247,21.257308959960938
2019-01-24,21.551994325792748,22.019205969626924,21.462019553309148,21.75505828857422
2019-01-25,21.88878017784122,22.14797461494301,21.537132807781976,22.117433547973633
2019-01-28,21.590795007378578,22.19255718257493,21.350585142684256,22.09102439880371
2019-01-29,22.068738215310443,22.089374460839966,21.778174462165257,21.983715057373047
2019-01-30,22.2874826886389,22.59703105931444,22.070385694947348,22.35517120361328
2019-01-31,22.33370923160213,22.370030091568776,21.986189971290113,22.143028259277344
2019-02-01,22.217319529016706,22.254463822669763,21.865672082656513,22.024160385131836
2019-02-04,22.08111516672303,22.46413022975814,21.87062298592658,22.462478637695312
2019-02-05,22.44926544409935,22.669663977524678,22.280045785035732,22.2874755859375
2019-02-06,22.557408169991735,23.11294457930364,22.514484092272077,22.800094604492188
2019-02-07,22.523564494796755,22.66471973681925,21.98206109445185,22.212366104125977
2019-02-08,22.06708137022654,22.64160394461442,22.044793537604253,22.622617721557617
2019-02-11,22.650688267191356,22.782762122730524,22.558235308758295,22.7596492767334
2019-02-12,23.0015078310245,23.145138101321304,22.870258991960174,23.062591552734375
2019-02-13,23.112943759250456,23.291243283623107,22.945375647538068,23.221904754638672
2019-02-14,23.162471268906305,23.347375589016483,23.026270810635587,23.23676300048828
2019-02-15,23.45056212779747,23.45056212779747,23.01306648006651,23.272262573242188
2019-02-19,23.20787422523719,23.34655287254764,23.12532767376934,23.24997329711914
2019-02-20,23.381220779084234,23.66022650086337,23.301150833501335,23.395252227783203
2019-02-21,23.38039820886498,23.38947803141169,23.0246240903918,23.190542221069336
2019-02-22,23.108819256507548,23.112945875515457,22.672148651690815,22.824033737182617
2019-02-25,23.177330765410577,23.18145895878406,22.98747480578636,22.99738121032715
2019-02-26,22.94207039206204,22.948675185495944,22.65480989823541,22.700210571289062
2019-02-27,22.55327810415665,22.708464767321715,22.252809606042856,22.410472869873047
2019-02-28,22.285007032636845,22.758821934218286,22.174396008895638,22.729930877685547
2019-03-01,22.925565546705997,22.961059821788538,22.380760542855196,22.514484405517578
2019-03-04,22.700219044302404,22.83064290191792,22.358477930143007,22.691139221191406
2019-03-05,22.74148901217823,23.149268593333126,22.661419056776037,22.866134643554688
2019-03-06,22.837240660904392,22.85952849603792,22.327104926119496,22.3989200592041
2019-03-07,22.30233923401178,22.314722238635536,21.798808321901564,21.91684913635254
2019-03-08,21.590792941255703,21.85494063646673,21.395983779870907,21.807889938354492
2019-03-11,21.865668957143416,22.33288055993661,21.7963304331246,22.20988655090332
2019-03-12,22.26767416357027,22.28996200164612,21.814495470102884,22.256942749023438
2019-03-13,22.329575617068567,22.541719350235432,22.20658162639556,22.387357711791992
2019-03-14,22.460003636929244,22.474036659907995,22.113309404578338,22.138898849487305
2019-03-15,23.646193533491218,24.72672372252556,23.401857077333204,23.962345123291016
2019-03-18,23.957390625757153,24.514576995007545,23.955739033751232,24.255382537841797
2019-03-19,24.281794771281692,24.844759299473477,24.277666578866018,24.706907272338867
2019-03-20,24.818509211726933,24.901793119519656,24.176392808373407,24.23802375793457
2019-03-21,24.308816823619708,24.932611442142846,24.235527802415298,24.71857261657715
2019-03-22,24.645284815029083,24.68859232988188,24.2688431815043,24.372947692871094
2019-03-25,24.33546534909923,24.500366825429186,24.068958105152852,24.332134246826172
2019-03-26,24.51619658869715,24.94094319177788,24.504536934089362,24.737730026245117
2019-03-27,24.782702034187846,24.875146885524746,24.35712308431981,24.64944839477539
2019-03-28,24.74439195352117,25.259917030218208,24.624462725025936,24.90762710571289
2019-03-29,25.08668174405081,25.207443325884167,24.841827478372775,25.044206619262695
2019-04-01,25.24409302688286,25.547244013382496,24.964259758528417,25.46729278564453
2019-04-02,25.49810871317179,25.597217362877416,25.202452286755946,25.239097595214844
2019-04-03,25.503096205201274,25.60137084944394,25.136648029201414,25.334863662719727
2019-04-04,25.380679072326906,25.484783579113717,25.12416509740562,25.151649475097656
2019-04-05,25.318212448709204,25.35485775137559,25.134989112394294,25.34153175354004
2019-04-08,25.32987187681842,25.4264817861265,25.151645989833664,25.35818862915039
2019-04-09,25.199948987721672,25.327372782844957,25.00922948425488,25.27240562438965
2019-04-10,25.284900583869895,25.632193031224954,25.234929281891667,25.610538482666016
2019-04-11,25.663840972103483,25.83373831616499,25.50393534685704,25.76877784729004
2019-04-12,25.930352348025362,26.437548913827076,25.865390280323922,26.40340232849121
2019-04-15,26.403399608123514,26.44420998370403,26.08192517123484,26.35093116760254
2019-04-16,26.650750576112102,26.65158295457715,26.325945061788463,26.52582550048828
2019-04-17,26.670734210730398,26.729035643958017,26.47085538286911,26.694889068603516
2019-04-18,26.737362956904,26.8547918492448,26.497506136399164,26.535816192626953
2019-04-22,26.42754935413645,26.475020340125383,26.16770432180818,26.234331130981445
2019-04-23,26.380912706453202,26.49167940766207,26.16687388737554,26.287633895874023
2019-04-24,26.19935604452196,26.401735225693773,26.08359188691786,26.17853546142578
2019-04-25,26.06360315267204,26.06360315267204,25.532253368449812,25.969491958618164
2019-04-26,25.747121549063,25.897030670533038,25.410654829986868,25.85205841064453
2019-04-29,25.92118441136468,26.206845873086916,25.85455760444139,26.044443130493164
2019-04-30,26.094419693777095,26.519164680822822,26.02862525196471,26.517499923706055
2019-05-01,26.69239480014189,26.917260915162366,26.541651678234384,26.559141159057617
2019-05-02,26.64908412877778,26.833143021903805,26.170204409299426,26.30262565612793
2019-05-03,26.230168632443714,26.371750805801327,25.875380026345784,26.2934627532959
2019-05-06,25.550580537257236,25.978658260484117,25.430651294897086,25.94867515563965
2019-05-07,25.705480000487515,25.786265184884517,25.29572425258742,25.592214584350586
2019-05-08,25.426481930845313,25.623031264373942,25.244090973563253,25.267410278320312
2019-05-09,24.985080137685905,25.472288437886647,24.722736351457794,25.323211669921875
2019-05-10,25.254087193018762,25.43481341423717,24.706914258068473,25.314884185791016
2019-05-13,24.470389739185777,24.62529793669431,24.002335632293814,24.433744430541992
2019-05-14,24.626129492763454,25.368185451326564,24.608640011871685,25.151649475097656
2019-05-15,25.007565026706278,25.632191979221023,24.869313956222715,25.349027633666992
2019-05-16,24.96426399766242,25.2432633463637,24.543680850937136,24.75938606262207
2019-05-17,24.383770886489945,24.44956532060893,24.019821346937167,24.143081665039062
2019-05-20,23.152839203642923,23.315243551249598,22.373305642270186,22.7022762298584
2019-05-21,23.077053283582945,23.301087014708862,22.87384172404401,22.93047523498535
2019-05-22,22.52654100049879,22.907979915572536,22.400781992533908,22.42160415649414
2019-05-23,22.035174859950295,22.110962604919536,21.501326365629044,21.661231994628906
2019-05-24,21.878606728970567,22.131788049666334,21.298951873506134,21.315608978271484
2019-05-28,21.36807027105399,21.46468017552486,20.828393600904924,21.194007873535156
2019-05-29,21.04909829445978,21.351416913975914,20.95248996156548,21.164030075073242
2019-05-30,21.208999532161837,21.43219926984444,21.1640272686518,21.372236251831055
2019-05-31,21.074081403778944,21.29894590102064,20.904182477533787,20.957483291625977
2019-06-03,21.03327101897479,21.514651044953332,20.920839564677788,21.08574104309082
2019-06-04,21.40055686759308,22.15344177193273,21.300617419770546,22.128456115722656
2019-06-05,22.404119251027783,22.612328239784894,21.85361526932512,22.130117416381836
2019-06-06,22.238388871154115,22.90299234683247,22.093475570218047,22.718935012817383
2019-06-07,22.884667739526865,23.142014071711912,22.75974107091564,22.892162322998047
2019-06-10,23.047068447772677,23.71666764344986,23.046236069351995,23.336894989013672
2019-06-11,24.193050097895004,24.297986964744545,23.270268077634107,23.60923194885254
2019-06-12,23.458487320491578,23.58258000238544,23.10369875147573,23.296916961669922
2019-06-13,23.445992814751218,23.560090590209374,23.103696311360444,23.453487396240234
2019-06-14,21.49632484914274,22.327494278074745,21.44302245733362,22.147602081298828
2019-06-17,22.056828745869446,22.37830477436056,21.765337406836558,22.15093994140625
2019-06-18,22.332497857977298,23.570924587378048,22.191748052485167,23.157005310058594
2019-06-19,23.217798592333526,23.241950273400718,22.795550831797215,23.110363006591797
2019-06-20,23.528447990407628,23.773302280992844,23.082880883775324,23.24028778076172
2019-06-21,23.257941546551816,23.62706275674211,23.03512456702427,23.037647247314453
2019-06-24,23.166295454684192,23.496737744474526,23.12257273320804,23.475717544555664
2019-06-25,23.47235320419272,23.78513831626822,23.20833456832914,23.249534606933594
2019-06-26,23.423588314326885,23.88183576602069,23.383228629129217,23.6640625
2019-06-27,23.78934228274699,24.253475402918312,23.730485083334784,24.023090362548828
2019-06-28,24.203868865966797,24.324947917482092,23.948260207887614,24.203868865966797
2019-07-01,25.365883712788467,25.708099068559896,24.916044669918968,25.25405502319336
2019-07-02,25.130457458369282,25.280963526115357,24.711727693281116,24.831966400146484
2019-07-03,23.854086287344032,24.28122275699837,23.796909807021596,23.954143524169922
2019-07-05,23.849880141772644,24.000387772985828,23.708622873026826,23.766639709472656
2019-07-08,23.54298273501277,23.643039975419722,23.07128156668555,23.11920928955078
2019-07-09,22.99224435708348,23.204972239057717,22.904798916301488,23.16713523864746
2019-07-10,23.363046636886843,23.442083678235637,23.038490070870928,23.08053207397461
2019-07-11,23.142752516004574,23.32857448274575,22.950204470203502,23.211700439453125
2019-07-12,23.2386028230299,24.04158652412792,23.2386028230299,23.99618148803711
2019-07-15,24.476293815845168,24.761331051324003,24.15425833568191,24.244226455688477
2019-07-16,24.130713856438014,24.19797945131996,23.7439370868014,23.890239715576172
2019-07-17,24.010481068542415,24.155943364400734,23.811206928675915,23.970121383666992
2019-07-18,24.062608954826214,24.409027665671356,23.86249287915289,24.365304946899414
2019-07-19,24.537671170701977,24.64949983721303,24.34428118922244,24.383800506591797
2019-07-22,24.636048518443637,25.22378335433433,24.572147562489764,24.900907516479492
2019-07-23,25.18258513321215,25.423059306463127,25.15820028930647,25.29020881652832
2019-07-24,25.32552928268969,25.634951437046468,25.26667046541653,25.5416202545166
2019-07-25,25.40372033022919,25.40372033022919,25.174177234024864,25.257417678833008
2019-07-26,25.35831136515452,25.4785484279869,25.26918361560589,25.30197525024414
2019-07-29,25.328041639273568,25.43902994764895,24.96901115659425,25.37092399597168
2019-07-30,25.148111978038045,25.302823032446767,24.980787519914923,25.18762969970703
2019-07-31,25.227145058342064,25.29441065386719,24.10380816970803,24.38296127319336
2019-08-01,24.310652351963302,25.041325205125336,23.7380535813304,23.991981506347656
2019-08-02,23.717034664743647,23.865859995772695,23.19908806445912,23.419384002685547
2019-08-05,22.866120463901616,22.890505305326467,22.20439557342654,22.505409240722656
2019-08-06,22.713094187198394,22.885462398479625,22.244756033956858,22.402830123901367
2019-08-07,22.20019391847767,22.930866837726086,22.113588827707897,22.70636749267578
2019-08-08,22.734119971930756,22.91741930991697,22.07155288503906,22.784568786621094
2019-08-09,22.666845857111845,23.589226319435003,22.666845857111845,23.183950424194336
2019-08-12,22.986356719689947,23.39247296822323,22.915728085812557,23.176382064819336
2019-08-13,23.14779449710575,24.005430394071286,22.87284480614629,23.854084014892578
2019-08-14,23.441243244075363,23.55559460542125,22.734113272646447,22.833330154418945
2019-08-15,22.87032861187813,22.935911896482036,22.269141553475233,22.587812423706055
2019-08-16,22.88293894370726,23.185634954737367,22.868644822854087,23.01999282836914
2019-08-19,23.500942506908046,23.548868626383573,23.17386325999349,23.44040298461914
2019-08-20,23.388269014957025,23.960027358228107,23.29157482510063,23.5740909576416
2019-08-21,23.93312696054775,24.23750371925973,23.883518514052444,24.173601150512695
2019-08-22,24.248431733409184,24.334194852329055,23.925555890658462,24.183687210083008
2019-08-23,23.878470274927952,24.003752716487796,22.790447623012252,22.881256103515625
2019-08-26,23.2865320980121,23.370614499837995,23.122572296507737,23.309234619140625
2019-08-27,23.47151124259701,23.56147775127025,23.115001832073414,23.170495986938477
2019-08-28,23.06623815454825,23.241129040013252,22.74168158570055,23.211700439453125
2019-08-29,23.668263742203475,24.00459172585134,23.631267102693794,23.826337814331055
2019-08-30,23.993662056914285,24.039067099153566,23.534574292134014,23.76495933532715
2019-09-03,23.54297993062833,23.614448921337672,22.780355891425792,23.042692184448242
2019-09-04,23.441241866381255,23.908738006496886,23.391633428410604,23.79690933227539
2019-09-05,24.245910877159513,24.693227231705972,24.245910877159513,24.469568252563477
2019-09-06,24.539355807557904,24.66127521445986,24.324947198642818,24.544401168823242
2019-09-09,24.80421650444219,24.989196524756547,24.41743966094711,24.603260040283203
2019-09-10,24.497314122636176,24.75796812076149,24.284586242803456,24.75712776184082
2019-09-11,24.915195640170364,25.12203774860492,24.766370357591423,25.057294845581055
2019-09-12,25.3448607208275,25.42053472005622,24.927813366158098,25.273391723632812
2019-09-13,25.027032822832812,25.0556210661509,23.870063761095334,24.41071128845215
2019-09-16,24.114737869288184,24.406502754061442,24.02224707933478,24.271129608154297
2019-09-17,24.217321133569236,24.32494641591522,23.85829060734953,24.28542709350586
2019-09-18,24.256843108515906,24.447708851240627,23.869224298643566,24.19378089904785
2019-09-19,24.257683594289375,24.547766231133142,24.15089865864598,24.437618255615234
2019-09-20,24.41045921477939,24.47240388725025,23.914052124954605,24.12110137939453
2019-09-23,24.066794362739696,24.367183882324536,23.93611703964742,24.222929000854492
2019-09-24,24.380762045704945,24.514833357094744,23.738403842338666,23.95563507080078
2019-09-25,23.059558029665233,23.522871814857698,22.911061059087903,23.400678634643555
2019-09-26,23.357400823709433,23.645910600380894,23.138473406980637,23.497413635253906
2019-09-27,23.473660568728086,23.868240177017473,23.16223928375227,23.26236915588379
2019-09-30,23.40237269065909,23.48128890460385,23.12319681216392,23.426132202148438
2019-10-01,23.61281681002631,23.729918196765432,23.197871788077844,23.32261085510254
2019-10-02,23.204661498393648,23.23351118091203,22.768502853581133,22.91699981689453
2019-10-03,22.911056519458253,23.29290810884733,22.675157596656415,23.286968231201172
2019-10-04,23.631483686141063,23.903869977095844,23.35230780725457,23.880958557128906
2019-10-07,23.76046578735017,23.846169980182065,23.394737593558755,23.426982879638672
2019-10-08,23.255573468346995,23.326852007539404,22.81856675149268,22.939062118530273
2019-10-09,23.223327394578135,23.327699306492622,23.082466504201136,23.178354263305664
2019-10-10,23.298001542371775,23.656093671373302,23.22078312214731,23.288667678833008
2019-10-11,23.716342387852137,24.10583174124423,23.68240091612366,23.836837768554688
2019-10-14,23.795256733859794,23.984484753254595,23.749435507876303,23.90047836303711
2019-10-15,23.98363809436668,24.660787517370593,23.94630101954205,24.635330200195312
2019-10-16,24.523321595603516,24.616663477228816,24.314576118029947,24.479196548461914
2019-10-17,24.620055608940365,24.753278832059706,24.46561876482039,24.5598087310791
2019-10-18,24.565746959988346,24.603082412523634,24.099039236838426,24.33069610595703
2019-10-21,24.47580183327561,24.76940341098195,24.35870043887301,24.57168960571289
2019-10-22,24.573385231047393,24.681152758817483,24.37397524690728,24.392642974853516
2019-10-23,24.01079098051619,24.060007811730767,23.65439664165991,23.786771774291992
2019-10-24,24.004850281838614,24.056613004786918,23.649305665292076,23.95563507080078
2019-10-25,24.036245360135595,24.72442472890687,24.032851375379554,24.592899322509766
2019-10-28,24.706607228887226,24.818616827987135,24.46561810544158,24.739702224731445
2019-10-29,24.801646062779636,24.922141429669367,24.444402038654356,24.45203971862793
2019-10-30,24.609020696610784,24.690482803220654,24.312874896343615,24.628538131713867
2019-10-31,24.591207133568318,24.95439109977838,24.42149652756425,24.850017547607422
2019-11-01,24.861899898073236,25.167381286621094,24.78552955093627,25.167381286621094
2019-11-04,25.41600202047266,25.920045218890397,25.380362749538676,25.881011962890625
2019-11-05,25.881010025059613,26.88061057513815,25.83603689393819,26.64810562133789
2019-11-06,26.480092958086225,26.66847288460615,26.19582688503779,26.573434829711914
2019-11-07,26.778786834244848,27.11142165150769,26.360447823841064,26.452939987182617
2019-11-08,26.294256951331935,26.610769904671326,25.892041431490057,26.594646453857422
2019-11-11,26.407123163677923,26.580227762125457,26.3765740556904,26.53864860534668
2019-11-12,26.644712624649202,26.8483662873598,26.581919857066346,26.7745418548584
2019-11-13,26.51573301537383,26.789817141456393,26.475003575278947,26.61671257019043
2019-11-14,26.36893042860708,26.46142258083919,25.975199071344132,26.217885971069336
2019-11-15,26.497914585475748,26.564951055019332,26.312080538383242,26.552223205566406
2019-11-18,26.45972851005934,26.59464953621168,26.138125351526664,26.396087646484375
2019-11-19,26.86958102690436,27.63498045420413,26.86958102690436,26.95867919921875
2019-11-20,26.805940733809354,26.88485695792806,26.220435405132424,26.44700050354004
2019-11-21,26.40202914780461,26.788970995526746,26.28832173585556,26.75078582763672
2019-11-22,26.868737041380456,27.10972782226682,26.62011019752332,26.72278594970703
2019-11-25,26.866186621565312,27.169123657933774,26.837336939597563,27.12160301208496
2019-11-26,27.06899660465367,27.16912808094333,26.818671960168885,26.83734130859375
2019-11-27,26.979041882010076,27.148752437308755,26.85430283542831,27.021469116210938
2019-11-29,26.88655378109475,26.966318098775528,26.729571039280913,26.832246780395508
2019-12-02,26.96037585797657,26.978195492753777,26.35280885534116,26.36638641357422
2019-12-03,25.950593815754875,26.220434235924404,25.72233092570258,26.009992599487305
2019-12-04,26.28407627357989,26.42154156548306,26.061753265632692,26.281530380249023
2019-12-05,26.35535796361739,26.51403851274938,26.225528717690423,26.40627098083496
2019-12-06,26.699022702021747,26.84327758999099,26.480093667353614,26.818668365478516
2019-12-09,26.814428829551925,26.91201278970501,26.639624821916318,26.67696189880371
2019-12-10,26.738056994898578,26.806789647175627,26.581074252008616,26.734663009643555
2019-12-11,26.744848822520805,27.268407944389608,26.744848822520805,27.130094528198242
2019-12-12,27.130934232736042,28.015979267971584,27.105478538273783,27.815719604492188
2019-12-13,26.989230322238818,27.134333310794947,26.357903732542,26.76521110534668
2019-12-16,26.98159962817692,27.79875881149743,26.944262545101026,27.41945457458496
2019-12-17,27.47120749944801,27.573881608863974,27.302343403294206,27.476299285888672
2019-12-18,27.52720736607277,28.104226792767655,27.455080746983494,27.78516960144043
2019-12-19,27.93537102682217,27.939611484957215,27.468661672691812,27.50175666809082
2019-12-20,27.640621238375942,27.640621238375942,27.164042623457895,27.34318733215332
2019-12-23,27.47518670289703,27.62861784303696,27.22403983290646,27.388612747192383
2019-12-24,27.428900885116906,27.487187979611974,27.344041925177308,27.471757888793945
2019-12-26,27.537756610349483,27.57804356450426,27.156323743701375,27.255754470825195
2019-12-27,27.368899601563697,27.373184647846365,27.01918031490787,27.131467819213867
2019-12-30,27.130607166905435,27.20003602377601,26.807459792179948,26.868318557739258
2019-12-31,26.839175952259666,27.116893024323257,26.811747408393448,27.087749481201172
2020-01-02,27.37061132353976,27.643186681630905,27.199181689393725,27.633756637573242
2020-01-03,27.215466757559163,27.428898343643887,26.921464535191788,26.930892944335938
2020-01-06,26.644604322584396,26.907751288875296,26.540031862828904,26.890607833862305
2020-01-07,27.021751354092654,27.135753855134798,26.764606076111345,26.79803466796875
2020-01-08,26.8271759126978,26.870891227463318,26.43545634884657,26.463743209838867
2020-01-09,26.770606677016698,26.828035452413243,25.97602569161084,26.251171112060547
2020-01-10,26.181741279206676,26.19031300631956,25.61173368787309,25.647735595703125
2020-01-13,25.71630387929752,26.04030628664322,25.686302021505607,25.815732955932617
2020-01-14,25.886027880431772,26.49889256310808,25.85088428453668,26.415748596191406
2020-01-15,26.34117226039785,26.39002930619102,25.77459303723992,25.98373794555664
2020-01-16,26.14316948356478,26.38831466790237,26.07545398338419,26.318885803222656
2020-01-17,26.456889427025313,26.480889611468804,26.063456430706673,26.468032836914062
2020-01-21,26.383176796201194,26.52974959190203,26.25717418683554,26.40631866455078
2020-01-22,26.640315712107512,27.25060856886715,26.61460053302842,26.826318740844727
2020-01-23,27.015749328898682,27.41175394351054,26.64203153048521,27.398897171020508
2020-01-24,28.328910423100233,28.421484426428172,27.494900789981955,27.77176284790039
2020-01-27,27.121185312689228,27.418617580689933,26.45517690342851,26.488605499267578
2020-01-28,26.874320466181214,27.36289744928387,26.809176650448897,27.284038543701172
2020-01-29,27.499186226140843,27.894332547405913,27.183753860970377,27.21546745300293
2020-01-30,26.942038851621998,27.044897955543725,26.45089010453698,27.01746940612793
2020-01-31,26.928324588659823,26.964324865232797,26.024884405452514,26.15688705444336
2020-02-03,26.197170941034944,26.28031489948187,26.026597977832115,26.162885665893555
2020-02-04,26.725177687313032,26.96346614849224,26.54174631918508,26.708890914916992
2020-02-05,27.21460790549051,27.412611021289692,27.074035191981736,27.204322814941406
2020-02-06,27.329467454832304,27.418611447054687,26.934319534790998,27.402324676513672
2020-02-07,27.28490085978598,27.302042680999186,26.989181964121276,27.02004051208496
2020-02-10,26.77488795294887,26.966032706522316,26.59745828830874,26.931747436523438
2020-02-11,27.141756518410386,27.496615924523965,27.086897785688848,27.442615509033203
2020-02-12,27.60375920429397,27.865191180330708,27.56861561074714,27.831764221191406
2020-02-13,27.555758231061454,27.896907431708577,27.51033118096666,27.769189834594727
2020-02-14,27.843766599674513,27.91748052207695,27.180328218932186,27.23775863647461
2020-02-18,27.000321502554897,27.00117818477023,26.4046003849539,26.636032104492188
2020-02-19,26.828890369850892,27.15718113272194,26.717461190381453,27.059465408325195
2020-02-20,26.91118155990841,27.059469349988206,26.23917311676516,26.50660514831543
2020-02-21,26.443174108044413,26.524603065973583,25.910881771436063,26.100313186645508
2020-02-24,25.217439273236273,25.61172883640254,24.86257833940874,24.994579315185547
2020-02-25,25.20973102688797,25.348590401429142,24.092004206944022,24.230005264282227
2020-02-26,24.37315291006424,24.7031571170341,24.34315267623881,24.504297256469727
2020-02-27,24.026000917185428,24.455434130412865,23.446564937169384,23.481708526611328
2020-02-28,22.571413839905983,23.49713916765181,22.520841791460807,23.367708206176758
2020-03-02,23.722572287523512,24.46315292118583,23.241708639816494,24.426294326782227
2020-03-03,24.398865400200634,24.727154571143636,23.277708556800608,23.50742530822754
2020-03-04,23.789423697064414,24.49057551890487,23.55199195400537,24.467432022094727
2020-03-05,23.76542749074728,24.265147921482395,23.353137699267716,23.489423751831055
2020-03-06,22.884270751323097,23.22284657864571,22.500266246618164,23.09598731994629
2020-03-09,21.52139649120274,22.30912060286755,20.935960531744893,21.2333927154541
2020-03-10,21.99369139275677,22.601412617357646,20.863106262078865,22.534555435180664
2020-03-11,21.76140145476711,21.985118120016526,20.7851042099246,21.083393096923828
2020-03-12,19.456520130786245,20.808250450149664,18.541938143071306,18.752798080444336
2020-03-13,19.32966178209871,20.097670949321465,17.242492621413955,20.076242446899414
2020-03-16,17.844212361450406,18.75450747488616,15.448469590255272,16.078475952148438
2020-03-17,16.44190930155904,17.14391786631394,15.555614333173573,17.10106086730957
2020-03-18,15.913905331212238,16.06990652401957,13.343303387195418,14.389030456542969
2020-03-19,14.369312409943632,17.78335253681216,14.143024077027656,16.667339324951172
2020-03-20,17.608807590825272,18.191117993267245,16.380549375760804,16.756261825561523
2020-03-23,16.813791266878216,17.08315365433427,15.494874103057693,16.865222930908203
2020-03-24,17.92610551215303,19.065448091948387,17.54690658992663,18.546772003173828
2020-03-25,18.497089678053747,21.27004024739277,18.238188845797612,18.964332580566406
2020-03-26,19.703556789522306,21.339780007606382,19.703556789522306,21.197689056396484
2020-03-27,20.311144579165344,21.103541106419513,20.04962835268049,20.109777450561523
2020-03-30,20.241403728291328,21.039902168257893,19.913636419593555,20.930936813354492
2020-03-31,20.747003775808782,22.02930871117847,20.577890987785803,20.668548583984375
2020-04-01,19.874411154652833,20.434057455947332,19.15000993571218,19.494340896606445
2020-04-02,19.387120139247244,20.742649727523553,19.304307049314513,20.66506576538086
2020-04-03,20.628455372051537,21.143643386290854,20.097576647702375,20.42098617553711
2020-04-06,21.32059992224889,22.090330776284194,21.23168480713558,22.005773544311523
2020-04-07,22.825191811077143,23.14424170549594,22.0136180258964,22.078125
2020-04-08,22.383224715779228,22.85656952261167,22.110375739036904,22.76068115234375
2020-04-09,23.169525180875077,23.31858939607178,21.907270363003242,22.16791534423828
2020-04-13,22.098179112563734,22.797301021563996,22.037158766576635,22.657825469970703
2020-04-14,23.198283119401317,23.395292295240253,22.8670292385076,23.329914093017578
2020-04-15,22.75196928625767,22.86703668884603,22.330054368313952,22.441635131835938
2020-04-16,22.81821783952527,22.81821783952527,22.15134872867757,22.515729904174805
2020-04-17,22.945487104328933,23.312481976770048,22.572388536444475,23.177364349365234
2020-04-20,22.664793435790187,23.123318830065195,22.482603684713844,22.514856338500977
2020-04-21,22.190575323141413,22.21062557295432,21.514119233446415,21.588214874267578
2020-04-22,22.208885510219222,22.858319855287405,21.857581259266787,22.662181854248047
2020-04-23,22.686589160406058,23.118092746894046,22.535780799291114,22.571521759033203
2020-04-24,22.64823542063866,23.106760894554075,22.567164824744754,23.084096908569336
2020-04-27,23.043995250535353,23.64286914447041,23.043995250535353,23.40140151977539
2020-04-28,23.90613441425036,24.09529916736289,23.023951383937778,23.077125549316406
2020-04-29,23.630663900770973,24.145851782303815,23.469395631865247,24.061294555664062
2020-04-30,23.844237251758006,23.889566882860393,23.43191102619772,23.677738189697266
2020-05-01,23.187827672899342,23.349095931332855,22.507883265106074,22.638641357421875
2020-05-04,22.59592920775594,22.876624424592773,22.256829047921325,22.861804962158203
2020-05-05,23.2357715895534,23.444111953225303,22.988201971105312,23.08932113647461
2020-05-06,23.390942541557717,23.578363112544626,22.98036043868953,23.029176712036133
2020-05-07,23.536521541713306,23.577493295139675,23.187832666223866,23.340383529663086
2020-05-08,23.728298146751847,24.020326200165254,23.53913509092168,23.97499656677246
2020-05-11,23.830291082833355,24.124061634866983,23.689071387686763,24.007251739501953
2020-05-12,24.110113687011587,24.20948871794758,23.381352929843885,23.40140151977539
2020-05-13,23.54262002180167,23.56528566819329,22.609005553150716,22.939388275146484
2020-05-14,22.748482269064286,23.2706434551956,22.20714207436733,23.24013328552246
2020-05-15,22.614235348011917,23.01871539206657,22.383229307806474,22.700536727905273
2020-05-18,23.41621945769431,24.12318742805242,23.362172399983642,23.844236373901367
2020-05-19,23.844235951013715,24.062166666039065,23.676863991347947,23.70650291442871
2020-05-20,24.14410863868485,24.522436375519014,24.066524691808656,24.29317283630371
2020-05-21,24.314095013124074,24.364655432881236,23.94186929930726,23.954944610595703
2020-05-22,23.86254306984528,24.168517660485676,23.580976613918107,24.116214752197266
2020-05-26,24.844103329034215,25.02629310087933,24.529411300327368,24.58432960510254
2020-05-27,24.67150340556974,25.088187541672955,24.40824303012621,25.069881439208984
2020-05-28,24.84410415441481,25.218945290141733,24.620071382151558,24.681962966918945
2020-05-29,24.66103703116063,25.454304588923883,24.574735668798493,25.390668869018555
2020-06-01,25.316574324650823,25.375852168895168,25.050698594890232,25.279090881347656
2020-06-02,25.369753990428894,26.00524011125594,25.287812151491988,25.982574462890625
2020-06-03,26.24321280474204,27.097500694677922,26.196140694372726,26.982433319091797
2020-06-04,26.65292881633729,27.284926600164816,26.334748488904197,26.92664909362793
2020-06-05,27.868979392802174,28.602099639038688,27.467116429013657,27.640588760375977
2020-06-08,27.677199483420416,27.79401101945589,27.316306622354585,27.678943634033203
2020-06-09,27.197754479542255,27.797499580640636,27.160269371548956,27.487165451049805
2020-06-10,27.603111295109116,27.826271186438476,27.433123902976675,27.4627628326416
2020-06-11,26.815940062390354,26.897010654163985,25.576350944911805,25.606861114501953
2020-06-12,26.397515680599344,26.496021138354966,25.51794815278314,26.17348289489746
2020-06-15,25.715829801705745,26.740103713481442,25.49005285490387,26.50822639465332
2020-06-16,27.023415233142245,27.420049164411818,26.500381057384175,27.086179733276367
2020-06-17,27.321534276605224,27.608331480741064,27.17944503443583,27.323278427124023
2020-06-18,27.208218516295094,27.818425288844338,27.15591560120449,27.782684326171875
2020-06-19,27.97819427033335,28.015183663728436,26.66506576538086,26.66506576538086
2020-06-22,26.905499833413618,27.66995074207887,26.73200242492332,27.61358642578125
2020-06-23,27.747451330425342,27.957057897974607,27.415425322073965,27.416305541992188
2020-06-24,27.23136016885466,27.387244773788264,26.818310228750477,27.034963607788086
2020-06-25,26.954819071920813,27.25601891348673,26.68532226656045,27.20053482055664
2020-06-26,27.61622780724413,27.81086224754415,26.69853466069313,27.073713302612305
2020-06-29,27.13184048422839,27.337926188800598,26.813026147866942,27.282442092895508
2020-06-30,27.29741438960632,27.924475386653288,27.01558776907617,27.7958927154541
2020-07-01,27.75185241965174,27.905094666539757,27.472669859958877,27.542245864868164
2020-07-02,27.984361044168455,28.12791584807132,27.712223574665146,27.78356170654297
2020-07-06,28.182519845753596,28.269708656464147,27.948251991050608,28.07595443725586
2020-07-07,27.94825137833682,28.020469728905,27.526394213013297,27.576595306396484
2020-07-08,27.842567765952154,28.168427202591456,27.664665909649525,28.144649505615234
2020-07-09,28.183400008328707,28.56386332667113,27.764185174299897,28.314626693725586
2020-07-10,28.350733038672665,28.445847178951254,27.7809166582092,28.133197784423828
2020-07-13,28.330481264519744,28.493412688893844,27.352901117321696,27.417192459106445
2020-07-14,27.212866229161204,27.849614685428936,26.878197852275697,27.74921417236328
2020-07-15,27.825829790350397,27.986118827440556,27.316783886181206,27.63471794128418
2020-07-16,27.35553899097784,27.643528811964956,27.240166346672265,27.419830322265625
2020-07-17,27.667311434359284,27.760665152754193,27.301818541129283,27.540489196777344
2020-07-20,27.46474283779951,27.975550887289042,27.324710608136463,27.92975425720215
2020-07-21,28.11470833435576,28.11470833435576,27.53696650763644,27.684043884277344
2020-07-22,27.743047645162463,27.802055977509614,27.33440217710966,27.63648223876953
2020-07-23,27.59861775552884,27.838168649615323,27.159146029858768,27.272756576538086
2020-07-24,27.001497953815623,27.381961293799943,26.78924734513903,26.931041717529297
2020-07-27,27.15209947666777,27.562507119075384,27.080763016193618,27.5378475189209
2020-07-28,27.40573896816474,27.48764477870386,26.9636249790915,27.068429946899414
2020-07-29,27.17235266412043,27.410141393848082,27.07635493651617,27.20053482055664
2020-07-30,26.94953298969801,27.559859659965365,26.94953298969801,27.48676109313965
2020-07-31,27.715745628955116,28.041606746414406,27.425113466814256,27.896289825439453
2020-08-03,28.006378825067873,28.489884999943353,27.942969390848152,28.290847778320312
2020-08-04,28.22655591189936,28.93904697414273,28.21687013218724,28.921432495117188
2020-08-05,28.909096249229023,29.20237070835031,28.693324808613806,29.022705078125
2020-08-06,28.866828594954114,29.14072820021213,28.658982446084508,28.989246368408203
2020-08-07,28.92143182727073,29.039445138436545,28.312863853598113,28.704776763916016
2020-08-10,28.55417684386081,28.99892980438607,28.540083246019687,28.830717086791992
2020-08-11,28.849214293583525,29.355619649521756,28.42559665354712,28.537445068359375
2020-08-12,28.697730967375023,29.58107873934859,28.65457667164344,29.383798599243164
2020-08-13,29.257859843479228,29.363543352690183,28.873872283150327,29.012144088745117
2020-08-14,28.888838380265454,29.050009319068817,28.710936545432226,28.871227264404297
2020-08-17,29.02007344817679,29.220874495227203,28.975158706454213,29.091411590576172
2020-08-18,29.22703392239024,29.343286784742673,28.899410692297923,28.943445205688477
2020-08-19,29.016544326295634,29.335358644001,28.908220160411148,28.993648529052734
2020-08-20,28.859783355572656,29.062344823936833,28.716226864052892,28.960182189941406
2020-08-21,28.9135030099827,29.103734652718632,28.622869187158056,29.06498146057129
2020-08-24,29.24023947437906,29.60837292233116,29.163616677895856,29.41550064086914
2020-08-25,29.503572661508983,29.687639404247026,29.327431257277897,29.603971481323242
2020-08-26,29.480674729052875,30.076912852769055,29.372350566238566,29.91486167907715
2020-08-27,29.987086218282606,30.058424361385686,29.603978821067134,29.868192672729492
2020-08-28,29.855860375941727,30.368427276611328,29.741367940435236,30.368427276611328
2020-08-31,30.25394050907106,30.87571521294235,30.25394050907106,30.57363510131836
2020-09-01,30.824638930518162,31.88764926668317,30.59741781706386,31.66482925415039
2020-09-02,32.22141907956257,33.37514194988554,32.01973788417061,33.02726364135742
2020-09-03,32.23463499893653,32.48915627773442,30.83871719617712,31.00869369506836
2020-09-04,31.790752290698144,32.808843911982905,31.13286536739736,31.965129852294922
2020-09-08,31.05890557496562,31.947538257033504,30.824639337326136,30.8721981048584
2020-09-09,31.367141711359498,31.86826229553281,30.92150521439202,31.707971572875977
2020-09-10,31.892933780582283,32.39493477176961,31.211267084166025,31.448177337646484
2020-09-11,31.749367665347805,32.081391992178695,31.236797467671693,31.678913116455078
2020-09-14,32.09372592664371,32.22406902900187,31.648089387419077,31.899089813232422
2020-09-15,32.260172536041196,32.68467028377093,32.176504622264225,32.31389617919922
2020-09-16,32.42575773903453,32.762186610776986,32.26458674407652,32.325355529785156
2020-09-17,31.2649872977208,32.59661245925972,31.2649872977208,32.226715087890625
2020-09-18,32.33240459669249,32.39581404396541,31.26939429719427,31.681562423706055
2020-09-21,31.10654616114064,31.27984884116852,30.526203566219614,31.264741897583008
2020-09-22,31.67178212137323,32.15436353939591,31.36783285444659,32.13570022583008
2020-09-23,32.01039984651445,32.10193656277344,31.11011251036605,31.246976852416992
2020-09-24,31.123428072367307,31.77842381744198,31.024778661445033,31.329612731933594
2020-09-25,31.28785031208229,31.79175978127934,30.952795520604674,31.709997177124023
2020-09-28,32.143697353828934,32.74359150416943,31.908183630308024,32.643165588378906
2020-09-29,32.66005209070683,32.954223876117844,32.34899348193367,32.372989654541016
2020-09-30,32.25656904855627,32.97199952763063,32.146369036603666,32.378326416015625
2020-10-01,32.792475399372094,32.94622653589169,32.42276207574671,32.758705139160156
2020-10-02,31.994393251118975,32.43165047420195,31.652232481670254,31.712663650512695
2020-10-05,32.06903611640849,32.60316610991577,31.98549704494493,32.5365104675293
2020-10-06,32.53739997293613,33.0608642702853,32.1739078674143,32.34809875488281
2020-10-07,32.73648062841143,32.870680185000886,32.53296068142219,32.5933952331543
2020-10-08,32.87334001195802,33.26438465990724,32.732922762436935,33.1790657043457
2020-10-09,33.410148311770705,33.77186407970703,33.2386254766531,33.478580474853516
2020-10-12,33.93094529433781,34.22511372974388,33.75319797790101,33.987823486328125
2020-10-13,34.16379109664495,34.46506885390696,33.64832426652829,33.90427780151367
2020-10-14,34.086462134405366,34.10423719944695,33.58077289129984,33.79851150512695
2020-10-15,33.331939382366976,33.815409100665434,33.329271257124695,33.76564025878906
2020-10-16,34.06336720262791,34.06336720262791,33.60744661165145,33.651885986328125
2020-10-19,33.88206915031078,34.09269851052855,33.34082953465718,33.395931243896484
2020-10-20,33.50612524460938,33.873170397751004,33.37725854423468,33.50434875488281
2020-10-21,33.3959143147831,33.4927872269635,32.9106648994652,33.0653076171875
2020-10-22,32.979112466062595,33.26617154829903,32.62628257180581,33.18263244628906
2020-10-23,33.17285120203517,33.23328575677075,32.95066793157905,33.12485885620117
2020-10-26,32.847579573013526,32.87957334568838,31.781990647567756,32.26457214355469
2020-10-27,32.454752714493,32.454752714493,31.92506725572945,31.958837509155273
2020-10-28,31.461150838921377,31.537580578182805,30.708393848739938,30.85770034790039
2020-10-29,30.862139285420163,31.94461459546521,30.694166114514967,31.550905227661133
2020-10-30,31.051439637410265,31.371384040094615,30.60974128934378,31.072771072387695
2020-11-02,31.55358431929763,31.584689845045983,30.95901956963908,31.216753005981445
2020-11-03,31.634451524384538,31.9268434002232,30.808817826120983,31.439817428588867
2020-11-04,32.03705110925395,32.79247288867626,31.740214579112852,32.40587615966797
2020-11-05,33.09286864896172,34.00737449185172,33.06176312336166,33.84918212890625
2020-11-06,33.776304432778936,34.09802540024887,33.52034749463566,33.826961517333984
2020-11-09,34.58060568653178,35.0063089338912,33.32838036341408,33.375484466552734
2020-11-10,32.911564588839866,33.16751811444878,32.02638449264549,32.27256393432617
2020-11-11,32.95955277979095,33.51767906405787,32.75425633908691,33.40925216674805
2020-11-12,33.525676528524485,33.64743387875092,32.73026004044812,32.90089797973633
2020-11-13,33.327487024411404,33.5345633292872,33.02354118353011,33.194175720214844
2020-11-16,33.31060348829514,33.89361420265467,33.238618360346194,33.84384536743164
2020-11-17,33.65276563038605,33.98870524827309,33.5079003576813,33.82518005371094
2020-11-18,33.7620823427168,34.21089353430098,33.738089558123306,33.826961517333984
2020-11-19,33.56922530443517,34.202004857144125,33.26972404673794,34.15667724609375
2020-11-20,34.15489023504589,34.558373654055664,34.01180487714963,34.06779479980469
2020-11-23,34.24910141040089,34.585044399285444,34.03847213010884,34.39396667480469
2020-11-24,34.53794718634355,34.910325236477206,34.32109675916262,34.85877990722656
2020-11-25,34.912983800920514,35.14938572307173,34.57171136883235,34.73434829711914
2020-11-27,34.94052603694627,35.47554419781836,34.92719558844427,35.10049819946289
2020-11-30,35.01786038797775,35.74128836607288,34.904100630708115,35.68974304199219
2020-12-01,35.85682542743274,36.14299623146244,35.55998890430012,35.955474853515625
2020-12-02,35.97057759960379,36.030123902357666,35.647968451491,35.88081741333008
2020-12-03,35.9492531719866,36.13944267177986,35.380464552593835,35.53154754638672
2020-12-04,35.76262200938406,36.65135512364039,35.7617303742177,36.587364196777344
2020-12-07,37.00773729957151,37.57919411725209,36.73489691861708,37.40589141845703
2020-12-08,37.262795748846536,37.92223271173222,37.16325809407134,37.62984085083008
2020-12-09,37.279680226371426,37.868911968915576,36.76421687248804,36.9908447265625
2020-12-10,36.56603050330433,36.90463822863896,36.2611930309014,36.44160842895508
2020-12-11,35.90482154964842,36.17144082353111,35.3964640319941,36.06657028198242
2020-12-14,36.129663591305224,36.82020953209673,36.08255949332423,36.598026275634766
2020-12-15,36.90730928220438,37.27257797451259,36.7037893142446,37.15437698364258
2020-12-16,37.14904760933631,37.96223931254032,37.056619273858196,37.76227569580078
2020-12-17,37.90446951156905,38.216412997228964,37.73116682170291,37.868919372558594
2020-12-18,38.075063742383016,39.04755455563383,37.824099253578865,38.949859619140625
2020-12-21,38.3753219612575,38.72040152233448,37.97646625392863,38.44075393676758
2020-12-22,38.440762231347904,38.8593361772295,38.36188620225533,38.81900405883789
2020-12-23,38.989298297821634,39.07892750096725,38.10016251578119,38.13422393798828
2020-12-24,38.40580490854848,38.72040979167538,38.32334562598655,38.6720085144043
2020-12-28,38.9301417087449,39.19276205250742,38.64422337877767,38.709651947021484
2020-12-29,39.063701128978025,39.063701128978025,38.253441177956226,38.455108642578125
2020-12-30,38.690825777681766,39.25818673366443,38.55010445051918,38.97406005859375
2020-12-31,39.10672047929065,39.30300962513855,38.81452458465714,39.2447509765625
2021-01-04,39.37739177272791,39.63821702428198,37.75597667727587,38.11270523071289
2021-01-05,38.09748366268311,38.486478731739716,37.859963143589994,38.37085723876953
2021-01-06,37.940622260651196,38.95165362220428,37.69324100994579,38.13422393798828
2021-01-07,38.72578112978626,39.848850576113634,38.59492059347721,39.741294860839844
2021-01-08,40.06486163235667,40.332856819489386,39.31644726520797,39.942962646484375
2021-01-11,39.49212700941072,40.22440656597501,39.47509629810411,39.9537239074707
2021-01-12,40.13387904137569,40.760397875780896,39.939381560516594,40.27907943725586
2021-01-13,40.360651488742384,40.646573274831866,40.164362339483674,40.44221496582031
2021-01-14,40.64836749640361,41.095621181444855,40.45297074547105,40.5192985534668
2021-01-15,40.170636603302576,40.33376355806836,39.49661558366544,39.961795806884766
2021-01-19,40.17959923157888,41.18436009338568,40.17959923157888,41.16463851928711
2021-01-20,41.18703900095418,41.74902168707926,40.78190912764692,41.39856719970703
2021-01-21,41.41918232997453,42.07886339485556,41.26591618533554,41.84134292602539
2021-01-22,41.56348684779781,41.90677139013087,41.443379484294695,41.68000411987305
2021-01-25,42.086936056202454,42.12637236235052,40.87871622756159,41.65939712524414
2021-01-26,41.46758403836115,41.8601657018001,41.398568798056715,41.576934814453125
2021-01-27,40.83030618767995,40.95758005147985,39.5727895366151,39.85871124267578
2021-01-28,40.8294207503029,41.09382932908494,40.06755874298447,40.48971939086914
2021-01-29,40.32478678437846,41.059757036065925,40.12132436489575,40.378562927246094
2021-02-01,40.85810122774971,42.06542531345067,40.655537966273705,41.83417892456055
2021-02-02,42.104866384469915,42.75110010361176,41.94711430736208,42.74303436279297
2021-02-03,42.74750648718377,42.890019442492495,41.64146426504421,41.69524383544922
2021-02-04,41.23006564735526,42.23034390425511,41.00419757678068,42.182838439941406
2021-02-05,42.51446515389091,42.746610726828855,41.71047955153807,41.768741607666016
2021-02-08,42.01433268380453,42.4329066276102,41.730202553105954,42.36837387084961
2021-02-09,42.30562631529983,42.59154802938801,42.0026738916322,42.54135513305664
2021-02-10,42.772610164731994,42.79770661800198,41.72213896207548,42.130855560302734
2021-02-11,42.45711494244625,42.96442579243872,42.053776591930934,42.878379821777344
2021-02-12,42.87747997101481,43.65188679578021,42.56466668846637,43.58914566040039
2021-02-16,43.9978520095692,44.347410659182124,43.651876613064715,43.84099578857422
2021-02-17,43.401813607241515,43.571214655357274,42.57990139910033,43.24496078491211
2021-02-18,43.04329083571674,43.507578618610694,42.58617639839437,43.31487274169922
2021-02-19,43.67249885365532,44.379685444686665,43.62947587425684,43.91539764404297
2021-02-22,43.38120012237597,43.615133928803175,42.60320669586796,42.6964225769043
2021-02-23,42.22854576627095,42.54046318930413,40.876917276333586,42.29666519165039
2021-02-24,41.91843518607841,43.149060736496914,41.468487195651505,43.101558685302734
2021-02-25,42.55211822756202,42.9671089514099,40.800737908332245,40.97551727294922
2021-02-26,41.90497520681741,42.64263640117881,41.29638634362078,42.11471176147461
2021-03-01,42.995787078527506,43.918980888801556,42.472344859028546,43.8813362121582
2021-03-02,43.952143595126955,43.99606238505951,42.986822610863264,43.06838607788086
2021-03-03,42.84342168602039,43.14727001772249,41.40664274217326,41.50434112548828
2021-03-04,41.37974337289413,41.8574751391411,39.56562227040168,39.75922393798828
2021-03-05,40.71468302146494,40.871535824669955,38.81003353607705,40.3463020324707
2021-03-08,40.04962669364218,40.1509117276414,37.57851188733327,37.75687789916992
2021-03-09,39.05113477951697,40.05589180125251,38.594916289379746,39.76011276245117
2021-03-10,40.09623526711035,40.69496680674673,38.9982587541997,39.221439361572266
2021-03-11,40.245919639399595,41.00150401762331,39.624779067083615,40.664493560791016
2021-03-12,39.91787056809311,40.6465668659098,39.84258121650776,40.43862533569336
2021-03-15,40.79804602786487,42.23661632884194,40.619680009599314,42.19538497924805
2021-03-16,42.24019020782056,43.38118951284675,41.89421826608167,42.85953903198242
2021-03-17,42.1532519790356,43.674284768573145,42.127259717968464,43.344444274902344
2021-03-18,42.535082410303566,43.322933113438346,41.56617484619164,41.602027893066406
2021-03-19,41.28586849505867,43.059067286736166,41.01938971561415,42.8585319519043
2021-03-22,42.71852507047258,43.4745953410347,42.60651389427191,42.93260955810547
2021-03-23,42.797093966287335,42.94072086392246,41.791709128701605,41.91907501220703
2021-03-24,42.40597671042917,42.45475632471878,41.269610868271656,41.30574417114258
2021-03-25,41.097077687357604,41.915480134577926,40.58670769261965,41.705909729003906
2021-03-26,41.248837526654725,43.6299657751396,41.248837526654725,43.54324722290039
2021-03-29,43.39509822358194,43.463750111016004,42.29937991719372,42.69232177734375
2021-03-30,41.90283878951451,41.913679471123295,40.79537667204315,41.205482482910156
2021-03-31,41.462014502791746,42.19098643510336,40.86582883099362,41.882957458496094
2021-04-01,42.64264806576793,43.05004194991074,42.383395219401464,42.993133544921875
2021-04-05,43.38606729760834,44.22976230698253,43.07171515797123,44.124977111816406
2021-04-06,43.64080804214009,44.10149562959895,43.15482438398541,43.70855712890625
2021-04-07,43.35987773227593,43.71216885213464,43.17831183184482,43.5811882019043
2021-04-08,44.07981279956729,44.07981279956729,43.3698103059752,43.85398483276367
2021-04-09,43.358971364644695,43.83862838648636,43.046424839586265,43.818756103515625
2021-04-12,43.533310831345716,43.84856580026235,43.23250780519355,43.690486907958984
2021-04-13,43.81062917414429,44.101494351305874,43.38516864311549,43.80701446533203
2021-04-14,43.582088285963074,44.18911120232938,42.924476680705006,43.115074157714844
2021-04-15,43.50710363180163,43.567623279431245,43.06809411478813,43.35895919799805
2021-04-16,43.40233431754029,43.51976583977959,43.06810984978724,43.24967575073242
2021-04-19,43.045524628745625,43.06991443755064,41.55686759691694,41.73301315307617
2021-04-20,41.553237271399915,41.73570591512309,41.059125016581525,41.30482864379883
2021-04-21,41.12056061774492,41.5830572127821,40.883891980599806,41.53337478637695
2021-04-22,41.109727588440286,41.655328118936836,40.55871016317036,41.110633850097656
2021-04-23,41.41594507286288,42.261445728047754,41.32651807981428,42.106075286865234
2021-04-26,42.186471035845386,42.801626204413814,41.87482733516575,42.622772216796875
2021-04-27,42.789884671945764,42.84046991891453,42.00942460679244,42.12594985961914
2021-04-28,42.03742360159057,42.09162355460704,41.19553765073043,41.480079650878906
2021-04-29,42.427663022727515,42.427663022727515,41.464730719404706,42.12053680419922
2021-04-30,41.526147571826286,41.61828645099546,40.99590191612961,41.209083557128906
2021-05-03,41.52976354837245,41.537895781422385,40.4936653698885,40.66168212890625
2021-05-04,40.397919405398966,40.44127868466822,39.50273619273402,40.15583038330078
2021-05-05,40.68607012644998,40.77911182764219,39.95980661361436,40.09169006347656
2021-05-06,40.088991088026056,40.566842572026715,39.73127958693267,40.520774841308594
2021-05-07,41.06364975302578,41.40600637766376,40.576763381855834,40.882083892822266
2021-05-10,40.502700212300965,40.516249339499886,39.363622469833004,39.3934326171875
2021-05-11,38.39075742722607,39.904707052391586,38.214611874699486,39.75204849243164
2021-05-12,38.77827729823509,38.92009517134623,37.86141627175238,38.15408706665039
2021-05-13,38.83247244342073,39.277805221721785,38.44856558885664,38.896610260009766
2021-05-14,39.41963204320977,40.20822440622348,39.027596347039015,39.89206314086914
2021-05-17,39.93904042667114,39.93904042667114,39.09895992738187,39.74031066894531
2021-05-18,40.09982157827597,40.146795562829766,39.13869843084861,39.18025207519531
2021-05-19,38.481091456575776,39.97155769824495,38.45399319810025,39.901100158691406
2021-05-20,40.265122429995444,41.48910945247229,40.22718350144019,41.100685119628906
2021-05-21,41.370774473431766,41.370774473431766,40.58940829674871,40.76103973388672
2021-05-24,41.27412994483614,41.77275644893383,41.22354469725901,41.47917938232422
2021-05-25,41.72396959765015,41.81972318184115,41.23618385857837,41.51078796386719
2021-05-26,41.62189601278013,41.74203595410096,41.148562217866775,41.59660339355469
2021-05-27,41.55234878181813,42.31474564965125,41.52073300210121,42.24609375
2021-05-28,42.45566065743983,42.87299239502982,42.24609369585078,42.666133880615234
2021-06-01,42.94705661011832,43.17830490789454,42.202729920561765,42.30299758911133
2021-06-02,42.62095204801806,43.1511976090208,42.40777044508982,42.79258346557617
2021-06-03,42.347257489200445,42.433976027121176,41.846821987922816,41.985931396484375
2021-06-04,42.50082326535975,43.21444047757541,42.41229908705511,42.90731430053711
2021-06-07,42.7266648912154,42.86035746293912,41.77547935533983,41.8938102722168
2021-06-08,42.27950477980636,42.67154035203528,41.86940255990937,41.87120819091797
2021-06-09,42.201832334387895,42.201832334387895,41.70771990130167,41.907352447509766
2021-06-10,42.04917438570815,42.414111840036696,41.571322927419125,42.33552551269531
2021-06-11,42.31475136105909,42.64807303959639,42.198222645310295,42.518898010253906
2021-06-14,42.4999232413127,42.988615331301496,42.0997553354433,42.98229217529297
2021-06-15,43.04823146960304,43.04913773118489,42.32467980354716,42.52250671386719
2021-06-16,42.480055002490055,42.5568356976387,41.686042271154115,42.07175827026367
2021-06-17,41.99316330666519,42.928993815216614,41.90825383375944,42.56134796142578
2021-06-18,42.20905844289026,42.43398361400557,41.59841730593918,41.868507385253906
2021-06-21,41.98412100345468,42.36738996679649,41.735587601001335,42.29729080200195
2021-06-22,42.476635119306124,42.6587123463349,41.99777294988568,42.28272247314453
2021-06-23,42.22902258011341,42.59499342148126,42.15437051564217,42.48392868041992
2021-06-24,42.77797860568231,43.120285532523496,42.660541217529456,42.79345703125
2021-06-25,42.91089378022175,43.011036448613424,41.87761078138071,42.07789611816406
2021-06-28,42.42383570908846,43.36062244139244,42.37922714782014,43.04289627075195
2021-06-29,43.003755469217225,43.453484137657,42.85536469960694,43.43891906738281
2021-06-30,43.528134982515304,43.570013899425796,43.01831933599594,43.41069412231445
2021-07-01,43.501736006167256,43.501736006167256,42.69058591383261,42.75522232055664
2021-07-02,43.404317560135524,43.56910009181146,41.487052366454094,42.62139129638672
2021-07-06,42.82440124580412,43.40249270801695,42.63322172030075,43.08658981323242
2021-07-07,43.24318699873398,43.27596014356295,42.45752751429445,42.746116638183594
2021-07-08,42.27999297944834,42.88630816814746,42.01962070324649,42.83350372314453
2021-07-09,42.74883925897043,43.77848252037575,42.60864094046213,43.71475601196289
2021-07-12,43.81854343027666,44.97472996418909,43.08477514037993,44.22184371948242
2021-07-13,44.1836165665199,44.38389845395971,43.88045887752247,44.063446044921875
2021-07-14,44.53592365277045,44.790833191107616,43.766652569997696,43.84312438964844
2021-07-15,43.996980442397316,44.10349576099051,43.07203254622585,43.456214904785156
2021-07-16,43.6127992939544,43.72386750215659,42.53855072366569,42.61228942871094
2021-07-19,42.19441578174753,42.421101567641,41.65819974780891,42.39379119873047
2021-07-20,42.59590711089864,42.992831335104654,42.17530856926202,42.65963363647461
2021-07-21,42.754316337387856,43.63283603779345,42.65144053408739,43.60916519165039
2021-07-22,43.388838533899026,43.60641855044212,43.1985688865396,43.3642578125
2021-07-23,43.701105873340445,44.02429483693325,43.40978364299997,43.985145568847656
2021-07-26,43.895011625252295,44.02792741526619,43.669235716899585,43.90229415893555
2021-07-27,43.767558876947625,43.86314864370153,42.587701592035515,43.27595138549805
2021-07-28,43.39794474646519,43.61461837278815,43.18127459297688,43.484432220458984
2021-07-29,43.559081373300586,44.22912309937729,43.46531137130099,44.07253646850586
2021-07-30,43.876817638568994,44.27556513660394,43.65923754949937,44.18999099731445
2021-08-02,44.52226913853164,45.027531863729045,44.01791976886882,44.12443161010742
2021-08-03,44.1981775753163,44.40483556946192,43.694734572319774,44.3165283203125
2021-08-04,44.474933610785726,44.606939539755786,44.0634408713752,44.40847396850586
2021-08-05,44.64790350762906,44.64790350762906,44.14355065270766,44.396636962890625
2021-08-06,44.15994154706658,44.43760859835554,44.06526164588226,44.19271469116211
2021-08-09,44.28921067248399,44.320164048452675,43.78941071632044,44.12443161010742
2021-08-10,44.23549544165324,44.28556676787783,43.50081732660187,43.904117584228516
2021-08-11,44.13626840372001,44.24187383837832,43.679257230077525,44.02156066894531
2021-08-12,43.905939081465085,44.15356260169198,43.400676386237514,44.0861930847168
2021-08-13,43.935992633765935,44.514994157074256,43.89047070837156,44.259178161621094
2021-08-16,44.138084435666,44.50951795253085,44.098935174903275,44.43941879272461
2021-08-17,44.20726813784324,44.26462546597326,43.199475989500215,43.579105377197266
2021-08-18,43.39340077956692,43.43254657659632,42.63778132271304,42.6942253112793
2021-08-19,42.45570274249136,43.31874738027055,42.11977194266593,43.10935974121094
2021-08-20,43.04470713166968,43.35514720591816,42.828033566406546,43.258644104003906
2021-08-23,43.364270939576556,44.26190859233092,43.306917063228305,43.921424865722656
2021-08-24,43.916874761611716,43.97513851991519,43.71294639829656,43.82856750488281
2021-08-25,43.841303247993224,44.26918077696392,43.841303247993224,44.008811950683594
2021-08-26,43.9714928354713,44.436699936358075,43.75300288694201,44.22093963623047
2021-08-27,44.42759210004963,45.1950469511787,44.302872178295516,45.14952850341797
2021-08-30,45.51913955098377,46.23378990302083,45.35982325712228,45.418087005615234
2021-08-31,45.63658139622331,45.63658139622331,44.85456150598465,45.26514434814453
2021-09-01,45.17956491860358,45.44994940814021,44.87185787478087,44.89643859863281
2021-09-02,45.13586567620538,45.15316386552122,44.62332043096193,44.7817268371582
2021-09-03,45.14679426941359,46.065369510984496,45.06759279737257,45.30793380737305
2021-09-07,45.300645043123055,45.300645043123055,44.699792554685715,45.20869827270508
2021-09-08,45.48454597421207,45.50912322533038,44.43669450813536,45.007503509521484
2021-09-09,44.86820416201895,45.40077712413679,44.86820416201895,44.92646789550781
2021-09-10,45.250576451454904,46.064456077469316,45.2014150048273,45.35071563720703
2021-09-13,45.701214683594536,45.74400347848508,44.90553966106791,45.42445755004883
2021-09-14,45.70121988205252,46.012569956289845,45.36983849566501,45.68938446044922
2021-09-15,45.71214032880312,46.49324681209514,45.46633656931226,46.40584945678711
2021-09-16,45.99254193216485,46.352143574134516,45.5382603905842,46.18827438354492
2021-09-17,45.88056174819123,46.21285300084604,45.61017724877183,46.06536865234375
2021-09-20,45.42809677954196,45.79224776510318,44.46673289895223,45.04755401611328
2021-09-21,45.25573770548683,45.27958202652037,44.66057071872652,45.02647399902344
2021-09-22,45.32542584476603,46.12784867180438,45.13926456049547,45.906837463378906
2021-09-23,46.082920533375415,46.521273318173115,45.90684477929985,46.247074127197266
2021-09-24,46.06090563465838,46.357112499586556,45.92884883968279,46.303924560546875
2021-09-27,45.83256152327818,46.386462659801815,45.61246685056283,46.297508239746094
2021-09-28,45.57763047856545,45.98571964038488,44.98521308089105,45.029232025146484
2021-09-29,45.26857557523532,45.32726632736861,44.72017719138131,44.88800048828125
2021-09-30,45.35019265511875,45.35019265511875,44.42947167136885,44.47073745727539
2021-10-01,44.738509502051386,44.81279210170417,43.78935811017074,44.692657470703125
2021-10-04,44.47073854710634,44.62021682866042,43.35651682260122,43.64722442626953
2021-10-05,43.64630467875043,44.91642394742002,43.59036358428824,44.51567077636719
2021-10-06,44.30566824601858,44.8760778421766,43.99111982133382,44.82380294799805
2021-10-07,45.176864164796655,45.84356399410305,45.176864164796655,45.295162200927734
2021-10-08,45.56110299365439,45.66931545751509,45.05305399415344,45.1970329284668
2021-10-11,45.04939579219851,45.81513563060537,45.013629315393395,45.150272369384766
2021-10-12,45.471240047634055,45.55010540873272,44.20387047635536,44.502830505371094
2021-10-13,44.125917553165635,44.51199536412565,43.97735585259806,44.478065490722656
2021-10-14,45.10626504194388,45.77479817727353,45.01089124420918,45.632652282714844
2021-10-15,46.25624288184459,46.39013279877032,45.95178351466765,46.15078353881836
2021-10-18,45.88850321416237,46.21772342912086,45.729852437206056,46.160865783691406
2021-10-19,46.248902964314254,46.84957618543611,46.015053030926566,46.80555725097656
2021-10-20,46.861497102222884,47.0843414381519,46.62673410485196,46.71385192871094
2021-10-21,46.71660503975779,47.209062300805805,46.641405877405546,47.15037155151367
2021-10-22,47.20447864239705,47.81340438277843,47.04674440264583,47.26592254638672
2021-10-25,47.45666343809541,48.09951896873003,47.24482472922812,47.87667465209961
2021-10-26,48.16646019579272,49.061507127651474,48.05366496484401,48.958797454833984
2021-10-27,48.77080676086279,49.16055434413236,47.85742167991237,47.97205352783203
2021-10-28,48.0665083332197,48.599314812607425,48.00139473221616,48.56446838378906
2021-10-29,48.00781460093233,48.8010684962473,48.00781460093233,48.757049560546875
2021-11-01,48.63508114914732,48.84050051409654,48.138954201989655,48.42507553100586
2021-11-02,48.37005750559029,49.596161501925074,48.299444589373664,49.25226593017578
2021-11-03,49.43383366941745,49.86852021036559,48.949628888151906,49.73829650878906
2021-11-04,49.86943961366636,50.35272787160527,49.60532599153192,50.311458587646484
2021-11-05,50.43800461542074,51.3247955744479,50.42057965391523,51.25601577758789
2021-11-08,51.535730291573934,51.711806054763585,51.18083261018185,51.25878143310547
2021-11-09,51.280783237003014,51.52930498955352,50.90937718381145,51.15331268310547
2021-11-10,50.83234311588951,51.437599087662505,50.259183919199685,50.32521057128906
2021-11-11,50.684698164890946,51.090954132866564,50.32888048630026,50.93321990966797
2021-11-12,51.209253881944115,51.890625588528636,50.85893899576549,51.65035629272461
2021-11-15,52.060284430728125,52.060284430728125,51.33948000762207,51.88420867919922
2021-11-16,51.73014058931124,52.229017186630195,51.60633624181451,52.15932083129883
2021-11-17,52.10154942323514,52.396843272790385,51.73105990846813,52.23910903930664
2021-11-18,52.373000469005575,52.88930207230185,52.23911055144537,52.713226318359375
2021-11-19,52.84803361545254,52.933321840605785,51.89888201740685,52.15474319458008
2021-11-22,52.42619260885488,52.459205940787584,50.665448921768004,50.73881149291992
2021-11-23,50.659937985191355,50.97540293759607,50.30320375077994,50.90754318237305
2021-11-24,50.7342260426693,51.270702278370564,50.198662859757775,51.23860549926758
2021-11-26,50.600337552783756,51.107470210303056,49.825428525151366,50.12530517578125
2021-11-29,51.00658143177369,52.04744047525866,50.77548465489234,51.7530632019043
2021-11-30,51.65494889855553,51.81268314640534,50.621429076697524,50.77549362182617
2021-12-01,51.67420054541812,52.1327279193908,50.74339053597935,50.87453079223633
2021-12-02,50.07761159528656,51.273451875330935,49.8877840723924,50.66269302368164
2021-12-03,51.808085889820845,52.18041195976224,50.47468971915015,51.182655334472656
2021-12-06,51.78149627459489,52.12264215071941,50.983659626608485,51.81175994873047
2021-12-07,52.45552922582594,54.38776203986505,52.45552922582594,54.14291000366211
2021-12-08,54.192432250915466,54.192432250915466,53.412017103319755,53.97417068481445
2021-12-09,53.41385700241453,54.128242091376194,53.41385700241453,53.502811431884766
2021-12-10,57.222376242415976,59.12709848532919,56.728085929925875,57.92850875854492
2021-12-13,58.14127496795321,58.17979110113772,56.97019561167902,57.00962829589844
2021-12-14,56.65931758643738,56.73084705360226,55.5405095426753,56.390621185302734
2021-12-15,56.451138394638654,58.77036923661774,55.971519852902965,58.67866516113281
2021-12-16,58.44940457207552,58.75203433413104,56.07790221140969,56.91975784301758
2021-12-17,56.630882565520864,58.6905896254134,56.40803822502088,58.22930908203125
2021-12-20,57.43513393535192,59.24998517881248,57.32416830725199,59.152774810791016
2021-12-21,59.81452099639305,59.940962159000776,58.448601557198145,59.642860412597656
2021-12-22,59.373361100950056,60.65068638662621,58.99865324588678,60.46978759765625
2021-12-23,60.555635237450495,61.90309951136669,60.555635237450495,61.355812072753906
2021-12-27,61.35578190277422,62.417135259262245,61.32439870670525,62.230709075927734
2021-12-28,62.53250933829548,62.55189411531439,61.56160169252488,61.74341583251953
2021-12-29,61.81725991910916,62.48175721297812,61.75450055044448,62.07659912109375
2021-12-30,62.121822754801556,62.36178423465035,61.267202468636825,61.38164520263672
2021-12-31,61.55606817624608,61.956614193025985,61.21459187089742,61.41209411621094
2022-01-03,61.49608693138135,61.99261333874112,61.025395162807136,61.219207763671875
2022-01-04,61.178586903992546,62.037826098730555,60.65713430454391,61.920616149902344
2022-01-05,61.947385785717486,61.947385785717486,59.252450970014465,59.34382629394531
2022-01-06,59.08172075341183,59.86527992817005,58.55288872374754,58.7928466796875
2022-01-07,58.68393079522299,59.05863860737433,57.07897264477995,57.14265441894531
2022-01-10,56.19298193180677,57.40938929118806,55.704753713511224,57.32817459106445
2022-01-11,56.809486299218776,57.959444499510155,56.71996283966653,57.410308837890625
2022-01-12,57.91421367159157,58.23538977700056,57.197103678756896,57.40568542480469
2022-01-13,57.91052570537486,57.948362283823414,54.835352246922426,55.11592102050781
2022-01-14,54.98579474928632,55.410337627855554,54.636932080009416,55.04024887084961
2022-01-18,54.2972841044322,54.548318002567385,53.1593210356855,53.32544708251953
2022-01-19,53.675245668981994,53.965964545129104,51.99091397422975,52.04998016357422
2022-01-20,52.42191969494908,52.61942546538174,50.46255711396857,50.550235748291016
2022-01-21,50.45056182203516,51.25904022205138,49.038490104127376,49.21292495727539
2022-01-24,48.99696331458264,50.16169080473335,47.38277365911665,49.98356628417969
2022-01-25,48.7302299459954,50.33611409605785,48.38136731567716,49.296905517578125
2022-01-26,50.94525660935779,52.99137226416545,50.76713206565164,51.41779327392578
2022-01-27,52.580645615076726,52.63048412850229,49.93278623384292,50.05091857910156
2022-01-28,50.147832909169125,51.72972011327898,49.13538848363186,51.69280242919922
2022-01-31,51.62819685720768,54.11731689317497,51.31440359227708,54.07209396362305
2022-02-01,54.071178093756636,54.812281483848494,53.14364143769966,54.70337677001953
2022-02-02,55.28297082614239,55.81826319009425,54.7873598696483,55.69182205200195
2022-02-03,54.9756431831205,55.28482091104847,53.540500570601566,53.607872009277344
2022-02-04,53.19532594601728,55.055011368921,53.17317392473654,54.46710968017578
2022-02-07,54.46710574253894,55.52108348878285,53.913354539856904,54.23360824584961
2022-02-08,54.3028357672296,55.546010668683365,54.174549783736815,55.395572662353516
2022-02-09,56.053608233410024,56.456924969187064,55.51923477050762,56.421852111816406
2022-02-10,54.94149393587798,56.726425182002345,54.3203677033809,54.57786560058594
2022-02-11,54.57786485702675,55.35311873922309,52.5215960086839,52.922142028808594
2022-02-14,53.06796530628607,53.78876507972736,52.61296515819033,53.398372650146484
2022-02-15,54.36282247300187,55.93271149107166,54.290835442629,55.630916595458984
2022-02-16,54.82705634066226,55.450030980454905,54.195779972674714,55.11777877807617
2022-02-17,54.42465132678859,54.598160217571305,53.4269725642899,53.43712615966797
2022-02-18,53.61617823146428,54.24376131955311,52.909218242024885,53.528499603271484
2022-02-22,53.52850302884701,54.47172783052613,52.58896788377834,53.29500198364258
2022-02-23,53.55064597311675,53.99734082315221,52.121041490856264,52.162574768066406
2022-02-24,50.90648191789409,54.05456508102964,50.67021364207402,53.529422760009766
2022-02-25,53.51373392635961,54.395121716595966,52.97567077408768,54.268680572509766
2022-02-28,53.62170246864854,54.664604063400205,53.19531487504381,54.216064453125
2022-03-01,53.97150875106886,54.23269632288288,52.17273412743339,52.617584228515625
2022-03-02,53.02366514139557,54.501263495189406,52.936912441122196,54.06287384033203
2022-03-03,54.79198745403717,54.79383228254034,53.00613361165733,53.40022277832031
2022-03-04,54.709842058773496,55.920714857244825,53.89951881255474,55.00517654418945
2022-03-07,55.10577861174786,55.262673524214776,52.606507858864624,52.671112060546875
2022-03-08,52.80678106687529,55.01071732807881,52.01676145452263,53.15564727783203
2022-03-09,54.340676487734896,55.526630037842935,54.17547281141936,55.10023880004883
2022-03-10,54.04255920974946,54.45418116700572,53.19439603514031,54.24283218383789
2022-03-11,54.636935621773226,54.86120550103629,53.263629836869626,53.33100128173828
2022-03-14,53.24885756261563,53.52758155082543,52.12197022558281,52.40346145629883
2022-03-15,53.277464878902585,55.07623570684056,53.071653877803385,54.707069396972656
2022-03-16,55.06608758345186,56.08683737775026,53.90412745462727,56.032386779785156
2022-03-17,55.810889373452966,56.0213159926972,55.15653859875818,55.62168884277344
2022-03-18,55.74166691536455,56.59444584260616,55.00517554356524,56.336029052734375
2022-03-21,56.27005556513501,56.27005556513501,54.71463847696766,55.86958694458008
2022-03-22,55.90953850139231,57.004089132820205,55.68746670621137,56.80339050292969
2022-03-23,56.49305690227564,56.80618621367056,55.671678626961224,55.69211959838867
2022-03-24,56.365753826861415,58.27890020840231,55.93555419439783,58.20549774169922
2022-03-25,58.265899641971956,58.5753108047092,57.614556783378205,58.432220458984375
2022-03-28,58.15439893303102,58.843837753021525,57.21594322300122,58.8048095703125
2022-03-29,59.46637272005439,59.95975613658107,58.537210646303535,59.602962493896484
2022-03-30,59.36137672951107,59.86498238943347,58.28912434985873,58.63848876953125
2022-03-31,58.58181529436643,59.37346254865331,58.35602886452708,58.50748062133789
2022-04-01,58.69423948397001,58.96184004016016,57.486329463275766,58.25660705566406
2022-04-04,58.20456446747843,59.161603738564395,58.02802496333235,58.987850189208984
2022-04-05,58.49540273777256,58.74720558624301,56.95763702492985,57.061702728271484
2022-04-06,55.9429834466161,56.82661666888963,55.17084866706821,55.935550689697266
2022-04-07,55.73393031795474,56.4596042537034,55.12161214206608,56.033119201660156
2022-04-08,55.50628142903541,55.618712078397884,54.44610861036546,54.541812896728516
2022-04-11,54.1311256013016,54.75366605738742,53.83844081300934,53.948081970214844
2022-04-12,54.737864822280365,55.61871217452839,54.09302613335955,54.362483978271484
2022-04-13,54.681191344290916,55.444036223224,54.45354760901658,55.056575775146484
2022-04-14,55.284216105054384,55.4765533396207,53.22797922235524,53.31996536254883
2022-04-18,53.227049712247975,54.933922129444895,53.227049712247975,54.495357513427734
2022-04-19,53.83194081711805,55.62893871488036,53.83194081711805,55.52859115600586
2022-04-20,56.139972060643004,56.997588985967944,55.29722419578591,55.53787612915039
2022-04-21,56.26448887687,57.22431431232228,54.88189648185949,55.0742301940918
2022-04-22,54.83079123369399,55.63265723613227,54.47306180717194,54.537174224853516
2022-04-25,54.02984262255635,54.70534454119938,53.06630273584441,54.62357711791992
2022-04-26,54.24447998934482,54.39872122569984,52.00612830342762,52.03957748413086
2022-04-27,51.64189777803011,52.969671180877654,51.56849530662145,51.990333557128906
2022-04-28,52.58499777992643,54.35783627478567,51.84445481674902,53.79290771484375
2022-04-29,53.205682204192684,53.73158617695397,51.41983178976405,51.511817932128906
2022-05-02,51.76733930669971,53.67212095487457,51.69672278667889,53.5522575378418
2022-05-03,53.52066787362593,54.51858564637396,53.126699796248694,54.00011444091797
2022-05-04,54.057716616335526,56.12789014108107,53.3320391968563,56.08979415893555
2022-05-05,55.213595117587516,55.551808618925975,53.36084652869491,53.89046859741211
2022-05-06,53.421245418894735,54.818706723382704,52.909278319909156,53.900691986083984
2022-05-09,53.22984161703293,53.70557362016889,52.05817017093306,52.30439758300781
2022-05-10,53.93693266949081,54.92742126517361,53.129491254826334,54.02055740356445
2022-05-11,53.38779980983341,54.32718423250015,52.57756887130092,52.6937141418457
2022-05-12,52.348989514993775,53.29766387348435,51.87140028278391,53.108116149902344
2022-05-13,53.61730760032105,54.968308135325,53.287451893122864,54.657039642333984
2022-05-16,54.298380102998635,54.7406629241534,53.67305363377185,54.13949203491211
2022-05-17,55.3269597722486,56.585977633121175,55.15599569083858,56.506996154785156
2022-05-18,55.74971836212112,55.816616719790105,52.60729259879867,53.015193939208984
2022-05-19,51.84724531789023,52.10276631735232,50.07812127442346,50.75176239013672
2022-05-20,51.466292793559724,51.56757254911353,47.61398646459276,50.471160888671875
2022-05-23,48.68809683189036,49.76313525689162,47.783090283861526,48.907379150390625
2022-05-24,48.935244740407015,49.14059015997379,47.962411333747816,48.706668853759766
2022-05-25,48.67880390773982,49.9378181810752,48.67880390773982,49.39704513549805
2022-05-26,49.388684631446395,51.52854638174093,49.03374471610058,51.165245056152344
2022-05-27,52.22726927749905,54.398722659232604,52.034003401151935,54.196163177490234
2022-05-31,54.3095169295606,54.54459337275143,53.51972714184146,53.903472900390625
2022-06-01,54.59570562287882,54.90790626895633,52.81635936733234,53.2985954284668
2022-06-02,53.68234033307844,53.68419763642161,52.78848474340207,53.58849334716797
2022-06-03,52.85724176316747,52.9250687770992,52.12413155489378,52.341556549072266
2022-06-06,53.10347663198088,53.21497509970848,51.80450902676076,52.147369384765625
2022-06-07,52.083253078409456,53.384077890004036,51.803572961506006,53.24005889892578
2022-06-08,53.13134749942052,53.54482435841317,52.23191995854168,52.53110885620117
2022-06-09,52.1408636776823,53.30045550429944,51.654909440049174,51.68185806274414
2022-06-10,51.11227218026904,51.20054370583227,50.14873233431315,50.29275131225586
2022-06-13,48.94640010685056,49.52433689261751,47.94662153576676,48.09528732299805
2022-06-14,48.77822289923748,48.77822289923748,47.81375079555231,48.33222198486328
2022-06-15,49.16661452022572,49.60146100374642,47.90016396797809,48.93989944458008
2022-06-16,47.56845276258758,47.7988859809821,45.740791816403885,46.19607925415039
2022-06-17,45.99352637519009,46.491556634867834,45.33103260037064,46.332672119140625
2022-06-21,47.225501645818206,47.86537931614021,47.1140151736343,47.19645690917969
2022-06-22,46.49756028467226,47.19646025451272,46.29987951297786,46.47788619995117
2022-06-23,47.007203858793886,47.007203858793886,46.00101312477826,46.52284622192383
2022-06-24,47.311691763411595,47.948760374055205,46.979105052155404,47.69486999511719
2022-06-27,48.13613389133512,48.15861702594933,47.10745632520112,47.37820816040039
2022-06-28,48.02465304434871,48.16892966979029,46.666197661144004,46.69805145263672
2022-06-29,46.419791903730214,46.461949117428816,45.594413271441404,45.944801330566406
2022-06-30,45.7218391943584,46.25678848764074,45.03605166938615,45.51385498046875
2022-07-01,44.914263026385406,45.36957606483606,43.9792703880273,44.767173767089844
2022-07-05,44.220045711058965,44.68192036217461,43.46211983352118,44.62289810180664
2022-07-06,45.01917837282028,45.63001479668246,44.547933214241056,45.214046478271484
2022-07-07,45.729328394106055,46.973484559956326,45.729328394106055,46.706478118896484
2022-07-08,46.186518570777075,46.808598453126,45.90639606837342,46.72053146362305
2022-07-11,45.85861605076129,46.05816593736702,45.06134213333453,45.23747253417969
2022-07-12,45.702155937039464,46.14997449342228,44.97608403548927,45.097877502441406
2022-07-13,44.49923129047162,45.4979279493602,44.24721356857699,45.131614685058594
2022-07-14,45.199060702189065,45.59535499741838,44.3540078891077,45.40423583984375
2022-07-15,45.984156713697836,46.3504699358242,45.54382890757728,46.32423782348633
2022-07-18,46.858246302100284,47.06904310537206,45.736820031625086,46.005699157714844
2022-07-19,46.54346656406072,47.906603663680485,46.458212196786334,47.68644332885742
2022-07-20,47.73702521286554,48.49307821471486,47.26203461335626,47.945945739746094
2022-07-21,48.01903286763791,48.51182136588269,47.40725992943822,48.4996452331543
2022-07-22,48.6055021681674,48.69731455417263,47.469083549470284,48.016212463378906
2022-07-25,47.823226329275045,48.09116914121971,47.45503681685091,48.071495056152344
2022-07-26,48.21389063221426,48.41812582653041,47.67893787771774,47.882240295410156
2022-07-27,48.54835822119383,49.671660914321656,48.42937736064612,49.44681167602539
2022-07-28,49.521756336245446,50.26468971830467,48.771325002312246,49.992061614990234
2022-07-29,49.83935781818969,50.38742311527009,49.679152521476055,50.167259216308594
2022-08-01,49.78782615609499,50.571044049629634,49.69507384723673,50.25063705444336
2022-08-02,49.955525837708834,50.515770837786164,49.39434448704897,49.767215728759766
2022-08-03,50.14945314638561,51.34020864634253,50.03983938244312,51.222164154052734
2022-08-04,51.378622509671295,51.82269568615102,51.060088208338065,51.7899055480957
2022-08-05,51.04978168851929,51.71495506243939,50.8980071382585,51.66249084472656
2022-08-08,51.46669675700555,51.80771424090487,50.47268189760148,51.10881423950195
2022-08-09,50.505469417860766,50.529828829405176,49.443065276249946,49.91617965698242
2022-08-10,51.15846421128933,51.62315144576011,50.5195228377494,51.566001892089844
2022-08-11,51.897644101597415,52.25552655126244,50.98888378542866,51.09943389892578
2022-08-12,51.322412783498585,52.31549121924976,51.12005026440699,52.29862976074219
2022-08-15,51.92387901025186,52.44477581984553,51.5744272700214,52.36701583862305
2022-08-16,52.232097300781945,52.271445459877214,51.15376832718178,51.682159423828125
2022-08-17,51.00012150340816,51.031975285864384,49.75128025647244,50.458614349365234
2022-08-18,50.91019373113649,52.51691776371983,50.74343040292263,52.31924057006836
2022-08-19,51.60815525190818,52.05035574253155,51.32803275606595,51.380496978759766
2022-08-22,50.831498558654495,50.88021380830023,49.37748541415892,49.53675079345703
2022-08-23,50.01454935595724,50.36775009666665,49.55173841259926,49.63324737548828
2022-08-24,49.61263437387895,49.7756487173662,49.03927333307156,49.73255157470703
2022-08-25,49.977066578245925,51.5725469082666,49.865580124807444,51.539756774902344
2022-08-26,51.41891090836185,51.62033707844132,48.71699260701894,48.79756164550781
2022-08-29,48.71699780101076,48.973697275129304,47.96750624192059,48.1717414855957
2022-08-30,48.42093985064901,48.521186544069444,46.9734848133729,47.441917419433594
2022-08-31,47.79511572127453,47.79511572127453,46.51910572921978,46.75988006591797
2022-09-01,46.04411977534437,46.21462852205029,45.04823218682361,46.09471130371094
2022-09-02,48.52961881374562,48.699191193796004,46.68399671749794,46.86387252807617
2022-09-06,46.705542835584794,47.21800894469563,45.9410590365158,46.674625396728516
2022-09-07,47.11588362889688,47.726720081391825,46.75706483469765,47.32386779785156
2022-09-08,47.086843760171305,48.03682502346961,46.721466901034596,47.960941314697266
2022-09-09,48.28978391679726,49.27630439480561,48.28978391679726,48.94184494018555
2022-09-12,49.34936955480126,49.771895924687165,49.144198008802626,49.5657844543457
2022-09-13,48.13987795674448,48.55490996282411,47.0006503025467,47.18521499633789
2022-09-14,47.511246638859895,48.061184630965606,47.10277263472855,47.85039138793945
2022-09-15,47.679878802733924,47.92627121698583,46.5884300620684,46.85637283325195
2022-09-16,46.62965433354042,47.188962974697375,45.89327894077887,47.077476501464844
2022-09-19,46.32049308654558,47.160860617892084,46.32049308654558,47.01564407348633
2022-09-20,46.46851810335346,46.73365187329533,45.88016823059341,46.19308090209961
2022-09-21,46.3848550254852,47.22471192902137,45.51382143549017,45.54877853393555
2022-09-22,45.5761731223606,45.6498605208627,44.685300510998665,45.120819091796875
2022-09-23,44.86952255747734,45.15671854663174,43.64611060126872,44.277183532714844
2022-09-26,44.3055192267511,44.71364150593816,43.58091991778514,43.67066955566406
2022-09-27,44.35938363312509,44.391500923418576,43.12746643779692,43.905914306640625
2022-09-28,43.58375511684172,44.28379440553647,43.112338845179266,44.02021789550781
2022-09-29,43.54219106833803,43.586593791460196,42.02874690075654,42.52472686767578
2022-09-30,42.42363757935061,43.25121622170744,41.911598994165416,41.946556091308594
2022-10-03,42.44064065862145,43.54691016537267,42.22618789422923,43.15296173095703
2022-10-04,44.260177104999435,45.361722129413835,44.01077082037069,45.33338165283203
2022-10-05,44.64278998163705,46.11088355716466,44.539814301416506,45.800071716308594
2022-10-06,45.70465975151837,46.26298949950294,45.22568622324128,45.299373626708984
2022-10-07,44.626734516218235,44.71742837644639,43.36458850554729,43.50251770019531
2022-10-10,43.45716047952757,43.46660610264484,40.796824693979715,41.350433349609375
2022-10-11,41.114257678333615,41.444908581382286,40.20543439022982,40.694801330566406
2022-10-12,40.835561793566036,41.16338007991394,40.435000310899454,40.676849365234375
2022-10-13,39.43454412170587,41.92388234526293,39.212534112391324,41.375946044921875
2022-10-14,41.877588015100265,41.94182978711678,40.28384356703185,40.349029541015625
2022-10-17,41.5252178358551,41.684874491467845,40.9432685693434,41.13032150268555
2022-10-18,42.34333798334317,42.37545887126825,40.638116336365314,41.07930374145508
2022-10-19,40.928152469008225,41.407126020265416,40.7061424420597,41.12370681762695
2022-10-20,41.10764616606266,41.774620416443305,40.44728493398522,40.651344299316406
2022-10-21,40.82044697231075,42.5747959008879,40.54458862931531,42.486934661865234
2022-10-24,42.770355712489646,43.34285933111311,42.61731208179543,43.1284065246582
2022-10-25,43.26728110398022,43.85962019094452,43.15769239054237,43.463783264160156
2022-10-26,43.267283019564374,44.56816298334047,43.01693249563566,43.56864929199219
2022-10-27,44.028721001917454,44.47462942143522,42.9763033255287,43.0225944519043
2022-10-28,43.169966891800925,44.811890891011025,43.046207959616375,44.67585372924805
2022-10-31,44.10429982623705,44.66735055537262,43.930469351254466,44.41322326660156
2022-11-01,44.94983321462969,45.04713649289565,43.7566499629808,44.2035026550293
2022-11-02,44.4283380313235,45.38911765129039,43.05282307667907,43.08211135864258
2022-11-03,42.60124602126959,42.78263009915124,41.69620322429097,41.95694351196289
2022-11-04,43.16052408193927,44.297022600886905,42.82231235179617,43.95786666870117
2022-11-07,44.096733079493404,45.133091960748914,43.605481411947665,44.895023345947266
2022-11-08,45.46469578122686,46.17796110852785,44.73253560244097,45.54594039916992
2022-11-09,45.20490108286416,45.252140018718585,44.31025156914273,44.3518180847168
2022-11-10,46.38579801566072,47.91341236633974,46.02586244111274,47.85673141479492
2022-11-11,47.68951269496267,49.031018305895465,47.4249919845637,48.945045471191406
2022-11-14,48.68996959928252,49.59973336217764,48.46417920998166,48.484962463378906
2022-11-15,50.0664367988827,50.313010499812144,48.73910483546955,49.54306411743164
2022-11-16,48.81562791072455,48.98756639567736,48.20722659091282,48.34421157836914
2022-11-17,47.708405079429966,48.4396174070065,47.53268621496881,48.38010025024414
2022-11-18,48.829788218476004,48.91103283001207,48.275235362791236,48.66823959350586
2022-11-21,48.4585189230628,49.20579359791741,48.28563624447078,48.883644104003906
2022-11-22,49.40607329482281,50.0966633709546,49.031963878022644,50.07493591308594
2022-11-23,50.10328114467201,51.15475470151966,49.95685053397085,50.414093017578125
2022-11-25,50.135397757782854,50.50289416016531,50.02108804759036,50.061710357666016
2022-11-28,49.620514793946334,49.95305764756654,48.770268216739495,49.334266662597656
2022-11-29,49.4089124823062,49.67815784987165,48.63707768399187,49.256813049316406
2022-11-30,49.51377452687477,52.11648204122879,48.92049126147019,52.05696487426758
2022-12-01,52.05696202148585,52.18827818321071,51.20009865926749,52.03050994873047
2022-12-02,50.73623717325325,51.270003179210136,50.64459913151785,51.09050750732422
2022-12-05,50.80425968421456,50.96580832409516,49.64414173499013,50.130672454833984
2022-12-06,50.13161406968212,50.4074724039478,49.29081303173295,49.675315856933594
2022-12-07,49.087703611322276,49.59785382991938,48.752328079788455,48.98378372192383
2022-12-08,49.20201614450355,50.298836574273054,49.16139022917348,50.172245025634766
2022-12-09,52.04846400631118,52.20906485746053,51.109408154374904,51.460845947265625
2022-12-12,51.46367408207703,52.608677613914914,51.22654963441142,52.586002349853516
2022-12-13,54.39893065078197,54.9676502691453,53.3795743429907,53.94735336303711
2022-12-14,53.71211711731323,55.3275893156282,53.63464929603082,54.268558502197266
2022-12-15,53.26147526246966,53.517494549102786,52.68708692388423,52.71542739868164
2022-12-16,52.66346505113009,52.885475037090735,52.04184141502933,52.51797866821289
2022-12-19,52.776140462315944,53.01047938675567,51.98547779883964,52.357948303222656
2022-12-20,51.93308328650843,52.297933507883045,51.528227526527864,51.82353591918945
2022-12-21,52.17123390705189,53.527744712361354,52.10264779278429,53.46296691894531
2022-12-22,52.71231439792483,52.863778734066834,52.126465273764126,52.68754577636719
2022-12-23,52.3931892707315,52.73803125133864,52.150274375713316,52.624671936035156
2022-12-27,52.54084599365938,53.1657558506763,52.10169716626355,52.73041534423828
2022-12-28,52.54942820606832,53.13337324467626,51.67398305443804,51.90641784667969
2022-12-29,52.569424022778776,53.593469850250436,52.44082051880359,53.13717269897461
2022-12-30,52.56657944097659,53.31246907934529,52.20363691757274,53.26293182373047
2023-01-03,53.822092837166295,54.066911885248274,52.46844202088223,52.724693298339844
2023-01-04,53.63062357122344,54.12312158046387,52.96761235752058,53.368656158447266
2023-01-05,52.93712498105143,53.330552120696254,52.4998803506908,52.871395111083984
2023-01-06,53.64300884537392,56.29886570261965,53.564894660241464,56.054046630859375
2023-01-09,56.422704771458434,57.315294511056784,53.399141471179924,54.954742431640625
2023-01-10,54.48891236066647,54.78707694765214,52.39223218328405,54.76802444458008
2023-01-11,54.5841762829892,55.09286689692141,54.00023136378198,55.073814392089844
2023-01-12,54.8309048122345,55.737786687424844,54.656579645275464,55.43581008911133
2023-01-13,54.97950208920419,55.43484709767383,54.93377680895541,55.15573501586914
2023-01-17,54.76517601541592,55.76159699433788,54.730879324658495,55.17860412597656
2023-01-18,55.55679399881921,55.97117787493965,54.65277556206856,54.70707321166992
2023-01-19,54.21457071088132,54.304117128503506,53.3753265097845,53.65253448486328
2023-01-20,53.63443799533939,54.42795691186121,53.2610154049146,54.372703552246094
2023-01-23,54.48892195701298,55.70730121698381,54.27744385972991,55.40627670288086
2023-01-24,55.10240109458569,55.88829611140334,54.83471755090914,55.73016357421875
2023-01-25,55.0290421740119,55.914963678147274,54.87376952599677,55.79207992553711
2023-01-26,56.24267186428626,57.209563977569594,55.847340481508056,57.02095031738281
2023-01-27,56.519874668044714,57.084767150124804,56.22171001778737,56.297916412353516
2023-01-30,55.53678201484731,56.166452244876616,55.22814087195293,55.389129638671875
2023-01-31,55.44819961166567,55.939741974922704,55.32150388254707,55.72826385498047
2023-02-01,55.59108207281455,57.946873802079125,55.50820748536184,57.41817855834961
2023-02-02,57.88304899486128,58.40793229197478,57.13239549146033,57.70586395263672
2023-02-03,56.965686352132906,57.92210176961338,56.798981472911514,56.92948913574219
2023-02-06,56.52177463260719,57.4629458840789,56.41889546249617,57.28004837036133
2023-02-07,57.21908805299963,58.776593296887604,57.12954163095628,58.5327262878418
2023-02-08,57.792548935166344,58.12596234335772,57.21527216857116,57.31910705566406
2023-02-09,58.356494469926574,58.5784527349344,56.725639038478235,57.100013732910156
2023-02-10,56.80470677081888,57.009516693798226,56.16836825246826,56.51321029663086
2023-02-13,56.67990842746541,57.29719436362323,56.53416020779368,57.262901306152344
2023-02-14,56.60084417077244,57.687763701541186,56.51987374228024,57.37626266479492
2023-02-15,57.04761884337803,57.94496905058967,56.84185321651005,57.88876724243164
2023-02-16,57.22766144854646,58.00784402204167,57.113350035131965,57.20765686035156
2023-02-17,57.15621063785552,57.23718106412459,56.43699396983885,56.73611068725586
2023-02-21,56.20360443437407,56.497957102644456,55.235760418648574,55.397701263427734
2023-02-22,55.46534278319198,55.545361136199645,54.49845071712171,54.88616180419922
2023-02-23,55.7987525455066,55.81685297194053,54.6489593860797,55.61299514770508
2023-02-24,55.01570275715691,55.27385819212615,54.64228385120909,55.03666305541992
2023-02-27,55.810184927010965,56.184555964375264,55.65681279287459,55.770172119140625
2023-02-28,55.7806540271899,57.02094572731963,55.458672830835845,56.61227798461914
2023-03-01,56.58464698335907,56.98569077251045,56.23218108671939,56.54368209838867
2023-03-02,56.14549754388279,57.24575707001764,55.834948595832046,57.027610778808594
2023-03-03,58.84232176516578,60.5598673044198,58.65656436348336,60.27694320678711
2023-03-06,60.49032463259461,61.35242967120515,60.17882359560786,60.29218292236328
2023-03-07,60.47793646351128,60.56462300197088,59.39578103611332,59.552005767822266
2023-03-08,59.802544738746214,60.27408247214376,59.41102535361521,60.229312896728516
2023-03-09,60.02163658544126,61.19905812127984,59.24050206068503,59.30146789550781
2023-03-10,59.84158916695065,60.02925068677644,58.37743903216485,58.568912506103516
2023-03-13,57.831601670924066,59.479605179810875,57.81159708597333,58.72514343261719
2023-03-14,59.384346751363985,60.33504603483265,58.91852154515435,60.248355865478516
2023-03-15,59.79206388878891,60.02069033394356,58.69942825495505,59.63679122924805
2023-03-16,59.2376562514322,60.68751832202818,58.85280140220151,60.63322067260742
2023-03-17,60.63321349067858,60.92566200576967,59.735859725468295,60.106422424316406
2023-03-20,60.275031872526796,61.41815679305814,60.166436585820186,61.32004165649414
2023-03-21,61.701901501284645,62.03771098380189,60.861415202142474,61.093605041503906
2023-03-22,61.107997310368326,62.22097060419974,60.51025642212885,60.53424072265625
2023-03-23,61.29989132901594,62.19027144718914,60.592769863849405,61.3315544128418
2023-03-24,61.21642038164777,61.33827073293292,60.30685062468132,61.037960052490234
2023-03-27,61.30947900067082,61.31907198767307,60.06121947487178,60.14277267456055
2023-03-28,59.98830709726111,60.113996835456625,59.37713383694313,59.93745803833008
2023-03-29,60.71270481466914,60.83071943914494,59.93170522889287,60.014217376708984
2023-03-30,60.70790101419487,61.02644238222911,60.37880772544132,60.80576705932617
2023-03-31,60.49778767225659,61.61843617566172,60.05355652104101,61.553192138671875
2023-04-03,61.30948902028235,61.77962232124281,61.06386678833097,61.64242172241211
2023-04-04,61.70766716132819,61.81224940537175,60.637867738995354,60.86909866333008
2023-04-05,60.55535280196809,60.60908232407337,60.033407827217026,60.350990295410156
2023-04-06,59.885653081822646,60.29246389899707,59.38769239743475,59.73981475830078
2023-04-10,59.299419099440065,60.241607222969066,59.14590566265197,60.195552825927734
2023-04-11,60.52080234307007,60.53039899036875,59.56518196685062,59.637142181396484
2023-04-12,60.190755698642356,60.20802380929559,59.127672538851286,59.16988754272461
2023-04-13,59.39728288391592,60.11016158793,59.20922591148675,59.8933219909668
2023-04-14,59.53256610880422,60.25695933270529,59.026930349317084,59.44237518310547
2023-04-17,59.35315289040315,60.286707025431355,59.27639433646099,60.19268035888672
2023-04-18,60.60140194596568,60.973672836870904,60.17060687359145,60.66856384277344
2023-04-19,60.1379953656457,61.09745538488332,60.01902179621311,60.87773895263672
2023-04-20,60.2406490184109,61.667369090994875,60.17156925203826,60.7357292175293
2023-04-21,60.503541128795845,60.8105679964673,59.67744611658101,60.72421646118164
2023-04-24,60.79521736875021,61.29509590350835,60.61771962446215,60.881568908691406
2023-04-25,60.82880059935248,61.020693324196095,59.65346360726547,59.680328369140625
2023-04-26,59.48363432569198,59.786821795788995,58.86382334601409,59.12095642089844
2023-04-27,59.12095366202133,59.49514240311986,57.87749602945223,59.333953857421875
2023-04-28,59.39728213263937,60.13702558620839,58.96456553704628,60.11016082763672
2023-05-01,60.11016565775546,61.308527968934975,60.08137937122353,61.208744049072266
2023-05-02,60.03916210139939,60.110163392103146,58.049241036455136,58.75156784057617
2023-05-03,59.189078874386304,59.673607140194704,58.75732485500449,58.83407974243164
2023-05-04,58.52705392905198,58.9069999617994,57.691365907597955,58.54240417480469
2023-05-05,59.097930764165675,60.58701066859285,58.850390678639364,60.45748519897461
2023-05-08,60.42486116067141,60.51601101478976,59.542156223019425,60.355777740478516
2023-05-09,59.74843703250674,59.877007218182825,59.089287907906346,59.34354782104492
2023-05-10,59.68415868960593,60.2540758599154,59.32052186659336,60.08808898925781
2023-05-11,60.117837345803935,60.30013340319415,59.293660206139926,60.222415924072266
2023-05-12,60.29053796365399,60.705023848687475,59.89044339045449,60.55630874633789
2023-05-15,60.62538717286327,61.40734559903974,60.29917069162702,61.38623809814453
2023-05-16,61.449563889330925,62.068419598080666,61.28358067157052,61.5435905456543
2023-05-17,62.11062595092155,63.41068978045394,61.84485519688256,63.081600189208984
2023-05-18,62.94057409551512,65.18187123437129,62.94057409551512,65.04179382324219
2023-05-19,65.24325999310922,65.71819518270561,65.09070917929334,65.45913696289062
2023-05-22,65.3776012604634,65.69230693908762,64.67911745291029,65.08688354492188
2023-05-23,66.26415360719642,67.06530189283512,65.43709948956104,65.86693572998047
2023-05-24,65.3814095353312,65.65677688848743,64.86522567985872,65.19815826416016
2023-05-25,67.10558228702277,70.26987749205111,66.27661051028657,69.92543029785156
2023-05-26,71.71290120133158,78.19405692563356,71.67357031771542,77.97817993164062
2023-05-30,80.12641238490289,88.44109183747791,76.64260949451239,77.0772476196289
2023-05-31,76.26746862319844,78.8359447579457,75.80980874967892,77.52052307128906
2023-06-01,76.8162792403946,77.31232571571609,75.33295643924774,75.79254150390625
2023-06-02,75.85871922492703,79.03740506263252,75.52866341320887,77.90811920166016
2023-06-05,77.6394927461233,77.6394927461233,76.22716766720812,76.97747039794922
2023-06-06,76.94867398042992,76.94867398042992,74.49054133905616,75.79732513427734
2023-06-07,75.78006083597727,77.27969267371759,75.55842291450165,76.04966735839844
2023-06-08,76.26842804061187,77.2374846363322,75.68028008886323,77.1597671508789
2023-06-09,77.31327793717654,78.45983218688345,77.12906035414301,77.20005798339844
2023-06-12,77.82370561288201,82.32165671269972,77.82370561288201,82.068359375
2023-06-13,82.62196356514367,82.82632604992477,80.6905704537273,81.66154479980469
2023-06-14,82.12017643118072,85.25185375712653,81.28736879670714,85.02542114257812
2023-06-15,84.85558518229752,85.19714824155614,83.57086418878593,84.76155853271484
2023-06-16,85.32285260793084,85.38713771052787,83.03645652837436,83.29167175292969
2023-06-20,82.76875658922955,84.15133995294575,82.61044484650506,83.28398895263672
2023-06-21,82.95314545793784,83.53188686140653,81.46770452827391,81.76286315917969
2023-06-22,81.51495928371632,81.88342181450388,80.57160424648521,81.25837707519531
2023-06-23,80.44622468177553,80.6401000703066,78.98393547782541,79.30223846435547
2023-06-26,79.57714910826353,80.734631969836,79.11608699057194,79.25209045410156
2023-06-27,79.93211608174741,81.98858639291491,79.19132726769013,81.8342514038086
2023-06-28,80.90151074293361,82.81135829249358,80.74042747056241,81.78987884521484
2023-06-29,82.41779866561082,83.22707102534952,81.64228247637581,83.20103454589844
2023-06-30,83.77494682789337,84.35851572198207,83.3707926759563,83.66980743408203
2023-07-03,83.7846171642327,84.56688184068045,83.42772302587122,84.53890991210938
2023-07-05,83.66692651450472,84.5832738184372,83.12194864291307,83.13255310058594
2023-07-06,81.50628754755101,82.36475554956084,81.44165996518221,81.79566192626953
2023-07-07,82.03005326593856,82.75927349899786,81.47349951447971,81.67509460449219
2023-07-10,81.82267490396842,84.80223329685917,81.82267490396842,84.66333770751953
2023-07-11,84.98936091880383,85.17166782012299,83.39974452865117,85.08003234863281
2023-07-12,85.75041316934956,86.57898125810303,85.07520866178483,85.84204864501953
2023-07-13,86.70918844015786,86.70918844015786,84.71542519682997,85.881591796875
2023-07-14,85.4764617412478,87.13456178504482,85.4764617412478,85.70989227294922
2023-07-17,85.94427442325895,88.085624111543,85.82563108119243,87.80976104736328
2023-07-18,87.3882436486204,87.76635400786301,86.64359142925407,87.14228057861328
2023-07-19,86.54809519297542,87.38727495750302,85.42534003319989,86.94357299804688
2023-07-20,86.09186295570697,87.48663252719741,85.461033839273,85.6867446899414
2023-07-21,87.24452063749433,87.88692557621172,86.21629300618551,86.4979476928711
2023-07-24,86.88860951142505,87.33616772110028,86.25488086275473,86.96480560302734
2023-07-25,86.87124696861869,89.04732475193256,86.87124696861869,88.54671478271484
2023-07-26,87.67954148020294,87.83579716011495,85.62017948656593,86.14490509033203
2023-07-27,87.63130466660212,87.76152385789935,85.46101915409307,86.18733978271484
2023-07-28,86.7458361820414,87.15481793763328,86.2278588568216,86.79116821289062
2023-07-31,86.5702897200348,86.90788826383684,85.9433167906331,86.68121337890625
2023-08-01,86.71303603302943,88.80036244685786,86.5895651331489,88.74056243896484
2023-08-02,87.99784535066776,88.06536504915594,85.8748199755338,86.0687026977539
2023-08-03,85.52083150259769,86.36096794802991,84.98645812550865,85.36264038085938
2023-08-04,85.36265299914588,86.1960412769881,84.24278244141635,85.04145050048828
2023-08-07,85.62307585991915,86.55774729752672,85.39061673205305,86.52784729003906
2023-08-08,85.8555521244066,85.9047403283956,84.24567607643652,85.18710327148438
2023-08-09,85.14464386274047,85.22276801803318,81.86509985507071,82.05897521972656
2023-08-10,82.28951389371392,83.09782963330892,80.74138087958778,81.30372619628906
2023-08-11,80.44623124493896,80.67676231028778,79.43053606814082,80.03628540039062
2023-08-14,80.16842337838699,82.39176079442989,79.80670909611817,82.38404846191406
2023-08-15,81.91236397331207,82.43419744381904,80.6825413494615,81.2670669555664
2023-08-16,81.77540095671647,82.42262609290225,80.24848420005317,80.34783935546875
2023-08-17,80.68734933142942,80.96803991408741,79.7710022426037,79.7796859741211
2023-08-18,79.09487077865388,79.88292706685695,78.32321055912567,79.6581802368164
2023-08-21,80.45105402737697,83.66115101298344,80.23017073082355,83.44894409179688
2023-08-22,84.2466416989415,84.37588950974434,82.07345636517482,82.54706573486328
2023-08-23,82.06284597191176,84.70769768261435,81.9885706168993,84.55239868164062
2023-08-24,87.03810384181453,87.7624964581121,82.22585849347232,82.41876983642578
2023-08-25,82.66571248039908,83.86370719838173,80.7992615688109,82.16413116455078
2023-08-28,82.60493392606195,83.35151422622556,81.70981027095696,83.05731964111328
2023-08-29,82.79881685326549,86.12080144812421,82.60783357367661,85.8401107788086
2023-08-30,86.07738427686212,86.68699704216282,84.79643801105976,86.0667724609375
2023-08-31,86.61948020191133,89.09456492303916,86.21049844775119,89.01933288574219
2023-09-01,86.99181230715038,86.99181230715038,83.40264822573091,84.16079711914062
2023-09-05,83.870447177315,85.17166045725382,83.62834027754457,84.12702941894531
2023-09-06,84.15885301753684,84.62859880924287,83.60326337540704,84.13666534423828
2023-09-07,82.90490748577923,83.11615032612075,81.07415582707448,82.66666412353516
2023-09-08,82.47087951961903,83.03322499167525,82.00016953559584,82.71684265136719
2023-09-11,83.79907332089138,83.82126099590785,81.5689875293015,82.87019348144531
2023-09-12,82.01171728936217,82.78626944528007,81.18411341429658,81.4599838256836
2023-09-13,81.71754042085503,82.86731102573333,81.43299357432457,82.27120208740234
2023-09-14,82.8595862712902,84.5610903553491,82.47086407066756,84.07591247558594
2023-09-15,83.74025909890581,83.74025909890581,81.30375002625401,82.15064239501953
2023-09-18,81.27286228953231,82.59914799958659,81.02399974149816,81.98857116699219
2023-09-19,81.60177325247967,82.08791510868632,80.87930875884699,81.9113998413086
2023-09-20,82.43414429452083,82.43414429452083,80.52941127710048,80.55074310302734
2023-09-21,77.11175909367377,79.76810829783973,77.10982050910557,78.39677429199219
2023-09-22,78.67607054818298,80.55170994648277,78.59266703290785,80.40623474121094
2023-09-25,80.30148745691861,81.32562209489252,79.81754440287212,80.87271118164062
2023-09-26,80.4149648074459,80.52164613009086,78.67316173092783,79.15613555908203
2023-09-27,79.45388022005945,79.88253674531565,78.01078172001039,79.21627044677734
2023-09-28,79.542128660809,81.35473462941971,79.00969868746779,80.6894302368164
2023-09-29,81.12098959307967,81.85708919767535,79.8078504659115,80.55170440673828
2023-10-02,80.40429371086248,81.3256317167698,79.86507135508944,80.97552490234375
2023-10-03,80.20451079202188,81.05310752155914,78.45009950275144,79.02423858642578
2023-10-04,79.55765054910268,80.55172264277007,79.16681119688047,79.89514923095703
2023-10-05,79.53631716209054,80.36260549130071,79.08728328787942,79.9000015258789
2023-10-06,79.46745978805077,82.27897696749184,78.722629007895,81.97542572021484
2023-10-09,81.5099087667727,83.07618145237285,81.25484432096243,83.00537872314453
2023-10-10,83.12854286930505,84.62207419514836,82.98986009022404,83.25074768066406
2023-10-11,83.37681838208934,84.89265075761188,83.07035187408765,84.81700897216797
2023-10-12,84.99834539457115,89.02311944582227,84.99834539457115,87.82732391357422
2023-10-13,88.15707288012767,89.79704839760836,85.54727259476698,85.65298461914062
2023-10-16,86.4084850317008,88.81559250660113,86.4084850317008,87.53348541259766
2023-10-17,85.8440504361535,86.6034205508036,83.98683486465302,85.77131652832031
2023-10-18,85.33973865903481,86.86042476340542,84.87906594501474,86.02637481689453
2023-10-19,86.02541447016418,86.26495542735178,83.95483616910712,84.16431427001953
2023-10-20,84.84998711821565,84.84998711821565,82.61357090657116,82.78717041015625
2023-10-23,83.20709144022366,84.72390042283838,81.73877666031464,83.6202392578125
2023-10-24,83.792871042568,85.63553979288008,83.70752154014527,85.45223999023438
2023-10-25,85.06041794248206,85.22140920213744,82.05493206409545,82.39921569824219
2023-10-26,82.23243745554593,82.86379452006298,79.36466402753264,80.18029022216797
2023-10-27,80.49546409754443,81.48565889922924,80.35386605592409,81.30623626708984
2023-10-30,81.57197818087683,82.37984255215092,80.21906821476503,81.5865249633789
2023-10-31,81.84255460286921,81.99869943287692,80.74762440599952,81.59815979003906
2023-11-01,81.65924012072894,82.80654888468182,81.03564500327569,82.72023010253906
2023-11-02,83.59889424997456,85.39307603750379,83.40493225092189,84.5008316040039
2023-11-03,85.10214030677137,86.07196526753229,84.47757575493856,85.60450744628906
2023-11-06,85.49587466299948,85.91580750558285,84.49210982718147,85.42507934570312
2023-11-07,85.56959831779379,87.45590757469023,84.97218134597324,87.07282257080078
2023-11-08,87.28423344693174,88.53627763964762,87.18725244515926,88.3636474609375
2023-11-09,88.4965212202946,90.17432153578014,88.11441293649797,88.38790130615234
2023-11-10,89.392634689362,93.00134602541368,89.05028221353011,92.86266326904297
2023-11-13,92.13821426737553,92.36612371651513,91.21009110452,91.83563232421875
2023-11-14,93.3301489785432,94.7296073550691,92.64254334384162,94.36009979248047
2023-11-15,94.99531913359252,95.21256637207043,93.77334503752537,94.59672546386719
2023-11-16,93.4911115318714,93.94693036848288,92.18378812516566,93.05953979492188
2023-11-17,92.92959128472097,95.42010240736552,92.23034687790538,94.82269287109375
2023-11-20,94.36396069614531,96.96987663022354,94.36396069614531,96.5664291381836
2023-11-21,94.55791617696742,96.10963434721582,94.23108717905102,95.15921020507812
2023-11-22,95.4006991228339,95.81772408356674,94.16998677309462,94.2669677734375
2023-11-24,94.55405001827916,95.0292621446797,93.7578246088286,94.9332504272461
2023-11-27,94.66945121585373,95.1407861549097,92.06838172242277,92.1566390991211
2023-11-28,91.15772416675401,92.21676833256427,90.59716253745347,91.77938079833984
2023-11-29,91.97237176123241,93.04790867135424,91.10243577105055,91.24403381347656
2023-11-30,91.26051738955093,91.39823086156636,89.06580326880469,89.77959442138672
2023-12-01,89.46247209461096,90.57194908507174,88.06010608283317,90.19371795654297
2023-12-04,89.2859501528975,90.28777635403375,88.87861812782492,89.60890197753906
2023-12-05,88.40924947041536,88.95913414176832,87.85159566272858,88.55665588378906
2023-12-06,89.25882008546007,89.31797651221369,87.58489668572307,87.63726806640625
2023-12-07,87.82151757100434,89.623453743816,87.63724848748471,89.44306182861328
2023-12-08,89.98422349964274,92.20415395091842,88.30546139915184,91.58055877685547
2023-12-11,92.81320095310238,100.81425566178345,92.72398168737632,99.81825256347656
2023-12-12,99.69703044980062,104.68192969697954,99.36631685381435,103.99237823486328
2023-12-13,103.57729080654339,106.65938795961507,103.04776137916507,105.68083953857422
2023-12-14,105.92233104481281,108.76197952224136,105.73806195848479,107.31015014648438
2023-12-15,106.21717815110084,111.5182375877757,106.15898361888046,109.56501007080078
2023-12-18,108.69797049967399,111.7063646262118,108.48848501813744,111.23890686035156
2023-12-19,111.26326235374731,112.08750751283088,110.33866900553762,111.0274887084961
2023-12-20,110.3571763043442,111.20091130126299,108.07345967770354,108.18257904052734
2023-12-21,110.35232047725877,110.62219766866404,108.63270912919698,109.8301010131836
2023-12-22,109.89732855379606,110.28899129954002,108.4894878906627,109.31275939941406
2023-12-26,109.5329551786378,110.62999890072882,109.4140908737874,110.27828216552734
2023-12-27,110.6787009668293,111.02652268092866,109.40823333854223,109.72097778320312
2023-12-28,110.25877430810769,110.3123602398022,109.02727906140372,109.3546371459961
2023-12-29,109.2620841717991,109.54657499191288,108.60054433931965,108.75447845458984
2024-01-02,106.40355099918312,107.36614302132293,104.93920308179716,105.74688720703125
2024-01-03,104.26790908555446,104.7355688496305,102.81720121754746,103.13579559326172
2024-01-04,103.07538854212149,104.19971206900784,102.04362322118124,102.20340728759766
2024-01-05,102.45574961776046,102.83181750372839,101.47269405562675,102.2297134399414
2024-01-08,102.9331439886952,105.02785684665007,102.49471156733736,104.72095489501953
2024-01-09,103.82167991868435,106.05572053370118,103.73302415068878,105.46530151367188
2024-01-10,105.25680647584225,105.51108878756335,103.52745038040402,105.27823638916016
2024-01-11,105.64359570676389,107.29792856503063,104.68782006162705,107.16932678222656
2024-01-12,108.350160131306,108.69992933783034,107.1722507256937,107.91952514648438
2024-01-16,108.37355117567915,109.72780588572951,107.0378051336568,108.62881469726562
2024-01-17,107.78410262528232,108.44856378762118,106.21745913815245,107.52883911132812
2024-01-18,109.59725564785866,111.70658237310451,109.30302727439764,111.44937133789062
2024-01-19,112.75490691817377,118.57040460153956,112.62727144391988,118.00532531738281
2024-01-22,118.49732604730862,119.9665498993291,117.71497439950963,118.9113998413086
2024-01-23,118.96011189881656,119.54273349569829,117.2570618669471,119.47745513916016
2024-01-24,121.0353453192274,125.15169511774744,119.93537302064838,122.16259002685547
2024-01-25,124.805831231192,124.805831231192,119.72005829965786,119.83697509765625
2024-01-26,118.83346375529933,118.98058164408975,116.93653348722898,117.38957214355469
2024-01-29,118.36676792510589,119.22024041256279,117.4002810785334,118.64541625976562
2024-01-30,118.5480035107327,119.64212595002952,117.33209552280317,117.70914459228516
2024-01-31,115.88625169698281,116.6432710530846,114.41118525075765,114.9655532836914
2024-02-01,115.68164209671606,117.21516308242131,114.87883430532204,116.91508483886719
2024-02-02,117.76661507661954,120.29391028206285,117.41587213302806,119.2855224609375
2024-02-05,119.54079543643695,121.5663349812845,119.07216191431593,121.11328887939453
2024-02-06,123.10764675355756,123.93968194037737,118.07741481716022,119.1208724975586
2024-02-07,120.22668921841269,122.71208357827621,119.51545837856503,122.473388671875
2024-02-08,123.44182274883319,126.26432757045986,123.2479426035075,124.19786834716797
2024-02-09,121.98333735638862,125.26861865399518,121.68715405469116,125.0435562133789
2024-02-12,125.68366320464177,125.68950569964007,122.66240200295394,123.2469711303711
2024-02-13,120.33580484456317,122.3574418168338,119.55345317503426,121.94629669189453
2024-02-14,123.66006333014741,124.02639368976774,120.93986175771596,122.97611236572266
2024-02-15,124.70352588575774,124.7083946314712,121.283785795427,123.25379180908203
2024-02-16,122.66628601345786,124.28749646508605,121.04410181275051,121.34515380859375
2024-02-20,120.40789767584704,120.58911907443505,118.13781348035978,119.50083923339844
2024-02-21,118.6678331093782,119.64698617469715,117.171329361616,119.58853149414062
2024-02-22,124.87501076765136,127.7267431052676,124.36448372095188,127.1343765258789
2024-02-23,127.47245211044563,128.56852204838032,125.56772434544446,126.30329895019531
2024-02-26,127.63125411299521,128.487647944488,126.79921144450601,127.5464859008789
2024-02-27,127.54648553078428,127.82026515018171,125.89897623445269,126.28966522216797
2024-02-28,125.97495509060779,126.51276189349714,124.99774217114943,125.62615966796875
2024-02-29,126.97945021769527,127.47536357919759,125.41767546263604,126.70470428466797
2024-03-01,129.18327623355464,137.15584309201807,128.60552340281765,136.31893920898438
2024-03-04,136.70671082471296,140.11865354493338,134.95689101966082,136.6199951171875
2024-03-05,135.91263131195706,135.91263131195706,129.810689546578,130.82199096679688
2024-03-06,135.57946013148046,135.89609955774137,131.24193557718837,131.52838134765625
2024-03-07,134.64513567502405,137.79401764353221,133.75853329726505,137.08279418945312
2024-03-08,135.8395770342929,137.66635990224626,126.81088705275656,127.50651550292969
2024-03-11,124.50671343615767,126.56147273140401,122.03495165759432,125.98664855957031
2024-03-12,127.33896389778137,127.4159421151955,122.68968323564302,125.86585235595703
2024-03-13,124.98898430192996,124.98898430192996,122.01547401791834,122.55230712890625
2024-03-14,123.00728601139497,124.039058659259,121.56242818450593,122.9809799194336
2024-03-15,122.12264560847673,123.47787399637734,119.8437975686053,120.37283325195312
2024-03-18,122.17329847644992,123.0404108610145,120.00258883467156,120.54234313964844
2024-03-19,118.56552517604656,120.83755683095345,117.3057763153942,120.61737060546875
2024-03-20,121.22987622368494,126.02126104130306,120.01367953774488,124.8481216430664
2024-03-21,129.9672931815352,137.3339116630625,128.76186823686632,131.89285278320312
2024-03-22,132.08852300554412,134.65396979991644,131.71183148129816,132.42803955078125
2024-03-25,131.60226072946674,132.91432860536116,130.86255322085793,132.24313354492188
2024-03-26,133.52584217864126,135.01796229772262,130.18155702696015,130.27745056152344
2024-03-27,132.08852164131173,132.08852164131173,126.8069425395915,129.02896118164062
2024-03-28,128.94776083158834,130.14048061681382,128.32450506228315,129.6825714111328
2024-04-01,129.7089855954184,133.35855386411527,129.682574933658,132.11398315429688
2024-04-02,128.7412957295616,131.34197661788215,127.53000354257514,130.98876953125
2024-04-03,129.9359668218024,134.7126826888785,129.66884445374228,133.3810272216797
2024-04-04,135.5443489165496,137.37010322098553,128.66400673448248,128.9086151123047
2024-04-05,129.74029766182892,133.1873142401752,128.58573828303858,131.0543212890625
2024-04-08,130.4887889365226,131.35469720822746,128.73738461310842,130.72850036621094
2024-04-09,132.80965067213126,133.01609874338106,128.0417423202271,130.5308837890625
2024-04-10,129.44673082223213,130.694227329497,128.71095004280303,129.3850860595703
2024-04-11,130.39388727276585,136.18522672187913,129.5103618987482,135.2645263671875
2024-04-12,132.28521383934165,133.70393966717967,130.7794029961524,131.50833129882812
2024-04-15,134.04539882357298,134.04539882357298,127.78342995990377,128.2423095703125
2024-04-16,128.70119496078465,130.7500441410099,128.27265250474863,130.03970336914062
2024-04-17,131.4143885082251,131.79499162138106,125.37842593716422,125.49681854248047
2024-04-18,126.0222596635943,126.47722773694694,122.83843118690004,123.18382263183594
2024-04-19,123.18379425000462,123.28261399745098,117.17327234564893,117.87285614013672
2024-04-22,119.8091789181005,120.66041874923373,117.4648560774515,119.80526733398438
2024-04-23,120.16827271740904,123.07715519737079,120.15359681158036,122.22493743896484
2024-04-24,123.66422010940437,125.78937498777448,121.81106964800318,122.97148895263672
2024-04-25,124.50078859537179,127.9820466347351,122.98910298001745,126.65040588378906
2024-04-26,128.1748100725924,132.6589642721039,127.5026296086532,131.50833129882812
2024-04-29,131.50931229646997,132.38011763195047,129.7109537886553,130.97508239746094
2024-04-30,130.02206097520835,131.92707693791425,127.10339240716921,127.2227554321289
2024-05-01,125.07609947662685,126.44981956016723,121.45785402425706,121.60559844970703
2024-05-02,122.91865412645328,123.71803568781345,119.69276142850553,121.18585205078125
2024-05-03,123.18478336627757,125.61912498251701,122.02435665686117,125.0545654296875
2024-05-06,125.8480810252115,128.25013731200056,124.75713711294637,128.20513916015625
2024-05-07,128.8049007363037,129.0544060636901,126.87934128203982,127.50065612792969
2024-05-08,126.5603856427205,130.9056034239553,126.07018350686843,129.67864990234375
2024-05-09,128.94091534079988,129.31075415163983,127.39204736115435,127.75113677978516
2024-05-10,128.6943660698664,131.5014805922975,128.6943660698664,130.4056396484375
2024-05-13,131.8928431710952,132.90943704464695,130.14242414814535,130.86647033691406
2024-05-14,130.36060238005965,135.21853604561534,129.7207149939449,135.02676391601562
2024-05-15,135.02381874194919,140.79168822287514,134.04342948080546,140.51968383789062
2024-05-16,139.52465279638824,141.42280164981548,137.47580341419723,138.1675567626953
2024-05-17,138.19592117184592,138.89158601984175,135.1979902663581,136.51986694335938
2024-05-20,136.5893297294337,138.63816385278787,136.31144301541664,138.3534393310547
2024-05-21,136.85153958852086,137.8994410808292,136.34079417183352,136.9024200439453
2024-05-22,136.5903039309471,137.4699177482611,135.4367299060918,136.221435546875
2024-05-23,139.76238048259123,139.8181429515984,134.8281409961304,136.32415771484375
2024-05-24,136.96014045159765,138.30939803648116,136.1998897739975,137.74777221679688
2024-05-28,137.9591258462041,138.66164338046747,136.25077877627277,138.19883728027344
2024-05-29,136.89263175143824,136.89263175143824,135.31735325166264,136.06781005859375
2024-05-30,134.9259680975272,135.29582179767638,132.64034896931346,133.46615600585938
2024-05-31,133.20003824775029,133.31647507107772,127.90670888363367,129.9897918701172
2024-06-03,132.35270355459198,132.38205536517728,127.4439043635516,129.33912658691406
2024-06-04,129.19234858525488,130.32636456046941,127.882236681717,130.21188354492188
2024-06-05,131.69716416304826,138.38474923655997,131.16293429934956,138.261474609375
2024-06-06,139.12053605510835,139.20076832764713,135.8300723091604,137.10496520996094
2024-06-07,137.74192623106666,139.42678902205506,136.68912772830527,137.63038635253906
2024-06-10,137.93955742304283,141.77991208506106,137.87400106150923,140.94041442871094
2024-06-11,140.7183336675718,143.34151402492787,138.56870886311197,142.95208740234375
2024-06-12,146.76502049694244,147.33251370109582,144.45591691060216,146.32569885253906
2024-06-13,167.31213551702837,169.84139278967734,161.68809844821854,164.27801513671875
2024-06-14,165.0480297960508,170.95580548413963,164.58229750341454,169.76211547851562
2024-06-17,176.11804818449212,180.32531565484183,174.0222450832244,178.94277954101562
2024-06-18,179.99164719338742,181.16870555597896,174.65136445610713,176.36459350585938
2024-06-20,176.45658663348803,176.58281735302646,168.50779866041535,169.71517944335938
2024-06-21,165.90907751155822,167.70352449794564,161.58049091158742,162.28594970703125
2024-06-24,161.17383558386638,163.03385874780497,156.12969227732336,156.28182983398438
2024-06-25,157.05922394772028,157.6393176769384,153.5129120249764,155.16091918945312
2024-06-26,156.812852705157,158.83089955096497,154.45421121684325,156.26123046875
2024-06-27,156.26121497841575,157.59807240668803,154.19998930548306,155.73707580566406
2024-06-28,156.64205060510912,160.89703438806663,155.67229729741456,157.5892333984375
2024-07-01,157.8513312116491,161.83147026633227,156.40846565386477,161.0511474609375
2024-07-02,161.05116097748055,162.85719183501746,159.20586011423433,162.68836975097656
2024-07-03,163.91724029120903,169.72991943359375,163.3734660924825,169.72991943359375
2024-07-05,172.31530692096328,173.28801082533178,166.46925850535698,167.18675231933594
2024-07-08,167.3526324570858,172.44682935461094,167.3526324570858,171.3632049560547
2024-07-09,172.41348712050925,173.82886986659685,167.40762448381147,170.1313934326172
2024-07-10,171.3769455745444,173.38811773288228,169.44919595608087,171.24835205078125
2024-07-11,173.20850262223414,173.229111135426,163.7700132600035,167.4458770751953
2024-07-12,167.944483602686,169.40502201108455,166.00888604852983,166.9276123046875
2024-07-15,166.86187537836537,170.3070769429442,166.13553005848507,168.2556610107422
2024-07-16,169.2175522642496,169.6199874068122,163.32831009759892,166.25331115722656
2024-07-17,159.3138145510131,159.83402974728705,152.73749708837943,153.1006622314453
2024-07-18,155.95695385905861,158.52858491936303,151.05906186180724,157.55686950683594
2024-07-19,158.85247993501903,160.9235305850633,154.21960848067468,154.44537353515625
2024-07-22,157.27220327175053,159.98126417461359,154.98521249993337,158.08688354492188
2024-07-23,157.43905574412355,162.2780571379185,156.94828560155818,160.74685668945312
2024-07-24,157.38999841186433,158.43042876866735,148.3107503302029,148.5463104248047
2024-07-25,148.46778030596994,150.7155159789399,142.8337485723704,146.50469970703125
2024-07-26,150.6664387358079,150.74496375846167,147.15252260191423,148.83096313476562
2024-07-29,149.21376657294806,152.13875259044912,146.39673561473697,147.44699096679688
2024-07-30,150.450510631485,150.63700570297806,140.70382169270624,140.8706817626953
2024-07-31,148.67390500112919,158.35189260422243,148.21257987883374,157.71388244628906
2024-08-01,154.5925990619924,155.97657449572202,143.47174553539,144.30606079101562
2024-08-02,139.31002016158166,142.66690147037536,137.0230442360631,141.16514587402344
2024-08-05,127.21743637508072,142.73558581593448,126.12792606446645,139.45724487304688
2024-08-06,139.11371456588614,146.16118231795446,137.6610389897477,141.26329040527344
2024-08-07,145.51333338409518,147.32918872914394,133.32260600340317,133.75448608398438
2024-08-08,138.59349624137536,143.5699130701266,135.84518022992472,143.04969787597656
2024-08-09,141.53811152824582,146.78935824517873,141.44977649371688,145.52316284179688
2024-08-12,145.34651586918068,148.34021732435176,143.66807506083256,145.8765411376953
2024-08-13,148.7524421639992,153.49328382390073,147.0445565732709,153.27734375
2024-08-14,155.10302391070806,157.2918548896827,151.86393747605845,154.77911376953125
2024-08-15,158.22430683669947,163.59333393301847,157.38018150774116,163.0633087158203
2024-08-16,161.43393279106274,163.02402326913696,159.67696728372638,162.66085815429688
2024-08-19,161.81675480339456,164.7319310591086,157.45871292708998,164.61415100097656
2024-08-20,163.96634299343228,165.261968661166,161.11986656630924,162.8866424560547
2024-08-21,162.0719216602905,163.3970069916861,159.8732810805849,162.71974182128906
2024-08-22,167.6863388922819,169.2371743416614,158.50894620299854,159.34324645996094
2024-08-23,161.98359682629626,165.17360284689565,160.4425863213689,163.28904724121094
2024-08-26,161.91491440244755,162.641244728472,155.73120675608521,156.67347717285156
2024-08-27,154.69078066819722,159.03899766585957,152.9534498808292,158.4108123779297
2024-08-28,157.12499131539744,159.28437723139257,153.36568973144605,155.2600555419922
2024-08-29,155.56434242637079,160.1873892946142,152.54119621579977,154.0331268310547
2024-08-30,158.14579186751985,160.22666779748943,155.78029077525986,159.81442260742188
2024-09-03,157.41943007788674,157.77278516694938,148.58556782843613,149.9695281982422
2024-09-04,147.52550266830764,154.87722956033156,146.3967223937893,151.2749786376953
2024-09-05,147.7905272878414,153.47363892446407,147.33901216868497,149.99899291992188
2024-09-06,140.60566650167868,140.85105160901145,134.07842863747427,134.47103881835938
2024-09-09,136.54209449556944,138.97631065179488,132.40980255372713,138.2205352783203
2024-09-10,138.6131477485313,147.09365689449064,138.43646267407428,145.47412109375
2024-09-11,145.6507656404574,155.93730387014398,142.36259961926868,155.348388671875
2024-09-12,155.1815502088827,163.24981385785708,153.9349896512357,161.5222930908203
2024-09-13,163.66203737761933,164.9772978041084,161.0118665476484,164.59449768066406
2024-09-16,162.14066428746307,162.44493942115773,157.44890228059847,160.9922637939453
2024-09-17,162.43509610675034,162.95531122424336,157.73351007424108,159.47084045410156
2024-09-18,160.7468947643753,164.37859168414883,158.3813785224001,158.68565368652344
2024-09-19,165.12601432007654,167.41068499860143,163.1367922937915,164.86997985839844
2024-09-20,164.63360564752844,169.39989704271082,163.9344283634671,168.49391174316406
2024-09-23,169.38022318383003,170.68012513255366,165.78582329542223,170.305908203125
2024-09-24,170.1778769146741,173.30944919939392,169.06508347345525,172.1769561767578
2024-09-25,171.98984442167554,174.44192385107553,171.11340089513442,172.8466033935547
2024-09-26,175.7812307380168,177.50457613740912,172.33453993923217,175.37747192382812
2024-09-27,175.45625160353208,175.75168524259593,169.1438801219307,170.05972290039062
2024-09-30,169.25218006439397,170.28619013382527,167.04630794440922,169.87258911132812
2024-10-01,169.5377720200633,169.62639759099375,163.27464289257153,164.91920471191406
2024-10-02,164.99800701515593,170.207427089388,164.4760807799327,168.06063842773438
2024-10-03,167.03646713829866,172.27544399343554,166.61302379715116,169.2718963623047
2024-10-04,173.6147214394114,174.2055736320958,169.971080325536,173.9495391845703
2024-10-07,172.15726511730728,175.59409813906677,171.2118805879089,172.41329956054688
2024-10-08,172.74811476003833,178.83399283005699,172.2261885777083,177.97723388671875
2024-10-09,176.5099619603093,183.58059460501644,173.7329067813826,183.1177520751953
2024-10-10,180.76414737169245,183.47226140461768,179.7498367723798,182.86170959472656
2024-10-11,178.38101778945196,179.80892952783424,174.69797711010617,178.71583557128906
2024-10-14,180.50811433526363,182.13297675730618,177.3863992103545,179.53318786621094
2024-10-15,178.036326092086,178.93246921255107,170.72934416461692,173.29959106445312
2024-10-16,175.79104693948779,176.5197811526262,172.6594898337926,174.12680053710938
2024-10-17,178.60749382690068,182.68443563280545,177.93785832537537,178.7650604248047
2024-10-18,179.54301994686622,179.92707910319567,175.95844778595625,177.1500244140625
2024-10-21,176.64782560944496,178.9521809097611,175.5350320982212,177.24853515625
2024-10-22,175.9387772328695,177.9378564654502,174.70781637406972,176.64781188964844
2024-10-23,174.8850606470595,176.25388846715546,169.94153285153433,170.86720275878906
2024-10-24,171.605793142081,171.64519230597523,166.91829940601593,168.74012756347656
2024-10-25,171.5368674269129,174.10711441242884,170.0892561921753,170.364990234375
2024-10-28,170.36497138467075,171.3201981488799,168.74010917103237,169.39990234375
2024-10-29,169.81353318693678,177.48487547812135,168.60227177809276,176.5099639892578
2024-10-30,174.76689899284244,176.46070232601738,172.94507092271598,173.9495391845703
2024-10-31,171.79288353385218,171.79288353385218,164.83057717255156,167.18417358398438
2024-11-01,165.69717126283967,168.72041829711068,164.94875248196962,166.3471221923828
2024-11-04,166.7016497943099,169.82336487239834,165.85474808351398,165.98277282714844
2024-11-05,167.4599011776425,171.74363551406498,167.4599011776425,171.25125122070312
2024-11-06,176.8940146260759,177.46518230183625,173.27991513195957,176.8152313232422
2024-11-07,179.21805900112656,182.054182605619,179.02109324235573,181.0103302001953
2024-11-08,180.20283237188613,182.23145351836527,179.06049705739446,180.84292602539062
2024-11-11,180.60656876962472,180.83307638359707,174.12680411904432,176.18496704101562
2024-11-12,176.1751227349392,176.8250737139477,170.56194388527197,173.53594970703125
2024-11-13,172.04896605327494,172.91555239139353,169.97110325531105,170.93617248535156
2024-11-14,172.10803086665146,172.8958488363226,167.28265519390186,167.78489685058594
2024-11-15,165.90398460979668,166.56377783769415,160.94074193150786,162.3292694091797
2024-11-18,163.13679468488974,163.8162875264169,159.7491877816335,163.14663696289062
2024-11-19,164.12155705896961,164.2594240775195,161.8073445764773,162.83151245117188
2024-11-20,163.01860245980697,163.01860245980697,158.4098921996266,160.76348876953125
2024-11-21,163.7178065989003,163.80643218110413,158.15386910699294,161.4429931640625
2024-11-22,161.79750242388442,162.39821193939696,159.9264328548296,161.7285614013672
2024-11-25,162.88073819838587,164.6828667361483,160.40897415223242,162.30958557128906
2024-11-26,162.0929374235286,163.83596724002217,160.21202556082613,162.23080444335938
2024-11-27,160.7142542771958,160.7142542771958,155.1404596401126,157.23802185058594
2024-11-29,157.1395638586093,160.21203769111145,156.6570217394774,159.611328125
2024-12-02,160.4680570015112,165.8153588676171,160.27110626636727,163.9738311767578
2024-12-03,161.97473765454805,165.70701912170665,161.5315947828908,165.58883666992188
2024-12-04,170.7982660227075,172.71856176083662,165.99259051282445,167.96212768554688
2024-12-05,168.14925392873312,169.7741162577569,166.62285945294784,167.87351989746094
2024-12-06,167.5091845976253,177.92802563338358,166.75090838840444,176.79554748535156
2024-12-09,176.22435033383596,178.03632107868708,173.3389853459741,176.21450805664062
2024-12-10,175.10172768901427,175.78122052551834,167.1447944469346,169.193115234375
2024-12-11,177.26819265325454,182.0541687144783,173.74271921482105,180.40960693359375
2024-12-12,178.1741866560525,179.22789633618459,173.30944209194155,177.90830993652344
2024-12-13,210.6420192189874,225.2165990049884,207.89452115368664,221.37600708007812
2024-12-16,228.25952497408727,248.04353911019862,227.29445587825032,246.19216918945312
2024-12-17,236.98458494331078,238.77687121492107,230.23892827023693,236.57098388671875
2024-12-18,235.76349667225452,236.19679733865723,215.88101264654355,220.2139892578125
2024-12-19,224.43863322495875,224.57650023895613,214.26597096827922,214.9947052001953
2024-12-20,217.00363491174852,226.78238105135233,215.57572327847583,217.4270782470703
2024-12-23,223.8353587038701,230.46085311505627,222.29500575780116,229.42408752441406
2024-12-24,237.09622001612445,237.20483541444264,231.8432213701201,236.66175842285156
2024-12-26,236.9777448422762,244.16606856382742,234.60797342050913,242.27024841308594
2024-12-27,242.54671735204698,242.68495376498825,233.37371058860117,238.70570373535156
2024-12-30,231.7444801131707,235.76323487956245,228.7032639548135,232.6134033203125
2024-12-31,232.9096200594737,234.4697252763065,228.3971618285117,228.9204864501953
