date,open,high,low,close,volume,minutes
2017-01-26,121.68,122.24,121.6,121.973,121.22029313445091,390
2017-01-27,122.06,122.24,121.6,121.962,101.55267911963165,390
2017-01-30,120.93,121.57,120.65,121.6,139.2318339087069,390
2017-01-31,121.08,121.37,120.62,121.31,154.2365732640028,390
2017-02-01,127.07,130.467,127.06,129.063,169.11393892765045,390
2017-02-02,127.9,129.29,127.78,128.52,146.49287853389978,390
2017-02-03,128.308,129.149,128.163,129.056,116.51166886463761,390
2017-02-06,128.916,130.49,128.906,130.322,127.52031224966049,390
2017-02-07,130.496,132.02,130.455,131.533,134.00195196270943,390
2017-02-08,131.298,132.2,131.217,132.1,116.34951430559158,390
2017-02-09,131.645,132.421,131.12,132.41,109.5136300297454,390
2017-02-10,132.465,132.9,132.06,132.12,120.60379316285253,390
2017-02-13,133.028,133.783,132.757,133.32,120.65960603859276,390
2017-02-14,133.43,135.074,133.256,135.01,128.5341221988201,390
2017-02-15,135.549,136.221,134.631,135.509,139.77894820272923,390
2017-02-16,135.656,135.87,134.83,135.35,151.68847200274467,390
2017-02-17,135.099,135.731,135.099,135.71,123.04351790901273,390
2017-02-21,136.239,136.73,135.97,136.74,127.10217115655541,390
2017-02-22,136.447,137.091,136.107,137.09,121.42133704433218,390
2017-02-23,137.346,137.39,136.3,136.527,155.72970950603485,390
2017-02-24,135.887,136.63,135.271,136.64,137.8892668262124,390
2017-02-27,137.015,137.391,136.281,136.943,130.86812699586153,390
2017-02-28,137.088,137.42,136.7,137.042,124.79276014864445,390
2017-03-01,137.878,140.14,137.582,139.84,147.9765522517264,390
2017-03-02,139.968,140.2,138.76,138.972,147.9644537884742,390
2017-03-03,138.665,139.76,138.58,139.767,151.2369971126318,390
2017-03-06,139.335,139.614,138.6,139.4,124.8657384365797,390
2017-03-07,139.029,139.96,138.78,139.49,137.45836013555527,390
2017-03-08,138.897,139.764,138.822,139.05,145.49764594435692,390
2017-03-09,138.725,138.71,137.047,138.67,153.9491619244218,390
2017-03-10,139.245,139.34,138.636,139.14,145.7033338174224,390
2017-03-13,138.922,139.379,138.798,139.27,132.1241778191179,390
2017-03-14,139.296,139.579,138.841,139.034,243.86998549848795,390
2017-03-15,139.425,140.738,139.024,140.669,142.9303263388574,390
2017-03-16,140.698,140.952,140.264,140.72,135.9420509636402,390
2017-03-17,140.964,140.94,139.895,140.0,142.90999970585108,390
2017-03-20,140.342,141.482,140.23,141.482,145.4499997124076,390
2017-03-21,142.164,142.733,139.73,139.99,245.799999833107,390
2017-03-22,139.83,141.58,139.78,141.53,210.51999862492085,390
2017-03-23,141.345,141.563,140.61,140.942,201.3499996215105,390
2017-03-24,141.423,141.71,140.364,140.74,177.9038881957531,390
2017-03-27,139.34,141.206,138.62,140.948,176.68999914824963,390
2017-03-28,140.879,144.008,140.608,143.97,197.8999993801117,390
2017-03-29,143.67,144.466,143.187,144.238,182.61999946832657,390
2017-03-30,144.156,144.419,143.496,143.986,164.43999954126775,390
2017-03-31,143.652,144.236,143.081,143.843,154.76999979279935,390
2017-04-03,143.687,144.06,143.052,143.77,188.61434173583984,390
2017-04-04,143.226,144.86,143.188,144.809,167.00071693956852,390
2017-04-05,144.626,145.443,143.81,144.109,195.85209892690182,390
2017-04-06,144.255,144.478,143.456,143.691,188.59652809798717,390
2017-04-07,143.637,144.158,143.268,143.379,172.6391098201275,390
2017-04-10,143.699,143.728,142.902,143.159,165.46437600255013,390
2017-04-11,142.895,143.218,140.056,141.605,221.31618785858154,390
2017-04-12,141.546,142.078,141.006,141.792,188.29299481585622,390
2017-04-13,141.857,142.359,141.08,141.286,188.9711978137493,390
2017-04-17,141.177,141.831,140.862,141.816,153.60974472761154,390
2017-04-18,141.408,142.006,141.107,141.4,182.93387496471405,390
2017-04-19,141.809,141.919,140.446,140.748,165.07598207890987,390
2017-04-20,141.217,142.898,141.155,142.628,169.58403503894806,390
2017-04-21,142.498,142.627,141.848,142.319,161.13752084970474,390
2017-04-24,143.509,143.917,143.178,143.66,152.1741807460785,390
2017-04-25,143.878,144.886,143.878,144.592,166.1295745819807,390
2017-04-26,144.479,144.554,143.368,143.739,199.64511385560036,390
2017-04-27,143.886,144.048,143.301,143.829,176.21473167836666,390
2017-04-28,143.956,144.279,143.258,143.75,178.54833939671516,390
2017-05-01,144.985,147.172,144.908,146.796,187.5276221036911,390
2017-05-02,147.526,148.05,146.835,147.489,173.89808340370655,390
2017-05-03,145.506,147.458,144.268,147.006,218.36572539806366,390
2017-05-04,146.517,146.92,145.809,146.579,185.06748458743095,390
2017-05-05,146.756,148.946,146.748,148.968,163.08150573074818,390
2017-05-08,149.028,153.658,149.017,153.014,200.93707808852196,390
2017-05-09,153.776,154.825,153.457,153.97,192.00498995184898,390
2017-05-10,153.596,153.768,152.11,153.318,169.1324488222599,390
2017-05-11,152.648,154.048,152.301,153.989,163.9217560738325,390
2017-05-12,154.598,156.379,154.598,156.11,171.1058964729309,390
2017-05-15,156.008,156.548,155.042,155.678,156.30674162507057,390
2017-05-16,155.976,155.947,154.717,155.469,149.35829837620258,390
2017-05-17,153.916,154.398,149.726,150.306,222.07818004488945,390
2017-05-18,151.237,153.259,151.117,152.52,205.67750310897827,390
2017-05-19,153.356,153.966,152.627,153.036,169.44328896701336,390
2017-05-22,154.026,154.51,152.907,153.958,150.80779108405113,390
2017-05-23,154.819,154.604,153.309,153.783,152.541169911623,390
2017-05-24,153.805,154.089,152.678,153.309,157.02641916833818,390
2017-05-25,153.668,154.309,153.03,153.889,156.451175019145,390
2017-05-26,153.808,154.108,153.308,153.624,153.52914910018444,390
2017-05-30,153.346,154.389,153.329,153.689,146.60545809566975,390
2017-05-31,154.005,154.008,152.376,152.889,178.0501952022314,390
2017-06-01,153.149,153.268,152.208,153.118,164.93975700438023,390
2017-06-02,153.526,155.396,152.888,155.331,167.98200684413314,390
2017-06-05,154.268,154.373,153.458,153.949,168.38562470301986,390
2017-06-06,153.868,155.788,153.789,154.549,175.76614095270634,390
2017-06-07,154.959,155.907,154.508,155.408,175.4023850262165,390
2017-06-08,155.248,155.429,154.401,155.007,171.8002308756113,390
2017-06-09,155.169,155.16,146.027,148.824,256.27117727696896,390
2017-06-12,145.595,145.969,142.618,145.411,277.10774078965187,390
2017-06-13,147.107,147.38,145.146,146.575,217.95113465189934,390
2017-06-14,147.467,147.178,143.84,145.165,219.62025399506092,390
2017-06-15,143.098,144.449,142.229,144.309,217.4571240246296,390
2017-06-16,143.709,144.458,142.201,142.367,206.70835927128792,390
2017-06-19,143.897,146.713,143.7,146.347,191.84561571478844,390
2017-06-20,146.828,146.41,144.946,145.11,185.12217627465725,390
2017-06-21,145.48,146.02,144.61,145.962,202.70999891497195,390
2017-06-22,145.73,146.661,145.112,145.73,193.28999930620193,390
2017-06-23,145.132,147.112,145.103,146.45,189.6799991503358,390
2017-06-26,147.08,148.27,145.38,145.81,223.87999902665615,390
2017-06-27,145.012,146.13,143.624,144.12,240.47999948263168,390
2017-06-28,143.92,146.064,143.16,145.83,199.9399992376566,390
2017-06-29,144.7,145.052,142.28,143.792,290.6899996101856,390
2017-06-30,144.133,144.89,143.78,144.31,205.93999978899956,390
2017-07-03,144.96,145.2,143.103,143.581,129.900000045076,390
2017-07-05,143.702,144.732,142.72,144.291,211.0299989581108,390
2017-07-06,143.05,143.391,142.413,142.84,224.57999950647354,390
2017-07-07,142.903,144.74,142.9,144.25,199.64999920129776,390
2017-07-10,144.16,145.932,143.36,145.21,185.8699993044138,390
2017-07-11,144.654,145.84,144.37,145.64,196.32999920845032,390
2017-07-12,145.95,146.08,144.824,145.804,194.21999937295914,390
2017-07-13,145.54,148.47,145.512,147.86,205.16999864578247,390
2017-07-14,147.984,149.31,147.33,149.143,178.2899994701147,390
2017-07-17,148.881,150.835,148.57,149.632,187.87999937683344,390
2017-07-18,149.15,150.08,148.67,150.09,186.9299992620945,390
2017-07-19,150.531,151.36,149.942,150.913,172.6699993610382,390
2017-07-20,151.62,151.715,150.18,150.66,183.47999896109104,390
2017-07-21,149.87,150.401,148.88,150.32,172.83999951183796,390
2017-07-24,150.521,152.41,150.014,152.353,182.0799995660782,390
2017-07-25,152.345,153.811,152.29,152.94,192.03999894857407,390
2017-07-26,153.405,153.86,153.054,153.523,179.9399993121624,390
2017-07-27,153.79,153.96,147.4,150.553,249.95999991893768,390
2017-07-28,149.71,150.2,149.19,149.46,208.37999963760376,390
2017-07-31,149.9,150.232,148.124,148.973,200.1099989116192,390
2017-08-01,149.33,150.05,148.4,150.193,192.6999988257885,390
2017-08-02,159.48,159.55,156.16,157.38,244.96999943256378,390
2017-08-03,157.03,157.11,155.03,155.54,210.39999914169312,390
2017-08-04,156.004,157.3,155.68,156.36,216.5799990594387,390
2017-08-07,156.963,158.91,156.66,158.851,180.7399993389845,390
2017-08-08,158.6,161.733,158.26,160.14,236.24999916553497,390
2017-08-09,159.26,161.21,159.21,161.19,232.7699996829033,390
2017-08-10,159.773,159.92,154.62,155.345,280.95999974012375,390
2017-08-11,156.54,158.543,156.05,157.5,235.0699992775917,390
2017-08-14,159.323,160.14,158.75,160.04,210.42999893426895,390
2017-08-15,160.59,162.164,160.14,161.662,213.38999900221825,390
2017-08-16,161.9,162.47,160.17,160.97,233.13999938964844,390
2017-08-17,160.45,160.614,157.84,157.99,272.74000003933907,390
2017-08-18,157.815,159.4,156.724,157.623,259.83999958634377,390
2017-08-21,157.41,157.801,155.11,157.29,233.25999921560287,390
2017-08-22,158.2,159.971,158.013,159.87,199.9799993634224,390
2017-08-23,159.0,160.384,158.87,160.09,210.09999945759773,390
2017-08-24,160.45,160.635,158.55,159.43,253.6799999177456,390
2017-08-25,159.69,160.53,159.251,159.885,218.26999913156033,390
2017-08-28,160.154,161.973,159.94,161.534,204.46999944746494,390
2017-08-29,160.053,163.104,160.0,163.04,219.26999947428703,390
2017-08-30,163.71,163.86,162.6,163.34,221.66999953985214,390
2017-08-31,163.635,164.504,163.483,164.03,203.1899988502264,390
2017-09-01,164.733,164.86,163.621,164.054,200.29999909549952,390
2017-09-05,163.68,164.213,160.552,162.184,244.72999954223633,390
2017-09-06,162.731,162.862,160.512,161.94,167.81000016257167,390
2017-09-07,162.07,162.17,160.35,161.25,133.99000024795532,390
2017-09-08,160.84,161.07,158.52,158.64,129.86999985575676,390
2017-09-11,160.57,162.011,159.894,161.47,156.82000030390918,390
2017-09-12,162.7,163.732,158.77,160.8,316.57999962568283,390
2017-09-13,159.805,159.674,157.9,159.65,253.77999937534332,390
2017-09-14,159.08,159.39,158.09,158.29,149.23965004086494,390
2017-09-15,158.189,160.877,157.999,159.938,132.8361938558519,390
2017-09-18,160.067,160.458,157.997,158.638,158.4257706552744,390
2017-09-19,159.458,159.708,158.448,158.718,146.15864254534245,390
2017-09-20,157.988,157.948,153.828,156.028,225.2806597352028,390
2017-09-21,155.648,155.157,152.748,153.448,211.63358844816685,390
2017-09-22,152.007,152.217,150.557,151.852,189.01450909674168,390
2017-09-25,149.967,151.767,149.177,150.567,205.5654473155737,390
2017-09-26,151.747,153.878,151.687,153.228,188.19678205251694,390
2017-09-27,153.787,154.687,153.538,154.26,170.71921999752522,390
2017-09-28,153.748,154.11,152.697,153.238,151.17998268455267,390
2017-09-29,153.208,154.068,151.997,154.106,131.86317960452288,390
2017-10-02,154.157,154.308,152.717,153.928,147.80712915956974,390
2017-10-03,153.998,155.018,153.898,154.478,118.46831107139587,390
2017-10-04,153.607,153.808,152.467,153.458,137.45074702054262,390
2017-10-05,154.118,155.388,154.052,155.388,152.24184185266495,390
2017-10-06,154.878,155.387,154.557,155.288,128.21924094110727,390
2017-10-09,155.847,156.677,155.488,155.868,111.25473703444004,390
2017-10-10,155.968,156.487,155.097,155.898,114.33103488339111,390
2017-10-11,155.847,156.918,155.738,156.662,116.97336699068546,390
2017-10-12,156.328,157.278,155.717,156.078,108.48738415166736,390
2017-10-13,156.738,157.258,156.407,156.998,93.48206575401127,390
2017-10-16,157.848,159.987,157.628,159.938,93.9622549964115,390
2017-10-17,159.808,160.817,159.228,160.477,93.3357620658353,390
2017-10-18,160.407,160.597,159.597,159.758,70.00066602788866,390
2017-10-19,156.587,156.918,155.017,155.968,135.2795513086021,390
2017-10-20,156.915,157.718,155.957,156.217,91.48996597714722,390
2017-10-23,156.848,157.648,155.878,156.258,100.07871330156922,390
2017-10-24,156.247,157.378,156.197,157.088,91.25960894487798,390
2017-10-25,156.848,157.457,155.267,156.468,125.75207312777638,390
2017-10-26,157.088,157.737,156.777,157.518,104.04464092571288,390
2017-10-27,159.247,163.578,158.688,163.038,153.78477134555578,390
2017-10-30,163.82,167.94,163.72,166.92,159.6364439688623,390
2017-10-31,167.9,169.6,166.959,169.19,109.90526710636914,390
2017-11-01,169.865,169.76,165.62,166.85,154.21421305835247,390
2017-11-02,167.5,168.418,165.267,168.158,143.02105205506086,390
2017-11-03,173.967,173.857,171.117,172.478,145.44332823902369,390
2017-11-06,172.198,174.958,171.717,174.458,122.46644895151258,390
2017-11-07,173.898,175.208,173.597,174.788,125.88293700665236,390
2017-11-08,174.628,176.178,174.328,176.208,86.99571800976992,390
2017-11-09,175.118,175.948,173.137,175.898,150.15991787612438,390
2017-11-10,175.185,175.288,174.268,174.698,101.07314889505506,390
2017-11-13,173.508,174.438,173.397,173.998,85.13579393457621,390
2017-11-14,173.037,173.437,171.177,171.428,128.23401472717524,390
2017-11-15,169.887,170.258,168.378,169.108,138.5615467876196,390
2017-11-16,171.157,171.818,170.297,171.348,107.61327703855932,390
2017-11-17,171.037,171.338,169.637,170.138,107.34677778929472,390
2017-11-20,170.278,170.528,169.548,169.988,89.16920504532754,390
2017-11-21,170.981,173.627,170.858,173.168,122.82593473047018,390
2017-11-22,173.327,174.982,173.047,174.948,129.31818534433842,390
2017-11-24,175.027,175.378,174.637,174.957,62.75516112521291,390
2017-11-27,174.957,174.95,173.328,174.198,139.99596179649234,390
2017-11-28,174.227,174.778,171.861,173.028,157.88358607888222,390
2017-11-29,172.518,172.827,167.151,169.508,236.72398345172405,390
2017-11-30,170.457,172.088,168.447,172.052,189.44341970980167,390
2017-12-01,169.948,171.537,168.527,171.158,206.34250037372112,390
2017-12-04,172.437,172.507,169.627,169.947,209.88841678202152,390
2017-12-05,169.148,171.478,168.417,169.897,201.76961788535118,390
2017-12-06,167.277,170.138,166.458,169.068,173.45321023464203,390
2017-12-07,168.957,170.388,168.918,169.537,166.83194009959698,390
2017-12-08,170.228,170.889,168.817,169.317,140.24525866657495,390
2017-12-11,169.127,172.852,168.797,172.697,154.5709597170353,390
2017-12-12,172.068,172.307,171.467,171.778,124.69358686171472,390
2017-12-13,172.557,173.467,171.998,172.507,146.54721520096064,390
2017-12-14,172.398,173.108,171.648,172.298,150.82544712722301,390
2017-12-15,173.047,174.117,172.597,173.918,151.0629747658968,390
2017-12-18,174.848,177.138,174.848,176.598,133.9385238662362,390
2017-12-19,174.667,175.347,174.087,174.508,134.5564451366663,390
2017-12-20,174.868,175.308,173.257,174.368,118.76933512091637,390
2017-12-21,174.098,175.962,174.098,175.147,126.04471699148417,390
2017-12-22,174.658,175.33,174.607,175.038,109.14835468679667,390
2017-12-26,170.597,171.357,169.668,170.558,126.42999007925391,390
2017-12-27,170.117,170.697,169.699,170.557,105.81741903722286,390
2017-12-28,171.088,171.828,170.477,170.91,84.47215508297086,390
2017-12-29,170.528,170.418,169.217,169.297,106.99124194588512,390
2018-01-02,170.138,172.198,169.257,172.198,111.66922114789486,390
2018-01-03,172.527,174.528,171.967,172.158,124.39700984582305,390
2018-01-04,172.628,173.458,172.078,173.068,112.23142825253308,390
2018-01-05,173.497,175.147,173.053,175.001,125.08793106675148,390
2018-01-08,174.298,175.528,173.927,174.377,113.2522329762578,390
2018-01-09,174.498,174.997,173.397,174.438,129.48866010829806,390
2018-01-10,173.097,174.238,172.997,174.288,138.84053206443787,390
2018-01-11,174.538,175.437,174.497,175.268,111.22029683738947,390
2018-01-12,176.047,177.318,175.658,176.997,128.06002529338002,390
2018-01-16,177.897,179.358,176.127,176.378,216.47785637900233,390
2018-01-17,176.097,179.228,175.047,179.148,180.37943600863218,390
2018-01-18,179.308,180.078,178.237,179.378,56.66733496449888,390
2018-01-19,178.548,179.497,177.407,178.448,56.96425287891179,390
2018-01-22,177.257,177.738,176.667,176.863,37.91312705280143,390
2018-01-23,177.287,179.397,176.817,177.078,95.39754519797862,390
2018-01-24,177.167,177.018,173.197,174.227,447.5501428730786,390
2018-01-25,174.348,174.838,170.527,171.208,171.25930648110807,390
2018-01-26,171.947,171.827,170.057,171.449,50.29948196746409,390
2018-01-29,169.878,169.477,167.067,168.247,133.96191113442183,390
2018-01-30,165.427,167.268,164.687,167.048,261.8105481117964,390
2018-01-31,166.798,168.358,166.497,167.468,214.47295720875263,390
2018-02-01,167.198,168.567,166.748,167.777,136.67460317350924,390
2018-02-02,165.998,165.87,160.098,160.388,72.52118914574385,390
2018-02-05,159.097,163.767,155.998,157.218,65.53905798122287,390
2018-02-06,154.998,163.537,153.997,162.907,67.10271490737796,390
2018-02-07,162.977,162.538,159.057,159.648,187.2584899365902,390
2018-02-08,160.258,160.808,155.04,156.037,353.8538920879364,390
2018-02-09,156.997,157.857,150.247,156.087,280.7539893090725,390
2018-02-12,158.477,163.818,157.497,162.928,345.36386385560036,390
2018-02-13,161.778,164.738,161.708,164.428,303.25098504312336,390
2018-02-14,163.017,167.498,162.877,167.418,277.5235402639955,390
2018-02-15,169.748,173.047,168.997,172.958,323.2472139969468,390
2018-02-16,172.425,174.777,171.758,172.587,311.6017316877842,390
2018-02-20,172.008,174.227,171.407,171.907,271.7521638274193,390
2018-02-21,172.748,174.057,171.047,171.218,98.8223379664123,390
2018-02-22,171.917,173.908,171.697,172.638,93.50398799404502,390
2018-02-23,173.747,175.628,173.537,175.548,61.41552728693932,390
2018-02-26,176.288,179.338,176.278,178.988,60.7839149646461,390
2018-02-27,179.087,180.427,178.147,178.548,102.21795407682657,390
2018-02-28,179.247,180.567,178.047,178.458,230.25179072842002,390
2018-03-01,178.538,179.597,172.677,175.058,59.23700296715833,390
2018-03-02,172.658,176.278,172.447,176.267,37.26788097422104,390
2018-03-05,175.068,177.677,174.517,177.018,154.78604318248108,390
2018-03-06,177.877,178.188,176.128,176.687,233.5168312159367,390
2018-03-07,175.087,175.737,174.257,174.987,27.77829995576758,390
2018-03-08,175.427,177.067,175.067,176.948,24.53480493882671,390
2018-03-09,177.767,179.963,177.377,179.963,20.05573499255115,390
2018-03-12,180.198,182.357,180.198,182.077,18.107419096690137,390
2018-03-13,182.467,183.478,179.227,180.128,29.838710039155558,390
2018-03-14,180.347,180.147,177.807,178.496,29.256623017136008,390
2018-03-15,178.397,180.148,178.067,178.858,16.991594979306683,390
2018-03-16,178.627,179.068,177.618,178.157,12.653302976628765,390
2018-03-19,177.297,177.058,173.648,175.358,22.700956960441545,390
2018-03-20,175.278,176.678,174.937,175.268,18.031886015320197,390
2018-03-21,174.957,174.997,171.267,171.387,17.37889796140371,390
2018-03-22,169.948,172.618,168.593,169.048,35.487587947864085,390
2018-03-23,168.497,169.888,164.987,165.228,37.36140600172803,390
2018-03-26,167.998,173.088,166.417,172.948,28.247786041349173,390
2018-03-27,173.658,174.847,167.017,168.458,37.208736007101834,390
2018-03-28,167.088,169.918,165.188,166.647,39.024279076838866,390
2018-03-29,168.008,171.728,166.888,168.988,26.138152098981664,390
2018-04-02,167.748,168.857,164.457,166.637,540.9174374626018,390
2018-04-03,167.627,168.668,164.858,168.537,570.4764219522476,390
2018-04-04,164.857,171.987,164.807,171.928,152.95218951255083,390
2018-04-05,172.528,174.178,172.061,173.118,147.71610012929887,390
2018-04-06,170.886,172.397,168.197,168.648,103.434400126338,390
2018-04-09,169.798,172.997,169.798,170.267,62.99635196104646,390
2018-04-10,173.088,173.928,171.569,173.327,71.22819213196635,390
2018-04-11,171.798,173.867,171.697,172.438,62.65514310821891,390
2018-04-12,173.397,174.968,173.037,174.357,49.37911902926862,390
2018-04-13,174.867,175.737,173.847,174.858,65.51474407315254,390
2018-04-16,174.977,176.148,174.828,175.918,41.882837038487196,390
2018-04-17,176.407,178.888,176.407,178.298,38.32585097104311,390
2018-04-18,177.767,178.717,176.867,177.898,37.334617054089904,390
2018-04-19,174.778,175.092,172.657,173.027,57.15417103841901,390
2018-04-20,170.518,170.298,165.427,165.957,66.91716879792511,390
2018-04-23,166.797,166.728,164.077,165.238,26.09725302271545,390
2018-04-24,165.708,166.237,161.217,162.938,36.94400398246944,390
2018-04-25,162.607,165.378,162.397,163.758,46.70713008008897,390
2018-04-26,164.037,165.638,163.357,164.237,72.15852798707783,390
2018-04-27,163.987,164.062,160.628,162.548,42.869053112342954,390
2018-04-30,162.107,167.157,161.827,165.538,51.67427996918559,390
2018-05-01,166.368,169.068,165.258,169.148,67.29141092672944,390
2018-05-02,175.208,177.667,173.787,176.768,66.06258903257549,390
2018-05-03,175.647,177.418,174.437,176.968,107.44066420197487,390
2018-05-04,178.138,184.207,178.138,183.897,145.10710594803095,390
2018-05-07,185.177,187.607,184.737,185.198,131.78631938248873,390
2018-05-08,184.938,186.158,183.668,186.037,138.5160526931286,390
2018-05-09,186.548,187.297,185.188,187.307,110.19233580678701,390
2018-05-10,187.698,190.248,187.667,190.058,130.1846359372139,390
2018-05-11,189.337,189.998,187.438,188.567,137.4352236315608,390
2018-05-14,188.927,189.478,187.838,188.157,125.03272611647844,390
2018-05-15,186.758,187.008,185.087,186.448,145.9662703126669,390
2018-05-16,186.068,188.368,185.997,188.138,134.16200791299343,390
2018-05-17,187.948,188.857,186.338,187.168,126.20337177813053,390
2018-05-18,187.157,187.728,186.108,186.437,122.07227004878223,390
2018-05-21,187.848,189.228,186.897,187.618,67.30796292889863,390
2018-05-22,188.335,188.728,186.768,187.268,67.25581523776054,390
2018-05-23,186.307,188.408,185.737,188.478,73.94249806553125,390
2018-05-24,188.728,188.658,186.198,188.187,68.69084610976279,390
2018-05-25,188.218,189.617,187.608,188.678,67.91694114357233,390
2018-05-29,187.637,188.618,186.867,187.917,86.3778208643198,390
2018-05-30,187.745,187.918,186.757,187.638,71.40461207926273,390
2018-05-31,187.207,188.138,186.117,187.069,55.46995893120766,390
2018-06-01,187.888,190.237,187.747,190.237,50.431663958355784,390
2018-06-04,191.617,193.338,191.337,191.838,50.34303793217987,390
2018-06-05,193.038,193.918,192.338,193.378,49.08133205026388,390
2018-06-06,193.608,193.947,191.917,193.968,62.79494588635862,390
2018-06-07,194.145,193.978,192.317,193.547,77.74311504885554,390
2018-06-08,191.057,191.957,189.757,191.708,64.80791722983122,390
2018-06-11,191.278,191.847,190.198,191.238,81.99086203053594,390
2018-06-12,191.358,192.558,191.137,192.318,57.67386396229267,390
2018-06-13,192.467,192.828,190.448,190.677,61.305502000730485,390
2018-06-14,191.538,191.397,190.207,190.957,63.77431100606918,390
2018-06-15,189.987,189.928,188.287,189.198,70.79684482887387,390
2018-06-18,187.857,189.178,187.187,188.878,66.29159106034786,390
2018-06-19,185.088,186.238,183.437,185.808,82.03221188485622,390
2018-06-20,186.328,187.168,185.717,186.548,65.87684792513028,390
2018-06-21,187.177,188.267,184.957,185.468,80.14172608405352,390
2018-06-22,185.948,186.007,184.798,185.198,67.57301901467144,390
2018-06-25,183.347,184.637,180.707,182.468,244.5583928450942,390
2018-06-26,182.537,186.457,182.528,184.467,187.87544783577323,390
2018-06-27,185.187,187.177,184.117,184.308,223.13146067038178,390
2018-06-28,184.008,186.178,183.788,185.648,200.19824066758156,390
2018-06-29,186.247,186.978,185.277,185.709,161.58928905427456,390
2018-07-02,183.817,187.228,183.398,187.227,142.11052983999252,390
2018-07-03,187.737,187.847,183.597,183.597,87.81640511751175,390
2018-07-05,185.225,186.368,184.278,185.518,121.22524521872401,390
2018-07-06,185.398,188.388,185.287,188.108,121.43758163228631,390
2018-07-09,189.408,190.627,189.297,190.638,110.90099097043276,390
2018-07-10,190.587,191.247,190.198,190.408,112.99016219377518,390
2018-07-11,188.608,189.687,187.657,187.898,130.69549383595586,390
2018-07-12,189.448,191.367,189.388,191.127,111.32817620784044,390
2018-07-13,191.008,191.767,190.887,191.487,103.90439996682107,390
2018-07-16,191.637,192.558,190.397,190.948,94.47246582483058,390
2018-07-17,189.748,191.838,189.187,191.558,110.79239985533059,390
2018-07-18,191.768,190.987,189.917,190.477,99.10687810042873,390
2018-07-19,189.658,192.508,189.647,192.018,129.73529306799173,390
2018-07-20,191.727,192.347,190.178,191.238,114.08760851994157,390
2018-07-23,190.577,191.877,189.548,191.597,104.53374899551272,390
2018-07-24,192.177,193.588,192.037,192.958,136.3303630501032,390
2018-07-25,192.917,194.768,192.417,194.768,113.30500309541821,390
2018-07-26,194.587,195.907,193.607,194.348,135.15466131269932,390
2018-07-27,194.978,194.917,190.097,190.918,188.82376211881638,390
2018-07-30,191.887,192.178,189.057,189.918,173.42939388751984,390
2018-07-31,190.327,192.011,189.327,190.718,151.29679004848003,390
2018-08-01,199.108,201.698,197.302,201.718,181.10427722334862,390
2018-08-02,200.577,208.307,200.328,207.627,193.79973201453686,390
2018-08-03,207.018,208.631,205.457,207.978,153.12943309731781,390
2018-08-06,207.958,209.227,207.067,209.118,135.0651609301567,390
2018-08-07,209.377,209.438,206.737,207.208,135.45229582488537,390
2018-08-08,206.037,207.737,204.517,207.347,121.71103294193745,390
2018-08-09,207.408,209.738,207.337,209.037,112.82242412120104,390
2018-08-10,207.247,208.948,206.658,207.657,140.44958993676119,390
2018-08-13,207.757,210.878,207.757,209.128,137.4504992440343,390
2018-08-14,210.088,210.537,208.238,209.738,100.45912454463542,390
2018-08-15,209.087,210.687,208.338,210.398,166.75177510082722,390
2018-08-16,211.77,213.778,211.457,213.427,112.35134696401656,390
2018-08-17,213.447,217.887,213.147,217.728,148.30115600675344,390
2018-08-20,218.037,218.937,215.087,215.448,122.29708882421255,390
2018-08-21,216.648,217.137,214.007,215.328,125.56950784474611,390
2018-08-22,214.098,216.308,213.837,215.228,104.18117700144649,390
2018-08-23,214.608,216.898,214.608,215.567,120.89793182909489,390
2018-08-24,216.448,216.797,215.097,216.277,104.58136801049113,390
2018-08-27,217.047,218.597,216.307,217.987,113.74098103679717,390
2018-08-28,218.987,220.518,218.907,219.677,111.93033980578184,390
2018-08-29,220.207,223.168,219.387,223.418,131.13197510316968,390
2018-08-30,223.237,228.148,222.387,225.187,189.4004757553339,390
2018-08-31,226.448,228.777,226.218,227.858,170.49660807847977,390
2018-09-04,227.517,229.118,226.978,228.467,136.73790987581015,390
2018-09-05,228.897,229.468,225.097,226.818,167.4715989679098,390
2018-09-06,226.198,227.078,221.277,223.127,180.62981539964676,390
2018-09-07,221.838,225.268,220.698,221.457,465.83100140094757,390
2018-09-10,220.898,221.488,216.477,218.578,166.89370103925467,390
2018-09-11,217.888,224.208,216.537,223.967,167.4020681604743,390
2018-09-12,224.848,224.298,219.848,220.998,203.5783733278513,390
2018-09-13,223.568,228.288,222.538,226.377,160.94351501762867,390
2018-09-14,225.727,226.788,222.507,223.678,155.21682009100914,390
2018-09-17,222.008,222.718,217.248,217.948,163.5687984265387,390
2018-09-18,217.777,221.318,217.107,218.472,143.41625011712313,390
2018-09-19,218.488,219.418,215.278,218.458,135.93048717826605,390
2018-09-20,220.298,222.157,219.168,220.288,114.07452810928226,390
2018-09-21,220.608,221.168,217.277,218.328,123.35978681594133,390
2018-09-24,216.787,221.188,216.617,221.088,140.11461792886257,390
2018-09-25,219.738,222.698,219.698,222.317,114.40150807052851,390
2018-09-26,220.987,223.677,219.878,220.468,135.98814284056425,390
2018-09-27,223.778,226.378,223.547,225.458,149.70120722800493,390
2018-09-28,224.737,225.778,223.998,225.808,134.0001302883029,390
2018-10-01,227.887,229.328,226.328,227.418,177.95242816209793,390
2018-10-02,227.288,229.967,226.63,229.538,170.8683721870184,390
2018-10-03,230.048,233.318,229.767,232.147,187.78234988451004,390
2018-10-04,230.847,231.668,226.718,227.87,231.17306670546532,390
2018-10-05,227.938,227.908,220.558,224.148,248.74626302719116,390
2018-10-08,221.618,224.679,220.188,224.047,258.4040330052376,390
2018-10-09,223.617,227.197,222.228,226.902,405.08105993736535,390
2018-10-10,225.328,226.182,216.06,216.818,506.661564797163,390
2018-10-11,214.618,219.281,212.298,214.898,44.60437404550612,390
2018-10-12,220.978,222.678,216.827,222.478,39.3170580281876,390
2018-10-15,220.992,221.757,217.318,217.708,46.56359708122909,390
2018-10-16,218.938,222.737,216.747,222.648,51.733744867146015,390
2018-10-17,222.168,222.597,219.327,221.152,51.97291301190853,390
2018-10-18,217.787,219.608,214.877,216.057,62.497720934450626,390
2018-10-19,218.077,221.118,217.408,219.572,49.92998198419809,390
2018-10-22,219.838,223.217,219.427,221.127,57.52257597818971,390
2018-10-23,215.768,223.158,214.697,222.938,62.56341302022338,390
2018-10-24,222.528,224.007,214.528,215.298,58.51323697715998,390
2018-10-25,217.688,221.258,216.787,220.288,121.70664688944817,390
2018-10-26,215.887,220.149,212.667,216.157,494.33850938733667,390
2018-10-29,219.167,219.578,207.098,212.557,535.8254207968712,390
2018-10-30,211.147,215.028,209.248,213.578,550.843507528305,390
2018-10-31,216.888,220.338,216.647,219.187,548.031849950552,390
2018-11-01,219.047,222.188,216.807,222.337,454.44594740867615,390
2018-11-02,209.507,213.568,205.407,206.097,419.246015638113,390
2018-11-05,204.218,203.208,198.167,201.527,453.6112833619118,390
2018-11-06,201.827,204.547,201.667,204.018,426.3867367506027,390
2018-11-07,205.868,209.938,204.117,209.968,415.47935220599174,390
2018-11-08,209.917,209.677,206.737,208.477,498.10820585489273,390
2018-11-09,205.497,205.818,202.238,204.557,528.0956377387047,390
2018-11-12,198.927,199.367,193.768,194.297,589.4928541183472,390
2018-11-13,191.618,196.968,191.488,192.438,590.978816151619,390
2018-11-14,193.808,194.417,185.947,186.748,547.8654376268387,390
2018-11-15,188.357,191.838,186.867,191.548,572.6526387035847,390
2018-11-16,190.478,194.787,189.477,193.818,531.8174358010292,390
2018-11-19,189.888,190.377,184.978,185.898,591.4395706057549,390
2018-11-20,178.328,181.387,175.538,177.067,377.312067233026,390
2018-11-21,179.668,180.168,176.547,177.228,70.48646608181298,390
2018-11-23,174.888,176.457,172.117,172.228,41.89192495495081,390
2018-11-26,174.147,174.868,170.257,174.558,77.56017399206758,390
2018-11-27,171.597,174.668,170.877,174.258,89.05494403094053,390
2018-11-28,176.637,181.097,174.917,181.117,101.5465170443058,390
2018-11-29,182.638,182.248,177.698,179.778,90.42651312798262,390
2018-11-30,180.278,179.917,177.017,178.587,77.4820620007813,390
2018-12-03,184.387,184.807,181.188,184.848,98.13480601622723,390
2018-12-04,180.878,182.088,176.257,176.828,94.95765879750252,390
2018-12-06,171.688,174.688,170.417,174.717,99.20405896753073,390
2018-12-07,173.448,174.308,168.298,168.568,112.39844632148743,390
2018-12-10,164.937,169.817,163.718,169.858,86.87356577254832,390
2018-12-11,171.677,171.017,166.977,168.748,60.59697004035115,390
2018-12-12,170.292,171.838,168.997,169.288,49.19460792094469,390
2018-12-13,170.417,172.428,169.54,171.001,44.57259901985526,390
2018-12-14,168.887,168.641,165.268,165.577,59.21159495040774,390
2018-12-17,165.397,168.208,162.718,164.388,65.42105309665203,390
2018-12-18,165.317,167.429,164.378,166.279,60.70843806490302,390
2018-12-19,165.938,167.328,159.117,161.168,77.23248086497188,390
2018-12-20,160.198,161.908,155.368,156.978,77.98693408630788,390
2018-12-21,155.788,157.817,149.623,151.367,83.49914205819368,390
2018-12-24,148.078,151.208,146.678,146.738,39.57578592374921,390
2018-12-26,148.287,157.128,146.708,157.187,92.18178119510412,390
2018-12-27,155.758,156.33,150.048,156.267,104.27485401928425,390
2018-12-28,157.458,158.447,154.537,156.478,90.89804895222187,390
2018-12-31,158.488,159.208,156.487,157.757,80.27208314090967,390
2019-01-02,154.847,158.769,154.228,157.958,70.35110402852297,390
2019-01-03,143.927,145.668,141.987,142.278,98.78556925803423,390
2019-01-04,144.558,148.488,143.787,148.267,95.11360473185778,390
2019-01-07,148.637,148.718,145.887,147.948,89.01140583306551,390
2019-01-08,149.578,151.748,148.518,150.798,86.19106490164995,390
2019-01-09,151.398,154.467,149.627,153.42,97.22884713113308,390
2019-01-10,152.287,153.948,150.857,153.798,93.5675927400589,390
2019-01-11,152.898,153.437,151.497,152.238,77.79320790991187,390
2019-01-14,150.938,151.087,149.207,149.948,84.82108688354492,390
2019-01-15,150.218,153.327,150.027,153.108,108.82742167823017,390
2019-01-16,152.978,155.848,152.977,155.018,115.01442198618315,390
2019-01-17,154.187,157.308,153.247,155.798,106.22329203784466,390
2019-01-18,157.537,157.598,155.977,156.838,111.08700005710125,390
2019-01-22,156.517,156.408,152.697,153.688,121.84202497452497,390
2019-01-23,154.058,155.058,151.687,153.947,232.04478527605534,390
2019-01-24,153.897,154.298,151.718,152.718,205.37816531956196,390
2019-01-25,155.398,157.958,154.277,157.718,175.09564540535212,390
2019-01-28,157.717,157.717,153.657,156.307,201.6562089920044,390
2019-01-29,156.177,158.017,154.097,154.698,203.76243488490582,390
2019-01-30,163.227,166.047,160.257,165.468,270.7031415849924,390
2019-01-31,166.087,168.958,164.547,166.727,221.24775630235672,390
2019-02-01,166.94,168.907,165.917,166.657,206.89478597044945,390
2019-02-04,167.468,171.627,167.268,171.248,202.9808149114251,390
2019-02-05,172.797,174.957,172.337,174.098,224.53908815979958,390
2019-02-06,174.687,175.437,172.838,174.258,210.4423411488533,390
2019-02-07,172.357,173.818,170.317,171.007,276.64018692076206,390
2019-02-08,168.868,170.618,168.417,170.498,236.64948199689388,390
2019-02-11,171.098,170.937,169.237,169.517,185.30281576514244,390
2019-02-12,170.118,170.977,169.687,170.828,145.52025019191206,390
2019-02-13,171.388,172.288,169.907,170.088,165.14999290183187,390
2019-02-14,169.698,171.198,169.368,170.978,187.89668813347816,390
2019-02-15,171.298,171.548,169.737,170.368,185.2518754415214,390
2019-02-19,169.687,171.397,169.367,170.898,151.39860214293003,390
2019-02-20,171.168,173.178,171.007,171.998,204.6196556687355,390
2019-02-21,171.748,172.247,170.287,171.117,194.1149540990591,390
2019-02-22,171.367,172.977,171.358,172.977,161.49396190792322,390
2019-02-25,173.978,175.778,173.928,174.288,208.81688217818737,390
2019-02-26,173.588,175.178,173.147,174.287,201.88698498904705,390
2019-02-27,173.227,174.978,172.711,174.938,215.52009999752045,390
2019-02-28,174.308,174.788,172.908,173.388,205.49214819073677,390
2019-03-01,174.278,175.078,172.867,174.988,182.34004499018192,390
2019-03-04,175.657,177.667,173.968,175.938,249.6038052737713,390
2019-03-05,175.897,175.898,174.527,175.728,184.40026301890612,390
2019-03-06,174.667,175.408,173.927,174.808,215.38677145540714,390
2019-03-07,173.985,174.317,172.017,172.608,229.51353484392166,390
2019-03-08,170.247,172.938,169.487,173.048,234.91178107261658,390
2019-03-11,172.937,179.078,172.937,178.988,95.13674233853817,390
2019-03-12,179.977,182.618,179.368,180.938,221.86236299574375,390
2019-03-13,182.198,182.997,180.908,181.848,208.2263627499342,390
2019-03-14,183.958,183.988,182.547,183.957,187.12661562860012,390
2019-03-15,184.768,187.268,183.717,186.268,193.31328400969505,390
2019-03-18,185.717,188.358,185.717,188.028,179.1142269000411,390
2019-03-19,188.278,188.937,185.907,186.548,202.04566702991724,390
2019-03-20,186.208,189.428,184.747,188.327,235.7717050164938,390
2019-03-21,190.018,196.217,189.841,195.598,272.2809719145298,390
2019-03-22,195.278,197.458,190.757,191.247,317.27127572894096,390
2019-03-25,191.517,191.488,186.588,188.767,343.40996038913727,390
2019-03-26,191.558,192.708,184.587,186.748,341.81306689977646,390
2019-03-27,188.688,189.717,186.528,188.518,316.7145071923733,390
2019-03-28,188.887,189.302,187.517,188.708,262.3330831825733,390
2019-03-29,189.927,189.968,188.527,189.978,234.4006498157978,390
2019-04-01,191.548,191.317,188.367,191.187,213.29308032989502,390
2019-04-02,191.037,194.437,191.037,194.438,209.8839277625084,390
2019-04-03,193.288,196.438,193.148,195.358,211.4086921364069,390
2019-04-04,194.878,196.267,194.767,195.717,208.11463075876236,390
2019-04-05,196.398,196.99,195.958,197.058,215.05424922704697,390
2019-04-08,196.397,200.107,196.317,200.167,215.297473564744,390
2019-04-09,200.288,202.688,199.207,199.598,246.63967518508434,390
2019-04-10,198.697,200.707,198.167,200.668,218.06196124851704,390
2019-04-11,200.837,200.818,198.428,198.916,212.6289748251438,390
2019-04-12,199.127,199.96,196.208,198.828,463.047765403986,390
2019-04-15,198.497,199.691,197.998,199.207,537.8189637064934,390
2019-04-16,199.357,201.337,198.538,199.501,593.0404853820801,390
2019-04-17,199.237,203.297,198.607,203.187,631.6896991729736,390
2019-04-18,203.107,204.077,202.497,203.938,525.3660208582878,390
2019-04-22,202.638,204.857,202.307,204.61,444.2339501976967,390
2019-04-23,204.408,207.711,203.878,207.452,502.3315379023552,390
2019-04-24,207.328,208.442,207.028,207.39,472.819550126791,390
2019-04-25,206.807,207.471,205.098,205.288,534.9622611403465,390
2019-04-26,204.737,204.891,202.228,204.348,253.55496399849653,390
2019-04-29,204.488,205.927,203.847,204.658,116.27118516713381,390
2019-04-30,203.038,203.108,199.117,200.938,167.578086681664,390
2019-05-01,209.978,215.278,209.218,210.988,217.05700799822807,390
2019-05-02,209.858,212.458,208.148,209.268,203.94481069390895,390
2019-05-03,210.587,211.763,210.208,211.763,158.03144769370556,390
2019-05-06,204.208,208.787,203.488,208.611,196.5597488731146,390
2019-05-07,205.787,207.147,200.808,202.858,293.8650236129761,390
2019-05-08,201.958,205.228,201.74,203.158,206.93320678174496,390
2019-05-09,200.267,201.558,196.677,200.698,347.30336716771126,390
2019-05-10,197.438,198.768,192.747,197.238,340.4421135485172,390
2019-05-13,187.438,189.248,184.678,185.828,413.1608518958092,390
2019-05-14,186.457,189.637,185.408,188.848,285.5044353157282,390
2019-05-15,186.257,191.707,186.007,191.037,311.217950373888,390
2019-05-16,189.598,192.42,188.817,190.088,184.47819181904197,390
2019-05-17,187.027,190.788,186.797,189.148,76.03443491086364,390
2019-05-20,183.498,184.248,180.278,183.168,78.85651208460331,390
2019-05-21,185.187,187.978,184.678,186.638,55.404673007447855,390
2019-05-22,184.577,185.638,182.537,182.748,63.348537027835846,390
2019-05-23,179.787,180.427,177.797,179.758,211.19848039373755,390
2019-05-24,180.197,182.017,178.607,178.997,216.9068972915411,390
2019-05-28,178.888,180.537,177.913,178.678,209.08367493748665,390
2019-05-29,176.418,179.278,175.997,177.697,303.46545192599297,390
2019-05-30,177.927,179.078,176.648,178.367,156.9360801577568,390
2019-05-31,176.128,177.918,174.987,175.217,305.8719207793474,390
2019-06-03,175.498,177.838,170.367,173.358,389.4149951040745,390
2019-06-04,175.368,179.747,174.507,179.788,320.72291642427444,390
2019-06-05,184.167,184.788,181.118,182.778,217.49824412167072,390
2019-06-06,182.997,185.418,182.127,185.277,190.20797871798277,390
2019-06-07,186.598,191.798,185.758,190.218,199.61928735673428,390
2019-06-10,191.768,195.297,191.687,192.838,163.28478018939495,390
2019-06-11,194.847,195.938,193.578,194.818,170.08306305855513,390
2019-06-12,193.938,195.858,193.368,194.168,141.85730373859406,390
2019-06-13,194.707,196.607,193.678,195.298,153.69394306838512,390
2019-06-14,191.448,193.538,190.287,192.888,142.06775197014213,390
2019-06-17,192.737,194.898,192.138,193.918,119.78381728380919,390
2019-06-18,195.918,200.228,195.228,198.497,237.43971747159958,390
2019-06-19,199.677,199.657,197.328,197.928,229.7424627393484,390
2019-06-20,200.247,200.248,198.027,199.678,250.406737819314,390
2019-06-21,198.438,200.797,198.127,198.807,233.4282844811678,390
2019-06-24,198.547,200.057,198.158,198.678,224.42081400752068,390
2019-06-25,198.458,199.167,195.337,195.737,330.4541003704071,390
2019-06-26,197.798,200.898,197.318,199.888,255.46628978848457,390
2019-06-27,200.168,201.477,199.557,199.868,261.7679273933172,390
2019-06-28,198.637,199.388,197.027,197.958,246.47463537752628,390
2019-07-01,203.107,204.407,200.627,201.608,284.0521284341812,390
2019-07-02,201.397,203.078,201.338,202.698,255.13771061599255,390
2019-07-03,203.158,204.567,202.667,204.337,142.4129797670921,390
2019-07-05,202.997,205.018,202.957,204.327,273.1804840415716,390
2019-07-08,200.928,201.278,198.397,199.988,276.13392125070095,390
2019-07-09,199.078,201.447,198.797,201.378,245.23269186913967,390
2019-07-10,201.918,203.627,201.548,203.257,257.88002444803715,390
2019-07-11,203.138,204.317,201.707,201.928,275.98973821103573,390
2019-07-12,202.418,203.928,202.187,203.307,238.91106359660625,390
2019-07-15,204.098,205.767,203.987,205.148,225.3154338747263,390
2019-07-16,204.737,206.058,203.487,204.408,252.21680699288845,390
2019-07-17,204.087,205.057,203.277,203.498,259.93558786809444,390
2019-07-18,203.997,205.818,203.687,205.627,274.38028717041016,390
2019-07-19,206.037,206.288,202.347,202.618,311.43017041683197,390
2019-07-22,203.587,207.197,203.587,207.197,269.8394694775343,390
2019-07-23,208.338,208.868,207.277,208.827,269.6220373213291,390
2019-07-24,207.647,209.047,207.157,208.648,206.62240916490555,390
2019-07-25,208.698,209.198,206.717,207.108,260.28127866983414,390
2019-07-26,207.468,209.657,207.347,207.968,173.1344463042915,390
2019-07-29,208.427,210.598,208.427,209.838,214.22556181252003,390
2019-07-30,208.718,210.128,207.297,208.957,226.34363262355328,390
2019-07-31,216.248,221.296,211.327,213.478,248.74161407351494,390
2019-08-01,213.998,217.928,206.718,208.437,301.5837141126394,390
2019-08-02,205.017,206.357,201.617,204.008,282.96081069111824,390
2019-08-05,198.088,198.278,192.558,193.438,328.6846334338188,390
2019-08-06,196.406,197.858,194.027,197.037,277.12176501750946,390
2019-08-07,195.467,199.528,193.808,199.537,332.03902781009674,390
2019-08-08,200.378,203.457,199.387,203.488,211.36425679922104,390
2019-08-09,201.257,202.727,199.287,201.247,245.5659436583519,390
2019-08-12,199.656,201.998,199.137,200.668,212.96770064532757,390
2019-08-13,200.988,212.018,200.878,209.228,251.14983960986137,390
2019-08-14,203.256,206.388,202.567,202.998,276.27072510123253,390
2019-08-15,203.548,204.768,199.718,201.857,287.3818902373314,390
2019-08-16,204.228,207.077,203.837,206.668,169.07561403512955,390
2019-08-19,210.618,212.517,210.007,210.488,135.77201679348946,390
2019-08-20,210.718,213.268,210.367,210.568,161.4441099241376,390
2019-08-21,212.848,213.618,211.638,212.678,148.45734485425055,390
2019-08-22,213.127,214.388,210.738,212.698,178.3777977526188,390
2019-08-23,209.348,211.868,201.847,202.818,198.48809914290905,390
2019-08-26,205.868,207.068,205.047,206.588,68.14574096165597,390
2019-08-27,207.888,208.038,203.527,204.408,70.69721890613437,390
2019-08-28,204.143,205.667,203.317,205.558,57.16685502231121,390
2019-08-29,208.458,209.298,206.658,209.087,243.90766195266042,390
2019-08-30,209.977,210.042,207.187,208.518,323.72249959781766,390
2019-09-03,206.187,206.928,204.207,205.748,763.9774995446205,390
2019-09-04,208.348,209.428,207.318,209.228,775.6875005364418,390
2019-09-05,211.967,213.898,211.507,213.188,953.6350028514862,390
2019-09-06,214.107,214.267,212.498,213.297,1001.8249983787537,390
2019-09-09,214.748,216.368,213.827,214.327,1103.7299986481667,390
2019-09-10,213.798,216.628,211.678,216.628,984.5351206660271,390
2019-09-11,217.835,223.507,217.698,223.598,711.0500004887581,390
2019-09-12,224.727,226.138,222.867,223.248,613.4925002455711,390
2019-09-13,219.018,220.728,217.017,218.568,937.65249812603,390
2019-09-16,217.558,220.068,217.527,220.048,797.7949990034103,390
2019-09-17,219.898,220.737,219.097,220.808,577.0825008153915,390
2019-09-18,220.648,222.718,219.428,222.828,569.0749997496605,390
2019-09-19,222.128,223.667,220.368,221.078,631.7575013041496,390
2019-09-20,221.448,222.388,217.468,218.008,919.2649995088577,390
2019-09-23,218.858,219.808,217.647,218.798,723.5325003862381,390
2019-09-24,220.998,222.378,217.208,217.888,1087.5274998545647,390
2019-09-25,218.538,221.398,217.137,221.298,1025.85500061512,390
2019-09-26,219.888,220.857,218.817,219.918,991.5424995422363,390
2019-09-27,220.498,220.707,217.268,218.868,1142.724998474121,390
2019-09-30,220.948,224.507,220.797,224.078,738.4074995517731,390
2019-10-01,224.977,228.108,224.197,224.598,1093.3250023126602,390
2019-10-02,223.068,223.158,217.927,219.287,1274.1899970769882,390
2019-10-03,218.207,220.878,215.127,220.867,1023.7924982458353,390
2019-10-04,225.618,227.388,223.898,227.078,856.3624995946884,390
2019-10-07,226.088,229.908,225.827,227.297,878.0474999547005,390
2019-10-08,225.698,227.937,224.317,224.717,1212.9550012350082,390
2019-10-09,226.908,227.738,225.637,227.048,780.2274995148182,390
2019-10-10,227.868,230.388,227.277,230.167,997.9049991369247,390
2019-10-11,232.888,237.517,232.287,236.487,878.8024994730949,390
2019-10-14,235.048,238.088,235.048,236.078,719.5299997329712,390
2019-10-15,236.357,237.538,234.877,235.458,675.395001232624,390
2019-10-16,233.747,235.127,233.588,234.537,690.8949999809265,390
2019-10-17,234.972,236.048,233.517,235.468,757.8824993371964,390
2019-10-18,234.468,237.478,234.278,236.798,888.0600003451109,390
2019-10-21,237.548,240.918,237.497,240.568,568.4674991965294,390
2019-10-22,241.147,242.117,239.607,240.168,918.4199978709221,390
2019-10-23,242.058,243.157,241.197,243.198,813.3700004220009,390
2019-10-24,244.428,244.238,241.797,243.548,563.3625011537224,390
2019-10-25,242.957,246.538,242.878,246.698,749.7150015234947,390
2019-10-28,247.387,249.018,246.678,249.168,772.1099997162819,390
2019-10-29,248.967,249.588,242.558,243.368,882.3750020265579,390
2019-10-30,244.717,244.858,241.207,243.448,528.9600016772747,390
2019-10-31,247.187,248.948,245.597,248.907,767.1599999964237,390
2019-11-01,249.428,255.828,249.167,255.868,580.1199997961521,390
2019-11-04,257.308,257.757,255.377,257.557,557.4050007164478,390
2019-11-05,257.058,258.118,256.308,257.238,658.9374992549419,390
2019-11-06,256.778,257.378,255.347,257.258,662.6900000572205,390
2019-11-07,258.708,260.318,258.107,259.428,705.5650005936623,390
2019-11-08,258.708,260.088,256.817,260.088,632.7250001430511,390
2019-11-11,258.298,262.417,258.298,262.208,562.6974994242191,390
2019-11-12,261.528,262.768,260.917,262.108,679.1124997735023,390
2019-11-13,261.107,264.738,261.078,264.658,669.8200009167194,390
2019-11-14,263.878,264.688,262.098,262.798,645.262498408556,390
2019-11-15,263.937,265.618,262.997,265.618,594.8325015604496,390
2019-11-18,265.798,267.358,264.218,267.128,558.6675010323524,390
2019-11-19,267.887,267.527,265.378,266.428,508.0125005543232,390
2019-11-20,265.678,265.908,260.378,263.007,663.1425095796585,390
2019-11-21,263.447,263.948,261.167,262.148,924.3200008273125,390
2019-11-22,262.508,262.978,260.827,261.988,796.5274995863438,390
2019-11-25,262.548,266.297,262.547,266.358,644.4475002884865,390
2019-11-26,266.907,266.757,264.947,265.408,656.1499995589256,390
2019-11-27,265.738,267.898,265.298,267.938,618.1650020182133,390
2019-11-29,266.218,267.947,265.897,267.177,332.94750206172466,390
2019-12-02,267.267,268.058,263.438,264.788,837.8000017404556,390
2019-12-03,258.108,259.487,256.328,259.508,1003.9875014424324,390
2019-12-04,261.018,263.248,260.668,261.918,709.867497086525,390
2019-12-05,263.738,265.828,262.727,265.558,744.7225019931793,390
2019-12-06,267.498,270.988,267.498,270.617,496.5300000011921,390
2019-12-09,269.997,270.518,264.907,266.787,728.8799999952316,390
2019-12-10,268.548,270.058,265.848,268.588,760.4699999094009,390
2019-12-11,268.648,271.038,268.648,271.078,565.0124999880791,390
2019-12-12,267.578,272.317,267.297,271.358,758.1375001370907,390
2019-12-13,271.458,275.258,270.917,275.278,735.7200000882149,390
2019-12-16,277.158,280.728,276.967,279.967,439.2749996781349,390
2019-12-17,279.758,281.667,279.008,280.508,606.3676000237465,390
2019-12-18,279.888,281.868,279.117,279.988,592.6899994462729,390
2019-12-19,279.517,280.958,278.937,280.068,590.7649990320206,390
2019-12-20,282.128,282.018,278.608,279.728,725.2174986600876,390
2019-12-23,280.628,284.218,280.627,284.058,536.5299993753433,390
2019-12-24,284.607,284.858,282.898,284.247,276.98500019311905,390
2019-12-26,284.847,289.918,284.697,289.968,628.1125009134412,390
2019-12-27,291.198,293.707,288.088,289.798,801.0525003671646,390
2019-12-30,289.388,292.598,285.218,291.708,910.0050010681152,390
2019-12-31,289.838,293.548,289.507,293.648,721.5599987506866,390
2020-01-02,296.248,300.457,295.367,300.488,608.3475004052743,390
2020-01-03,296.888,300.547,296.537,297.978,973.8949990272522,390
2020-01-06,293.778,299.928,292.797,299.808,939.3225008845329,390
2020-01-07,299.778,300.748,297.467,298.358,1003.0025010108948,390
2020-01-08,297.208,304.398,297.207,303.188,987.8550026416779,390
2020-01-09,307.118,310.317,306.168,309.628,1117.317500948906,390
2020-01-10,310.768,312.558,308.227,310.398,1078.9575010538101,390
2020-01-13,311.677,316.917,311.128,317.048,834.587500333786,390
2020-01-14,316.728,317.338,312.147,312.697,1187.7699991464615,390
2020-01-15,311.938,315.338,309.547,311.498,1029.2750000357628,390
2020-01-16,313.568,315.508,312.068,315.318,875.5675010085106,390
2020-01-17,316.547,318.687,315.107,318.698,859.7875009179115,390
2020-01-21,317.107,318.918,316.208,316.628,997.5224983096123,390
2020-01-22,318.728,319.958,317.307,317.928,1012.5099994540215,390
2020-01-23,317.828,319.488,315.628,319.438,1030.2025011777878,390
2020-01-24,320.157,323.178,317.508,318.317,1483.1199975013733,390
2020-01-27,309.747,311.717,306.242,309.187,1217.862500667572,390
2020-01-28,312.448,318.318,312.168,317.807,1169.5425013303757,390
2020-01-29,324.448,327.758,321.377,324.487,1110.2074958086014,390
2020-01-30,320.578,323.937,318.738,323.938,1185.1100022792816,390
2020-01-31,321.038,322.378,308.247,309.638,1225.6174983978271,390
2020-02-03,303.858,313.398,302.407,308.768,1381.850001692772,390
2020-02-04,315.537,319.588,313.628,318.958,951.984999537468,390
2020-02-05,323.578,324.378,318.937,321.418,1225.9850025177002,390
2020-02-06,322.868,325.138,320.308,325.178,816.3974976837635,390
2020-02-07,322.207,323.378,318.117,319.988,998.3424988090992,390
2020-02-10,314.168,321.278,313.858,321.348,535.8080665767193,390
2020-02-11,323.508,323.647,318.697,319.558,549.0632819607854,390
2020-02-12,321.648,327.138,321.637,327.188,538.61026263237,390
2020-02-13,324.288,326.198,323.377,324.998,841.8337871432304,390
2020-02-14,324.718,325.798,322.837,324.918,885.0149984657764,390
2020-02-18,315.258,319.627,314.877,319.017,1028.867500334978,390
2020-02-19,320.117,324.538,320.037,323.688,834.8749994039536,390
2020-02-20,322.597,324.467,318.248,320.418,1296.6350002288818,390
2020-02-21,318.338,320.078,310.498,313.198,977.712499320507,390
2020-02-24,297.128,304.058,291.997,298.618,1044.5424996386282,390
2020-02-25,300.807,302.368,286.148,288.687,1744.887500435114,390
2020-02-26,286.628,297.817,286.628,293.078,1701.707501977682,390
2020-02-27,281.368,285.728,273.037,274.817,1915.727498754859,390
2020-02-28,257.957,278.008,257.078,273.748,806.4850019216537,390
2020-03-02,282.228,298.728,277.738,298.758,2345.752499192953,390
2020-03-03,303.608,303.187,285.798,289.988,970.992497228086,390
2020-03-04,297.748,302.898,293.088,303.008,1973.625232040882,390
2020-03-05,295.428,299.308,291.408,293.917,1951.8424994796515,390
2020-03-06,281.888,289.867,281.258,289.467,2246.7074981331825,390
2020-03-09,263.038,277.868,263.038,267.817,1351.0275024175644,390
2020-03-10,277.048,285.358,269.328,285.358,1997.2875038385391,390
2020-03-11,277.298,280.818,272.218,276.067,2549.1074974536896,390
2020-03-12,256.808,269.857,248.198,250.008,1718.0050315260887,390
2020-03-13,265.027,277.928,252.958,278.378,2202.239995881915,390
2020-03-16,277.928,277.928,239.987,243.708,1324.169998884201,390
2020-03-17,247.298,257.458,238.397,253.168,1108.8999982178211,390
2020-03-18,239.778,249.808,237.117,249.908,855.6725002974272,390
2020-03-19,247.047,252.027,242.567,244.977,1299.447498306632,390
2020-03-20,247.138,251.738,227.997,229.748,2354.114998497069,390
2020-03-23,227.938,226.748,212.717,226.068,334.1924994196743,390
2020-03-24,236.778,246.258,234.298,246.187,2191.3549986481667,390
2020-03-25,250.718,257.818,244.338,245.498,1169.3325000852346,390
2020-03-26,246.428,257.888,246.348,258.528,1719.2999962382019,390
2020-03-27,251.898,255.828,247.028,248.168,1909.5750024318695,390
2020-03-30,250.948,254.957,249.417,254.758,1872.4199995324016,390
2020-03-31,255.607,262.328,251.938,254.288,966.3925014734268,390
2020-04-01,246.598,248.358,239.127,241.627,2168.519997447729,390
2020-04-02,239.448,244.858,236.898,244.927,2380.6475016362965,390
2020-04-03,242.637,245.467,238.957,241.577,1592.2174988756888,390
2020-04-06,251.217,262.907,249.387,262.848,1662.2874993085861,390
2020-04-07,271.457,270.018,258.967,259.787,1655.4924976229668,390
2020-04-08,262.997,266.948,261.207,265.878,1784.6900027990341,390
2020-04-09,268.498,269.818,264.658,267.988,1960.542499244213,390
2020-04-13,268.277,273.418,265.828,273.188,1699.7100021541119,390
2020-04-14,280.018,287.968,278.007,287.198,1420.5074999332428,390
2020-04-15,282.628,286.107,280.607,284.598,1546.8575026988983,390
2020-04-16,287.337,288.117,282.337,287.018,1503.6899952888489,390
2020-04-17,284.668,286.137,276.858,282.788,1420.1850029230118,390
2020-04-20,277.807,281.568,276.987,277.508,1397.377499461174,390
2020-04-21,275.99,276.698,265.427,269.118,1439.057503119111,390
2020-04-22,273.878,277.497,272.167,276.128,1428.4900014400482,390
2020-04-23,275.847,281.598,274.947,275.228,1680.4249970912933,390
2020-04-24,276.998,282.858,276.988,282.918,1600.0275003910065,390
2020-04-27,281.838,284.358,279.917,283.358,1386.1249988675117,390
2020-04-28,285.147,285.758,278.208,278.838,1766.6324996948242,390
2020-04-29,284.648,289.478,283.838,287.928,1411.5600007772446,390
2020-04-30,289.807,294.328,288.298,294.457,986.0575020983815,390
2020-05-01,286.067,298.677,285.847,289.888,1379.1325005292892,390
2020-05-04,289.038,293.618,286.288,293.578,1558.5899965763092,390
2020-05-05,294.977,300.968,294.447,298.188,1541.2324991226196,390
2020-05-06,300.288,303.118,298.837,301.038,1801.3774964809418,390
2020-05-07,303.198,304.917,301.978,303.888,1681.5375018119812,390
2020-05-08,305.588,310.218,304.277,310.138,1742.0850015878677,390
2020-05-11,308.108,316.947,307.217,315.687,1942.1899979114532,390
2020-05-12,317.717,319.568,310.868,312.378,1395.0261360406876,390
2020-05-13,312.108,315.878,303.217,308.347,2420.279919743538,390
2020-05-14,304.357,309.668,301.527,309.757,2964.5649951696396,390
2020-05-15,300.598,307.737,300.568,307.808,2735.4950078725815,390
2020-05-18,313.168,316.298,310.287,315.358,2225.4075055122375,390
2020-05-19,314.958,318.458,312.997,313.558,2200.097504258156,390
2020-05-20,316.858,319.457,316.187,319.198,2114.060001850128,390
2020-05-21,318.607,320.648,315.857,317.478,2521.364995956421,390
2020-05-22,315.947,318.818,315.348,319.168,1177.2869859933853,390
2020-05-26,323.578,323.868,316.487,317.008,1044.1592881679535,390
2020-05-27,316.398,318.288,313.087,318.367,1234.8661324977875,390
2020-05-28,316.338,323.228,315.618,318.778,1213.9874012470245,390
2020-05-29,319.238,321.038,316.478,319.338,1371.135994553566,390
2020-06-01,317.778,322.298,317.277,321.937,1552.0914410948753,390
2020-06-02,320.928,323.358,318.897,323.398,1694.8800004720688,390
2020-06-03,324.847,325.918,322.297,325.208,1522.1408251523972,390
2020-06-04,324.568,325.558,320.767,322.318,1060.0116676986217,390
2020-06-05,323.448,331.637,323.448,331.638,1837.24499720335,390
2020-06-08,330.058,333.542,327.318,333.547,1244.8899979293346,390
2020-06-09,332.008,345.458,332.008,344.337,1398.5199999213219,390
2020-06-10,348.007,354.658,346.088,353.468,1739.3524948358536,390
2020-06-11,349.257,350.867,335.558,336.388,2222.9649933874607,390
2020-06-12,344.697,347.658,334.197,339.618,1887.347499370575,390
2020-06-15,333.138,344.658,332.567,343.108,2048.765003621578,390
2020-06-16,351.168,352.947,344.678,352.208,1935.38749563694,390
2020-06-17,354.957,355.168,351.368,352.478,1678.0225012302399,390
2020-06-18,351.508,353.408,349.207,352.058,1564.6774998009205,390
2020-06-19,355.318,356.307,345.148,350.048,1776.0100009441376,390
2020-06-22,351.207,359.197,351.207,359.368,1523.7524979412556,390
2020-06-23,363.788,372.228,362.267,367.388,1541.1625003814697,390
2020-06-24,364.988,368.398,358.507,360.168,1758.727497935295,390
2020-06-25,360.738,364.838,357.567,364.988,1794.1750002503395,390
2020-06-26,364.377,364.898,353.008,354.218,1980.105001449585,390
2020-06-29,353.418,362.117,351.268,361.788,1464.6874989271164,390
2020-06-30,360.068,365.837,359.998,365.267,1450.8974990844727,390
2020-07-01,365.088,367.268,363.908,364.358,1540.282501578331,390
2020-07-02,367.867,370.388,363.768,364.858,1621.9399982690811,390
2020-07-06,369.927,375.678,369.857,374.127,1669.215337216854,390
2020-07-07,375.498,378.468,372.237,373.178,1922.892501950264,390
2020-07-08,376.678,381.298,376.408,381.428,1453.58500289917,390
2020-07-09,384.998,384.658,378.657,383.187,1566.1649966835976,390
2020-07-10,382.455,383.837,378.817,383.808,1516.83499699831,390
2020-07-13,389.118,399.697,381.027,383.087,1601.3874983787537,390
2020-07-14,378.958,388.878,375.498,388.937,1819.3224959149957,390
2020-07-15,395.928,396.898,385.947,391.248,1061.500494480133,390
2020-07-16,386.348,389.167,383.608,386.298,908.7371805310249,390
2020-07-17,388.058,388.068,383.337,385.418,1421.665738016367,390
2020-07-20,385.668,393.808,384.218,393.828,1511.2449979186058,390
2020-07-21,396.448,395.598,387.038,388.448,1571.5195136666298,390
2020-07-22,387.908,391.688,386.397,389.368,1698.1526171267033,390
2020-07-23,388.118,387.918,367.998,371.748,1200.355001270771,390
2020-07-24,362.498,371.518,357.357,370.968,2202.6474977731705,390
2020-07-27,375.457,379.458,373.907,379.438,1770.679998576641,390
2020-07-28,377.108,377.707,373.087,373.878,1413.1500003486872,390
2020-07-29,375.347,380.768,375.248,380.287,1217.6200007647276,390
2020-07-30,376.747,384.965,375.067,384.988,1439.102499499917,390
2020-07-31,411.588,425.457,403.347,425.438,2697.7249966859818,390
2020-08-03,432.698,446.268,431.517,436.028,1981.6450021266937,390
2020-08-04,436.307,443.037,433.507,438.848,1384.390001296997,390
2020-08-05,437.587,441.207,435.548,440.368,1868.4675019979477,390
2020-08-06,441.758,457.367,440.447,455.647,1363.4575031995773,390
2020-08-07,452.768,453.307,441.147,444.408,2586.722503900528,390
2020-08-10,450.068,454.627,439.997,451.178,2725.3700058460236,390
2020-08-11,447.787,449.447,436.398,437.838,2132.537500858307,390
2020-08-12,441.707,452.948,441.177,451.997,1963.777497291565,390
2020-08-13,457.727,463.918,455.697,460.558,1886.4700031280518,390
2020-08-14,458.808,459.807,452.167,459.688,1415.9299973249435,390
2020-08-17,463.998,463.497,455.847,458.758,1323.3449997901917,390
2020-08-18,457.358,463.927,456.007,462.438,1175.5850012302399,390
2020-08-19,463.767,468.307,462.417,463.318,1671.9749941825867,390
2020-08-20,462.938,473.457,462.877,473.527,1323.16000187397,390
2020-08-21,477.888,499.248,476.997,498.467,2231.7275021076202,390
2020-08-24,514.798,514.758,495.697,503.818,1435.144999742508,390
2020-08-25,498.747,500.197,492.287,499.837,1821.4550023078918,390
2020-08-26,504.887,507.808,500.337,506.208,1576.0699994564056,390
2020-08-27,508.477,509.497,495.327,500.887,2025.605000257492,390
2020-08-28,504.017,505.328,498.297,499.667,1639.9625022411346,390
2020-08-31,127.527,130.937,126.337,129.628,1255.8724972009659,390
2020-09-01,132.597,134.738,130.527,134.508,976.7955323457718,390
2020-09-02,137.548,136.018,126.988,131.687,1624.0898605585098,390
2020-09-03,126.857,128.577,120.488,121.138,2640.860589504242,390
2020-09-04,120.008,123.268,110.918,121.308,3436.7624282836914,390
2020-09-08,114.187,118.798,112.677,112.897,2978.8390781879425,390
2020-09-09,117.177,119.108,115.247,117.468,1935.185355424881,390
2020-09-10,120.248,119.627,112.487,113.768,2057.286016702652,390
2020-09-11,114.518,114.757,110.017,112.228,2245.8761718273163,390
2020-09-14,114.527,115.868,112.797,115.587,1737.594182252884,390
2020-09-15,118.198,118.238,113.598,115.668,1772.4459314346313,390
2020-09-16,115.088,115.567,112.047,112.297,1813.5534924268723,390
2020-09-17,109.497,112.068,108.737,110.508,2358.348829269409,390
2020-09-18,110.388,110.458,106.097,106.968,2244.7728593349457,390
2020-09-21,104.507,110.088,103.108,110.148,2332.0646431446075,390
2020-09-22,112.678,112.317,109.147,111.988,1894.4017674922943,390
2020-09-23,111.598,111.967,106.768,107.218,2070.582309961319,390
2020-09-24,105.117,110.147,104.987,108.248,2251.6896965503693,390
2020-09-25,108.418,112.417,107.657,112.428,1741.2728695869446,390
2020-09-28,114.857,114.977,112.777,114.987,1647.6033419370651,390
2020-09-29,114.348,115.097,113.567,114.218,1375.6465899944305,390
2020-09-30,113.637,117.208,113.637,116.148,1776.9451092481613,390
2020-10-01,117.487,117.247,115.827,116.957,1527.6617475748062,390
2020-10-02,112.797,115.327,112.217,113.248,1948.7664535045624,390
2020-10-05,113.908,116.508,113.547,116.618,971.4370507597923,390
2020-10-06,115.658,115.957,112.237,113.418,1603.2166299819946,390
2020-10-07,114.547,115.438,114.127,115.178,907.3316726088524,390
2020-10-08,116.218,116.028,114.577,114.968,873.0097699165344,390
2020-10-09,115.178,116.948,114.907,116.988,802.1169408857822,390
2020-10-12,119.997,125.138,119.258,124.578,1197.3864086866379,390
2020-10-13,124.998,124.838,119.688,121.178,2049.2167432308197,390
2020-10-14,120.947,122.947,119.607,121.308,1528.3491595983505,390
2020-10-15,118.708,121.177,118.127,120.758,1393.6323385238647,390
2020-10-16,121.248,121.417,118.808,119.108,1136.3446894288063,390
2020-10-19,119.897,120.298,115.657,116.178,1675.0319051742554,390
2020-10-20,116.188,118.957,115.627,117.758,1690.6220405101776,390
2020-10-21,116.508,118.648,116.457,116.998,1492.4035531282425,390
2020-10-22,117.308,117.918,114.588,115.847,1487.3324352502823,390
2020-10-23,116.357,116.487,114.277,115.038,1061.5159410834312,390
2020-10-26,113.998,116.418,112.877,115.178,1535.324859380722,390
2020-10-27,115.398,117.158,114.518,116.788,1118.5983462929726,390
2020-10-28,115.0,115.058,111.147,111.488,1812.5945898294449,390
2020-10-29,112.387,116.897,112.198,115.717,1546.1207959651947,390
2020-10-30,111.037,111.648,107.717,109.238,2164.9188277721405,390
2020-11-02,109.107,110.567,107.317,108.697,1346.4529772996902,390
2020-11-03,109.618,111.358,108.727,110.558,1341.353343129158,390
2020-11-04,113.958,115.488,112.358,115.108,2027.286498785019,390
2020-11-05,117.918,119.558,116.858,119.288,1434.461248576641,390
2020-11-06,118.198,119.187,116.117,118.818,1397.658653318882,390
2020-11-09,120.328,121.887,116.067,116.768,2338.4209372997284,390
2020-11-10,115.517,117.538,114.117,116.198,2299.3032982349396,390
2020-11-11,117.098,119.518,116.438,119.617,1328.8665813207626,390
2020-11-12,119.527,120.507,118.557,119.278,1585.3799986839294,390
2020-11-13,119.297,119.518,117.867,119.408,1032.0599977374077,390
2020-11-16,118.807,120.917,118.147,120.427,1176.51530534029,390
2020-11-17,119.498,120.657,118.957,119.428,951.6024980247021,390
2020-11-18,118.567,119.758,117.987,118.288,917.329695224762,390
2020-11-19,117.508,118.927,116.797,118.788,884.0582298338413,390
2020-11-20,118.638,118.737,117.287,117.438,716.6430029422045,390
2020-11-23,117.177,117.527,113.747,114.028,1126.4975625276566,390
2020-11-24,113.847,115.817,112.587,115.157,922.4770320653915,390
2020-11-25,115.467,116.708,115.167,116.088,846.2516087293625,390
2020-11-27,116.518,117.407,116.207,116.578,429.01257932186127,390
2020-11-30,116.987,120.928,116.807,119.618,1238.602111697197,390
2020-12-01,120.957,123.407,120.007,122.738,1061.3858692646027,390
2020-12-02,121.928,123.318,120.887,123.138,1011.8526102900505,390
2020-12-03,123.507,123.737,122.207,122.937,873.5380980968475,390
2020-12-04,122.597,122.648,121.517,122.288,688.8102873936296,390
2020-12-07,122.367,124.507,122.248,123.807,808.8651791810989,390
2020-12-08,124.358,124.948,123.087,124.478,718.8538611382246,390
2020-12-09,124.508,125.847,121.067,121.988,1624.4657177329063,390
2020-12-10,120.477,123.797,120.147,123.498,1197.5462709069252,390
2020-12-11,122.497,122.667,120.537,122.457,955.2090701460838,390
2020-12-14,122.497,123.137,121.707,122.028,945.6423198878765,390
2020-12-15,124.197,127.837,124.117,127.878,1063.24124994874,390
2020-12-16,127.397,128.317,126.547,127.817,893.5696191489697,390
2020-12-17,128.897,129.527,128.037,128.728,773.6165392398834,390
2020-12-18,128.938,128.718,126.117,126.888,879.6581310629845,390
2020-12-21,125.088,128.247,123.437,128.288,1285.2708700299263,390
2020-12-22,131.538,134.377,129.637,131.858,1679.7321088314056,390
2020-12-23,132.148,132.207,130.777,131.128,1015.3460859060287,390
2020-12-24,131.258,133.327,131.087,132.018,618.7543079853058,390
2020-12-28,132.018,137.287,132.018,136.808,960.2094805836678,390
2020-12-29,138.047,138.528,134.337,134.927,1369.3666771650314,390
2020-12-30,135.507,135.798,133.387,133.858,1058.5602378845215,390
2020-12-31,133.997,134.598,131.717,132.978,947.4165489673615,390
2021-01-04,132.638,133.308,126.768,129.597,1867.6761679649353,390
2021-01-05,128.817,131.667,128.427,131.078,1144.4002414941788,390
2021-01-06,127.547,130.867,126.367,126.777,1757.7292774915695,390
2021-01-07,128.417,131.468,127.857,131.108,1133.7426538467407,390
2021-01-08,132.418,132.548,130.217,132.178,1530.7189383506775,390
2021-01-11,129.028,130.077,128.487,129.088,1462.4970742464066,390
2021-01-12,128.528,129.537,126.857,129.158,1342.0178651809692,390
2021-01-13,128.758,131.408,128.497,131.078,1154.7500970959663,390
2021-01-14,130.757,130.827,128.767,129.268,1132.9168782830238,390
2021-01-15,128.698,130.047,126.987,127.328,1397.2567702531815,390
2021-01-19,127.697,128.548,126.927,127.838,1091.5040539503098,390
2021-01-20,128.647,132.427,128.527,132.237,1077.281526207924,390
2021-01-21,133.848,137.277,133.577,136.998,1121.26430362463,390
2021-01-22,136.318,139.837,135.017,139.368,1116.1977280974388,390
2021-01-25,142.958,144.917,136.517,143.058,1935.4057474136353,390
2021-01-26,143.617,144.177,141.367,143.298,1274.1834926009178,390
2021-01-27,143.407,144.097,140.397,142.618,2059.035563468933,390
2021-01-28,139.378,141.887,136.707,137.017,1918.5214340686798,390
2021-01-29,135.787,136.687,130.207,132.167,2543.6247935295105,390
2021-02-01,133.697,135.357,130.937,134.317,1624.7356498241425,390
2021-02-02,135.598,136.048,134.608,135.177,1079.2432386875153,390
2021-02-03,135.517,135.488,133.608,134.138,1214.0728798508644,390
2021-02-04,136.328,137.388,134.587,137.388,985.9735054075718,390
2021-02-05,137.307,137.277,135.857,136.818,986.1908967494965,390
2021-02-08,136.018,136.887,134.918,136.938,820.9327709078789,390
2021-02-09,136.647,137.817,135.847,136.138,690.3956003189087,390
2021-02-10,136.398,136.818,134.398,135.408,1216.582473486662,390
2021-02-11,135.888,136.317,133.767,135.258,1060.0343847125769,390
2021-02-12,134.247,135.468,133.687,135.498,762.1283360421658,390
2021-02-16,135.427,135.867,132.807,133.237,999.6962176561356,390
2021-02-17,131.128,132.077,129.467,130.938,1123.52279484272,390
2021-02-18,129.058,129.918,127.407,129.828,1081.5280811786652,390
2021-02-19,130.118,130.617,128.797,129.938,1179.7463796138763,390
2021-02-22,127.848,129.407,125.587,126.158,1230.4133159816265,390
2021-02-23,123.748,126.678,118.378,126.088,2248.5021710395813,390
2021-02-24,124.958,125.507,122.227,125.487,1543.9746117591858,390
2021-02-25,124.588,126.298,120.537,121.358,2293.3880767822266,390
2021-02-26,122.508,124.758,121.247,122.338,2414.726517677307,390
2021-03-01,123.797,127.787,122.787,127.918,1235.2014274597168,390
2021-03-02,128.297,128.157,125.007,125.287,1559.7867625951767,390
2021-03-03,124.818,125.547,121.827,122.118,1935.3592693805695,390
2021-03-04,121.698,123.257,118.617,120.308,2745.4948496818542,390
2021-03-05,120.958,121.768,117.558,121.708,2073.0528061389923,390
2021-03-08,120.918,120.588,116.197,116.578,1400.092884004116,390
2021-03-09,118.998,122.028,118.787,121.238,969.4859860986471,390
2021-03-10,121.597,121.828,119.447,119.987,1373.6481610536575,390
2021-03-11,122.287,123.017,121.267,122.038,766.2190282046795,390
2021-03-12,120.327,121.147,119.147,121.038,739.624628931284,390
2021-03-15,121.437,123.988,120.407,123.988,746.0426887571812,390
2021-03-16,125.698,127.138,124.707,125.747,954.8141116499901,390
2021-03-17,124.008,125.798,122.327,124.737,1091.922322690487,390
2021-03-18,122.807,123.118,120.317,120.728,863.5845487862825,390
2021-03-19,119.878,121.128,119.667,120.068,848.0499193221331,390
2021-03-22,120.347,123.847,120.247,123.468,697.1818986535072,390
2021-03-23,123.247,124.208,122.137,122.588,1077.3169283270836,390
2021-03-24,122.828,122.627,120.057,120.277,938.5900933146477,390
2021-03-25,119.428,121.597,118.987,120.797,1438.3135701417923,390
2021-03-26,120.228,121.177,118.917,121.448,1041.720038473606,390
2021-03-29,121.648,122.498,120.718,121.378,922.4342011511326,390
2021-03-30,120.157,120.317,118.857,119.988,618.3060415387154,390
2021-03-31,121.647,123.498,121.147,122.338,590.2587795704603,390
2021-04-01,123.608,124.108,122.487,122.987,364.4841308295727,390
2021-04-05,123.618,126.138,123.067,125.967,527.874280706048,390
2021-04-06,126.437,127.078,125.638,126.218,520.9943800270557,390
2021-04-07,125.878,127.907,125.137,127.908,516.5546109378338,390
2021-04-08,129.007,130.368,128.518,130.368,395.699509434402,390
2021-04-09,129.852,132.967,129.468,132.988,536.8362510129809,390
2021-04-12,132.268,132.608,130.627,131.387,525.2400599122047,390
2021-04-13,132.247,134.578,131.927,134.427,615.9886206239462,390
2021-04-14,134.918,134.457,131.647,132.138,854.2599799409509,390
2021-04-15,133.898,134.918,133.637,134.488,598.1100009530783,390
2021-04-16,134.277,134.527,133.277,134.127,572.8275008797646,390
2021-04-19,133.407,135.428,133.318,134.917,857.2575003504753,390
2021-04-20,134.997,135.468,131.807,133.138,946.2825013697147,390
2021-04-21,132.297,133.657,131.298,133.537,682.1550005674362,390
2021-04-22,132.896,134.106,131.406,132.017,1043.2125011086464,390
2021-04-23,132.166,135.067,132.096,134.357,483.68250131979585,390
2021-04-26,134.747,135.016,133.556,134.727,471.08263935148716,390
2021-04-27,135.006,135.147,134.107,134.527,463.83749916777015,390
2021-04-28,134.187,134.917,133.076,133.816,686.7300000786781,390
2021-04-29,136.426,136.717,132.446,133.477,1038.8675005435944,390
2021-04-30,131.756,133.537,131.056,131.517,757.800000846386,390
2021-05-03,132.007,133.996,131.806,132.586,684.1124991029501,390
2021-05-04,130.996,131.376,126.696,127.967,966.8402209877968,390
2021-05-05,129.166,130.347,127.966,128.157,726.3520802855492,390
2021-05-06,127.837,129.706,127.117,129.737,985.6025738418102,390
2021-05-07,130.826,131.207,129.456,130.297,903.0790832340717,390
2021-05-10,129.336,129.196,126.806,127.027,865.068686440587,390
2021-05-11,123.347,126.217,122.756,126.037,1496.639755308628,390
2021-05-12,123.247,124.396,122.246,122.916,1520.4801697731018,390
2021-05-13,124.517,126.087,124.256,125.117,1629.45483481884,390
2021-05-14,126.276,127.806,125.836,127.547,661.933134123683,390
2021-05-17,126.746,126.666,125.156,126.257,1104.1890664100647,390
2021-05-18,126.477,126.887,124.767,124.976,587.5200394466519,390
2021-05-19,123.066,124.836,122.846,124.777,1370.7682372927666,390
2021-05-20,125.166,127.697,125.086,127.347,659.5150799751282,390
2021-05-21,127.747,127.807,125.206,125.437,771.1281858235598,390
2021-05-24,125.986,127.906,125.896,127.157,467.94505003094673,390
2021-05-25,127.796,128.237,126.316,126.937,618.4382347241044,390
2021-05-26,126.907,127.276,126.417,126.857,384.0547902844846,390
2021-05-27,126.336,127.566,125.246,125.597,428.2802390269935,390
2021-05-28,125.497,125.686,124.536,124.747,453.7134881578386,390
2021-06-01,125.057,125.267,123.936,124.307,388.293050147593,390
2021-06-02,124.277,125.176,124.037,125.136,410.6368099451065,390
2021-06-03,124.646,124.617,123.126,123.567,610.0577508360147,390
2021-06-04,124.027,126.137,123.846,125.887,340.4637605883181,390
2021-06-07,126.157,126.276,124.826,125.987,454.38348960876465,390
2021-06-08,126.596,128.387,126.206,126.757,546.9942700043321,390
2021-06-09,127.127,127.567,126.526,127.197,380.08464865386486,390
2021-06-10,126.997,128.127,125.926,126.106,516.7236000299454,390
2021-06-11,126.476,127.417,126.096,127.347,278.28094950690866,390
2021-06-14,127.756,130.477,127.066,130.477,542.4705499187112,390
2021-06-15,129.816,130.546,129.377,129.797,466.12769808247685,390
2021-06-16,130.336,130.866,128.466,130.207,833.1322025805712,390
2021-06-17,129.786,132.496,129.636,131.967,913.2654509544373,390
2021-06-18,130.997,131.427,130.247,130.657,932.8567518889904,390
2021-06-21,130.276,132.377,129.206,132.287,643.0694000869989,390
2021-06-22,132.027,134.067,131.616,133.977,522.8787995949388,390
2021-06-23,133.756,134.266,133.216,133.727,438.95209887996316,390
2021-06-24,134.367,134.486,132.926,133.447,430.02245039492846,390
2021-06-25,133.447,133.837,132.796,133.337,344.92249983921647,390
2021-06-28,133.396,135.196,133.346,134.787,294.6273100748658,390
2021-06-29,134.797,136.476,134.347,136.386,323.82444013655186,390
2021-06-30,136.127,137.356,135.866,137.057,311.1916700974107,390
2021-07-01,136.527,137.266,135.747,137.316,330.88017044216394,390
2021-07-02,137.847,139.967,137.746,139.947,329.3415901567787,390
2021-07-06,140.046,142.996,140.017,142.076,855.7814213186502,390
2021-07-07,143.496,144.836,142.656,144.657,864.9977896809578,390
2021-07-08,141.536,143.957,140.666,143.306,1202.6334615945816,390
2021-07-09,142.697,145.616,142.646,145.067,640.843529291451,390
2021-07-12,146.137,145.876,144.006,144.596,627.0796514898539,390
2021-07-13,144.007,147.436,143.597,145.696,881.3927291184664,390
2021-07-14,148.067,149.527,147.666,149.296,1047.8720492124557,390
2021-07-15,149.227,149.977,147.086,148.487,1206.9348193407059,390
2021-07-16,148.427,149.646,145.877,146.416,1168.4465584158897,390
2021-07-19,143.656,143.887,141.666,142.487,1851.31227684021,390
2021-07-20,143.476,147.056,142.966,146.246,1080.299950003624,390
2021-07-21,145.467,146.027,144.626,145.367,643.9368379302323,390
2021-07-22,145.896,148.117,145.806,146.787,868.4370012283325,390
2021-07-23,147.466,148.677,146.916,148.597,585.0384909063578,390
2021-07-26,148.197,149.786,147.716,148.987,646.3313590250909,390
2021-07-27,149.047,148.976,145.536,146.837,1220.2588515281677,390
2021-07-28,144.797,146.706,142.527,145.137,1374.7802331447601,390
2021-07-29,144.706,146.516,144.567,145.667,585.25506015867,390
2021-07-30,144.396,146.297,144.107,145.946,712.9940898641944,390
2021-08-02,146.317,146.607,145.246,145.517,761.2873591482639,390
2021-08-03,145.747,148.006,145.176,147.387,934.7075909525156,390
2021-08-04,147.127,147.677,146.266,147.057,763.7039691358805,390
2021-08-05,146.826,147.796,146.156,147.067,552.0705398470163,390
2021-08-06,146.296,147.076,145.616,146.087,578.0292491689324,390
2021-08-09,146.137,146.567,145.507,146.167,505.8502392433584,390
2021-08-10,146.446,147.597,145.286,145.616,703.8592190146446,390
2021-08-11,146.016,146.537,145.516,145.887,664.665029630065,390
2021-08-12,145.997,149.036,145.826,148.987,495.5129888728261,390
2021-08-13,148.937,149.397,148.267,149.087,493.59512940235436,390
2021-08-16,148.456,151.117,146.456,151.117,1025.9155926257372,390
2021-08-17,150.177,151.497,149.086,150.267,1391.8899477124214,390
2021-08-18,149.786,150.527,146.136,146.417,1242.8143129944801,390
2021-08-19,145.007,147.967,144.496,146.737,1619.8635210990906,390
2021-08-20,147.427,148.436,146.766,148.247,814.6698204874992,390
2021-08-23,148.196,150.136,147.877,149.677,504.5972002185881,390
2021-08-24,149.456,150.716,149.127,149.647,515.2714594751596,390
2021-08-25,149.766,150.207,147.797,148.387,547.7014997191727,390
2021-08-26,148.326,148.986,147.506,147.577,790.5948600769043,390
2021-08-27,147.427,148.707,146.826,148.657,598.6986003182828,390
2021-08-30,148.967,153.476,148.596,153.187,669.5669008493423,390
2021-08-31,152.657,152.747,151.277,151.897,738.052840590477,390
2021-09-01,152.737,154.936,152.317,152.537,655.7479807063937,390
2021-09-02,153.827,154.577,152.386,153.696,862.4700811207294,390
2021-09-03,153.596,154.456,153.086,154.386,634.9742992315441,390
2021-09-07,154.966,157.237,154.386,156.727,833.9120291471481,390
2021-09-08,156.976,156.837,153.977,155.107,1051.7468916773796,390
2021-09-09,155.466,156.007,153.946,154.136,863.3390813171864,390
2021-09-10,154.997,155.386,148.697,149.047,1307.5699656009674,390
2021-09-13,150.557,151.267,148.746,149.607,1295.3308386206627,390
2021-09-14,150.346,150.906,146.907,148.277,1191.0143789052963,390
2021-09-15,148.456,149.366,146.356,149.116,1049.8215385079384,390
2021-09-16,148.436,148.897,147.216,148.847,796.6704008132219,390
2021-09-17,148.707,148.217,145.756,146.177,1042.1473915576935,390
2021-09-20,143.777,144.706,141.266,143.107,1628.7664622068405,390
2021-09-21,143.906,144.507,142.776,143.677,1496.2757178544998,390
2021-09-22,144.377,146.396,143.696,145.946,1291.250448256731,390
2021-09-23,146.586,147.026,145.626,146.917,797.4951978623867,390
2021-09-24,145.647,147.406,145.556,147.026,712.5665483176708,390
2021-09-27,145.376,145.736,143.806,145.397,885.3265064954758,390
2021-09-28,143.156,144.697,141.686,142.066,1692.3119674921036,390
2021-09-29,142.447,144.386,142.016,142.867,1357.4326879866421,390
2021-09-30,143.596,144.297,141.286,141.806,1599.8703472614288,390
2021-10-01,141.786,142.837,139.107,142.807,1422.903143465519,390
2021-10-04,141.776,141.966,138.266,139.207,1090.7949712276459,390
2021-10-05,139.476,142.187,139.347,141.117,547.5200003385544,390
2021-10-06,139.446,142.066,138.366,142.137,825.1099989414215,390
2021-10-07,143.006,144.196,142.727,143.287,400.6099991425872,390
2021-10-08,144.027,143.926,142.536,142.967,529.0600000172853,390
2021-10-11,142.256,144.787,141.796,142.897,487.60999888181686,390
2021-10-12,143.206,142.957,141.036,141.837,604.3100000619888,390
2021-10-13,141.097,140.947,139.196,140.947,567.1399992108345,390
2021-10-14,142.006,143.866,141.497,143.757,318.8599998950958,390
2021-10-15,143.897,144.857,143.516,144.877,319.21000035852194,390
2021-10-18,143.377,146.747,143.156,146.727,392.0799995213747,390
2021-10-19,146.896,149.087,146.546,148.777,376.65999891236424,390
2021-10-20,148.696,149.726,148.096,149.337,397.0099992454052,390
2021-10-21,148.787,149.597,147.866,149.627,385.649999499321,390
2021-10-22,149.637,150.126,148.616,148.797,507.8974985778332,390
2021-10-25,148.516,149.296,147.616,148.637,394.91999815404415,390
2021-10-26,149.187,150.716,149.006,149.397,570.8999995142221,390
2021-10-27,149.287,149.707,148.477,148.977,515.4099984318018,390
2021-10-28,149.797,153.107,149.686,152.587,431.56999868154526,390
2021-10-29,147.057,149.846,146.406,149.917,530.4099994301796,390
2021-11-01,148.847,149.457,147.797,148.977,461.49000077694654,390
2021-11-02,148.646,151.496,148.616,150.017,452.22999945282936,390
2021-11-03,150.296,151.957,149.836,151.597,453.15999814122915,390
2021-11-04,151.546,152.386,150.627,150.996,474.8900004029274,390
2021-11-05,151.587,151.916,150.046,151.267,484.5199990570545,390
2021-11-08,151.317,151.336,150.156,150.467,378.60000041872263,390
2021-11-09,150.096,151.327,150.056,150.987,606.2541012167931,390
2021-11-10,150.027,149.566,147.846,148.066,611.1999997720122,390
2021-11-11,148.937,148.666,147.676,147.897,318.58999951183796,390
2021-11-12,148.406,150.337,147.466,150.027,354.52999909594655,390
2021-11-15,150.257,151.837,149.426,149.987,423.9399986565113,390
2021-11-16,149.796,151.467,149.326,150.977,341.3501002714038,390
2021-11-17,150.927,154.976,150.927,153.516,459.50749926269054,390
2021-11-18,153.587,158.656,153.046,157.856,712.8100007176399,390
2021-11-19,157.446,161.007,156.516,160.687,590.720000565052,390
2021-11-22,161.636,165.666,161.016,161.227,786.870000243187,390
2021-11-23,160.986,161.536,159.056,161.587,1004.4900015592575,390
2021-11-24,160.746,162.086,159.607,161.957,724.1399990618229,390
2021-11-26,159.496,160.346,156.356,157.427,641.7000004053116,390
2021-11-29,159.296,161.136,158.796,160.487,524.5749996751547,390
2021-11-30,159.927,165.356,159.866,165.507,889.912501513958,390
2021-12-01,167.397,170.237,164.497,165.077,884.3100004196167,390
2021-12-02,158.707,164.126,157.777,163.857,951.8350168466568,390
2021-12-03,163.987,164.677,159.716,162.147,1042.1775010824203,390
2021-12-06,164.226,167.796,164.226,165.237,831.4349985122681,390
2021-12-07,169.006,171.567,168.316,171.216,529.6499998122454,390
2021-12-08,171.926,175.686,170.696,175.267,623.1899999380112,390
2021-12-09,174.826,176.587,173.926,174.717,666.2775012254715,390
2021-12-10,175.137,179.466,174.687,179.607,652.8199990093708,390
2021-12-13,181.087,181.826,175.517,175.896,783.807500898838,390
2021-12-14,175.316,177.557,172.197,174.477,775.7025007605553,390
2021-12-15,175.077,179.246,172.297,179.477,829.8524990677834,390
2021-12-16,179.146,180.776,170.746,172.487,936.8475011587143,390
2021-12-17,169.807,173.417,169.676,171.487,962.9199994802475,390
2021-12-20,168.276,170.517,167.446,169.977,891.3325017690659,390
2021-12-21,171.516,173.007,169.106,173.187,681.9900010824203,390
2021-12-22,172.926,175.676,172.136,175.806,580.9125006198883,390
2021-12-23,175.746,176.777,175.266,176.337,388.9949996173382,390
2021-12-27,177.066,180.316,177.047,180.387,366.39000017941,390
2021-12-28,180.097,181.216,178.517,179.436,597.2699998915195,390
2021-12-29,179.377,180.457,178.126,179.496,452.7525000870228,390
2021-12-30,179.467,180.546,178.056,178.446,358.9799999296665,390
2022-01-03,177.826,182.847,177.696,181.977,621.0075003504753,390
2022-01-04,182.586,182.797,179.117,179.947,739.2525012493134,390
2022-01-05,179.597,179.676,174.696,175.147,896.3349994719028,390
2022-01-06,172.477,175.186,171.626,172.226,997.3575013875961,390
2022-01-07,172.756,174.047,171.017,172.347,821.2575001120567,390
2022-01-10,168.976,172.327,168.156,172.487,924.7199991941452,390
2022-01-11,172.306,175.166,170.807,175.117,815.5725003480911,390
2022-01-12,175.907,177.066,174.816,175.567,799.3200016617775,390
2022-01-13,175.787,176.346,171.786,172.307,851.4450002908707,390
2022-01-14,171.247,173.756,171.076,173.166,912.7520990371704,390
2022-01-18,171.237,172.336,169.396,170.027,833.2399989366531,390
2022-01-19,169.907,170.967,165.977,166.197,892.9274990558624,390
2022-01-20,166.846,169.606,164.176,164.777,801.4049993157387,390
2022-01-21,164.286,166.306,162.246,163.167,1211.401201248169,390
2022-01-24,159.987,161.787,154.696,161.986,1880.4600012302399,390
2022-01-25,158.797,162.667,157.016,159.806,1945.7999997138977,390
2022-01-26,163.497,164.147,157.806,159.826,1618.4760010242462,390
2022-01-27,162.376,163.786,158.267,159.497,1933.7639973163605,390
2022-01-28,165.557,170.186,162.817,170.187,1247.1600009202957,390
2022-01-31,170.146,174.757,169.516,174.827,1434.67009973526,390
2022-02-01,173.997,174.697,172.297,174.707,1470.023999452591,390
2022-02-02,174.686,175.786,173.316,175.747,1469.6520017385483,390
2022-02-03,174.217,176.056,172.667,173.257,1502.6760017871857,390
2022-02-04,171.536,173.936,170.676,172.767,1579.906212568283,390
2022-02-07,172.786,173.917,170.897,171.697,1387.0920004844666,390
2022-02-08,171.586,175.266,171.416,175.046,1340.531801879406,390
2022-02-09,175.946,176.397,174.887,176.216,966.2160022854805,390
2022-02-10,173.997,175.386,171.557,172.366,1622.4119991064072,390
2022-02-11,172.237,172.747,168.027,168.796,1750.3559988737106,390
2022-02-14,167.206,169.547,166.546,168.927,1634.6400010585785,390
2022-02-15,170.947,172.797,170.226,172.907,1014.1320028305054,390
2022-02-16,171.766,173.307,170.046,172.657,1121.4359999001026,390
2022-02-17,170.947,171.766,168.457,168.916,1013.9880005121231,390
2022-02-18,169.817,170.167,166.186,167.206,1466.2440016269684,390
2022-02-22,164.926,166.616,162.137,164.387,1682.622150182724,390
2022-02-23,165.497,165.916,159.747,160.397,1610.5061502456665,390
2022-02-24,152.567,162.646,151.997,162.807,2023.7880001068115,390
2022-02-25,163.726,164.976,160.856,164.896,1498.4519975185394,390
2022-02-28,162.996,165.296,162.426,165.306,1672.2959988117218,390
2022-03-01,164.647,166.517,161.976,163.596,1745.8680033683777,390
2022-03-02,164.316,167.267,162.936,166.757,1351.5599992275238,390
2022-03-03,168.296,168.636,165.546,166.287,1426.9199998378754,390
2022-03-04,164.446,165.427,162.096,162.627,1455.5160025060177,390
2022-03-07,163.336,164.857,159.026,159.536,1658.759996175766,390
2022-03-08,158.787,162.807,155.796,157.796,2040.123304605484,390
2022-03-09,161.346,163.357,159.397,162.977,1367.5199983119965,390
2022-03-10,160.046,159.916,155.986,158.576,1343.5697504281998,390
2022-03-11,158.857,158.977,154.476,154.767,1279.4999990463257,390
2022-03-14,151.406,154.067,150.106,150.667,1438.5066027641296,390
2022-03-15,150.896,155.416,150.376,155.167,1267.5479990243912,390
2022-03-16,157.006,159.567,154.457,159.947,1546.0919997692108,390
2022-03-17,158.496,160.507,157.626,160.597,1189.9439997673035,390
2022-03-18,160.367,164.437,159.737,164.007,1055.2559989094734,390
2022-03-21,163.436,166.316,163.006,165.387,1375.4880002737045,390
2022-03-22,165.446,169.377,164.876,168.987,966.0600016117096,390
2022-03-23,167.906,172.507,167.636,170.307,1181.1600031852722,390
2022-03-24,171.176,173.977,170.206,174.127,1044.996000289917,390
2022-03-25,173.806,175.197,172.746,174.786,1180.3560014367104,390
2022-03-28,172.076,175.607,171.986,175.707,1062.5279993414879,390
2022-03-29,176.646,178.966,176.326,178.986,1124.0400004945695,390
2022-03-30,178.536,179.557,176.687,177.646,1160.1000006198883,390
2022-03-31,177.807,177.737,174.566,175.326,1093.7040003538132,390
2022-04-01,174.037,174.767,171.947,174.467,1133.556000828743,390
2022-04-04,174.556,178.396,174.426,178.477,868.3679993152618,390
2022-04-05,177.466,178.217,174.416,175.127,1159.559998035431,390
2022-04-06,172.097,173.497,170.116,172.007,1482.4919966459274,390
2022-04-07,171.127,173.266,169.846,172.117,1437.8640005588531,390
2022-04-08,171.776,171.747,169.216,170.116,1269.3120008707047,390
2022-04-11,168.696,168.557,165.496,165.817,1178.423996925354,390
2022-04-12,168.007,169.757,166.627,167.867,1454.8799977302551,390
2022-04-13,167.367,170.967,166.747,170.507,1136.220002770424,390
2022-04-14,170.616,171.046,165.046,165.077,1085.1960003972054,390
2022-04-18,163.846,166.406,163.566,165.027,1253.2200031280518,390
2022-04-19,165.017,167.767,163.897,167.616,1055.8080013394356,390
2022-04-20,168.366,168.726,166.096,167.356,1314.3479996919632,390
2022-04-21,168.867,171.507,165.896,166.787,1552.0319983959198,390
2022-04-22,166.426,167.817,161.466,161.807,1455.0720015764236,390
2022-04-25,161.097,163.067,158.456,163.156,1862.4360010623932,390
2022-04-26,162.186,161.826,156.776,157.157,1616.4119991064072,390
2022-04-27,155.857,159.767,155.376,156.907,1980.227999150753,390
2022-04-28,159.156,164.457,158.916,163.707,1625.468603014946,390
2022-04-29,161.826,165.956,157.276,157.587,1682.0759969949722,390
2022-05-02,156.707,158.077,153.246,158.217,2106.3960008621216,390
2022-05-03,158.016,160.477,156.307,159.607,1298.7720007896423,390
2022-05-04,159.677,166.416,159.247,166.227,1767.2879985570908,390
2022-05-05,163.767,163.836,154.946,156.957,2118.0360028743744,390
2022-05-06,155.906,159.336,154.166,157.477,2197.4039969444275,390
2022-05-09,154.717,155.636,151.496,152.137,1957.0199975967407,390
2022-05-10,155.576,156.677,152.926,154.797,2210.8800053596497,390
2022-05-11,153.426,155.147,145.797,146.576,2122.295999288559,390
2022-05-12,142.676,146.127,138.787,142.787,2248.475999355316,390
2022-05-13,144.637,148.016,143.097,147.137,1548.2519981861115,390
2022-05-16,145.507,147.357,144.167,145.567,1766.8440008163452,390
2022-05-17,148.707,149.747,146.666,149.297,1463.6279982328415,390
2022-05-18,146.836,147.147,139.936,140.887,1418.0160008072853,390
2022-05-19,139.806,141.636,136.596,137.527,1953.3088047504425,390
2022-05-20,139.036,140.227,132.607,137.867,1812.1319997310638,390
2022-05-23,137.726,143.127,137.726,143.237,1640.8439990282059,390
2022-05-24,140.707,141.817,137.326,140.236,1731.755999326706,390
2022-05-25,138.416,141.726,138.326,140.447,1592.1239985227585,390
2022-05-26,137.316,144.236,137.126,144.037,1170.1560009717941,390
2022-05-27,145.357,149.466,145.246,149.466,983.4119973182678,390
2022-05-31,148.966,150.527,146.826,149.057,1531.5240004062653,390
2022-06-01,149.837,151.657,147.666,148.846,1665.35999917984,390
2022-06-02,147.806,151.196,146.846,151.247,1426.2720012664795,390
2022-06-03,146.727,147.687,144.456,145.466,1483.5000015497208,390
2022-06-06,146.907,148.517,144.886,146.446,1498.7399990558624,390
2022-06-07,144.186,148.926,144.087,148.757,1210.3080022335052,390
2022-06-08,148.506,149.727,147.446,148.007,1311.0359987020493,390
2022-06-09,146.947,147.827,142.506,142.767,1273.4279987812042,390
2022-06-10,140.227,140.587,137.046,137.336,1253.6040021181107,390
2022-06-13,132.866,134.987,131.436,132.047,1546.2720013856888,390
2022-06-14,132.907,133.827,131.486,132.767,1652.2058024406433,390
2022-06-15,134.066,137.127,132.156,135.496,1664.2799978256226,390
2022-06-16,132.076,132.136,129.066,130.096,1504.8927011489868,390
2022-06-17,130.067,133.006,129.806,131.566,1320.4079988002777,390
2022-06-21,133.377,136.997,133.306,135.876,986.9640013575554,390
2022-06-22,134.707,137.666,133.896,135.627,1208.0760025978088,390
2022-06-23,136.766,138.566,135.616,138.487,1344.2159966230392,390
2022-06-24,139.857,141.757,139.757,141.846,834.9239998459816,390
2022-06-27,142.676,143.336,140.956,141.707,1063.2330012321472,390
2022-06-28,142.126,143.356,137.316,137.586,1272.1799998283386,390
2022-06-29,137.456,140.566,136.656,139.347,1369.5960001945496,390
2022-06-30,136.996,138.166,133.766,136.986,1318.812003493309,390
2022-07-01,136.037,138.867,135.657,138.867,1358.2022003531456,390
2022-07-05,137.557,141.517,136.916,141.587,1411.4400007724762,390
2022-07-06,141.306,144.017,141.066,142.936,1443.2041863799095,390
2022-07-07,143.267,146.527,143.267,146.497,802.4039984643459,390
2022-07-08,145.097,147.526,144.986,147.017,1124.7480010390282,390
2022-07-11,145.596,146.547,143.776,144.857,1061.207998752594,390
2022-07-12,145.836,148.306,145.046,145.996,1202.387997686863,390
2022-07-13,142.797,146.387,142.096,145.657,1403.8200013637543,390
2022-07-14,144.076,148.896,143.227,148.497,1301.1719998121262,390
2022-07-15,149.657,150.736,148.187,150.167,966.8999500870705,390
2022-07-18,150.696,151.536,146.726,147.117,1181.2919999361038,390
2022-07-19,147.916,151.187,146.906,151.057,931.6319980025291,390
2022-07-20,151.006,153.647,150.346,153.106,1269.1679990291595,390
2022-07-21,154.476,155.546,151.926,155.337,1262.676001548767,390
2022-07-22,155.396,156.116,153.396,154.117,1283.1360002756119,390
2022-07-25,153.997,154.846,152.276,152.996,1213.775998711586,390
2022-07-26,152.217,152.766,150.787,151.707,1040.5679991841316,390
2022-07-27,152.537,157.266,152.156,156.767,1072.5907981097698,390
2022-07-28,156.907,157.627,154.406,157.407,1110.8040009438992,390
2022-07-29,161.237,163.516,159.477,162.627,1054.0679996013641,390
2022-08-01,161.007,163.486,160.876,161.617,1209.5520014762878,390
2022-08-02,160.097,162.366,159.617,160.146,1320.6186991930008,390
2022-08-03,160.886,166.546,160.816,166.137,1078.0800006389618,390
2022-08-04,165.997,167.067,164.417,165.807,1127.4359993338585,390
2022-08-05,163.026,165.746,162.966,165.397,1141.8359991312027,390
2022-08-08,166.297,167.746,164.186,164.966,1213.991998910904,390
2022-08-09,163.797,165.776,163.746,164.957,1171.380000948906,390
2022-08-10,167.397,169.247,166.896,169.207,955.7192496359348,390
2022-08-11,169.946,170.966,168.196,168.536,1147.7639999389648,390
2022-08-12,169.647,172.017,169.397,172.086,844.7279993146658,390
2022-08-15,171.497,173.376,171.336,173.136,687.0719999670982,390
2022-08-16,172.687,173.666,171.656,173.097,968.1560003757477,390
2022-08-17,172.767,176.096,172.567,174.637,1143.3376002907753,390
2022-08-18,173.687,174.877,173.116,174.157,932.6759999394417,390
2022-08-19,173.037,173.547,171.306,171.727,851.664001762867,390
2022-08-22,169.427,169.676,167.126,167.647,817.756450355053,390
2022-08-23,167.077,168.616,166.637,167.207,1100.2919974327087,390
2022-08-24,167.206,168.067,166.236,167.557,858.4320002198219,390
2022-08-25,168.657,170.106,168.336,170.117,867.3599992394447,390
2022-08-26,170.457,170.687,163.556,163.876,1237.331997513771,390
2022-08-29,160.997,162.796,159.826,161.497,1231.7040002346039,390
2022-08-30,162.096,162.426,157.716,159.167,1390.4519988298416,390
2022-08-31,160.246,160.396,157.116,157.567,1342.332002878189,390
2022-09-01,156.617,158.057,154.666,158.356,1408.7880016565323,390
2022-09-02,159.736,160.336,154.956,155.546,1497.2400012016296,390
2022-09-06,156.376,156.947,153.696,154.576,1562.0399978160858,390
2022-09-07,154.787,156.607,153.596,155.987,1290.4319994449615,390
2022-09-08,154.437,156.247,152.666,154.437,1481.3880006074905,390
2022-09-09,155.377,157.746,154.746,157.517,1012.5839996337891,390
2022-09-12,159.587,164.216,159.356,163.437,1138.5959986448288,390
2022-09-13,159.976,160.476,153.376,154.017,1307.6280009746552,390
2022-09-14,154.806,157.046,153.606,155.567,1424.6880005598068,390
2022-09-15,154.636,155.196,151.376,152.567,1373.6400032043457,390
2022-09-16,151.187,151.107,148.357,150.897,1472.2799971103668,390
2022-09-19,149.217,154.516,149.056,154.547,1270.0319977998734,390
2022-09-20,153.287,157.987,153.086,156.987,1347.023996591568,390
2022-09-21,157.126,158.387,153.586,154.057,1595.2679986953735,390
2022-09-22,152.297,154.236,150.897,153.167,1618.871998310089,390
2022-09-23,151.186,151.367,148.556,150.637,1528.0080018043518,390
2022-09-26,149.427,153.677,149.427,150.897,1696.8839976787567,390
2022-09-27,152.686,154.626,149.936,151.917,1687.14000415802,390
2022-09-28,147.537,150.607,144.826,150.097,1455.3480018377304,390
2022-09-29,145.896,146.456,140.666,142.566,1279.269001364708,390
2022-09-30,141.127,142.997,137.997,138.367,1586.1149994134903,390
2022-10-03,138.187,143.037,137.667,142.547,1226.6999990344048,390
2022-10-04,145.007,146.157,144.246,146.156,1304.5680000782013,390
2022-10-05,144.016,147.246,143.007,146.297,1454.0400022268295,390
2022-10-06,145.796,147.387,145.216,145.467,1518.2759985923767,390
2022-10-07,142.486,142.857,139.436,140.236,1265.0399968624115,390
2022-10-10,140.357,141.767,138.566,140.596,1471.7880041599274,390
2022-10-11,139.777,141.277,138.206,139.017,1583.2919969558716,390
2022-10-12,138.997,140.086,138.146,138.537,1542.8039982318878,390
2022-10-13,134.806,143.476,134.357,143.247,1823.7239997386932,390
2022-10-14,144.247,144.147,138.177,138.527,1613.903998374939,390
2022-10-17,141.007,142.807,140.256,142.427,1227.432001709938,390
2022-10-18,145.246,146.507,140.606,143.877,1603.9800007343292,390
2022-10-19,141.447,144.926,141.447,143.947,1464.6840019226074,390
2022-10-20,142.886,145.807,142.636,143.487,1407.6000006198883,390
2022-10-21,142.897,147.816,142.636,147.487,1576.823999106884,390
2022-10-24,147.107,150.207,145.987,149.557,1409.8799967765808,390
2022-10-25,149.967,152.396,149.357,152.457,1124.9879986047745,390
2022-10-26,150.917,151.937,148.036,149.387,1344.6119993925095,390
2022-10-27,148.006,148.966,144.116,144.977,1387.847999572754,390
2022-10-28,148.126,157.437,147.846,155.806,1277.6759989857674,390
2022-10-31,153.127,154.226,151.927,153.407,1412.687999010086,390
2022-11-01,155.176,155.017,149.116,150.817,1391.7480018138885,390
2022-11-02,148.837,151.857,144.986,145.527,1550.9399982094765,390
2022-11-03,142.027,142.776,138.766,139.137,1369.8599998950958,390
2022-11-04,142.076,141.736,134.376,138.477,1644.3719999790192,390
2022-11-07,137.107,139.077,135.666,139.037,1125.8400000333786,390
2022-11-08,140.327,141.366,137.476,139.517,1065.6000001430511,390
2022-11-09,138.417,138.276,134.576,135.037,1140.66000020504,390
2022-11-10,141.276,146.676,140.367,146.807,1191.3479991555214,390
2022-11-11,145.806,149.987,144.366,149.696,1171.9320001602173,390
2022-11-14,149.006,150.177,147.416,148.346,1152.5760021209717,390
2022-11-15,152.157,153.476,148.546,150.057,1526.2559959888458,390
2022-11-16,148.897,149.696,147.277,148.997,1022.6160008907318,390
2022-11-17,146.396,151.447,146.196,150.826,1101.7919974327087,390
2022-11-18,152.317,152.027,149.936,151.327,1118.004000902176,390
2022-11-21,150.167,149.847,147.696,148.157,959.8919991254807,390
2022-11-22,148.106,150.287,146.916,150.336,807.7200002968311,390
2022-11-23,149.456,151.716,149.326,151.037,933.4200002253056,390
2022-11-25,148.326,148.826,147.106,148.046,375.2520000040531,390
2022-11-28,144.996,146.497,143.377,144.447,817.9319995045662,390
2022-11-29,144.277,144.457,140.346,141.267,965.6040006875992,390
2022-11-30,141.247,147.896,140.526,147.906,1090.7999995946884,390
2022-12-01,148.277,149.067,146.606,148.577,1089.3719987273216,390
2022-12-02,145.847,147.947,145.637,147.917,1012.739999294281,390
2022-12-05,147.636,150.787,145.766,146.767,945.576000213623,390
2022-12-06,146.927,146.886,141.916,142.987,1122.3000005483627,390
2022-12-07,142.096,143.207,139.996,141.097,1227.3960007429123,390
2022-12-08,142.246,143.326,141.086,142.727,998.2199991941452,390
2022-12-09,142.336,145.516,140.876,142.187,855.5760009884834,390
2022-12-12,142.776,144.466,141.056,144.477,817.5119995474815,390
2022-12-13,149.637,149.707,144.227,145.547,1462.3320010900497,390
2022-12-14,145.347,146.597,141.166,143.516,1293.887999534607,390
2022-12-15,141.186,141.436,136.016,136.637,1167.8639995455742,390
2022-12-16,136.627,137.557,133.717,134.677,1084.4519976377487,390
2022-12-19,134.997,134.596,131.316,132.527,1102.379998743534,390
2022-12-20,131.386,133.226,129.906,132.367,1253.604002714157,390
2022-12-21,132.926,136.777,132.706,135.526,1023.0000013113022,390
2022-12-22,134.377,134.396,130.296,132.337,1275.7800003290176,390
2022-12-23,130.996,132.377,129.626,131.817,1326.732000052929,390
2022-12-27,131.146,130.846,128.716,130.076,1018.0440036058426,390
2022-12-28,129.777,130.816,125.857,126.186,1130.4600012898445,390
2022-12-29,127.966,130.366,127.787,129.697,832.0626015178859,390
2022-12-30,128.227,129.847,127.426,129.847,977.7359990477562,390
2023-01-03,130.247,130.727,124.166,125.236,1129.2480023503304,390
2023-01-04,126.826,128.626,125.066,126.467,1237.1279990077019,390
2023-01-05,127.096,127.547,124.747,125.146,1137.984000146389,390
2023-01-06,126.207,130.246,124.876,129.567,1082.4239997267723,390
2023-01-09,130.526,133.286,129.877,130.177,1064.9759994149208,390
2023-01-10,130.247,131.167,128.106,130.726,1262.1599999666214,390
2023-01-11,131.367,133.407,130.456,133.436,911.7720011472702,390
2023-01-12,133.997,134.196,131.446,133.537,1194.6287975907326,390
2023-01-13,132.026,134.866,131.626,134.727,1031.568000614643,390
2023-01-17,134.747,137.216,134.106,135.987,1054.6199976205826,390
2023-01-18,136.806,138.476,135.006,135.206,1197.9360069036484,390
2023-01-19,134.026,136.147,133.666,135.366,1249.067997932434,390
2023-01-20,135.166,137.867,134.216,137.837,881.5559995174408,390
2023-01-23,138.067,143.117,137.876,141.177,976.7880013585091,390
2023-01-24,140.217,143.107,140.217,142.697,1071.1080040335655,390
2023-01-25,140.837,142.416,138.806,141.846,1222.043998003006,390
2023-01-26,143.057,144.217,141.896,144.027,1281.168002963066,390
2023-01-27,143.126,147.217,143.006,145.957,1104.1919983625412,390
2023-01-30,144.746,145.326,142.846,143.026,1123.6919991374016,390
2023-01-31,142.646,144.226,142.276,144.316,1012.4999989271164,390
2023-02-01,143.946,146.507,141.326,145.437,1381.9679995775223,390
2023-02-02,148.667,151.077,148.136,150.736,1211.0160012841225,390
2023-02-03,147.936,157.296,147.696,154.727,1594.5119992494583,390
2023-02-06,152.496,153.087,150.766,151.807,1285.4593522548676,390
2023-02-07,150.657,155.187,150.626,154.917,1650.3000000715256,390
2023-02-08,153.797,154.417,151.156,152.087,1400.9982023239136,390
2023-02-09,153.706,154.147,150.407,150.957,1468.2599984407425,390
2023-02-10,149.437,151.216,149.166,151.127,1383.6889523267746,390
2023-02-13,150.946,154.226,150.696,153.817,944.3999979496002,390
2023-02-14,152.077,153.637,150.856,153.297,1614.364051938057,390
2023-02-15,153.106,155.427,152.866,155.347,1072.187998175621,390
2023-02-16,153.366,156.286,153.326,153.806,1231.9320005178452,390
2023-02-17,152.306,152.937,150.846,152.497,1204.3919978141785,390
2023-02-21,150.127,151.157,148.396,148.537,1002.3360012769699,390
2023-02-22,148.796,149.866,147.146,148.907,1290.1920028328896,390
2023-02-23,150.007,150.036,147.217,149.547,1236.6273999214172,390
2023-02-24,147.156,147.036,145.716,146.777,1187.868000984192,390
2023-02-27,147.497,149.107,147.446,147.906,984.1079992651939,390
2023-02-28,146.996,148.977,146.796,147.887,990.1320008039474,390
2023-03-01,146.607,147.146,144.996,145.356,1120.8840007781982,390
2023-03-02,144.126,146.656,143.896,145.946,1035.635999649763,390
2023-03-03,148.066,151.056,147.316,151.077,825.0599990785122,390
2023-03-06,153.757,156.236,153.446,153.887,891.9000020176172,390
2023-03-07,153.566,153.996,151.126,151.637,1320.2399983406067,390
2023-03-08,152.757,153.446,151.816,152.897,1145.7975229024887,390
2023-03-09,153.457,154.497,150.216,150.767,1277.6040015220642,390
2023-03-10,150.197,150.897,147.596,148.607,1735.5438007116318,390
2023-03-13,147.776,153.067,147.776,150.586,1925.7839976549149,390
2023-03-14,151.127,153.357,150.097,152.797,1517.6221982240677,390
2023-03-15,150.937,153.187,149.906,152.746,1779.4701212644577,390
2023-03-16,152.137,156.287,151.616,155.897,1430.7600002288818,390
2023-03-17,155.916,156.656,154.276,155.097,1175.4214239120483,390
2023-03-20,155.017,157.766,154.147,157.496,968.6973663568497,390
2023-03-21,157.307,159.296,156.536,159.247,719.0681791007519,390
2023-03-22,159.286,161.997,157.796,158.497,983.5709995627403,390
2023-03-23,158.757,161.437,157.666,159.127,1545.3000010252,390
2023-03-24,158.867,160.237,157.836,160.307,1513.6799993515015,390
2023-03-27,159.837,160.716,157.866,158.227,1030.0799990296364,390
2023-03-28,157.967,157.927,155.966,157.687,902.3640005588531,390
2023-03-29,159.297,160.967,159.297,160.777,730.4954001605511,390
2023-03-30,161.497,162.396,161.257,162.367,563.0818907618523,390
2023-03-31,162.217,164.936,162.096,164.937,492.24599954485893,390
2023-04-03,164.266,166.237,164.197,166.247,668.2049996554852,390
2023-04-04,166.486,166.777,165.097,165.646,885.2160012125969,390
2023-04-05,164.696,164.946,161.796,163.937,907.6439996361732,390
2023-04-06,162.396,164.896,162.016,164.616,712.140001386404,390
2023-04-10,161.377,162.006,160.067,162.016,818.3279995918274,390
2023-04-11,162.316,162.026,160.506,160.816,584.4839987456799,390
2023-04-12,161.116,161.956,159.776,160.096,1118.9640010595322,390
2023-04-13,161.527,165.717,161.416,165.647,636.9960000962019,390
2023-04-14,164.497,166.217,163.827,165.237,1082.976002216339,390
2023-04-17,165.037,165.336,164.056,165.247,871.9680007696152,390
2023-04-18,165.976,167.347,165.636,166.657,900.0360029935837,390
2023-04-19,165.827,168.116,165.527,167.607,780.9000001251698,390
2023-04-20,165.947,167.836,165.556,166.637,854.1000016927719,390
2023-04-21,164.977,166.317,164.487,165.046,847.8959984779358,390
2023-04-24,164.936,165.557,163.887,165.346,660.2759991586208,390
2023-04-25,165.157,166.246,163.726,163.876,909.960000038147,390
2023-04-26,163.016,165.266,162.786,163.947,969.3240004181862,390
2023-04-27,165.086,168.477,165.086,168.436,662.2319990098476,390
2023-04-28,168.436,169.826,167.867,169.697,955.8840010762215,390
2023-05-01,169.257,170.427,168.636,169.887,807.5279999673367,390
2023-05-02,170.076,170.316,167.526,168.717,1028.9760006666183,390
2023-05-03,169.446,170.896,167.146,167.527,1195.3320000171661,390
2023-05-04,164.767,166.986,164.296,165.767,1143.587999343872,390
2023-05-05,170.796,174.266,170.716,173.587,770.7359992861748,390
2023-05-08,172.377,173.797,172.096,173.507,700.3919985592365,390
2023-05-09,173.086,173.436,171.627,171.897,615.156000494957,390
2023-05-10,173.006,173.837,171.896,173.557,1063.7640018463135,390
2023-05-11,173.777,174.497,172.166,173.827,914.5530008077621,390
2023-05-12,173.616,174.026,170.996,172.537,757.007999420166,390
2023-05-15,173.056,173.037,171.457,172.127,695.6639984473586,390
2023-05-16,171.936,172.956,171.786,172.147,804.8399990722537,390
2023-05-17,171.717,172.857,170.406,172.707,805.4520009160042,390
2023-05-18,172.986,175.086,172.557,175.227,915.2520003914833,390
2023-05-19,176.266,176.256,174.937,175.247,1006.344001531601,390
2023-05-22,173.716,174.686,173.446,174.237,709.6440009176731,390
2023-05-23,173.017,173.267,171.257,171.767,862.3800027966499,390
2023-05-24,170.827,172.347,170.526,171.886,985.079999089241,390
2023-05-25,172.406,173.816,171.676,173.006,1047.4080012440681,390
2023-05-26,173.267,175.707,173.097,175.327,793.919999063015,390
2023-05-30,176.787,178.776,176.577,177.357,1126.596000611782,390
2023-05-31,177.176,179.316,176.776,177.646,1132.7279967665672,390
2023-06-01,177.597,180.096,176.917,180.096,936.0240007638931,390
2023-06-02,180.996,181.537,179.246,181.016,1003.4279991388321,390
2023-06-05,182.546,184.937,178.006,179.677,1231.6679977178574,390
2023-06-06,179.917,179.647,177.426,179.357,1012.3199995756149,390
2023-06-07,178.357,181.157,177.306,177.967,1216.7520014047623,390
2023-06-08,177.737,180.817,177.467,180.677,900.732001632452,390
2023-06-09,181.467,182.186,180.616,181.047,1060.704001545906,390
2023-06-12,181.347,183.827,180.957,183.877,780.8160016834736,390
2023-06-13,182.767,184.056,182.436,183.367,1032.7440012693405,390
2023-06-14,183.337,184.347,181.997,183.947,1134.1080011725426,390
2023-06-15,183.937,186.456,183.707,186.017,1016.3759990334511,390
2023-06-16,186.597,186.386,184.656,184.987,1014.4800011515617,390
2023-06-20,184.407,186.067,184.407,185.177,944.9160025119781,390
2023-06-21,184.817,185.297,182.576,183.957,1121.5800008773804,390
2023-06-22,183.666,186.956,183.666,187.037,905.3519988059998,390
2023-06-23,185.507,187.517,184.996,186.746,953.2680002450943,390
2023-06-26,186.766,187.967,185.227,185.357,1166.6159994602203,390
2023-06-27,185.886,188.327,185.636,188.077,880.3679986894131,390
2023-06-28,187.937,189.867,187.596,189.277,988.2479980587959,390
2023-06-29,189.007,189.946,188.926,189.587,923.0040001273155,390
2023-06-30,191.677,194.316,191.236,194.086,756.3719967901707,390
2023-07-03,193.707,193.856,191.756,192.527,362.83200038969517,390
2023-07-05,191.497,192.937,190.606,191.387,756.2040011286736,390
2023-07-06,189.857,191.976,189.196,192.007,768.9360010623932,390
2023-07-07,191.346,192.627,190.236,190.776,706.4759995788336,390
2023-07-10,189.266,189.957,187.027,188.597,881.6879994273186,390
2023-07-11,189.146,189.007,186.587,188.207,804.1919988393784,390
2023-07-12,189.657,191.617,188.456,189.817,928.031999707222,390
2023-07-13,190.417,191.166,189.766,190.677,663.5999979972839,390
2023-07-14,190.147,191.137,189.626,190.717,823.9080019593239,390
2023-07-17,191.806,194.267,191.806,193.957,667.7999997437,390
2023-07-18,193.297,194.217,192.407,193.767,798.5280014574528,390
2023-07-19,193.076,197.747,192.646,195.197,934.179601430893,390
2023-07-20,194.956,196.417,192.486,193.396,1024.2607502937317,390
2023-07-21,194.066,194.767,191.306,191.927,1007.3879992961884,390
2023-07-24,193.137,194.696,192.277,192.766,902.8919990062714,390
2023-07-25,193.316,194.417,192.867,193.767,615.6120007634163,390
2023-07-26,193.596,195.567,193.306,194.546,952.4759995341301,390
2023-07-27,196.077,197.136,192.576,193.547,1064.2559990286827,390
2023-07-28,194.577,196.577,194.016,195.797,912.2880017757416,390
2023-07-31,196.026,196.457,195.246,196.457,845.988000035286,390
2023-08-01,196.227,196.597,195.266,195.716,812.784000068903,390
2023-08-02,194.987,194.866,191.836,192.857,1052.723998606205,390
2023-08-03,191.467,192.336,190.826,191.637,1087.8720017671585,390
2023-08-04,185.407,187.307,181.917,182.087,1066.7612999975681,390
2023-08-07,182.126,182.587,177.356,178.847,1024.332002043724,390
2023-08-08,179.686,180.207,177.576,179.927,967.8335987329483,390
2023-08-09,180.857,180.337,176.996,178.257,988.1159989237785,390
2023-08-10,179.457,180.677,177.596,178.077,1325.2679996490479,390
2023-08-11,177.247,178.577,176.546,177.837,1103.6127985715866,390
2023-08-14,177.906,179.606,177.286,179.506,932.0879985690117,390
2023-08-15,178.876,179.257,177.046,177.667,957.0839992165565,390
2023-08-16,177.027,178.466,176.496,176.647,1079.2680011987686,390
2023-08-17,177.127,177.296,173.477,174.327,1021.3319981098175,390
2023-08-18,172.207,174.967,171.946,174.507,1194.3120015859604,390
2023-08-21,175.046,176.106,173.726,175.887,948.5519989132881,390
2023-08-22,177.017,177.636,176.227,177.346,881.5919997096062,390
2023-08-23,178.486,181.536,178.296,181.206,727.2600005865097,390
2023-08-24,180.667,181.057,175.997,176.596,995.8440018296242,390
2023-08-25,177.247,179.126,175.807,178.697,1314.887999176979,390
2023-08-28,180.036,180.517,178.537,180.267,956.2079992592335,390
2023-08-29,179.657,184.867,179.486,184.267,779.6880015134811,390
2023-08-30,184.867,187.736,184.727,187.777,849.5280016064644,390
2023-08-31,187.806,189.107,187.477,188.127,839.2679994106293,390
2023-09-01,189.507,189.606,188.266,189.447,886.2840021550655,390
2023-09-05,188.247,189.937,187.596,189.756,781.6800001561642,390
2023-09-06,188.367,188.527,181.466,183.007,869.6159992218018,390
2023-09-07,175.157,178.177,173.546,177.907,953.1240005791187,390
2023-09-08,178.336,180.166,177.786,178.327,844.8360001444817,390
2023-09-11,180.057,180.077,177.336,179.457,778.3319990634918,390
2023-09-12,179.416,179.977,174.826,176.447,933.0960001945496,390
2023-09-13,176.506,177.026,173.957,174.197,797.1000008583069,390
2023-09-14,173.977,176.057,173.527,175.796,795.1680015325546,390
2023-09-15,176.416,175.837,173.816,175.037,790.0079998373985,390
2023-09-18,176.446,179.347,176.436,177.996,748.1640011072159,390
2023-09-19,177.346,179.557,177.126,179.106,751.0320004224777,390
2023-09-20,179.227,179.296,175.446,175.577,975.4920011758804,390
2023-09-21,174.276,176.177,173.856,174.057,981.3719999790192,390
2023-09-22,174.406,177.037,174.046,174.907,956.5319984555244,390
2023-09-25,174.146,176.917,174.146,176.107,884.6400010585785,390
2023-09-26,174.747,174.726,171.656,172.267,845.8079985976219,390
2023-09-27,172.456,172.937,169.046,170.436,1021.7880034446716,390
2023-09-28,169.297,171.996,167.627,170.786,1147.6080008745193,390
2023-09-29,171.986,173.036,170.336,171.327,1195.631998538971,390
2023-10-02,171.236,174.257,170.937,173.736,1287.4560004472733,390
2023-10-03,172.256,173.546,170.816,172.496,1126.8480015993118,390
2023-10-04,170.947,174.126,170.936,173.756,1177.0800006389618,390
2023-10-05,173.687,175.407,172.667,175.017,1040.3280012607574,390
2023-10-06,173.687,177.976,173.167,177.497,1042.823998451233,390
2023-10-09,176.707,179.017,175.797,178.997,819.899999499321,390
2023-10-10,178.127,179.697,177.936,178.427,856.88399964571,390
2023-10-11,178.196,179.717,177.597,179.837,882.7439976334572,390
2023-10-12,180.036,182.317,179.026,180.777,1003.0439980626106,390
2023-10-13,181.186,181.817,178.126,178.926,1210.0559978485107,390
2023-10-16,176.727,179.006,176.506,178.887,916.5719991922379,390
2023-10-17,176.547,178.376,174.787,177.117,1071.7199997901917,390
2023-10-18,175.476,177.517,175.096,175.887,1062.156001329422,390
2023-10-19,175.976,177.807,175.177,175.596,1500.2279996871948,390
2023-10-20,175.267,175.376,172.636,173.036,1240.3919990062714,390
2023-10-23,170.836,173.986,169.946,173.127,1192.23599755764,390
2023-10-24,172.987,173.637,171.446,173.537,1065.9719995260239,390
2023-10-25,171.806,173.026,170.637,171.246,1167.1440006494522,390
2023-10-26,170.427,171.187,165.686,167.127,1063.674003124237,390
2023-10-27,166.886,168.886,166.816,168.327,1304.304025888443,390
2023-10-30,169.007,171.136,168.856,170.296,1142.7600008249283,390
2023-10-31,169.247,170.887,167.896,170.887,1111.475998878479,390
2023-11-01,170.896,174.166,170.077,174.017,1214.268000125885,390
2023-11-02,175.287,177.737,175.287,177.746,783.9480023086071,390
2023-11-03,174.197,176.736,173.346,176.807,985.6800001859665,390
2023-11-06,176.337,179.366,176.196,179.307,846.0360026359558,390
2023-11-07,179.116,182.416,178.956,181.937,675.671999335289,390
2023-11-08,182.346,183.407,181.586,182.977,838.6919996142387,390
2023-11-09,182.896,184.036,181.797,182.456,1027.980001091957,390
2023-11-10,183.877,186.486,183.516,186.427,768.0959972143173,390
2023-11-13,185.776,185.867,184.196,184.777,638.8440001904964,390
2023-11-14,187.667,188.067,186.277,187.517,647.4720005989075,390
2023-11-15,187.806,189.467,187.776,188.146,697.7999994158745,390
2023-11-16,189.527,190.917,188.716,189.837,814.8000013828278,390
2023-11-17,190.196,190.147,188.576,189.867,697.0799990296364,390
2023-11-20,189.886,191.877,189.886,191.497,617.4480002820492,390
2023-11-21,191.266,191.206,189.746,190.717,709.5959991812706,390
2023-11-22,191.507,192.856,190.816,191.287,707.856001496315,390
2023-11-24,190.827,190.567,189.246,189.557,278.18399888277054,390
2023-11-27,189.907,190.636,188.896,189.857,498.2759984433651,390
2023-11-28,189.717,190.987,189.376,190.366,565.848000600934,390
2023-11-29,190.896,191.957,188.966,189.347,569.1960000693798,390
2023-11-30,189.806,190.256,188.176,190.187,691.8120008409023,390
2023-12-01,190.246,191.507,189.216,191.227,715.9534455239773,390
2023-12-04,189.966,189.906,187.446,189.487,627.40799883008,390
2023-12-05,190.167,194.346,190.167,193.517,733.2000004053116,390
2023-12-06,194.407,194.537,192.126,192.407,744.4800003767014,390
2023-12-07,193.567,194.957,193.567,194.277,695.087999522686,390
2023-12-08,194.086,195.966,193.657,195.807,758.0879995524883,390
2023-12-11,193.046,193.267,191.417,193.277,592.6559987664223,390
2023-12-12,193.027,194.686,191.717,194.687,588.7560006678104,390
2023-12-13,195.036,197.966,194.826,197.866,690.0839985013008,390
2023-12-14,197.947,199.557,196.156,198.136,754.0199997425079,390
2023-12-15,197.526,198.316,196.967,197.737,602.9400001764297,390
2023-12-18,196.087,196.457,194.386,195.926,500.63700745254755,390
2023-12-19,195.967,196.917,195.886,196.937,490.94400012493134,390
2023-12-20,196.857,197.626,194.886,195.206,751.8719999790192,390
2023-12-21,196.016,196.956,193.496,194.886,810.9359994381666,390
2023-12-22,195.137,195.376,192.956,193.577,665.5560000687838,390
2023-12-26,193.517,193.866,192.816,193.087,344.9224997460842,390
2023-12-27,192.427,193.467,191.086,193.207,511.3680010139942,390
2023-12-28,194.087,194.616,193.177,193.697,443.1239992044866,390
2023-12-29,193.866,194.307,191.716,192.506,644.8440007865429,390
2024-01-02,187.137,188.286,183.886,185.627,752.8440011143684,390
2024-01-03,184.206,185.846,183.417,184.357,904.6199986338615,390
2024-01-04,181.947,183.026,180.866,182.087,661.2120003700256,390
2024-01-05,181.927,182.717,180.166,181.176,774.984000146389,390
2024-01-08,182.007,185.527,181.496,185.577,599.3760007023811,390
2024-01-09,183.916,185.107,182.726,185.106,736.3440000116825,390
2024-01-10,184.316,186.377,183.916,186.247,602.4239993095398,390
2024-01-11,186.516,186.896,183.616,185.757,848.3040011525154,390
2024-01-12,185.997,186.656,185.176,185.967,723.1559993028641,390
2024-01-16,182.086,184.067,180.917,183.617,767.0400010794401,390
2024-01-17,181.237,182.886,180.286,182.837,658.5959996283054,390
2024-01-18,186.007,189.087,185.826,188.767,708.5399994254112,390
2024-01-19,189.296,191.927,188.816,191.577,657.5399996042252,390
2024-01-22,192.257,195.236,192.257,193.887,671.7359995245934,390
2024-01-23,195.096,195.537,193.807,195.236,475.1640000939369,390
2024-01-24,195.436,196.247,194.336,194.557,594.143999800086,390
2024-01-25,195.177,196.236,193.096,194.176,737.5320009738207,390
2024-01-26,194.147,194.696,191.936,192.347,649.9199990034103,390
2024-01-29,192.017,192.077,189.557,191.837,536.7599992565811,390
2024-01-30,190.806,191.547,187.456,188.096,646.6679996550083,390
2024-01-31,187.007,186.816,184.496,185.007,989.3520003557205,390
2024-02-01,183.886,186.857,183.686,186.877,807.0120010375977,390
2024-02-02,179.826,187.057,179.226,186.246,1005.3840008974075,390
2024-02-05,188.146,189.226,185.847,187.996,650.3520004749298,390
2024-02-06,186.856,189.277,186.736,189.287,760.6919992268085,390
2024-02-07,190.647,190.696,188.597,189.407,580.0440002456307,390
2024-02-08,189.337,189.457,187.336,188.407,428.45999932289124,390
2024-02-09,188.667,189.966,187.996,188.837,408.38399942964315,390
2024-02-12,188.396,188.627,186.776,187.206,550.9920018613338,390
2024-02-13,185.806,186.166,183.507,185.146,750.0839999914169,390
2024-02-14,185.277,185.177,182.417,184.247,724.1639978587627,390
2024-02-15,183.437,184.347,181.426,184.106,612.4560003876686,390
2024-02-16,183.416,184.766,181.657,182.286,739.523998722434,390
2024-02-20,181.856,182.316,179.996,181.637,884.9040026068687,390
2024-02-21,181.816,182.826,180.646,182.376,773.9760017096996,390
2024-02-22,183.426,184.927,182.457,184.387,736.0920001268387,390
2024-02-23,184.776,184.836,182.296,182.686,589.8600008785725,390
2024-02-26,182.237,182.626,180.636,181.227,434.8289992213249,390
2024-02-27,181.056,183.807,179.976,182.727,546.9510093033314,390
2024-02-28,182.497,182.757,180.126,181.457,442.0320002436638,390
2024-02-29,181.257,182.306,179.526,180.947,553.6650430560112,390
2024-03-01,179.576,180.357,177.376,179.687,567.575999379158,390
2024-03-04,176.197,176.667,173.777,175.146,532.0800649374723,390
2024-03-05,170.526,171.856,169.626,170.207,543.4470918774605,390
2024-03-06,171.177,170.526,168.676,169.217,733.4460015892982,390
2024-03-07,169.207,170.676,168.486,169.126,512.6580291092396,390
2024-03-08,168.997,173.626,168.916,171.017,1001.303998529911,390
2024-03-11,172.937,173.966,172.036,172.847,641.5620686411858,390
2024-03-12,173.147,173.977,171.006,173.217,647.0400011092424,390
2024-03-13,172.746,172.996,170.756,171.157,425.54699981957674,390
2024-03-14,172.876,174.246,172.046,173.097,788.7000008821487,390
2024-03-15,171.367,172.577,170.296,172.587,616.6199999451637,390
2024-03-18,175.556,177.677,173.516,173.766,572.0280009359121,390
2024-03-19,174.256,176.556,173.027,176.086,555.1919998526573,390
2024-03-20,175.506,178.657,175.076,178.657,604.451999232173,390
2024-03-21,176.886,177.366,170.836,171.517,629.9519994854927,390
2024-03-22,171.687,173.037,170.046,172.467,434.3160000555217,390
2024-03-25,170.507,171.926,169.436,170.967,400.23600029200315,390
2024-03-26,170.007,171.376,169.616,169.887,402.1080011129379,390
2024-03-27,170.336,173.517,170.096,173.347,493.2000002115965,390
2024-03-28,171.747,172.167,170.507,171.857,380.47200056910515,390
2024-04-01,171.177,170.906,169.466,170.017,372.48000011220574,390
2024-04-02,169.057,169.276,168.226,169.047,354.7320011332631,390
2024-04-03,168.696,170.647,168.576,169.747,419.9159999191761,390
2024-04-04,170.256,171.897,168.817,169.017,642.0119998902082,390
2024-04-05,169.506,170.367,168.947,169.676,538.5479999482632,390
2024-04-08,168.986,169.137,168.226,168.567,414.79200088232756,390
2024-04-09,168.656,169.976,168.347,169.707,594.1440004855394,390
2024-04-10,168.747,168.987,167.106,168.056,732.8519992604852,390
2024-04-11,168.266,175.426,168.076,175.347,639.3119985163212,390
2024-04-12,174.246,178.167,174.206,176.597,806.6520000994205,390
2024-04-15,175.346,176.397,172.486,172.847,711.3120012879372,390
2024-04-16,171.627,173.477,168.257,169.467,1017.6090004444122,390
2024-04-17,169.537,170.496,167.977,168.287,751.3439987301826,390
2024-04-18,167.987,168.606,166.546,167.177,797.4239991903305,390
2024-04-19,166.066,166.327,164.066,165.017,870.587999522686,390
2024-04-22,165.387,167.177,164.756,165.896,544.320001244545,390
2024-04-23,165.197,167.037,164.907,166.957,527.9400007128716,390
2024-04-24,166.357,169.267,166.137,169.116,593.0279998779297,390
2024-04-25,169.506,170.516,168.136,169.937,677.0520005524158,390
2024-04-26,169.906,171.296,169.166,169.367,484.2120000049472,390
2024-04-29,173.277,175.866,173.096,173.536,499.84800124168396,390
2024-04-30,173.317,174.916,169.996,170.506,630.2879991233349,390
2024-05-01,169.596,172.587,169.096,169.737,835.8479986786842,390
2024-05-02,172.427,173.317,170.886,173.197,725.256001085043,390
2024-05-03,186.716,185.936,182.637,183.437,742.6079989820719,390
2024-05-06,182.366,183.966,180.417,181.687,504.7679994404316,390
2024-05-07,183.426,184.757,181.306,182.547,523.1879990100861,390
2024-05-08,182.506,182.966,181.447,182.816,418.74000058323145,390
2024-05-09,182.507,184.626,182.096,184.637,400.8600001037121,390
2024-05-10,184.876,184.787,182.127,183.117,436.60799972712994,390
2024-05-13,185.396,187.087,184.606,186.367,422.6280007958412,390
2024-05-14,187.597,188.126,186.276,187.587,392.5199997872114,390
2024-05-15,187.827,190.627,187.346,189.727,392.44800056517124,390
2024-05-16,190.316,191.056,189.657,189.926,428.9639998525381,390
2024-05-17,189.347,190.677,189.197,189.906,327.73199896514416,390
2024-05-20,189.267,191.837,188.996,191.067,451.271998912096,390
2024-05-21,191.076,192.676,190.906,192.406,363.5639991387725,390
2024-05-22,192.187,192.776,190.246,190.967,399.68400049209595,390
2024-05-23,190.926,190.577,186.616,186.936,687.2399988174438,390
2024-05-24,188.827,190.566,188.036,189.957,482.06400080025196,390
2024-05-28,191.526,192.736,189.106,190.077,495.6119992285967,390
2024-05-29,189.506,192.187,189.497,190.376,493.97999984025955,390
2024-05-30,190.756,192.156,190.606,191.427,548.1239996999502,390
2024-05-31,191.306,192.417,189.896,192.446,698.3040004074574,390
2024-06-03,192.806,194.947,192.497,194.067,696.9600006341934,390
2024-06-04,194.617,195.267,193.016,194.417,570.6119998991489,390
2024-06-05,195.337,196.877,194.866,195.866,440.8319994211197,390
2024-06-06,195.606,196.457,194.157,194.507,451.8959978222847,390
2024-06-07,194.657,196.867,194.127,196.926,553.1879998147488,390
2024-06-10,196.877,196.956,192.127,193.117,668.2679997384548,390
2024-06-11,193.456,207.116,193.456,207.117,847.6440002918243,390
2024-06-12,207.347,220.077,206.887,213.386,1039.019998550415,390
2024-06-13,214.737,216.516,211.596,214.857,738.4440023005009,390
2024-06-14,213.806,214.646,211.287,212.577,608.9279999732971,390
2024-06-17,213.177,218.816,212.706,216.676,728.8679988384247,390
2024-06-18,217.586,218.417,212.987,214.346,545.2439997047186,390
2024-06-20,213.926,213.867,208.837,209.687,635.8560016751289,390
2024-06-21,210.337,211.846,207.246,208.027,716.5919993519783,390
2024-06-24,207.647,212.566,206.587,208.447,712.4399997591972,390
2024-06-25,208.877,211.267,208.596,209.356,397.70399908721447,390
2024-06-26,211.366,214.797,210.626,213.407,574.7759984731674,390
2024-06-27,214.666,215.406,212.336,214.067,691.6559988856316,390
2024-06-28,215.767,215.766,210.316,211.167,755.7239994108677,390
2024-07-01,212.036,217.476,211.906,216.837,895.1520004272461,390
2024-07-02,216.097,220.317,215.057,220.337,576.827998816967,390
2024-07-03,219.927,221.486,219.006,221.486,414.43199956417084,390
2024-07-05,221.666,226.417,221.646,226.436,422.9940002709627,390
2024-07-08,227.097,227.797,223.247,227.757,344.8620007932186,390
2024-07-09,227.936,229.326,226.336,228.736,349.3799993172288,390
2024-07-10,229.206,232.997,229.206,233.057,476.0640001744032,390
2024-07-11,231.286,232.107,225.756,227.997,781.2359991669655,390
2024-07-12,228.937,232.617,228.646,230.497,464.33699998259544,390
2024-07-15,236.447,236.896,233.076,234.456,705.1139996051788,390
2024-07-16,234.996,236.177,232.306,234.937,498.34800043702126,390
2024-07-17,229.256,231.087,226.626,229.197,732.4469984769821,390
2024-07-18,230.166,230.197,222.427,224.437,889.9109982848167,390
2024-07-19,224.806,226.737,223.267,224.467,624.1079995036125,390
2024-07-22,227.116,227.716,223.076,224.167,596.5650001168251,390
2024-07-23,224.336,226.826,222.616,225.037,661.5090010166168,390
2024-07-24,223.806,224.546,217.107,218.757,673.1730006337166,390
2024-07-25,218.807,220.766,214.596,217.727,673.1104989647865,390
2024-07-26,218.777,219.377,216.006,218.116,562.1579991281033,390
2024-07-29,216.966,219.177,215.696,218.316,460.7909989953041,390
2024-07-30,219.036,220.187,216.096,219.317,708.9480001330376,390
2024-07-31,221.437,223.746,220.607,222.307,716.4809994697571,390
2024-08-01,224.276,224.237,217.006,218.416,612.8130015134811,390
2024-08-02,219.287,225.336,217.666,219.866,1050.9720023870468,390
2024-08-05,199.057,213.376,196.496,209.246,1082.2679966688156,390
2024-08-06,205.387,209.927,201.056,207.217,732.3000010848045,390
2024-08-07,206.856,213.576,206.376,209.927,866.6520004868507,390
2024-08-08,213.037,214.157,208.786,213.487,654.8039998710155,390
2024-08-09,211.906,216.716,211.906,216.357,705.0720008015633,390
2024-08-12,216.027,219.366,215.546,217.557,818.4840000867844,390
2024-08-13,219.137,221.826,219.137,221.267,564.4679987132549,390
2024-08-14,220.496,222.977,219.696,222.027,560.3040002584457,390
2024-08-15,224.477,225.266,222.746,224.636,497.18400052189827,390
2024-08-16,223.737,226.786,223.506,226.086,637.9319980144501,390
2024-08-19,225.626,225.857,223.036,225.906,484.02000012248755,390
2024-08-20,225.747,227.086,225.417,226.587,558.8639999032021,390
2024-08-21,226.496,227.887,225.187,226.547,532.1159989386797,390
2024-08-22,227.556,228.307,223.907,224.677,881.4479986429214,390
2024-08-23,225.646,228.166,224.307,226.937,777.0120007097721,390
2024-08-26,226.746,227.226,223.886,227.247,742.9319989383221,390
2024-08-27,226.107,228.777,224.846,228.226,629.5079992115498,390
2024-08-28,227.976,229.817,225.646,226.537,691.8840013742447,390
2024-08-29,230.116,232.837,228.876,229.827,672.5279995501041,390
2024-08-30,230.136,230.307,227.476,228.957,701.5319995582104,390
2024-09-03,228.567,228.777,221.127,222.767,807.0120016932487,390
2024-09-04,221.666,221.437,217.457,221.146,749.7239998579025,390
2024-09-05,221.517,225.417,221.517,222.407,571.5839984416962,390
2024-09-06,223.866,225.107,219.767,220.937,882.6480014920235,390
2024-09-09,220.887,220.946,216.696,221.017,521.7840005457401,390
2024-09-10,218.896,221.407,216.726,220.337,487.4040008485317,390
2024-09-11,221.317,222.876,217.886,222.967,541.1400003433228,390
2024-09-12,222.256,223.507,219.806,222.847,737.5200007557869,390
2024-09-13,223.576,223.977,221.896,222.457,664.8600009083748,390
2024-09-16,216.707,217.147,213.907,216.437,432.74399960041046,390
2024-09-17,215.746,216.866,214.456,216.817,746.8799997866154,390
2024-09-18,217.647,222.217,217.627,220.856,649.4160009920597,390
2024-09-19,225.107,229.717,224.596,229.036,698.256000906229,390
2024-09-20,230.016,233.057,227.607,228.356,518.820000320673,390
2024-09-23,227.177,229.377,225.806,226.616,429.5760005861521,390
2024-09-24,228.597,229.156,225.716,227.486,397.2900331392884,390
2024-09-25,224.936,227.187,224.006,226.387,451.5000011622906,390
2024-09-26,227.347,228.336,225.406,227.706,796.1519999504089,390
2024-09-27,228.447,229.447,227.267,227.897,441.7319997549057,390
2024-09-30,229.997,232.977,229.636,232.987,509.38799899816513,390
2024-10-01,229.516,228.717,223.727,226.267,986.2319996356964,390
2024-10-02,225.816,227.297,223.016,226.946,377.6879994571209,390
2024-10-03,224.967,226.686,223.297,225.827,620.7719995081425,390
2024-10-04,227.946,227.596,224.146,226.876,461.0519993007183,390
2024-10-07,224.516,225.576,221.326,221.766,434.7960001081228,390
2024-10-08,224.207,225.887,223.216,225.847,340.10399912297726,390
2024-10-09,225.156,229.717,224.817,229.737,359.268000215292,390
2024-10-10,227.756,229.436,227.147,229.246,361.4040005505085,390
2024-10-11,229.366,229.107,227.326,227.667,318.55199836194515,390
2024-10-14,228.597,231.667,228.596,231.467,474.6960001587868,390
2024-10-15,233.607,237.357,232.367,233.957,818.9280002713203,390
2024-10-16,231.606,231.886,229.846,231.827,521.6160008013248,390
2024-10-17,233.427,232.667,230.516,232.306,522.7200011014938,390
2024-10-18,236.267,236.267,233.997,235.016,345.46799964271486,390
2024-10-21,234.446,236.786,234.446,236.517,481.5600005835295,390
2024-10-22,233.847,236.146,232.596,235.996,447.28799931705,390
2024-10-23,234.017,235.066,227.747,230.747,705.0119984149933,390
2024-10-24,229.936,230.787,228.396,230.696,508.83600099384785,390
2024-10-25,229.706,233.116,229.566,231.606,619.3559992015362,390
2024-10-28,233.297,234.667,232.546,233.566,491.30400052666664,390
2024-10-29,233.257,234.266,232.286,233.796,651.5280009806156,390
2024-10-30,232.537,232.937,229.557,230.166,634.3919991850853,390
2024-10-31,229.297,229.626,225.416,226.587,897.192000567913,390
2024-11-01,220.847,225.156,220.267,223.147,711.1560008525848,390
2024-11-04,221.016,222.727,219.696,222.107,582.8640006780624,390
2024-11-05,221.697,223.747,221.697,223.497,643.5329996347427,390
2024-11-06,222.417,226.026,221.136,222.757,610.596000701189,390
2024-11-07,224.576,227.847,224.566,227.676,623.5439999103546,390
2024-11-08,227.136,228.467,226.396,227.157,580.4400015771389,390
2024-11-11,224.996,225.026,221.486,224.327,576.3959983289242,390
2024-11-12,224.557,225.506,223.337,224.787,523.1159998774529,390
2024-11-13,223.936,226.636,222.746,225.296,514.6559991240501,390
2024-11-14,225.006,228.776,225.006,228.337,856.9319995641708,390
2024-11-15,226.007,226.577,224.256,225.217,552.2040000259876,390
2024-11-18,225.126,229.707,225.097,228.217,278.8440001755953,390
2024-11-19,226.666,230.116,226.666,228.317,522.1679996550083,390
2024-11-20,227.876,229.856,225.886,228.947,482.84400004148483,390
2024-11-21,228.697,230.046,225.696,228.747,611.6400001645088,390
2024-11-22,228.156,230.617,228.076,230.016,520.11600035429,390
2024-11-25,231.427,233.106,229.736,233.006,789.5280001461506,390
2024-11-26,233.417,235.447,233.417,235.137,518.6999992728233,390
2024-11-27,234.487,235.547,233.796,234.916,470.9519996345043,390
2024-11-29,234.807,237.526,233.977,237.467,210.9479999244213,390
2024-12-02,237.267,240.726,237.126,239.666,379.895999237895,390
2024-12-03,239.867,242.647,238.896,242.747,360.23999993503094,390
2024-12-04,242.886,244.057,241.197,243.046,346.00800020992756,390
2024-12-05,244.036,244.356,242.127,243.047,297.70799969136715,390
2024-12-06,242.896,244.536,242.076,242.837,423.5639992505312,390
2024-12-09,241.817,247.166,241.687,246.977,412.9199993610382,390
2024-12-10,246.887,248.147,245.316,247.786,361.3799997866154,390
2024-12-11,247.926,250.777,246.257,246.487,414.083999812603,390
2024-12-12,246.876,248.716,245.656,248.176,349.763999350369,390
2024-12-13,247.807,249.186,246.216,248.187,331.487999625504,390
2024-12-16,247.837,251.286,247.637,251.087,369.50399931520224,390
2024-12-17,250.077,253.667,249.777,253.546,496.4759994149208,390
2024-12-18,252.096,254.207,247.806,248.637,619.0080001950264,390
2024-12-19,247.357,251.776,247.087,250.027,995.364000082016,390
2024-12-20,248.046,254.747,246.266,254.987,745.823999941349,390
2024-12-23,254.666,255.547,253.426,255.407,585.5160001516342,390
2024-12-24,255.266,258.056,255.266,258.056,205.0079998075962,390
2024-12-26,258.187,259.907,257.626,259.206,321.0959996879101,390
2024-12-27,257.827,258.376,253.046,255.766,517.776000469923,390
2024-12-30,251.937,253.476,250.746,252.437,453.8160012662411,390
2024-12-31,252.437,252.987,249.426,250.197,674.783999145031,390
2025-01-02,248.866,248.126,241.807,243.927,662.1600001454353,390
2025-01-03,243.337,243.967,241.886,243.567,409.93199852108955,390
2025-01-06,244.197,247.246,243.856,245.067,618.6360011696815,390
2025-01-07,245.007,245.457,241.336,242.307,440.86799916625023,390
2025-01-08,241.917,243.547,240.046,242.786,720.6240005493164,390
2025-01-09,242.617,242.617,242.617,242.617,0.0,390
2025-01-10,239.896,239.936,232.996,237.057,609.707999587059,390
2025-01-13,233.527,234.536,229.696,234.616,622.8840004205704,390
2025-01-14,234.666,235.956,232.456,233.387,456.5159997045994,390
2025-01-15,234.506,238.507,234.416,237.857,341.73600017651916,390
2025-01-16,237.487,237.767,228.006,228.377,694.9920004606247,390
2025-01-17,231.936,231.916,228.476,229.707,476.00400091707706,390
2025-01-21,224.087,223.697,219.366,222.767,553.4999993741512,390
2025-01-22,219.767,223.886,219.766,223.966,418.3920009583235,390
2025-01-23,224.717,226.806,222.296,223.597,437.13599997758865,390
2025-01-24,224.886,225.296,221.396,223.037,532.3559997081757,390
2025-01-27,223.927,232.066,223.926,229.996,701.484000146389,390
2025-01-28,230.847,240.096,230.847,238.586,590.1239999830723,390
2025-01-29,234.097,239.756,234.027,239.787,625.7400000095367,390
2025-01-30,238.766,240.696,237.197,238.287,454.5719988644123,390
2025-01-31,246.996,246.537,233.427,236.037,685.0680000185966,390
2025-02-03,229.906,231.707,225.696,228.117,685.1040008366108,390
2025-02-04,227.146,232.997,226.636,233.106,373.78800159692764,390
2025-02-05,228.297,232.496,228.286,232.637,379.1760005801916,390
2025-02-06,231.247,233.667,230.406,233.257,327.94799940288067,390
2025-02-07,232.507,233.747,227.257,227.767,673.211999386549,390
2025-02-10,229.506,230.486,227.177,227.666,306.4319998025894,390
2025-02-11,228.127,235.177,228.127,232.837,427.9559995383024,390
2025-02-12,231.147,236.887,230.627,236.906,602.6159989237785,390
2025-02-13,236.917,242.306,235.566,241.637,493.17599934339523,390
2025-02-14,241.197,245.027,240.967,244.907,477.0239991247654,390
2025-02-18,243.997,245.077,241.826,244.457,371.1119995415211,390
2025-02-19,244.617,245.587,243.156,245.017,318.96000047028065,390
2025-02-20,244.757,246.596,244.266,245.937,456.1199994087219,390
2025-02-21,245.856,248.597,245.206,245.807,535.7879997491837,390
2025-02-24,244.836,248.686,244.447,247.307,514.9440002143383,390
2025-02-25,247.916,249.737,244.906,247.416,609.635999828577,390
2025-02-26,244.236,244.466,239.116,240.306,568.6919991970062,390
2025-02-27,239.406,242.296,237.036,237.457,619.9679995179176,390
2025-02-28,236.906,241.816,234.597,242.067,609.3599998950958,390
2025-03-03,241.766,243.736,236.096,238.197,888.432001709938,390
2025-03-04,237.747,239.907,234.676,236.117,1090.9560000896454,390
2025-03-05,235.417,236.436,229.216,236.056,714.4415198564529,390
2025-03-06,234.397,237.786,233.287,235.276,1003.3920006752014,390
2025-03-07,235.057,241.257,234.756,239.377,895.1999979019165,390
2025-03-10,235.476,235.006,224.216,227.577,1266.3120008707047,390
2025-03-11,223.777,225.657,217.347,221.217,1478.9039989709854,390
2025-03-12,220.097,221.567,214.897,217.257,985.2239969968796,390
2025-03-13,215.937,216.346,208.406,209.717,829.296000123024,390
2025-03-14,211.156,213.837,209.556,213.637,639.3719998598099,390
2025-03-17,213.296,215.166,209.956,214.187,643.2240008115768,390
2025-03-18,214.097,214.886,211.397,212.837,804.3960013389587,390
2025-03-19,214.106,218.467,213.736,215.386,653.7360006570816,390
2025-03-20,213.827,217.307,212.196,214.307,714.5880016088486,390
2025-03-21,211.376,218.247,211.376,218.826,618.7199999690056,390
2025-03-24,220.786,220.776,218.536,220.847,405.4440003633499,390
2025-03-25,220.777,223.986,220.046,223.777,359.8320002555847,390
2025-03-26,223.446,224.857,220.466,221.667,452.4480012655258,390
2025-03-27,221.266,224.946,220.516,224.016,681.0840003490448,390
2025-03-28,221.606,223.746,217.677,217.897,612.6960004270077,390
2025-03-31,217.047,223.996,216.217,222.937,650.4719985723495,390
2025-04-01,219.726,223.317,218.856,223.276,502.2959996163845,390
2025-04-02,221.137,225.126,220.997,224.077,519.107998251915,390
2025-04-03,205.516,206.867,201.236,203.487,720.1230160593987,390
2025-04-04,193.856,199.556,187.326,188.456,1012.596000790596,390
2025-04-07,177.197,193.657,174.786,181.877,1155.2160003185272,390
2025-04-08,186.496,190.067,169.196,173.376,1042.8360003232956,390
2025-04-09,171.997,200.036,171.887,199.027,1463.4960006475449,390
2025-04-10,189.047,194.686,182.996,190.906,1159.6680020093918,390
2025-04-11,186.227,199.237,186.226,198.127,782.6999999880791,390
2025-04-14,211.386,211.916,201.166,202.717,783.9239997267723,390
2025-04-15,201.757,203.387,199.806,202.177,792.875999391079,390
2025-04-16,198.326,200.066,192.356,194.397,775.1759995818138,390
2025-04-17,197.006,198.656,194.307,196.787,760.7040006518364,390
2025-04-21,193.147,193.546,189.796,193.406,533.0640000104904,390
2025-04-22,196.116,201.457,195.956,199.817,804.9359991550446,390
2025-04-23,205.967,207.896,202.767,205.077,778.715999186039,390
2025-04-24,204.687,208.627,202.917,208.397,433.29599991440773,390
2025-04-25,206.307,209.376,206.307,209.417,588.1800008416176,390
2025-04-28,209.986,211.456,207.446,210.506,501.3599986732006,390
2025-04-29,208.827,212.027,208.306,211.477,517.0330500900745,390
2025-04-30,209.246,213.286,206.646,213.126,564.3930010795593,390
2025-05-01,208.896,214.366,208.896,213.056,661.6799992918968,390
2025-05-02,206.047,206.946,202.117,205.487,635.028000921011,390
2025-05-05,203.016,203.717,198.196,198.896,495.13200038671494,390
2025-05-06,198.087,200.427,197.317,199.007,516.0122399032116,390
2025-05-07,199.126,199.296,193.246,196.497,651.8279994726181,390
2025-05-08,197.737,199.917,194.656,197.516,665.7599990665913,390
2025-05-09,198.966,200.457,197.527,198.536,553.11600035429,390
2025-05-12,210.887,211.087,206.747,210.837,580.1759995818138,390
2025-05-13,210.367,213.367,209.037,213.207,508.60564920306206,390
2025-05-14,212.396,213.706,210.576,212.547,531.9119999408722,390
2025-05-15,210.907,212.807,209.516,211.406,515.0399994850159,390
2025-05-16,212.327,212.296,209.756,211.296,445.21199998259544,390
2025-05-19,207.827,209.427,204.256,208.917,481.91999900341034,390
2025-05-20,207.716,208.437,205.006,206.916,495.28799870610237,390
2025-05-21,205.067,206.997,200.707,202.417,962.9640000164509,390
2025-05-22,200.657,202.607,199.697,201.437,713.1000001132488,390
2025-05-23,193.597,197.527,193.456,195.536,822.7199996709824,390
2025-05-27,198.367,200.637,197.426,200.247,559.8878497481346,390
2025-05-28,200.467,202.576,199.887,200.587,522.9000003486872,390
2025-05-29,203.516,203.187,198.496,199.987,752.2200002074242,390
2025-05-30,199.336,201.876,196.776,201.446,824.424000069499,390
2025-06-02,200.187,202.036,200.097,201.776,504.9960005879402,390
2025-06-03,201.296,203.706,200.927,203.397,474.26399943232536,390
2025-06-04,202.926,206.066,202.176,203.087,459.3719998896122,390
2025-06-05,203.487,204.686,200.136,200.706,714.8879998922348,390
2025-06-06,202.996,205.397,202.046,204.257,479.41199973225594,390
2025-06-09,204.306,205.917,200.026,201.696,575.2320001423359,390
2025-06-10,200.567,204.247,200.567,202.747,527.8679994642735,390
2025-06-11,203.437,204.437,198.406,198.846,642.6960003972054,390
2025-06-12,198.997,199.607,197.346,199.177,444.600000590086,390
2025-06-13,199.697,199.827,195.696,196.397,645.8279995918274,390
2025-06-16,197.207,198.557,196.556,198.397,469.9560001194477,390
2025-06-17,197.097,198.336,195.196,195.667,466.76399886608124,390
2025-06-18,195.876,197.476,195.046,196.666,565.3680010437965,390
2025-06-20,198.006,201.306,196.846,201.057,638.0399995446205,390
2025-06-23,201.447,202.206,198.946,201.646,678.9120005369186,390
2025-06-24,202.616,203.336,200.196,200.466,456.7800001055002,390
2025-06-25,201.396,203.376,200.607,201.557,392.03999957442284,390
2025-06-26,201.406,202.137,199.446,201.257,392.26199992001057,390
2025-06-27,201.876,203.027,200.377,201.147,425.5740010738373,390
2025-06-30,201.957,207.166,199.246,205.527,515.5559988617897,390
2025-07-01,206.637,210.036,206.127,208.007,607.4100007712841,390
2025-07-02,209.076,212.997,208.096,212.487,556.2569998800755,390
2025-07-03,212.126,214.586,211.796,213.557,286.9559998512268,390
2025-07-07,212.667,215.656,208.786,209.937,799.5960004925728,390
2025-07-08,210.086,211.327,208.446,210.107,633.7080000936985,390
2025-07-09,209.397,211.186,207.196,211.167,615.8999997973442,390
2025-07-10,210.426,213.346,210.167,212.406,579.3239996433258,390
2025-07-11,210.567,212.067,209.846,211.157,484.46399869024754,390
2025-07-14,209.847,210.706,207.526,208.807,503.98800083994865,390
2025-07-15,209.157,211.797,208.916,209.296,611.4480002820492,390
2025-07-16,210.187,212.257,208.626,210.187,709.9439992010593,390
2025-07-17,210.546,211.737,209.586,210.117,512.92799949646,390
2025-07-18,210.697,211.717,209.696,211.217,532.7760000526905,390
2025-07-21,211.966,215.496,211.626,212.507,548.8199995458126,390
2025-07-22,213.136,214.597,212.206,214.587,586.2599995732307,390
2025-07-23,214.996,214.926,212.396,214.207,476.1600006520748,390
2025-07-24,213.797,215.456,213.506,213.966,525.4680001735687,390
2025-07-25,214.647,214.966,213.386,213.987,428.92800010740757,390
2025-07-28,213.966,214.806,213.046,214.016,390.19199995696545,390
2025-07-29,214.146,214.607,210.746,211.327,450.6840018182993,390
2025-07-30,211.816,211.887,207.696,209.096,679.1519993543625,390
2025-07-31,208.287,209.817,207.106,207.977,780.9000009298325,390
2025-08-01,210.796,213.147,201.496,202.427,1058.8080022335052,390
2025-08-04,204.446,207.757,201.666,203.297,583.7759999632835,390
2025-08-05,203.377,205.256,202.097,202.917,556.1760001182556,390
2025-08-06,205.576,215.336,205.576,213.267,653.4479992687702,390
2025-08-07,218.846,220.806,216.546,220.116,659.3520004749298,390
2025-08-08,220.756,230.866,219.246,229.377,669.2279998660088,390
2025-08-11,227.907,229.466,224.737,227.287,524.7240013480186,390
2025-08-12,227.936,230.746,227.056,229.757,434.4119992852211,390
2025-08-13,231.066,234.476,230.416,233.607,541.2479991018772,390
2025-08-14,234.006,234.647,230.847,233.027,471.936000674963,390
2025-08-15,233.727,233.657,229.297,231.667,457.70399910211563,390
2025-08-18,231.707,232.987,230.096,231.126,411.7199998795986,390
2025-08-19,231.247,232.747,229.336,230.676,498.1199994981289,390
2025-08-20,229.967,229.457,225.756,226.117,708.7319985032082,390
2025-08-21,226.197,226.227,223.767,225.007,466.4520001411438,390
2025-08-22,226.077,228.946,225.406,227.866,455.46000024676323,390
2025-08-25,226.407,229.237,226.196,227.327,368.5679997205734,390
2025-08-26,226.727,229.266,224.667,229.417,285.2640003785491,390
2025-08-27,228.547,230.867,228.256,230.786,349.1279996484518,390
2025-08-28,230.746,233.377,229.247,232.757,372.0480003207922,390
2025-08-29,232.556,233.136,231.346,232.107,489.45599944889545,390
2025-09-02,229.247,230.636,226.996,229.676,538.355999648571,390
2025-09-03,237.286,238.426,234.346,238.466,534.0479987859726,390
2025-09-04,238.406,239.806,236.716,239.877,445.69200026988983,390
2025-09-05,239.927,241.257,238.486,239.676,703.679999768734,390
2025-09-08,239.346,239.916,236.326,237.887,476.18399825692177,390
2025-09-09,236.886,238.416,233.336,234.547,578.7840002775192,390
2025-09-10,231.926,231.197,225.946,227.047,603.4320003390312,390
2025-09-11,226.706,230.406,226.636,230.417,340.03200091421604,390
2025-09-12,229.207,234.377,229.006,234.267,465.67200124263763,390
2025-09-15,236.997,238.106,235.016,236.777,464.23200020194054,390
2025-09-16,237.127,241.147,236.307,238.217,488.15999990701675,390
2025-09-17,238.877,239.957,237.726,239.017,579.5399988591671,390
2025-09-18,239.846,240.166,236.607,238.096,485.94000002741814,390
2025-09-19,241.097,246.167,240.196,245.606,613.823999941349,390
2025-09-22,248.306,256.496,248.116,256.247,620.964000672102,390
2025-09-23,255.907,256.947,253.567,254.497,473.05199974775314,390
2025-09-24,255.226,255.026,251.007,252.307,418.6320007145405,390
2025-09-25,253.246,257.057,251.696,256.967,463.5959993302822,390
2025-09-26,253.747,256.876,253.737,255.506,445.9319998919964,390
2025-09-29,254.537,254.577,252.996,254.426,348.3479990661144,390
2025-09-30,254.766,255.776,253.097,254.867,368.2320006340742,390
2025-10-01,254.946,258.506,254.946,255.577,435.5519996583462,390
2025-10-02,256.546,258.106,254.107,257.427,383.05199909210205,390
2025-10-03,254.526,259.076,253.947,258.037,479.44800040125847,390
2025-10-06,258.017,258.806,255.046,256.847,380.9279997944832,390
2025-10-07,256.907,257.276,255.416,256.477,454.3319992572069,390
2025-10-08,256.517,258.417,256.096,258.127,305.771999463439,390
2025-10-09,257.756,257.017,253.126,254.046,364.2839995622635,390
2025-10-10,254.747,256.276,244.516,245.396,788.4840004444122,390
2025-10-13,249.267,249.597,246.087,247.647,366.7319999486208,390
2025-10-14,246.526,248.717,244.687,247.987,414.5759994983673,390
2025-10-15,249.397,251.776,247.466,249.406,436.3920004963875,390
2025-10-16,248.226,248.916,245.106,247.527,624.5279995203018,390
2025-10-17,248.006,253.296,247.216,252.526,633.9959986805916,390
2025-10-20,255.817,264.196,255.606,262.407,474.4200005531311,390
2025-10-21,261.826,265.157,261.826,263.147,372.5759993195534,390
2025-10-22,262.756,261.327,255.437,258.507,486.1199988722801,390
2025-10-23,259.807,260.496,257.996,259.657,296.23199993371964,390
2025-10-24,261.057,264.057,259.147,262.897,374.3879998624325,390
2025-10-27,264.696,268.966,264.636,268.966,262.992000028491,390
2025-10-28,269.036,269.766,268.137,269.256,260.1599994748831,390
2025-10-29,269.176,271.147,267.046,269.797,483.29999908804893,390
2025-10-30,271.936,273.577,268.486,271.587,461.30400067567825,390
2025-10-31,276.657,276.566,269.096,270.697,515.0760000348091,390
2025-11-03,270.336,270.467,266.246,269.096,342.8160004466772,390
2025-11-04,268.157,271.416,267.586,270.267,554.580000013113,390
2025-11-05,268.607,271.236,266.856,270.337,380.65200021862984,390
2025-11-06,267.997,273.137,267.886,270.116,623.1480004191399,390
2025-11-07,269.987,272.107,266.767,268.567,672.6120001673698,390
2025-11-10,268.986,273.547,267.486,269.537,518.7240004837513,390
2025-11-11,269.796,275.796,269.746,275.387,515.6759977936745,390
2025-11-12,274.977,275.696,271.846,273.527,468.40800032019615,390
2025-11-13,274.187,276.597,272.086,273.076,666.8640013337135,390
2025-11-14,271.007,275.876,269.556,272.456,639.1079993844032,390
2025-11-17,268.906,270.266,265.706,267.516,650.7359991073608,390
2025-11-18,269.567,270.517,265.277,267.747,842.2319994568825,390
2025-11-19,265.557,271.976,265.297,268.587,739.7520006895065,390
2025-11-20,270.806,275.346,265.897,266.386,1028.1840007305145,390
2025-11-21,265.916,273.267,265.536,271.546,940.4399983882904,390
2025-11-24,271.316,276.877,271.166,276.067,562.0080000162125,390
2025-11-25,275.266,280.247,275.266,277.056,591.1320015192032,390
2025-11-26,276.786,279.486,276.616,277.807,445.11600038409233,390
2025-11-28,277.256,278.886,275.976,278.886,193.61999970674515,390
2025-12-01,277.926,283.276,276.097,283.217,440.18400034308434,390
2025-12-02,282.827,287.316,282.596,286.277,537.9360004067421,390
2025-12-03,286.197,288.216,283.406,284.287,430.25999911129475,390
2025-12-04,284.036,284.167,278.586,280.616,389.9639993607998,390
2025-12-05,280.377,281.047,278.026,278.886,427.4280004799366,390
2025-12-08,277.906,279.296,276.127,277.966,344.0400002896786,390
2025-12-09,278.096,279.897,276.906,277.217,297.63600024580956,390
2025-12-10,277.777,279.646,276.417,278.797,390.0719999372959,390
2025-12-11,279.017,278.786,273.797,278.066,430.2359993159771,390
2025-12-12,277.897,279.156,276.826,278.366,527.4000001847744,390
2025-12-15,280.026,279.456,272.836,274.427,567.8879991769791,390
2025-12-16,272.796,275.247,271.746,275.006,585.4559995532036,390
2025-12-17,274.947,276.076,271.576,272.136,540.1079983115196,390
2025-12-18,273.567,273.117,266.937,272.527,494.82000002264977,390
2025-12-19,272.297,273.866,269.887,273.876,438.2519991993904,390
2025-12-22,272.717,273.596,270.496,270.927,331.6319999098778,390
2025-12-23,270.747,272.377,269.496,272.367,297.33600077033043,390
2025-12-24,272.146,275.346,272.146,273.936,152.9280000552535,390
2025-12-26,273.997,275.236,272.846,273.406,205.12799997627735,390
2025-12-29,272.526,274.147,272.276,273.837,251.54400027543306,390
2025-12-30,272.776,273.867,272.266,273.157,239.50800028443336,390
2025-12-31,273.077,273.367,271.726,272.027,299.53200010955334,390
2026-01-02,272.007,277.627,268.996,271.026,551.8920001983643,390
2026-01-05,270.607,271.077,266.126,267.306,412.7159997224808,390
2026-01-06,266.797,265.976,262.097,262.457,407.5919997692108,390
2026-01-07,263.107,263.136,259.796,260.377,431.98799954354763,390
2026-01-08,256.796,259.217,255.666,259.267,542.976000636816,390
2026-01-09,259.047,260.137,256.196,259.567,503.50799947977066,390
2026-01-12,259.207,261.217,256.796,260.337,351.34799955785275,390
2026-01-13,258.536,261.596,258.317,261.057,464.90399995446205,390
2026-01-14,259.437,261.617,256.696,260.156,569.4959999918938,390
2026-01-15,260.576,260.907,257.006,258.307,502.884000480175,390
2026-01-16,257.726,258.697,254.936,255.807,478.5719982981682,390
2026-01-20,252.597,254.476,243.416,246.707,702.7919998764992,390
2026-01-21,248.566,251.437,245.156,247.877,721.0919992923737,390
2026-01-22,249.047,250.916,248.146,248.407,439.4040004312992,390
2026-01-23,247.306,249.317,244.627,248.197,493.9199990481138,390
2026-01-26,251.327,256.497,249.707,255.537,531.9360005259514,390
2026-01-27,258.696,261.867,258.206,258.367,408.9839991182089,390
2026-01-28,257.287,258.507,254.496,256.827,441.38399961590767,390
2026-01-29,257.926,259.257,254.396,258.487,783.0239992141724,390
2026-01-30,254.997,261.787,252.186,260.037,856.08000177145,390
2026-02-02,259.776,270.207,259.146,270.177,519.0840007066727,390
2026-02-03,269.137,271.717,267.596,269.696,833.7239996790886,390
2026-02-04,272.246,278.907,272.166,276.987,904.6079993844032,390
2026-02-05,277.886,277.567,273.236,276.156,929.7360002994537,390
2026-02-06,276.966,280.626,276.697,278.467,745.055998891592,390
2026-02-09,277.616,276.687,271.706,274.977,464.26799976825714,390
2026-02-10,274.777,275.316,272.937,273.977,467.1119995713234,390
2026-02-11,274.627,280.097,274.326,276.027,709.6800008714199,390
2026-02-12,275.407,274.286,260.126,261.827,869.8080012798309,390
2026-02-13,262.006,261.397,255.387,255.966,544.3439999222755,390
2026-02-17,257.847,266.177,255.506,263.976,824.4839997887611,390
2026-02-18,263.496,266.607,262.356,264.686,582.8279997110367,390
2026-02-19,262.296,264.417,260.036,260.526,532.7999997735023,390
2026-02-20,258.897,264.676,258.106,264.616,818.4840011000633,390
2026-02-23,263.477,269.317,263.226,266.397,569.6159996986389,390
2026-02-24,267.677,274.746,267.277,272.307,488.7480005323887,390
2026-02-25,271.567,274.906,271.006,274.307,390.8400002717972,390
2026-02-26,274.877,275.176,270.766,272.977,630.4319990873337,390
2026-02-27,272.497,271.237,262.916,264.257,566.4959989190102,390
2026-03-02,262.266,266.436,260.077,265.167,684.8399985730648,390
2026-03-03,263.266,265.296,260.116,263.817,951.5280005931854,390
2026-03-04,263.796,265.477,262.046,262.747,611.3400002717972,390
2026-03-05,260.676,261.427,257.217,260.377,847.7880009934306,390
2026-03-06,258.477,257.877,254.346,257.777,910.2480010390282,390
2026-03-09,255.436,261.006,253.616,260.177,926.5920011997223,390
2026-03-10,257.596,262.416,256.916,260.916,837.6960002183914,390
2026-03-11,261.076,261.977,259.516,260.847,846.1679989099503,390
2026-03-12,258.506,258.227,254.166,255.827,704.3159987926483,390
2026-03-13,255.356,256.146,249.456,250.347,607.0440005660057,390
2026-03-16,251.897,253.826,249.846,252.947,616.2360022962093,390
2026-03-17,252.897,255.076,252.146,254.346,666.7920001447201,390
2026-03-18,252.497,254.627,248.957,249.986,660.9359995126724,390
2026-03-19,249.277,251.707,247.196,249.136,737.7600018978119,390
2026-03-20,247.787,249.096,245.996,248.046,942.4199976921082,390
2026-03-23,254.057,253.947,250.266,251.827,876.3120022416115,390
2026-03-24,250.336,254.807,249.437,251.657,805.4880015254021,390
2026-03-25,254.006,254.827,251.586,252.676,933.203998863697,390
2026-03-26,252.187,256.786,250.646,253.057,763.9799994528294,390
2026-03-27,253.627,255.246,248.056,249.356,768.7679995298386,390
2026-03-30,250.037,249.387,245.496,246.937,793.5720003843307,390
2026-03-31,247.797,254.986,247.067,253.956,920.987998187542,390
2026-04-01,253.957,256.026,253.287,255.697,561.6959988176823,390
2026-04-02,253.977,255.977,250.607,255.897,728.0279994904995,390
2026-04-06,256.317,262.067,256.317,258.977,605.4960003197193,390
2026-04-07,256.107,254.736,245.656,253.596,790.9199991822243,390
2026-04-08,258.296,259.427,256.296,258.947,688.9079999029636,390
2026-04-09,258.996,260.927,256.036,260.577,483.6359989643097,390
2026-04-10,260.207,262.006,259.006,260.526,385.5240002423525,390
2026-04-13,259.576,259.506,256.646,259.246,498.2759992480278,390
2026-04-14,259.006,261.696,257.176,258.817,402.9719998538494,390
2026-04-15,258.007,266.387,257.796,266.526,492.61199939250946,390
2026-04-16,266.646,266.017,261.266,263.587,618.8039985597134,390
2026-04-17,266.916,272.217,266.676,270.397,538.1520002782345,390
2026-04-20,270.227,274.157,270.227,273.136,550.9559994637966,390
2026-04-21,271.496,272.267,265.386,266.217,485.21999852359295,390
2026-04-22,267.777,273.696,266.817,273.227,498.0720007121563,390
2026-04-23,274.896,275.547,271.616,273.647,598.680001154542,390
2026-04-24,272.646,272.427,269.646,271.137,471.02400052547455,390
2026-04-27,265.876,268.247,265.046,267.667,467.48400115966797,390
2026-04-28,272.186,271.707,268.616,270.837,586.0800006687641,390
2026-04-29,267.296,270.966,266.996,270.277,499.8120001256466,390
2026-04-30,270.367,275.686,268.136,272.157,570.540000796318,390
2026-05-01,278.597,286.876,278.316,280.267,679.8960011601448,390
2026-05-04,279.597,279.597,274.846,276.826,511.89600002765656,390
2026-05-05,276.897,284.357,276.397,284.256,471.456001073122,390
2026-05-06,281.906,287.847,281.007,287.557,537.9480002522469,390
2026-05-07,289.046,291.856,285.507,287.546,589.3680000901222,390
2026-05-08,290.077,294.597,290.017,293.426,445.0800007432699,390
2026-05-11,292.107,293.817,290.206,292.667,421.8599983751774,390
2026-05-12,292.576,295.187,292.576,294.866,516.324000030756,390
2026-05-13,293.426,300.866,293.416,299.226,465.0480005443096,390
2026-05-14,299.646,299.666,295.387,298.246,434.6520005464554,390
2026-05-15,297.646,303.087,296.506,300.386,514.6799994111061,390
2026-05-18,300.166,299.336,294.826,297.886,846.3839988708496,390
2026-05-19,296.897,300.306,296.276,299.206,638.5799996256828,390
2026-05-20,298.346,302.707,297.796,302.217,537.1440000832081,390
2026-05-21,300.916,305.476,300.326,305.067,564.4560014307499,390
2026-05-22,305.997,311.296,305.806,309.137,724.7759996652603,390
2026-05-26,309.647,311.737,307.496,308.316,456.26399928331375,390
2026-05-27,308.326,313.137,308.227,311.017,718.7400029301643,390
2026-05-28,310.636,312.486,309.476,312.546,474.63599978387356,390
2026-05-29,311.776,314.876,309.506,312.187,798.4319995045662,390
2026-06-01,309.486,310.466,305.027,306.347,674.8079987764359,390
2026-06-02,306.997,315.337,306.587,315.416,742.4250227808952,390
2026-06-03,313.996,316.777,308.827,310.267,550.6320006847382,390
2026-06-04,313.126,312.316,309.637,311.417,708.6240001320839,390
2026-06-05,312.877,314.946,307.027,307.936,871.4039993286133,390
2026-06-08,308.687,317.056,301.096,301.607,1063.0679970681667,390
2026-06-09,300.127,299.887,287.806,290.997,1285.8480007648468,390
2026-06-10,290.546,294.656,287.356,292.237,1589.1120038032532,390
2026-06-11,293.286,296.847,289.506,295.577,1275.7200002670288,390
2026-06-12,295.746,296.587,289.596,291.217,991.7040007710457,390
2026-06-15,293.886,297.717,291.576,296.447,635.160001039505,390
2026-06-16,295.126,300.417,293.926,299.407,863.4000000357628,390
2026-06-17,300.637,301.667,294.147,296.047,827.0040014982224,390
2026-06-18,297.966,300.397,295.516,298.487,811.4519991278648,390
2026-06-22,297.496,302.347,296.766,297.136,608.7840017676353,390
2026-06-23,297.646,301.386,294.346,295.036,1067.184000968933,390
2026-06-24,295.007,299.606,292.907,293.337,676.1039999127388,390
2026-06-25,287.286,287.867,273.706,274.837,1628.4720027446747,390
2026-06-26,274.866,285.626,274.167,284.457,775.8720004558563,390
2026-06-29,286.746,286.796,279.797,281.937,872.7959972023964,390
2026-06-30,281.146,289.577,280.586,289.496,606.5040019154549,390
2026-07-01,293.247,296.407,289.136,294.597,887.7000023722649,390
2026-07-02,293.916,309.157,293.507,308.696,843.4319986701012,390
2026-07-06,307.217,314.116,306.936,312.967,818.1239995360374,390
2026-07-07,314.997,314.827,310.006,311.147,691.0079992711544,390
2026-07-08,311.907,314.697,306.986,313.786,960.3240000605583,390
2026-07-09,310.446,316.397,308.016,316.196,589.9440002068877,390
2026-07-10,316.067,316.847,312.066,315.327,826.9799993038177,390
2026-07-13,316.977,323.316,315.746,317.626,684.7440004348755,390
2026-07-14,313.577,316.057,311.687,315.156,1014.9599982500076,390
2026-07-15,317.556,328.607,317.297,327.567,766.9920001029968,390
2026-07-16,327.977,334.416,326.706,333.476,1100.6400015354156,390
2026-07-17,331.956,334.837,328.996,334.197,867.5520001649857,390
2026-07-20,332.286,332.517,323.326,326.777,999.119999051094,390
2026-07-21,323.187,329.536,322.216,327.767,617.6160005629063,390
2026-07-22,327.637,328.296,323.306,326.447,767.2680026292801,390
2026-07-23,321.726,322.827,319.286,321.876,828.8640028834343,390
2026-07-24,321.687,334.067,321.517,333.117,1052.1240006685257,390
2026-07-27,334.817,339.357,333.997,337.027,1145.1360006332397,390
2026-07-28,340.006,341.027,335.556,340.326,1111.9440007209778,390
2026-07-29,339.617,344.487,337.007,338.407,800.1840018033981,390
2026-07-30,332.997,334.006,329.516,333.917,990.5159997940063,390
2026-07-31,304.676,309.696,299.996,310.606,858.7800390124321,390
2026-08-03,309.787,309.756,302.556,303.417,648.1799997724593,390
2026-08-04,302.647,310.386,301.207,309.857,660.9959998130798,390
2026-08-05,309.137,311.587,305.606,311.417,779.9519995450974,390
2026-08-06,314.096,316.196,309.216,312.606,596.9040010273457,390
2026-08-07,311.307,314.766,310.696,313.707,700.344000339508,390
2026-08-10,306.656,308.156,304.486,308.217,452.495999366045,390
2026-08-11,307.456,309.287,302.556,304.917,696.9120007753372,390
2026-08-12,304.946,304.057,300.546,302.227,553.2720003426075,390
2026-08-13,304.126,305.836,302.047,305.286,773.7359988689423,390
