2017.01.26,00:00,30.420000,30.560000,30.400000,30.493250,484.881173
2017.01.27,00:00,30.515000,30.560000,30.400000,30.490500,406.210716
2017.01.30,00:00,30.232500,30.400000,30.162500,30.400000,556.927336
2017.01.31,00:00,30.270000,30.342500,30.155000,30.327500,616.946293
2017.02.01,00:00,31.767500,32.616750,31.765000,32.265750,676.455756
2017.02.02,00:00,31.975000,32.322500,31.945000,32.130000,585.971514
2017.02.03,00:00,32.077000,32.287250,32.040750,32.264000,466.046675
2017.02.06,00:00,32.229000,32.622500,32.226500,32.580500,510.081249
2017.02.07,00:00,32.624000,33.005000,32.613750,32.883250,536.007808
2017.02.08,00:00,32.824500,33.050000,32.804250,33.025000,465.398057
2017.02.09,00:00,32.911250,33.105250,32.780000,33.102500,438.054520
2017.02.10,00:00,33.116250,33.225000,33.015000,33.030000,482.415173
2017.02.13,00:00,33.257000,33.445750,33.189250,33.330000,482.638424
2017.02.14,00:00,33.357500,33.768500,33.314000,33.752500,514.136489
2017.02.15,00:00,33.887250,34.055250,33.657750,33.877250,559.115793
2017.02.16,00:00,33.914000,33.967500,33.707500,33.837500,606.753888
2017.02.17,00:00,33.774750,33.932750,33.774750,33.927500,492.174072
2017.02.21,00:00,34.059750,34.185000,33.992500,34.185000,508.408685
2017.02.22,00:00,34.111750,34.272750,34.026750,34.272500,485.685348
2017.02.23,00:00,34.336500,34.347500,34.075000,34.131750,622.918838
2017.02.24,00:00,33.971750,34.160000,33.817750,34.160000,551.557067
2017.02.27,00:00,34.253750,34.347750,34.070250,34.235750,523.472508
2017.02.28,00:00,34.272000,34.355000,34.175000,34.260500,499.171041
2017.03.01,00:00,34.469500,35.035000,34.395500,34.960000,591.906209
2017.03.02,00:00,34.992000,35.050000,34.690000,34.743000,591.857815
2017.03.03,00:00,34.666250,34.941750,34.645000,34.941750,604.947988
2017.03.06,00:00,34.833750,34.903500,34.650000,34.850000,499.462954
2017.03.07,00:00,34.757250,34.990000,34.695000,34.872500,549.833441
2017.03.08,00:00,34.724250,34.941000,34.705500,34.762500,581.990584
2017.03.09,00:00,34.681250,34.681250,34.261750,34.667500,615.796648
2017.03.10,00:00,34.811250,34.835000,34.659000,34.785000,582.813335
2017.03.13,00:00,34.730500,34.844750,34.699500,34.817500,528.496711
2017.03.14,00:00,34.824000,34.894750,34.710250,34.758500,975.479942
2017.03.15,00:00,34.856250,35.184500,34.756000,35.167250,571.721305
2017.03.16,00:00,35.174500,35.238000,35.066000,35.180000,543.768204
2017.03.17,00:00,35.241000,35.241000,34.973750,35.000000,571.639999
2017.03.20,00:00,35.085500,35.370500,35.057500,35.370500,581.799999
2017.03.21,00:00,35.541000,35.683250,34.932500,34.997500,983.199999
2017.03.22,00:00,34.957500,35.395000,34.945000,35.382500,842.079994
2017.03.23,00:00,35.336250,35.390750,35.152500,35.235500,805.399998
2017.03.24,00:00,35.355750,35.427500,35.091000,35.185000,711.615553
2017.03.27,00:00,34.835000,35.301500,34.655000,35.237000,706.759997
2017.03.28,00:00,35.219750,36.002000,35.152000,35.992500,791.599998
2017.03.29,00:00,35.917500,36.116500,35.796750,36.059500,730.479998
2017.03.30,00:00,36.039000,36.104750,35.874000,35.996500,657.759998
2017.03.31,00:00,35.913000,36.059000,35.770250,35.960750,619.079999
2017.04.03,00:00,35.921750,36.015000,35.763000,35.942500,754.457367
2017.04.04,00:00,35.806500,36.215000,35.797000,36.202250,668.002868
2017.04.05,00:00,36.156500,36.360750,35.952500,36.027250,783.408396
2017.04.06,00:00,36.063750,36.119500,35.864000,35.922750,754.386112
2017.04.07,00:00,35.909250,36.039500,35.817000,35.844750,690.556439
2017.04.10,00:00,35.924750,35.932000,35.725500,35.789750,661.857504
2017.04.11,00:00,35.723750,35.804500,35.014000,35.401250,885.264751
2017.04.12,00:00,35.386500,35.519500,35.251500,35.448000,753.171979
2017.04.13,00:00,35.464250,35.589750,35.270000,35.321500,755.884791
2017.04.17,00:00,35.294250,35.457750,35.215500,35.454000,614.438979
2017.04.18,00:00,35.352000,35.501500,35.276750,35.350000,731.735500
2017.04.19,00:00,35.452250,35.479750,35.111500,35.187000,660.303928
2017.04.20,00:00,35.304250,35.724500,35.288750,35.657000,678.336140
2017.04.21,00:00,35.624500,35.656750,35.462000,35.579750,644.550083
2017.04.24,00:00,35.877250,35.979250,35.794500,35.915000,608.696723
2017.04.25,00:00,35.969500,36.221500,35.969500,36.148000,664.518298
2017.04.26,00:00,36.119750,36.138500,35.842000,35.934750,798.580455
2017.04.27,00:00,35.971500,36.012000,35.825250,35.957250,704.858927
2017.04.28,00:00,35.989000,36.069750,35.814500,35.937500,714.193358
2017.05.01,00:00,36.246250,36.793000,36.227000,36.699000,750.110488
2017.05.02,00:00,36.881500,37.012500,36.708750,36.872250,695.592334
2017.05.03,00:00,36.376500,36.864500,36.067000,36.751500,873.462902
2017.05.04,00:00,36.629250,36.730000,36.452250,36.644750,740.269938
2017.05.05,00:00,36.689000,37.242000,36.687000,37.242000,652.326023
2017.05.08,00:00,37.257000,38.414500,37.254250,38.253500,803.748312
2017.05.09,00:00,38.444000,38.706250,38.364250,38.492500,768.019960
2017.05.10,00:00,38.399000,38.442000,38.027500,38.329500,676.529795
2017.05.11,00:00,38.162000,38.512000,38.075250,38.497250,655.687024
2017.05.12,00:00,38.649500,39.094750,38.649500,39.027500,684.423586
2017.05.15,00:00,39.002000,39.137000,38.760500,38.919500,625.226967
2017.05.16,00:00,38.994000,38.994000,38.679250,38.867250,597.433194
2017.05.17,00:00,38.479000,38.599500,37.431500,37.576500,888.312720
2017.05.18,00:00,37.809250,38.314750,37.779250,38.130000,822.710012
2017.05.19,00:00,38.339000,38.491500,38.156750,38.259000,677.773156
2017.05.22,00:00,38.506500,38.627500,38.226750,38.489500,603.231164
2017.05.23,00:00,38.704750,38.704750,38.327250,38.445750,610.164680
2017.05.24,00:00,38.451250,38.522250,38.169500,38.327250,628.105677
2017.05.25,00:00,38.417000,38.577250,38.257500,38.472250,625.804700
2017.05.26,00:00,38.452000,38.527000,38.327000,38.406000,614.116596
2017.05.30,00:00,38.336500,38.597250,38.332250,38.422250,586.421832
2017.05.31,00:00,38.501250,38.502000,38.094000,38.222250,712.200781
2017.06.01,00:00,38.287250,38.317000,38.052000,38.279500,659.759028
2017.06.02,00:00,38.381500,38.849000,38.222000,38.832750,671.928027
2017.06.05,00:00,38.567000,38.593250,38.364500,38.487250,673.542499
2017.06.06,00:00,38.467000,38.947000,38.447250,38.637250,703.064564
2017.06.07,00:00,38.739750,38.976750,38.627000,38.852000,701.609540
2017.06.08,00:00,38.812000,38.857250,38.600250,38.751750,687.200924
2017.06.09,00:00,38.792250,38.792250,36.506750,37.206000,1025.084709
2017.06.12,00:00,36.398750,36.492250,35.654500,36.352750,1108.430963
2017.06.13,00:00,36.776750,36.845000,36.286500,36.643750,871.804539
2017.06.14,00:00,36.866750,36.866750,35.960000,36.291250,878.481016
2017.06.15,00:00,35.774500,36.112250,35.557250,36.077250,869.828496
2017.06.16,00:00,35.927250,36.114500,35.550250,35.591750,826.833437
2017.06.19,00:00,35.974250,36.678250,35.925000,36.586750,767.382463
2017.06.20,00:00,36.707000,36.707000,36.236500,36.277500,740.488705
2017.06.21,00:00,36.370000,36.505000,36.152500,36.490500,810.839996
2017.06.22,00:00,36.432500,36.665250,36.278000,36.432500,773.159997
2017.06.23,00:00,36.283000,36.778000,36.275750,36.612500,758.719997
2017.06.26,00:00,36.770000,37.067500,36.345000,36.452500,895.519996
2017.06.27,00:00,36.253000,36.532500,35.906000,36.030000,961.919998
2017.06.28,00:00,35.980000,36.516000,35.790000,36.457500,799.759997
2017.06.29,00:00,36.175000,36.263000,35.570000,35.948000,1162.759998
2017.06.30,00:00,36.033250,36.222500,35.945000,36.077500,823.759999
2017.07.03,00:00,36.240000,36.300000,35.775750,35.895250,519.600000
2017.07.05,00:00,35.925500,36.183000,35.680000,36.072750,844.119996
2017.07.06,00:00,35.762500,35.847750,35.603250,35.710000,898.319998
2017.07.07,00:00,35.725750,36.185000,35.725000,36.062500,798.599997
2017.07.10,00:00,36.040000,36.483000,35.840000,36.302500,743.479997
2017.07.11,00:00,36.163500,36.460000,36.092500,36.410000,785.319997
2017.07.12,00:00,36.487500,36.520000,36.206000,36.451000,776.879997
2017.07.13,00:00,36.385000,37.117500,36.378000,36.965000,820.679995
2017.07.14,00:00,36.996000,37.327500,36.832500,37.285750,713.159998
2017.07.17,00:00,37.220250,37.708750,37.142500,37.408000,751.519998
2017.07.18,00:00,37.287500,37.522500,37.167500,37.522500,747.719997
2017.07.19,00:00,37.632750,37.840000,37.485500,37.728250,690.679997
2017.07.20,00:00,37.905000,37.928750,37.545000,37.665000,733.919996
2017.07.21,00:00,37.467500,37.600250,37.220000,37.580000,691.359998
2017.07.24,00:00,37.630250,38.102500,37.503500,38.088250,728.319998
2017.07.25,00:00,38.086250,38.452750,38.072500,38.235000,768.159996
2017.07.26,00:00,38.351250,38.465000,38.263500,38.380750,719.759997
2017.07.27,00:00,38.447500,38.490000,36.850000,37.638250,999.840000
2017.07.28,00:00,37.427500,37.550000,37.297500,37.365000,833.519999
2017.07.31,00:00,37.475000,37.558000,37.031000,37.243250,800.439996
2017.08.01,00:00,37.332500,37.548250,37.100000,37.548250,770.799995
2017.08.02,00:00,39.870000,39.887500,39.040000,39.345000,979.879998
2017.08.03,00:00,39.257500,39.277500,38.757500,38.885000,841.599997
2017.08.04,00:00,39.001000,39.325000,38.920000,39.090000,866.319996
2017.08.07,00:00,39.240750,39.727500,39.165000,39.712750,722.959997
2017.08.08,00:00,39.650000,40.433250,39.565000,40.035000,944.999997
2017.08.09,00:00,39.815000,40.302500,39.802500,40.297500,931.079999
2017.08.10,00:00,39.943250,39.980000,38.655000,38.836250,1123.839999
2017.08.11,00:00,39.135000,39.635750,39.012500,39.375000,940.279997
2017.08.14,00:00,39.830750,40.035000,39.687500,40.010000,841.719996
2017.08.15,00:00,40.147500,40.541000,40.035000,40.415500,853.559996
2017.08.16,00:00,40.475000,40.617500,40.042500,40.242500,932.559998
2017.08.17,00:00,40.112500,40.153500,39.460000,39.497500,1090.960000
2017.08.18,00:00,39.453750,39.850000,39.181000,39.405750,1039.359998
2017.08.21,00:00,39.352500,39.450250,38.777500,39.322500,933.039997
2017.08.22,00:00,39.550000,39.992750,39.503250,39.967500,799.919997
2017.08.23,00:00,39.750000,40.096000,39.717500,40.022500,840.399998
2017.08.24,00:00,40.112500,40.158750,39.637500,39.857500,1014.720000
2017.08.25,00:00,39.922500,40.132500,39.812750,39.971250,873.079997
2017.08.28,00:00,40.038500,40.493250,39.985000,40.383500,817.879998
2017.08.29,00:00,40.013250,40.776000,40.000000,40.760000,877.079998
2017.08.30,00:00,40.927500,40.965000,40.650000,40.835000,886.679998
2017.08.31,00:00,40.908750,41.126000,40.870750,41.007500,812.759995
2017.09.01,00:00,41.183250,41.215000,40.905250,41.013500,801.199996
2017.09.05,00:00,40.920000,41.053250,40.138000,40.546000,978.919998
2017.09.06,00:00,40.682750,40.715500,40.128000,40.485000,671.240001
2017.09.07,00:00,40.517500,40.542500,40.087500,40.312500,535.960001
2017.09.08,00:00,40.210000,40.267500,39.630000,39.660000,519.479999
2017.09.11,00:00,40.142500,40.502750,39.973500,40.367500,627.280001
2017.09.12,00:00,40.675000,40.933000,39.692500,40.200000,1266.319999
2017.09.13,00:00,39.951250,39.951250,39.475000,39.912500,1015.119998
2017.09.14,00:00,39.770000,39.847500,39.522500,39.572500,596.958600
2017.09.15,00:00,39.547250,40.219250,39.499750,39.984500,531.344775
2017.09.18,00:00,40.016750,40.114500,39.499250,39.659500,633.703083
2017.09.19,00:00,39.864500,39.927000,39.612000,39.679500,584.634570
2017.09.20,00:00,39.497000,39.497000,38.457000,39.007000,901.122639
2017.09.21,00:00,38.912000,38.912000,38.187000,38.362000,846.534354
2017.09.22,00:00,38.001750,38.054250,37.639250,37.963000,756.058036
2017.09.25,00:00,37.491750,37.941750,37.294250,37.641750,822.261789
2017.09.26,00:00,37.936750,38.469500,37.921750,38.307000,752.787128
2017.09.27,00:00,38.446750,38.671750,38.384500,38.565000,682.876880
2017.09.28,00:00,38.437000,38.527500,38.174250,38.309500,604.719931
2017.09.29,00:00,38.302000,38.526500,37.999250,38.526500,527.452718
2017.10.02,00:00,38.539250,38.577000,38.179250,38.482000,591.228517
2017.10.03,00:00,38.499500,38.754500,38.474500,38.619500,473.873244
2017.10.04,00:00,38.401750,38.452000,38.116750,38.364500,549.802988
2017.10.05,00:00,38.529500,38.847000,38.513000,38.847000,608.967367
2017.10.06,00:00,38.719500,38.846750,38.639250,38.822000,512.876964
2017.10.09,00:00,38.961750,39.169250,38.872000,38.967000,445.018948
2017.10.10,00:00,38.992000,39.121750,38.774250,38.974500,457.324140
2017.10.11,00:00,38.961750,39.229500,38.934500,39.165500,467.893468
2017.10.12,00:00,39.082000,39.319500,38.929250,39.019500,433.949537
2017.10.13,00:00,39.184500,39.314500,39.101750,39.249500,373.928263
2017.10.16,00:00,39.462000,39.996750,39.407000,39.984500,375.849020
2017.10.17,00:00,39.952000,40.204250,39.807000,40.119250,373.343048
2017.10.18,00:00,40.101750,40.149250,39.899250,39.939500,280.002664
2017.10.19,00:00,39.146750,39.229500,38.754250,38.992000,541.118205
2017.10.20,00:00,39.228750,39.429500,38.989250,39.054250,365.959864
2017.10.23,00:00,39.212000,39.412000,38.969500,39.064500,400.314853
2017.10.24,00:00,39.061750,39.344500,39.049250,39.272000,365.038436
2017.10.25,00:00,39.212000,39.364250,38.816750,39.117000,503.008293
2017.10.26,00:00,39.272000,39.434250,39.194250,39.379500,416.178564
2017.10.27,00:00,39.811750,40.894500,39.672000,40.759500,615.139085
2017.10.30,00:00,40.955000,41.985000,40.930000,41.730000,638.545776
2017.10.31,00:00,41.975000,42.400000,41.739750,42.297500,439.621068
2017.11.01,00:00,42.466250,42.466250,41.405000,41.712500,616.856852
2017.11.02,00:00,41.875000,42.104500,41.316750,42.039500,572.084208
2017.11.03,00:00,43.491750,43.491750,42.779250,43.119500,581.773313
2017.11.06,00:00,43.049500,43.739500,42.929250,43.614500,489.865796
2017.11.07,00:00,43.474500,43.802000,43.399250,43.697000,503.531748
2017.11.08,00:00,43.657000,44.052000,43.582000,44.052000,347.982872
2017.11.09,00:00,43.779500,43.987000,43.284250,43.974500,600.639672
2017.11.10,00:00,43.796250,43.822000,43.567000,43.674500,404.292596
2017.11.13,00:00,43.377000,43.609500,43.349250,43.499500,340.543176
2017.11.14,00:00,43.259250,43.359250,42.794250,42.857000,512.936059
2017.11.15,00:00,42.471750,42.564500,42.094500,42.277000,554.246187
2017.11.16,00:00,42.789250,42.954500,42.574250,42.837000,430.453108
2017.11.17,00:00,42.759250,42.834500,42.409250,42.534500,429.387111
2017.11.20,00:00,42.569500,42.632000,42.387000,42.497000,356.676820
2017.11.21,00:00,42.745250,43.406750,42.714500,43.292000,491.303739
2017.11.22,00:00,43.331750,43.745500,43.261750,43.737000,517.272741
2017.11.24,00:00,43.756750,43.844500,43.659250,43.739250,251.020645
2017.11.27,00:00,43.739250,43.739250,43.332000,43.549500,559.983847
2017.11.28,00:00,43.556750,43.694500,42.965250,43.257000,631.534344
2017.11.29,00:00,43.129500,43.206750,41.787750,42.377000,946.895934
2017.11.30,00:00,42.614250,43.022000,42.111750,43.013000,757.773679
2017.12.01,00:00,42.487000,42.884250,42.131750,42.789500,825.370001
2017.12.04,00:00,43.109250,43.126750,42.406750,42.486750,839.553667
2017.12.05,00:00,42.287000,42.869500,42.104250,42.474250,807.078472
2017.12.06,00:00,41.819250,42.534500,41.614500,42.267000,693.812841
2017.12.07,00:00,42.239250,42.597000,42.229500,42.384250,667.327760
2017.12.08,00:00,42.557000,42.722250,42.204250,42.329250,560.981035
2017.12.11,00:00,42.281750,43.213000,42.199250,43.174250,618.283839
2017.12.12,00:00,43.017000,43.076750,42.866750,42.944500,498.774347
2017.12.13,00:00,43.139250,43.366750,42.999500,43.126750,586.188861
2017.12.14,00:00,43.099500,43.277000,42.912000,43.074500,603.301789
2017.12.15,00:00,43.261750,43.529250,43.149250,43.479500,604.251899
2017.12.18,00:00,43.712000,44.284500,43.712000,44.149500,535.754095
2017.12.19,00:00,43.666750,43.836750,43.521750,43.627000,538.225781
2017.12.20,00:00,43.717000,43.827000,43.314250,43.592000,475.077340
2017.12.21,00:00,43.524500,43.990500,43.524500,43.786750,504.178868
2017.12.22,00:00,43.664500,43.832500,43.651750,43.759500,436.593419
2017.12.26,00:00,42.649250,42.839250,42.417000,42.639500,505.719960
2017.12.27,00:00,42.529250,42.674250,42.424750,42.639250,423.269676
2017.12.28,00:00,42.772000,42.957000,42.619250,42.727500,337.888620
2017.12.29,00:00,42.632000,42.632000,42.304250,42.324250,427.964968
2018.01.02,00:00,42.534500,43.049500,42.314250,43.049500,446.676885
2018.01.03,00:00,43.131750,43.632000,42.991750,43.039500,497.588039
2018.01.04,00:00,43.157000,43.364500,43.019500,43.267000,448.925713
2018.01.05,00:00,43.374250,43.786750,43.263250,43.750250,500.351724
2018.01.08,00:00,43.574500,43.882000,43.481750,43.594250,453.008932
2018.01.09,00:00,43.624500,43.749250,43.349250,43.609500,517.954640
2018.01.10,00:00,43.274250,43.572000,43.249250,43.572000,555.362128
2018.01.11,00:00,43.634500,43.859250,43.624250,43.817000,444.881187
2018.01.12,00:00,44.011750,44.329500,43.914500,44.249250,512.240101
2018.01.16,00:00,44.474250,44.839500,44.031750,44.094500,865.911426
2018.01.17,00:00,44.024250,44.807000,43.761750,44.787000,721.517744
2018.01.18,00:00,44.827000,45.019500,44.559250,44.844500,226.669340
2018.01.19,00:00,44.637000,44.874250,44.351750,44.612000,227.857012
2018.01.22,00:00,44.314250,44.434500,44.166750,44.215750,151.652508
2018.01.23,00:00,44.321750,44.849250,44.204250,44.269500,381.590181
2018.01.24,00:00,44.291750,44.291750,43.299250,43.556750,1790.200571
2018.01.25,00:00,43.587000,43.709500,42.631750,42.802000,685.037226
2018.01.26,00:00,42.986750,42.986750,42.514250,42.862250,201.197928
2018.01.29,00:00,42.469500,42.469500,41.766750,42.061750,535.847645
2018.01.30,00:00,41.356750,41.817000,41.171750,41.762000,1047.242192
2018.01.31,00:00,41.699500,42.089500,41.624250,41.867000,857.891829
2018.02.01,00:00,41.799500,42.141750,41.687000,41.944250,546.698413
2018.02.02,00:00,41.499500,41.499500,40.024500,40.097000,290.084757
2018.02.05,00:00,39.774250,40.941750,38.999500,39.304500,262.156232
2018.02.06,00:00,38.749500,40.884250,38.499250,40.726750,268.410860
2018.02.07,00:00,40.744250,40.744250,39.764250,39.912000,749.033960
2018.02.08,00:00,40.064500,40.202000,38.760000,39.009250,1415.415568
2018.02.09,00:00,39.249250,39.464250,37.561750,39.021750,1123.015957
2018.02.12,00:00,39.619250,40.954500,39.374250,40.732000,1381.455455
2018.02.13,00:00,40.444500,41.184500,40.427000,41.107000,1213.003940
2018.02.14,00:00,40.754250,41.874500,40.719250,41.854500,1110.094161
2018.02.15,00:00,42.437000,43.261750,42.249250,43.239500,1292.988856
2018.02.16,00:00,43.106250,43.694250,42.939500,43.146750,1246.406927
2018.02.20,00:00,43.002000,43.556750,42.851750,42.976750,1087.008655
2018.02.21,00:00,43.187000,43.514250,42.761750,42.804500,395.289352
2018.02.22,00:00,42.979250,43.477000,42.924250,43.159500,374.015952
2018.02.23,00:00,43.436750,43.907000,43.384250,43.887000,245.662109
2018.02.26,00:00,44.072000,44.834500,44.069500,44.747000,243.135660
2018.02.27,00:00,44.771750,45.106750,44.536750,44.637000,408.871816
2018.02.28,00:00,44.811750,45.141750,44.511750,44.614500,921.007163
2018.03.01,00:00,44.634500,44.899250,43.169250,43.764500,236.948012
2018.03.02,00:00,43.164500,44.069500,43.111750,44.066750,149.071524
2018.03.05,00:00,43.767000,44.419250,43.629250,44.254500,619.144173
2018.03.06,00:00,44.469250,44.547000,44.032000,44.171750,934.067325
2018.03.07,00:00,43.771750,43.934250,43.564250,43.746750,111.113200
2018.03.08,00:00,43.856750,44.266750,43.766750,44.237000,98.139220
2018.03.09,00:00,44.441750,44.990750,44.344250,44.990750,80.222940
2018.03.12,00:00,45.049500,45.589250,45.049500,45.519250,72.429676
2018.03.13,00:00,45.616750,45.869500,44.806750,45.032000,119.354840
2018.03.14,00:00,45.086750,45.086750,44.451750,44.624000,117.026492
2018.03.15,00:00,44.599250,45.037000,44.516750,44.714500,67.966380
2018.03.16,00:00,44.656750,44.767000,44.404500,44.539250,50.613212
2018.03.19,00:00,44.324250,44.324250,43.412000,43.839500,90.803828
2018.03.20,00:00,43.819500,44.169500,43.734250,43.817000,72.127544
2018.03.21,00:00,43.739250,43.749250,42.816750,42.846750,69.515592
2018.03.22,00:00,42.487000,43.154500,42.148250,42.262000,141.950352
2018.03.23,00:00,42.124250,42.472000,41.246750,41.307000,149.445624
2018.03.26,00:00,41.999500,43.272000,41.604250,43.237000,112.991144
2018.03.27,00:00,43.414500,43.711750,41.754250,42.114500,148.834944
2018.03.28,00:00,41.772000,42.479500,41.297000,41.661750,156.097116
2018.03.29,00:00,42.002000,42.932000,41.722000,42.247000,104.552608
2018.04.02,00:00,41.937000,42.214250,41.114250,41.659250,2163.669750
2018.04.03,00:00,41.906750,42.167000,41.214500,42.134250,2281.905688
2018.04.04,00:00,41.214250,42.996750,41.201750,42.982000,611.808758
2018.04.05,00:00,43.132000,43.544500,43.015250,43.279500,590.864401
2018.04.06,00:00,42.721500,43.099250,42.049250,42.162000,413.737601
2018.04.09,00:00,42.449500,43.249250,42.449500,42.566750,251.985408
2018.04.10,00:00,43.272000,43.482000,42.892250,43.331750,284.912769
2018.04.11,00:00,42.949500,43.466750,42.924250,43.109500,250.620572
2018.04.12,00:00,43.349250,43.742000,43.259250,43.589250,197.516476
2018.04.13,00:00,43.716750,43.934250,43.461750,43.714500,262.058976
2018.04.16,00:00,43.744250,44.037000,43.707000,43.979500,167.531348
2018.04.17,00:00,44.101750,44.722000,44.101750,44.574500,153.303404
2018.04.18,00:00,44.441750,44.679250,44.216750,44.474500,149.338468
2018.04.19,00:00,43.694500,43.773000,43.164250,43.256750,228.616684
2018.04.20,00:00,42.629500,42.629500,41.356750,41.489250,267.668675
2018.04.23,00:00,41.699250,41.699250,41.019250,41.309500,104.389012
2018.04.24,00:00,41.427000,41.559250,40.304250,40.734500,147.776016
2018.04.25,00:00,40.651750,41.344500,40.599250,40.939500,186.828520
2018.04.26,00:00,41.009250,41.409500,40.839250,41.059250,288.634112
2018.04.27,00:00,40.996750,41.015500,40.157000,40.637000,171.476212
2018.04.30,00:00,40.526750,41.789250,40.456750,41.384500,206.697120
2018.05.01,00:00,41.592000,42.287000,41.314500,42.287000,269.165644
2018.05.02,00:00,43.802000,44.416750,43.446750,44.192000,264.250356
2018.05.03,00:00,43.911750,44.354500,43.609250,44.242000,429.762657
2018.05.04,00:00,44.534500,46.051750,44.534500,45.974250,580.428424
2018.05.07,00:00,46.294250,46.901750,46.184250,46.299500,527.145278
2018.05.08,00:00,46.234500,46.539500,45.917000,46.509250,554.064211
2018.05.09,00:00,46.637000,46.826750,46.297000,46.826750,440.769343
2018.05.10,00:00,46.924500,47.562000,46.916750,47.514500,520.738544
2018.05.11,00:00,47.334250,47.499500,46.859500,47.141750,549.740895
2018.05.14,00:00,47.231750,47.369500,46.959500,47.039250,500.130904
2018.05.15,00:00,46.689500,46.752000,46.271750,46.612000,583.865081
2018.05.16,00:00,46.517000,47.092000,46.499250,47.034500,536.648032
2018.05.17,00:00,46.987000,47.214250,46.584500,46.792000,504.813487
2018.05.18,00:00,46.789250,46.932000,46.527000,46.609250,488.289080
2018.05.21,00:00,46.962000,47.307000,46.724250,46.904500,269.231852
2018.05.22,00:00,47.083750,47.182000,46.692000,46.817000,269.023261
2018.05.23,00:00,46.576750,47.119500,46.434250,47.119500,295.769992
2018.05.24,00:00,47.182000,47.182000,46.549500,47.046750,274.763384
2018.05.25,00:00,47.054500,47.404250,46.902000,47.169500,271.667765
2018.05.29,00:00,46.909250,47.154500,46.716750,46.979250,345.511283
2018.05.30,00:00,46.936250,46.979500,46.689250,46.909500,285.618448
2018.05.31,00:00,46.801750,47.034500,46.529250,46.767250,221.879836
2018.06.01,00:00,46.972000,47.559250,46.936750,47.559250,201.726656
2018.06.04,00:00,47.904250,48.334500,47.834250,47.959500,201.372152
2018.06.05,00:00,48.259500,48.479500,48.084500,48.344500,196.325328
2018.06.06,00:00,48.402000,48.492000,47.979250,48.492000,251.179784
2018.06.07,00:00,48.536250,48.536250,48.079250,48.386750,310.972460
2018.06.08,00:00,47.764250,47.989250,47.439250,47.927000,259.231669
2018.06.11,00:00,47.819500,47.961750,47.549500,47.809500,327.963448
2018.06.12,00:00,47.839500,48.139500,47.784250,48.079500,230.695456
2018.06.13,00:00,48.116750,48.207000,47.612000,47.669250,245.222008
2018.06.14,00:00,47.884500,47.884500,47.551750,47.739250,255.097244
2018.06.15,00:00,47.496750,47.496750,47.071750,47.299500,283.187379
2018.06.18,00:00,46.964250,47.294500,46.796750,47.219500,265.166364
2018.06.19,00:00,46.272000,46.559500,45.859250,46.452000,328.128848
2018.06.20,00:00,46.582000,46.792000,46.429250,46.637000,263.507392
2018.06.21,00:00,46.794250,47.066750,46.239250,46.367000,320.566904
2018.06.22,00:00,46.487000,46.501750,46.199500,46.299500,270.292076
2018.06.25,00:00,45.836750,46.159250,45.176750,45.617000,978.233571
2018.06.26,00:00,45.634250,46.614250,45.632000,46.116750,751.501791
2018.06.27,00:00,46.296750,46.794250,46.029250,46.077000,892.525843
2018.06.28,00:00,46.002000,46.544500,45.947000,46.412000,800.792963
2018.06.29,00:00,46.561750,46.744500,46.319250,46.427250,646.357156
2018.07.02,00:00,45.954250,46.807000,45.849500,46.806750,568.442119
2018.07.03,00:00,46.934250,46.961750,45.899250,45.899250,351.265620
2018.07.05,00:00,46.306250,46.592000,46.069500,46.379500,484.900981
2018.07.06,00:00,46.349500,47.097000,46.321750,47.027000,485.750327
2018.07.09,00:00,47.352000,47.659500,47.324250,47.659500,443.603964
2018.07.10,00:00,47.646750,47.811750,47.549500,47.602000,451.960649
2018.07.11,00:00,47.152000,47.421750,46.914250,46.974500,522.781975
2018.07.12,00:00,47.362000,47.841750,47.347000,47.781750,445.312705
2018.07.13,00:00,47.752000,47.941750,47.721750,47.871750,415.617600
2018.07.16,00:00,47.909250,48.139500,47.599250,47.737000,377.889863
2018.07.17,00:00,47.437000,47.959500,47.296750,47.889500,443.169599
2018.07.18,00:00,47.942000,47.942000,47.479250,47.619250,396.427512
2018.07.19,00:00,47.414500,48.127000,47.411750,48.004500,518.941172
2018.07.20,00:00,47.931750,48.086750,47.544500,47.809500,456.350434
2018.07.23,00:00,47.644250,47.969250,47.387000,47.899250,418.134996
2018.07.24,00:00,48.044250,48.397000,48.009250,48.239500,545.321452
2018.07.25,00:00,48.229250,48.692000,48.104250,48.692000,453.220012
2018.07.26,00:00,48.646750,48.976750,48.401750,48.587000,540.618645
2018.07.27,00:00,48.744500,48.744500,47.524250,47.729500,755.295048
2018.07.30,00:00,47.971750,48.044500,47.264250,47.479500,693.717576
2018.07.31,00:00,47.581750,48.002750,47.331750,47.679500,605.187160
2018.08.01,00:00,49.777000,50.429500,49.325500,50.429500,724.417109
2018.08.02,00:00,50.144250,52.076750,50.082000,51.906750,775.198928
2018.08.03,00:00,51.754500,52.157750,51.364250,51.994500,612.517732
2018.08.06,00:00,51.989500,52.306750,51.766750,52.279500,540.260644
2018.08.07,00:00,52.344250,52.359500,51.684250,51.802000,541.809183
2018.08.08,00:00,51.509250,51.934250,51.129250,51.836750,486.844132
2018.08.09,00:00,51.852000,52.434500,51.834250,52.259250,451.289696
2018.08.10,00:00,51.811750,52.237000,51.664500,51.914250,561.798360
2018.08.13,00:00,51.939250,52.719500,51.939250,52.282000,549.801997
2018.08.14,00:00,52.522000,52.634250,52.059500,52.434500,401.836498
2018.08.15,00:00,52.271750,52.671750,52.084500,52.599500,667.007100
2018.08.16,00:00,52.942500,53.444500,52.864250,53.356750,449.405388
2018.08.17,00:00,53.361750,54.471750,53.286750,54.432000,593.204624
2018.08.20,00:00,54.509250,54.734250,53.771750,53.862000,489.188355
2018.08.21,00:00,54.162000,54.284250,53.501750,53.832000,502.278031
2018.08.22,00:00,53.524500,54.077000,53.459250,53.807000,416.724708
2018.08.23,00:00,53.652000,54.224500,53.652000,53.891750,483.591727
2018.08.24,00:00,54.112000,54.199250,53.774250,54.069250,418.325472
2018.08.27,00:00,54.261750,54.649250,54.076750,54.496750,454.963924
2018.08.28,00:00,54.746750,55.129500,54.726750,54.919250,447.721359
2018.08.29,00:00,55.051750,55.854500,54.846750,55.854500,524.527900
2018.08.30,00:00,55.809250,57.037000,55.596750,56.296750,757.601903
2018.08.31,00:00,56.612000,57.194250,56.554500,56.964500,681.986432
2018.09.04,00:00,56.879250,57.279500,56.744500,57.116750,546.951640
2018.09.05,00:00,57.224250,57.367000,56.274250,56.704500,669.886396
2018.09.06,00:00,56.549500,56.769500,55.319250,55.781750,722.519262
2018.09.07,00:00,55.459500,56.317000,55.174500,55.364250,1863.324006
2018.09.10,00:00,55.224500,55.372000,54.119250,54.644500,667.574804
2018.09.11,00:00,54.472000,56.052000,54.134250,55.991750,669.608273
2018.09.12,00:00,56.212000,56.212000,54.962000,55.249500,814.313493
2018.09.13,00:00,55.892000,57.072000,55.634500,56.594250,643.774060
2018.09.14,00:00,56.431750,56.697000,55.626750,55.919500,620.867280
2018.09.17,00:00,55.502000,55.679500,54.312000,54.487000,654.275194
2018.09.18,00:00,54.444250,55.329500,54.276750,54.618000,573.665000
2018.09.19,00:00,54.622000,54.854500,53.819500,54.614500,543.721949
2018.09.20,00:00,55.074500,55.539250,54.792000,55.072000,456.298112
2018.09.21,00:00,55.152000,55.292000,54.319250,54.582000,493.439147
2018.09.24,00:00,54.196750,55.297000,54.154250,55.272000,560.458472
2018.09.25,00:00,54.934500,55.674500,54.924500,55.579250,457.606032
2018.09.26,00:00,55.246750,55.919250,54.969500,55.117000,543.952571
2018.09.27,00:00,55.944500,56.594500,55.886750,56.364500,598.804829
2018.09.28,00:00,56.184250,56.452000,55.999500,56.452000,536.000521
2018.10.01,00:00,56.971750,57.332000,56.582000,56.854500,711.809713
2018.10.02,00:00,56.822000,57.491750,56.657500,57.384500,683.473489
2018.10.03,00:00,57.512000,58.329500,57.441750,58.036750,751.129400
2018.10.04,00:00,57.711750,57.917000,56.679500,56.967500,924.692267
2018.10.05,00:00,56.984500,56.984500,55.139500,56.037000,994.985052
2018.10.08,00:00,55.404500,56.169750,55.047000,56.011750,1033.616132
2018.10.09,00:00,55.904250,56.799250,55.557000,56.725500,1620.324240
2018.10.10,00:00,56.332000,56.545500,54.015000,54.204500,2026.646259
2018.10.11,00:00,53.654500,54.820250,53.074500,53.724500,178.417496
2018.10.12,00:00,55.244500,55.669500,54.206750,55.619500,157.268232
2018.10.15,00:00,55.248000,55.439250,54.329500,54.427000,186.254388
2018.10.16,00:00,54.734500,55.684250,54.186750,55.662000,206.934979
2018.10.17,00:00,55.542000,55.649250,54.831750,55.288000,207.891652
2018.10.18,00:00,54.446750,54.902000,53.719250,54.014250,249.990884
2018.10.19,00:00,54.519250,55.279500,54.352000,54.893000,199.719928
2018.10.22,00:00,54.959500,55.804250,54.856750,55.281750,230.090304
2018.10.23,00:00,53.942000,55.789500,53.674250,55.734500,250.253652
2018.10.24,00:00,55.632000,56.001750,53.632000,53.824500,234.052948
2018.10.25,00:00,54.422000,55.314500,54.196750,55.072000,486.826588
2018.10.26,00:00,53.971750,55.037250,53.166750,54.039250,1977.354038
2018.10.29,00:00,54.791750,54.894500,51.774500,53.139250,2143.301683
2018.10.30,00:00,52.786750,53.757000,52.312000,53.394500,2203.374030
2018.10.31,00:00,54.222000,55.084500,54.161750,54.796750,2192.127400
2018.11.01,00:00,54.761750,55.584250,54.201750,55.584250,1817.783790
2018.11.02,00:00,52.376750,53.392000,51.351750,51.524250,1676.984063
2018.11.05,00:00,51.054500,51.054500,49.541750,50.381750,1814.445133
2018.11.06,00:00,50.456750,51.136750,50.416750,51.004500,1705.546947
2018.11.07,00:00,51.467000,52.492000,51.029250,52.492000,1661.917409
2018.11.08,00:00,52.479250,52.479250,51.684250,52.119250,1992.432823
2018.11.09,00:00,51.374250,51.454500,50.559500,51.139250,2112.382551
2018.11.12,00:00,49.731750,49.841750,48.442000,48.574250,2357.971416
2018.11.13,00:00,47.904500,49.242000,47.872000,48.109500,2363.915265
2018.11.14,00:00,48.452000,48.604250,46.486750,46.687000,2191.461751
2018.11.15,00:00,47.089250,47.959500,46.716750,47.887000,2290.610555
2018.11.16,00:00,47.619500,48.696750,47.369250,48.454500,2127.269743
2018.11.19,00:00,47.472000,47.594250,46.244500,46.474500,2365.758282
2018.11.20,00:00,44.582000,45.346750,43.884500,44.266750,1509.248269
2018.11.21,00:00,44.917000,45.042000,44.136750,44.307000,281.945864
2018.11.23,00:00,43.722000,44.114250,43.029250,43.057000,167.567700
2018.11.26,00:00,43.536750,43.717000,42.564250,43.639500,310.240696
2018.11.27,00:00,42.899250,43.667000,42.719250,43.564500,356.219776
2018.11.28,00:00,44.159250,45.279250,43.729250,45.279250,406.186068
2018.11.29,00:00,45.659500,45.659500,44.424500,44.944500,361.706053
2018.11.30,00:00,45.069500,45.069500,44.254250,44.646750,309.928248
2018.12.03,00:00,46.096750,46.212000,45.297000,46.212000,392.539224
2018.12.04,00:00,45.219500,45.522000,44.064250,44.207000,379.830635
2018.12.06,00:00,42.922000,43.679250,42.604250,43.679250,396.816236
2018.12.07,00:00,43.362000,43.577000,42.074500,42.142000,449.593785
2018.12.10,00:00,41.234250,42.464500,40.929500,42.464500,347.494263
2018.12.11,00:00,42.919250,42.919250,41.744250,42.187000,242.387880
2018.12.12,00:00,42.573000,42.959500,42.249250,42.322000,196.778432
2018.12.13,00:00,42.604250,43.107000,42.385000,42.750250,178.290396
2018.12.14,00:00,42.221750,42.221750,41.317000,41.394250,236.846380
2018.12.17,00:00,41.349250,42.052000,40.679500,41.097000,261.684212
2018.12.18,00:00,41.329250,41.857250,41.094500,41.569750,242.833752
2018.12.19,00:00,41.484500,41.832000,39.779250,40.292000,308.929923
2018.12.20,00:00,40.049500,40.477000,38.842000,39.244500,311.947736
2018.12.21,00:00,38.947000,39.454250,37.405750,37.841750,333.996568
2018.12.24,00:00,37.019500,37.802000,36.669500,36.684500,158.303144
2018.12.26,00:00,37.071750,39.296750,36.677000,39.296750,368.727125
2018.12.27,00:00,38.939500,39.082500,37.512000,39.066750,417.099416
2018.12.28,00:00,39.364500,39.611750,38.634250,39.119500,363.592196
2018.12.31,00:00,39.622000,39.802000,39.121750,39.439250,321.088333
2019.01.02,00:00,38.711750,39.692250,38.557000,39.489500,281.404416
2019.01.03,00:00,35.981750,36.417000,35.496750,35.569500,395.142277
2019.01.04,00:00,36.139500,37.122000,35.946750,37.066750,380.454419
2019.01.07,00:00,37.159250,37.179500,36.471750,36.987000,356.045623
2019.01.08,00:00,37.394500,37.937000,37.129500,37.699500,344.764260
2019.01.09,00:00,37.849500,38.616750,37.406750,38.355000,388.915389
2019.01.10,00:00,38.071750,38.487000,37.714250,38.449500,374.270371
2019.01.11,00:00,38.224500,38.359250,37.874250,38.059500,311.172832
2019.01.14,00:00,37.734500,37.771750,37.301750,37.487000,339.284348
2019.01.15,00:00,37.554500,38.331750,37.506750,38.277000,435.309687
2019.01.16,00:00,38.244500,38.962000,38.244250,38.754500,460.057688
2019.01.17,00:00,38.546750,39.327000,38.311750,38.949500,424.893168
2019.01.18,00:00,39.384250,39.399500,38.994250,39.209500,444.348000
2019.01.22,00:00,39.129250,39.129250,38.174250,38.422000,487.368100
2019.01.23,00:00,38.514500,38.764500,37.921750,38.486750,928.179141
2019.01.24,00:00,38.474250,38.574500,37.929500,38.179500,821.512661
2019.01.25,00:00,38.849500,39.489500,38.569250,39.429500,700.382582
2019.01.28,00:00,39.429250,39.429250,38.414250,39.076750,806.624836
2019.01.29,00:00,39.044250,39.504250,38.524250,38.674500,815.049740
2019.01.30,00:00,40.806750,41.511750,40.064250,41.367000,1082.812566
2019.01.31,00:00,41.521750,42.239500,41.136750,41.681750,884.991025
2019.02.01,00:00,41.735000,42.226750,41.479250,41.664250,827.579144
2019.02.04,00:00,41.867000,42.906750,41.817000,42.812000,811.923260
2019.02.05,00:00,43.199250,43.739250,43.084250,43.524500,898.156353
2019.02.06,00:00,43.671750,43.859250,43.209500,43.564500,841.769365
2019.02.07,00:00,43.089250,43.454500,42.579250,42.751750,1106.560748
2019.02.08,00:00,42.217000,42.654500,42.104250,42.624500,946.597928
2019.02.11,00:00,42.774500,42.774500,42.309250,42.379250,741.211263
2019.02.12,00:00,42.529500,42.744250,42.421750,42.707000,582.081001
2019.02.13,00:00,42.847000,43.072000,42.476750,42.522000,660.599972
2019.02.14,00:00,42.424500,42.799500,42.342000,42.744500,751.586753
2019.02.15,00:00,42.824500,42.887000,42.434250,42.592000,741.007502
2019.02.19,00:00,42.421750,42.849250,42.341750,42.724500,605.594409
2019.02.20,00:00,42.792000,43.294500,42.751750,42.999500,818.478623
2019.02.21,00:00,42.937000,43.061750,42.571750,42.779250,776.459816
2019.02.22,00:00,42.841750,43.244250,42.839500,43.244250,645.975848
2019.02.25,00:00,43.494500,43.944500,43.482000,43.572000,835.267529
2019.02.26,00:00,43.397000,43.794500,43.286750,43.571750,807.547940
2019.02.27,00:00,43.306750,43.744500,43.177750,43.734500,862.080400
2019.02.28,00:00,43.577000,43.697000,43.227000,43.347000,821.968593
2019.03.01,00:00,43.569500,43.769500,43.216750,43.747000,729.360180
2019.03.04,00:00,43.914250,44.416750,43.492000,43.984500,998.415221
2019.03.05,00:00,43.974250,43.974500,43.631750,43.932000,737.601052
2019.03.06,00:00,43.666750,43.852000,43.481750,43.702000,861.547086
2019.03.07,00:00,43.496250,43.579250,43.004250,43.152000,918.054139
2019.03.08,00:00,42.561750,43.262000,42.371750,43.262000,939.647124
2019.03.11,00:00,43.234250,44.769500,43.234250,44.747000,380.546969
2019.03.12,00:00,44.994250,45.654500,44.842000,45.234500,887.449452
2019.03.13,00:00,45.549500,45.749250,45.227000,45.462000,832.905451
2019.03.14,00:00,45.989500,45.997000,45.636750,45.989250,748.506463
2019.03.15,00:00,46.192000,46.817000,45.929250,46.567000,773.253136
2019.03.18,00:00,46.429250,47.089500,46.429250,47.007000,716.456908
2019.03.19,00:00,47.069500,47.234250,46.476750,46.637000,808.182668
2019.03.20,00:00,46.552000,47.357000,46.186750,47.081750,943.086820
2019.03.21,00:00,47.504500,49.054250,47.460250,48.899500,1089.123888
2019.03.22,00:00,48.819500,49.364500,47.689250,47.811750,1269.085103
2019.03.25,00:00,47.879250,47.879250,46.647000,47.191750,1373.639842
2019.03.26,00:00,47.889500,48.177000,46.146750,46.687000,1367.252268
2019.03.27,00:00,47.172000,47.429250,46.632000,47.129500,1266.858029
2019.03.28,00:00,47.221750,47.325500,46.879250,47.177000,1049.332333
2019.03.29,00:00,47.481750,47.494500,47.131750,47.494500,937.602599
2019.04.01,00:00,47.887000,47.887000,47.091750,47.796750,853.172321
2019.04.02,00:00,47.759250,48.609500,47.759250,48.609500,839.535711
2019.04.03,00:00,48.322000,49.109500,48.287000,48.839500,845.634769
2019.04.04,00:00,48.719500,49.066750,48.691750,48.929250,832.458523
2019.04.05,00:00,49.099500,49.264500,48.989500,49.264500,860.216997
2019.04.08,00:00,49.099250,50.041750,49.079250,50.041750,861.189894
2019.04.09,00:00,50.072000,50.672000,49.801750,49.899500,986.558701
2019.04.10,00:00,49.674250,50.176750,49.541750,50.167000,872.247845
2019.04.11,00:00,50.209250,50.209250,49.607000,49.729000,850.515899
2019.04.12,00:00,49.781750,49.990000,49.052000,49.707000,1852.191062
2019.04.15,00:00,49.624250,49.922750,49.499500,49.801750,2151.275855
2019.04.16,00:00,49.839250,50.334250,49.634500,49.875250,2372.161942
2019.04.17,00:00,49.809250,50.824250,49.651750,50.796750,2526.758797
2019.04.18,00:00,50.776750,51.019250,50.624250,50.984500,2101.464083
2019.04.22,00:00,50.659500,51.214250,50.576750,51.152500,1776.935801
2019.04.23,00:00,51.102000,51.927750,50.969500,51.863000,2009.326152
2019.04.24,00:00,51.832000,52.110500,51.757000,51.847500,1891.278201
2019.04.25,00:00,51.701750,51.867750,51.274500,51.322000,2139.849045
2019.04.26,00:00,51.184250,51.222750,50.557000,51.087000,1014.219856
2019.04.29,00:00,51.122000,51.481750,50.961750,51.164500,465.084741
2019.04.30,00:00,50.759500,50.777000,49.779250,50.234500,670.312347
2019.05.01,00:00,52.494500,53.819500,52.304500,52.747000,868.228032
2019.05.02,00:00,52.464500,53.114500,52.037000,52.317000,815.779243
2019.05.03,00:00,52.646750,52.940750,52.552000,52.940750,632.125791
2019.05.06,00:00,51.052000,52.196750,50.872000,52.152750,786.238995
2019.05.07,00:00,51.446750,51.786750,50.202000,50.714500,1175.460094
2019.05.08,00:00,50.489500,51.307000,50.435000,50.789500,827.732827
2019.05.09,00:00,50.066750,50.389500,49.169250,50.174500,1389.213469
2019.05.10,00:00,49.359500,49.692000,48.186750,49.309500,1361.768454
2019.05.13,00:00,46.859500,47.312000,46.169500,46.457000,1652.643408
2019.05.14,00:00,46.614250,47.409250,46.352000,47.212000,1142.017741
2019.05.15,00:00,46.564250,47.926750,46.501750,47.759250,1244.871801
2019.05.16,00:00,47.399500,48.105000,47.204250,47.522000,737.912767
2019.05.17,00:00,46.756750,47.697000,46.699250,47.287000,304.137740
2019.05.20,00:00,45.874500,46.062000,45.069500,45.792000,315.426048
2019.05.21,00:00,46.296750,46.994500,46.169500,46.659500,221.618692
2019.05.22,00:00,46.144250,46.409500,45.634250,45.687000,253.394148
2019.05.23,00:00,44.946750,45.106750,44.449250,44.939500,844.793922
2019.05.24,00:00,45.049250,45.504250,44.651750,44.749250,867.627589
2019.05.28,00:00,44.722000,45.134250,44.478250,44.669500,836.334700
2019.05.29,00:00,44.104500,44.819500,43.999250,44.424250,1213.861808
2019.05.30,00:00,44.481750,44.769500,44.162000,44.591750,627.744321
2019.05.31,00:00,44.032000,44.479500,43.746750,43.804250,1223.487683
2019.06.03,00:00,43.874500,44.459500,42.591750,43.339500,1557.659980
2019.06.04,00:00,43.842000,44.947000,43.626750,44.947000,1282.891666
2019.06.05,00:00,46.041750,46.197000,45.279500,45.694500,869.992976
2019.06.06,00:00,45.749250,46.354500,45.531750,46.319250,760.831915
2019.06.07,00:00,46.649500,47.949500,46.439500,47.554500,798.477149
2019.06.10,00:00,47.942000,48.824250,47.921750,48.209500,653.139121
2019.06.11,00:00,48.711750,48.984500,48.394500,48.704500,680.332252
2019.06.12,00:00,48.484500,48.964500,48.342000,48.542000,567.429215
2019.06.13,00:00,48.676750,49.151750,48.419500,48.824500,614.775772
2019.06.14,00:00,47.862000,48.384500,47.571750,48.222000,568.271008
2019.06.17,00:00,48.184250,48.724500,48.034500,48.479500,479.135269
2019.06.18,00:00,48.979500,50.057000,48.807000,49.624250,949.758870
2019.06.19,00:00,49.919250,49.919250,49.332000,49.482000,918.969851
2019.06.20,00:00,50.061750,50.062000,49.506750,49.919500,1001.626951
2019.06.21,00:00,49.609500,50.199250,49.531750,49.701750,933.713138
2019.06.24,00:00,49.636750,50.014250,49.539500,49.669500,897.683256
2019.06.25,00:00,49.614500,49.791750,48.834250,48.934250,1321.816401
2019.06.26,00:00,49.449500,50.224500,49.329500,49.972000,1021.865159
2019.06.27,00:00,50.042000,50.369250,49.889250,49.967000,1047.071710
2019.06.28,00:00,49.659250,49.847000,49.256750,49.489500,985.898542
2019.07.01,00:00,50.776750,51.101750,50.156750,50.402000,1136.208514
2019.07.02,00:00,50.349250,50.769500,50.334500,50.674500,1020.550842
2019.07.03,00:00,50.789500,51.141750,50.666750,51.084250,569.651919
2019.07.05,00:00,50.749250,51.254500,50.739250,51.081750,1092.721936
2019.07.08,00:00,50.232000,50.319500,49.599250,49.997000,1104.535685
2019.07.09,00:00,49.769500,50.361750,49.699250,50.344500,980.930767
2019.07.10,00:00,50.479500,50.906750,50.387000,50.814250,1031.520098
2019.07.11,00:00,50.784500,51.079250,50.426750,50.482000,1103.958953
2019.07.12,00:00,50.604500,50.982000,50.546750,50.826750,955.644254
2019.07.15,00:00,51.024500,51.441750,50.996750,51.287000,901.261735
2019.07.16,00:00,51.184250,51.514500,50.871750,51.102000,1008.867228
2019.07.17,00:00,51.021750,51.264250,50.819250,50.874500,1039.742351
2019.07.18,00:00,50.999250,51.454500,50.921750,51.406750,1097.521149
2019.07.19,00:00,51.509250,51.572000,50.586750,50.654500,1245.720682
2019.07.22,00:00,50.896750,51.799250,50.896750,51.799250,1079.357878
2019.07.23,00:00,52.084500,52.217000,51.819250,52.206750,1078.488149
2019.07.24,00:00,51.911750,52.261750,51.789250,52.162000,826.489637
2019.07.25,00:00,52.174500,52.299500,51.679250,51.777000,1041.125115
2019.07.26,00:00,51.867000,52.414250,51.836750,51.992000,692.537785
2019.07.29,00:00,52.106750,52.649500,52.106750,52.459500,856.902247
2019.07.30,00:00,52.179500,52.532000,51.824250,52.239250,905.374530
2019.07.31,00:00,54.062000,55.324000,52.831750,53.369500,994.966456
2019.08.01,00:00,53.499500,54.482000,51.679500,52.109250,1206.334856
2019.08.02,00:00,51.254250,51.589250,50.404250,51.002000,1131.843243
2019.08.05,00:00,49.522000,49.569500,48.139500,48.359500,1314.738534
2019.08.06,00:00,49.101500,49.464500,48.506750,49.259250,1108.487060
2019.08.07,00:00,48.866750,49.884250,48.452000,49.884250,1328.156111
2019.08.08,00:00,50.094500,50.872000,49.846750,50.872000,845.457027
2019.08.09,00:00,50.314250,50.681750,49.821750,50.311750,982.263775
2019.08.12,00:00,49.914000,50.499500,49.784250,50.167000,851.870803
2019.08.13,00:00,50.247000,53.004500,50.219500,52.307000,1004.599358
2019.08.14,00:00,50.814000,51.597000,50.641750,50.749500,1105.082900
2019.08.15,00:00,50.887000,51.192000,49.929500,50.464250,1149.527561
2019.08.16,00:00,51.057000,51.769250,50.959250,51.667000,676.302456
2019.08.19,00:00,52.654500,53.129250,52.501750,52.622000,543.088067
2019.08.20,00:00,52.679500,53.317000,52.591750,52.642000,645.776440
2019.08.21,00:00,53.212000,53.404500,52.909500,53.169500,593.829379
2019.08.22,00:00,53.281750,53.597000,52.684500,53.174500,713.511191
2019.08.23,00:00,52.337000,52.967000,50.461750,50.704500,793.952397
2019.08.26,00:00,51.467000,51.767000,51.261750,51.647000,272.582964
2019.08.27,00:00,51.972000,52.009500,50.881750,51.102000,282.788876
2019.08.28,00:00,51.035750,51.416750,50.829250,51.389500,228.667420
2019.08.29,00:00,52.114500,52.324500,51.664500,52.271750,975.630648
2019.08.30,00:00,52.494250,52.510500,51.796750,52.129500,1294.889998
2019.09.03,00:00,51.546750,51.732000,51.051750,51.437000,3055.909998
2019.09.04,00:00,52.087000,52.357000,51.829500,52.307000,3102.750002
2019.09.05,00:00,52.991750,53.474500,52.876750,53.297000,3814.540011
2019.09.06,00:00,53.526750,53.566750,53.124500,53.324250,4007.299994
2019.09.09,00:00,53.687000,54.092000,53.456750,53.581750,4414.919995
2019.09.10,00:00,53.449500,54.157000,52.919500,54.157000,3938.140483
2019.09.11,00:00,54.458750,55.899500,54.424500,55.899500,2844.200002
2019.09.12,00:00,56.181750,56.534500,55.716750,55.812000,2453.970001
2019.09.13,00:00,54.754500,55.182000,54.254250,54.642000,3750.609993
2019.09.16,00:00,54.389500,55.017000,54.381750,55.012000,3191.179996
2019.09.17,00:00,54.974500,55.202000,54.774250,55.202000,2308.330003
2019.09.18,00:00,55.162000,55.707000,54.857000,55.707000,2276.299999
2019.09.19,00:00,55.532000,55.916750,55.092000,55.269500,2527.030005
2019.09.20,00:00,55.362000,55.597000,54.367000,54.502000,3677.059998
2019.09.23,00:00,54.714500,54.952000,54.411750,54.699500,2894.130002
2019.09.24,00:00,55.249500,55.594500,54.302000,54.472000,4350.109999
2019.09.25,00:00,54.634500,55.349500,54.284250,55.324500,4103.420002
2019.09.26,00:00,54.972000,55.214250,54.704250,54.979500,3966.169998
2019.09.27,00:00,55.124500,55.176750,54.317000,54.717000,4570.899994
2019.09.30,00:00,55.237000,56.126750,55.199250,56.019500,2953.629998
2019.10.01,00:00,56.244250,57.027000,56.049250,56.149500,4373.300009
2019.10.02,00:00,55.767000,55.789500,54.481750,54.821750,5096.759988
2019.10.03,00:00,54.551750,55.219500,53.781750,55.216750,4095.169993
2019.10.04,00:00,56.404500,56.847000,55.974500,56.769500,3425.449998
2019.10.07,00:00,56.522000,57.477000,56.456750,56.824250,3512.190000
2019.10.08,00:00,56.424500,56.984250,56.079250,56.179250,4851.820005
2019.10.09,00:00,56.727000,56.934500,56.409250,56.762000,3120.909998
2019.10.10,00:00,56.967000,57.597000,56.819250,57.541750,3991.619997
2019.10.11,00:00,58.222000,59.379250,58.071750,59.121750,3515.209998
2019.10.14,00:00,58.762000,59.522000,58.762000,59.019500,2878.119999
2019.10.15,00:00,59.089250,59.384500,58.719250,58.864500,2701.580005
2019.10.16,00:00,58.436750,58.781750,58.397000,58.634250,2763.580000
2019.10.17,00:00,58.743000,59.012000,58.379250,58.867000,3031.529997
2019.10.18,00:00,58.617000,59.369500,58.569500,59.199500,3552.240001
2019.10.21,00:00,59.387000,60.229500,59.374250,60.142000,2273.869997
2019.10.22,00:00,60.286750,60.529250,59.901750,60.042000,3673.679991
2019.10.23,00:00,60.514500,60.799500,60.299250,60.799500,3253.480002
2019.10.24,00:00,61.107000,61.107000,60.449250,60.887000,2253.450005
2019.10.25,00:00,60.739250,61.674500,60.719500,61.674500,2998.860006
2019.10.28,00:00,61.846750,62.292000,61.669500,62.292000,3088.439999
2019.10.29,00:00,62.241750,62.397000,60.639500,60.842000,3529.500008
2019.10.30,00:00,61.179250,61.214500,60.301750,60.862000,2115.840007
2019.10.31,00:00,61.796750,62.237000,61.399250,62.226750,3068.640000
2019.11.01,00:00,62.357000,63.967000,62.291750,63.967000,2320.479999
2019.11.04,00:00,64.327000,64.439250,63.844250,64.389250,2229.620003
2019.11.05,00:00,64.264500,64.529500,64.077000,64.309500,2635.749997
2019.11.06,00:00,64.194500,64.344500,63.836750,64.314500,2650.760000
2019.11.07,00:00,64.677000,65.079500,64.526750,64.857000,2822.260002
2019.11.08,00:00,64.677000,65.022000,64.204250,65.022000,2530.900001
2019.11.11,00:00,64.574500,65.604250,64.574500,65.552000,2250.789998
2019.11.12,00:00,65.382000,65.692000,65.229250,65.527000,2716.449999
2019.11.13,00:00,65.276750,66.184500,65.269500,66.164500,2679.280004
2019.11.14,00:00,65.969500,66.172000,65.524500,65.699500,2581.049994
2019.11.15,00:00,65.984250,66.404500,65.749250,66.404500,2379.330006
2019.11.18,00:00,66.449500,66.839500,66.054500,66.782000,2234.670004
2019.11.19,00:00,66.971750,66.971750,66.344500,66.607000,2032.050002
2019.11.20,00:00,66.419500,66.477000,65.094500,65.751750,2652.570038
2019.11.21,00:00,65.861750,65.987000,65.291750,65.537000,3697.280003
2019.11.22,00:00,65.627000,65.744500,65.206750,65.497000,3186.109998
2019.11.25,00:00,65.637000,66.589500,65.636750,66.589500,2577.790001
2019.11.26,00:00,66.726750,66.726750,66.236750,66.352000,2624.599998
2019.11.27,00:00,66.434500,66.984500,66.324500,66.984500,2472.660008
2019.11.29,00:00,66.554500,66.986750,66.474250,66.794250,1331.790008
2019.12.02,00:00,66.816750,67.014500,65.859500,66.197000,3351.200007
2019.12.03,00:00,64.527000,64.877000,64.082000,64.877000,4015.950006
2019.12.04,00:00,65.254500,65.812000,65.167000,65.479500,2839.469988
2019.12.05,00:00,65.934500,66.457000,65.681750,66.389500,2978.890008
2019.12.06,00:00,66.874500,67.747000,66.874500,67.654250,1986.120000
2019.12.09,00:00,67.499250,67.629500,66.226750,66.696750,2915.520000
2019.12.10,00:00,67.137000,67.514500,66.462000,67.147000,3041.880000
2019.12.11,00:00,67.162000,67.769500,67.162000,67.769500,2260.050000
2019.12.12,00:00,66.894500,68.079250,66.824250,67.839500,3032.550001
2019.12.13,00:00,67.864500,68.819500,67.729250,68.819500,2942.880000
2019.12.16,00:00,69.289500,70.182000,69.241750,69.991750,1757.099999
2019.12.17,00:00,69.939500,70.416750,69.752000,70.127000,2425.470400
2019.12.18,00:00,69.972000,70.467000,69.779250,69.997000,2370.759998
2019.12.19,00:00,69.879250,70.239500,69.734250,70.017000,2363.059996
2019.12.20,00:00,70.532000,70.532000,69.652000,69.932000,2900.869995
2019.12.23,00:00,70.157000,71.054500,70.156750,71.014500,2146.119998
2019.12.24,00:00,71.151750,71.214500,70.724500,71.061750,1107.940001
2019.12.26,00:00,71.211750,72.492000,71.174250,72.492000,2512.450004
2019.12.27,00:00,72.799500,73.426750,72.022000,72.449500,3204.210001
2019.12.30,00:00,72.347000,73.149500,71.304500,72.927000,3640.020004
2019.12.31,00:00,72.459500,73.412000,72.376750,73.412000,2886.239995
2020.01.02,00:00,74.062000,75.122000,73.841750,75.122000,2433.390002
2020.01.03,00:00,74.222000,75.136750,74.134250,74.494500,3895.579996
2020.01.06,00:00,73.444500,74.982000,73.199250,74.952000,3757.290004
2020.01.07,00:00,74.944500,75.187000,74.366750,74.589500,4012.010004
2020.01.08,00:00,74.302000,76.099500,74.301750,75.797000,3951.420011
2020.01.09,00:00,76.779500,77.579250,76.542000,77.407000,4469.270004
2020.01.10,00:00,77.692000,78.139500,77.056750,77.599500,4315.830004
2020.01.13,00:00,77.919250,79.262000,77.782000,79.262000,3338.350001
2020.01.14,00:00,79.182000,79.334500,78.036750,78.174250,4751.079997
2020.01.15,00:00,77.984500,78.834500,77.386750,77.874500,4117.100000
2020.01.16,00:00,78.392000,78.877000,78.017000,78.829500,3502.270004
2020.01.17,00:00,79.136750,79.674500,78.776750,79.674500,3439.150004
2020.01.21,00:00,79.276750,79.729500,79.052000,79.157000,3990.089993
2020.01.22,00:00,79.682000,79.989500,79.326750,79.482000,4050.039998
2020.01.23,00:00,79.457000,79.872000,78.907000,79.859500,4120.810005
2020.01.24,00:00,80.039250,80.794500,79.377000,79.579250,5932.479990
2020.01.27,00:00,77.436750,77.929250,76.560500,77.296750,4871.450003
2020.01.28,00:00,78.112000,79.579500,78.042000,79.451750,4678.170005
2020.01.29,00:00,81.112000,81.939500,80.344250,81.121750,4440.829983
2020.01.30,00:00,80.144500,80.984500,79.684500,80.984500,4740.440009
2020.01.31,00:00,80.259500,80.594500,77.061750,77.409500,4902.469994
2020.02.03,00:00,75.964500,78.349500,75.601750,77.192000,5527.400007
2020.02.04,00:00,78.884250,79.897000,78.407000,79.739500,3807.939998
2020.02.05,00:00,80.894500,81.094500,79.734250,80.354500,4903.940010
2020.02.06,00:00,80.717000,81.294500,80.077000,81.294500,3265.589991
2020.02.07,00:00,80.551750,80.844500,79.529250,79.997000,3993.369995
2020.02.10,00:00,78.542000,80.337000,78.464500,80.337000,2143.232266
2020.02.11,00:00,80.877000,80.911750,79.674250,79.889500,2196.253128
2020.02.12,00:00,80.412000,81.797000,80.409250,81.797000,2154.441051
2020.02.13,00:00,81.072000,81.549500,80.844250,81.249500,3367.335149
2020.02.14,00:00,81.179500,81.449500,80.709250,81.229500,3540.059994
2020.02.18,00:00,78.814500,79.906750,78.719250,79.754250,4115.470001
2020.02.19,00:00,80.029250,81.134500,80.009250,80.922000,3339.499998
2020.02.20,00:00,80.649250,81.116750,79.562000,80.104500,5186.540001
2020.02.21,00:00,79.584500,80.019500,77.624500,78.299500,3910.849997
2020.02.24,00:00,74.282000,76.014500,72.999250,74.654500,4178.169999
2020.02.25,00:00,75.201750,75.592000,71.537000,72.171750,6979.550002
2020.02.26,00:00,71.657000,74.454250,71.657000,73.269500,6806.830008
2020.02.27,00:00,70.342000,71.432000,68.259250,68.704250,7662.909995
2020.02.28,00:00,64.489250,69.502000,64.269500,68.437000,3225.940008
2020.03.02,00:00,70.557000,74.689500,69.434500,74.689500,9383.009997
2020.03.03,00:00,75.902000,75.902000,71.449500,72.497000,3883.969989
2020.03.04,00:00,74.437000,75.752000,73.272000,75.752000,7894.500928
2020.03.05,00:00,73.857000,74.827000,72.852000,73.479250,7807.369998
2020.03.06,00:00,70.472000,72.466750,70.314500,72.366750,8986.829993
2020.03.09,00:00,65.759500,69.467000,65.759500,66.954250,5404.110010
2020.03.10,00:00,69.262000,71.339500,67.332000,71.339500,7989.150015
2020.03.11,00:00,69.324500,70.204500,68.054500,69.016750,10196.429990
2020.03.12,00:00,64.202000,67.464250,62.049500,62.502000,6872.020126
2020.03.13,00:00,66.256750,69.594500,63.239500,69.594500,8808.959984
2020.03.16,00:00,69.482000,69.482000,59.996750,60.927000,5296.679996
2020.03.17,00:00,61.824500,64.364500,59.599250,63.292000,4435.599993
2020.03.18,00:00,59.944500,62.477000,59.279250,62.477000,3422.690001
2020.03.19,00:00,61.761750,63.006750,60.641750,61.244250,5197.789993
2020.03.20,00:00,61.784500,62.934500,56.999250,57.437000,9416.459994
2020.03.23,00:00,56.984500,56.984500,53.179250,56.517000,1336.769998
2020.03.24,00:00,59.194500,61.564500,58.574500,61.546750,8765.419995
2020.03.25,00:00,62.679500,64.454500,61.084500,61.374500,4677.330000
2020.03.26,00:00,61.607000,64.632000,61.587000,64.632000,6877.199985
2020.03.27,00:00,62.974500,63.957000,61.757000,62.042000,7638.300010
2020.03.30,00:00,62.737000,63.739250,62.354250,63.689500,7489.679998
2020.03.31,00:00,63.901750,65.582000,62.984500,63.572000,3865.570006
2020.04.01,00:00,61.649500,62.089500,59.781750,60.406750,8674.079990
2020.04.02,00:00,59.862000,61.231750,59.224500,61.231750,9522.590007
2020.04.03,00:00,60.659250,61.366750,59.739250,60.394250,6368.869996
2020.04.06,00:00,62.804250,65.726750,62.346750,65.712000,6649.149997
2020.04.07,00:00,67.864250,67.864250,64.741750,64.946750,6621.969990
2020.04.08,00:00,65.749250,66.737000,65.301750,66.469500,7138.760011
2020.04.09,00:00,67.124500,67.454500,66.164500,66.997000,7842.169997
2020.04.13,00:00,67.069250,68.354500,66.457000,68.297000,6798.840009
2020.04.14,00:00,70.004500,71.992000,69.501750,71.799500,5682.030000
2020.04.15,00:00,70.657000,71.526750,70.151750,71.149500,6187.430011
2020.04.16,00:00,71.834250,72.029250,70.584250,71.754500,6014.759981
2020.04.17,00:00,71.167000,71.534250,69.214500,70.697000,5680.740012
2020.04.20,00:00,69.451750,70.392000,69.246750,69.377000,5589.509998
2020.04.21,00:00,68.997500,69.174500,66.356750,67.279500,5756.230012
2020.04.22,00:00,68.469500,69.374250,68.041750,69.032000,5713.960006
2020.04.23,00:00,68.961750,70.399500,68.736750,68.807000,6721.699988
2020.04.24,00:00,69.249500,70.729500,69.247000,70.729500,6400.110002
2020.04.27,00:00,70.459500,71.089500,69.979250,70.839500,5544.499995
2020.04.28,00:00,71.286750,71.439500,69.552000,69.709500,7066.529999
2020.04.29,00:00,71.162000,72.369500,70.959500,71.982000,5646.240003
2020.04.30,00:00,72.451750,73.614250,72.074500,73.614250,3944.230008
2020.05.01,00:00,71.516750,74.669250,71.461750,72.472000,5516.530002
2020.05.04,00:00,72.259500,73.404500,71.572000,73.394500,6234.359986
2020.05.05,00:00,73.744250,75.242000,73.611750,74.547000,6164.929996
2020.05.06,00:00,75.072000,75.779500,74.709250,75.259500,7205.509986
2020.05.07,00:00,75.799500,76.229250,75.494500,75.972000,6726.150007
2020.05.08,00:00,76.397000,77.554500,76.069250,77.534500,6968.340006
2020.05.11,00:00,77.027000,79.236750,76.804250,78.921750,7768.759992
2020.05.12,00:00,79.429250,79.892000,77.717000,78.094500,5580.104544
2020.05.13,00:00,78.027000,78.969500,75.804250,77.086750,9681.119679
2020.05.14,00:00,76.089250,77.439250,75.381750,77.439250,11858.259981
2020.05.15,00:00,75.149500,76.952000,75.142000,76.952000,10941.980031
2020.05.18,00:00,78.292000,79.074500,77.571750,78.839500,8901.630022
2020.05.19,00:00,78.739500,79.614500,78.249250,78.389500,8800.390017
2020.05.20,00:00,79.214500,79.864250,79.046750,79.799500,8456.240007
2020.05.21,00:00,79.651750,80.162000,78.964250,79.369500,10085.459984
2020.05.22,00:00,78.986750,79.792000,78.837000,79.792000,4709.147944
2020.05.26,00:00,80.894500,80.967000,79.121750,79.252000,4176.637153
2020.05.27,00:00,79.099500,79.591750,78.271750,79.591750,4939.464530
2020.05.28,00:00,79.084500,80.807000,78.904500,79.694500,4855.949605
2020.05.29,00:00,79.809500,80.259500,79.119500,79.834500,5484.543978
2020.06.01,00:00,79.444500,80.574500,79.319250,80.484250,6208.365764
2020.06.02,00:00,80.232000,80.849500,79.724250,80.849500,6779.520002
2020.06.03,00:00,81.211750,81.479500,80.574250,81.302000,6088.563301
2020.06.04,00:00,81.142000,81.389500,80.191750,80.579500,4240.046671
2020.06.05,00:00,80.862000,82.909500,80.862000,82.909500,7348.979989
2020.06.08,00:00,82.514500,83.386750,81.829500,83.386750,4979.559992
2020.06.09,00:00,83.002000,86.364500,83.002000,86.084250,5594.080000
2020.06.10,00:00,87.001750,88.664500,86.522000,88.367000,6957.409979
2020.06.11,00:00,87.314250,87.716750,83.889500,84.097000,8891.859974
2020.06.12,00:00,86.174250,86.914500,83.549250,84.904500,7549.389997
2020.06.15,00:00,83.284500,86.164500,83.141750,85.777000,8195.060014
2020.06.16,00:00,87.792000,88.236750,86.169500,88.052000,7741.549983
2020.06.17,00:00,88.739250,88.792000,87.842000,88.119500,6712.090005
2020.06.18,00:00,87.877000,88.352000,87.301750,88.014500,6258.709999
2020.06.19,00:00,88.829500,89.076750,86.287000,87.512000,7104.040004
2020.06.22,00:00,87.801750,89.842000,87.801750,89.842000,6095.009992
2020.06.23,00:00,90.947000,93.057000,90.566750,91.847000,6164.650002
2020.06.24,00:00,91.247000,92.099500,89.626750,90.042000,7034.909992
2020.06.25,00:00,90.184500,91.247000,89.391750,91.247000,7176.700001
2020.06.26,00:00,91.094250,91.224500,88.252000,88.554500,7920.420006
2020.06.29,00:00,88.354500,90.529250,87.817000,90.447000,5858.749996
2020.06.30,00:00,90.017000,91.459250,89.999500,91.316750,5803.589996
2020.07.01,00:00,91.272000,91.817000,90.977000,91.089500,6161.130006
2020.07.02,00:00,91.966750,92.597000,90.942000,91.214500,6487.759993
2020.07.06,00:00,92.481750,93.919500,92.464250,93.531750,6676.861349
2020.07.07,00:00,93.874500,94.617000,93.059250,93.294500,7691.570008
2020.07.08,00:00,94.169500,95.357000,94.102000,95.357000,5814.340012
2020.07.09,00:00,96.249500,96.249500,94.664250,95.796750,6264.659987
2020.07.10,00:00,95.613750,95.959250,94.704250,95.952000,6067.339988
2020.07.13,00:00,97.279500,99.924250,95.256750,95.771750,6405.549994
2020.07.14,00:00,94.739500,97.234250,93.874500,97.234250,7277.289984
2020.07.15,00:00,98.982000,99.224500,96.486750,97.812000,4246.001978
2020.07.16,00:00,96.587000,97.291750,95.902000,96.574500,3634.948722
2020.07.17,00:00,97.014500,97.017000,95.834250,96.354500,5686.662952
2020.07.20,00:00,96.417000,98.457000,96.054500,98.457000,6044.979992
2020.07.21,00:00,99.112000,99.112000,96.759500,97.112000,6286.078055
2020.07.22,00:00,96.977000,97.922000,96.599250,97.342000,6792.610469
2020.07.23,00:00,97.029500,97.029500,91.999500,92.937000,4801.420005
2020.07.24,00:00,90.624500,92.879500,89.339250,92.742000,8810.589991
2020.07.27,00:00,93.864250,94.864500,93.476750,94.859500,7082.719994
2020.07.28,00:00,94.277000,94.426750,93.271750,93.469500,5652.600001
2020.07.29,00:00,93.836750,95.192000,93.812000,95.071750,4870.480003
2020.07.30,00:00,94.186750,96.247000,93.766750,96.247000,5756.409998
2020.07.31,00:00,102.897000,106.364250,100.836750,106.359500,10790.899987
2020.08.03,00:00,108.174500,111.567000,107.879250,109.007000,7926.580009
2020.08.04,00:00,109.076750,110.759250,108.376750,109.712000,5537.560005
2020.08.05,00:00,109.396750,110.301750,108.887000,110.092000,7473.870008
2020.08.06,00:00,110.439500,114.341750,110.111750,113.911750,5453.830013
2020.08.07,00:00,113.192000,113.326750,110.286750,111.102000,10346.890016
2020.08.10,00:00,112.517000,113.656750,109.999250,112.794500,10901.480023
2020.08.11,00:00,111.946750,112.361750,109.099500,109.459500,8530.150003
2020.08.12,00:00,110.426750,113.237000,110.294250,112.999250,7855.109989
2020.08.13,00:00,114.431750,115.979500,113.924250,115.139500,7545.880013
2020.08.14,00:00,114.702000,114.951750,113.041750,114.922000,5663.719989
2020.08.17,00:00,115.999500,115.999500,113.961750,114.689500,5293.379999
2020.08.18,00:00,114.339500,115.981750,114.001750,115.609500,4702.340005
2020.08.19,00:00,115.941750,117.076750,115.604250,115.829500,6687.899977
2020.08.20,00:00,115.734500,118.381750,115.719250,118.381750,5292.640007
2020.08.21,00:00,119.472000,124.812000,119.249250,124.616750,8926.910008
2020.08.24,00:00,128.699500,128.699500,123.924250,125.954500,5740.579999
2020.08.25,00:00,124.686750,125.049250,123.071750,124.959250,7285.820009
2020.08.26,00:00,126.221750,126.952000,125.084250,126.552000,6304.279998
2020.08.27,00:00,127.119250,127.374250,123.831750,125.221750,8102.420001
2020.08.28,00:00,126.004250,126.332000,124.574250,124.916750,6559.850009
2020.08.31,00:00,127.527000,130.937000,126.337000,129.628000,1255.872497
2020.09.01,00:00,132.597000,134.738000,130.527000,134.508000,976.795532
2020.09.02,00:00,137.548000,137.548000,126.988000,131.687000,1624.089861
2020.09.03,00:00,126.857000,128.577000,120.488000,121.138000,2640.860590
2020.09.04,00:00,120.008000,123.268000,110.918000,121.308000,3436.762428
2020.09.08,00:00,114.187000,118.798000,112.677000,112.897000,2978.839078
2020.09.09,00:00,117.177000,119.108000,115.247000,117.468000,1935.185355
2020.09.10,00:00,120.248000,120.248000,112.487000,113.768000,2057.286017
2020.09.11,00:00,114.518000,114.757000,110.017000,112.228000,2245.876172
2020.09.14,00:00,114.527000,115.868000,112.797000,115.587000,1737.594182
2020.09.15,00:00,118.198000,118.238000,113.598000,115.668000,1772.445931
2020.09.16,00:00,115.088000,115.567000,112.047000,112.297000,1813.553492
2020.09.17,00:00,109.497000,112.068000,108.737000,110.508000,2358.348829
2020.09.18,00:00,110.388000,110.458000,106.097000,106.968000,2244.772859
2020.09.21,00:00,104.507000,110.148000,103.108000,110.148000,2332.064643
2020.09.22,00:00,112.678000,112.678000,109.147000,111.988000,1894.401767
2020.09.23,00:00,111.598000,111.967000,106.768000,107.218000,2070.582310
2020.09.24,00:00,105.117000,110.147000,104.987000,108.248000,2251.689697
2020.09.25,00:00,108.418000,112.428000,107.657000,112.428000,1741.272870
2020.09.28,00:00,114.857000,114.987000,112.777000,114.987000,1647.603342
2020.09.29,00:00,114.348000,115.097000,113.567000,114.218000,1375.646590
2020.09.30,00:00,113.637000,117.208000,113.637000,116.148000,1776.945109
2020.10.01,00:00,117.487000,117.487000,115.827000,116.957000,1527.661748
2020.10.02,00:00,112.797000,115.327000,112.217000,113.248000,1948.766454
2020.10.05,00:00,113.908000,116.618000,113.547000,116.618000,971.437051
2020.10.06,00:00,115.658000,115.957000,112.237000,113.418000,1603.216630
2020.10.07,00:00,114.547000,115.438000,114.127000,115.178000,907.331673
2020.10.08,00:00,116.218000,116.218000,114.577000,114.968000,873.009770
2020.10.09,00:00,115.178000,116.988000,114.907000,116.988000,802.116941
2020.10.12,00:00,119.997000,125.138000,119.258000,124.578000,1197.386409
2020.10.13,00:00,124.998000,124.998000,119.688000,121.178000,2049.216743
2020.10.14,00:00,120.947000,122.947000,119.607000,121.308000,1528.349160
2020.10.15,00:00,118.708000,121.177000,118.127000,120.758000,1393.632339
2020.10.16,00:00,121.248000,121.417000,118.808000,119.108000,1136.344689
2020.10.19,00:00,119.897000,120.298000,115.657000,116.178000,1675.031905
2020.10.20,00:00,116.188000,118.957000,115.627000,117.758000,1690.622041
2020.10.21,00:00,116.508000,118.648000,116.457000,116.998000,1492.403553
2020.10.22,00:00,117.308000,117.918000,114.588000,115.847000,1487.332435
2020.10.23,00:00,116.357000,116.487000,114.277000,115.038000,1061.515941
2020.10.26,00:00,113.998000,116.418000,112.877000,115.178000,1535.324859
2020.10.27,00:00,115.398000,117.158000,114.518000,116.788000,1118.598346
2020.10.28,00:00,115.000000,115.058000,111.147000,111.488000,1812.594590
2020.10.29,00:00,112.387000,116.897000,112.198000,115.717000,1546.120796
2020.10.30,00:00,111.037000,111.648000,107.717000,109.238000,2164.918828
2020.11.02,00:00,109.107000,110.567000,107.317000,108.697000,1346.452977
2020.11.03,00:00,109.618000,111.358000,108.727000,110.558000,1341.353343
2020.11.04,00:00,113.958000,115.488000,112.358000,115.108000,2027.286499
2020.11.05,00:00,117.918000,119.558000,116.858000,119.288000,1434.461249
2020.11.06,00:00,118.198000,119.187000,116.117000,118.818000,1397.658653
2020.11.09,00:00,120.328000,121.887000,116.067000,116.768000,2338.420937
2020.11.10,00:00,115.517000,117.538000,114.117000,116.198000,2299.303298
2020.11.11,00:00,117.098000,119.617000,116.438000,119.617000,1328.866581
2020.11.12,00:00,119.527000,120.507000,118.557000,119.278000,1585.379999
2020.11.13,00:00,119.297000,119.518000,117.867000,119.408000,1032.059998
2020.11.16,00:00,118.807000,120.917000,118.147000,120.427000,1176.515305
2020.11.17,00:00,119.498000,120.657000,118.957000,119.428000,951.602498
2020.11.18,00:00,118.567000,119.758000,117.987000,118.288000,917.329695
2020.11.19,00:00,117.508000,118.927000,116.797000,118.788000,884.058230
2020.11.20,00:00,118.638000,118.737000,117.287000,117.438000,716.643003
2020.11.23,00:00,117.177000,117.527000,113.747000,114.028000,1126.497563
2020.11.24,00:00,113.847000,115.817000,112.587000,115.157000,922.477032
2020.11.25,00:00,115.467000,116.708000,115.167000,116.088000,846.251609
2020.11.27,00:00,116.518000,117.407000,116.207000,116.578000,429.012579
2020.11.30,00:00,116.987000,120.928000,116.807000,119.618000,1238.602112
2020.12.01,00:00,120.957000,123.407000,120.007000,122.738000,1061.385869
2020.12.02,00:00,121.928000,123.318000,120.887000,123.138000,1011.852610
2020.12.03,00:00,123.507000,123.737000,122.207000,122.937000,873.538098
2020.12.04,00:00,122.597000,122.648000,121.517000,122.288000,688.810287
2020.12.07,00:00,122.367000,124.507000,122.248000,123.807000,808.865179
2020.12.08,00:00,124.358000,124.948000,123.087000,124.478000,718.853861
2020.12.09,00:00,124.508000,125.847000,121.067000,121.988000,1624.465718
2020.12.10,00:00,120.477000,123.797000,120.147000,123.498000,1197.546271
2020.12.11,00:00,122.497000,122.667000,120.537000,122.457000,955.209070
2020.12.14,00:00,122.497000,123.137000,121.707000,122.028000,945.642320
2020.12.15,00:00,124.197000,127.878000,124.117000,127.878000,1063.241250
2020.12.16,00:00,127.397000,128.317000,126.547000,127.817000,893.569619
2020.12.17,00:00,128.897000,129.527000,128.037000,128.728000,773.616539
2020.12.18,00:00,128.938000,128.938000,126.117000,126.888000,879.658131
2020.12.21,00:00,125.088000,128.288000,123.437000,128.288000,1285.270870
2020.12.22,00:00,131.538000,134.377000,129.637000,131.858000,1679.732109
2020.12.23,00:00,132.148000,132.207000,130.777000,131.128000,1015.346086
2020.12.24,00:00,131.258000,133.327000,131.087000,132.018000,618.754308
2020.12.28,00:00,132.018000,137.287000,132.018000,136.808000,960.209481
2020.12.29,00:00,138.047000,138.528000,134.337000,134.927000,1369.366677
2020.12.30,00:00,135.507000,135.798000,133.387000,133.858000,1058.560238
2020.12.31,00:00,133.997000,134.598000,131.717000,132.978000,947.416549
2021.01.04,00:00,132.638000,133.308000,126.768000,129.597000,1867.676168
2021.01.05,00:00,128.817000,131.667000,128.427000,131.078000,1144.400241
2021.01.06,00:00,127.547000,130.867000,126.367000,126.777000,1757.729277
2021.01.07,00:00,128.417000,131.468000,127.857000,131.108000,1133.742654
2021.01.08,00:00,132.418000,132.548000,130.217000,132.178000,1530.718938
2021.01.11,00:00,129.028000,130.077000,128.487000,129.088000,1462.497074
2021.01.12,00:00,128.528000,129.537000,126.857000,129.158000,1342.017865
2021.01.13,00:00,128.758000,131.408000,128.497000,131.078000,1154.750097
2021.01.14,00:00,130.757000,130.827000,128.767000,129.268000,1132.916878
2021.01.15,00:00,128.698000,130.047000,126.987000,127.328000,1397.256770
2021.01.19,00:00,127.697000,128.548000,126.927000,127.838000,1091.504054
2021.01.20,00:00,128.647000,132.427000,128.527000,132.237000,1077.281526
2021.01.21,00:00,133.848000,137.277000,133.577000,136.998000,1121.264304
2021.01.22,00:00,136.318000,139.837000,135.017000,139.368000,1116.197728
2021.01.25,00:00,142.958000,144.917000,136.517000,143.058000,1935.405747
2021.01.26,00:00,143.617000,144.177000,141.367000,143.298000,1274.183493
2021.01.27,00:00,143.407000,144.097000,140.397000,142.618000,2059.035563
2021.01.28,00:00,139.378000,141.887000,136.707000,137.017000,1918.521434
2021.01.29,00:00,135.787000,136.687000,130.207000,132.167000,2543.624794
2021.02.01,00:00,133.697000,135.357000,130.937000,134.317000,1624.735650
2021.02.02,00:00,135.598000,136.048000,134.608000,135.177000,1079.243239
2021.02.03,00:00,135.517000,135.517000,133.608000,134.138000,1214.072880
2021.02.04,00:00,136.328000,137.388000,134.587000,137.388000,985.973505
2021.02.05,00:00,137.307000,137.307000,135.857000,136.818000,986.190897
2021.02.08,00:00,136.018000,136.938000,134.918000,136.938000,820.932771
2021.02.09,00:00,136.647000,137.817000,135.847000,136.138000,690.395600
2021.02.10,00:00,136.398000,136.818000,134.398000,135.408000,1216.582473
2021.02.11,00:00,135.888000,136.317000,133.767000,135.258000,1060.034385
2021.02.12,00:00,134.247000,135.498000,133.687000,135.498000,762.128336
2021.02.16,00:00,135.427000,135.867000,132.807000,133.237000,999.696218
2021.02.17,00:00,131.128000,132.077000,129.467000,130.938000,1123.522795
2021.02.18,00:00,129.058000,129.918000,127.407000,129.828000,1081.528081
2021.02.19,00:00,130.118000,130.617000,128.797000,129.938000,1179.746380
2021.02.22,00:00,127.848000,129.407000,125.587000,126.158000,1230.413316
2021.02.23,00:00,123.748000,126.678000,118.378000,126.088000,2248.502171
2021.02.24,00:00,124.958000,125.507000,122.227000,125.487000,1543.974612
2021.02.25,00:00,124.588000,126.298000,120.537000,121.358000,2293.388077
2021.02.26,00:00,122.508000,124.758000,121.247000,122.338000,2414.726518
2021.03.01,00:00,123.797000,127.918000,122.787000,127.918000,1235.201427
2021.03.02,00:00,128.297000,128.297000,125.007000,125.287000,1559.786763
2021.03.03,00:00,124.818000,125.547000,121.827000,122.118000,1935.359269
2021.03.04,00:00,121.698000,123.257000,118.617000,120.308000,2745.494850
2021.03.05,00:00,120.958000,121.768000,117.558000,121.708000,2073.052806
2021.03.08,00:00,120.918000,120.918000,116.197000,116.578000,1400.092884
2021.03.09,00:00,118.998000,122.028000,118.787000,121.238000,969.485986
2021.03.10,00:00,121.597000,121.828000,119.447000,119.987000,1373.648161
2021.03.11,00:00,122.287000,123.017000,121.267000,122.038000,766.219028
2021.03.12,00:00,120.327000,121.147000,119.147000,121.038000,739.624629
2021.03.15,00:00,121.437000,123.988000,120.407000,123.988000,746.042689
2021.03.16,00:00,125.698000,127.138000,124.707000,125.747000,954.814112
2021.03.17,00:00,124.008000,125.798000,122.327000,124.737000,1091.922323
2021.03.18,00:00,122.807000,123.118000,120.317000,120.728000,863.584549
2021.03.19,00:00,119.878000,121.128000,119.667000,120.068000,848.049919
2021.03.22,00:00,120.347000,123.847000,120.247000,123.468000,697.181899
2021.03.23,00:00,123.247000,124.208000,122.137000,122.588000,1077.316928
2021.03.24,00:00,122.828000,122.828000,120.057000,120.277000,938.590093
2021.03.25,00:00,119.428000,121.597000,118.987000,120.797000,1438.313570
2021.03.26,00:00,120.228000,121.448000,118.917000,121.448000,1041.720038
2021.03.29,00:00,121.648000,122.498000,120.718000,121.378000,922.434201
2021.03.30,00:00,120.157000,120.317000,118.857000,119.988000,618.306042
2021.03.31,00:00,121.647000,123.498000,121.147000,122.338000,590.258780
2021.04.01,00:00,123.608000,124.108000,122.487000,122.987000,364.484131
2021.04.05,00:00,123.618000,126.138000,123.067000,125.967000,527.874281
2021.04.06,00:00,126.437000,127.078000,125.638000,126.218000,520.994380
2021.04.07,00:00,125.878000,127.908000,125.137000,127.908000,516.554611
2021.04.08,00:00,129.007000,130.368000,128.518000,130.368000,395.699509
2021.04.09,00:00,129.852000,132.988000,129.468000,132.988000,536.836251
2021.04.12,00:00,132.268000,132.608000,130.627000,131.387000,525.240060
2021.04.13,00:00,132.247000,134.578000,131.927000,134.427000,615.988621
2021.04.14,00:00,134.918000,134.918000,131.647000,132.138000,854.259980
2021.04.15,00:00,133.898000,134.918000,133.637000,134.488000,598.110001
2021.04.16,00:00,134.277000,134.527000,133.277000,134.127000,572.827501
2021.04.19,00:00,133.407000,135.428000,133.318000,134.917000,857.257500
2021.04.20,00:00,134.997000,135.468000,131.807000,133.138000,946.282501
2021.04.21,00:00,132.297000,133.657000,131.298000,133.537000,682.155001
2021.04.22,00:00,132.896000,134.106000,131.406000,132.017000,1043.212501
2021.04.23,00:00,132.166000,135.067000,132.096000,134.357000,483.682501
2021.04.26,00:00,134.747000,135.016000,133.556000,134.727000,471.082639
2021.04.27,00:00,135.006000,135.147000,134.107000,134.527000,463.837499
2021.04.28,00:00,134.187000,134.917000,133.076000,133.816000,686.730000
2021.04.29,00:00,136.426000,136.717000,132.446000,133.477000,1038.867501
2021.04.30,00:00,131.756000,133.537000,131.056000,131.517000,757.800001
2021.05.03,00:00,132.007000,133.996000,131.806000,132.586000,684.112499
2021.05.04,00:00,130.996000,131.376000,126.696000,127.967000,966.840221
2021.05.05,00:00,129.166000,130.347000,127.966000,128.157000,726.352080
2021.05.06,00:00,127.837000,129.737000,127.117000,129.737000,985.602574
2021.05.07,00:00,130.826000,131.207000,129.456000,130.297000,903.079083
2021.05.10,00:00,129.336000,129.336000,126.806000,127.027000,865.068686
2021.05.11,00:00,123.347000,126.217000,122.756000,126.037000,1496.639755
2021.05.12,00:00,123.247000,124.396000,122.246000,122.916000,1520.480170
2021.05.13,00:00,124.517000,126.087000,124.256000,125.117000,1629.454835
2021.05.14,00:00,126.276000,127.806000,125.836000,127.547000,661.933134
2021.05.17,00:00,126.746000,126.746000,125.156000,126.257000,1104.189066
2021.05.18,00:00,126.477000,126.887000,124.767000,124.976000,587.520039
2021.05.19,00:00,123.066000,124.836000,122.846000,124.777000,1370.768237
2021.05.20,00:00,125.166000,127.697000,125.086000,127.347000,659.515080
2021.05.21,00:00,127.747000,127.807000,125.206000,125.437000,771.128186
2021.05.24,00:00,125.986000,127.906000,125.896000,127.157000,467.945050
2021.05.25,00:00,127.796000,128.237000,126.316000,126.937000,618.438235
2021.05.26,00:00,126.907000,127.276000,126.417000,126.857000,384.054790
2021.05.27,00:00,126.336000,127.566000,125.246000,125.597000,428.280239
2021.05.28,00:00,125.497000,125.686000,124.536000,124.747000,453.713488
2021.06.01,00:00,125.057000,125.267000,123.936000,124.307000,388.293050
2021.06.02,00:00,124.277000,125.176000,124.037000,125.136000,410.636810
2021.06.03,00:00,124.646000,124.646000,123.126000,123.567000,610.057751
2021.06.04,00:00,124.027000,126.137000,123.846000,125.887000,340.463761
2021.06.07,00:00,126.157000,126.276000,124.826000,125.987000,454.383490
2021.06.08,00:00,126.596000,128.387000,126.206000,126.757000,546.994270
2021.06.09,00:00,127.127000,127.567000,126.526000,127.197000,380.084649
2021.06.10,00:00,126.997000,128.127000,125.926000,126.106000,516.723600
2021.06.11,00:00,126.476000,127.417000,126.096000,127.347000,278.280950
2021.06.14,00:00,127.756000,130.477000,127.066000,130.477000,542.470550
2021.06.15,00:00,129.816000,130.546000,129.377000,129.797000,466.127698
2021.06.16,00:00,130.336000,130.866000,128.466000,130.207000,833.132203
2021.06.17,00:00,129.786000,132.496000,129.636000,131.967000,913.265451
2021.06.18,00:00,130.997000,131.427000,130.247000,130.657000,932.856752
2021.06.21,00:00,130.276000,132.377000,129.206000,132.287000,643.069400
2021.06.22,00:00,132.027000,134.067000,131.616000,133.977000,522.878800
2021.06.23,00:00,133.756000,134.266000,133.216000,133.727000,438.952099
2021.06.24,00:00,134.367000,134.486000,132.926000,133.447000,430.022450
2021.06.25,00:00,133.447000,133.837000,132.796000,133.337000,344.922500
2021.06.28,00:00,133.396000,135.196000,133.346000,134.787000,294.627310
2021.06.29,00:00,134.797000,136.476000,134.347000,136.386000,323.824440
2021.06.30,00:00,136.127000,137.356000,135.866000,137.057000,311.191670
2021.07.01,00:00,136.527000,137.316000,135.747000,137.316000,330.880170
2021.07.02,00:00,137.847000,139.967000,137.746000,139.947000,329.341590
2021.07.06,00:00,140.046000,142.996000,140.017000,142.076000,855.781421
2021.07.07,00:00,143.496000,144.836000,142.656000,144.657000,864.997790
2021.07.08,00:00,141.536000,143.957000,140.666000,143.306000,1202.633462
2021.07.09,00:00,142.697000,145.616000,142.646000,145.067000,640.843529
2021.07.12,00:00,146.137000,146.137000,144.006000,144.596000,627.079651
2021.07.13,00:00,144.007000,147.436000,143.597000,145.696000,881.392729
2021.07.14,00:00,148.067000,149.527000,147.666000,149.296000,1047.872049
2021.07.15,00:00,149.227000,149.977000,147.086000,148.487000,1206.934819
2021.07.16,00:00,148.427000,149.646000,145.877000,146.416000,1168.446558
2021.07.19,00:00,143.656000,143.887000,141.666000,142.487000,1851.312277
2021.07.20,00:00,143.476000,147.056000,142.966000,146.246000,1080.299950
2021.07.21,00:00,145.467000,146.027000,144.626000,145.367000,643.936838
2021.07.22,00:00,145.896000,148.117000,145.806000,146.787000,868.437001
2021.07.23,00:00,147.466000,148.677000,146.916000,148.597000,585.038491
2021.07.26,00:00,148.197000,149.786000,147.716000,148.987000,646.331359
2021.07.27,00:00,149.047000,149.047000,145.536000,146.837000,1220.258852
2021.07.28,00:00,144.797000,146.706000,142.527000,145.137000,1374.780233
2021.07.29,00:00,144.706000,146.516000,144.567000,145.667000,585.255060
2021.07.30,00:00,144.396000,146.297000,144.107000,145.946000,712.994090
2021.08.02,00:00,146.317000,146.607000,145.246000,145.517000,761.287359
2021.08.03,00:00,145.747000,148.006000,145.176000,147.387000,934.707591
2021.08.04,00:00,147.127000,147.677000,146.266000,147.057000,763.703969
2021.08.05,00:00,146.826000,147.796000,146.156000,147.067000,552.070540
2021.08.06,00:00,146.296000,147.076000,145.616000,146.087000,578.029249
2021.08.09,00:00,146.137000,146.567000,145.507000,146.167000,505.850239
2021.08.10,00:00,146.446000,147.597000,145.286000,145.616000,703.859219
2021.08.11,00:00,146.016000,146.537000,145.516000,145.887000,664.665030
2021.08.12,00:00,145.997000,149.036000,145.826000,148.987000,495.512989
2021.08.13,00:00,148.937000,149.397000,148.267000,149.087000,493.595129
2021.08.16,00:00,148.456000,151.117000,146.456000,151.117000,1025.915593
2021.08.17,00:00,150.177000,151.497000,149.086000,150.267000,1391.889948
2021.08.18,00:00,149.786000,150.527000,146.136000,146.417000,1242.814313
2021.08.19,00:00,145.007000,147.967000,144.496000,146.737000,1619.863521
2021.08.20,00:00,147.427000,148.436000,146.766000,148.247000,814.669820
2021.08.23,00:00,148.196000,150.136000,147.877000,149.677000,504.597200
2021.08.24,00:00,149.456000,150.716000,149.127000,149.647000,515.271459
2021.08.25,00:00,149.766000,150.207000,147.797000,148.387000,547.701500
2021.08.26,00:00,148.326000,148.986000,147.506000,147.577000,790.594860
2021.08.27,00:00,147.427000,148.707000,146.826000,148.657000,598.698600
2021.08.30,00:00,148.967000,153.476000,148.596000,153.187000,669.566901
2021.08.31,00:00,152.657000,152.747000,151.277000,151.897000,738.052841
2021.09.01,00:00,152.737000,154.936000,152.317000,152.537000,655.747981
2021.09.02,00:00,153.827000,154.577000,152.386000,153.696000,862.470081
2021.09.03,00:00,153.596000,154.456000,153.086000,154.386000,634.974299
2021.09.07,00:00,154.966000,157.237000,154.386000,156.727000,833.912029
2021.09.08,00:00,156.976000,156.976000,153.977000,155.107000,1051.746892
2021.09.09,00:00,155.466000,156.007000,153.946000,154.136000,863.339081
2021.09.10,00:00,154.997000,155.386000,148.697000,149.047000,1307.569966
2021.09.13,00:00,150.557000,151.267000,148.746000,149.607000,1295.330839
2021.09.14,00:00,150.346000,150.906000,146.907000,148.277000,1191.014379
2021.09.15,00:00,148.456000,149.366000,146.356000,149.116000,1049.821539
2021.09.16,00:00,148.436000,148.897000,147.216000,148.847000,796.670401
2021.09.17,00:00,148.707000,148.707000,145.756000,146.177000,1042.147392
2021.09.20,00:00,143.777000,144.706000,141.266000,143.107000,1628.766462
2021.09.21,00:00,143.906000,144.507000,142.776000,143.677000,1496.275718
2021.09.22,00:00,144.377000,146.396000,143.696000,145.946000,1291.250448
2021.09.23,00:00,146.586000,147.026000,145.626000,146.917000,797.495198
2021.09.24,00:00,145.647000,147.406000,145.556000,147.026000,712.566548
2021.09.27,00:00,145.376000,145.736000,143.806000,145.397000,885.326506
2021.09.28,00:00,143.156000,144.697000,141.686000,142.066000,1692.311967
2021.09.29,00:00,142.447000,144.386000,142.016000,142.867000,1357.432688
2021.09.30,00:00,143.596000,144.297000,141.286000,141.806000,1599.870347
2021.10.01,00:00,141.786000,142.837000,139.107000,142.807000,1422.903143
2021.10.04,00:00,141.776000,141.966000,138.266000,139.207000,1090.794971
2021.10.05,00:00,139.476000,142.187000,139.347000,141.117000,547.520000
2021.10.06,00:00,139.446000,142.137000,138.366000,142.137000,825.109999
2021.10.07,00:00,143.006000,144.196000,142.727000,143.287000,400.609999
2021.10.08,00:00,144.027000,144.027000,142.536000,142.967000,529.060000
2021.10.11,00:00,142.256000,144.787000,141.796000,142.897000,487.609999
2021.10.12,00:00,143.206000,143.206000,141.036000,141.837000,604.310000
2021.10.13,00:00,141.097000,141.097000,139.196000,140.947000,567.139999
2021.10.14,00:00,142.006000,143.866000,141.497000,143.757000,318.860000
2021.10.15,00:00,143.897000,144.877000,143.516000,144.877000,319.210000
2021.10.18,00:00,143.377000,146.747000,143.156000,146.727000,392.080000
2021.10.19,00:00,146.896000,149.087000,146.546000,148.777000,376.659999
2021.10.20,00:00,148.696000,149.726000,148.096000,149.337000,397.009999
2021.10.21,00:00,148.787000,149.627000,147.866000,149.627000,385.649999
2021.10.22,00:00,149.637000,150.126000,148.616000,148.797000,507.897499
2021.10.25,00:00,148.516000,149.296000,147.616000,148.637000,394.919998
2021.10.26,00:00,149.187000,150.716000,149.006000,149.397000,570.900000
2021.10.27,00:00,149.287000,149.707000,148.477000,148.977000,515.409998
2021.10.28,00:00,149.797000,153.107000,149.686000,152.587000,431.569999
2021.10.29,00:00,147.057000,149.917000,146.406000,149.917000,530.409999
2021.11.01,00:00,148.847000,149.457000,147.797000,148.977000,461.490001
2021.11.02,00:00,148.646000,151.496000,148.616000,150.017000,452.229999
2021.11.03,00:00,150.296000,151.957000,149.836000,151.597000,453.159998
2021.11.04,00:00,151.546000,152.386000,150.627000,150.996000,474.890000
2021.11.05,00:00,151.587000,151.916000,150.046000,151.267000,484.519999
2021.11.08,00:00,151.317000,151.336000,150.156000,150.467000,378.600000
2021.11.09,00:00,150.096000,151.327000,150.056000,150.987000,606.254101
2021.11.10,00:00,150.027000,150.027000,147.846000,148.066000,611.200000
2021.11.11,00:00,148.937000,148.937000,147.676000,147.897000,318.590000
2021.11.12,00:00,148.406000,150.337000,147.466000,150.027000,354.529999
2021.11.15,00:00,150.257000,151.837000,149.426000,149.987000,423.939999
2021.11.16,00:00,149.796000,151.467000,149.326000,150.977000,341.350100
2021.11.17,00:00,150.927000,154.976000,150.927000,153.516000,459.507499
2021.11.18,00:00,153.587000,158.656000,153.046000,157.856000,712.810001
2021.11.19,00:00,157.446000,161.007000,156.516000,160.687000,590.720001
2021.11.22,00:00,161.636000,165.666000,161.016000,161.227000,786.870000
2021.11.23,00:00,160.986000,161.587000,159.056000,161.587000,1004.490002
2021.11.24,00:00,160.746000,162.086000,159.607000,161.957000,724.139999
2021.11.26,00:00,159.496000,160.346000,156.356000,157.427000,641.700000
2021.11.29,00:00,159.296000,161.136000,158.796000,160.487000,524.575000
2021.11.30,00:00,159.927000,165.507000,159.866000,165.507000,889.912502
2021.12.01,00:00,167.397000,170.237000,164.497000,165.077000,884.310000
2021.12.02,00:00,158.707000,164.126000,157.777000,163.857000,951.835017
2021.12.03,00:00,163.987000,164.677000,159.716000,162.147000,1042.177501
2021.12.06,00:00,164.226000,167.796000,164.226000,165.237000,831.434999
2021.12.07,00:00,169.006000,171.567000,168.316000,171.216000,529.650000
2021.12.08,00:00,171.926000,175.686000,170.696000,175.267000,623.190000
2021.12.09,00:00,174.826000,176.587000,173.926000,174.717000,666.277501
2021.12.10,00:00,175.137000,179.607000,174.687000,179.607000,652.819999
2021.12.13,00:00,181.087000,181.826000,175.517000,175.896000,783.807501
2021.12.14,00:00,175.316000,177.557000,172.197000,174.477000,775.702501
2021.12.15,00:00,175.077000,179.477000,172.297000,179.477000,829.852499
2021.12.16,00:00,179.146000,180.776000,170.746000,172.487000,936.847501
2021.12.17,00:00,169.807000,173.417000,169.676000,171.487000,962.919999
2021.12.20,00:00,168.276000,170.517000,167.446000,169.977000,891.332502
2021.12.21,00:00,171.516000,173.187000,169.106000,173.187000,681.990001
2021.12.22,00:00,172.926000,175.806000,172.136000,175.806000,580.912501
2021.12.23,00:00,175.746000,176.777000,175.266000,176.337000,388.995000
2021.12.27,00:00,177.066000,180.387000,177.047000,180.387000,366.390000
2021.12.28,00:00,180.097000,181.216000,178.517000,179.436000,597.270000
2021.12.29,00:00,179.377000,180.457000,178.126000,179.496000,452.752500
2021.12.30,00:00,179.467000,180.546000,178.056000,178.446000,358.980000
2022.01.03,00:00,177.826000,182.847000,177.696000,181.977000,621.007500
2022.01.04,00:00,182.586000,182.797000,179.117000,179.947000,739.252501
2022.01.05,00:00,179.597000,179.676000,174.696000,175.147000,896.334999
2022.01.06,00:00,172.477000,175.186000,171.626000,172.226000,997.357501
2022.01.07,00:00,172.756000,174.047000,171.017000,172.347000,821.257500
2022.01.10,00:00,168.976000,172.487000,168.156000,172.487000,924.719999
2022.01.11,00:00,172.306000,175.166000,170.807000,175.117000,815.572500
2022.01.12,00:00,175.907000,177.066000,174.816000,175.567000,799.320002
2022.01.13,00:00,175.787000,176.346000,171.786000,172.307000,851.445000
2022.01.14,00:00,171.247000,173.756000,171.076000,173.166000,912.752099
2022.01.18,00:00,171.237000,172.336000,169.396000,170.027000,833.239999
2022.01.19,00:00,169.907000,170.967000,165.977000,166.197000,892.927499
2022.01.20,00:00,166.846000,169.606000,164.176000,164.777000,801.404999
2022.01.21,00:00,164.286000,166.306000,162.246000,163.167000,1211.401201
2022.01.24,00:00,159.987000,161.986000,154.696000,161.986000,1880.460001
2022.01.25,00:00,158.797000,162.667000,157.016000,159.806000,1945.800000
2022.01.26,00:00,163.497000,164.147000,157.806000,159.826000,1618.476001
2022.01.27,00:00,162.376000,163.786000,158.267000,159.497000,1933.763997
2022.01.28,00:00,165.557000,170.187000,162.817000,170.187000,1247.160001
2022.01.31,00:00,170.146000,174.827000,169.516000,174.827000,1434.670100
2022.02.01,00:00,173.997000,174.707000,172.297000,174.707000,1470.023999
2022.02.02,00:00,174.686000,175.786000,173.316000,175.747000,1469.652002
2022.02.03,00:00,174.217000,176.056000,172.667000,173.257000,1502.676002
2022.02.04,00:00,171.536000,173.936000,170.676000,172.767000,1579.906213
2022.02.07,00:00,172.786000,173.917000,170.897000,171.697000,1387.092000
2022.02.08,00:00,171.586000,175.266000,171.416000,175.046000,1340.531802
2022.02.09,00:00,175.946000,176.397000,174.887000,176.216000,966.216002
2022.02.10,00:00,173.997000,175.386000,171.557000,172.366000,1622.411999
2022.02.11,00:00,172.237000,172.747000,168.027000,168.796000,1750.355999
2022.02.14,00:00,167.206000,169.547000,166.546000,168.927000,1634.640001
2022.02.15,00:00,170.947000,172.907000,170.226000,172.907000,1014.132003
2022.02.16,00:00,171.766000,173.307000,170.046000,172.657000,1121.436000
2022.02.17,00:00,170.947000,171.766000,168.457000,168.916000,1013.988001
2022.02.18,00:00,169.817000,170.167000,166.186000,167.206000,1466.244002
2022.02.22,00:00,164.926000,166.616000,162.137000,164.387000,1682.622150
2022.02.23,00:00,165.497000,165.916000,159.747000,160.397000,1610.506150
2022.02.24,00:00,152.567000,162.807000,151.997000,162.807000,2023.788000
2022.02.25,00:00,163.726000,164.976000,160.856000,164.896000,1498.451998
2022.02.28,00:00,162.996000,165.306000,162.426000,165.306000,1672.295999
2022.03.01,00:00,164.647000,166.517000,161.976000,163.596000,1745.868003
2022.03.02,00:00,164.316000,167.267000,162.936000,166.757000,1351.559999
2022.03.03,00:00,168.296000,168.636000,165.546000,166.287000,1426.920000
2022.03.04,00:00,164.446000,165.427000,162.096000,162.627000,1455.516003
2022.03.07,00:00,163.336000,164.857000,159.026000,159.536000,1658.759996
2022.03.08,00:00,158.787000,162.807000,155.796000,157.796000,2040.123305
2022.03.09,00:00,161.346000,163.357000,159.397000,162.977000,1367.519998
2022.03.10,00:00,160.046000,160.046000,155.986000,158.576000,1343.569750
2022.03.11,00:00,158.857000,158.977000,154.476000,154.767000,1279.499999
2022.03.14,00:00,151.406000,154.067000,150.106000,150.667000,1438.506603
2022.03.15,00:00,150.896000,155.416000,150.376000,155.167000,1267.547999
2022.03.16,00:00,157.006000,159.947000,154.457000,159.947000,1546.092000
2022.03.17,00:00,158.496000,160.597000,157.626000,160.597000,1189.944000
2022.03.18,00:00,160.367000,164.437000,159.737000,164.007000,1055.255999
2022.03.21,00:00,163.436000,166.316000,163.006000,165.387000,1375.488000
2022.03.22,00:00,165.446000,169.377000,164.876000,168.987000,966.060002
2022.03.23,00:00,167.906000,172.507000,167.636000,170.307000,1181.160003
2022.03.24,00:00,171.176000,174.127000,170.206000,174.127000,1044.996000
2022.03.25,00:00,173.806000,175.197000,172.746000,174.786000,1180.356001
2022.03.28,00:00,172.076000,175.707000,171.986000,175.707000,1062.527999
2022.03.29,00:00,176.646000,178.986000,176.326000,178.986000,1124.040000
2022.03.30,00:00,178.536000,179.557000,176.687000,177.646000,1160.100001
2022.03.31,00:00,177.807000,177.807000,174.566000,175.326000,1093.704000
2022.04.01,00:00,174.037000,174.767000,171.947000,174.467000,1133.556001
2022.04.04,00:00,174.556000,178.477000,174.426000,178.477000,868.367999
2022.04.05,00:00,177.466000,178.217000,174.416000,175.127000,1159.559998
2022.04.06,00:00,172.097000,173.497000,170.116000,172.007000,1482.491997
2022.04.07,00:00,171.127000,173.266000,169.846000,172.117000,1437.864001
2022.04.08,00:00,171.776000,171.776000,169.216000,170.116000,1269.312001
2022.04.11,00:00,168.696000,168.696000,165.496000,165.817000,1178.423997
2022.04.12,00:00,168.007000,169.757000,166.627000,167.867000,1454.879998
2022.04.13,00:00,167.367000,170.967000,166.747000,170.507000,1136.220003
2022.04.14,00:00,170.616000,171.046000,165.046000,165.077000,1085.196000
2022.04.18,00:00,163.846000,166.406000,163.566000,165.027000,1253.220003
2022.04.19,00:00,165.017000,167.767000,163.897000,167.616000,1055.808001
2022.04.20,00:00,168.366000,168.726000,166.096000,167.356000,1314.348000
2022.04.21,00:00,168.867000,171.507000,165.896000,166.787000,1552.031998
2022.04.22,00:00,166.426000,167.817000,161.466000,161.807000,1455.072002
2022.04.25,00:00,161.097000,163.156000,158.456000,163.156000,1862.436001
2022.04.26,00:00,162.186000,162.186000,156.776000,157.157000,1616.411999
2022.04.27,00:00,155.857000,159.767000,155.376000,156.907000,1980.227999
2022.04.28,00:00,159.156000,164.457000,158.916000,163.707000,1625.468603
2022.04.29,00:00,161.826000,165.956000,157.276000,157.587000,1682.075997
2022.05.02,00:00,156.707000,158.217000,153.246000,158.217000,2106.396001
2022.05.03,00:00,158.016000,160.477000,156.307000,159.607000,1298.772001
2022.05.04,00:00,159.677000,166.416000,159.247000,166.227000,1767.287999
2022.05.05,00:00,163.767000,163.836000,154.946000,156.957000,2118.036003
2022.05.06,00:00,155.906000,159.336000,154.166000,157.477000,2197.403997
2022.05.09,00:00,154.717000,155.636000,151.496000,152.137000,1957.019998
2022.05.10,00:00,155.576000,156.677000,152.926000,154.797000,2210.880005
2022.05.11,00:00,153.426000,155.147000,145.797000,146.576000,2122.295999
2022.05.12,00:00,142.676000,146.127000,138.787000,142.787000,2248.475999
2022.05.13,00:00,144.637000,148.016000,143.097000,147.137000,1548.251998
2022.05.16,00:00,145.507000,147.357000,144.167000,145.567000,1766.844001
2022.05.17,00:00,148.707000,149.747000,146.666000,149.297000,1463.627998
2022.05.18,00:00,146.836000,147.147000,139.936000,140.887000,1418.016001
2022.05.19,00:00,139.806000,141.636000,136.596000,137.527000,1953.308805
2022.05.20,00:00,139.036000,140.227000,132.607000,137.867000,1812.132000
2022.05.23,00:00,137.726000,143.237000,137.726000,143.237000,1640.843999
2022.05.24,00:00,140.707000,141.817000,137.326000,140.236000,1731.755999
2022.05.25,00:00,138.416000,141.726000,138.326000,140.447000,1592.123999
2022.05.26,00:00,137.316000,144.236000,137.126000,144.037000,1170.156001
2022.05.27,00:00,145.357000,149.466000,145.246000,149.466000,983.411997
2022.05.31,00:00,148.966000,150.527000,146.826000,149.057000,1531.524000
2022.06.01,00:00,149.837000,151.657000,147.666000,148.846000,1665.359999
2022.06.02,00:00,147.806000,151.247000,146.846000,151.247000,1426.272001
2022.06.03,00:00,146.727000,147.687000,144.456000,145.466000,1483.500002
2022.06.06,00:00,146.907000,148.517000,144.886000,146.446000,1498.739999
2022.06.07,00:00,144.186000,148.926000,144.087000,148.757000,1210.308002
2022.06.08,00:00,148.506000,149.727000,147.446000,148.007000,1311.035999
2022.06.09,00:00,146.947000,147.827000,142.506000,142.767000,1273.427999
2022.06.10,00:00,140.227000,140.587000,137.046000,137.336000,1253.604002
2022.06.13,00:00,132.866000,134.987000,131.436000,132.047000,1546.272001
2022.06.14,00:00,132.907000,133.827000,131.486000,132.767000,1652.205802
2022.06.15,00:00,134.066000,137.127000,132.156000,135.496000,1664.279998
2022.06.16,00:00,132.076000,132.136000,129.066000,130.096000,1504.892701
2022.06.17,00:00,130.067000,133.006000,129.806000,131.566000,1320.407999
2022.06.21,00:00,133.377000,136.997000,133.306000,135.876000,986.964001
2022.06.22,00:00,134.707000,137.666000,133.896000,135.627000,1208.076003
2022.06.23,00:00,136.766000,138.566000,135.616000,138.487000,1344.215997
2022.06.24,00:00,139.857000,141.846000,139.757000,141.846000,834.924000
2022.06.27,00:00,142.676000,143.336000,140.956000,141.707000,1063.233001
2022.06.28,00:00,142.126000,143.356000,137.316000,137.586000,1272.180000
2022.06.29,00:00,137.456000,140.566000,136.656000,139.347000,1369.596000
2022.06.30,00:00,136.996000,138.166000,133.766000,136.986000,1318.812003
2022.07.01,00:00,136.037000,138.867000,135.657000,138.867000,1358.202200
2022.07.05,00:00,137.557000,141.587000,136.916000,141.587000,1411.440001
2022.07.06,00:00,141.306000,144.017000,141.066000,142.936000,1443.204186
2022.07.07,00:00,143.267000,146.527000,143.267000,146.497000,802.403998
2022.07.08,00:00,145.097000,147.526000,144.986000,147.017000,1124.748001
2022.07.11,00:00,145.596000,146.547000,143.776000,144.857000,1061.207999
2022.07.12,00:00,145.836000,148.306000,145.046000,145.996000,1202.387998
2022.07.13,00:00,142.797000,146.387000,142.096000,145.657000,1403.820001
2022.07.14,00:00,144.076000,148.896000,143.227000,148.497000,1301.172000
2022.07.15,00:00,149.657000,150.736000,148.187000,150.167000,966.899950
2022.07.18,00:00,150.696000,151.536000,146.726000,147.117000,1181.292000
2022.07.19,00:00,147.916000,151.187000,146.906000,151.057000,931.631998
2022.07.20,00:00,151.006000,153.647000,150.346000,153.106000,1269.167999
2022.07.21,00:00,154.476000,155.546000,151.926000,155.337000,1262.676002
2022.07.22,00:00,155.396000,156.116000,153.396000,154.117000,1283.136000
2022.07.25,00:00,153.997000,154.846000,152.276000,152.996000,1213.775999
2022.07.26,00:00,152.217000,152.766000,150.787000,151.707000,1040.567999
2022.07.27,00:00,152.537000,157.266000,152.156000,156.767000,1072.590798
2022.07.28,00:00,156.907000,157.627000,154.406000,157.407000,1110.804001
2022.07.29,00:00,161.237000,163.516000,159.477000,162.627000,1054.068000
2022.08.01,00:00,161.007000,163.486000,160.876000,161.617000,1209.552001
2022.08.02,00:00,160.097000,162.366000,159.617000,160.146000,1320.618699
2022.08.03,00:00,160.886000,166.546000,160.816000,166.137000,1078.080001
2022.08.04,00:00,165.997000,167.067000,164.417000,165.807000,1127.435999
2022.08.05,00:00,163.026000,165.746000,162.966000,165.397000,1141.835999
2022.08.08,00:00,166.297000,167.746000,164.186000,164.966000,1213.991999
2022.08.09,00:00,163.797000,165.776000,163.746000,164.957000,1171.380001
2022.08.10,00:00,167.397000,169.247000,166.896000,169.207000,955.719250
2022.08.11,00:00,169.946000,170.966000,168.196000,168.536000,1147.764000
2022.08.12,00:00,169.647000,172.086000,169.397000,172.086000,844.727999
2022.08.15,00:00,171.497000,173.376000,171.336000,173.136000,687.072000
2022.08.16,00:00,172.687000,173.666000,171.656000,173.097000,968.156000
2022.08.17,00:00,172.767000,176.096000,172.567000,174.637000,1143.337600
2022.08.18,00:00,173.687000,174.877000,173.116000,174.157000,932.676000
2022.08.19,00:00,173.037000,173.547000,171.306000,171.727000,851.664002
2022.08.22,00:00,169.427000,169.676000,167.126000,167.647000,817.756450
2022.08.23,00:00,167.077000,168.616000,166.637000,167.207000,1100.291997
2022.08.24,00:00,167.206000,168.067000,166.236000,167.557000,858.432000
2022.08.25,00:00,168.657000,170.117000,168.336000,170.117000,867.359999
2022.08.26,00:00,170.457000,170.687000,163.556000,163.876000,1237.331998
2022.08.29,00:00,160.997000,162.796000,159.826000,161.497000,1231.704000
2022.08.30,00:00,162.096000,162.426000,157.716000,159.167000,1390.451999
2022.08.31,00:00,160.246000,160.396000,157.116000,157.567000,1342.332003
2022.09.01,00:00,156.617000,158.356000,154.666000,158.356000,1408.788002
2022.09.02,00:00,159.736000,160.336000,154.956000,155.546000,1497.240001
2022.09.06,00:00,156.376000,156.947000,153.696000,154.576000,1562.039998
2022.09.07,00:00,154.787000,156.607000,153.596000,155.987000,1290.431999
2022.09.08,00:00,154.437000,156.247000,152.666000,154.437000,1481.388001
2022.09.09,00:00,155.377000,157.746000,154.746000,157.517000,1012.584000
2022.09.12,00:00,159.587000,164.216000,159.356000,163.437000,1138.595999
2022.09.13,00:00,159.976000,160.476000,153.376000,154.017000,1307.628001
2022.09.14,00:00,154.806000,157.046000,153.606000,155.567000,1424.688001
2022.09.15,00:00,154.636000,155.196000,151.376000,152.567000,1373.640003
2022.09.16,00:00,151.187000,151.187000,148.357000,150.897000,1472.279997
2022.09.19,00:00,149.217000,154.547000,149.056000,154.547000,1270.031998
2022.09.20,00:00,153.287000,157.987000,153.086000,156.987000,1347.023997
2022.09.21,00:00,157.126000,158.387000,153.586000,154.057000,1595.267999
2022.09.22,00:00,152.297000,154.236000,150.897000,153.167000,1618.871998
2022.09.23,00:00,151.186000,151.367000,148.556000,150.637000,1528.008002
2022.09.26,00:00,149.427000,153.677000,149.427000,150.897000,1696.883998
2022.09.27,00:00,152.686000,154.626000,149.936000,151.917000,1687.140004
2022.09.28,00:00,147.537000,150.607000,144.826000,150.097000,1455.348002
2022.09.29,00:00,145.896000,146.456000,140.666000,142.566000,1279.269001
2022.09.30,00:00,141.127000,142.997000,137.997000,138.367000,1586.114999
2022.10.03,00:00,138.187000,143.037000,137.667000,142.547000,1226.699999
2022.10.04,00:00,145.007000,146.157000,144.246000,146.156000,1304.568000
2022.10.05,00:00,144.016000,147.246000,143.007000,146.297000,1454.040002
2022.10.06,00:00,145.796000,147.387000,145.216000,145.467000,1518.275999
2022.10.07,00:00,142.486000,142.857000,139.436000,140.236000,1265.039997
2022.10.10,00:00,140.357000,141.767000,138.566000,140.596000,1471.788004
2022.10.11,00:00,139.777000,141.277000,138.206000,139.017000,1583.291997
2022.10.12,00:00,138.997000,140.086000,138.146000,138.537000,1542.803998
2022.10.13,00:00,134.806000,143.476000,134.357000,143.247000,1823.724000
2022.10.14,00:00,144.247000,144.247000,138.177000,138.527000,1613.903998
2022.10.17,00:00,141.007000,142.807000,140.256000,142.427000,1227.432002
2022.10.18,00:00,145.246000,146.507000,140.606000,143.877000,1603.980001
2022.10.19,00:00,141.447000,144.926000,141.447000,143.947000,1464.684002
2022.10.20,00:00,142.886000,145.807000,142.636000,143.487000,1407.600001
2022.10.21,00:00,142.897000,147.816000,142.636000,147.487000,1576.823999
2022.10.24,00:00,147.107000,150.207000,145.987000,149.557000,1409.879997
2022.10.25,00:00,149.967000,152.457000,149.357000,152.457000,1124.987999
2022.10.26,00:00,150.917000,151.937000,148.036000,149.387000,1344.611999
2022.10.27,00:00,148.006000,148.966000,144.116000,144.977000,1387.848000
2022.10.28,00:00,148.126000,157.437000,147.846000,155.806000,1277.675999
2022.10.31,00:00,153.127000,154.226000,151.927000,153.407000,1412.687999
2022.11.01,00:00,155.176000,155.176000,149.116000,150.817000,1391.748002
2022.11.02,00:00,148.837000,151.857000,144.986000,145.527000,1550.939998
2022.11.03,00:00,142.027000,142.776000,138.766000,139.137000,1369.860000
2022.11.04,00:00,142.076000,142.076000,134.376000,138.477000,1644.372000
2022.11.07,00:00,137.107000,139.077000,135.666000,139.037000,1125.840000
2022.11.08,00:00,140.327000,141.366000,137.476000,139.517000,1065.600000
2022.11.09,00:00,138.417000,138.417000,134.576000,135.037000,1140.660000
2022.11.10,00:00,141.276000,146.807000,140.367000,146.807000,1191.347999
2022.11.11,00:00,145.806000,149.987000,144.366000,149.696000,1171.932000
2022.11.14,00:00,149.006000,150.177000,147.416000,148.346000,1152.576002
2022.11.15,00:00,152.157000,153.476000,148.546000,150.057000,1526.255996
2022.11.16,00:00,148.897000,149.696000,147.277000,148.997000,1022.616001
2022.11.17,00:00,146.396000,151.447000,146.196000,150.826000,1101.791997
2022.11.18,00:00,152.317000,152.317000,149.936000,151.327000,1118.004001
2022.11.21,00:00,150.167000,150.167000,147.696000,148.157000,959.891999
2022.11.22,00:00,148.106000,150.336000,146.916000,150.336000,807.720000
2022.11.23,00:00,149.456000,151.716000,149.326000,151.037000,933.420000
2022.11.25,00:00,148.326000,148.826000,147.106000,148.046000,375.252000
2022.11.28,00:00,144.996000,146.497000,143.377000,144.447000,817.932000
2022.11.29,00:00,144.277000,144.457000,140.346000,141.267000,965.604001
2022.11.30,00:00,141.247000,147.906000,140.526000,147.906000,1090.800000
2022.12.01,00:00,148.277000,149.067000,146.606000,148.577000,1089.371999
2022.12.02,00:00,145.847000,147.947000,145.637000,147.917000,1012.739999
2022.12.05,00:00,147.636000,150.787000,145.766000,146.767000,945.576000
2022.12.06,00:00,146.927000,146.927000,141.916000,142.987000,1122.300001
2022.12.07,00:00,142.096000,143.207000,139.996000,141.097000,1227.396001
2022.12.08,00:00,142.246000,143.326000,141.086000,142.727000,998.219999
2022.12.09,00:00,142.336000,145.516000,140.876000,142.187000,855.576001
2022.12.12,00:00,142.776000,144.477000,141.056000,144.477000,817.512000
2022.12.13,00:00,149.637000,149.707000,144.227000,145.547000,1462.332001
2022.12.14,00:00,145.347000,146.597000,141.166000,143.516000,1293.888000
2022.12.15,00:00,141.186000,141.436000,136.016000,136.637000,1167.864000
2022.12.16,00:00,136.627000,137.557000,133.717000,134.677000,1084.451998
2022.12.19,00:00,134.997000,134.997000,131.316000,132.527000,1102.379999
2022.12.20,00:00,131.386000,133.226000,129.906000,132.367000,1253.604003
2022.12.21,00:00,132.926000,136.777000,132.706000,135.526000,1023.000001
2022.12.22,00:00,134.377000,134.396000,130.296000,132.337000,1275.780000
2022.12.23,00:00,130.996000,132.377000,129.626000,131.817000,1326.732000
2022.12.27,00:00,131.146000,131.146000,128.716000,130.076000,1018.044004
2022.12.28,00:00,129.777000,130.816000,125.857000,126.186000,1130.460001
2022.12.29,00:00,127.966000,130.366000,127.787000,129.697000,832.062602
2022.12.30,00:00,128.227000,129.847000,127.426000,129.847000,977.735999
2023.01.03,00:00,130.247000,130.727000,124.166000,125.236000,1129.248002
2023.01.04,00:00,126.826000,128.626000,125.066000,126.467000,1237.127999
2023.01.05,00:00,127.096000,127.547000,124.747000,125.146000,1137.984000
2023.01.06,00:00,126.207000,130.246000,124.876000,129.567000,1082.424000
2023.01.09,00:00,130.526000,133.286000,129.877000,130.177000,1064.975999
2023.01.10,00:00,130.247000,131.167000,128.106000,130.726000,1262.160000
2023.01.11,00:00,131.367000,133.436000,130.456000,133.436000,911.772001
2023.01.12,00:00,133.997000,134.196000,131.446000,133.537000,1194.628798
2023.01.13,00:00,132.026000,134.866000,131.626000,134.727000,1031.568001
2023.01.17,00:00,134.747000,137.216000,134.106000,135.987000,1054.619998
2023.01.18,00:00,136.806000,138.476000,135.006000,135.206000,1197.936007
2023.01.19,00:00,134.026000,136.147000,133.666000,135.366000,1249.067998
2023.01.20,00:00,135.166000,137.867000,134.216000,137.837000,881.556000
2023.01.23,00:00,138.067000,143.117000,137.876000,141.177000,976.788001
2023.01.24,00:00,140.217000,143.107000,140.217000,142.697000,1071.108004
2023.01.25,00:00,140.837000,142.416000,138.806000,141.846000,1222.043998
2023.01.26,00:00,143.057000,144.217000,141.896000,144.027000,1281.168003
2023.01.27,00:00,143.126000,147.217000,143.006000,145.957000,1104.191998
2023.01.30,00:00,144.746000,145.326000,142.846000,143.026000,1123.691999
2023.01.31,00:00,142.646000,144.316000,142.276000,144.316000,1012.499999
2023.02.01,00:00,143.946000,146.507000,141.326000,145.437000,1381.968000
2023.02.02,00:00,148.667000,151.077000,148.136000,150.736000,1211.016001
2023.02.03,00:00,147.936000,157.296000,147.696000,154.727000,1594.511999
2023.02.06,00:00,152.496000,153.087000,150.766000,151.807000,1285.459352
2023.02.07,00:00,150.657000,155.187000,150.626000,154.917000,1650.300000
2023.02.08,00:00,153.797000,154.417000,151.156000,152.087000,1400.998202
2023.02.09,00:00,153.706000,154.147000,150.407000,150.957000,1468.259998
2023.02.10,00:00,149.437000,151.216000,149.166000,151.127000,1383.688952
2023.02.13,00:00,150.946000,154.226000,150.696000,153.817000,944.399998
2023.02.14,00:00,152.077000,153.637000,150.856000,153.297000,1614.364052
2023.02.15,00:00,153.106000,155.427000,152.866000,155.347000,1072.187998
2023.02.16,00:00,153.366000,156.286000,153.326000,153.806000,1231.932001
2023.02.17,00:00,152.306000,152.937000,150.846000,152.497000,1204.391998
2023.02.21,00:00,150.127000,151.157000,148.396000,148.537000,1002.336001
2023.02.22,00:00,148.796000,149.866000,147.146000,148.907000,1290.192003
2023.02.23,00:00,150.007000,150.036000,147.217000,149.547000,1236.627400
2023.02.24,00:00,147.156000,147.156000,145.716000,146.777000,1187.868001
2023.02.27,00:00,147.497000,149.107000,147.446000,147.906000,984.107999
2023.02.28,00:00,146.996000,148.977000,146.796000,147.887000,990.132001
2023.03.01,00:00,146.607000,147.146000,144.996000,145.356000,1120.884001
2023.03.02,00:00,144.126000,146.656000,143.896000,145.946000,1035.636000
2023.03.03,00:00,148.066000,151.077000,147.316000,151.077000,825.059999
2023.03.06,00:00,153.757000,156.236000,153.446000,153.887000,891.900002
2023.03.07,00:00,153.566000,153.996000,151.126000,151.637000,1320.239998
2023.03.08,00:00,152.757000,153.446000,151.816000,152.897000,1145.797523
2023.03.09,00:00,153.457000,154.497000,150.216000,150.767000,1277.604002
2023.03.10,00:00,150.197000,150.897000,147.596000,148.607000,1735.543801
2023.03.13,00:00,147.776000,153.067000,147.776000,150.586000,1925.783998
2023.03.14,00:00,151.127000,153.357000,150.097000,152.797000,1517.622198
2023.03.15,00:00,150.937000,153.187000,149.906000,152.746000,1779.470121
2023.03.16,00:00,152.137000,156.287000,151.616000,155.897000,1430.760000
2023.03.17,00:00,155.916000,156.656000,154.276000,155.097000,1175.421424
2023.03.20,00:00,155.017000,157.766000,154.147000,157.496000,968.697366
2023.03.21,00:00,157.307000,159.296000,156.536000,159.247000,719.068179
2023.03.22,00:00,159.286000,161.997000,157.796000,158.497000,983.571000
2023.03.23,00:00,158.757000,161.437000,157.666000,159.127000,1545.300001
2023.03.24,00:00,158.867000,160.307000,157.836000,160.307000,1513.679999
2023.03.27,00:00,159.837000,160.716000,157.866000,158.227000,1030.079999
2023.03.28,00:00,157.967000,157.967000,155.966000,157.687000,902.364001
2023.03.29,00:00,159.297000,160.967000,159.297000,160.777000,730.495400
2023.03.30,00:00,161.497000,162.396000,161.257000,162.367000,563.081891
2023.03.31,00:00,162.217000,164.937000,162.096000,164.937000,492.246000
2023.04.03,00:00,164.266000,166.247000,164.197000,166.247000,668.205000
2023.04.04,00:00,166.486000,166.777000,165.097000,165.646000,885.216001
2023.04.05,00:00,164.696000,164.946000,161.796000,163.937000,907.644000
2023.04.06,00:00,162.396000,164.896000,162.016000,164.616000,712.140001
2023.04.10,00:00,161.377000,162.016000,160.067000,162.016000,818.328000
2023.04.11,00:00,162.316000,162.316000,160.506000,160.816000,584.483999
2023.04.12,00:00,161.116000,161.956000,159.776000,160.096000,1118.964001
2023.04.13,00:00,161.527000,165.717000,161.416000,165.647000,636.996000
2023.04.14,00:00,164.497000,166.217000,163.827000,165.237000,1082.976002
2023.04.17,00:00,165.037000,165.336000,164.056000,165.247000,871.968001
2023.04.18,00:00,165.976000,167.347000,165.636000,166.657000,900.036003
2023.04.19,00:00,165.827000,168.116000,165.527000,167.607000,780.900000
2023.04.20,00:00,165.947000,167.836000,165.556000,166.637000,854.100002
2023.04.21,00:00,164.977000,166.317000,164.487000,165.046000,847.895998
2023.04.24,00:00,164.936000,165.557000,163.887000,165.346000,660.275999
2023.04.25,00:00,165.157000,166.246000,163.726000,163.876000,909.960000
2023.04.26,00:00,163.016000,165.266000,162.786000,163.947000,969.324000
2023.04.27,00:00,165.086000,168.477000,165.086000,168.436000,662.231999
2023.04.28,00:00,168.436000,169.826000,167.867000,169.697000,955.884001
2023.05.01,00:00,169.257000,170.427000,168.636000,169.887000,807.528000
2023.05.02,00:00,170.076000,170.316000,167.526000,168.717000,1028.976001
2023.05.03,00:00,169.446000,170.896000,167.146000,167.527000,1195.332000
2023.05.04,00:00,164.767000,166.986000,164.296000,165.767000,1143.587999
2023.05.05,00:00,170.796000,174.266000,170.716000,173.587000,770.735999
2023.05.08,00:00,172.377000,173.797000,172.096000,173.507000,700.391999
2023.05.09,00:00,173.086000,173.436000,171.627000,171.897000,615.156000
2023.05.10,00:00,173.006000,173.837000,171.896000,173.557000,1063.764002
2023.05.11,00:00,173.777000,174.497000,172.166000,173.827000,914.553001
2023.05.12,00:00,173.616000,174.026000,170.996000,172.537000,757.007999
2023.05.15,00:00,173.056000,173.056000,171.457000,172.127000,695.663998
2023.05.16,00:00,171.936000,172.956000,171.786000,172.147000,804.839999
2023.05.17,00:00,171.717000,172.857000,170.406000,172.707000,805.452001
2023.05.18,00:00,172.986000,175.227000,172.557000,175.227000,915.252000
2023.05.19,00:00,176.266000,176.266000,174.937000,175.247000,1006.344002
2023.05.22,00:00,173.716000,174.686000,173.446000,174.237000,709.644001
2023.05.23,00:00,173.017000,173.267000,171.257000,171.767000,862.380003
2023.05.24,00:00,170.827000,172.347000,170.526000,171.886000,985.079999
2023.05.25,00:00,172.406000,173.816000,171.676000,173.006000,1047.408001
2023.05.26,00:00,173.267000,175.707000,173.097000,175.327000,793.919999
2023.05.30,00:00,176.787000,178.776000,176.577000,177.357000,1126.596001
2023.05.31,00:00,177.176000,179.316000,176.776000,177.646000,1132.727997
2023.06.01,00:00,177.597000,180.096000,176.917000,180.096000,936.024001
2023.06.02,00:00,180.996000,181.537000,179.246000,181.016000,1003.427999
2023.06.05,00:00,182.546000,184.937000,178.006000,179.677000,1231.667998
2023.06.06,00:00,179.917000,179.917000,177.426000,179.357000,1012.320000
2023.06.07,00:00,178.357000,181.157000,177.306000,177.967000,1216.752001
2023.06.08,00:00,177.737000,180.817000,177.467000,180.677000,900.732002
2023.06.09,00:00,181.467000,182.186000,180.616000,181.047000,1060.704002
2023.06.12,00:00,181.347000,183.877000,180.957000,183.877000,780.816002
2023.06.13,00:00,182.767000,184.056000,182.436000,183.367000,1032.744001
2023.06.14,00:00,183.337000,184.347000,181.997000,183.947000,1134.108001
2023.06.15,00:00,183.937000,186.456000,183.707000,186.017000,1016.375999
2023.06.16,00:00,186.597000,186.597000,184.656000,184.987000,1014.480001
2023.06.20,00:00,184.407000,186.067000,184.407000,185.177000,944.916003
2023.06.21,00:00,184.817000,185.297000,182.576000,183.957000,1121.580001
2023.06.22,00:00,183.666000,187.037000,183.666000,187.037000,905.351999
2023.06.23,00:00,185.507000,187.517000,184.996000,186.746000,953.268000
2023.06.26,00:00,186.766000,187.967000,185.227000,185.357000,1166.615999
2023.06.27,00:00,185.886000,188.327000,185.636000,188.077000,880.367999
2023.06.28,00:00,187.937000,189.867000,187.596000,189.277000,988.247998
2023.06.29,00:00,189.007000,189.946000,188.926000,189.587000,923.004000
2023.06.30,00:00,191.677000,194.316000,191.236000,194.086000,756.371997
2023.07.03,00:00,193.707000,193.856000,191.756000,192.527000,362.832000
2023.07.05,00:00,191.497000,192.937000,190.606000,191.387000,756.204001
2023.07.06,00:00,189.857000,192.007000,189.196000,192.007000,768.936001
2023.07.07,00:00,191.346000,192.627000,190.236000,190.776000,706.476000
2023.07.10,00:00,189.266000,189.957000,187.027000,188.597000,881.687999
2023.07.11,00:00,189.146000,189.146000,186.587000,188.207000,804.191999
2023.07.12,00:00,189.657000,191.617000,188.456000,189.817000,928.032000
2023.07.13,00:00,190.417000,191.166000,189.766000,190.677000,663.599998
2023.07.14,00:00,190.147000,191.137000,189.626000,190.717000,823.908002
2023.07.17,00:00,191.806000,194.267000,191.806000,193.957000,667.800000
2023.07.18,00:00,193.297000,194.217000,192.407000,193.767000,798.528001
2023.07.19,00:00,193.076000,197.747000,192.646000,195.197000,934.179601
2023.07.20,00:00,194.956000,196.417000,192.486000,193.396000,1024.260750
2023.07.21,00:00,194.066000,194.767000,191.306000,191.927000,1007.387999
2023.07.24,00:00,193.137000,194.696000,192.277000,192.766000,902.891999
2023.07.25,00:00,193.316000,194.417000,192.867000,193.767000,615.612001
2023.07.26,00:00,193.596000,195.567000,193.306000,194.546000,952.476000
2023.07.27,00:00,196.077000,197.136000,192.576000,193.547000,1064.255999
2023.07.28,00:00,194.577000,196.577000,194.016000,195.797000,912.288002
2023.07.31,00:00,196.026000,196.457000,195.246000,196.457000,845.988000
2023.08.01,00:00,196.227000,196.597000,195.266000,195.716000,812.784000
2023.08.02,00:00,194.987000,194.987000,191.836000,192.857000,1052.723999
2023.08.03,00:00,191.467000,192.336000,190.826000,191.637000,1087.872002
2023.08.04,00:00,185.407000,187.307000,181.917000,182.087000,1066.761300
2023.08.07,00:00,182.126000,182.587000,177.356000,178.847000,1024.332002
2023.08.08,00:00,179.686000,180.207000,177.576000,179.927000,967.833599
2023.08.09,00:00,180.857000,180.857000,176.996000,178.257000,988.115999
2023.08.10,00:00,179.457000,180.677000,177.596000,178.077000,1325.268000
2023.08.11,00:00,177.247000,178.577000,176.546000,177.837000,1103.612799
2023.08.14,00:00,177.906000,179.606000,177.286000,179.506000,932.087999
2023.08.15,00:00,178.876000,179.257000,177.046000,177.667000,957.083999
2023.08.16,00:00,177.027000,178.466000,176.496000,176.647000,1079.268001
2023.08.17,00:00,177.127000,177.296000,173.477000,174.327000,1021.331998
2023.08.18,00:00,172.207000,174.967000,171.946000,174.507000,1194.312002
2023.08.21,00:00,175.046000,176.106000,173.726000,175.887000,948.551999
2023.08.22,00:00,177.017000,177.636000,176.227000,177.346000,881.592000
2023.08.23,00:00,178.486000,181.536000,178.296000,181.206000,727.260001
2023.08.24,00:00,180.667000,181.057000,175.997000,176.596000,995.844002
2023.08.25,00:00,177.247000,179.126000,175.807000,178.697000,1314.887999
2023.08.28,00:00,180.036000,180.517000,178.537000,180.267000,956.207999
2023.08.29,00:00,179.657000,184.867000,179.486000,184.267000,779.688002
2023.08.30,00:00,184.867000,187.777000,184.727000,187.777000,849.528002
2023.08.31,00:00,187.806000,189.107000,187.477000,188.127000,839.267999
2023.09.01,00:00,189.507000,189.606000,188.266000,189.447000,886.284002
2023.09.05,00:00,188.247000,189.937000,187.596000,189.756000,781.680000
2023.09.06,00:00,188.367000,188.527000,181.466000,183.007000,869.615999
2023.09.07,00:00,175.157000,178.177000,173.546000,177.907000,953.124001
2023.09.08,00:00,178.336000,180.166000,177.786000,178.327000,844.836000
2023.09.11,00:00,180.057000,180.077000,177.336000,179.457000,778.331999
2023.09.12,00:00,179.416000,179.977000,174.826000,176.447000,933.096000
2023.09.13,00:00,176.506000,177.026000,173.957000,174.197000,797.100001
2023.09.14,00:00,173.977000,176.057000,173.527000,175.796000,795.168002
2023.09.15,00:00,176.416000,176.416000,173.816000,175.037000,790.008000
2023.09.18,00:00,176.446000,179.347000,176.436000,177.996000,748.164001
2023.09.19,00:00,177.346000,179.557000,177.126000,179.106000,751.032000
2023.09.20,00:00,179.227000,179.296000,175.446000,175.577000,975.492001
2023.09.21,00:00,174.276000,176.177000,173.856000,174.057000,981.372000
2023.09.22,00:00,174.406000,177.037000,174.046000,174.907000,956.531998
2023.09.25,00:00,174.146000,176.917000,174.146000,176.107000,884.640001
2023.09.26,00:00,174.747000,174.747000,171.656000,172.267000,845.807999
2023.09.27,00:00,172.456000,172.937000,169.046000,170.436000,1021.788003
2023.09.28,00:00,169.297000,171.996000,167.627000,170.786000,1147.608001
2023.09.29,00:00,171.986000,173.036000,170.336000,171.327000,1195.631999
2023.10.02,00:00,171.236000,174.257000,170.937000,173.736000,1287.456000
2023.10.03,00:00,172.256000,173.546000,170.816000,172.496000,1126.848002
2023.10.04,00:00,170.947000,174.126000,170.936000,173.756000,1177.080001
2023.10.05,00:00,173.687000,175.407000,172.667000,175.017000,1040.328001
2023.10.06,00:00,173.687000,177.976000,173.167000,177.497000,1042.823998
2023.10.09,00:00,176.707000,179.017000,175.797000,178.997000,819.899999
2023.10.10,00:00,178.127000,179.697000,177.936000,178.427000,856.884000
2023.10.11,00:00,178.196000,179.837000,177.597000,179.837000,882.743998
2023.10.12,00:00,180.036000,182.317000,179.026000,180.777000,1003.043998
2023.10.13,00:00,181.186000,181.817000,178.126000,178.926000,1210.055998
2023.10.16,00:00,176.727000,179.006000,176.506000,178.887000,916.571999
2023.10.17,00:00,176.547000,178.376000,174.787000,177.117000,1071.720000
2023.10.18,00:00,175.476000,177.517000,175.096000,175.887000,1062.156001
2023.10.19,00:00,175.976000,177.807000,175.177000,175.596000,1500.228000
2023.10.20,00:00,175.267000,175.376000,172.636000,173.036000,1240.391999
2023.10.23,00:00,170.836000,173.986000,169.946000,173.127000,1192.235998
2023.10.24,00:00,172.987000,173.637000,171.446000,173.537000,1065.972000
2023.10.25,00:00,171.806000,173.026000,170.637000,171.246000,1167.144001
2023.10.26,00:00,170.427000,171.187000,165.686000,167.127000,1063.674003
2023.10.27,00:00,166.886000,168.886000,166.816000,168.327000,1304.304026
2023.10.30,00:00,169.007000,171.136000,168.856000,170.296000,1142.760001
2023.10.31,00:00,169.247000,170.887000,167.896000,170.887000,1111.475999
2023.11.01,00:00,170.896000,174.166000,170.077000,174.017000,1214.268000
2023.11.02,00:00,175.287000,177.746000,175.287000,177.746000,783.948002
2023.11.03,00:00,174.197000,176.807000,173.346000,176.807000,985.680000
2023.11.06,00:00,176.337000,179.366000,176.196000,179.307000,846.036003
2023.11.07,00:00,179.116000,182.416000,178.956000,181.937000,675.671999
2023.11.08,00:00,182.346000,183.407000,181.586000,182.977000,838.692000
2023.11.09,00:00,182.896000,184.036000,181.797000,182.456000,1027.980001
2023.11.10,00:00,183.877000,186.486000,183.516000,186.427000,768.095997
2023.11.13,00:00,185.776000,185.867000,184.196000,184.777000,638.844000
2023.11.14,00:00,187.667000,188.067000,186.277000,187.517000,647.472001
2023.11.15,00:00,187.806000,189.467000,187.776000,188.146000,697.799999
2023.11.16,00:00,189.527000,190.917000,188.716000,189.837000,814.800001
2023.11.17,00:00,190.196000,190.196000,188.576000,189.867000,697.079999
2023.11.20,00:00,189.886000,191.877000,189.886000,191.497000,617.448000
2023.11.21,00:00,191.266000,191.266000,189.746000,190.717000,709.595999
2023.11.22,00:00,191.507000,192.856000,190.816000,191.287000,707.856001
2023.11.24,00:00,190.827000,190.827000,189.246000,189.557000,278.183999
2023.11.27,00:00,189.907000,190.636000,188.896000,189.857000,498.275998
2023.11.28,00:00,189.717000,190.987000,189.376000,190.366000,565.848001
2023.11.29,00:00,190.896000,191.957000,188.966000,189.347000,569.196000
2023.11.30,00:00,189.806000,190.256000,188.176000,190.187000,691.812001
2023.12.01,00:00,190.246000,191.507000,189.216000,191.227000,715.953446
2023.12.04,00:00,189.966000,189.966000,187.446000,189.487000,627.407999
2023.12.05,00:00,190.167000,194.346000,190.167000,193.517000,733.200000
2023.12.06,00:00,194.407000,194.537000,192.126000,192.407000,744.480000
2023.12.07,00:00,193.567000,194.957000,193.567000,194.277000,695.088000
2023.12.08,00:00,194.086000,195.966000,193.657000,195.807000,758.088000
2023.12.11,00:00,193.046000,193.277000,191.417000,193.277000,592.655999
2023.12.12,00:00,193.027000,194.687000,191.717000,194.687000,588.756001
2023.12.13,00:00,195.036000,197.966000,194.826000,197.866000,690.083999
2023.12.14,00:00,197.947000,199.557000,196.156000,198.136000,754.020000
2023.12.15,00:00,197.526000,198.316000,196.967000,197.737000,602.940000
2023.12.18,00:00,196.087000,196.457000,194.386000,195.926000,500.637007
2023.12.19,00:00,195.967000,196.937000,195.886000,196.937000,490.944000
2023.12.20,00:00,196.857000,197.626000,194.886000,195.206000,751.872000
2023.12.21,00:00,196.016000,196.956000,193.496000,194.886000,810.935999
2023.12.22,00:00,195.137000,195.376000,192.956000,193.577000,665.556000
2023.12.26,00:00,193.517000,193.866000,192.816000,193.087000,344.922500
2023.12.27,00:00,192.427000,193.467000,191.086000,193.207000,511.368001
2023.12.28,00:00,194.087000,194.616000,193.177000,193.697000,443.123999
2023.12.29,00:00,193.866000,194.307000,191.716000,192.506000,644.844001
2024.01.02,00:00,187.137000,188.286000,183.886000,185.627000,752.844001
2024.01.03,00:00,184.206000,185.846000,183.417000,184.357000,904.619999
2024.01.04,00:00,181.947000,183.026000,180.866000,182.087000,661.212000
2024.01.05,00:00,181.927000,182.717000,180.166000,181.176000,774.984000
2024.01.08,00:00,182.007000,185.577000,181.496000,185.577000,599.376001
2024.01.09,00:00,183.916000,185.107000,182.726000,185.106000,736.344000
2024.01.10,00:00,184.316000,186.377000,183.916000,186.247000,602.423999
2024.01.11,00:00,186.516000,186.896000,183.616000,185.757000,848.304001
2024.01.12,00:00,185.997000,186.656000,185.176000,185.967000,723.155999
2024.01.16,00:00,182.086000,184.067000,180.917000,183.617000,767.040001
2024.01.17,00:00,181.237000,182.886000,180.286000,182.837000,658.596000
2024.01.18,00:00,186.007000,189.087000,185.826000,188.767000,708.539999
2024.01.19,00:00,189.296000,191.927000,188.816000,191.577000,657.540000
2024.01.22,00:00,192.257000,195.236000,192.257000,193.887000,671.736000
2024.01.23,00:00,195.096000,195.537000,193.807000,195.236000,475.164000
2024.01.24,00:00,195.436000,196.247000,194.336000,194.557000,594.144000
2024.01.25,00:00,195.177000,196.236000,193.096000,194.176000,737.532001
2024.01.26,00:00,194.147000,194.696000,191.936000,192.347000,649.919999
2024.01.29,00:00,192.017000,192.077000,189.557000,191.837000,536.759999
2024.01.30,00:00,190.806000,191.547000,187.456000,188.096000,646.668000
2024.01.31,00:00,187.007000,187.007000,184.496000,185.007000,989.352000
2024.02.01,00:00,183.886000,186.877000,183.686000,186.877000,807.012001
2024.02.02,00:00,179.826000,187.057000,179.226000,186.246000,1005.384001
2024.02.05,00:00,188.146000,189.226000,185.847000,187.996000,650.352000
2024.02.06,00:00,186.856000,189.287000,186.736000,189.287000,760.691999
2024.02.07,00:00,190.647000,190.696000,188.597000,189.407000,580.044000
2024.02.08,00:00,189.337000,189.457000,187.336000,188.407000,428.459999
2024.02.09,00:00,188.667000,189.966000,187.996000,188.837000,408.383999
2024.02.12,00:00,188.396000,188.627000,186.776000,187.206000,550.992002
2024.02.13,00:00,185.806000,186.166000,183.507000,185.146000,750.084000
2024.02.14,00:00,185.277000,185.277000,182.417000,184.247000,724.163998
2024.02.15,00:00,183.437000,184.347000,181.426000,184.106000,612.456000
2024.02.16,00:00,183.416000,184.766000,181.657000,182.286000,739.523999
2024.02.20,00:00,181.856000,182.316000,179.996000,181.637000,884.904003
2024.02.21,00:00,181.816000,182.826000,180.646000,182.376000,773.976002
2024.02.22,00:00,183.426000,184.927000,182.457000,184.387000,736.092000
2024.02.23,00:00,184.776000,184.836000,182.296000,182.686000,589.860001
2024.02.26,00:00,182.237000,182.626000,180.636000,181.227000,434.828999
2024.02.27,00:00,181.056000,183.807000,179.976000,182.727000,546.951009
2024.02.28,00:00,182.497000,182.757000,180.126000,181.457000,442.032000
2024.02.29,00:00,181.257000,182.306000,179.526000,180.947000,553.665043
2024.03.01,00:00,179.576000,180.357000,177.376000,179.687000,567.575999
2024.03.04,00:00,176.197000,176.667000,173.777000,175.146000,532.080065
2024.03.05,00:00,170.526000,171.856000,169.626000,170.207000,543.447092
2024.03.06,00:00,171.177000,171.177000,168.676000,169.217000,733.446002
2024.03.07,00:00,169.207000,170.676000,168.486000,169.126000,512.658029
2024.03.08,00:00,168.997000,173.626000,168.916000,171.017000,1001.303999
2024.03.11,00:00,172.937000,173.966000,172.036000,172.847000,641.562069
2024.03.12,00:00,173.147000,173.977000,171.006000,173.217000,647.040001
2024.03.13,00:00,172.746000,172.996000,170.756000,171.157000,425.547000
2024.03.14,00:00,172.876000,174.246000,172.046000,173.097000,788.700001
2024.03.15,00:00,171.367000,172.587000,170.296000,172.587000,616.620000
2024.03.18,00:00,175.556000,177.677000,173.516000,173.766000,572.028001
2024.03.19,00:00,174.256000,176.556000,173.027000,176.086000,555.192000
2024.03.20,00:00,175.506000,178.657000,175.076000,178.657000,604.451999
2024.03.21,00:00,176.886000,177.366000,170.836000,171.517000,629.951999
2024.03.22,00:00,171.687000,173.037000,170.046000,172.467000,434.316000
2024.03.25,00:00,170.507000,171.926000,169.436000,170.967000,400.236000
2024.03.26,00:00,170.007000,171.376000,169.616000,169.887000,402.108001
2024.03.27,00:00,170.336000,173.517000,170.096000,173.347000,493.200000
2024.03.28,00:00,171.747000,172.167000,170.507000,171.857000,380.472001
2024.04.01,00:00,171.177000,171.177000,169.466000,170.017000,372.480000
2024.04.02,00:00,169.057000,169.276000,168.226000,169.047000,354.732001
2024.04.03,00:00,168.696000,170.647000,168.576000,169.747000,419.916000
2024.04.04,00:00,170.256000,171.897000,168.817000,169.017000,642.012000
2024.04.05,00:00,169.506000,170.367000,168.947000,169.676000,538.548000
2024.04.08,00:00,168.986000,169.137000,168.226000,168.567000,414.792001
2024.04.09,00:00,168.656000,169.976000,168.347000,169.707000,594.144000
2024.04.10,00:00,168.747000,168.987000,167.106000,168.056000,732.851999
2024.04.11,00:00,168.266000,175.426000,168.076000,175.347000,639.311999
2024.04.12,00:00,174.246000,178.167000,174.206000,176.597000,806.652000
2024.04.15,00:00,175.346000,176.397000,172.486000,172.847000,711.312001
2024.04.16,00:00,171.627000,173.477000,168.257000,169.467000,1017.609000
2024.04.17,00:00,169.537000,170.496000,167.977000,168.287000,751.343999
2024.04.18,00:00,167.987000,168.606000,166.546000,167.177000,797.423999
2024.04.19,00:00,166.066000,166.327000,164.066000,165.017000,870.588000
2024.04.22,00:00,165.387000,167.177000,164.756000,165.896000,544.320001
2024.04.23,00:00,165.197000,167.037000,164.907000,166.957000,527.940001
2024.04.24,00:00,166.357000,169.267000,166.137000,169.116000,593.028000
2024.04.25,00:00,169.506000,170.516000,168.136000,169.937000,677.052001
2024.04.26,00:00,169.906000,171.296000,169.166000,169.367000,484.212000
2024.04.29,00:00,173.277000,175.866000,173.096000,173.536000,499.848001
2024.04.30,00:00,173.317000,174.916000,169.996000,170.506000,630.287999
2024.05.01,00:00,169.596000,172.587000,169.096000,169.737000,835.847999
2024.05.02,00:00,172.427000,173.317000,170.886000,173.197000,725.256001
2024.05.03,00:00,186.716000,186.716000,182.637000,183.437000,742.607999
2024.05.06,00:00,182.366000,183.966000,180.417000,181.687000,504.767999
2024.05.07,00:00,183.426000,184.757000,181.306000,182.547000,523.187999
2024.05.08,00:00,182.506000,182.966000,181.447000,182.816000,418.740001
2024.05.09,00:00,182.507000,184.637000,182.096000,184.637000,400.860000
2024.05.10,00:00,184.876000,184.876000,182.127000,183.117000,436.608000
2024.05.13,00:00,185.396000,187.087000,184.606000,186.367000,422.628001
2024.05.14,00:00,187.597000,188.126000,186.276000,187.587000,392.520000
2024.05.15,00:00,187.827000,190.627000,187.346000,189.727000,392.448001
2024.05.16,00:00,190.316000,191.056000,189.657000,189.926000,428.964000
2024.05.17,00:00,189.347000,190.677000,189.197000,189.906000,327.731999
2024.05.20,00:00,189.267000,191.837000,188.996000,191.067000,451.271999
2024.05.21,00:00,191.076000,192.676000,190.906000,192.406000,363.563999
2024.05.22,00:00,192.187000,192.776000,190.246000,190.967000,399.684000
2024.05.23,00:00,190.926000,190.926000,186.616000,186.936000,687.239999
2024.05.24,00:00,188.827000,190.566000,188.036000,189.957000,482.064001
2024.05.28,00:00,191.526000,192.736000,189.106000,190.077000,495.611999
2024.05.29,00:00,189.506000,192.187000,189.497000,190.376000,493.980000
2024.05.30,00:00,190.756000,192.156000,190.606000,191.427000,548.124000
2024.05.31,00:00,191.306000,192.446000,189.896000,192.446000,698.304000
2024.06.03,00:00,192.806000,194.947000,192.497000,194.067000,696.960001
2024.06.04,00:00,194.617000,195.267000,193.016000,194.417000,570.612000
2024.06.05,00:00,195.337000,196.877000,194.866000,195.866000,440.831999
2024.06.06,00:00,195.606000,196.457000,194.157000,194.507000,451.895998
2024.06.07,00:00,194.657000,196.926000,194.127000,196.926000,553.188000
2024.06.10,00:00,196.877000,196.956000,192.127000,193.117000,668.268000
2024.06.11,00:00,193.456000,207.117000,193.456000,207.117000,847.644000
2024.06.12,00:00,207.347000,220.077000,206.887000,213.386000,1039.019999
2024.06.13,00:00,214.737000,216.516000,211.596000,214.857000,738.444002
2024.06.14,00:00,213.806000,214.646000,211.287000,212.577000,608.928000
2024.06.17,00:00,213.177000,218.816000,212.706000,216.676000,728.867999
2024.06.18,00:00,217.586000,218.417000,212.987000,214.346000,545.244000
2024.06.20,00:00,213.926000,213.926000,208.837000,209.687000,635.856002
2024.06.21,00:00,210.337000,211.846000,207.246000,208.027000,716.591999
2024.06.24,00:00,207.647000,212.566000,206.587000,208.447000,712.440000
2024.06.25,00:00,208.877000,211.267000,208.596000,209.356000,397.703999
2024.06.26,00:00,211.366000,214.797000,210.626000,213.407000,574.775998
2024.06.27,00:00,214.666000,215.406000,212.336000,214.067000,691.655999
2024.06.28,00:00,215.767000,215.767000,210.316000,211.167000,755.723999
2024.07.01,00:00,212.036000,217.476000,211.906000,216.837000,895.152000
2024.07.02,00:00,216.097000,220.337000,215.057000,220.337000,576.827999
2024.07.03,00:00,219.927000,221.486000,219.006000,221.486000,414.432000
2024.07.05,00:00,221.666000,226.436000,221.646000,226.436000,422.994000
2024.07.08,00:00,227.097000,227.797000,223.247000,227.757000,344.862001
2024.07.09,00:00,227.936000,229.326000,226.336000,228.736000,349.379999
2024.07.10,00:00,229.206000,233.057000,229.206000,233.057000,476.064000
2024.07.11,00:00,231.286000,232.107000,225.756000,227.997000,781.235999
2024.07.12,00:00,228.937000,232.617000,228.646000,230.497000,464.337000
2024.07.15,00:00,236.447000,236.896000,233.076000,234.456000,705.114000
2024.07.16,00:00,234.996000,236.177000,232.306000,234.937000,498.348000
2024.07.17,00:00,229.256000,231.087000,226.626000,229.197000,732.446998
2024.07.18,00:00,230.166000,230.197000,222.427000,224.437000,889.910998
2024.07.19,00:00,224.806000,226.737000,223.267000,224.467000,624.108000
2024.07.22,00:00,227.116000,227.716000,223.076000,224.167000,596.565000
2024.07.23,00:00,224.336000,226.826000,222.616000,225.037000,661.509001
2024.07.24,00:00,223.806000,224.546000,217.107000,218.757000,673.173001
2024.07.25,00:00,218.807000,220.766000,214.596000,217.727000,673.110499
2024.07.26,00:00,218.777000,219.377000,216.006000,218.116000,562.157999
2024.07.29,00:00,216.966000,219.177000,215.696000,218.316000,460.790999
2024.07.30,00:00,219.036000,220.187000,216.096000,219.317000,708.948000
2024.07.31,00:00,221.437000,223.746000,220.607000,222.307000,716.480999
2024.08.01,00:00,224.276000,224.276000,217.006000,218.416000,612.813002
2024.08.02,00:00,219.287000,225.336000,217.666000,219.866000,1050.972002
2024.08.05,00:00,199.057000,213.376000,196.496000,209.246000,1082.267997
2024.08.06,00:00,205.387000,209.927000,201.056000,207.217000,732.300001
2024.08.07,00:00,206.856000,213.576000,206.376000,209.927000,866.652000
2024.08.08,00:00,213.037000,214.157000,208.786000,213.487000,654.804000
2024.08.09,00:00,211.906000,216.716000,211.906000,216.357000,705.072001
2024.08.12,00:00,216.027000,219.366000,215.546000,217.557000,818.484000
2024.08.13,00:00,219.137000,221.826000,219.137000,221.267000,564.467999
2024.08.14,00:00,220.496000,222.977000,219.696000,222.027000,560.304000
2024.08.15,00:00,224.477000,225.266000,222.746000,224.636000,497.184001
2024.08.16,00:00,223.737000,226.786000,223.506000,226.086000,637.931998
2024.08.19,00:00,225.626000,225.906000,223.036000,225.906000,484.020000
2024.08.20,00:00,225.747000,227.086000,225.417000,226.587000,558.864000
2024.08.21,00:00,226.496000,227.887000,225.187000,226.547000,532.115999
2024.08.22,00:00,227.556000,228.307000,223.907000,224.677000,881.447999
2024.08.23,00:00,225.646000,228.166000,224.307000,226.937000,777.012001
2024.08.26,00:00,226.746000,227.247000,223.886000,227.247000,742.931999
2024.08.27,00:00,226.107000,228.777000,224.846000,228.226000,629.507999
2024.08.28,00:00,227.976000,229.817000,225.646000,226.537000,691.884001
2024.08.29,00:00,230.116000,232.837000,228.876000,229.827000,672.528000
2024.08.30,00:00,230.136000,230.307000,227.476000,228.957000,701.532000
2024.09.03,00:00,228.567000,228.777000,221.127000,222.767000,807.012002
2024.09.04,00:00,221.666000,221.666000,217.457000,221.146000,749.724000
2024.09.05,00:00,221.517000,225.417000,221.517000,222.407000,571.583998
2024.09.06,00:00,223.866000,225.107000,219.767000,220.937000,882.648001
2024.09.09,00:00,220.887000,221.017000,216.696000,221.017000,521.784001
2024.09.10,00:00,218.896000,221.407000,216.726000,220.337000,487.404001
2024.09.11,00:00,221.317000,222.967000,217.886000,222.967000,541.140000
2024.09.12,00:00,222.256000,223.507000,219.806000,222.847000,737.520001
2024.09.13,00:00,223.576000,223.977000,221.896000,222.457000,664.860001
2024.09.16,00:00,216.707000,217.147000,213.907000,216.437000,432.744000
2024.09.17,00:00,215.746000,216.866000,214.456000,216.817000,746.880000
2024.09.18,00:00,217.647000,222.217000,217.627000,220.856000,649.416001
2024.09.19,00:00,225.107000,229.717000,224.596000,229.036000,698.256001
2024.09.20,00:00,230.016000,233.057000,227.607000,228.356000,518.820000
2024.09.23,00:00,227.177000,229.377000,225.806000,226.616000,429.576001
2024.09.24,00:00,228.597000,229.156000,225.716000,227.486000,397.290033
2024.09.25,00:00,224.936000,227.187000,224.006000,226.387000,451.500001
2024.09.26,00:00,227.347000,228.336000,225.406000,227.706000,796.152000
2024.09.27,00:00,228.447000,229.447000,227.267000,227.897000,441.732000
2024.09.30,00:00,229.997000,232.987000,229.636000,232.987000,509.387999
2024.10.01,00:00,229.516000,229.516000,223.727000,226.267000,986.232000
2024.10.02,00:00,225.816000,227.297000,223.016000,226.946000,377.687999
2024.10.03,00:00,224.967000,226.686000,223.297000,225.827000,620.772000
2024.10.04,00:00,227.946000,227.946000,224.146000,226.876000,461.051999
2024.10.07,00:00,224.516000,225.576000,221.326000,221.766000,434.796000
2024.10.08,00:00,224.207000,225.887000,223.216000,225.847000,340.103999
2024.10.09,00:00,225.156000,229.737000,224.817000,229.737000,359.268000
2024.10.10,00:00,227.756000,229.436000,227.147000,229.246000,361.404001
2024.10.11,00:00,229.366000,229.366000,227.326000,227.667000,318.551998
2024.10.14,00:00,228.597000,231.667000,228.596000,231.467000,474.696000
2024.10.15,00:00,233.607000,237.357000,232.367000,233.957000,818.928000
2024.10.16,00:00,231.606000,231.886000,229.846000,231.827000,521.616001
2024.10.17,00:00,233.427000,233.427000,230.516000,232.306000,522.720001
2024.10.18,00:00,236.267000,236.267000,233.997000,235.016000,345.468000
2024.10.21,00:00,234.446000,236.786000,234.446000,236.517000,481.560001
2024.10.22,00:00,233.847000,236.146000,232.596000,235.996000,447.287999
2024.10.23,00:00,234.017000,235.066000,227.747000,230.747000,705.011998
2024.10.24,00:00,229.936000,230.787000,228.396000,230.696000,508.836001
2024.10.25,00:00,229.706000,233.116000,229.566000,231.606000,619.355999
2024.10.28,00:00,233.297000,234.667000,232.546000,233.566000,491.304001
2024.10.29,00:00,233.257000,234.266000,232.286000,233.796000,651.528001
2024.10.30,00:00,232.537000,232.937000,229.557000,230.166000,634.391999
2024.10.31,00:00,229.297000,229.626000,225.416000,226.587000,897.192001
2024.11.01,00:00,220.847000,225.156000,220.267000,223.147000,711.156001
2024.11.04,00:00,221.016000,222.727000,219.696000,222.107000,582.864001
2024.11.05,00:00,221.697000,223.747000,221.697000,223.497000,643.533000
2024.11.06,00:00,222.417000,226.026000,221.136000,222.757000,610.596001
2024.11.07,00:00,224.576000,227.847000,224.566000,227.676000,623.544000
2024.11.08,00:00,227.136000,228.467000,226.396000,227.157000,580.440002
2024.11.11,00:00,224.996000,225.026000,221.486000,224.327000,576.395998
2024.11.12,00:00,224.557000,225.506000,223.337000,224.787000,523.116000
2024.11.13,00:00,223.936000,226.636000,222.746000,225.296000,514.655999
2024.11.14,00:00,225.006000,228.776000,225.006000,228.337000,856.932000
2024.11.15,00:00,226.007000,226.577000,224.256000,225.217000,552.204000
2024.11.18,00:00,225.126000,229.707000,225.097000,228.217000,278.844000
2024.11.19,00:00,226.666000,230.116000,226.666000,228.317000,522.168000
2024.11.20,00:00,227.876000,229.856000,225.886000,228.947000,482.844000
2024.11.21,00:00,228.697000,230.046000,225.696000,228.747000,611.640000
2024.11.22,00:00,228.156000,230.617000,228.076000,230.016000,520.116000
2024.11.25,00:00,231.427000,233.106000,229.736000,233.006000,789.528000
2024.11.26,00:00,233.417000,235.447000,233.417000,235.137000,518.699999
2024.11.27,00:00,234.487000,235.547000,233.796000,234.916000,470.952000
2024.11.29,00:00,234.807000,237.526000,233.977000,237.467000,210.948000
2024.12.02,00:00,237.267000,240.726000,237.126000,239.666000,379.895999
2024.12.03,00:00,239.867000,242.747000,238.896000,242.747000,360.240000
2024.12.04,00:00,242.886000,244.057000,241.197000,243.046000,346.008000
2024.12.05,00:00,244.036000,244.356000,242.127000,243.047000,297.708000
2024.12.06,00:00,242.896000,244.536000,242.076000,242.837000,423.563999
2024.12.09,00:00,241.817000,247.166000,241.687000,246.977000,412.919999
2024.12.10,00:00,246.887000,248.147000,245.316000,247.786000,361.380000
2024.12.11,00:00,247.926000,250.777000,246.257000,246.487000,414.084000
2024.12.12,00:00,246.876000,248.716000,245.656000,248.176000,349.763999
2024.12.13,00:00,247.807000,249.186000,246.216000,248.187000,331.488000
2024.12.16,00:00,247.837000,251.286000,247.637000,251.087000,369.503999
2024.12.17,00:00,250.077000,253.667000,249.777000,253.546000,496.475999
2024.12.18,00:00,252.096000,254.207000,247.806000,248.637000,619.008000
2024.12.19,00:00,247.357000,251.776000,247.087000,250.027000,995.364000
2024.12.20,00:00,248.046000,254.987000,246.266000,254.987000,745.824000
2024.12.23,00:00,254.666000,255.547000,253.426000,255.407000,585.516000
2024.12.24,00:00,255.266000,258.056000,255.266000,258.056000,205.008000
2024.12.26,00:00,258.187000,259.907000,257.626000,259.206000,321.096000
2024.12.27,00:00,257.827000,258.376000,253.046000,255.766000,517.776000
2024.12.30,00:00,251.937000,253.476000,250.746000,252.437000,453.816001
2024.12.31,00:00,252.437000,252.987000,249.426000,250.197000,674.783999
2025.01.02,00:00,248.866000,248.866000,241.807000,243.927000,662.160000
2025.01.03,00:00,243.337000,243.967000,241.886000,243.567000,409.931999
2025.01.06,00:00,244.197000,247.246000,243.856000,245.067000,618.636001
2025.01.07,00:00,245.007000,245.457000,241.336000,242.307000,440.867999
2025.01.08,00:00,241.917000,243.547000,240.046000,242.786000,720.624001
2025.01.09,00:00,242.617000,242.617000,242.617000,242.617000,0.000000
2025.01.10,00:00,239.896000,239.936000,232.996000,237.057000,609.708000
2025.01.13,00:00,233.527000,234.616000,229.696000,234.616000,622.884000
2025.01.14,00:00,234.666000,235.956000,232.456000,233.387000,456.516000
2025.01.15,00:00,234.506000,238.507000,234.416000,237.857000,341.736000
2025.01.16,00:00,237.487000,237.767000,228.006000,228.377000,694.992000
2025.01.17,00:00,231.936000,231.936000,228.476000,229.707000,476.004001
2025.01.21,00:00,224.087000,224.087000,219.366000,222.767000,553.499999
2025.01.22,00:00,219.767000,223.966000,219.766000,223.966000,418.392001
2025.01.23,00:00,224.717000,226.806000,222.296000,223.597000,437.136000
2025.01.24,00:00,224.886000,225.296000,221.396000,223.037000,532.356000
2025.01.27,00:00,223.927000,232.066000,223.926000,229.996000,701.484000
2025.01.28,00:00,230.847000,240.096000,230.847000,238.586000,590.124000
2025.01.29,00:00,234.097000,239.787000,234.027000,239.787000,625.740000
2025.01.30,00:00,238.766000,240.696000,237.197000,238.287000,454.571999
2025.01.31,00:00,246.996000,246.996000,233.427000,236.037000,685.068000
2025.02.03,00:00,229.906000,231.707000,225.696000,228.117000,685.104001
2025.02.04,00:00,227.146000,233.106000,226.636000,233.106000,373.788002
2025.02.05,00:00,228.297000,232.637000,228.286000,232.637000,379.176001
2025.02.06,00:00,231.247000,233.667000,230.406000,233.257000,327.947999
2025.02.07,00:00,232.507000,233.747000,227.257000,227.767000,673.211999
2025.02.10,00:00,229.506000,230.486000,227.177000,227.666000,306.432000
2025.02.11,00:00,228.127000,235.177000,228.127000,232.837000,427.956000
2025.02.12,00:00,231.147000,236.906000,230.627000,236.906000,602.615999
2025.02.13,00:00,236.917000,242.306000,235.566000,241.637000,493.175999
2025.02.14,00:00,241.197000,245.027000,240.967000,244.907000,477.023999
2025.02.18,00:00,243.997000,245.077000,241.826000,244.457000,371.112000
2025.02.19,00:00,244.617000,245.587000,243.156000,245.017000,318.960000
2025.02.20,00:00,244.757000,246.596000,244.266000,245.937000,456.119999
2025.02.21,00:00,245.856000,248.597000,245.206000,245.807000,535.788000
2025.02.24,00:00,244.836000,248.686000,244.447000,247.307000,514.944000
2025.02.25,00:00,247.916000,249.737000,244.906000,247.416000,609.636000
2025.02.26,00:00,244.236000,244.466000,239.116000,240.306000,568.691999
2025.02.27,00:00,239.406000,242.296000,237.036000,237.457000,619.968000
2025.02.28,00:00,236.906000,242.067000,234.597000,242.067000,609.360000
2025.03.03,00:00,241.766000,243.736000,236.096000,238.197000,888.432002
2025.03.04,00:00,237.747000,239.907000,234.676000,236.117000,1090.956000
2025.03.05,00:00,235.417000,236.436000,229.216000,236.056000,714.441520
2025.03.06,00:00,234.397000,237.786000,233.287000,235.276000,1003.392001
2025.03.07,00:00,235.057000,241.257000,234.756000,239.377000,895.199998
2025.03.10,00:00,235.476000,235.476000,224.216000,227.577000,1266.312001
2025.03.11,00:00,223.777000,225.657000,217.347000,221.217000,1478.903999
2025.03.12,00:00,220.097000,221.567000,214.897000,217.257000,985.223997
2025.03.13,00:00,215.937000,216.346000,208.406000,209.717000,829.296000
2025.03.14,00:00,211.156000,213.837000,209.556000,213.637000,639.372000
2025.03.17,00:00,213.296000,215.166000,209.956000,214.187000,643.224001
2025.03.18,00:00,214.097000,214.886000,211.397000,212.837000,804.396001
2025.03.19,00:00,214.106000,218.467000,213.736000,215.386000,653.736001
2025.03.20,00:00,213.827000,217.307000,212.196000,214.307000,714.588002
2025.03.21,00:00,211.376000,218.826000,211.376000,218.826000,618.720000
2025.03.24,00:00,220.786000,220.847000,218.536000,220.847000,405.444000
2025.03.25,00:00,220.777000,223.986000,220.046000,223.777000,359.832000
2025.03.26,00:00,223.446000,224.857000,220.466000,221.667000,452.448001
2025.03.27,00:00,221.266000,224.946000,220.516000,224.016000,681.084000
2025.03.28,00:00,221.606000,223.746000,217.677000,217.897000,612.696000
2025.03.31,00:00,217.047000,223.996000,216.217000,222.937000,650.471999
2025.04.01,00:00,219.726000,223.317000,218.856000,223.276000,502.296000
2025.04.02,00:00,221.137000,225.126000,220.997000,224.077000,519.107998
2025.04.03,00:00,205.516000,206.867000,201.236000,203.487000,720.123016
2025.04.04,00:00,193.856000,199.556000,187.326000,188.456000,1012.596001
2025.04.07,00:00,177.197000,193.657000,174.786000,181.877000,1155.216000
2025.04.08,00:00,186.496000,190.067000,169.196000,173.376000,1042.836000
2025.04.09,00:00,171.997000,200.036000,171.887000,199.027000,1463.496001
2025.04.10,00:00,189.047000,194.686000,182.996000,190.906000,1159.668002
2025.04.11,00:00,186.227000,199.237000,186.226000,198.127000,782.700000
2025.04.14,00:00,211.386000,211.916000,201.166000,202.717000,783.924000
2025.04.15,00:00,201.757000,203.387000,199.806000,202.177000,792.875999
2025.04.16,00:00,198.326000,200.066000,192.356000,194.397000,775.176000
2025.04.17,00:00,197.006000,198.656000,194.307000,196.787000,760.704001
2025.04.21,00:00,193.147000,193.546000,189.796000,193.406000,533.064000
2025.04.22,00:00,196.116000,201.457000,195.956000,199.817000,804.935999
2025.04.23,00:00,205.967000,207.896000,202.767000,205.077000,778.715999
2025.04.24,00:00,204.687000,208.627000,202.917000,208.397000,433.296000
2025.04.25,00:00,206.307000,209.417000,206.307000,209.417000,588.180001
2025.04.28,00:00,209.986000,211.456000,207.446000,210.506000,501.359999
2025.04.29,00:00,208.827000,212.027000,208.306000,211.477000,517.033050
2025.04.30,00:00,209.246000,213.286000,206.646000,213.126000,564.393001
2025.05.01,00:00,208.896000,214.366000,208.896000,213.056000,661.679999
2025.05.02,00:00,206.047000,206.946000,202.117000,205.487000,635.028001
2025.05.05,00:00,203.016000,203.717000,198.196000,198.896000,495.132000
2025.05.06,00:00,198.087000,200.427000,197.317000,199.007000,516.012240
2025.05.07,00:00,199.126000,199.296000,193.246000,196.497000,651.827999
2025.05.08,00:00,197.737000,199.917000,194.656000,197.516000,665.759999
2025.05.09,00:00,198.966000,200.457000,197.527000,198.536000,553.116000
2025.05.12,00:00,210.887000,211.087000,206.747000,210.837000,580.176000
2025.05.13,00:00,210.367000,213.367000,209.037000,213.207000,508.605649
2025.05.14,00:00,212.396000,213.706000,210.576000,212.547000,531.912000
2025.05.15,00:00,210.907000,212.807000,209.516000,211.406000,515.039999
2025.05.16,00:00,212.327000,212.327000,209.756000,211.296000,445.212000
2025.05.19,00:00,207.827000,209.427000,204.256000,208.917000,481.919999
2025.05.20,00:00,207.716000,208.437000,205.006000,206.916000,495.287999
2025.05.21,00:00,205.067000,206.997000,200.707000,202.417000,962.964000
2025.05.22,00:00,200.657000,202.607000,199.697000,201.437000,713.100000
2025.05.23,00:00,193.597000,197.527000,193.456000,195.536000,822.720000
2025.05.27,00:00,198.367000,200.637000,197.426000,200.247000,559.887850
2025.05.28,00:00,200.467000,202.576000,199.887000,200.587000,522.900000
2025.05.29,00:00,203.516000,203.516000,198.496000,199.987000,752.220000
2025.05.30,00:00,199.336000,201.876000,196.776000,201.446000,824.424000
2025.06.02,00:00,200.187000,202.036000,200.097000,201.776000,504.996001
2025.06.03,00:00,201.296000,203.706000,200.927000,203.397000,474.263999
2025.06.04,00:00,202.926000,206.066000,202.176000,203.087000,459.372000
2025.06.05,00:00,203.487000,204.686000,200.136000,200.706000,714.888000
2025.06.06,00:00,202.996000,205.397000,202.046000,204.257000,479.412000
2025.06.09,00:00,204.306000,205.917000,200.026000,201.696000,575.232000
2025.06.10,00:00,200.567000,204.247000,200.567000,202.747000,527.867999
2025.06.11,00:00,203.437000,204.437000,198.406000,198.846000,642.696000
2025.06.12,00:00,198.997000,199.607000,197.346000,199.177000,444.600001
2025.06.13,00:00,199.697000,199.827000,195.696000,196.397000,645.828000
2025.06.16,00:00,197.207000,198.557000,196.556000,198.397000,469.956000
2025.06.17,00:00,197.097000,198.336000,195.196000,195.667000,466.763999
2025.06.18,00:00,195.876000,197.476000,195.046000,196.666000,565.368001
2025.06.20,00:00,198.006000,201.306000,196.846000,201.057000,638.040000
2025.06.23,00:00,201.447000,202.206000,198.946000,201.646000,678.912001
2025.06.24,00:00,202.616000,203.336000,200.196000,200.466000,456.780000
2025.06.25,00:00,201.396000,203.376000,200.607000,201.557000,392.040000
2025.06.26,00:00,201.406000,202.137000,199.446000,201.257000,392.262000
2025.06.27,00:00,201.876000,203.027000,200.377000,201.147000,425.574001
2025.06.30,00:00,201.957000,207.166000,199.246000,205.527000,515.555999
2025.07.01,00:00,206.637000,210.036000,206.127000,208.007000,607.410001
2025.07.02,00:00,209.076000,212.997000,208.096000,212.487000,556.257000
2025.07.03,00:00,212.126000,214.586000,211.796000,213.557000,286.956000
2025.07.07,00:00,212.667000,215.656000,208.786000,209.937000,799.596000
2025.07.08,00:00,210.086000,211.327000,208.446000,210.107000,633.708000
2025.07.09,00:00,209.397000,211.186000,207.196000,211.167000,615.900000
2025.07.10,00:00,210.426000,213.346000,210.167000,212.406000,579.324000
2025.07.11,00:00,210.567000,212.067000,209.846000,211.157000,484.463999
2025.07.14,00:00,209.847000,210.706000,207.526000,208.807000,503.988001
2025.07.15,00:00,209.157000,211.797000,208.916000,209.296000,611.448000
2025.07.16,00:00,210.187000,212.257000,208.626000,210.187000,709.943999
2025.07.17,00:00,210.546000,211.737000,209.586000,210.117000,512.927999
2025.07.18,00:00,210.697000,211.717000,209.696000,211.217000,532.776000
2025.07.21,00:00,211.966000,215.496000,211.626000,212.507000,548.820000
2025.07.22,00:00,213.136000,214.597000,212.206000,214.587000,586.260000
2025.07.23,00:00,214.996000,214.996000,212.396000,214.207000,476.160001
2025.07.24,00:00,213.797000,215.456000,213.506000,213.966000,525.468000
2025.07.25,00:00,214.647000,214.966000,213.386000,213.987000,428.928000
2025.07.28,00:00,213.966000,214.806000,213.046000,214.016000,390.192000
2025.07.29,00:00,214.146000,214.607000,210.746000,211.327000,450.684002
2025.07.30,00:00,211.816000,211.887000,207.696000,209.096000,679.151999
2025.07.31,00:00,208.287000,209.817000,207.106000,207.977000,780.900001
2025.08.01,00:00,210.796000,213.147000,201.496000,202.427000,1058.808002
2025.08.04,00:00,204.446000,207.757000,201.666000,203.297000,583.776000
2025.08.05,00:00,203.377000,205.256000,202.097000,202.917000,556.176000
2025.08.06,00:00,205.576000,215.336000,205.576000,213.267000,653.447999
2025.08.07,00:00,218.846000,220.806000,216.546000,220.116000,659.352000
2025.08.08,00:00,220.756000,230.866000,219.246000,229.377000,669.228000
2025.08.11,00:00,227.907000,229.466000,224.737000,227.287000,524.724001
2025.08.12,00:00,227.936000,230.746000,227.056000,229.757000,434.411999
2025.08.13,00:00,231.066000,234.476000,230.416000,233.607000,541.247999
2025.08.14,00:00,234.006000,234.647000,230.847000,233.027000,471.936001
2025.08.15,00:00,233.727000,233.727000,229.297000,231.667000,457.703999
2025.08.18,00:00,231.707000,232.987000,230.096000,231.126000,411.720000
2025.08.19,00:00,231.247000,232.747000,229.336000,230.676000,498.119999
2025.08.20,00:00,229.967000,229.967000,225.756000,226.117000,708.731999
2025.08.21,00:00,226.197000,226.227000,223.767000,225.007000,466.452000
2025.08.22,00:00,226.077000,228.946000,225.406000,227.866000,455.460000
2025.08.25,00:00,226.407000,229.237000,226.196000,227.327000,368.568000
2025.08.26,00:00,226.727000,229.417000,224.667000,229.417000,285.264000
2025.08.27,00:00,228.547000,230.867000,228.256000,230.786000,349.128000
2025.08.28,00:00,230.746000,233.377000,229.247000,232.757000,372.048000
2025.08.29,00:00,232.556000,233.136000,231.346000,232.107000,489.455999
2025.09.02,00:00,229.247000,230.636000,226.996000,229.676000,538.356000
2025.09.03,00:00,237.286000,238.466000,234.346000,238.466000,534.047999
2025.09.04,00:00,238.406000,239.877000,236.716000,239.877000,445.692000
2025.09.05,00:00,239.927000,241.257000,238.486000,239.676000,703.680000
2025.09.08,00:00,239.346000,239.916000,236.326000,237.887000,476.183998
2025.09.09,00:00,236.886000,238.416000,233.336000,234.547000,578.784000
2025.09.10,00:00,231.926000,231.926000,225.946000,227.047000,603.432000
2025.09.11,00:00,226.706000,230.417000,226.636000,230.417000,340.032001
2025.09.12,00:00,229.207000,234.377000,229.006000,234.267000,465.672001
2025.09.15,00:00,236.997000,238.106000,235.016000,236.777000,464.232000
2025.09.16,00:00,237.127000,241.147000,236.307000,238.217000,488.160000
2025.09.17,00:00,238.877000,239.957000,237.726000,239.017000,579.539999
2025.09.18,00:00,239.846000,240.166000,236.607000,238.096000,485.940000
2025.09.19,00:00,241.097000,246.167000,240.196000,245.606000,613.824000
2025.09.22,00:00,248.306000,256.496000,248.116000,256.247000,620.964001
2025.09.23,00:00,255.907000,256.947000,253.567000,254.497000,473.052000
2025.09.24,00:00,255.226000,255.226000,251.007000,252.307000,418.632001
2025.09.25,00:00,253.246000,257.057000,251.696000,256.967000,463.595999
2025.09.26,00:00,253.747000,256.876000,253.737000,255.506000,445.932000
2025.09.29,00:00,254.537000,254.577000,252.996000,254.426000,348.347999
2025.09.30,00:00,254.766000,255.776000,253.097000,254.867000,368.232001
2025.10.01,00:00,254.946000,258.506000,254.946000,255.577000,435.552000
2025.10.02,00:00,256.546000,258.106000,254.107000,257.427000,383.051999
2025.10.03,00:00,254.526000,259.076000,253.947000,258.037000,479.448000
2025.10.06,00:00,258.017000,258.806000,255.046000,256.847000,380.928000
2025.10.07,00:00,256.907000,257.276000,255.416000,256.477000,454.331999
2025.10.08,00:00,256.517000,258.417000,256.096000,258.127000,305.771999
2025.10.09,00:00,257.756000,257.756000,253.126000,254.046000,364.284000
2025.10.10,00:00,254.747000,256.276000,244.516000,245.396000,788.484000
2025.10.13,00:00,249.267000,249.597000,246.087000,247.647000,366.732000
2025.10.14,00:00,246.526000,248.717000,244.687000,247.987000,414.575999
2025.10.15,00:00,249.397000,251.776000,247.466000,249.406000,436.392000
2025.10.16,00:00,248.226000,248.916000,245.106000,247.527000,624.528000
2025.10.17,00:00,248.006000,253.296000,247.216000,252.526000,633.995999
2025.10.20,00:00,255.817000,264.196000,255.606000,262.407000,474.420001
2025.10.21,00:00,261.826000,265.157000,261.826000,263.147000,372.575999
2025.10.22,00:00,262.756000,262.756000,255.437000,258.507000,486.119999
2025.10.23,00:00,259.807000,260.496000,257.996000,259.657000,296.232000
2025.10.24,00:00,261.057000,264.057000,259.147000,262.897000,374.388000
2025.10.27,00:00,264.696000,268.966000,264.636000,268.966000,262.992000
2025.10.28,00:00,269.036000,269.766000,268.137000,269.256000,260.159999
2025.10.29,00:00,269.176000,271.147000,267.046000,269.797000,483.299999
2025.10.30,00:00,271.936000,273.577000,268.486000,271.587000,461.304001
2025.10.31,00:00,276.657000,276.657000,269.096000,270.697000,515.076000
2025.11.03,00:00,270.336000,270.467000,266.246000,269.096000,342.816000
2025.11.04,00:00,268.157000,271.416000,267.586000,270.267000,554.580000
2025.11.05,00:00,268.607000,271.236000,266.856000,270.337000,380.652000
2025.11.06,00:00,267.997000,273.137000,267.886000,270.116000,623.148000
2025.11.07,00:00,269.987000,272.107000,266.767000,268.567000,672.612000
2025.11.10,00:00,268.986000,273.547000,267.486000,269.537000,518.724000
2025.11.11,00:00,269.796000,275.796000,269.746000,275.387000,515.675998
2025.11.12,00:00,274.977000,275.696000,271.846000,273.527000,468.408000
2025.11.13,00:00,274.187000,276.597000,272.086000,273.076000,666.864001
2025.11.14,00:00,271.007000,275.876000,269.556000,272.456000,639.107999
2025.11.17,00:00,268.906000,270.266000,265.706000,267.516000,650.735999
2025.11.18,00:00,269.567000,270.517000,265.277000,267.747000,842.231999
2025.11.19,00:00,265.557000,271.976000,265.297000,268.587000,739.752001
2025.11.20,00:00,270.806000,275.346000,265.897000,266.386000,1028.184001
2025.11.21,00:00,265.916000,273.267000,265.536000,271.546000,940.439998
2025.11.24,00:00,271.316000,276.877000,271.166000,276.067000,562.008000
2025.11.25,00:00,275.266000,280.247000,275.266000,277.056000,591.132002
2025.11.26,00:00,276.786000,279.486000,276.616000,277.807000,445.116000
2025.11.28,00:00,277.256000,278.886000,275.976000,278.886000,193.620000
2025.12.01,00:00,277.926000,283.276000,276.097000,283.217000,440.184000
2025.12.02,00:00,282.827000,287.316000,282.596000,286.277000,537.936000
2025.12.03,00:00,286.197000,288.216000,283.406000,284.287000,430.259999
2025.12.04,00:00,284.036000,284.167000,278.586000,280.616000,389.963999
2025.12.05,00:00,280.377000,281.047000,278.026000,278.886000,427.428000
2025.12.08,00:00,277.906000,279.296000,276.127000,277.966000,344.040000
2025.12.09,00:00,278.096000,279.897000,276.906000,277.217000,297.636000
2025.12.10,00:00,277.777000,279.646000,276.417000,278.797000,390.072000
2025.12.11,00:00,279.017000,279.017000,273.797000,278.066000,430.235999
2025.12.12,00:00,277.897000,279.156000,276.826000,278.366000,527.400000
2025.12.15,00:00,280.026000,280.026000,272.836000,274.427000,567.887999
2025.12.16,00:00,272.796000,275.247000,271.746000,275.006000,585.456000
2025.12.17,00:00,274.947000,276.076000,271.576000,272.136000,540.107998
2025.12.18,00:00,273.567000,273.567000,266.937000,272.527000,494.820000
2025.12.19,00:00,272.297000,273.876000,269.887000,273.876000,438.251999
2025.12.22,00:00,272.717000,273.596000,270.496000,270.927000,331.632000
2025.12.23,00:00,270.747000,272.377000,269.496000,272.367000,297.336001
2025.12.24,00:00,272.146000,275.346000,272.146000,273.936000,152.928000
2025.12.26,00:00,273.997000,275.236000,272.846000,273.406000,205.128000
2025.12.29,00:00,272.526000,274.147000,272.276000,273.837000,251.544000
2025.12.30,00:00,272.776000,273.867000,272.266000,273.157000,239.508000
2025.12.31,00:00,273.077000,273.367000,271.726000,272.027000,299.532000
2026.01.02,00:00,272.007000,277.627000,268.996000,271.026000,551.892000
2026.01.05,00:00,270.607000,271.077000,266.126000,267.306000,412.716000
2026.01.06,00:00,266.797000,266.797000,262.097000,262.457000,407.592000
2026.01.07,00:00,263.107000,263.136000,259.796000,260.377000,431.988000
2026.01.08,00:00,256.796000,259.267000,255.666000,259.267000,542.976001
2026.01.09,00:00,259.047000,260.137000,256.196000,259.567000,503.507999
2026.01.12,00:00,259.207000,261.217000,256.796000,260.337000,351.348000
2026.01.13,00:00,258.536000,261.596000,258.317000,261.057000,464.904000
2026.01.14,00:00,259.437000,261.617000,256.696000,260.156000,569.496000
2026.01.15,00:00,260.576000,260.907000,257.006000,258.307000,502.884000
2026.01.16,00:00,257.726000,258.697000,254.936000,255.807000,478.571998
2026.01.20,00:00,252.597000,254.476000,243.416000,246.707000,702.792000
2026.01.21,00:00,248.566000,251.437000,245.156000,247.877000,721.091999
2026.01.22,00:00,249.047000,250.916000,248.146000,248.407000,439.404000
2026.01.23,00:00,247.306000,249.317000,244.627000,248.197000,493.919999
2026.01.26,00:00,251.327000,256.497000,249.707000,255.537000,531.936001
2026.01.27,00:00,258.696000,261.867000,258.206000,258.367000,408.983999
2026.01.28,00:00,257.287000,258.507000,254.496000,256.827000,441.384000
2026.01.29,00:00,257.926000,259.257000,254.396000,258.487000,783.023999
2026.01.30,00:00,254.997000,261.787000,252.186000,260.037000,856.080002
2026.02.02,00:00,259.776000,270.207000,259.146000,270.177000,519.084001
2026.02.03,00:00,269.137000,271.717000,267.596000,269.696000,833.724000
2026.02.04,00:00,272.246000,278.907000,272.166000,276.987000,904.607999
2026.02.05,00:00,277.886000,277.886000,273.236000,276.156000,929.736000
2026.02.06,00:00,276.966000,280.626000,276.697000,278.467000,745.055999
2026.02.09,00:00,277.616000,277.616000,271.706000,274.977000,464.268000
2026.02.10,00:00,274.777000,275.316000,272.937000,273.977000,467.112000
2026.02.11,00:00,274.627000,280.097000,274.326000,276.027000,709.680001
2026.02.12,00:00,275.407000,275.407000,260.126000,261.827000,869.808001
2026.02.13,00:00,262.006000,262.006000,255.387000,255.966000,544.344000
2026.02.17,00:00,257.847000,266.177000,255.506000,263.976000,824.484000
2026.02.18,00:00,263.496000,266.607000,262.356000,264.686000,582.828000
2026.02.19,00:00,262.296000,264.417000,260.036000,260.526000,532.800000
2026.02.20,00:00,258.897000,264.676000,258.106000,264.616000,818.484001
2026.02.23,00:00,263.477000,269.317000,263.226000,266.397000,569.616000
2026.02.24,00:00,267.677000,274.746000,267.277000,272.307000,488.748001
2026.02.25,00:00,271.567000,274.906000,271.006000,274.307000,390.840000
2026.02.26,00:00,274.877000,275.176000,270.766000,272.977000,630.431999
2026.02.27,00:00,272.497000,272.497000,262.916000,264.257000,566.495999
2026.03.02,00:00,262.266000,266.436000,260.077000,265.167000,684.839999
2026.03.03,00:00,263.266000,265.296000,260.116000,263.817000,951.528001
2026.03.04,00:00,263.796000,265.477000,262.046000,262.747000,611.340000
2026.03.05,00:00,260.676000,261.427000,257.217000,260.377000,847.788001
2026.03.06,00:00,258.477000,258.477000,254.346000,257.777000,910.248001
2026.03.09,00:00,255.436000,261.006000,253.616000,260.177000,926.592001
2026.03.10,00:00,257.596000,262.416000,256.916000,260.916000,837.696000
2026.03.11,00:00,261.076000,261.977000,259.516000,260.847000,846.167999
2026.03.12,00:00,258.506000,258.506000,254.166000,255.827000,704.315999
2026.03.13,00:00,255.356000,256.146000,249.456000,250.347000,607.044001
2026.03.16,00:00,251.897000,253.826000,249.846000,252.947000,616.236002
2026.03.17,00:00,252.897000,255.076000,252.146000,254.346000,666.792000
2026.03.18,00:00,252.497000,254.627000,248.957000,249.986000,660.936000
2026.03.19,00:00,249.277000,251.707000,247.196000,249.136000,737.760002
2026.03.20,00:00,247.787000,249.096000,245.996000,248.046000,942.419998
2026.03.23,00:00,254.057000,254.057000,250.266000,251.827000,876.312002
2026.03.24,00:00,250.336000,254.807000,249.437000,251.657000,805.488002
2026.03.25,00:00,254.006000,254.827000,251.586000,252.676000,933.203999
2026.03.26,00:00,252.187000,256.786000,250.646000,253.057000,763.979999
2026.03.27,00:00,253.627000,255.246000,248.056000,249.356000,768.768000
2026.03.30,00:00,250.037000,250.037000,245.496000,246.937000,793.572000
2026.03.31,00:00,247.797000,254.986000,247.067000,253.956000,920.987998
2026.04.01,00:00,253.957000,256.026000,253.287000,255.697000,561.695999
2026.04.02,00:00,253.977000,255.977000,250.607000,255.897000,728.027999
2026.04.06,00:00,256.317000,262.067000,256.317000,258.977000,605.496000
2026.04.07,00:00,256.107000,256.107000,245.656000,253.596000,790.919999
2026.04.08,00:00,258.296000,259.427000,256.296000,258.947000,688.908000
2026.04.09,00:00,258.996000,260.927000,256.036000,260.577000,483.635999
2026.04.10,00:00,260.207000,262.006000,259.006000,260.526000,385.524000
2026.04.13,00:00,259.576000,259.576000,256.646000,259.246000,498.275999
2026.04.14,00:00,259.006000,261.696000,257.176000,258.817000,402.972000
2026.04.15,00:00,258.007000,266.526000,257.796000,266.526000,492.611999
2026.04.16,00:00,266.646000,266.646000,261.266000,263.587000,618.803999
2026.04.17,00:00,266.916000,272.217000,266.676000,270.397000,538.152000
2026.04.20,00:00,270.227000,274.157000,270.227000,273.136000,550.955999
2026.04.21,00:00,271.496000,272.267000,265.386000,266.217000,485.219999
2026.04.22,00:00,267.777000,273.696000,266.817000,273.227000,498.072001
2026.04.23,00:00,274.896000,275.547000,271.616000,273.647000,598.680001
2026.04.24,00:00,272.646000,272.646000,269.646000,271.137000,471.024001
2026.04.27,00:00,265.876000,268.247000,265.046000,267.667000,467.484001
2026.04.28,00:00,272.186000,272.186000,268.616000,270.837000,586.080001
2026.04.29,00:00,267.296000,270.966000,266.996000,270.277000,499.812000
2026.04.30,00:00,270.367000,275.686000,268.136000,272.157000,570.540001
2026.05.01,00:00,278.597000,286.876000,278.316000,280.267000,679.896001
2026.05.04,00:00,279.597000,279.597000,274.846000,276.826000,511.896000
2026.05.05,00:00,276.897000,284.357000,276.397000,284.256000,471.456001
2026.05.06,00:00,281.906000,287.847000,281.007000,287.557000,537.948000
2026.05.07,00:00,289.046000,291.856000,285.507000,287.546000,589.368000
2026.05.08,00:00,290.077000,294.597000,290.017000,293.426000,445.080001
2026.05.11,00:00,292.107000,293.817000,290.206000,292.667000,421.859998
2026.05.12,00:00,292.576000,295.187000,292.576000,294.866000,516.324000
2026.05.13,00:00,293.426000,300.866000,293.416000,299.226000,465.048001
2026.05.14,00:00,299.646000,299.666000,295.387000,298.246000,434.652001
2026.05.15,00:00,297.646000,303.087000,296.506000,300.386000,514.679999
2026.05.18,00:00,300.166000,300.166000,294.826000,297.886000,846.383999
2026.05.19,00:00,296.897000,300.306000,296.276000,299.206000,638.580000
2026.05.20,00:00,298.346000,302.707000,297.796000,302.217000,537.144000
2026.05.21,00:00,300.916000,305.476000,300.326000,305.067000,564.456001
2026.05.22,00:00,305.997000,311.296000,305.806000,309.137000,724.776000
2026.05.26,00:00,309.647000,311.737000,307.496000,308.316000,456.263999
2026.05.27,00:00,308.326000,313.137000,308.227000,311.017000,718.740003
2026.05.28,00:00,310.636000,312.546000,309.476000,312.546000,474.636000
2026.05.29,00:00,311.776000,314.876000,309.506000,312.187000,798.432000
2026.06.01,00:00,309.486000,310.466000,305.027000,306.347000,674.807999
2026.06.02,00:00,306.997000,315.416000,306.587000,315.416000,742.425023
2026.06.03,00:00,313.996000,316.777000,308.827000,310.267000,550.632001
2026.06.04,00:00,313.126000,313.126000,309.637000,311.417000,708.624000
2026.06.05,00:00,312.877000,314.946000,307.027000,307.936000,871.403999
2026.06.08,00:00,308.687000,317.056000,301.096000,301.607000,1063.067997
2026.06.09,00:00,300.127000,300.127000,287.806000,290.997000,1285.848001
2026.06.10,00:00,290.546000,294.656000,287.356000,292.237000,1589.112004
2026.06.11,00:00,293.286000,296.847000,289.506000,295.577000,1275.720000
2026.06.12,00:00,295.746000,296.587000,289.596000,291.217000,991.704001
2026.06.15,00:00,293.886000,297.717000,291.576000,296.447000,635.160001
2026.06.16,00:00,295.126000,300.417000,293.926000,299.407000,863.400000
2026.06.17,00:00,300.637000,301.667000,294.147000,296.047000,827.004001
2026.06.18,00:00,297.966000,300.397000,295.516000,298.487000,811.451999
2026.06.22,00:00,297.496000,302.347000,296.766000,297.136000,608.784002
2026.06.23,00:00,297.646000,301.386000,294.346000,295.036000,1067.184001
2026.06.24,00:00,295.007000,299.606000,292.907000,293.337000,676.104000
2026.06.25,00:00,287.286000,287.867000,273.706000,274.837000,1628.472003
2026.06.26,00:00,274.866000,285.626000,274.167000,284.457000,775.872000
2026.06.29,00:00,286.746000,286.796000,279.797000,281.937000,872.795997
2026.06.30,00:00,281.146000,289.577000,280.586000,289.496000,606.504002
2026.07.01,00:00,293.247000,296.407000,289.136000,294.597000,887.700002
2026.07.02,00:00,293.916000,309.157000,293.507000,308.696000,843.431999
2026.07.06,00:00,307.217000,314.116000,306.936000,312.967000,818.124000
2026.07.07,00:00,314.997000,314.997000,310.006000,311.147000,691.007999
2026.07.08,00:00,311.907000,314.697000,306.986000,313.786000,960.324000
2026.07.09,00:00,310.446000,316.397000,308.016000,316.196000,589.944000
2026.07.10,00:00,316.067000,316.847000,312.066000,315.327000,826.979999
2026.07.13,00:00,316.977000,323.316000,315.746000,317.626000,684.744000
2026.07.14,00:00,313.577000,316.057000,311.687000,315.156000,1014.959998
2026.07.15,00:00,317.556000,328.607000,317.297000,327.567000,766.992000
2026.07.16,00:00,327.977000,334.416000,326.706000,333.476000,1100.640002
2026.07.17,00:00,331.956000,334.837000,328.996000,334.197000,867.552000
2026.07.20,00:00,332.286000,332.517000,323.326000,326.777000,999.119999
2026.07.21,00:00,323.187000,329.536000,322.216000,327.767000,617.616001
2026.07.22,00:00,327.637000,328.296000,323.306000,326.447000,767.268003
2026.07.23,00:00,321.726000,322.827000,319.286000,321.876000,828.864003
2026.07.24,00:00,321.687000,334.067000,321.517000,333.117000,1052.124001
2026.07.27,00:00,334.817000,339.357000,333.997000,337.027000,1145.136001
2026.07.28,00:00,340.006000,341.027000,335.556000,340.326000,1111.944001
2026.07.29,00:00,339.617000,344.487000,337.007000,338.407000,800.184002
2026.07.30,00:00,332.997000,334.006000,329.516000,333.917000,990.516000
2026.07.31,00:00,304.676000,310.606000,299.996000,310.606000,858.780039
2026.08.03,00:00,309.787000,309.787000,302.556000,303.417000,648.180000
2026.08.04,00:00,302.647000,310.386000,301.207000,309.857000,660.996000
2026.08.05,00:00,309.137000,311.587000,305.606000,311.417000,779.952000
2026.08.06,00:00,314.096000,316.196000,309.216000,312.606000,596.904001
2026.08.07,00:00,311.307000,314.766000,310.696000,313.707000,700.344000
2026.08.10,00:00,306.656000,308.217000,304.486000,308.217000,452.495999
2026.08.11,00:00,307.456000,309.287000,302.556000,304.917000,696.912001
2026.08.12,00:00,304.946000,304.946000,300.546000,302.227000,553.272000
2026.08.13,00:00,304.126000,305.836000,302.047000,305.286000,773.735999
