date,open,high,low,close,volume,minutes
2017-11-15,67.627,67.648,67.297,67.348,68.84143595118076,390
2017-11-16,67.087,67.368,66.907,67.078,119.3434943407774,390
2017-11-17,67.287,67.558,67.058,67.418,118.84819308295846,390
2017-11-20,67.127,67.398,66.967,67.288,93.19183221645653,390
2017-11-21,67.512,67.777,67.277,67.417,96.51948505081236,390
2017-11-22,67.808,67.947,67.647,67.738,89.47007093788125,390
2017-11-24,67.868,68.098,67.867,67.878,47.34995997976512,390
2017-11-27,67.578,67.637,67.037,67.218,105.86686007352546,390
2017-11-28,67.018,67.798,67.018,67.718,98.66939196921885,390
2017-11-29,67.507,68.178,67.507,68.068,134.18033988028765,390
2017-11-30,68.138,69.208,68.138,69.208,146.48007327876985,390
2017-12-01,69.518,70.138,68.937,69.718,172.9986072126776,390
2017-12-04,69.707,70.737,69.437,69.698,132.85980905592442,390
2017-12-05,69.647,69.847,69.258,69.378,137.96242213249207,390
2017-12-06,69.027,69.198,68.347,68.458,126.6908209817484,390
2017-12-07,68.288,68.738,68.288,68.658,98.76163227157667,390
2017-12-08,68.908,69.298,68.678,69.288,94.14306196384132,390
2017-12-11,69.437,70.117,69.367,69.807,105.96405033953488,390
2017-12-12,69.888,70.058,69.487,69.577,108.55534479301423,390
2017-12-13,69.458,69.687,69.277,69.518,98.26002828963101,390
2017-12-14,69.157,69.718,69.157,69.278,102.3300300128758,390
2017-12-15,69.187,69.187,68.617,68.728,89.71971501922235,390
2017-12-18,68.757,69.578,68.757,69.328,95.41889506293228,390
2017-12-19,69.297,69.737,69.188,69.368,108.23669706564397,390
2017-12-20,69.388,70.438,69.368,70.368,89.85478901211172,390
2017-12-21,70.287,72.018,70.287,71.818,99.41621719487011,390
2017-12-22,71.898,72.248,71.598,71.998,93.01062093232758,390
2017-12-26,72.098,72.707,72.067,72.608,79.9906718165148,390
2017-12-27,72.467,72.638,72.207,72.348,88.23368208296597,390
2017-12-28,72.227,72.458,72.217,72.438,79.84590403496986,390
2017-12-29,72.648,72.637,72.137,72.298,86.52634998853318,390
2018-01-02,72.457,73.518,72.387,73.448,85.48435187677387,390
2018-01-03,73.248,74.718,73.248,74.558,102.72173198044766,390
2018-01-04,74.448,75.028,74.227,75.027,102.89544200105593,390
2018-01-05,74.668,75.008,74.347,75.018,98.7263227943331,390
2018-01-08,74.737,75.428,74.728,75.448,104.42807606048882,390
2018-01-09,75.278,75.578,75.107,75.208,116.44729202255257,390
2018-01-10,75.268,75.457,75.077,75.148,116.98942786362022,390
2018-01-11,75.267,76.918,75.117,76.678,126.11320079304278,390
2018-01-12,76.577,77.438,76.577,77.497,124.59956499934196,390
2018-01-16,77.458,77.438,76.297,76.448,156.10113389045,390
2018-01-17,76.538,77.417,76.148,77.088,117.8958917632699,390
2018-01-18,76.688,76.978,76.338,76.518,116.71434279251844,390
2018-01-19,76.117,76.388,75.877,76.398,117.4020280437544,390
2018-01-22,76.427,78.028,76.427,78.028,109.49166853306815,390
2018-01-23,78.097,78.228,77.508,77.928,132.39234989322722,390
2018-01-24,77.657,78.337,77.427,77.758,174.11026997119188,390
2018-01-25,77.998,77.928,76.937,77.088,151.12604401260614,390
2018-01-26,77.148,77.627,77.098,77.528,105.86319712596014,390
2018-01-29,77.077,77.457,76.218,76.388,128.33382787462324,390
2018-01-30,75.377,75.847,74.727,74.838,161.5919650197029,390
2018-01-31,75.017,75.118,74.327,74.948,105.92826279252768,390
2018-02-01,74.847,75.627,74.527,75.648,117.39664211310446,390
2018-02-02,74.217,74.298,72.057,72.528,163.60665118694305,390
2018-02-05,71.478,72.378,68.267,69.617,249.28312818706036,390
2018-02-06,68.197,70.377,67.898,69.968,294.39502239227295,390
2018-02-07,70.098,71.027,68.787,68.888,208.62577502429485,390
2018-02-08,68.918,69.078,66.727,66.947,283.49105259776115,390
2018-02-09,67.408,67.508,64.438,66.708,295.5282457470894,390
2018-02-12,67.517,68.407,67.197,67.798,183.6693582907319,390
2018-02-13,67.278,67.748,67.008,67.498,131.87744695320725,390
2018-02-14,66.768,68.628,66.647,68.498,131.95398000627756,390
2018-02-15,68.607,68.437,67.187,68.278,116.04496192187071,390
2018-02-16,67.958,68.728,67.707,68.218,127.0485191643238,390
2018-02-20,68.108,68.728,67.437,67.778,124.73812706023455,390
2018-02-21,67.527,68.147,66.617,66.668,46.4501829855144,390
2018-02-22,67.098,68.307,66.907,67.368,43.92328186891973,390
2018-02-23,67.688,68.837,67.547,68.828,44.134640987962484,390
2018-02-26,69.097,69.328,68.797,69.218,49.360749028623104,390
2018-02-27,69.237,69.858,68.307,68.418,53.53738186880946,390
2018-02-28,68.598,68.798,66.727,66.828,63.07624401897192,390
2018-03-01,66.658,67.658,66.147,66.678,74.66834092140198,390
2018-03-02,66.078,67.167,65.648,67.058,60.07317003980279,390
2018-03-05,66.548,67.858,66.518,67.737,79.07214185595512,390
2018-03-06,67.998,68.277,67.357,67.697,72.42308091372252,390
2018-03-07,66.957,67.638,66.547,67.198,60.46005906909704,390
2018-03-08,67.347,67.497,66.687,67.168,55.17781103402376,390
2018-03-09,67.677,68.487,67.668,68.488,52.05495607852936,390
2018-03-12,68.428,68.907,68.077,68.508,55.861666940152645,390
2018-03-13,68.628,68.937,67.657,67.988,48.99169496074319,390
2018-03-14,68.087,68.338,67.397,67.538,54.41566091962159,390
2018-03-15,67.767,68.018,66.667,67.258,51.326815005391836,390
2018-03-16,66.738,67.588,66.617,67.388,41.29734501987696,390
2018-03-19,67.028,67.138,65.887,66.328,61.77870195545256,390
2018-03-20,66.548,67.248,66.548,66.848,48.96093902550638,390
2018-03-21,67.197,68.977,67.007,68.668,47.32330605015159,390
2018-03-22,67.707,68.137,67.037,67.217,64.0219859443605,390
2018-03-23,67.517,68.278,66.617,66.827,54.72729593515396,390
2018-03-26,67.518,68.047,66.748,68.007,48.92141108959913,390
2018-03-27,68.118,68.518,66.938,67.407,50.33834099210799,390
2018-03-28,67.278,67.518,65.897,66.057,72.42626198381186,390
2018-03-29,66.317,67.647,66.278,67.518,54.07434604130685,390
2018-04-02,67.027,67.227,64.917,66.108,64.65669406577945,390
2018-04-03,66.328,67.477,65.667,67.508,65.27569494023919,390
2018-04-04,66.427,67.508,65.967,67.438,59.59536810964346,390
2018-04-05,67.507,68.998,67.507,68.638,59.986117985099554,390
2018-04-06,68.108,68.478,66.447,67.388,91.13851990550756,390
2018-04-09,67.737,68.517,67.388,67.698,66.58190093934536,390
2018-04-10,68.738,70.438,68.698,69.908,77.63311499729753,390
2018-04-11,69.787,70.777,69.687,70.668,64.27364613115788,390
2018-04-12,70.778,71.177,70.378,70.658,67.6575902402401,390
2018-04-13,70.927,71.677,70.907,71.467,70.47894095629454,390
2018-04-16,71.498,72.447,71.187,72.178,70.16036417335272,390
2018-04-17,72.258,72.728,71.907,72.477,63.616961965337396,390
2018-04-18,73.038,74.207,73.037,73.588,64.80732995271683,390
2018-04-19,73.617,74.188,73.197,73.658,56.74177695438266,390
2018-04-20,73.387,73.458,72.817,73.288,54.370343178510666,390
2018-04-23,72.938,73.737,72.657,73.748,43.364396922290325,390
2018-04-24,73.898,74.438,72.548,72.968,65.575284935534,390
2018-04-25,72.628,73.618,72.267,73.548,90.20157107710838,390
2018-04-26,73.797,74.628,73.557,74.648,115.83638673275709,390
2018-04-27,73.857,74.147,73.517,73.937,136.09254184365273,390
2018-04-30,73.458,74.598,73.458,73.877,109.31273813173175,390
2018-05-01,73.317,73.337,72.417,73.368,110.83912194520235,390
2018-05-02,73.098,74.217,73.098,73.668,122.00622613355517,390
2018-05-03,73.208,73.568,72.487,73.497,140.17231799662113,390
2018-05-04,73.317,74.078,72.967,73.848,106.75590494275093,390
2018-05-07,74.428,75.527,73.787,73.938,123.60507698357105,390
2018-05-08,73.917,74.527,72.637,74.528,141.49576871097088,390
2018-05-09,75.398,76.867,75.398,76.038,119.14327222853899,390
2018-05-10,76.307,76.777,75.977,76.658,110.67456395924091,390
2018-05-11,76.717,77.218,76.537,76.738,111.45251266658306,390
2018-05-14,76.948,77.548,76.948,77.248,98.33346585184336,390
2018-05-15,77.017,77.367,76.667,77.288,106.18538392335176,390
2018-05-16,77.207,77.567,76.767,77.578,94.93480882234871,390
2018-05-17,77.798,78.797,77.797,78.768,112.00988993048668,390
2018-05-18,78.538,78.628,78.037,78.188,110.07846491038799,390
2018-05-21,78.438,78.868,78.137,78.848,95.27821911126375,390
2018-05-22,78.847,79.388,77.627,77.908,107.26310077682137,390
2018-05-23,77.357,77.887,76.747,77.848,108.31550511717796,390
2018-05-24,76.938,77.028,76.207,76.628,116.86070319265127,390
2018-05-25,75.077,74.987,73.827,74.628,119.72211311012506,390
2018-05-29,73.918,74.768,73.637,74.338,134.68860013782978,390
2018-05-30,74.968,76.907,74.918,76.688,112.12690106779337,390
2018-05-31,75.927,76.878,75.837,76.108,121.99765703082085,390
2018-06-01,76.308,76.848,75.957,76.387,113.53082109242678,390
2018-06-04,76.608,77.138,75.497,75.678,111.95162530243397,390
2018-06-05,75.327,76.097,75.167,75.538,106.81356213241816,390
2018-06-06,75.748,76.068,75.217,75.888,97.19393328018486,390
2018-06-07,76.287,77.457,76.287,77.118,113.41290393471718,390
2018-06-08,77.137,77.318,76.397,76.958,100.19097324833274,390
2018-06-11,76.908,77.607,76.707,77.318,87.46685989014804,390
2018-06-12,77.237,77.467,76.487,76.688,90.21213395148516,390
2018-06-13,76.457,76.847,76.087,76.438,90.65164102986455,390
2018-06-14,76.748,76.778,76.108,76.278,99.84765788167715,390
2018-06-15,75.317,75.407,73.997,74.098,98.1601017806679,390
2018-06-18,74.027,75.387,74.008,74.928,99.16432481259108,390
2018-06-19,73.908,75.007,73.787,74.738,96.0211640149355,390
2018-06-20,75.088,75.278,74.447,75.058,99.9274861253798,390
2018-06-21,74.448,74.507,73.318,73.608,103.04796320199966,390
2018-06-22,75.388,75.948,75.127,75.188,108.56748078018427,390
2018-06-25,74.928,74.958,73.128,73.608,131.45568067580462,390
2018-06-26,73.748,74.818,73.557,74.578,120.48357016965747,390
2018-06-27,75.118,76.487,75.118,75.617,146.17269118875265,390
2018-06-28,75.707,75.868,74.867,75.488,157.8263488560915,390
2018-06-29,75.487,76.718,75.487,76.058,135.6758027523756,390
2018-07-02,75.147,75.197,74.397,74.788,149.33808199316263,390
2018-07-03,75.547,76.437,75.097,75.368,87.74114979803562,390
2018-07-05,75.778,75.877,74.967,75.198,142.11983780562878,390
2018-07-06,74.737,75.877,74.607,75.738,136.54803709313273,390
2018-07-09,76.077,76.877,76.077,76.808,116.16171781532466,390
2018-07-10,77.288,77.947,77.167,77.408,131.56184190511703,390
2018-07-11,76.527,77.047,75.207,75.717,157.72478469461203,390
2018-07-12,75.927,76.278,75.287,75.858,142.6886501312256,390
2018-07-13,75.857,76.697,75.718,76.268,133.90536987781525,390
2018-07-16,75.458,75.818,74.717,75.398,138.76926583074965,390
2018-07-17,74.818,75.468,74.637,75.118,130.45972307771444,390
2018-07-18,74.687,75.228,73.967,75.118,131.3051457889378,390
2018-07-19,74.887,75.447,74.837,75.118,134.6718242019415,390
2018-07-20,75.097,75.278,74.627,74.867,118.21248974651098,390
2018-07-23,75.098,75.088,74.408,74.558,121.04879403486848,390
2018-07-24,74.787,75.917,74.768,75.498,114.98355499282479,390
2018-07-25,75.608,76.287,75.217,76.198,107.58256702125072,390
2018-07-26,76.187,77.058,76.117,77.038,128.520618904382,390
2018-07-27,75.967,77.007,75.967,76.628,136.37401773035526,390
2018-07-30,77.078,77.537,76.967,77.308,120.61275603622198,390
2018-07-31,77.378,77.557,76.927,77.138,114.39153604209423,390
2018-08-01,76.308,76.328,75.627,76.048,120.89025408029556,390
2018-08-02,75.307,75.748,74.987,75.628,124.98268107324839,390
2018-08-03,75.398,75.588,74.838,75.248,115.8082383275032,390
2018-08-06,75.388,75.857,74.997,75.538,110.71935910731554,390
2018-08-07,76.167,76.478,75.817,76.078,111.0158208757639,390
2018-08-08,75.557,75.768,75.057,75.498,100.93541407957673,390
2018-08-09,75.357,75.678,74.697,74.828,104.1537353079766,390
2018-08-10,74.637,75.238,74.487,75.228,99.01663918420672,390
2018-08-13,75.057,75.348,74.277,74.348,117.52326609939337,390
2018-08-14,74.857,74.968,74.187,74.528,121.08350584283471,390
2018-08-15,73.817,73.697,71.687,71.908,152.6297694221139,390
2018-08-16,72.268,72.807,72.207,72.428,128.64361914992332,390
2018-08-17,72.578,72.768,72.327,72.628,120.87805287539959,390
2018-08-20,72.508,73.328,72.508,73.098,116.5188579633832,390
2018-08-21,73.677,74.038,73.377,73.528,116.40683412179351,390
2018-08-22,73.927,74.558,73.857,74.398,108.26673981919885,390
2018-08-23,73.988,74.088,73.697,73.978,109.36468797922134,390
2018-08-24,74.308,74.957,74.308,74.558,104.2470787987113,390
2018-08-27,74.748,75.158,74.657,75.118,100.86635496839881,390
2018-08-28,75.198,75.508,74.707,74.778,116.15866611897945,390
2018-08-29,74.988,75.528,74.767,75.228,113.4618372330442,390
2018-08-30,75.157,75.318,74.607,74.998,115.92211292870343,390
2018-08-31,74.707,74.617,74.107,74.498,115.15570599213243,390
2018-09-04,74.407,74.818,73.967,74.268,108.32598297297955,390
2018-09-05,73.607,74.198,73.167,74.198,122.7943117916584,390
2018-09-06,73.828,74.087,72.597,72.828,129.36802601069212,390
2018-09-07,72.298,72.907,71.757,72.828,136.34532177448273,390
2018-09-10,73.097,73.418,72.728,72.778,122.05330702289939,390
2018-09-11,72.657,73.837,72.477,73.498,123.49318017065525,390
2018-09-12,74.037,74.548,73.807,73.838,123.14506559073925,390
2018-09-13,73.767,73.988,73.207,73.838,128.0898839905858,390
2018-09-14,73.848,74.478,73.797,74.268,126.81705986708403,390
2018-09-17,74.298,74.848,74.187,74.368,117.35748610273004,390
2018-09-18,74.908,75.348,74.838,74.928,109.30413290858269,390
2018-09-19,74.907,75.388,74.798,75.157,107.64081907644868,390
2018-09-20,75.398,75.688,75.017,75.128,122.28088134154677,390
2018-09-21,75.018,75.328,74.487,75.148,117.24043596535921,390
2018-09-24,75.598,76.508,75.598,76.208,128.41142477840185,390
2018-09-25,76.608,76.988,76.567,76.668,121.7067381311208,390
2018-09-26,76.147,76.577,75.808,75.928,112.09446109831333,390
2018-09-27,76.207,76.298,75.727,75.978,126.30944403633475,390
2018-09-28,75.637,76.507,75.537,75.748,126.0438378341496,390
2018-10-01,75.987,77.087,75.987,76.908,134.51384802907705,390
2018-10-02,76.928,77.108,76.317,76.917,114.09782206267118,390
2018-10-03,77.048,77.687,76.967,77.578,128.18703400343657,390
2018-10-04,77.127,77.678,76.697,77.198,141.04817908257246,390
2018-10-05,77.078,77.368,76.667,77.128,143.0071648657322,390
2018-10-08,76.438,77.187,76.278,77.178,139.97616915404797,390
2018-10-09,77.298,78.338,77.017,77.858,142.7648427411914,390
2018-10-10,77.908,77.988,74.987,75.108,197.41572180390358,390
2018-10-11,74.548,74.587,72.237,72.778,269.2141650915146,390
2018-10-12,73.588,73.678,71.867,73.098,221.52259278297424,390
2018-10-15,72.968,73.207,72.357,72.488,139.94068279117346,390
2018-10-16,72.657,73.078,72.287,73.027,124.98308585584164,390
2018-10-17,72.778,73.037,71.887,72.518,133.69617699831724,390
2018-10-18,71.728,72.798,71.697,72.148,174.99409706890583,390
2018-10-19,71.827,72.527,71.467,71.538,147.4984610825777,390
2018-10-22,71.418,71.548,70.287,70.738,152.23881591111422,390
2018-10-23,69.467,69.298,67.897,68.898,185.80864699184895,390
2018-10-24,69.178,69.138,66.137,66.287,194.88276481628418,390
2018-10-25,67.048,67.607,66.507,66.997,165.0055283382535,390
2018-10-26,66.417,67.268,65.367,66.548,222.37889708578587,390
2018-10-29,66.757,66.988,64.377,65.248,189.3531210720539,390
2018-10-30,65.338,66.848,65.047,66.818,198.0588970631361,390
2018-10-31,67.377,68.248,67.067,67.138,160.1235048174858,390
2018-11-01,67.318,68.007,66.588,67.728,150.24223118275404,390
2018-11-02,68.398,68.927,66.858,67.608,175.13724018633366,390
2018-11-05,68.498,68.918,68.207,68.768,111.75397518649697,390
2018-11-06,68.828,69.077,68.177,69.018,117.57091896981001,390
2018-11-07,69.768,70.277,69.078,70.168,128.59642707556486,390
2018-11-08,69.558,70.298,68.347,68.608,124.10355013608932,390
2018-11-09,67.687,68.888,67.318,68.638,132.44461699575186,390
2018-11-12,69.028,69.198,66.927,67.048,149.82608994841576,390
2018-11-13,66.858,67.207,65.187,65.548,169.2254400551319,390
2018-11-14,66.537,66.767,64.807,65.417,156.27703994512558,390
2018-11-15,64.407,66.447,64.407,66.458,186.2652238458395,390
2018-11-16,66.597,67.377,66.448,67.218,143.87630981206894,390
2018-11-19,66.488,67.367,66.488,67.147,142.60485621541739,390
2018-11-20,66.137,66.238,64.447,64.988,171.25610874593258,390
2018-11-21,65.317,66.648,65.277,66.058,95.6338688917458,390
2018-11-23,64.197,64.458,63.427,63.838,64.87671788036823,390
2018-11-26,64.408,65.248,64.408,64.918,99.67609294503927,390
2018-11-27,64.508,65.127,64.307,64.737,122.94909896701574,390
2018-11-28,64.527,65.828,64.197,65.828,137.2127249762416,390
2018-11-29,65.818,66.738,65.737,66.278,109.44380400329828,390
2018-11-30,65.63,66.237,65.307,66.088,116.76560784503818,390
2018-12-03,67.487,67.918,66.768,67.558,114.82568876689766,390
2018-12-04,67.597,67.777,65.507,65.638,150.64161176979542,390
2018-12-06,64.098,64.458,63.047,64.458,192.62473303079605,390
2018-12-07,65.547,66.588,63.947,64.158,177.82569506764412,390
2018-12-10,63.627,63.877,61.597,63.118,181.1725323027349,390
2018-12-11,63.878,64.097,62.408,63.078,145.13157019019127,390
2018-12-12,64.048,64.518,63.287,63.408,132.0011971220374,390
2018-12-13,63.197,63.897,62.887,63.578,144.4896178394556,390
2018-12-14,63.037,63.388,61.777,62.088,133.54673708230257,390
2018-12-17,61.848,62.408,60.507,60.958,181.93052890896797,390
2018-12-18,60.807,60.998,59.177,59.608,159.038320094347,390
2018-12-19,59.868,60.767,58.317,58.978,322.36891128122807,390
2018-12-20,58.047,58.947,56.827,57.178,396.9394307732582,390
2018-12-21,56.478,57.558,55.628,56.168,316.59037317335606,390
2018-12-24,55.337,55.608,53.777,53.828,181.23443998396397,390
2018-12-26,53.828,57.177,53.347,57.178,274.11436554789543,390
2018-12-27,55.998,57.518,55.257,57.538,343.6247890293598,390
2018-12-28,57.797,57.948,56.687,57.098,320.7193406820297,390
2018-12-31,57.377,57.688,56.657,57.328,248.5999473631382,390
2019-01-02,56.287,58.837,56.208,58.558,301.5880011022091,390
2019-01-03,58.248,58.718,57.227,57.998,318.48267775774,390
2019-01-04,58.798,60.028,58.547,59.948,274.6538148224354,390
2019-01-07,60.307,61.168,59.497,60.788,214.21198185533285,390
2019-01-08,61.577,61.688,60.887,61.258,190.8783981576562,390
2019-01-09,61.908,62.388,61.388,62.228,244.93975260853767,390
2019-01-10,61.637,62.398,61.357,62.398,242.4467050731182,390
2019-01-11,62.038,62.197,61.437,61.998,204.10424403101206,390
2019-01-14,61.358,62.078,61.307,61.928,147.6476056985557,390
2019-01-15,62.178,62.607,61.747,62.068,166.09361288696527,390
2019-01-16,61.967,62.478,61.768,62.058,151.18784141982906,390
2019-01-17,61.477,62.807,61.358,62.588,178.7913239300251,390
2019-01-18,63.287,63.817,62.917,63.868,176.4159549176693,390
2019-01-22,63.058,63.228,62.267,62.408,254.06116989254951,390
2019-01-23,62.607,62.688,61.277,61.838,241.67724145948887,390
2019-01-24,61.537,62.637,61.407,62.177,207.06706795096397,390
2019-01-25,62.727,63.297,62.547,62.928,159.25706961750984,390
2019-01-28,62.908,62.908,61.598,62.308,188.9220360890031,390
2019-01-29,62.437,62.868,62.427,62.488,170.34028482437134,390
2019-01-30,62.727,63.538,62.527,63.358,191.27333100885153,390
2019-01-31,63.458,64.028,63.278,63.848,188.032197073102,390
2019-02-01,64.318,65.238,64.237,64.898,183.1339062526822,390
2019-02-04,64.478,65.027,63.957,65.048,148.68279360979795,390
2019-02-05,64.907,65.228,64.767,65.118,156.20283405855298,390
2019-02-06,64.798,64.977,64.587,64.628,160.1917329132557,390
2019-02-07,63.977,64.448,62.617,63.228,231.85964274406433,390
2019-02-08,62.818,63.167,61.847,62.948,228.39373073726892,390
2019-02-11,62.448,63.318,62.447,63.288,183.99363113939762,390
2019-02-12,64.108,64.367,63.727,64.048,189.48673097789288,390
2019-02-13,64.238,65.328,64.197,64.838,149.61763152480125,390
2019-02-14,64.597,65.488,64.477,65.088,175.62662015855312,390
2019-02-15,65.758,66.137,65.578,66.098,180.7883820682764,390
2019-02-19,65.748,66.547,65.677,66.298,190.58296750485897,390
2019-02-20,65.918,66.898,65.918,66.582,206.16824808716774,390
2019-02-21,66.398,66.518,65.317,65.56,227.41230961680412,390
2019-02-22,65.818,66.218,65.417,65.778,205.60402996838093,390
2019-02-25,65.481,66.057,65.481,65.871,190.85953862965107,390
2019-02-26,65.577,66.237,65.577,65.668,201.22579117119312,390
2019-02-27,65.928,66.558,65.577,65.888,206.98501282930374,390
2019-02-28,65.89,65.958,64.827,65.258,228.2582983225584,390
2019-03-01,65.428,66.428,65.428,66.438,220.28754790127277,390
2019-03-04,66.497,66.828,65.547,66.568,311.2629590332508,390
2019-03-05,66.638,66.568,65.867,66.358,250.92870005965233,390
2019-03-06,65.837,65.899,65.157,65.518,290.9863576591015,390
2019-03-07,65.517,65.578,64.847,65.128,282.3904752731323,390
2019-03-08,64.067,64.007,63.287,63.918,308.48560175299644,390
2019-03-11,63.868,65.018,63.868,64.888,133.95537108182907,390
2019-03-12,65.057,65.618,64.987,65.278,239.93105500936508,390
2019-03-13,65.707,65.988,65.437,65.988,239.49534866213799,390
2019-03-14,65.868,66.347,65.868,66.038,223.6168680638075,390
2019-03-15,65.318,65.677,65.278,65.498,198.32143460214138,390
2019-03-18,65.578,66.501,65.577,66.421,205.64897291362286,390
2019-03-19,66.717,67.05,65.948,66.238,197.04340748488903,390
2019-03-20,66.1,67.388,65.951,66.952,283.3413545489311,390
2019-03-21,66.598,67.377,66.477,67.278,281.7744102180004,390
2019-03-22,66.598,66.767,65.198,65.587,349.7974282205105,390
2019-03-25,65.298,65.581,64.857,65.508,325.8611403107643,390
2019-03-26,66.097,66.86,66.057,66.448,285.09514170885086,390
2019-03-27,66.068,66.63,65.447,65.978,304.45897245407104,390
2019-03-28,65.448,66.277,65.448,66.231,259.9984623491764,390
2019-03-29,66.768,66.948,65.877,66.14,270.75844487547874,390
2019-04-01,66.208,67.108,66.208,67.018,279.12286400794983,390
2019-04-02,67.128,67.198,66.347,66.529,261.716213285923,390
2019-04-03,66.797,66.808,65.637,65.891,290.5464551448822,390
2019-04-04,65.957,66.457,65.597,66.418,281.22812210023403,390
2019-04-05,66.627,67.657,66.597,67.601,262.7851485013962,390
2019-04-08,67.737,68.218,67.607,67.908,285.9001307487488,390
2019-04-09,67.627,67.518,66.857,67.058,298.16658751666546,390
2019-04-10,67.218,67.617,67.127,67.358,269.8503912836313,390
2019-04-11,67.207,67.817,66.837,67.418,260.02226892113686,390
2019-04-12,68.308,68.2,67.377,67.548,300.1466438025236,390
2019-04-15,67.307,67.591,67.027,67.168,265.7084030508995,390
2019-04-16,67.378,67.667,67.137,67.578,266.1593023240566,390
2019-04-17,67.907,68.097,67.397,67.528,281.57976430654526,390
2019-04-18,67.559,67.758,67.007,67.198,263.52650621533394,390
2019-04-22,67.798,68.638,67.607,68.558,247.57516852021217,390
2019-04-23,68.647,68.768,68.037,68.538,259.08496952056885,390
2019-04-24,68.327,68.477,67.257,67.303,276.74519388377666,390
2019-04-25,67.238,67.607,66.917,67.118,279.5666909813881,390
2019-04-26,66.517,66.558,65.627,66.298,335.29178071022034,390
2019-04-29,66.158,66.488,66.017,66.258,252.34371024370193,390
2019-04-30,66.708,66.748,66.017,66.211,298.51959013938904,390
2019-05-01,66.098,66.27,64.718,64.892,281.1001044511795,390
2019-05-02,64.288,64.73,63.617,63.721,350.6039939709008,390
2019-05-03,64.118,64.728,64.087,64.328,286.15113350749016,390
2019-05-06,63.738,64.491,63.677,64.238,298.02194863557816,390
2019-05-07,63.438,63.758,62.917,63.758,316.1566376388073,390
2019-05-08,63.577,64.238,63.577,63.788,243.45538453757763,390
2019-05-09,63.438,63.938,62.897,63.798,294.67192524671555,390
2019-05-10,63.438,64.188,62.837,64.048,282.2228890657425,390
2019-05-13,63.328,63.718,62.637,63.048,311.33740666508675,390
2019-05-14,63.207,64.222,63.207,63.768,251.2722112238407,390
2019-05-15,63.237,64.16,63.098,64.088,236.3794885724783,390
2019-05-16,64.107,64.618,64.088,64.408,231.61951380968094,390
2019-05-17,63.668,64.297,63.657,63.782,266.7533290088177,390
2019-05-20,63.428,64.048,63.428,63.85,265.2305623590946,390
2019-05-21,63.958,64.662,63.957,64.557,257.5774910748005,390
2019-05-22,64.038,64.238,63.288,63.538,230.92148369550705,390
2019-05-23,62.288,62.192,61.007,61.488,324.5203721523285,390
2019-05-24,61.888,62.098,61.067,61.578,250.0109497308731,390
2019-05-28,61.617,61.759,60.877,60.988,241.3993202149868,390
2019-05-29,59.698,60.601,59.697,60.598,318.0676564872265,390
2019-05-30,60.257,60.549,59.617,59.808,324.1318868100643,390
2019-05-31,58.538,59.488,58.537,58.868,344.4988971352577,390
2019-06-03,59.117,59.788,59.058,59.658,371.0462421476841,390
2019-06-04,60.038,60.648,59.908,60.647,303.15043503046036,390
2019-06-05,60.538,60.648,59.507,59.938,320.49112847447395,390
2019-06-06,59.987,61.198,59.987,61.058,339.25563644617796,390
2019-06-07,61.088,61.629,61.017,61.308,294.8028193414211,390
2019-06-10,61.378,61.958,61.347,61.498,279.5819898545742,390
2019-06-11,61.798,62.14,61.537,61.581,271.58604811131954,390
2019-06-12,60.948,61.178,60.487,60.678,252.35301153361797,390
2019-06-13,61.268,61.668,61.207,61.448,248.2769869118929,390
2019-06-14,61.288,61.457,60.847,61.018,219.40533125400543,390
2019-06-17,60.687,61.658,60.667,61.518,226.3510014489293,390
2019-06-18,61.667,62.689,61.667,62.388,276.80260968208313,390
2019-06-19,62.167,62.628,61.957,62.288,211.31283876299858,390
2019-06-20,63.117,63.748,63.117,63.728,276.77493500709534,390
2019-06-21,63.168,63.757,63.128,63.577,251.60241717845201,390
2019-06-24,63.348,63.647,62.877,62.968,247.52966979146004,390
2019-06-25,62.788,62.928,62.397,62.498,270.9456646591425,390
2019-06-26,63.028,63.908,62.927,63.479,280.81717002391815,390
2019-06-27,63.427,63.578,62.837,63.0,252.9242700189352,390
2019-06-28,63.067,63.708,63.067,63.718,268.25459721684456,390
2019-07-01,64.477,64.637,63.597,63.772,265.9935361891985,390
2019-07-02,63.468,63.468,62.457,62.648,292.72149589657784,390
2019-07-03,62.848,63.038,62.387,62.847,128.2093919573499,390
2019-07-05,62.408,63.098,62.408,63.128,248.14464290440083,390
2019-07-08,62.898,63.491,62.787,63.141,237.4803877621889,390
2019-07-09,62.988,63.248,62.647,63.228,221.7021615356207,390
2019-07-10,63.358,64.227,63.358,64.098,269.7334643006325,390
2019-07-11,64.068,64.208,63.757,64.198,227.57142005860806,390
2019-07-12,64.108,64.621,64.108,64.468,203.46377037465572,390
2019-07-15,64.428,64.488,63.707,63.838,225.99252608418465,390
2019-07-16,63.818,63.788,62.907,63.198,268.6738126128912,390
2019-07-17,63.038,63.298,62.408,62.448,247.03875079751015,390
2019-07-18,62.088,62.438,61.777,62.438,277.85681569576263,390
2019-07-19,62.298,62.931,62.227,62.818,269.99275763332844,390
2019-07-22,62.867,63.218,62.527,63.068,259.0130496621132,390
2019-07-23,63.018,63.358,62.828,63.218,259.4921156466007,390
2019-07-24,63.028,63.859,63.028,63.508,273.5175997912884,390
2019-07-25,63.478,63.7,62.567,62.748,296.13263116031885,390
2019-07-26,62.498,62.717,62.167,62.408,273.99237506091595,390
2019-07-29,62.258,62.388,61.717,62.198,284.46507643163204,390
2019-07-30,61.767,63.017,61.757,62.908,315.60149762034416,390
2019-07-31,62.668,63.411,62.16,62.698,278.388277053833,390
2019-08-01,61.797,62.272,60.867,61.248,336.6615659594536,390
2019-08-02,61.527,61.768,59.767,60.438,317.2826963067055,390
2019-08-05,58.408,59.318,58.167,58.598,325.2296619415283,390
2019-08-06,58.737,59.021,57.887,58.538,289.46332317590714,390
2019-08-07,57.408,58.308,57.141,58.158,342.88374921679497,390
2019-08-08,58.468,59.748,58.197,59.768,283.0870379805565,390
2019-08-09,59.537,59.89,58.837,59.078,286.1688763797283,390
2019-08-12,58.779,58.998,58.117,58.408,285.5024370253086,390
2019-08-13,58.068,59.467,57.807,58.968,272.58131289482117,390
2019-08-14,57.498,57.678,56.527,56.64,332.78873723745346,390
2019-08-15,56.238,56.438,55.648,56.288,283.30216285586357,390
2019-08-16,56.408,57.148,56.367,57.107,264.8296118527651,390
2019-08-19,57.408,58.448,57.408,58.338,260.56611770391464,390
2019-08-20,57.968,58.022,57.547,57.748,247.36552204191685,390
2019-08-21,58.337,58.448,57.927,58.168,201.90403631329536,390
2019-08-22,58.208,58.557,57.848,57.928,207.68624134920537,390
2019-08-23,57.058,57.697,55.627,55.958,274.0563932210207,390
2019-08-26,56.568,56.628,55.957,56.217,189.33123871684074,390
2019-08-27,56.468,56.678,55.547,55.908,244.87073836103082,390
2019-08-28,55.498,56.908,55.498,56.678,271.78580790758133,390
2019-08-29,56.967,57.698,56.967,57.5,215.7106508370489,390
2019-08-30,57.607,58.178,57.127,57.568,131.14774930663407,390
2019-09-03,56.588,57.278,56.367,57.238,59.45524996519089,390
2019-09-04,57.838,58.228,57.817,58.067,54.34575007483363,390
2019-09-05,58.368,59.328,58.357,58.798,46.79900020174682,390
2019-09-06,58.438,59.087,58.257,59.058,47.034499851986766,390
2019-09-09,59.288,60.328,59.288,60.248,64.99750002846122,390
2019-09-10,60.448,61.777,60.448,60.978,69.56049997359514,390
2019-09-11,61.218,61.657,60.647,61.008,76.55674991756678,390
2019-09-12,60.107,60.798,59.687,60.618,59.54300006106496,390
2019-09-13,60.847,61.337,60.727,61.088,53.10950009897351,390
2019-09-16,62.617,63.478,62.397,63.208,69.83599998056889,390
2019-09-17,62.887,62.957,61.817,62.248,67.57875001057982,390
2019-09-18,62.188,62.188,61.507,61.958,50.910499930381775,390
2019-09-19,62.267,62.407,61.597,61.758,48.230500001460314,390
2019-09-20,61.167,61.498,60.977,61.318,53.79374993219972,390
2019-09-23,60.647,61.438,60.647,61.318,42.71750006079674,390
2019-09-24,60.908,61.028,59.957,60.368,63.59074990823865,390
2019-09-25,60.008,60.488,59.907,60.458,61.11902093887329,390
2019-09-26,60.158,60.148,59.327,59.648,63.15075000375509,390
2019-09-27,59.168,60.038,59.167,59.608,82.21350004523993,390
2019-09-30,59.248,59.528,59.137,59.218,52.4720000103116,390
2019-10-01,59.338,59.597,57.807,57.858,70.73025019466877,390
2019-10-02,57.397,57.467,56.237,56.358,80.37799998372793,390
2019-10-03,56.017,57.068,55.637,57.068,77.50449999421835,390
2019-10-04,57.258,57.438,56.677,57.428,54.08074994571507,390
2019-10-07,57.298,57.668,56.827,56.958,54.169750083237886,390
2019-10-08,56.158,56.708,55.817,55.897,65.36649991199374,390
2019-10-09,56.307,56.668,56.287,56.427,47.316500045359135,390
2019-10-10,56.508,57.248,56.478,57.148,65.809750020504,390
2019-10-11,57.538,58.417,57.538,58.028,57.10849994421005,390
2019-10-14,57.347,58.048,57.237,57.888,43.60175001434982,390
2019-10-15,57.647,58.668,57.647,58.138,52.983999975025654,390
2019-10-16,57.778,58.268,57.267,57.298,56.82099989429116,390
2019-10-17,57.407,57.667,57.137,57.347,51.273249972611666,390
2019-10-18,57.227,57.628,57.017,57.118,59.729499991983175,390
2019-10-21,57.058,58.087,57.058,58.088,48.00824997574091,390
2019-10-22,58.078,59.457,58.047,58.858,60.15100000053644,390
2019-10-23,58.548,59.398,58.437,59.298,61.697250079363585,390
2019-10-24,58.717,59.588,58.717,59.078,42.74649991269689,390
2019-10-25,58.978,59.658,58.947,59.578,59.12700004130602,390
2019-10-28,59.678,59.997,59.077,59.218,53.582999881356955,390
2019-10-29,58.858,59.908,58.738,59.427,61.97450001910329,390
2019-10-30,59.498,59.497,57.967,58.208,68.126749843359,390
2019-10-31,57.917,57.977,57.377,57.938,59.96350010286551,390
2019-11-01,58.228,59.377,58.187,59.328,51.54650008678436,390
2019-11-04,59.048,61.377,59.048,61.258,51.04125001654029,390
2019-11-05,61.168,61.798,61.078,61.468,59.899000104516745,390
2019-11-06,61.067,61.298,59.857,60.038,67.65474999323487,390
2019-11-07,60.528,61.107,60.477,60.948,64.84275003895164,390
2019-11-08,60.408,60.748,59.987,60.718,60.0060000307858,390
2019-11-11,59.998,60.618,59.877,60.348,46.257000034675,390
2019-11-12,60.397,60.848,59.717,60.048,58.693249899894,390
2019-11-13,59.627,59.977,59.527,59.768,54.85325003042817,390
2019-11-14,59.647,60.067,59.327,59.638,53.43450004979968,390
2019-11-15,59.797,60.298,59.787,60.098,45.273500049486756,390
2019-11-18,59.658,59.607,59.097,59.328,34.438999960199,390
2019-11-19,59.108,59.157,58.397,58.488,42.35249995999038,390
2019-11-20,58.348,59.458,58.087,59.048,69.08799985796213,390
2019-11-21,59.077,60.067,59.038,60.038,58.387999925762415,390
2019-11-22,59.957,60.317,59.707,59.818,52.35600003786385,390
2019-11-25,59.637,59.977,59.517,59.908,45.809750098735094,390
2019-11-26,59.848,59.887,59.117,59.298,48.81875002011657,390
2019-11-27,59.237,59.588,58.997,59.498,45.222750056535006,390
2019-11-29,58.907,59.127,57.957,58.848,23.70499997457955,390
2019-12-02,59.018,59.427,58.817,58.878,65.60950023680925,390
2019-12-03,58.277,58.357,57.797,57.997,72.50725008547306,390
2019-12-04,58.338,59.047,58.317,58.908,58.64025000669062,390
2019-12-05,59.067,59.178,58.427,58.608,58.75675002858043,390
2019-12-06,58.777,59.877,58.727,59.758,53.50374989025295,390
2019-12-09,59.258,59.908,59.257,59.638,50.22774990648031,390
2019-12-10,59.727,59.968,59.497,59.778,56.923250095918775,390
2019-12-11,59.677,60.048,59.547,59.697,44.418749982491136,390
2019-12-12,59.618,60.948,59.617,60.878,71.36375008895993,390
2019-12-13,60.908,61.338,60.267,60.347,73.08575008809566,390
2019-12-16,60.618,61.328,60.607,61.207,35.85875004436821,390
2019-12-17,61.188,61.687,60.927,61.188,45.72674995660782,390
2019-12-18,61.048,61.748,61.008,61.408,45.33174993470311,390
2019-12-19,61.198,61.528,61.197,61.358,42.95299996808171,390
2019-12-20,60.848,61.408,60.828,61.358,42.849249970167875,390
2019-12-23,61.267,62.017,61.168,61.988,39.39074993226677,390
2019-12-24,62.027,62.208,61.837,61.947,22.77199999988079,390
2019-12-26,62.028,62.418,61.857,61.968,33.35449995473027,390
2019-12-27,61.977,62.177,61.627,61.698,43.62924995645881,390
2019-12-30,59.998,60.188,59.607,59.678,53.15074995905161,390
2019-12-31,59.217,60.067,59.198,60.088,52.61950008198619,390
2020-01-02,60.247,60.648,60.237,60.578,37.393999965512194,390
2020-01-03,60.968,61.238,60.157,60.438,66.00199989404064,390
2020-01-06,60.327,61.167,60.327,60.878,58.85000002756715,390
2020-01-07,60.457,60.747,59.997,60.758,60.23275005817413,390
2020-01-08,60.458,60.647,59.627,59.747,64.93699987605214,390
2020-01-09,59.558,60.188,58.967,60.168,61.070250026881695,390
2020-01-10,59.957,60.147,59.727,59.808,53.003000013530254,390
2020-01-13,59.648,59.997,59.407,59.818,49.91875001788139,390
2020-01-14,59.517,59.898,59.307,59.858,51.09525000303984,390
2020-01-15,59.568,59.728,59.217,59.418,54.146250039339066,390
2020-01-16,59.437,59.918,59.437,59.498,46.936999931931496,390
2020-01-17,59.428,59.668,59.007,59.098,46.20774990878999,390
2020-01-21,58.728,58.748,57.957,58.018,48.759749891236424,390
2020-01-22,57.817,57.917,57.327,57.478,47.002000000327826,390
2020-01-23,56.878,57.437,56.448,57.268,55.35474997386336,390
2020-01-24,56.928,56.968,56.177,56.608,67.56149995699525,390
2020-01-27,55.238,55.657,54.977,55.048,69.3947500064969,390
2020-01-28,55.267,55.608,55.077,55.308,60.611000027507544,390
2020-01-29,55.518,55.768,54.647,54.688,52.75224990770221,390
2020-01-30,54.058,55.168,54.007,55.198,80.51600005850196,390
2020-01-31,54.058,54.128,53.147,53.488,92.65675010532141,390
2020-02-03,53.158,53.417,52.547,52.758,66.02674987539649,390
2020-02-04,53.498,53.898,52.827,52.938,62.05749997496605,390
2020-02-05,53.698,55.098,53.698,54.918,66.16650018841028,390
2020-02-06,54.957,54.987,54.258,54.398,53.40175012499094,390
2020-02-07,53.888,54.178,53.687,53.988,56.03675001487136,390
2020-02-10,53.538,53.777,53.377,53.717,45.722999991849065,390
2020-02-11,54.237,54.508,54.057,54.328,57.15399995073676,390
2020-02-12,54.838,55.337,54.587,55.088,60.0772500783205,390
2020-02-13,54.637,55.128,54.547,54.858,56.50575001910329,390
2020-02-14,54.907,55.037,54.237,54.558,45.380749832838774,390
2020-02-18,54.077,54.238,53.617,54.138,47.749250043183565,390
2020-02-19,54.308,55.058,54.187,54.888,43.97300000488758,390
2020-02-20,54.827,55.388,54.647,54.818,76.7707499936223,390
2020-02-21,54.198,54.227,53.497,54.118,67.36150000989437,390
2020-02-24,52.258,52.267,51.477,51.598,85.42874996364117,390
2020-02-25,51.618,51.798,49.037,49.398,130.08875007927418,390
2020-02-26,49.388,49.758,47.847,47.907,127.62425012886524,390
2020-02-27,46.538,47.497,45.297,45.438,152.54175005853176,390
2020-02-28,43.568,45.707,43.507,45.718,195.84049993753433,390
2020-03-02,46.078,47.127,44.917,47.138,140.68000027537346,390
2020-03-03,47.138,47.898,45.137,45.788,187.5557499229908,390
2020-03-04,46.428,46.718,45.657,46.738,102.82625003159046,390
2020-03-05,45.138,45.567,44.267,45.078,128.54924972355366,390
2020-03-06,43.488,43.848,41.857,42.558,168.0392501503229,390
2020-03-09,34.808,36.248,33.778,33.948,87.43700010702014,390
2020-03-10,36.508,36.678,33.347,35.668,131.2337497919798,390
2020-03-11,34.098,34.948,33.127,33.727,160.7447495609522,390
2020-03-12,30.938,31.478,29.368,29.518,91.3450000025332,390
2020-03-13,31.567,32.168,28.787,32.168,116.24915017187595,390
2020-03-16,27.718,31.058,27.638,27.848,96.79400018043816,390
2020-03-17,28.008,29.137,26.947,27.887,132.29274980723858,390
2020-03-18,25.947,26.338,22.877,24.027,107.19825010374188,390
2020-03-19,24.147,25.627,22.977,25.538,132.97899992018938,390
2020-03-20,26.238,26.777,24.747,26.037,195.0729997754097,390
2020-03-23,25.018,24.938,23.137,23.727,196.3127501308918,390
2020-03-24,25.417,27.478,25.398,27.478,142.8440002501011,390
2020-03-25,27.788,29.987,26.727,28.738,192.0522504746914,390
2020-03-26,28.787,30.958,28.557,30.478,180.02599988877773,390
2020-03-27,28.797,29.097,28.157,28.378,144.69649985432625,390
2020-03-30,27.698,28.868,27.077,28.638,125.80949972569942,390
2020-03-31,29.258,29.978,28.477,29.098,123.56899997591972,390
2020-04-01,27.828,28.457,27.227,27.658,100.4719999730587,390
2020-04-02,28.688,31.677,28.247,30.188,152.5527496561408,390
2020-04-03,30.987,31.257,28.967,29.838,149.21350000798702,390
2020-04-06,30.408,31.588,30.087,31.478,119.45124977827072,390
2020-04-07,32.948,33.848,32.017,32.148,142.99649992585182,390
2020-04-08,32.548,34.277,32.487,34.268,114.70824997127056,390
2020-04-09,35.517,36.438,32.617,33.948,154.08199977874756,390
2020-04-13,35.107,34.978,33.247,33.828,112.6305002272129,390
2020-04-14,33.777,34.358,33.417,33.628,63.29635111987591,390
2020-04-15,32.247,32.278,31.057,32.058,59.41450999677181,390
2020-04-16,31.727,31.738,30.637,30.748,59.357375003397465,390
2020-04-17,31.108,33.937,31.108,33.968,54.28291193395853,390
2020-04-20,31.727,34.068,31.727,32.918,60.705496944487095,390
2020-04-21,31.937,32.868,31.377,32.438,71.01685607014224,390
2020-04-22,33.618,33.907,33.007,33.518,52.55704902857542,390
2020-04-23,34.488,35.318,34.137,34.578,62.8464669957757,390
2020-04-24,35.108,35.477,34.067,34.578,49.98483411595225,390
2020-04-27,34.247,35.598,33.567,35.358,41.82464703544974,390
2020-04-28,35.897,36.388,35.307,36.178,53.12502409517765,390
2020-04-29,37.268,38.918,37.268,38.978,54.653228007256985,390
2020-04-30,38.758,38.918,37.428,38.098,63.858775213360786,390
2020-05-01,37.097,37.437,35.407,35.768,45.724856957793236,390
2020-05-04,35.118,37.068,34.997,37.108,48.259176924824715,390
2020-05-05,38.538,38.818,36.977,37.178,55.66543996706605,390
2020-05-06,37.298,37.537,36.117,36.178,53.46450796723366,390
2020-05-07,37.168,37.738,36.818,37.088,47.89032597467303,390
2020-05-08,37.867,38.768,37.727,38.788,39.90709100291133,390
2020-05-11,38.298,38.578,37.917,38.138,44.93385195732117,390
2020-05-12,38.458,38.498,37.377,37.528,50.90262308344245,390
2020-05-13,37.148,36.808,35.457,35.778,69.89808306097984,390
2020-05-14,34.998,36.447,34.297,36.098,71.52917392551899,390
2020-05-15,35.907,36.818,35.657,36.027,60.39715801924467,390
2020-05-18,37.928,39.158,37.928,38.978,54.176924012601376,390
2020-05-19,38.808,38.897,37.807,37.878,52.55418801307678,390
2020-05-20,38.527,39.388,38.408,39.338,49.05381095036864,390
2020-05-21,39.418,39.588,38.397,38.748,49.99877988547087,390
2020-05-22,38.337,38.498,37.687,38.508,38.95821402594447,390
2020-05-26,39.638,39.947,39.437,39.588,40.80568791180849,390
2020-05-27,40.107,40.328,38.927,40.048,54.57232192531228,390
2020-05-28,39.997,39.868,38.747,38.988,49.08488302305341,390
2020-05-29,38.597,38.988,37.937,38.828,58.34396914765239,390
2020-06-01,38.498,39.638,38.178,39.478,43.35649497434497,390
2020-06-02,39.827,40.538,39.788,40.538,42.21909897401929,390
2020-06-03,41.227,41.878,41.087,41.758,41.66983598843217,390
2020-06-04,41.548,41.878,40.897,41.738,47.59794491156936,390
2020-06-05,43.677,45.218,43.677,44.878,64.88386907428503,390
2020-06-08,46.388,46.857,45.417,46.877,60.75469787418842,390
2020-06-09,45.348,45.467,44.468,45.217,57.15211997181177,390
2020-06-10,44.447,44.577,42.848,42.968,69.86442006379366,390
2020-06-11,39.598,41.028,38.707,38.848,82.44124303758144,390
2020-06-12,40.428,40.798,38.737,39.848,90.96235091984272,390
2020-06-15,38.077,40.307,37.697,39.928,77.46248000115156,390
2020-06-16,41.628,41.878,39.908,41.068,82.26593199372292,390
2020-06-17,40.647,40.858,39.677,39.748,51.18561094254255,390
2020-06-18,39.248,40.567,39.037,40.218,52.29159212112427,390
2020-06-19,41.397,41.237,39.518,39.628,59.79434199631214,390
2020-06-22,38.878,39.358,38.407,39.278,46.497560910880566,390
2020-06-23,39.787,39.917,39.157,39.308,40.35652191191912,390
2020-06-24,38.707,38.558,36.857,37.138,60.59289298206568,390
2020-06-25,36.718,37.908,36.567,37.828,54.88082705810666,390
2020-06-26,37.497,37.497,36.327,36.518,57.79728914797306,390
2020-06-29,36.588,37.288,36.427,36.998,41.17651206627488,390
2020-06-30,36.607,38.018,36.307,37.928,45.2776169963181,390
2020-07-01,37.998,38.457,36.877,36.928,47.294434014707804,390
2020-07-02,37.698,38.148,37.247,37.328,42.74906010553241,390
2020-07-06,37.918,38.217,36.977,37.458,40.63642095029354,390
2020-07-07,36.967,37.008,36.187,36.258,36.03709202259779,390
2020-07-08,36.208,36.788,35.927,36.198,35.32047303020954,390
2020-07-09,35.987,36.138,34.397,34.458,51.03368303179741,390
2020-07-10,34.258,35.548,34.248,35.558,39.386166010051966,390
2020-07-13,35.818,35.997,35.067,35.378,46.32597403228283,390
2020-07-14,35.068,36.648,35.007,36.608,55.43380894139409,390
2020-07-15,37.508,37.548,36.817,37.388,45.75076797232032,390
2020-07-16,36.797,37.678,36.657,37.208,41.72740298882127,390
2020-07-17,37.288,37.718,36.527,36.678,35.629435032606125,390
2020-07-20,36.557,36.907,36.047,36.098,34.176388923078775,390
2020-07-21,36.598,38.518,36.598,38.288,45.83800007775426,390
2020-07-22,37.778,37.828,37.228,37.818,33.522905031219125,390
2020-07-23,37.497,37.888,37.238,37.738,43.81889695301652,390
2020-07-24,37.717,38.228,37.357,37.508,39.32512405142188,390
2020-07-27,37.418,37.708,36.978,37.548,27.374036023393273,390
2020-07-28,37.368,37.597,36.807,36.878,29.923207982443273,390
2020-07-29,36.967,37.678,36.757,37.698,28.832070033997297,390
2020-07-30,36.867,36.767,35.867,36.238,36.93978191912174,390
2020-07-31,35.648,36.027,35.288,36.058,37.49630990996957,390
2020-08-03,35.998,36.347,35.717,36.198,29.649423012509942,390
2020-08-04,35.938,37.108,35.938,37.028,27.594787978567183,390
2020-08-05,37.748,37.868,37.077,37.448,26.071561973541975,390
2020-08-06,37.187,37.538,36.978,37.128,27.8832469843328,390
2020-08-07,36.738,37.228,36.367,37.178,27.698416031897068,390
2020-08-10,37.347,38.327,37.347,38.328,27.917963011655957,390
2020-08-11,39.057,39.488,38.017,38.188,40.7258870434016,390
2020-08-12,38.748,39.007,38.167,38.578,31.19930900633335,390
2020-08-13,38.248,38.558,37.737,37.838,28.608708960935473,390
2020-08-14,37.498,38.238,37.388,38.198,26.134698014706373,390
2020-08-17,38.148,38.158,37.757,37.988,20.139028045348823,390
2020-08-18,37.798,38.168,37.367,37.468,23.335948976688087,390
2020-08-19,37.458,37.617,36.937,37.068,26.928059007041156,390
2020-08-20,36.518,36.708,36.237,36.338,25.099414015188813,390
2020-08-21,36.067,36.168,35.687,36.028,99.14448318257928,390
2020-08-24,36.258,37.257,36.027,37.028,41.94715603347868,390
2020-08-25,37.208,37.228,36.317,36.518,46.24263396766037,390
2020-08-26,36.248,36.407,35.678,35.708,26.986666064709425,390
2020-08-27,35.738,35.988,35.357,35.848,40.63228988368064,390
2020-08-28,35.898,36.538,35.757,36.518,34.013065971884544,390
2020-08-31,36.487,36.367,35.647,35.767,38.748732063919306,390
2020-09-01,35.397,35.548,34.967,35.398,49.82024095228462,390
2020-09-02,35.398,35.558,35.008,35.267,50.45702498219907,390
2020-09-03,35.068,35.867,34.767,34.997,122.47640497609973,390
2020-09-04,35.218,35.557,34.437,34.898,121.69509208574891,390
2020-09-08,34.148,34.267,33.217,33.638,99.72985501028597,390
2020-09-09,33.978,34.137,33.707,33.838,68.16868086345494,390
2020-09-10,33.918,33.957,32.557,32.617,73.77859008125961,390
2020-09-11,32.598,32.808,32.347,32.618,74.98847172036767,390
2020-09-14,32.687,33.148,32.468,32.908,40.91008883342147,390
2020-09-15,32.197,33.367,32.197,32.628,34.937032889574766,390
2020-09-16,32.697,34.368,32.637,33.938,69.34589205309749,390
2020-09-17,33.358,33.988,33.067,34.008,83.44802787620574,390
2020-09-18,33.927,33.958,33.258,33.638,65.86269298754632,390
2020-09-21,32.238,32.288,31.427,31.967,83.0186201268807,390
2020-09-22,31.958,32.457,31.577,31.667,50.27418907824904,390
2020-09-23,31.607,31.837,30.167,30.217,60.776522021740675,390
2020-09-24,30.057,30.718,29.527,30.237,104.4901180267334,390
2020-09-25,29.898,30.387,29.697,30.208,71.98563191667199,390
2020-09-28,30.677,31.217,30.677,30.888,64.9346028547734,390
2020-09-29,30.797,30.817,29.727,30.097,57.212338073179126,390
2020-09-30,30.207,30.548,29.807,29.998,64.39563078805804,390
2020-10-01,29.568,29.707,28.847,29.037,60.050444883294404,390
2020-10-02,28.197,29.538,28.197,29.358,83.44780054315925,390
2020-10-05,29.54,30.178,29.488,30.198,43.70403282903135,390
2020-10-06,30.638,30.757,29.657,29.777,103.81906326115131,390
2020-10-07,29.937,30.217,29.557,30.168,47.78527000453323,390
2020-10-08,30.417,31.288,30.257,31.288,44.0782579947263,390
2020-10-09,31.547,31.608,30.727,30.797,57.53887891955674,390
2020-10-12,30.677,30.968,30.358,30.878,37.080974955321835,390
2020-10-13,30.748,31.018,30.297,30.448,50.22725607454777,390
2020-10-14,30.448,31.207,30.387,30.518,59.401541912928224,390
2020-10-15,29.897,30.878,29.727,30.888,48.66419703979045,390
2020-10-16,30.797,30.787,30.137,30.238,46.96031094994396,390
2020-10-19,30.287,30.437,29.517,29.567,55.69428882841021,390
2020-10-20,29.678,30.128,29.507,29.967,54.02238580305129,390
2020-10-21,29.728,29.877,29.308,29.377,48.57717686146498,390
2020-10-22,29.367,30.558,29.187,30.528,47.95015286374837,390
2020-10-23,30.628,30.857,30.007,30.378,59.99555287975818,390
2020-10-26,29.858,29.868,29.007,29.308,52.922244906425476,390
2020-10-27,29.238,29.228,28.847,28.957,41.82319593988359,390
2020-10-28,28.017,28.367,27.547,27.717,75.09850195981562,390
2020-10-29,27.347,28.637,26.977,28.567,87.79273602738976,390
2020-10-30,28.347,28.708,28.018,28.728,137.20514462515712,390
2020-11-02,29.097,30.067,28.557,29.718,82.81762318313122,390
2020-11-03,30.178,30.148,29.258,29.557,79.19056683592498,390
2020-11-04,29.538,30.257,28.777,29.588,107.44967341981828,390
2020-11-05,29.618,30.137,29.497,29.598,67.43123609386384,390
2020-11-06,29.447,29.988,28.807,28.928,65.89130492694676,390
2020-11-09,32.418,33.728,32.178,33.058,226.2733364328742,390
2020-11-10,33.617,34.068,32.967,34.078,150.72453721612692,390
2020-11-11,34.517,34.438,33.458,33.788,84.41539109125733,390
2020-11-12,33.168,33.628,32.337,32.648,86.90170519053936,390
2020-11-13,32.927,34.028,32.897,33.908,69.51045105606318,390
2020-11-16,35.288,36.168,34.877,36.128,91.77532188501209,390
2020-11-17,35.597,36.487,35.167,36.488,83.22784518823028,390
2020-11-18,36.688,36.908,35.407,35.517,94.97468734160066,390
2020-11-19,35.168,36.058,34.797,35.997,106.7240481749177,390
2020-11-20,35.877,36.028,35.557,35.817,74.44969303905964,390
2020-11-23,36.357,38.377,36.327,38.388,78.69629408791661,390
2020-11-24,39.487,40.407,39.267,40.308,122.20176309719682,390
2020-11-25,39.978,39.828,39.147,39.387,117.26315943524241,390
2020-11-27,39.117,39.447,38.597,38.888,61.3048159442842,390
2020-11-30,38.427,38.478,36.687,36.798,108.61290749907494,390
2020-12-01,37.688,37.928,36.858,36.978,113.78577019274235,390
2020-12-02,36.768,38.678,36.667,38.138,114.78723438084126,390
2020-12-03,38.258,38.968,37.897,38.538,127.7556278668344,390
2020-12-04,39.258,40.638,39.217,40.638,93.52407199144363,390
2020-12-07,39.998,40.208,39.297,39.698,116.92173480987549,390
2020-12-08,39.168,40.628,39.167,40.317,141.297022562474,390
2020-12-09,40.677,41.308,39.857,40.497,225.21711115911603,390
2020-12-10,40.357,42.048,40.287,41.628,181.5805649831891,390
2020-12-11,41.298,41.297,40.537,41.127,142.63960774987936,390
2020-12-14,41.598,41.698,39.527,39.707,161.8899890370667,390
2020-12-15,39.817,40.628,39.517,40.437,181.74529493693262,390
2020-12-16,40.548,40.688,39.967,40.318,150.25218822807074,390
2020-12-17,40.558,40.548,39.817,40.027,112.82913474179804,390
2020-12-18,39.987,40.157,39.087,39.428,95.81243903189898,390
2020-12-21,37.197,38.448,37.007,38.178,184.49589597806334,390
2020-12-22,37.958,38.158,37.447,37.517,101.15826390311122,390
2020-12-23,37.817,38.817,37.707,38.368,99.68442700058222,390
2020-12-24,38.348,38.227,37.737,38.077,62.39334595575929,390
2020-12-28,38.077,38.707,37.758,37.887,105.38265979103744,390
2020-12-29,38.017,38.187,37.447,37.638,97.25295469164848,390
2020-12-30,37.677,38.548,37.547,38.278,73.77863275166601,390
2020-12-31,37.998,38.187,37.727,37.927,72.20563604310155,390
2021-01-04,37.888,38.628,37.508,37.957,137.73242704197764,390
2021-01-05,38.347,40.677,38.327,39.678,157.3349039964378,390
2021-01-06,40.408,41.238,39.897,40.898,203.40420894697309,390
2021-01-07,41.178,41.857,40.788,41.478,135.8414160758257,390
2021-01-08,41.827,41.938,41.077,41.438,156.0159461311996,390
2021-01-11,40.517,42.217,40.278,42.078,152.62826266139746,390
2021-01-12,42.577,43.747,42.247,43.618,178.48941569775343,390
2021-01-13,43.627,43.508,42.867,43.257,151.3068043636158,390
2021-01-14,43.467,44.978,43.417,44.548,168.05029908195138,390
2021-01-15,43.648,43.648,42.327,42.787,222.59589180722833,390
2021-01-19,43.258,43.888,43.117,43.618,153.71741155162454,390
2021-01-20,43.927,44.057,43.337,43.788,117.84548709727824,390
2021-01-21,43.448,43.688,41.887,42.338,140.22041412070394,390
2021-01-22,41.097,42.167,41.017,42.128,153.5632860660553,390
2021-01-25,41.608,41.748,40.877,41.648,181.77801759541035,390
2021-01-26,41.947,42.518,40.727,40.788,158.55701657384634,390
2021-01-27,40.018,41.248,39.507,40.247,282.7266511246562,390
2021-01-28,40.547,41.098,40.147,40.728,226.14341408014297,390
2021-01-29,40.108,40.608,39.167,39.418,264.51245487481356,390
2021-02-01,39.808,39.967,38.937,39.668,172.7358600459993,390
2021-02-02,40.517,40.957,40.017,40.057,176.025216370821,390
2021-02-03,40.198,41.828,40.087,41.777,160.3283421508968,390
2021-02-04,42.037,42.187,41.297,42.198,131.40494997240603,390
2021-02-05,42.667,42.978,42.428,42.598,88.76068320404738,390
2021-02-08,43.048,44.527,43.048,44.337,102.48920723982155,390
2021-02-09,43.908,44.107,43.277,43.867,77.26554306130856,390
2021-02-10,44.018,44.728,43.727,44.707,154.93731196969748,390
2021-02-11,44.537,44.477,43.077,44.048,144.63071082159877,390
2021-02-12,43.607,44.668,43.607,44.697,99.61806510016322,390
2021-02-16,45.618,46.238,45.457,45.838,157.42375261336565,390
2021-02-17,46.118,46.717,45.587,46.478,190.16052874177694,390
2021-02-18,46.167,46.298,45.267,45.438,180.98618395347148,390
2021-02-19,45.457,46.338,45.417,46.208,113.29110975004733,390
2021-02-22,46.388,48.437,46.387,47.818,158.0615628734231,390
2021-02-23,48.217,48.698,46.507,48.588,313.5942600890994,390
2021-02-24,48.718,50.558,48.467,50.317,218.89200026914477,390
2021-02-25,50.647,50.697,48.978,49.417,318.299129717052,390
2021-02-26,48.605,48.717,46.727,48.377,361.48562537133694,390
2021-03-01,49.298,50.057,49.057,49.418,158.14948393031955,390
2021-03-02,49.547,49.917,49.097,49.227,185.03347532451153,390
2021-03-03,49.458,50.968,49.448,49.868,210.02476352453232,390
2021-03-04,49.998,51.938,49.827,51.038,499.8338985443115,390
2021-03-05,52.488,53.018,51.167,52.978,427.7383382022381,390
2021-03-08,53.458,53.688,52.267,53.107,286.70588394999504,390
2021-03-09,52.758,53.498,51.737,52.118,240.58471775054932,390
2021-03-10,52.117,53.578,51.947,53.438,246.52417173981667,390
2021-03-11,53.498,54.347,53.327,53.487,159.41487140208483,390
2021-03-12,53.502,53.997,53.158,53.577,133.92706106603146,390
2021-03-15,53.417,53.508,52.307,52.968,142.14458812773228,390
2021-03-16,52.028,52.027,51.117,51.517,146.90760459378362,390
2021-03-17,50.808,52.047,50.808,51.927,196.76067673787475,390
2021-03-18,51.387,51.478,49.307,49.627,180.3367343172431,390
2021-03-19,49.428,50.278,48.847,49.568,223.73126475140452,390
2021-03-22,48.697,49.048,48.427,48.608,154.91463666781783,390
2021-03-23,47.518,48.878,47.247,47.878,181.66803089529276,390
2021-03-24,48.557,49.668,48.557,49.058,195.86240047216415,390
2021-03-25,47.508,49.338,47.427,49.208,273.4867659583688,390
2021-03-26,50.007,50.448,49.527,50.488,214.28340429067612,390
2021-03-29,49.968,50.238,49.207,49.878,179.84174327552319,390
2021-03-30,49.277,49.908,49.017,49.448,151.72470719739795,390
2021-03-31,49.097,49.477,48.857,49.128,114.82030187547207,390
2021-04-01,49.298,50.297,49.017,50.318,142.8157865256071,390
2021-04-05,49.957,49.958,48.817,49.108,159.37145452946424,390
2021-04-06,49.348,49.977,48.897,48.968,127.75685103051364,390
2021-04-07,48.948,49.387,48.817,49.187,95.04209127649665,390
2021-04-08,48.448,48.607,47.947,48.537,82.17083369195461,390
2021-04-09,48.418,48.907,47.967,48.248,85.88991819436251,390
2021-04-12,48.517,48.897,47.637,47.828,84.69360116124153,390
2021-04-13,47.728,48.098,47.377,47.838,64.63767013626693,390
2021-04-14,47.997,49.817,47.997,49.218,111.7184993289411,390
2021-04-15,48.997,49.067,48.577,48.798,99.65130719542503,390
2021-04-16,49.017,49.228,48.188,48.378,100.66408184729517,390
2021-04-19,48.417,48.828,47.867,48.338,107.92310176417232,390
2021-04-20,48.218,47.928,46.587,47.098,112.87875843420625,390
2021-04-21,46.438,47.817,46.257,47.737,117.9564861357212,390
2021-04-22,47.097,47.666,46.946,47.107,120.46319241076708,390
2021-04-23,46.997,47.727,46.867,47.557,77.51851279940456,390
2021-04-26,47.366,48.187,47.366,47.857,60.98525111377239,390
2021-04-27,47.996,48.587,47.817,48.477,78.09072094969451,390
2021-04-28,48.787,50.277,48.696,50.087,94.50264992192388,390
2021-04-29,50.807,51.267,50.036,50.667,130.26411475613713,390
2021-04-30,49.866,50.616,49.276,49.327,113.8188981898129,390
2021-05-03,49.796,50.857,49.796,50.767,96.78993878886104,390
2021-05-04,50.737,51.196,50.196,50.806,156.5322330929339,390
2021-05-05,51.407,52.556,50.976,52.417,141.8326953239739,390
2021-05-06,52.396,52.647,51.427,52.676,131.9369411803782,390
2021-05-07,52.147,53.706,51.956,53.677,134.2681478522718,390
2021-05-10,54.267,55.107,53.606,53.706,151.62602391466498,390
2021-05-11,52.472,53.197,51.807,52.297,241.25950744748116,390
2021-05-12,52.537,54.036,52.276,52.547,231.19054022431374,390
2021-05-13,51.816,52.806,51.176,51.886,203.2168977148831,390
2021-05-14,52.416,53.676,52.416,53.507,141.16541413590312,390
2021-05-17,53.347,54.727,53.206,54.726,178.7520127184689,390
2021-05-18,54.637,54.827,53.346,53.497,201.69922799244523,390
2021-05-19,52.196,52.706,51.396,52.157,251.72466172277927,390
2021-05-20,52.096,52.257,51.296,52.036,124.15989519376308,390
2021-05-21,52.626,52.887,52.116,52.166,115.77705227956176,390
2021-05-24,52.435,52.786,51.926,52.707,91.32357972860336,390
2021-05-25,52.526,52.617,51.526,51.647,94.2386638186872,390
2021-05-26,51.597,52.226,51.406,52.086,75.27349221147597,390
2021-05-27,52.246,52.646,51.816,52.177,70.43457091458481,390
2021-05-28,52.387,52.356,51.926,52.207,73.48049115948379,390
2021-06-01,52.996,54.297,52.996,54.237,104.22584809921682,390
2021-06-02,54.537,55.476,53.896,55.266,128.95158525183797,390
2021-06-03,54.986,55.677,54.646,55.387,147.12824243679643,390
2021-06-04,55.737,55.957,54.916,55.717,95.08609992451966,390
2021-06-07,55.736,56.046,55.426,55.517,96.15344198420644,390
2021-06-08,55.276,56.067,54.646,55.966,111.04734804481268,390
2021-06-09,56.096,56.287,55.607,55.727,107.8868851698935,390
2021-06-10,56.376,56.606,54.976,55.596,148.49115997646004,390
2021-06-11,55.626,56.027,55.306,55.367,89.34429302066565,390
2021-06-14,55.576,55.906,54.686,55.116,84.34877571463585,390
2021-06-15,55.336,56.307,55.336,56.237,92.93016683869064,390
2021-06-16,56.076,56.527,55.386,55.976,184.58219994604588,390
2021-06-17,55.757,56.207,53.256,53.977,163.14357801154256,390
2021-06-18,52.807,53.477,52.346,52.487,179.47957972064614,390
2021-06-21,52.306,54.156,52.306,54.077,118.70315918140113,390
2021-06-22,53.497,54.627,53.337,54.446,115.33728131838143,390
2021-06-23,54.916,55.526,54.477,54.586,107.83529313281178,390
2021-06-24,54.687,55.057,54.287,55.027,71.97454511653632,390
2021-06-25,55.177,55.337,54.876,55.327,83.96487039513886,390
2021-06-28,55.096,54.796,53.246,53.456,124.70953609608114,390
2021-06-29,53.777,54.037,53.137,53.196,99.83840493205935,390
2021-06-30,53.347,53.987,53.316,53.877,100.35126502625644,390
2021-07-01,55.067,55.157,54.296,54.786,130.60548016428947,390
2021-07-02,54.576,54.846,54.096,54.666,90.38476900197566,390
2021-07-06,54.496,54.177,52.686,52.967,117.38339243456721,390
2021-07-07,52.756,53.257,51.466,52.016,151.10971942916512,390
2021-07-08,50.886,52.217,50.886,51.756,187.60941533371806,390
2021-07-09,52.327,52.867,51.787,52.816,105.04111300781369,390
2021-07-12,52.236,53.077,51.867,52.757,131.69490880519152,390
2021-07-13,52.496,52.827,52.056,52.367,132.58565220795572,390
2021-07-14,52.586,53.086,50.606,50.837,162.48264576122165,390
2021-07-15,50.246,50.857,49.857,50.077,137.3601663261652,390
2021-07-16,50.327,50.336,48.576,48.706,127.84457094594836,390
2021-07-19,46.686,47.446,46.296,46.986,267.9958049803972,390
2021-07-20,46.937,48.046,46.567,47.606,169.8317341208458,390
2021-07-21,48.337,49.637,48.337,49.267,126.58555035851896,390
2021-07-22,49.166,49.007,48.276,48.707,152.03821676597,390
2021-07-23,48.856,48.667,48.026,48.517,120.31204474531114,390
2021-07-26,48.637,49.866,48.476,49.717,147.10512546729296,390
2021-07-27,49.326,49.386,48.667,49.227,180.20855254866183,390
2021-07-28,49.296,50.077,48.936,49.737,145.04064322449267,390
2021-07-29,50.296,50.517,49.877,50.196,122.32511128857732,390
2021-07-30,50.037,50.247,49.076,49.367,129.98098499700427,390
2021-08-02,49.436,50.546,48.927,49.017,133.9444199874997,390
2021-08-03,48.906,49.927,48.396,49.897,148.89008308202028,390
2021-08-04,48.917,49.527,48.426,48.507,187.41675758734345,390
2021-08-05,48.756,49.627,48.587,49.096,121.79707463085651,390
2021-08-06,49.476,49.827,49.236,49.537,113.12761123478413,390
2021-08-09,48.797,49.187,48.476,48.826,108.18957403767854,390
2021-08-10,49.077,49.777,49.006,49.657,91.86497694440186,390
2021-08-11,49.486,50.127,49.226,50.037,97.20004794560373,390
2021-08-12,49.986,50.207,49.396,49.997,97.00111417286098,390
2021-08-13,49.986,49.876,49.296,49.357,71.93243491556495,390
2021-08-16,48.636,48.697,48.076,48.457,126.74652586504817,390
2021-08-17,48.087,48.746,47.577,48.037,130.7937729805708,390
2021-08-18,47.927,48.346,46.946,47.016,136.58125100657344,390
2021-08-19,46.106,46.457,45.136,45.757,183.87035204470158,390
2021-08-20,45.277,46.156,45.156,45.886,106.31845132261515,390
2021-08-23,46.846,47.727,46.846,47.606,79.8628711309284,390
2021-08-24,47.947,48.627,47.916,48.417,82.26175102870911,390
2021-08-25,48.336,49.017,47.966,48.797,85.87958007864654,390
2021-08-26,48.437,48.717,47.936,48.037,118.23200992494822,390
2021-08-27,48.547,49.627,48.526,49.307,102.76638675201684,390
2021-08-30,49.457,49.647,48.707,48.746,78.84147504996508,390
2021-08-31,48.447,48.907,48.266,48.457,112.83302253857255,390
2021-09-01,48.257,48.576,47.506,47.676,120.56537040695548,390
2021-09-02,48.046,49.266,48.046,48.886,100.50011784024537,390
2021-09-03,48.497,49.117,48.386,48.637,107.84931289963424,390
2021-09-07,48.236,48.916,48.136,48.356,106.44111104961485,390
2021-09-08,48.597,48.867,47.677,47.706,118.37657520547509,390
2021-09-09,47.417,48.517,47.126,47.807,148.57346109487116,390
2021-09-10,48.506,48.536,47.636,47.777,108.2885621022433,390
2021-09-13,48.447,49.466,48.416,49.177,165.91950398683548,390
2021-09-14,49.547,49.606,48.226,48.456,135.31647556833923,390
2021-09-15,49.027,50.276,49.027,50.267,126.74838588014245,390
2021-09-16,50.156,50.137,49.406,49.746,122.45669892989099,390
2021-09-17,49.406,50.156,49.187,49.326,145.33889755792916,390
2021-09-20,47.477,47.777,46.466,47.257,202.1729527991265,390
2021-09-21,47.776,47.927,46.837,47.427,193.60797122865915,390
2021-09-22,48.037,49.357,48.036,48.816,173.6855395808816,390
2021-09-23,48.987,50.646,48.836,50.537,96.08834780566394,390
2021-09-24,50.187,51.137,50.146,50.947,105.96652035508305,390
2021-09-27,51.916,52.906,51.916,52.696,107.12087029963732,390
2021-09-28,53.097,53.766,52.766,52.896,218.25573766976595,390
2021-09-29,52.796,53.186,52.186,52.917,131.84978276118636,390
2021-09-30,52.717,52.996,52.087,52.217,230.24619730561972,390
2021-10-01,52.457,53.877,52.457,53.827,169.14014170132577,390
2021-10-04,54.417,55.276,54.156,54.767,194.58484068140388,390
2021-10-05,55.397,56.027,54.456,55.067,144.75344318896532,390
2021-10-06,53.327,54.697,53.326,54.447,202.09636734426022,390
2021-10-07,54.616,55.156,54.326,54.867,118.32078232616186,390
2021-10-08,55.307,56.677,55.307,56.577,98.87109614349902,390
2021-10-11,57.437,57.566,56.296,56.376,125.39401189610362,390
2021-10-12,56.225,56.907,56.016,56.437,140.32049473188818,390
2021-10-13,55.997,56.626,55.367,56.337,139.27545111998916,390
2021-10-14,56.787,57.176,56.476,57.067,106.47289906721562,390
2021-10-15,57.677,57.866,57.296,57.317,77.08006988465786,390
2021-10-18,57.817,58.186,57.046,57.367,99.86180014535785,390
2021-10-19,56.766,58.207,56.766,58.006,96.65001807361841,390
2021-10-20,57.517,58.486,57.346,58.486,98.5871239155531,390
2021-10-21,57.236,58.216,56.936,57.416,119.01368018984795,390
2021-10-22,57.507,57.976,57.066,57.947,119.68427769467235,390
2021-10-25,58.577,59.076,58.346,58.787,110.96104465331882,390
2021-10-26,58.936,59.386,58.766,59.167,121.62065361440182,390
2021-10-27,58.447,58.786,57.306,57.477,144.13774397224188,390
2021-10-28,56.326,57.857,56.326,57.836,126.28520999383181,390
2021-10-29,58.117,58.237,57.226,57.527,127.33026767149568,390
2021-11-01,57.957,58.597,57.866,58.456,114.33857357688248,390
2021-11-02,58.057,58.536,57.716,57.926,123.93118036724627,390
2021-11-03,57.106,58.006,56.966,57.417,142.2684270478785,390
2021-11-04,57.917,58.357,56.987,57.497,145.18370773270726,390
2021-11-05,58.206,58.507,57.766,58.277,132.345601901412,390
2021-11-08,58.656,59.337,58.456,58.776,104.46086797956377,390
2021-11-09,58.826,59.027,58.016,59.017,124.53765288367867,390
2021-11-10,58.636,58.877,57.116,57.466,116.27504698000848,390
2021-11-11,57.507,58.047,57.506,57.697,75.1889630202204,390
2021-11-12,57.367,57.757,57.196,57.557,72.8680142275989,390
2021-11-15,57.417,58.347,57.006,58.037,81.62595700658858,390
2021-11-16,58.026,58.577,57.836,58.116,74.66029689833522,390
2021-11-17,57.557,58.357,57.026,57.197,97.52175673656166,390
2021-11-18,56.997,57.497,56.196,56.877,98.73229263350368,390
2021-11-19,55.606,55.746,54.546,54.677,105.97697686031461,390
2021-11-22,54.48,56.456,54.48,55.696,117.86283431760967,390
2021-11-23,56.317,57.526,56.276,57.357,146.64508010074496,390
2021-11-24,56.937,58.207,56.936,57.897,92.8047508308664,390
2021-11-26,55.026,55.746,54.136,55.666,128.06958298385143,390
2021-11-29,56.837,57.256,55.716,55.947,168.03958898037672,390
2021-11-30,54.807,55.617,54.306,54.636,219.9330450631678,390
2021-12-01,55.727,56.367,54.006,54.027,221.0297693312168,390
2021-12-02,53.897,55.737,53.386,55.577,287.9005047380924,390
2021-12-03,56.337,56.476,54.607,55.167,297.6041244864464,390
2021-12-06,55.977,56.587,55.286,55.937,18.994000047445297,390
2021-12-07,56.787,57.786,56.656,57.277,111.43395022675395,390
2021-12-08,57.466,57.786,57.136,57.267,107.7723875399679,390
2021-12-09,56.82,57.016,56.457,56.827,105.61593530327082,390
2021-12-10,57.276,57.377,56.216,57.276,119.08084743469954,390
2021-12-13,56.637,56.837,55.376,55.687,137.92506523430347,390
2021-12-14,55.197,56.217,55.197,55.427,151.6035688892007,390
2021-12-15,55.237,55.427,53.907,55.247,220.1877492563799,390
2021-12-16,55.587,56.596,55.396,55.577,203.1779525205493,390
2021-12-17,54.456,55.266,53.866,54.406,207.23546714149415,390
2021-12-20,52.307,53.026,51.656,53.037,198.2167635820806,390
2021-12-21,53.526,54.706,53.526,54.537,138.58374832198024,390
2021-12-22,54.356,55.216,53.906,54.837,130.76403203234076,390
2021-12-23,55.096,55.637,54.937,54.937,88.75324119161814,390
2021-12-27,54.716,56.117,54.236,56.117,99.33542710263282,390
2021-12-28,56.187,56.577,55.746,56.057,98.41116330958903,390
2021-12-29,55.847,56.226,55.426,55.727,110.10499452613294,390
2021-12-30,55.746,56.106,55.297,55.347,89.35546994768083,390
2022-01-03,55.577,57.276,55.407,57.227,143.65178179368377,390
2022-01-04,57.737,59.417,57.736,59.216,153.20245845243335,390
2022-01-05,59.677,60.426,59.096,59.186,180.37446384504437,390
2022-01-06,60.386,60.767,59.646,60.496,208.0947733335197,390
2022-01-07,60.507,61.487,60.306,61.366,152.62090823426843,390
2022-01-10,61.257,61.546,60.346,61.187,212.3326326981187,390
2022-01-11,61.626,63.327,61.156,63.247,176.68947644531727,390
2022-01-12,63.396,63.726,62.887,63.357,162.81606316938996,390
2022-01-13,63.276,63.847,62.756,63.017,160.3665956184268,390
2022-01-14,62.986,64.576,62.986,64.556,169.3413088284433,390
2022-01-18,65.107,65.486,63.776,64.776,230.29395546764135,390
2022-01-19,65.247,65.267,63.786,64.297,208.97344387322664,390
2022-01-20,63.886,65.397,63.576,63.757,180.0111879631877,390
2022-01-21,63.227,63.327,61.777,62.637,366.2329162582755,390
2022-01-24,60.947,63.046,59.836,62.837,541.8436928987503,390
2022-01-25,62.557,65.517,61.466,65.336,494.81807255744934,390
2022-01-26,65.947,66.526,64.486,65.286,482.45779307186604,390
2022-01-27,66.272,67.006,64.816,65.887,513.7258215546608,390
2022-01-28,65.477,66.207,64.256,65.527,430.0046063363552,390
2022-01-31,65.477,66.307,64.436,65.956,364.20315976440907,390
2022-02-01,65.607,68.366,65.416,68.377,339.69149550795555,390
2022-02-02,67.806,68.597,67.066,68.516,315.1792896166444,390
2022-02-03,68.097,68.327,67.096,67.857,274.398593083024,390
2022-02-04,68.607,69.917,68.506,68.987,337.8183616325259,390
2022-02-07,68.496,70.386,68.047,69.786,319.3945814073086,390
2022-02-08,69.457,69.646,67.786,68.327,309.23381085693836,390
2022-02-09,68.337,69.327,68.266,68.856,228.80534046143293,390
2022-02-10,68.507,69.706,67.966,68.476,370.4715534746647,390
2022-02-11,68.837,70.467,68.436,70.397,439.083896830678,390
2022-02-14,69.596,69.637,67.926,68.847,479.14259508252144,390
2022-02-15,67.166,68.157,66.676,68.056,281.5906249284744,390
2022-02-16,68.506,69.667,68.156,68.586,333.4666999951005,390
2022-02-17,68.426,69.096,67.936,68.487,330.69031754136086,390
2022-02-18,67.596,68.516,67.386,68.027,363.89677768573165,390
2022-02-22,69.946,69.716,65.936,66.947,500.9682597666979,390
2022-02-23,66.496,68.117,66.496,67.677,393.75483536720276,390
2022-02-24,69.006,68.336,65.356,67.117,743.4641053378582,390
2022-02-25,67.477,68.926,67.256,68.887,419.6544279009104,390
2022-02-28,68.347,70.616,68.006,70.647,419.73522889614105,390
2022-03-01,71.136,72.406,70.277,71.307,614.7722306400537,390
2022-03-02,72.096,73.487,72.016,72.966,593.6390374973416,390
2022-03-03,71.306,73.567,71.306,73.157,492.06380908191204,390
2022-03-04,72.977,75.127,72.916,75.037,486.0764294862747,390
2022-03-07,75.886,77.517,74.626,76.427,857.4746654629707,390
2022-03-08,77.827,80.186,75.316,77.577,1378.5396179556847,390
2022-03-09,74.497,76.836,73.496,75.197,1004.7118009924889,390
2022-03-10,75.437,77.626,75.437,77.526,752.4117792397738,390
2022-03-11,75.497,77.767,75.497,76.877,586.4686576426029,390
2022-03-14,75.297,75.646,73.536,74.547,615.7930981218815,390
2022-03-15,70.807,72.597,70.437,71.806,509.9612840861082,390
2022-03-16,71.917,72.627,70.737,71.477,558.5279200077057,390
2022-03-17,72.757,74.097,72.286,73.947,338.91041957587004,390
2022-03-18,73.837,74.327,73.306,73.917,358.2238055616617,390
2022-03-21,74.516,76.347,74.516,76.127,439.9454876035452,390
2022-03-22,75.777,76.157,74.707,75.657,385.46923615783453,390
2022-03-23,76.796,77.567,76.606,76.987,269.62187124043703,390
2022-03-24,77.096,77.717,76.536,77.027,242.04636441916227,390
2022-03-25,76.536,78.807,76.436,78.767,269.18673022836447,390
2022-03-28,76.796,77.137,76.296,76.836,263.7053973302245,390
2022-03-29,75.076,76.597,74.186,76.607,384.36697272211313,390
2022-03-30,77.217,77.916,76.837,77.507,261.44284182135016,390
2022-03-31,76.546,78.177,76.406,76.627,266.5474349670112,390
2022-04-01,75.556,77.707,75.556,77.107,286.94434978067875,390
2022-04-04,77.496,77.636,76.327,77.196,263.6173164471984,390
2022-04-05,77.296,78.417,75.856,75.967,303.81423673406243,390
2022-04-06,76.536,77.446,75.966,76.416,388.76960580050945,390
2022-04-07,76.497,77.646,75.336,77.427,316.66156356036663,390
2022-04-08,76.767,79.727,76.767,79.527,274.57767110317945,390
2022-04-11,78.607,78.396,76.956,77.107,299.9212684854865,390
2022-04-12,78.576,79.757,78.256,78.467,326.24044888466597,390
2022-04-13,79.306,79.686,78.056,79.607,292.06425311323255,390
2022-04-14,79.106,80.456,79.066,79.836,260.7286866232753,390
2022-04-18,80.446,81.466,80.006,81.076,321.9142713434994,390
2022-04-19,80.157,81.356,79.886,80.377,323.14980335347354,390
2022-04-20,80.556,81.087,79.786,80.657,288.0799486115575,390
2022-04-21,81.047,81.487,77.806,78.147,417.2527589201927,390
2022-04-22,76.997,78.827,76.157,76.236,407.1924844831228,390
2022-04-25,73.706,73.996,70.997,73.717,730.891681432724,390
2022-04-26,74.217,75.686,73.576,73.817,619.2339835166931,390
2022-04-27,74.04,75.557,72.907,74.917,660.4209093600512,390
2022-04-28,75.276,77.727,73.866,77.197,520.4289963841438,390
2022-04-29,77.166,77.636,74.876,75.247,570.6646671295166,390
2022-05-02,74.697,76.337,74.456,76.346,773.2356324195862,390
2022-05-03,76.256,78.787,76.256,78.527,507.12613862752914,390
2022-05-04,79.857,81.827,78.976,81.766,615.5662847161293,390
2022-05-05,82.317,82.207,78.866,80.547,1048.4323108792305,390
2022-05-06,81.287,82.917,79.906,82.917,959.6734420061111,390
2022-05-09,81.097,80.806,75.746,76.057,999.567956507206,390
2022-05-10,77.226,78.597,75.126,76.767,1203.561151444912,390
2022-05-11,77.97,80.187,77.636,77.817,1068.19511449337,390
2022-05-12,77.686,78.126,75.666,78.127,1179.122182905674,390
2022-05-13,79.147,81.067,79.117,80.787,644.8746245205402,390
2022-05-16,81.002,83.717,80.977,82.886,794.4943588972092,390
2022-05-17,83.702,84.337,83.106,83.887,710.8128812611103,390
2022-05-18,84.276,84.306,80.726,81.767,877.9308900386095,390
2022-05-19,80.027,82.716,79.806,81.487,1226.8683230280876,390
2022-05-20,82.087,83.277,80.116,81.776,1013.5507027506828,390
2022-05-23,82.515,84.186,82.207,83.957,736.6598737984896,390
2022-05-24,82.937,84.566,82.346,84.177,862.5566259622574,390
2022-05-25,84.276,86.077,84.276,85.957,703.4322163760662,390
2022-05-26,86.496,87.546,85.666,87.016,438.9473772123456,390
2022-05-27,86.596,88.566,86.326,88.466,366.2183662354946,390
2022-05-31,89.017,90.407,86.716,87.107,744.2067013680935,390
2022-06-01,88.146,89.236,87.326,88.636,787.8626998066902,390
2022-06-02,87.777,88.937,87.456,88.317,637.620001912117,390
2022-06-03,87.946,89.787,87.946,89.527,570.8541024625301,390
2022-06-06,89.497,89.987,88.916,89.487,615.2132996469736,390
2022-06-07,89.187,92.176,89.187,92.156,534.1206006556749,390
2022-06-08,92.096,93.287,91.696,92.307,552.245400428772,390
2022-06-09,91.316,92.037,90.136,90.237,578.9298015683889,390
2022-06-10,89.276,90.517,87.676,88.817,886.5297005772591,390
2022-06-13,85.957,86.057,82.407,84.157,1002.6425995230675,390
2022-06-14,84.997,86.816,83.136,84.297,910.6062013506889,390
2022-06-15,84.117,84.436,80.986,82.426,1047.531600624323,390
2022-06-16,80.176,80.547,77.066,77.777,859.5401977598667,390
2022-06-17,77.336,77.657,72.586,73.416,1092.45480042696,390
2022-06-21,74.706,76.927,74.557,76.486,596.3889003396034,390
2022-06-22,72.617,74.627,72.337,73.467,802.8564014434814,390
2022-06-23,73.826,73.926,69.466,70.627,809.8521027266979,390
2022-06-24,71.046,73.076,70.816,71.597,534.5370017886162,390
2022-06-27,72.097,74.157,72.097,73.687,644.6415021717548,390
2022-06-28,74.676,76.837,74.536,75.697,724.0950014293194,390
2022-06-29,76.747,76.717,72.836,73.077,747.6801005154848,390
2022-06-30,71.397,73.266,70.856,71.637,882.9540013074875,390
2022-07-01,72.277,72.846,70.116,72.516,729.693601667881,390
2022-07-05,70.936,71.117,68.177,69.736,914.8113021850586,390
2022-07-06,68.206,70.147,66.447,68.557,853.2654001712799,390
2022-07-07,70.366,71.526,70.126,71.017,552.7251021265984,390
2022-07-08,71.726,71.526,69.946,70.967,632.7009007036686,390
2022-07-11,70.066,70.787,69.316,70.307,591.7269003540277,390
2022-07-12,68.256,69.227,67.657,68.917,586.223999813199,390
2022-07-13,67.907,69.987,67.907,68.817,757.4760023057461,390
2022-07-14,65.996,67.537,65.466,67.517,638.9966996014118,390
2022-07-15,68.837,68.886,67.566,68.857,446.86260111629963,390
2022-07-18,70.406,71.257,69.826,70.217,426.1380013972521,390
2022-07-19,70.126,72.466,70.036,72.386,426.0534010976553,390
2022-07-20,71.576,73.327,71.206,73.077,577.0854001492262,390
2022-07-21,70.897,71.767,69.656,71.797,573.4457998126745,390
2022-07-22,71.827,72.566,70.726,71.167,584.4243006408215,390
2022-07-25,71.897,73.777,71.266,73.816,461.60039971768856,390
2022-07-26,74.547,74.896,72.586,73.167,426.75930194556713,390
2022-07-27,73.506,75.096,72.796,74.816,554.2437021136284,390
2022-07-28,75.397,75.847,73.756,75.127,530.9001024216413,390
2022-07-29,76.527,78.606,76.376,78.457,441.40530128777027,390
2022-08-01,76.156,77.257,75.757,76.857,515.879402756691,390
2022-08-02,76.196,77.366,75.917,76.607,515.7876018434763,390
2022-08-03,76.936,77.057,73.956,74.417,591.8022012710571,390
2022-08-04,73.826,73.997,71.386,71.657,488.6445024460554,390
2022-08-05,70.687,73.667,70.687,73.077,397.66620208323,390
2022-08-08,72.897,74.076,72.897,73.497,362.18280094861984,390
2022-08-09,74.377,75.677,74.366,74.756,412.06530022621155,390
2022-08-10,74.767,75.686,73.426,75.297,380.9460012167692,390
2022-08-11,76.436,78.516,76.436,77.897,381.27030201256275,390
2022-08-12,76.997,78.497,76.997,78.487,387.39150281250477,390
2022-08-15,75.656,77.336,74.916,76.967,324.45480202138424,390
2022-08-16,77.106,77.796,76.266,76.777,394.6542005240917,390
2022-08-17,76.4,78.127,76.197,77.427,488.0277018547058,390
2022-08-18,78.136,79.536,78.116,79.487,356.72730070352554,390
2022-08-19,79.106,79.966,78.816,79.576,422.0859005600214,390
2022-08-22,78.777,79.737,77.476,79.337,606.5064011365175,390
2022-08-23,80.477,82.757,80.477,82.246,599.3441987037659,390
2022-08-24,82.186,83.227,81.806,83.207,542.0637019127607,390
2022-08-25,83.597,84.206,83.006,83.826,455.3295002132654,390
2022-08-26,83.636,84.527,82.456,82.916,705.6414004862309,390
2022-08-29,82.817,85.157,82.576,84.166,621.0390008091927,390
2022-08-30,82.647,82.487,80.556,81.287,805.5690003633499,390
2022-08-31,79.366,81.806,78.926,80.607,765.5066989660263,390
2022-09-01,79.267,79.577,77.407,78.587,739.1262009143829,390
2022-09-02,80.447,80.976,79.516,79.937,722.2002000510693,390
2022-09-06,80.706,80.907,78.877,79.237,972.8490008115768,390
2022-09-07,77.476,78.607,76.787,78.317,713.2137000858784,390
2022-09-08,78.597,78.997,77.676,78.677,822.65729996562,390
2022-09-09,80.057,80.937,79.446,80.627,535.5816022157669,390
2022-09-12,81.747,82.917,81.076,82.077,535.0316998511553,390
2022-09-13,80.866,82.106,79.636,80.057,796.6298996210098,390
2022-09-14,80.687,82.817,80.686,82.327,717.250198841095,390
2022-09-15,80.846,81.117,79.756,80.197,580.482901532203,390
2022-09-16,79.197,79.586,77.296,78.496,771.5514026582241,390
2022-09-19,75.447,77.657,75.226,77.626,705.9786008000374,390
2022-09-20,77.067,77.517,76.176,77.147,561.1845019906759,390
2022-09-21,78.256,78.576,75.936,76.057,807.5012994706631,390
2022-09-22,77.026,77.497,75.626,75.776,585.1890013515949,390
2022-09-23,72.576,72.716,69.926,70.587,593.3778013586998,390
2022-09-26,70.037,70.886,68.656,68.776,638.0655008852482,390
2022-09-27,69.937,70.756,69.117,69.556,661.2555029690266,390
2022-09-28,70.196,72.947,69.786,72.746,553.242001593113,390
2022-09-29,72.046,72.706,70.786,72.646,764.865898579359,390
2022-09-30,72.017,72.997,71.306,72.077,598.2648011445999,390
2022-10-03,74.647,76.446,74.477,76.107,614.2605005353689,390
2022-10-04,77.566,79.387,76.996,79.416,515.7285007983446,390
2022-10-05,79.327,81.586,78.636,81.016,653.3808000981808,390
2022-10-06,80.367,82.657,80.276,82.507,605.6183988153934,390
2022-10-07,82.617,83.526,81.206,81.877,701.5233006179333,390
2022-10-10,82.107,82.777,79.856,80.157,683.2709977477789,390
2022-10-11,78.637,80.796,78.276,79.497,726.9656991660595,390
2022-10-12,78.956,80.646,78.427,80.186,683.8251017034054,390
2022-10-13,78.916,83.667,78.916,83.387,1096.0436996817589,390
2022-10-14,82.507,83.626,80.116,80.307,960.1670990735292,390
2022-10-17,80.686,82.536,80.686,81.307,625.9803002774715,390
2022-10-18,81.276,82.396,80.396,82.036,363.12060049176216,390
2022-10-19,82.186,84.687,82.186,84.396,642.0243024080992,390
2022-10-20,85.157,85.797,83.977,84.527,675.7116020917892,390
2022-10-21,84.957,87.057,84.726,86.947,768.6093013435602,390
2022-10-24,86.107,87.867,86.107,87.427,726.9369020164013,390
2022-10-25,87.017,87.807,86.516,87.467,509.225699454546,390
2022-10-26,87.747,89.286,87.696,88.637,564.4506009072065,390
2022-10-27,89.797,90.356,88.666,88.947,628.9131020158529,390
2022-10-28,89.897,90.526,87.646,89.347,587.8701001703739,390
2022-10-31,88.317,91.126,88.316,90.087,687.5226022303104,390
2022-11-01,91.457,91.346,90.317,90.907,690.759302675724,390
2022-11-02,90.536,90.966,88.466,88.777,795.101398602128,390
2022-11-03,88.042,90.797,87.876,90.407,652.0410024225712,390
2022-11-04,92.436,92.957,90.127,91.466,797.3573996722698,390
2022-11-07,91.746,93.247,91.417,93.007,438.8130015283823,390
2022-11-08,92.746,93.437,91.926,93.057,620.5638005286455,390
2022-11-09,91.957,91.917,88.326,88.587,587.5097996890545,390
2022-11-10,90.396,90.566,88.496,90.537,486.3666001558304,390
2022-11-11,92.156,93.586,92.007,93.327,590.0280014127493,390
2022-11-14,92.817,94.667,92.817,93.066,514.868400812149,390
2022-11-15,93.566,94.266,92.826,94.127,650.6148000061512,390
2022-11-16,93.177,93.757,91.676,92.237,402.9423009008169,390
2022-11-17,90.746,92.387,90.266,92.426,539.8782018721104,390
2022-11-18,90.576,91.857,89.506,91.646,595.6452003270388,390
2022-11-21,89.626,90.566,87.276,90.377,679.380901902914,390
2022-11-22,91.516,93.417,91.096,93.247,477.5883241593838,390
2022-11-23,91.557,92.736,91.177,92.177,586.4057722985744,390
2022-11-25,92.385,92.896,91.706,91.807,221.6894999295473,390
2022-11-28,89.487,90.627,89.036,89.387,497.7747010588646,390
2022-11-29,90.366,91.146,89.997,90.696,591.8337008208036,390
2022-11-30,91.727,91.537,89.706,91.176,746.8118993937969,390
2022-12-01,91.696,92.126,90.536,90.877,614.4899993091822,390
2022-12-02,90.216,91.247,89.766,90.316,543.9873000830412,390
2022-12-05,91.327,91.417,86.876,87.607,619.3128003776073,390
2022-12-06,86.886,88.047,84.726,85.356,542.7185999304056,390
2022-12-07,85.226,86.307,84.367,85.147,719.4798000305891,390
2022-12-08,86.396,86.906,84.256,84.767,619.4834995865822,390
2022-12-09,84.476,85.296,82.646,82.747,555.4947017282248,390
2022-12-12,83.066,85.037,82.816,84.867,440.18850080668926,390
2022-12-13,86.436,87.117,85.766,86.496,879.2748018503189,390
2022-12-14,86.127,87.307,85.147,85.977,848.8058987110853,390
2022-12-15,84.926,85.566,83.946,85.456,620.7783004194498,390
2022-12-16,83.746,84.676,83.197,84.586,626.8773002624512,390
2022-12-19,84.207,84.557,82.866,83.557,390.8214005380869,390
2022-12-20,83.447,85.237,83.296,84.797,442.4577021151781,390
2022-12-21,85.907,86.717,85.196,86.357,371.29560148715973,390
2022-12-22,86.436,86.306,82.676,84.387,507.59520053863525,390
2022-12-23,85.336,87.046,85.036,87.006,465.8901018202305,390
2022-12-27,87.436,88.337,87.107,88.047,333.4653006196022,390
2022-12-28,87.676,87.717,85.736,86.097,528.5280017405748,390
2022-12-29,85.627,87.286,85.617,86.926,356.1705020517111,390
2022-12-30,86.457,87.567,86.386,87.477,383.1546014994383,390
2023-01-03,86.916,87.197,83.346,84.407,525.8772009015083,390
2023-01-04,83.107,84.866,82.826,84.426,645.0918008685112,390
2023-01-05,84.006,86.367,83.987,86.036,534.3078017830849,390
2023-01-06,86.907,88.587,86.786,87.527,465.9054029285908,390
2023-01-09,88.837,88.987,86.956,87.287,508.04850044846535,390
2023-01-10,87.547,87.986,86.486,87.896,547.7292011231184,390
2023-01-11,88.656,88.717,87.176,88.147,415.7697011977434,390
2023-01-12,88.576,90.367,88.496,89.836,576.2688001990318,390
2023-01-13,89.566,90.137,88.786,89.946,395.828101426363,390
2023-01-17,90.046,91.027,89.766,90.106,384.14280155301094,390
2023-01-18,90.547,91.556,88.396,88.496,507.6621011942625,390
2023-01-19,88.036,89.927,87.786,89.547,492.191402554512,390
2023-01-20,89.616,90.777,88.856,90.657,456.9684014469385,390
2023-01-23,91.027,91.557,90.297,90.557,474.45540095865726,390
2023-01-24,89.407,90.387,88.437,90.426,454.29030142724514,390
2023-01-25,89.817,90.187,88.366,90.187,516.4197001606226,390
2023-01-26,90.996,93.076,90.586,93.137,538.3038018941879,390
2023-01-27,91.996,93.027,91.066,91.267,497.2764004468918,390
2023-01-30,90.156,90.626,89.006,89.176,448.08180087804794,390
2023-01-31,88.466,90.017,87.917,89.927,489.73950059711933,390
2023-02-01,89.506,89.796,86.996,88.207,806.9703005850315,390
2023-02-02,87.877,87.777,85.196,86.197,620.2829998880625,390
2023-02-03,86.136,87.857,85.866,85.987,616.6877995580435,390
2023-02-06,85.756,86.596,84.506,85.657,442.55910205841064,390
2023-02-07,85.796,88.447,85.646,88.317,637.3869007229805,390
2023-02-08,87.887,88.707,87.046,87.627,555.3012016117573,390
2023-02-09,87.317,87.826,86.736,86.867,533.9661017358303,390
2023-02-10,87.776,90.347,87.776,90.247,478.99950079619884,390
2023-02-13,89.617,90.297,88.786,90.007,468.62850211560726,390
2023-02-14,89.266,90.647,89.006,90.027,654.6407996565104,390
2023-02-15,89.027,88.647,87.346,88.467,550.7622026801109,390
2023-02-16,87.586,88.736,87.516,87.637,547.360801577568,390
2023-02-17,85.976,86.106,84.106,84.526,658.9125013649464,390
2023-02-21,83.997,84.966,83.896,84.137,505.09650130569935,390
2023-02-22,83.836,84.496,82.777,83.577,563.6292000859976,390
2023-02-23,84.306,85.106,83.676,84.656,509.8056016564369,390
2023-02-24,83.546,84.757,83.026,84.667,559.2585013359785,390
2023-02-27,84.627,85.266,84.196,84.947,391.0806021541357,390
2023-02-28,85.217,85.486,83.606,83.866,450.23940128088,390
2023-03-01,82.937,85.727,82.937,85.347,503.82120156288147,390
2023-03-02,85.197,86.377,84.896,86.107,394.37610195577145,390
2023-03-03,84.887,87.657,84.887,87.357,364.2564016133547,390
2023-03-06,86.677,87.426,86.416,87.347,354.4317008703947,390
2023-03-07,86.817,86.977,85.546,85.807,562.6287013739347,390
2023-03-08,85.197,86.447,84.076,84.947,512.0597993284464,390
2023-03-09,85.376,86.546,83.666,83.787,593.0169005990028,390
2023-03-10,83.496,84.827,82.146,82.597,980.1551998853683,390
2023-03-13,79.806,82.267,79.106,80.967,1354.2236976623535,390
2023-03-14,80.876,83.557,80.296,81.827,667.6344015598297,390
2023-03-15,78.727,79.207,76.226,77.347,1107.6077986061573,390
2023-03-16,75.632,78.336,75.346,78.207,916.5434994995594,390
2023-03-17,77.667,78.316,76.336,76.937,829.5911993384361,390
2023-03-20,76.096,78.176,76.096,77.737,742.9323017895222,390
2023-03-21,79.122,80.616,79.056,80.357,634.2630007565022,390
2023-03-22,79.976,80.736,78.606,78.747,962.0268004536629,390
2023-03-23,78.716,79.786,76.817,77.657,982.3059010505676,390
2023-03-24,76.046,78.177,75.786,77.897,896.8772981464863,390
2023-03-27,78.756,79.976,78.066,79.497,659.6913005709648,390
2023-03-28,79.037,81.116,79.037,80.737,476.2053012698889,390
2023-03-29,81.567,81.957,81.036,81.947,479.1684020012617,390
2023-03-30,82.527,82.516,81.766,82.267,515.2317011803389,390
2023-03-31,82.077,82.937,82.077,82.846,396.4251013249159,390
2023-04-03,85.896,87.106,85.856,86.596,648.4036002904177,390
2023-04-04,86.746,86.617,84.236,85.067,693.4791025966406,390
2023-04-05,84.976,86.226,84.506,86.257,563.9931011646986,390
2023-04-06,86.036,85.997,84.796,84.926,481.7289010435343,390
2023-04-10,85.097,86.577,85.076,85.687,472.648300409317,390
2023-04-11,86.107,86.986,85.626,86.477,372.2866010069847,390
2023-04-12,86.987,87.186,86.256,86.556,608.9598009735346,390
2023-04-13,86.087,87.276,86.087,87.077,388.6551012992859,390
2023-04-14,86.296,87.696,86.296,87.267,488.8707021921873,390
2023-04-17,86.717,87.267,85.886,86.227,452.7786016315222,390
2023-04-18,85.107,86.737,85.107,86.556,346.4922007769346,390
2023-04-19,85.667,86.277,85.276,86.246,312.3969018012285,390
2023-04-20,85.066,85.486,84.436,85.487,406.8771008849144,390
2023-04-21,85.777,85.737,84.596,85.017,390.3540004789829,390
2023-04-24,84.516,86.657,84.516,86.267,355.88130091130733,390
2023-04-25,85.127,85.557,84.156,84.627,331.32930159568787,390
2023-04-26,84.056,84.826,83.016,83.586,380.66520254313946,390
2023-04-27,83.486,84.017,82.686,83.867,518.372401624918,390
2023-04-28,82.687,85.547,82.687,85.107,541.989600867033,390
2023-05-01,83.387,85.066,83.387,84.226,516.5472989678383,390
2023-05-02,83.196,83.016,79.736,80.586,726.7864004075527,390
2023-05-03,79.477,80.266,78.956,79.027,860.1986011117697,390
2023-05-04,79.016,79.647,77.866,78.177,836.6631000638008,390
2023-05-05,80.037,80.807,79.786,80.267,585.0142014622688,390
2023-05-08,81.396,81.707,80.216,80.257,512.9278000742197,390
2023-05-09,79.546,80.977,79.406,80.277,534.3141005411744,390
2023-05-10,80.456,80.647,78.746,79.406,691.3521007299423,390
2023-05-11,78.296,78.776,77.786,78.437,591.1942023038864,390
2023-05-12,78.676,79.276,77.946,78.566,509.91569820046425,390
2023-05-15,78.807,79.347,78.186,78.926,462.04800046235323,390
2023-05-16,78.206,78.816,76.856,76.907,470.8983000665903,390
2023-05-17,77.526,78.856,77.196,78.477,406.29780082404613,390
2023-05-18,77.976,79.077,77.486,79.076,523.2234007716179,390
2023-05-19,79.747,80.226,79.176,79.647,504.886200979352,390
2023-05-22,79.346,80.087,79.186,79.327,437.84850020706654,390
2023-05-23,80.066,81.027,79.846,80.137,431.7882005274296,390
2023-05-24,80.516,81.087,79.816,80.537,535.4703014045954,390
2023-05-25,79.016,79.446,78.336,79.067,660.6465020477772,390
2023-05-26,79.546,79.697,78.356,78.777,470.5668008476496,390
2023-05-30,77.447,77.977,77.086,78.037,412.18690198659897,390
2023-05-31,76.727,77.197,76.326,76.616,408.63630256056786,390
2023-06-01,76.367,78.397,76.246,77.546,358.7910012155771,390
2023-06-02,78.787,80.246,78.437,79.927,370.5420008227229,390
2023-06-05,80.986,81.017,79.226,79.427,400.0368020683527,390
2023-06-06,78.317,80.067,78.247,80.007,379.6419007331133,390
2023-06-07,80.406,82.207,80.307,82.147,333.8823018223047,390
2023-06-08,82.116,82.367,80.406,81.786,475.21650163829327,390
2023-06-09,81.667,82.087,81.097,81.387,437.7381022721529,390
2023-06-12,80.146,81.317,79.996,80.567,343.12780083715916,390
2023-06-13,81.237,82.486,80.876,80.947,354.0756012648344,390
2023-06-14,81.557,82.027,79.486,80.087,507.5343006551266,390
2023-06-15,79.947,81.567,79.947,80.937,278.90850172936916,390
2023-06-16,81.177,81.466,80.616,80.857,345.8154011666775,390
2023-06-20,79.617,79.616,77.756,78.397,320.6422009021044,390
2023-06-21,78.107,79.597,77.897,79.017,284.3659997731447,390
2023-06-22,78.227,78.336,77.626,77.977,272.2998001202941,390
2023-06-23,76.696,77.517,76.696,77.377,373.2175001166761,390
2023-06-26,77.367,79.167,77.306,78.757,196.57490080967546,390
2023-06-27,78.666,79.216,78.196,78.987,231.2274998538196,390
2023-06-28,78.796,79.817,78.136,79.737,261.7851008027792,390
2023-06-29,79.977,80.627,79.597,80.637,278.8219011873007,390
2023-06-30,81.207,81.567,80.586,81.167,219.33310025930405,390
2023-07-03,81.316,81.947,81.056,81.447,175.54339914023876,390
2023-07-05,81.706,81.526,80.436,80.967,198.7243001051247,390
2023-07-06,80.137,80.517,78.476,79.116,225.59250016510487,390
2023-07-07,78.657,81.517,78.626,80.837,191.66040086001158,390
2023-07-10,80.536,81.527,80.496,81.387,158.37330025434494,390
2023-07-11,81.777,83.277,81.656,83.237,138.64589987322688,390
2023-07-12,83.797,84.417,83.456,83.966,159.6598001047969,390
2023-07-13,83.896,84.456,82.877,83.706,170.08010045439005,390
2023-07-14,83.117,82.906,81.247,81.427,188.30730022490025,390
2023-07-17,81.137,81.597,80.906,81.277,165.87310027703643,390
2023-07-18,80.877,82.927,80.877,82.177,179.90850047022104,390
2023-07-19,82.086,83.127,81.916,82.587,177.25290029495955,390
2023-07-20,83.266,83.677,82.856,83.596,167.78230018913746,390
2023-07-21,83.807,84.297,83.317,84.317,170.05119980871677,390
2023-07-24,84.727,86.267,84.696,85.707,133.42390026152134,390
2023-07-25,85.516,86.596,85.096,86.206,137.1226004473865,390
2023-07-26,85.396,86.437,85.267,86.117,192.77460027486086,390
2023-07-27,86.557,86.946,85.336,85.637,210.2213001102209,390
2023-07-28,85.536,85.837,84.586,85.837,180.18699949607253,390
2023-07-31,86.556,87.696,86.426,87.496,152.4741994254291,390
2023-08-01,86.946,87.287,86.127,87.097,153.5061001703143,390
2023-08-02,86.436,86.896,85.196,86.017,235.17189971357584,390
2023-08-03,85.997,87.567,85.687,86.866,211.8600993938744,390
2023-08-04,87.387,88.226,86.816,86.886,203.11219955980778,390
2023-08-07,87.126,87.537,86.756,87.057,153.7041992843151,390
2023-08-08,85.666,87.457,84.956,87.447,176.44720007106662,390
2023-08-09,87.986,89.316,87.746,88.547,204.9300001040101,390
2023-08-10,88.606,89.606,87.936,88.597,266.5132991820574,390
2023-08-11,88.497,89.987,88.466,89.937,185.5976998731494,390
2023-08-14,89.547,89.757,88.906,89.577,192.60239945258945,390
2023-08-15,88.447,88.857,87.496,87.747,220.4597008228302,390
2023-08-16,87.637,88.656,86.836,86.936,212.78409959375858,390
2023-08-17,87.966,89.097,87.916,88.007,196.13040053844452,390
2023-08-18,87.116,88.886,87.116,88.787,206.34049946069717,390
2023-08-21,89.186,89.447,87.626,88.237,176.35980005189776,390
2023-08-22,88.356,88.646,87.507,87.616,155.98279994353652,390
2023-08-23,86.676,87.407,85.856,87.317,183.40139966085553,390
2023-08-24,86.556,87.647,86.496,86.787,204.71049988642335,390
2023-08-25,87.296,88.016,86.497,87.566,309.7295996248722,390
2023-08-28,87.816,88.786,87.656,88.236,166.02970020845532,390
2023-08-29,88.337,88.476,87.516,88.437,169.35369981825352,390
2023-08-30,88.746,88.996,88.456,88.827,137.05919997394085,390
2023-08-31,89.167,89.097,88.276,88.977,146.29659965261817,390
2023-09-01,89.867,90.817,89.867,90.716,164.42689964885358,390
2023-09-05,91.256,92.126,91.077,91.247,190.46360005438328,390
2023-09-06,91.006,91.696,90.576,91.297,170.13470016792417,390
2023-09-07,91.047,91.876,90.996,91.207,161.14929976686835,390
2023-09-08,91.527,92.687,91.527,92.067,119.06569961458445,390
2023-09-11,92.557,92.977,90.457,90.897,146.38909978047013,390
2023-09-12,91.686,93.057,91.616,92.947,129.96029983833432,390
2023-09-13,93.067,93.217,91.796,92.267,142.5065995156765,390
2023-09-14,93.177,93.646,92.927,93.377,108.71659965068102,390
2023-09-15,92.497,93.366,92.046,92.136,141.22169990465045,390
2023-09-18,91.436,92.517,91.436,92.107,130.62869907543063,390
2023-09-19,92.856,92.796,90.696,91.277,129.83989991247654,390
2023-09-20,90.807,91.796,90.336,90.387,209.0975992679596,390
2023-09-21,90.675,91.136,89.006,89.187,196.92829982936382,390
2023-09-22,89.757,90.386,89.216,89.307,187.9922998547554,390
2023-09-25,89.196,90.536,89.196,90.437,155.98129949346185,390
2023-09-26,89.566,90.426,89.496,89.927,170.33090062066913,390
2023-09-27,90.867,92.397,90.616,92.157,219.51659954339266,390
2023-09-28,91.797,92.766,91.536,92.247,263.70839969441295,390
2023-09-29,92.147,91.836,90.036,90.427,358.1019009053707,390
2023-10-02,90.267,90.306,87.976,88.646,351.8004993349314,390
2023-10-03,88.076,88.597,87.656,88.557,323.92549964785576,390
2023-10-04,87.206,87.297,84.906,85.677,321.6976993903518,390
2023-10-05,84.547,85.927,84.537,85.247,339.4052994400263,390
2023-10-06,85.176,86.476,84.256,85.696,375.04560074210167,390
2023-10-09,88.096,88.926,87.386,88.617,259.774800427258,390
2023-10-10,88.547,89.267,88.147,88.697,241.91879978775978,390
2023-10-11,87.327,87.677,86.546,87.687,314.34019979834557,390
2023-10-12,88.317,88.396,87.246,87.677,292.7376000806689,390
2023-10-13,88.996,89.987,88.687,89.567,279.75999964773655,390
2023-10-16,89.876,90.437,89.327,90.247,228.87459943816066,390
2023-10-17,89.956,91.387,89.766,91.126,278.3819992169738,390
2023-10-18,91.497,92.287,91.286,91.967,284.13380064070225,390
2023-10-19,91.406,92.536,90.756,91.927,348.843599319458,390
2023-10-20,91.596,91.847,89.936,90.297,345.55530083179474,390
2023-10-23,89.697,89.686,88.386,88.837,378.8786990195513,390
2023-10-24,88.997,88.967,87.516,87.646,303.8485011085868,390
2023-10-25,87.616,88.026,86.946,87.376,317.1131999492645,390
2023-10-26,86.597,87.057,85.827,86.737,329.408998593688,390
2023-10-27,86.496,86.787,84.336,84.687,373.81489983201027,390
2023-10-30,84.547,85.457,84.086,84.967,250.029600456357,390
2023-10-31,84.856,85.347,84.146,85.197,218.6809007152915,390
2023-11-01,85.437,86.167,84.876,85.007,289.8975993692875,390
2023-11-02,85.196,87.617,84.696,87.567,279.0314001403749,390
2023-11-03,87.437,87.646,86.146,86.727,296.85059878230095,390
2023-11-06,87.007,87.276,85.446,85.727,198.24049957096577,390
2023-11-07,84.436,84.497,83.416,83.817,199.64269960671663,390
2023-11-08,83.456,83.986,82.706,82.777,209.33129972219467,390
2023-11-09,83.246,83.487,82.447,82.506,211.88900006935,390
2023-11-10,83.347,83.537,82.616,83.407,176.9093998260796,390
2023-11-13,83.426,84.156,83.276,84.017,149.1240997388959,390
2023-11-14,84.356,84.977,84.186,84.777,167.07140013203025,390
2023-11-15,84.557,85.616,84.476,84.597,178.75289976596832,390
2023-11-16,83.796,84.026,82.096,82.956,202.40150041878223,390
2023-11-17,83.447,85.217,83.446,84.687,184.19659953191876,390
2023-11-20,85.106,85.517,84.786,84.847,140.34959983453155,390
2023-11-21,84.397,84.727,83.796,84.647,137.60779980570078,390
2023-11-22,83.017,84.636,82.446,84.547,189.330600310117,390
2023-11-24,84.577,85.517,84.496,85.056,92.57399998605251,390
2023-11-27,84.606,84.716,83.836,84.657,162.62130028754473,390
2023-11-28,84.317,85.396,84.317,84.677,138.80269955843687,390
2023-11-29,85.097,85.206,83.737,84.007,166.81379990652204,390
2023-11-30,84.756,85.757,83.566,84.646,243.72119956091046,390
2023-12-01,84.257,85.996,84.106,84.996,195.6641000919044,390
2023-12-04,84.317,85.127,83.996,84.687,187.65139981731772,390
2023-12-05,84.577,84.646,83.097,83.197,181.23150031641126,390
2023-12-06,82.607,83.177,81.586,81.857,198.01650001481175,390
2023-12-07,82.286,82.666,81.046,81.367,193.58670042082667,390
2023-12-08,81.836,82.437,81.706,82.247,160.86080038920045,390
2023-12-11,82.157,82.576,81.916,82.377,157.85489966720343,390
2023-12-12,81.556,81.627,80.736,81.217,139.60470012947917,390
2023-12-13,81.237,82.336,80.866,82.316,180.27070048823953,390
2023-12-14,83.157,84.836,83.156,84.786,206.40899943187833,390
2023-12-15,83.986,84.397,83.597,84.337,186.61689898371696,390
2023-12-18,84.847,85.376,84.096,84.216,161.18449958786368,390
2023-12-19,84.297,85.267,84.146,85.217,147.75650023296475,390
2023-12-20,85.446,85.976,84.296,84.417,193.69199975579977,390
2023-12-21,84.566,84.836,83.926,84.777,190.2865000218153,390
2023-12-22,85.337,85.696,84.836,84.946,173.00289974734187,390
2023-12-26,85.706,86.146,85.426,85.807,99.53870042413473,390
2023-12-27,85.597,85.986,85.016,85.297,153.03229996562004,390
2023-12-28,84.926,85.187,83.996,84.097,154.51279988884926,390
2023-12-29,84.167,84.347,83.586,83.837,169.87379998341203,390
2024-01-02,84.366,85.487,84.337,84.797,212.53199993818998,390
2024-01-03,84.737,86.397,84.436,86.117,214.3203998953104,390
2024-01-04,86.547,87.037,84.556,84.697,227.74760054796934,390
2024-01-05,85.356,85.347,84.276,84.697,196.2721001766622,390
2024-01-08,83.246,83.766,82.086,83.767,174.0531004332006,390
2024-01-09,83.897,83.457,82.166,82.396,165.52889936347492,390
2024-01-10,82.497,82.236,81.216,81.567,132.39639923349023,390
2024-01-11,81.946,82.137,81.417,81.746,152.76719938591123,390
2024-01-12,83.017,83.297,82.176,82.696,140.4496000558138,390
2024-01-16,82.337,82.556,80.647,80.737,155.45589961111546,390
2024-01-17,79.807,80.797,79.696,80.077,141.3639996126294,390
2024-01-18,79.957,80.106,78.977,79.967,143.7868996746838,390
2024-01-19,79.856,80.157,79.577,80.167,152.65989995002747,390
2024-01-22,79.996,80.616,79.476,80.417,123.50629983469844,390
2024-01-23,80.246,81.267,80.187,80.666,111.32049979269505,390
2024-01-24,81.067,81.807,80.666,81.807,126.52979973703623,390
2024-01-25,82.387,83.627,81.876,83.647,129.19169949740171,390
2024-01-26,83.497,84.256,82.916,84.267,116.82229946926236,390
2024-01-29,84.076,84.157,83.246,84.107,106.40029979869723,390
2024-01-30,83.307,85.006,82.976,84.986,142.35450038313866,390
2024-01-31,84.966,85.137,83.366,83.477,250.46320021152496,390
2024-02-01,83.637,84.276,82.626,83.367,270.65529903769493,390
2024-02-02,84.027,84.116,82.806,83.607,268.7429008707404,390
2024-02-05,83.077,83.767,82.396,83.347,203.9074002057314,390
2024-02-06,83.566,84.376,83.216,83.607,208.3768000677228,390
2024-02-07,83.796,84.127,83.056,83.757,171.50760024413466,390
2024-02-08,83.666,84.887,83.666,84.667,161.3015001602471,390
2024-02-09,84.697,85.116,83.217,83.346,155.1525996774435,390
2024-02-12,83.096,84.457,83.096,84.237,162.48770032450557,390
2024-02-13,83.896,84.487,82.826,83.477,221.69369988143444,390
2024-02-14,83.837,84.207,82.846,83.337,197.07189967110753,390
2024-02-15,83.316,85.827,83.166,85.607,197.02730021625757,390
2024-02-16,85.777,86.216,85.307,85.587,167.99710008502007,390
2024-02-20,85.657,85.697,84.676,84.807,190.69399986043572,390
2024-02-21,85.106,86.426,85.076,86.367,196.7222004979849,390
2024-02-22,85.837,86.876,85.406,86.487,192.89630015194416,390
2024-02-23,85.637,86.226,85.136,86.066,169.4341998808086,390
2024-02-26,85.877,86.806,85.417,86.286,126.03449983522296,390
2024-02-27,86.367,86.476,85.437,85.937,192.95130014419556,390
2024-02-28,85.987,86.627,85.366,85.717,132.27700037509203,390
2024-02-29,85.957,86.406,85.646,86.157,119.07259970158339,390
2024-03-01,86.607,87.517,86.607,87.157,151.13379991054535,390
2024-03-04,87.127,87.216,86.116,86.217,144.99209967255592,390
2024-03-05,86.047,87.396,85.956,86.896,171.13449980691075,390
2024-03-06,87.536,87.997,86.926,87.117,234.58799990266562,390
2024-03-07,87.176,88.317,87.156,87.867,158.35639966279268,390
2024-03-08,87.717,88.157,87.506,88.176,185.10639993101358,390
2024-03-11,88.096,89.057,87.517,89.097,168.85809962451458,390
2024-03-12,88.997,89.296,88.456,88.997,142.90929993242025,390
2024-03-13,89.786,90.807,89.786,90.356,146.9934999421239,390
2024-03-14,90.627,91.316,90.356,91.316,155.30869960412383,390
2024-03-15,91.036,92.137,91.006,91.557,158.82029927894473,390
2024-03-18,91.116,91.436,90.416,91.187,156.100200291723,390
2024-03-19,91.106,92.206,91.047,92.167,112.20670050755143,390
2024-03-20,91.637,92.346,91.496,92.087,173.86550030484796,390
2024-03-21,92.126,92.757,91.906,92.646,127.55169934779406,390
2024-03-22,92.617,92.757,92.167,92.427,89.42730022966862,390
2024-03-25,92.706,93.786,92.696,93.237,115.87920020520687,390
2024-03-26,93.316,93.526,92.356,92.557,83.30749963968992,390
2024-03-27,92.197,93.407,92.167,93.407,101.5499001070857,390
2024-03-28,93.646,94.557,93.486,94.467,111.7836996987462,390
2024-04-01,94.526,95.377,93.737,95.207,110.751300457865,390
2024-04-02,95.496,96.457,95.096,96.467,124.1602001413703,390
2024-04-03,96.747,97.216,96.467,97.127,138.76360000297427,390
2024-04-04,97.186,97.577,96.656,97.047,151.68879959732294,390
2024-04-05,97.376,98.437,96.836,98.107,149.4644003622234,390
2024-04-08,98.117,98.377,97.276,97.487,141.66460061073303,390
2024-04-09,97.546,98.097,96.776,97.527,149.5229994431138,390
2024-04-10,97.216,98.127,96.786,97.886,249.4641996026039,390
2024-04-11,98.017,98.097,96.327,97.657,154.39590018615127,390
2024-04-12,98.337,98.947,95.667,96.126,270.0572001338005,390
2024-04-15,96.666,96.957,95.096,95.357,261.44719971716404,390
2024-04-16,94.937,95.387,93.726,94.447,279.98619988560677,390
2024-04-17,94.187,95.127,93.456,94.187,284.3839997947216,390
2024-04-18,94.417,94.657,93.496,93.907,278.2759000360966,390
2024-04-19,94.017,95.567,93.867,95.007,254.10919976234436,390
2024-04-22,94.486,96.217,93.716,95.567,206.95730084180832,390
2024-04-23,95.016,96.067,94.667,96.077,179.61129988357425,390
2024-04-24,95.516,96.267,95.046,96.276,206.5432002544403,390
2024-04-25,96.056,96.886,95.236,96.676,239.47039940208197,390
2024-04-26,95.846,96.087,94.756,95.787,240.54670056700706,390
2024-04-29,95.526,96.577,95.477,96.387,155.8214002288878,390
2024-04-30,95.947,96.066,93.466,93.567,275.8805002272129,390
2024-05-01,93.396,93.546,91.516,92.106,435.2456010580063,390
2024-05-02,92.546,93.126,92.106,92.576,290.51729998365045,390
2024-05-03,92.617,92.557,91.336,92.557,283.6948998942971,390
2024-05-06,92.957,94.216,92.916,93.327,162.3667005971074,390
2024-05-07,93.376,93.886,93.176,93.267,144.19319977611303,390
2024-05-08,92.627,93.527,92.507,93.187,127.71630036085844,390
2024-05-09,93.226,94.337,93.186,94.337,112.60970004275441,390
2024-05-10,94.556,94.687,93.576,93.907,118.49499957635999,390
2024-05-13,94.057,94.356,93.176,93.617,116.68260051310062,390
2024-05-14,93.417,93.717,93.006,93.727,130.8087000027299,390
2024-05-15,93.476,94.067,92.116,93.937,159.1146002598107,390
2024-05-16,93.726,94.347,93.387,93.767,123.94080022349954,390
2024-05-17,93.967,95.076,93.776,94.967,109.57020002231002,390
2024-05-20,94.996,95.027,94.096,94.357,108.29009998589754,390
2024-05-21,94.067,94.836,93.806,93.887,116.23810017108917,390
2024-05-22,93.526,93.347,91.697,92.137,180.92130022123456,390
2024-05-23,92.367,92.776,91.066,91.287,222.42700108140707,390
2024-05-24,91.856,92.156,91.106,91.317,140.45990031585097,390
2024-05-28,91.656,92.526,91.446,92.387,164.9530003927648,390
2024-05-29,92.037,91.987,90.256,90.737,183.6857998892665,390
2024-05-30,90.446,91.227,90.446,90.957,200.79719973355532,390
2024-05-31,91.146,93.197,90.996,93.256,191.0872002542019,390
2024-06-03,92.876,92.607,90.086,90.737,320.9835004583001,390
2024-06-04,89.806,89.926,88.697,89.957,235.7354995086789,390
2024-06-05,89.947,90.086,89.317,89.896,181.91260018199682,390
2024-06-06,89.546,90.366,89.217,90.366,163.6513998489827,390
2024-06-07,90.127,91.006,89.527,90.026,156.6400003619492,390
2024-06-10,90.257,91.186,89.986,90.697,194.08760018274188,390
2024-06-11,90.246,90.566,89.436,90.506,137.63460028916597,390
2024-06-12,91.246,91.127,89.057,89.596,296.70770036801696,390
2024-06-13,89.256,89.436,88.236,88.786,178.78960018232465,390
2024-06-14,88.576,88.577,87.666,88.027,136.8200002516387,390
2024-06-17,88.027,88.646,87.596,88.277,151.07460009679198,390
2024-06-18,88.787,89.717,88.406,88.647,155.46920024603605,390
2024-06-20,88.897,90.687,88.606,90.257,196.566399872303,390
2024-06-21,90.527,90.727,89.606,89.747,152.3810998443514,390
2024-06-24,89.327,91.596,89.327,91.347,151.5463004874764,390
2024-06-25,91.167,91.457,90.696,91.487,154.69459981657565,390
2024-06-26,91.487,91.377,90.146,90.707,175.4868004731834,390
2024-06-27,90.996,91.156,90.286,90.787,144.88219997286797,390
2024-06-28,91.466,91.787,90.806,91.167,191.28060053288937,390
2024-07-01,91.687,92.147,90.656,91.206,159.75760031864047,390
2024-07-02,91.996,91.986,90.546,91.117,183.57890041172504,390
2024-07-03,91.187,91.927,91.036,91.486,125.9288000240922,390
2024-07-05,91.397,91.366,89.686,90.137,157.5097993928939,390
2024-07-08,89.427,90.317,89.186,89.567,163.06529982946813,390
2024-07-09,88.667,89.736,88.386,88.777,187.66379957087338,390
2024-07-10,88.627,89.376,88.377,89.377,170.8147998470813,390
2024-07-11,89.157,90.447,88.807,90.317,211.85320018790662,390
2024-07-12,90.766,90.796,89.836,90.566,159.05180019699037,390
2024-07-15,91.106,92.686,90.796,91.947,209.85200012475252,390
2024-07-16,91.426,92.377,91.016,92.276,209.09519949741662,390
2024-07-17,92.496,93.787,92.496,93.247,282.250399582088,390
2024-07-18,93.056,94.497,92.766,93.467,255.84420011006296,390
2024-07-19,93.277,93.816,92.127,92.387,288.4383997693658,390
2024-07-22,91.866,92.286,91.257,91.807,231.8094994276762,390
2024-07-23,91.507,91.507,90.206,90.337,213.9621999375522,390
2024-07-24,90.517,91.136,89.706,90.447,272.2839001901448,390
2024-07-25,90.327,92.176,89.956,91.836,302.72770012915134,390
2024-07-26,91.716,92.546,91.316,92.187,286.2625005841255,390
2024-07-29,92.146,92.186,90.527,91.427,238.12040043994784,390
2024-07-30,91.276,93.086,91.276,92.907,273.54960089176893,390
2024-07-31,94.016,94.096,93.126,93.287,333.595300398767,390
2024-08-01,93.006,93.377,90.266,90.736,388.07499927282333,390
2024-08-02,89.907,90.117,87.506,88.477,448.3338995575905,390
2024-08-05,86.317,87.127,85.466,86.577,531.4573999941349,390
2024-08-06,86.756,87.926,86.417,87.117,430.20620062947273,390
2024-08-07,88.047,88.886,87.276,87.347,420.75560000538826,390
2024-08-08,87.606,89.307,87.596,89.297,376.14010083675385,390
2024-08-09,89.127,89.766,88.506,89.437,312.6669004112482,390
2024-08-12,89.937,90.377,89.366,89.887,270.1027997881174,390
2024-08-13,89.096,89.207,88.536,88.996,192.9422996751964,390
2024-08-14,89.056,89.876,88.786,89.557,210.35890012606978,390
2024-08-15,90.096,90.836,89.916,90.597,208.28900046274066,390
2024-08-16,89.827,90.677,89.827,90.547,224.1664002649486,390
2024-08-19,90.626,91.826,90.626,91.077,210.57140000909567,390
2024-08-20,90.856,90.806,88.636,88.736,213.39209996163845,390
2024-08-21,89.247,89.676,88.566,88.797,258.4127995483577,390
2024-08-22,88.907,89.437,88.706,89.067,219.78300053998828,390
2024-08-23,89.527,90.516,89.366,90.417,272.16540092229843,390
2024-08-26,91.376,91.927,90.516,91.247,228.5065000988543,390
2024-08-27,91.207,91.426,90.176,90.407,186.83999982476234,390
2024-08-28,89.846,90.287,89.366,89.797,223.50040079653263,390
2024-08-29,90.246,91.247,89.436,90.926,231.4423993974924,390
2024-08-30,90.036,91.256,89.807,91.177,254.88899933546782,390
2024-09-03,89.797,89.697,88.436,89.036,243.69689974561334,390
2024-09-04,88.907,89.606,87.596,87.787,303.05179972946644,390
2024-09-05,88.386,88.336,87.006,87.127,254.30140030011535,390
2024-09-06,87.256,87.787,85.656,86.036,314.5558003038168,390
2024-09-09,86.266,87.416,86.136,86.597,215.39480051398277,390
2024-09-10,86.696,86.646,84.407,85.137,251.72400015965104,390
2024-09-11,85.067,85.087,83.016,84.427,307.4315999299288,390
2024-09-12,84.576,85.377,84.036,85.127,256.0516003444791,390
2024-09-13,85.477,86.217,85.326,85.577,226.8095999583602,390
2024-09-16,86.337,87.006,85.906,86.617,230.57910076528788,390
2024-09-17,86.626,87.777,86.396,87.767,219.59419991448522,390
2024-09-18,87.626,88.796,87.476,87.937,382.6352995336056,390
2024-09-19,89.297,89.927,88.467,88.987,237.68980045616627,390
2024-09-20,88.576,88.947,87.766,88.747,276.3252997249365,390
2024-09-23,88.086,89.536,87.886,89.157,279.2259004674852,390
2024-09-24,89.972,89.947,88.766,88.897,213.71949964389205,390
2024-09-25,88.566,88.907,86.976,87.227,277.3706999272108,390
2024-09-26,85.326,86.486,85.166,85.467,297.70549961924553,390
2024-09-27,85.917,87.297,85.846,87.187,261.5560001023114,390
2024-09-30,86.956,87.897,86.506,87.857,326.3491996526718,390
2024-10-01,87.077,90.136,86.887,89.786,470.4286005869508,390
2024-10-02,90.907,91.227,89.686,90.747,292.69279934093356,390
2024-10-03,90.827,92.417,90.346,92.337,325.0179994776845,390
2024-10-04,93.006,93.437,92.236,93.187,317.4169994741678,390
2024-10-07,93.397,94.147,93.196,93.547,267.85999968089163,390
2024-10-08,92.226,92.147,90.626,91.106,341.98300036787987,390
2024-10-09,90.356,91.817,90.196,91.677,335.88660042360425,390
2024-10-10,92.097,92.736,91.447,92.297,300.9829001631588,390
2024-10-11,92.186,93.126,92.026,92.847,223.88379964232445,390
2024-10-14,92.247,92.856,92.006,92.707,281.42619978636503,390
2024-10-15,90.277,90.857,89.726,89.827,343.0014005303383,390
2024-10-16,90.247,90.487,89.956,90.227,213.60560006275773,390
2024-10-17,90.287,90.887,90.086,90.727,190.83979981020093,390
2024-10-18,90.096,90.577,89.696,90.367,190.94999972719233,390
2024-10-21,90.996,91.186,89.896,90.137,215.71899968013167,390
2024-10-22,90.477,90.666,89.946,90.327,185.2348003089428,390
2024-10-23,89.986,90.366,89.277,89.836,252.0566001944244,390
2024-10-24,89.976,90.236,89.186,89.737,212.79939998313785,390
2024-10-25,90.176,90.457,89.506,89.816,244.59600001946092,390
2024-10-28,87.776,89.236,87.776,89.246,218.3235994949937,390
2024-10-29,88.977,89.037,87.636,87.887,218.3264996521175,390
2024-10-30,88.166,88.687,87.787,88.026,243.23970007896423,390
2024-10-31,88.537,89.237,88.346,88.656,306.2465996667743,390
2024-11-01,89.726,90.067,87.846,88.016,321.25139992684126,390
2024-11-04,88.697,89.687,88.516,89.587,252.65240010991693,390
2024-11-05,89.876,90.377,89.596,90.156,237.53619991987944,390
2024-11-06,92.567,94.256,92.026,93.607,425.00039882957935,390
2024-11-07,93.406,93.427,92.417,93.247,383.41409933567047,390
2024-11-08,93.127,93.877,92.756,93.776,279.31260024756193,390
2024-11-11,93.767,94.536,93.336,94.297,212.01830030977726,390
2024-11-12,94.476,94.787,93.666,93.817,231.49899996817112,390
2024-11-13,94.027,94.876,92.917,94.577,299.85280145704746,390
2024-11-14,95.107,95.146,94.256,94.926,283.4504001028836,390
2024-11-15,94.657,95.637,94.376,94.756,268.2463992163539,390
2024-11-18,95.476,96.157,95.046,95.977,221.86150009557605,390
2024-11-19,95.197,95.917,94.897,95.417,240.99210035800934,390
2024-11-20,95.606,96.386,95.416,96.357,202.01930006965995,390
2024-11-21,96.756,97.827,96.526,97.197,197.6390995196998,390
2024-11-22,96.957,97.896,96.887,97.347,221.95659971237183,390
2024-11-25,97.256,97.687,95.106,95.277,251.77079936303198,390
2024-11-26,95.486,95.526,94.766,95.217,229.94519985094666,390
2024-11-27,95.216,95.917,94.996,95.087,183.43459997326136,390
2024-11-29,95.248,95.618,95.148,95.499,109.86099960654974,390
2024-12-02,95.398,95.598,93.658,94.589,160.62409986183047,390
2024-12-03,94.998,95.248,94.088,94.519,164.46170032396913,390
2024-12-04,94.279,94.188,91.678,92.258,209.74400018155575,390
2024-12-05,92.618,93.188,92.188,92.617,162.8618998582242,390
2024-12-06,92.248,92.368,90.828,91.058,207.79269973561168,390
2024-12-09,91.599,92.208,90.779,90.899,225.46340011060238,390
2024-12-10,91.249,91.488,90.118,90.289,248.05840002000332,390
2024-12-11,90.378,90.738,89.958,90.419,174.7077999636531,390
2024-12-12,90.208,90.348,89.578,89.759,151.6815999560058,390
2024-12-13,89.759,89.738,88.949,89.279,175.879600238055,390
2024-12-16,88.898,88.829,87.188,87.289,166.2094002701342,390
2024-12-17,86.548,86.749,85.788,86.608,169.07489985600114,390
2024-12-18,86.358,86.729,84.138,84.248,79.82989959884435,390
2024-12-19,84.858,85.058,83.258,83.358,25.201000118628144,390
2024-12-20,83.258,84.408,83.078,84.199,22.397000027820468,390
2024-12-23,83.288,84.189,82.738,84.059,20.336000077892095,390
2024-12-24,84.118,84.769,83.598,84.688,9.152000052854419,390
2024-12-26,84.598,84.698,84.048,84.608,13.032000016304664,390
2024-12-27,84.429,85.418,84.128,84.579,26.972000061534345,390
2024-12-30,84.559,85.008,83.848,84.599,26.517000069841743,390
2024-12-31,84.718,85.879,84.558,85.619,26.71400010958314,390
