2017.01.26,00:00,140.370000,140.890000,138.510000,138.970000,51.364462
2017.01.27,00:00,139.150000,142.460000,138.980000,142.460000,57.126874
2017.01.30,00:00,141.390000,141.600000,138.800000,141.210000,76.868157
2017.01.31,00:00,140.490000,141.500000,139.690000,140.700000,61.076529
2017.02.01,00:00,140.980000,142.280000,139.300000,140.740000,53.999546
2017.02.02,00:00,140.490000,140.850000,139.050000,139.200000,53.134128
2017.02.03,00:00,139.646000,140.610000,139.100000,140.230000,61.942232
2017.02.06,00:00,139.946000,140.990000,139.150000,140.990000,47.962380
2017.02.07,00:00,141.450000,144.195000,141.050000,144.040000,73.824553
2017.02.08,00:00,143.648000,144.977000,142.560000,144.820000,70.221624
2017.02.09,00:00,144.970000,144.970000,143.580000,144.150000,63.034425
2017.02.10,00:00,144.620000,145.250000,143.980000,144.888000,57.667515
2017.02.13,00:00,145.150000,145.740000,143.040000,143.220000,54.990165
2017.02.14,00:00,143.188000,143.950000,140.040000,140.850000,81.242869
2017.02.15,00:00,140.688000,142.399000,140.326000,142.310000,64.770897
2017.02.16,00:00,142.420000,142.420000,141.070000,141.995000,56.723430
2017.02.17,00:00,141.700000,142.690000,141.250000,142.209000,52.737011
2017.02.21,00:00,142.859000,143.340000,141.810000,142.650000,58.080096
2017.02.22,00:00,142.889000,143.970000,142.160000,143.880000,56.487129
2017.02.23,00:00,144.396000,144.396000,141.500000,142.740000,67.165963
2017.02.24,00:00,141.758000,143.530000,141.545000,143.230000,63.172516
2017.02.27,00:00,143.099000,143.880000,142.370000,143.390000,52.712598
2017.02.28,00:00,143.247000,143.400000,141.850000,142.150000,59.049065
2017.03.01,00:00,142.800000,143.220000,142.100000,142.640000,65.421980
2017.03.02,00:00,142.139000,142.630000,139.080000,139.540000,79.302078
2017.03.03,00:00,139.606000,140.850000,138.250000,139.230000,74.052715
2017.03.06,00:00,140.946000,142.580000,140.520000,142.010000,76.314127
2017.03.07,00:00,141.967000,142.250000,140.390000,141.450000,62.781336
2017.03.08,00:00,141.437000,141.900000,139.780000,140.370000,68.667104
2017.03.09,00:00,140.097000,141.197000,139.730000,140.530000,63.298397
2017.03.10,00:00,141.295000,141.500000,140.280000,140.860000,64.942697
2017.03.13,00:00,140.884000,143.687000,140.260000,143.687000,53.621146
2017.03.14,00:00,142.893000,143.260000,141.700000,143.260000,56.090070
2017.03.15,00:00,144.150000,145.500000,143.230000,145.400000,83.387577
2017.03.16,00:00,145.446000,146.480000,144.220000,144.380000,64.414656
2017.03.17,00:00,143.930000,145.720000,143.390000,145.130000,61.070000
2017.03.20,00:00,145.000000,146.180000,144.560000,145.810000,61.990000
2017.03.21,00:00,146.180000,147.610000,142.110000,142.420000,99.120000
2017.03.22,00:00,142.420000,143.530000,140.750000,142.700000,95.040000
2017.03.23,00:00,142.010000,142.670000,141.270000,141.910000,61.450000
2017.03.24,00:00,142.020000,142.740000,141.580000,142.090000,65.790680
2017.03.27,00:00,140.900000,144.359000,140.000000,144.099000,70.540000
2017.03.28,00:00,144.198000,146.066000,143.916000,145.358000,75.650000
2017.03.29,00:00,145.426000,147.116000,144.888000,146.479000,62.760000
2017.03.30,00:00,146.728000,148.250000,146.529000,148.196000,62.970000
2017.03.31,00:00,147.980000,148.197000,147.316000,147.909000,59.840000
2017.04.03,00:00,146.796000,147.846000,145.726000,146.939000,75.829044
2017.04.04,00:00,146.529000,146.919000,144.886000,145.498000,70.358747
2017.04.05,00:00,146.195000,146.195000,143.258000,143.628000,85.025162
2017.04.06,00:00,143.985000,143.999000,143.036000,143.757000,74.901747
2017.04.07,00:00,143.775000,143.830000,142.746000,143.098000,63.197905
2017.04.10,00:00,142.898000,144.590000,141.206000,143.860000,85.645211
2017.04.11,00:00,144.209000,144.428000,141.959000,144.348000,84.305728
2017.04.12,00:00,144.779000,145.688000,143.519000,143.840000,92.216222
2017.04.13,00:00,144.245000,144.495000,142.747000,142.959000,75.507657
2017.04.17,00:00,144.450000,147.300000,144.446000,147.300000,109.604814
2017.04.18,00:00,147.278000,147.278000,141.519000,143.409000,140.461408
2017.04.19,00:00,143.359000,143.896000,138.646000,139.798000,124.884421
2017.04.20,00:00,140.225000,141.786000,139.249000,141.449000,96.971453
2017.04.21,00:00,141.307000,143.008000,140.897000,143.008000,79.398925
2017.04.24,00:00,143.576000,144.440000,143.397000,143.949000,72.207179
2017.04.25,00:00,147.379000,153.369000,146.265000,152.489000,133.123573
2017.04.26,00:00,151.656000,152.087000,149.387000,150.219000,101.590618
2017.04.27,00:00,150.488000,153.439000,149.297000,153.187000,86.308806
2017.04.28,00:00,152.898000,152.898000,150.938000,152.270000,81.106655
2017.05.01,00:00,151.638000,157.606000,151.619000,155.527000,93.336589
2017.05.02,00:00,155.699000,156.488000,154.596000,156.488000,70.057181
2017.05.03,00:00,156.229000,156.339000,154.870000,155.639000,71.627984
2017.05.04,00:00,155.546000,157.726000,154.546000,157.297000,78.164412
2017.05.05,00:00,158.448000,158.448000,155.888000,156.549000,69.201635
2017.05.08,00:00,156.507000,157.557000,155.297000,156.370000,60.489308
2017.05.09,00:00,156.086000,157.596000,155.946000,157.489000,63.556706
2017.05.10,00:00,157.769000,161.050000,156.597000,160.389000,78.210595
2017.05.11,00:00,159.756000,160.166000,157.546000,158.560000,85.345518
2017.05.12,00:00,159.026000,160.828000,158.539000,160.828000,61.940281
2017.05.15,00:00,160.596000,161.673000,159.758000,160.030000,67.979223
2017.05.16,00:00,160.496000,161.050000,159.308000,159.429000,63.946663
2017.05.17,00:00,157.855000,158.547000,153.036000,153.160000,103.582967
2017.05.18,00:00,153.597000,156.820000,153.248000,155.739000,100.605607
2017.05.19,00:00,156.109000,157.988000,155.876000,157.040000,70.941783
2017.05.22,00:00,157.658000,158.507000,156.426000,157.218000,64.390540
2017.05.23,00:00,157.766000,158.260000,156.787000,157.956000,55.899211
2017.05.24,00:00,158.316000,158.316000,157.206000,157.829000,52.009963
2017.05.25,00:00,160.746000,164.006000,160.548000,163.180000,92.111769
2017.05.26,00:00,162.815000,162.815000,161.096000,162.456000,62.457783
2017.05.30,00:00,163.559000,164.688000,162.706000,163.260000,70.684402
2017.05.31,00:00,163.596000,163.770000,160.740000,163.179000,79.863060
2017.06.01,00:00,163.507000,163.890000,161.689000,162.948000,72.267246
2017.06.02,00:00,163.348000,165.277000,162.796000,165.140000,70.916227
2017.06.05,00:00,164.788000,165.208000,163.428000,165.070000,60.963726
2017.06.06,00:00,164.836000,166.758000,164.796000,165.240000,65.602272
2017.06.07,00:00,165.477000,166.228000,164.366000,165.679000,71.609626
2017.06.08,00:00,166.057000,166.099000,164.846000,165.888000,71.738749
2017.06.09,00:00,166.198000,166.198000,154.499000,158.019000,117.779334
2017.06.12,00:00,155.298000,155.298000,148.296000,151.437000,122.336507
2017.06.13,00:00,154.349000,155.518000,150.130000,152.657000,95.415702
2017.06.14,00:00,153.709000,155.490000,150.267000,152.188000,92.739695
2017.06.15,00:00,149.258000,152.530000,147.299000,151.837000,94.029894
2017.06.16,00:00,151.609000,153.460000,150.378000,152.408000,88.269456
2017.06.19,00:00,154.099000,155.456000,152.408000,153.370000,82.613716
2017.06.20,00:00,153.569000,154.250000,151.400000,152.120000,75.429566
2017.06.21,00:00,152.440000,155.340000,152.250000,155.150000,83.590000
2017.06.22,00:00,154.950000,155.130000,153.660000,154.970000,67.730000
2017.06.23,00:00,154.900000,158.140000,153.750000,158.140000,72.290000
2017.06.26,00:00,158.700000,159.780000,156.530000,157.510000,86.370000
2017.06.27,00:00,156.650000,156.810000,150.710000,151.170000,105.320000
2017.06.28,00:00,151.840000,154.120000,150.150000,153.440000,79.150000
2017.06.29,00:00,152.500000,152.500000,148.000000,150.180000,112.410000
2017.06.30,00:00,149.090000,150.430000,148.400000,149.600000,79.000000
2017.07.03,00:00,149.860000,150.200000,145.800000,146.220000,54.930000
2017.07.05,00:00,146.500000,148.190000,145.580000,147.710000,93.680000
2017.07.06,00:00,145.960000,147.130000,144.250000,146.350000,90.390000
2017.07.07,00:00,146.670000,150.710000,146.670000,150.270000,72.730000
2017.07.10,00:00,150.300000,153.190000,149.650000,152.780000,70.040000
2017.07.11,00:00,152.310000,155.100000,151.550000,154.440000,77.060000
2017.07.12,00:00,156.300000,158.770000,156.250000,158.770000,83.020000
2017.07.13,00:00,158.250000,160.010000,156.990000,158.260000,77.540000
2017.07.14,00:00,159.110000,161.300000,157.970000,161.210000,64.070000
2017.07.17,00:00,162.850000,163.400000,160.030000,161.720000,99.370000
2017.07.18,00:00,176.100000,184.880000,174.240000,183.810000,169.459999
2017.07.19,00:00,182.980000,187.090000,181.750000,183.810000,133.420000
2017.07.20,00:00,183.840000,185.810000,182.620000,183.660000,99.570000
2017.07.21,00:00,182.800000,188.570000,182.730000,188.570000,90.170000
2017.07.24,00:00,188.710000,190.080000,187.010000,187.930000,85.030000
2017.07.25,00:00,187.730000,188.530000,185.780000,187.000000,79.310000
2017.07.26,00:00,187.520000,189.540000,187.520000,189.080000,67.470000
2017.07.27,00:00,189.800000,189.800000,179.340000,182.600000,104.150000
2017.07.28,00:00,181.900000,185.000000,181.140000,184.080000,83.320000
2017.07.31,00:00,184.250000,184.770000,180.620000,181.760000,76.450000
2017.08.01,00:00,182.320000,184.150000,181.460000,182.100000,67.460000
2017.08.02,00:00,182.030000,182.030000,177.800000,180.900000,82.170000
2017.08.03,00:00,180.600000,180.970000,178.010000,179.300000,75.750000
2017.08.04,00:00,179.340000,180.870000,178.500000,180.320000,62.760000
2017.08.07,00:00,181.050000,182.220000,179.090000,181.340000,64.970000
2017.08.08,00:00,181.310000,181.400000,177.440000,178.440000,65.110000
2017.08.09,00:00,171.230000,175.890000,170.020000,175.890000,91.780000
2017.08.10,00:00,173.810000,174.220000,167.600000,169.250000,104.420000
2017.08.11,00:00,169.800000,172.440000,169.000000,171.520000,80.510000
2017.08.14,00:00,169.810000,172.200000,168.780000,171.110000,83.140000
2017.08.15,00:00,171.610000,171.610000,168.260000,168.610000,77.790000
2017.08.16,00:00,167.630000,170.470000,166.230000,169.970000,81.780000
2017.08.17,00:00,169.610000,170.080000,165.720000,166.220000,93.290000
2017.08.18,00:00,165.810000,169.860000,165.800000,166.750000,82.380000
2017.08.21,00:00,166.890000,168.860000,164.230000,166.940000,74.880000
2017.08.22,00:00,167.650000,169.880000,167.000000,169.400000,65.310000
2017.08.23,00:00,168.000000,169.520000,166.700000,169.230000,63.660000
2017.08.24,00:00,169.820000,170.830000,166.150000,168.260000,80.510000
2017.08.25,00:00,168.490000,168.490000,165.490000,166.040000,65.980000
2017.08.28,00:00,166.300000,168.440000,165.570000,167.190000,54.770000
2017.08.29,00:00,164.820000,169.640000,164.820000,168.850000,61.920000
2017.08.30,00:00,169.370000,174.820000,169.370000,174.820000,83.080000
2017.08.31,00:00,175.560000,175.860000,173.860000,174.710000,71.030000
2017.09.01,00:00,175.510000,176.400000,173.910000,174.810000,59.150000
2017.09.05,00:00,173.490000,175.720000,172.400000,174.650000,84.610000
2017.09.06,00:00,175.200000,179.290000,173.730000,179.290000,93.900000
2017.09.07,00:00,178.740000,180.250000,177.060000,178.980000,72.900000
2017.09.08,00:00,178.280000,180.180000,176.240000,176.540000,66.320000
2017.09.11,00:00,177.520000,182.430000,177.520000,181.740000,71.010000
2017.09.12,00:00,182.450000,185.280000,180.630000,185.280000,72.050000
2017.09.13,00:00,184.180000,184.400000,182.520000,183.670000,65.100000
2017.09.14,00:00,183.260000,185.150000,182.030000,182.660000,65.850000
2017.09.15,00:00,183.000000,184.867000,181.429000,182.188000,48.237016
2017.09.18,00:00,183.397000,185.197000,182.717000,184.687000,50.743169
2017.09.19,00:00,184.857000,186.118000,184.148000,185.738000,47.682339
2017.09.20,00:00,185.988000,186.337000,183.187000,185.627000,63.511142
2017.09.21,00:00,185.678000,189.847000,184.487000,188.867000,72.249768
2017.09.22,00:00,188.238000,189.708000,186.377000,187.558000,57.198598
2017.09.25,00:00,186.347000,186.347000,177.697000,178.597000,78.301749
2017.09.26,00:00,180.587000,180.767000,176.528000,179.448000,66.030063
2017.09.27,00:00,181.008000,183.257000,180.678000,182.017000,56.891575
2017.09.28,00:00,181.207000,181.598000,179.338000,180.698000,48.678629
2017.09.29,00:00,180.698000,182.617000,180.648000,181.388000,46.727324
2017.10.02,00:00,181.998000,182.698000,176.588000,176.998000,68.662530
2017.10.03,00:00,177.598000,179.608000,177.547000,179.198000,53.296308
2017.10.04,00:00,181.398000,186.437000,181.247000,184.428000,62.647337
2017.10.05,00:00,185.647000,194.468000,184.468000,194.447000,98.758483
2017.10.06,00:00,194.278000,198.847000,192.017000,198.037000,78.206352
2017.10.09,00:00,198.998000,199.067000,196.547000,196.908000,57.793648
2017.10.10,00:00,197.748000,198.037000,192.118000,195.057000,54.644217
2017.10.11,00:00,195.547000,196.027000,193.738000,194.948000,48.432481
2017.10.12,00:00,196.757000,198.448000,194.727000,195.818000,57.478624
2017.10.13,00:00,199.577000,200.717000,197.187000,199.478000,71.241224
2017.10.16,00:00,201.578000,202.698000,197.837000,202.577000,96.686725
2017.10.17,00:00,199.997000,204.028000,197.777000,199.458000,95.773264
2017.10.18,00:00,199.967000,199.967000,194.247000,195.578000,73.986973
2017.10.19,00:00,192.998000,195.208000,191.167000,195.118000,60.552818
2017.10.20,00:00,196.077000,196.097000,193.768000,194.078000,48.705062
2017.10.23,00:00,194.088000,194.627000,191.037000,192.565000,57.758227
2017.10.24,00:00,192.698000,196.638000,191.397000,196.038000,48.939112
2017.10.25,00:00,195.197000,196.558000,192.997000,193.758000,61.788766
2017.10.26,00:00,194.518000,197.487000,194.047000,195.228000,54.569363
2017.10.27,00:00,197.175000,200.558000,196.218000,199.598000,62.054009
2017.10.30,00:00,199.620000,200.970000,197.070000,198.450000,58.532800
2017.10.31,00:00,198.370000,198.370000,195.210000,196.470000,54.355185
2017.11.01,00:00,197.220000,199.100000,196.000000,198.160000,58.107132
2017.11.02,00:00,197.330000,199.417000,197.040000,199.417000,49.807392
2017.11.03,00:00,199.498000,200.468000,197.967000,199.998000,49.757161
2017.11.06,00:00,199.987000,202.398000,198.078000,200.188000,62.593591
2017.11.07,00:00,199.947000,200.348000,194.798000,195.918000,65.172493
2017.11.08,00:00,195.868000,196.797000,194.737000,196.478000,46.013077
2017.11.09,00:00,194.667000,194.667000,190.807000,193.988000,66.873141
2017.11.10,00:00,191.497000,192.257000,189.498000,192.078000,55.076510
2017.11.13,00:00,190.997000,195.958000,190.997000,195.068000,41.892929
2017.11.14,00:00,193.547000,195.838000,192.938000,195.808000,49.453432
2017.11.15,00:00,194.467000,195.217000,191.527000,192.148000,48.572915
2017.11.16,00:00,194.007000,197.607000,193.747000,195.508000,52.105995
2017.11.17,00:00,195.738000,195.738000,192.637000,193.388000,45.779525
2017.11.20,00:00,193.197000,194.127000,191.897000,194.127000,41.135509
2017.11.21,00:00,195.077000,197.497000,194.948000,196.208000,45.221250
2017.11.22,00:00,196.498000,196.508000,193.627000,196.387000,51.373039
2017.11.24,00:00,196.627000,196.627000,195.298000,195.708000,21.621790
2017.11.27,00:00,195.637000,195.637000,193.997000,195.098000,44.108024
2017.11.28,00:00,195.337000,199.608000,194.017000,199.268000,66.830737
2017.11.29,00:00,198.678000,198.927000,184.288000,188.168000,97.051622
2017.11.30,00:00,190.247000,190.578000,186.647000,187.778000,78.232568
2017.12.01,00:00,186.807000,189.617000,185.008000,186.818000,75.922424
2017.12.04,00:00,188.737000,189.148000,178.348000,184.278000,78.433982
2017.12.05,00:00,182.858000,187.907000,181.097000,184.338000,62.987391
2017.12.06,00:00,183.388000,186.158000,182.887000,185.328000,67.657726
2017.12.07,00:00,185.698000,187.208000,183.217000,185.248000,51.598495
2017.12.08,00:00,186.427000,189.267000,186.298000,188.568000,53.492492
2017.12.11,00:00,187.938000,189.108000,185.897000,186.348000,55.568766
2017.12.12,00:00,185.998000,187.557000,184.797000,185.727000,49.542125
2017.12.13,00:00,186.147000,188.568000,185.397000,187.898000,65.570979
2017.12.14,00:00,187.598000,192.528000,187.168000,189.818000,76.963581
2017.12.15,00:00,188.648000,191.318000,187.987000,190.068000,66.682142
2017.12.18,00:00,191.198000,191.198000,188.898000,190.468000,55.109549
2017.12.19,00:00,189.847000,190.167000,185.748000,187.138000,82.739434
2017.12.20,00:00,187.678000,189.078000,185.238000,189.047000,66.296672
2017.12.21,00:00,189.088000,190.797000,187.578000,188.668000,60.401940
2017.12.22,00:00,187.238000,190.778000,186.778000,189.948000,57.368011
2017.12.26,00:00,189.777000,189.777000,186.417000,187.797000,57.695750
2017.12.27,00:00,187.928000,187.928000,185.227000,186.257000,58.282816
2017.12.28,00:00,187.127000,194.427000,186.838000,192.837000,76.979391
2017.12.29,00:00,193.097000,193.768000,191.217000,192.118000,56.512407
2018.01.02,00:00,196.117000,201.538000,195.417000,201.287000,80.585210
2018.01.03,00:00,201.748000,206.098000,201.508000,205.098000,81.722828
2018.01.04,00:00,206.097000,206.837000,203.997000,205.788000,74.898240
2018.01.05,00:00,206.947000,209.968000,205.588000,209.968000,76.348870
2018.01.08,00:00,209.937000,212.398000,208.487000,212.207000,71.723177
2018.01.09,00:00,211.988000,212.557000,208.577000,209.238000,70.645317
2018.01.10,00:00,207.997000,213.518000,206.908000,212.628000,68.066719
2018.01.11,00:00,214.248000,217.697000,213.358000,217.258000,70.571979
2018.01.12,00:00,217.137000,222.488000,216.097000,221.247000,78.325251
2018.01.16,00:00,224.008000,225.718000,217.168000,221.588000,106.635036
2018.01.17,00:00,220.597000,220.727000,216.307000,217.487000,85.273997
2018.01.18,00:00,220.007000,220.438000,216.537000,220.438000,75.728808
2018.01.19,00:00,223.117000,223.117000,218.487000,220.438000,83.281588
2018.01.22,00:00,221.297000,227.737000,221.197000,227.598000,105.356886
2018.01.23,00:00,255.047000,256.788000,248.047000,250.588000,120.967744
2018.01.24,00:00,250.788000,261.358000,249.307000,261.338000,145.035925
2018.01.25,00:00,262.748000,272.088000,260.217000,269.928000,191.807765
2018.01.26,00:00,270.998000,274.548000,268.737000,274.548000,231.683221
2018.01.29,00:00,273.818000,286.407000,273.818000,284.898000,193.484906
2018.01.30,00:00,276.547000,282.448000,272.777000,279.048000,73.717045
2018.01.31,00:00,281.358000,281.358000,269.557000,270.638000,59.764553
2018.02.01,00:00,266.457000,271.647000,263.397000,265.147000,82.199952
2018.02.02,00:00,262.497000,270.408000,262.497000,267.597000,252.050790
2018.02.05,00:00,261.907000,267.627000,250.017000,255.987000,248.068744
2018.02.06,00:00,247.498000,266.487000,244.987000,265.597000,255.808236
2018.02.07,00:00,266.497000,272.367000,264.287000,264.907000,232.343697
2018.02.08,00:00,266.768000,267.098000,250.037000,250.677000,158.732243
2018.02.09,00:00,253.498000,255.188000,236.067000,249.427000,158.221780
2018.02.12,00:00,252.217000,258.898000,248.938000,258.007000,208.637841
2018.02.13,00:00,256.458000,261.158000,254.598000,258.407000,173.718026
2018.02.14,00:00,260.527000,269.728000,260.478000,267.927000,79.745383
2018.02.15,00:00,269.387000,280.367000,267.607000,280.367000,32.188707
2018.02.16,00:00,278.697000,281.598000,275.638000,278.887000,29.092616
2018.02.20,00:00,277.988000,285.748000,276.597000,278.577000,28.141066
2018.02.21,00:00,282.067000,286.348000,279.998000,281.097000,5.500457
2018.02.22,00:00,283.237000,284.198000,274.447000,278.328000,6.052722
2018.02.23,00:00,281.267000,285.957000,277.798000,285.957000,71.276225
2018.02.26,00:00,288.398000,295.508000,287.017000,294.238000,4.815087
2018.02.27,00:00,294.458000,297.217000,290.587000,291.048000,6.516945
2018.02.28,00:00,292.747000,295.468000,290.777000,291.788000,5.739233
2018.03.01,00:00,292.597000,294.288000,283.827000,290.568000,7.369680
2018.03.02,00:00,284.417000,301.148000,283.158000,301.148000,10.011676
2018.03.05,00:00,302.498000,316.798000,297.667000,315.397000,6.629776
2018.03.06,00:00,319.748000,325.638000,316.497000,325.347000,9.204835
2018.03.07,00:00,319.888000,323.428000,314.487000,321.128000,152.535017
2018.03.08,00:00,322.188000,322.188000,314.097000,316.948000,192.963778
2018.03.09,00:00,320.748000,331.368000,320.198000,331.368000,74.597780
2018.03.12,00:00,333.717000,333.717000,318.557000,321.447000,76.445907
2018.03.13,00:00,323.807000,324.798000,313.257000,315.967000,65.811357
2018.03.14,00:00,317.957000,323.727000,317.658000,321.507000,56.217370
2018.03.15,00:00,322.748000,322.748000,318.097000,321.408000,37.171211
2018.03.16,00:00,321.398000,323.617000,318.327000,318.658000,33.084048
2018.03.19,00:00,315.657000,316.847000,307.337000,313.698000,56.141283
2018.03.20,00:00,313.308000,319.248000,313.177000,317.488000,45.694596
2018.03.21,00:00,316.518000,319.218000,314.497000,316.838000,42.448935
2018.03.22,00:00,312.978000,313.428000,305.638000,306.972000,124.318526
2018.03.23,00:00,307.678000,310.227000,300.337000,301.288000,246.323349
2018.03.26,00:00,309.348000,320.927000,301.987000,320.597000,247.639628
2018.03.27,00:00,322.097000,322.097000,296.978000,300.887000,278.305580
2018.03.28,00:00,298.538000,298.538000,281.508000,287.108000,331.331749
2018.03.29,00:00,287.097000,295.148000,275.878000,295.148000,20.577507
2018.04.02,00:00,291.507000,292.178000,275.047000,280.338000,5.388021
2018.04.03,00:00,284.797000,291.037000,277.997000,283.797000,6.556170
2018.04.04,00:00,273.178000,290.058000,271.207000,289.728000,37.405612
2018.04.05,00:00,293.268000,298.797000,289.148000,294.338000,72.764319
2018.04.06,00:00,288.997000,298.527000,285.597000,288.988000,59.552492
2018.04.09,00:00,291.598000,299.277000,289.107000,290.047000,56.320102
2018.04.10,00:00,297.008000,298.708000,291.677000,298.157000,62.013331
2018.04.11,00:00,302.797000,311.178000,301.797000,304.067000,58.683847
2018.04.12,00:00,309.097000,310.918000,306.757000,309.468000,53.904946
2018.04.13,00:00,316.838000,316.838000,308.167000,311.698000,56.743809
2018.04.16,00:00,315.918000,315.918000,303.987000,307.848000,77.553526
2018.04.17,00:00,329.388000,338.478000,323.778000,336.215000,123.576375
2018.04.18,00:00,335.638000,338.528000,331.138000,334.617000,52.773691
2018.04.19,00:00,332.878000,334.898000,326.887000,332.678000,140.987688
2018.04.20,00:00,331.198000,336.368000,325.977000,327.638000,6.824065
2018.04.23,00:00,327.998000,330.808000,317.057000,318.597000,4.207871
2018.04.24,00:00,319.107000,319.107000,302.307000,307.108000,29.344341
2018.04.25,00:00,306.328000,309.498000,292.557000,306.007000,56.574232
2018.04.26,00:00,309.988000,316.387000,305.577000,314.288000,57.592835
2018.04.27,00:00,317.128000,317.128000,306.487000,312.217000,30.120570
2018.04.30,00:00,310.958000,317.688000,310.138000,312.548000,80.657231
2018.05.01,00:00,310.247000,313.388000,306.737000,313.388000,27.139318
2018.05.02,00:00,311.488000,316.958000,310.288000,313.458000,46.052792
2018.05.03,00:00,311.687000,312.287000,305.697000,311.617000,33.274931
2018.05.04,00:00,308.868000,320.737000,307.657000,320.107000,140.248345
2018.05.07,00:00,322.027000,328.958000,319.277000,326.188000,197.930325
2018.05.08,00:00,325.557000,326.957000,323.017000,326.777000,163.417349
2018.05.09,00:00,328.137000,331.588000,327.477000,330.258000,156.591747
2018.05.10,00:00,331.487000,331.568000,327.357000,329.587000,150.518652
2018.05.11,00:00,329.098000,330.357000,324.837000,326.418000,72.657839
2018.05.14,00:00,326.988000,330.358000,326.988000,328.528000,47.881065
2018.05.15,00:00,325.887000,326.827000,322.447000,326.208000,55.596928
2018.05.16,00:00,325.488000,329.588000,325.098000,328.218000,41.184317
2018.05.17,00:00,326.868000,330.228000,323.127000,325.208000,56.810154
2018.05.18,00:00,324.218000,325.918000,322.767000,324.318000,50.763010
2018.05.21,00:00,327.038000,331.778000,325.437000,331.748000,59.627311
2018.05.22,00:00,333.667000,336.298000,331.097000,331.898000,65.876419
2018.05.23,00:00,327.987000,344.887000,327.987000,344.887000,79.518918
2018.05.24,00:00,343.997000,353.828000,341.107000,349.428000,66.995775
2018.05.25,00:00,349.818000,353.988000,348.797000,351.328000,30.147613
2018.05.29,00:00,351.498000,355.898000,346.668000,349.738000,29.070176
2018.05.30,00:00,351.687000,353.917000,349.237000,353.528000,24.977395
2018.05.31,00:00,353.448000,355.167000,350.187000,351.628000,27.896882
2018.06.01,00:00,353.757000,359.918000,352.797000,359.918000,27.954940
2018.06.04,00:00,362.338000,362.377000,355.488000,361.947000,77.719521
2018.06.05,00:00,363.268000,369.647000,361.387000,366.087000,30.845550
2018.06.06,00:00,367.487000,369.488000,363.317000,367.188000,25.425040
2018.06.07,00:00,368.287000,368.287000,357.787000,361.378000,34.669725
2018.06.08,00:00,357.557000,362.237000,356.207000,360.587000,22.402390
2018.06.11,00:00,360.818000,365.467000,360.818000,361.628000,62.159393
2018.06.12,00:00,363.538000,365.847000,361.987000,363.837000,58.949417
2018.06.13,00:00,367.117000,383.498000,364.087000,380.118000,123.188736
2018.06.14,00:00,384.487000,394.698000,383.188000,392.927000,111.114763
2018.06.15,00:00,389.488000,398.687000,387.488000,391.955000,47.218648
2018.06.18,00:00,387.977000,393.017000,386.488000,390.358000,73.244913
2018.06.19,00:00,389.007000,405.097000,388.487000,405.038000,97.491369
2018.06.20,00:00,414.717000,419.198000,409.587000,416.908000,36.437267
2018.06.21,00:00,420.677000,422.518000,406.358000,415.378000,106.169315
2018.06.22,00:00,419.668000,419.668000,409.638000,410.687000,103.382755
2018.06.25,00:00,404.518000,404.518000,380.987000,384.568000,176.207451
2018.06.26,00:00,393.167000,404.668000,389.037000,399.537000,129.534837
2018.06.27,00:00,406.968000,411.027000,390.067000,390.798000,139.785424
2018.06.28,00:00,394.187000,396.378000,387.037000,395.707000,108.766194
2018.06.29,00:00,398.848000,400.198000,390.537000,391.778000,101.760517
2018.07.02,00:00,385.378000,398.308000,379.987000,398.308000,89.322531
2018.07.03,00:00,399.277000,399.277000,389.487000,390.518000,65.445907
2018.07.05,00:00,393.588000,399.028000,390.788000,398.747000,101.152707
2018.07.06,00:00,397.568000,408.588000,395.487000,408.588000,91.614134
2018.07.09,00:00,415.837000,419.078000,411.087000,419.078000,100.209653
2018.07.10,00:00,416.888000,419.018000,413.047000,415.728000,88.608670
2018.07.11,00:00,410.488000,419.697000,410.488000,418.738000,89.554266
2018.07.12,00:00,414.818000,416.487000,407.798000,413.398000,115.776697
2018.07.13,00:00,409.068000,409.467000,395.068000,395.907000,42.417185
2018.07.16,00:00,398.387000,402.858000,391.738000,400.488000,42.802882
2018.07.17,00:00,346.707000,384.788000,344.287000,379.587000,62.018925
2018.07.18,00:00,381.218000,382.297000,372.307000,375.177000,40.739934
2018.07.19,00:00,371.107000,375.347000,362.987000,364.157000,36.977164
2018.07.20,00:00,364.527000,370.308000,360.117000,361.488000,37.048157
2018.07.23,00:00,359.048000,363.758000,353.547000,362.648000,28.086868
2018.07.24,00:00,366.837000,366.837000,354.537000,357.197000,31.192611
2018.07.25,00:00,356.898000,362.878000,355.607000,362.858000,31.330037
2018.07.26,00:00,357.577000,365.228000,356.568000,363.238000,28.122952
2018.07.27,00:00,366.488000,366.488000,351.658000,355.287000,33.780585
2018.07.30,00:00,351.878000,351.878000,334.027000,334.988000,39.465406
2018.07.31,00:00,331.388000,342.188000,327.987000,337.448000,29.577190
2018.08.01,00:00,335.738000,343.877000,333.987000,338.498000,24.567167
2018.08.02,00:00,337.217000,344.748000,334.547000,344.567000,23.133815
2018.08.03,00:00,346.997000,347.457000,338.467000,342.907000,23.865234
2018.08.06,00:00,342.488000,351.868000,341.657000,350.918000,22.110092
2018.08.07,00:00,352.488000,356.888000,348.997000,351.947000,21.690987
2018.08.08,00:00,351.468000,351.828000,346.597000,348.038000,18.995088
2018.08.09,00:00,347.798000,352.097000,345.758000,349.498000,16.958982
2018.08.10,00:00,346.607000,348.798000,344.387000,345.998000,17.532000
2018.08.13,00:00,339.728000,346.998000,339.057000,341.378000,23.015154
2018.08.14,00:00,341.698000,342.018000,336.237000,337.468000,56.375408
2018.08.15,00:00,333.967000,335.167000,320.967000,326.388000,94.514795
2018.08.16,00:00,329.587000,330.468000,321.187000,322.498000,60.930094
2018.08.17,00:00,318.918000,323.757000,312.947000,316.727000,82.236064
2018.08.20,00:00,314.007000,331.447000,310.887000,328.308000,94.889311
2018.08.21,00:00,330.408000,341.198000,329.688000,338.318000,32.042302
2018.08.22,00:00,337.507000,345.797000,337.497000,344.598000,25.978219
2018.08.23,00:00,347.888000,349.738000,337.628000,339.227000,23.940987
2018.08.24,00:00,345.088000,359.067000,344.548000,359.067000,89.131096
2018.08.27,00:00,366.807000,373.888000,359.987000,364.707000,111.141300
2018.08.28,00:00,366.567000,369.808000,360.368000,368.368000,81.111671
2018.08.29,00:00,367.098000,369.497000,362.907000,368.198000,81.082599
2018.08.30,00:00,364.988000,376.688000,363.527000,371.118000,86.253591
2018.08.31,00:00,370.477000,375.737000,367.057000,367.658000,78.793390
2018.09.04,00:00,367.417000,368.568000,361.788000,363.758000,73.485362
2018.09.05,00:00,360.398000,362.537000,340.137000,341.228000,107.818167
2018.09.06,00:00,346.998000,355.168000,341.867000,346.488000,103.072576
2018.09.07,00:00,341.888000,355.288000,341.148000,348.767000,90.692005
2018.09.10,00:00,352.168000,352.168000,343.087000,348.468000,66.338866
2018.09.11,00:00,344.648000,356.108000,343.877000,356.108000,69.896796
2018.09.12,00:00,358.568000,370.278000,356.187000,370.278000,85.134743
2018.09.13,00:00,371.718000,373.857000,366.877000,368.338000,91.583217
2018.09.14,00:00,367.787000,370.507000,363.437000,364.667000,79.476374
2018.09.17,00:00,364.388000,366.558000,349.498000,350.418000,76.395015
2018.09.18,00:00,353.388000,368.028000,351.488000,368.028000,88.645574
2018.09.19,00:00,373.927000,376.977000,359.147000,367.048000,94.078327
2018.09.20,00:00,369.667000,369.888000,363.088000,365.438000,78.248611
2018.09.21,00:00,366.307000,371.788000,360.727000,361.127000,79.840133
2018.09.24,00:00,358.717000,373.488000,354.367000,369.908000,87.548063
2018.09.25,00:00,369.897000,370.298000,364.368000,369.347000,73.136380
2018.09.26,00:00,373.127000,381.938000,370.868000,377.970000,94.574667
2018.09.27,00:00,379.888000,382.808000,376.067000,381.128000,87.471414
2018.09.28,00:00,378.508000,380.597000,373.717000,374.277000,84.053112
2018.10.01,00:00,375.388000,385.837000,375.387000,381.168000,88.676747
2018.10.02,00:00,384.368000,386.368000,373.768000,377.258000,99.777008
2018.10.03,00:00,378.268000,380.097000,374.857000,376.927000,79.998376
2018.10.04,00:00,375.088000,375.088000,360.348000,363.658000,107.160141
2018.10.05,00:00,359.507000,362.878000,342.987000,351.548000,122.402152
2018.10.08,00:00,345.438000,352.587000,338.077000,349.367000,109.575823
2018.10.09,00:00,348.157000,358.238000,347.067000,355.968000,90.110804
2018.10.10,00:00,352.978000,354.890000,325.387000,326.328000,148.502079
2018.10.11,00:00,324.047000,333.838000,316.117000,321.988000,146.204928
2018.10.12,00:00,338.287000,341.047000,328.827000,340.437000,127.462921
2018.10.15,00:00,337.587000,338.968000,326.888000,333.648000,100.724896
2018.10.16,00:00,336.998000,347.477000,330.467000,347.477000,121.209580
2018.10.17,00:00,378.138000,378.138000,356.477000,365.407000,254.555286
2018.10.18,00:00,360.337000,361.128000,346.027000,346.667000,311.830155
2018.10.19,00:00,349.397000,355.098000,332.217000,332.648000,343.976741
2018.10.22,00:00,332.577000,335.508000,320.318000,329.598000,326.785904
2018.10.23,00:00,318.148000,336.328000,316.698000,333.138000,348.813127
2018.10.24,00:00,332.488000,332.488000,300.727000,302.418000,166.926285
2018.10.25,00:00,307.107000,319.287000,305.337000,312.917000,133.533124
2018.10.26,00:00,299.988000,313.708000,292.247000,299.598000,155.604859
2018.10.29,00:00,305.067000,307.068000,275.387000,285.248000,164.313299
2018.10.30,00:00,274.987000,289.368000,271.187000,285.857000,172.425810
2018.10.31,00:00,296.988000,310.838000,295.978000,302.828000,165.155705
2018.11.01,00:00,304.467000,318.067000,296.657000,317.558000,100.023170
2018.11.02,00:00,316.958000,321.318000,308.318000,309.318000,40.651051
2018.11.05,00:00,311.367000,317.267000,303.737000,315.767000,33.229824
2018.11.06,00:00,314.617000,319.518000,305.227000,310.768000,30.228461
2018.11.07,00:00,312.188000,328.418000,310.987000,328.418000,33.409906
2018.11.08,00:00,328.340000,331.737000,316.637000,317.897000,35.347288
2018.11.09,00:00,310.547000,312.018000,297.997000,303.608000,41.759587
2018.11.12,00:00,299.748000,301.458000,290.608000,294.457000,68.864170
2018.11.13,00:00,294.588000,302.848000,289.087000,295.028000,108.287043
2018.11.14,00:00,300.818000,301.467000,278.277000,286.668000,37.594794
2018.11.15,00:00,285.488000,292.217000,282.188000,290.288000,117.916261
2018.11.16,00:00,286.508000,290.898000,280.988000,286.488000,54.667954
2018.11.19,00:00,283.287000,284.007000,269.137000,270.638000,36.401110
2018.11.20,00:00,254.488000,275.857000,250.528000,267.038000,40.441591
2018.11.21,00:00,274.558000,274.558000,261.498000,262.538000,31.135859
2018.11.23,00:00,259.988000,264.698000,256.828000,258.618000,16.214412
2018.11.26,00:00,260.357000,265.998000,253.787000,261.437000,35.864365
2018.11.27,00:00,259.218000,268.807000,256.127000,266.688000,35.736326
2018.11.28,00:00,271.618000,283.818000,263.327000,283.188000,41.777998
2018.11.29,00:00,281.508000,290.258000,275.487000,288.868000,36.238779
2018.11.30,00:00,288.127000,290.658000,283.088000,286.377000,33.898790
2018.12.03,00:00,292.937000,298.337000,284.537000,290.317000,33.661758
2018.12.04,00:00,288.468000,295.428000,274.717000,275.567000,24.219594
2018.12.06,00:00,268.288000,283.147000,267.098000,283.147000,26.600152
2018.12.07,00:00,281.898000,283.818000,263.347000,265.288000,29.558767
2018.12.10,00:00,264.108000,270.923000,260.568000,270.193000,26.670075
2018.12.11,00:00,274.127000,274.127000,262.717000,265.531000,22.836444
2018.12.12,00:00,267.798000,281.548000,267.087000,275.268000,23.632742
2018.12.13,00:00,277.627000,278.987000,271.828000,276.167000,22.782098
2018.12.14,00:00,271.687000,277.497000,264.987000,267.078000,24.662134
2018.12.17,00:00,266.537000,272.778000,261.037000,263.228000,23.294765
2018.12.18,00:00,263.988000,275.388000,263.988000,271.707000,22.517477
2018.12.19,00:00,269.388000,280.659000,263.737000,267.308000,30.520740
2018.12.20,00:00,264.991000,269.067000,251.987000,260.809000,33.975179
2018.12.21,00:00,262.647000,262.987000,241.378000,246.608000,32.556366
2018.12.24,00:00,242.177000,249.758000,233.668000,233.997000,17.795044
2018.12.26,00:00,233.997000,253.838000,231.247000,253.838000,26.668224
2018.12.27,00:00,249.117000,255.408000,240.087000,255.408000,90.679350
2018.12.28,00:00,257.298000,261.768000,249.787000,256.658000,159.301267
2018.12.31,00:00,259.988000,269.837000,259.907000,267.388000,156.449156
2019.01.02,00:00,259.157000,269.507000,256.558000,268.087000,154.784994
2019.01.03,00:00,269.987000,275.247000,264.417000,271.968000,168.651765
2019.01.04,00:00,281.938000,297.608000,278.527000,297.608000,192.047854
2019.01.07,00:00,301.538000,316.678000,301.538000,316.678000,197.272799
2019.01.08,00:00,319.718000,320.548000,308.007000,320.548000,171.652911
2019.01.09,00:00,317.567000,322.907000,313.437000,320.167000,156.090348
2019.01.10,00:00,314.738000,324.998000,312.497000,324.938000,141.105518
2019.01.11,00:00,330.938000,340.788000,328.508000,337.938000,172.999733
2019.01.14,00:00,333.987000,335.157000,329.117000,333.267000,125.935243
2019.01.15,00:00,349.317000,356.867000,346.997000,354.708000,152.948838
2019.01.16,00:00,353.708000,358.037000,348.098000,351.537000,133.031358
2019.01.17,00:00,349.187000,355.478000,346.447000,353.828000,146.834446
2019.01.18,00:00,351.688000,351.688000,336.698000,339.178000,203.179050
2019.01.22,00:00,334.767000,336.118000,321.017000,325.298000,178.802420
2019.01.23,00:00,327.717000,331.238000,318.587000,322.148000,169.314334
2019.01.24,00:00,320.137000,331.578000,318.987000,326.938000,161.169116
2019.01.25,00:00,329.347000,339.337000,328.578000,337.928000,162.423741
2019.01.28,00:00,337.907000,337.907000,328.877000,335.688000,141.005460
2019.01.29,00:00,335.588000,337.728000,328.087000,329.157000,105.899200
2019.01.30,00:00,332.398000,341.548000,330.808000,340.918000,109.418926
2019.01.31,00:00,339.157000,345.568000,338.047000,339.608000,111.510143
2019.02.01,00:00,336.857000,346.667000,336.497000,339.678000,111.346369
2019.02.04,00:00,342.538000,351.648000,341.127000,351.407000,89.077867
2019.02.05,00:00,353.287000,359.807000,352.937000,355.677000,88.677550
2019.02.06,00:00,356.387000,356.530000,347.137000,352.047000,81.742331
2019.02.07,00:00,347.877000,348.618000,339.007000,344.717000,105.292266
2019.02.08,00:00,337.988000,347.808000,337.988000,347.718000,103.298460
2019.02.11,00:00,349.987000,352.718000,344.857000,345.977000,84.937566
2019.02.12,00:00,348.038000,359.978000,346.507000,359.978000,107.856971
2019.02.13,00:00,356.988000,359.167000,350.267000,351.838000,99.147441
2019.02.14,00:00,350.218000,360.288000,348.287000,359.697000,90.538516
2019.02.15,00:00,358.288000,364.188000,355.487000,356.778000,92.417102
2019.02.19,00:00,355.668000,364.938000,355.447000,362.088000,88.271989
2019.02.20,00:00,364.848000,365.968000,356.677000,359.898000,87.506848
2019.02.21,00:00,359.988000,361.737000,353.867000,356.937000,86.083885
2019.02.22,00:00,360.128000,365.937000,359.998000,363.088000,86.445728
2019.02.25,00:00,367.147000,370.993000,363.767000,364.467000,88.931819
2019.02.26,00:00,362.987000,365.589000,359.317000,364.878000,73.255235
2019.02.27,00:00,362.988000,367.493000,359.738000,362.808000,86.516227
2019.02.28,00:00,362.227000,365.828000,357.687000,358.358000,79.617948
2019.03.01,00:00,361.487000,362.287000,354.718000,357.498000,71.130876
2019.03.04,00:00,359.448000,362.127000,347.997000,351.078000,103.380037
2019.03.05,00:00,351.528000,356.068000,348.228000,354.878000,84.041793
2019.03.06,00:00,353.217000,359.818000,351.737000,359.818000,90.724909
2019.03.07,00:00,360.137000,362.368000,350.488000,352.758000,98.089678
2019.03.08,00:00,344.987000,349.828000,342.407000,349.828000,106.446919
2019.03.11,00:00,349.507000,358.898000,349.507000,358.898000,41.722870
2019.03.12,00:00,358.187000,359.717000,353.787000,356.308000,77.171488
2019.03.13,00:00,355.738000,362.247000,352.747000,361.488000,84.952639
2019.03.14,00:00,359.988000,363.647000,358.097000,358.858000,78.551995
2019.03.15,00:00,360.198000,363.937000,358.837000,361.618000,75.530515
2019.03.18,00:00,362.388000,370.777000,361.807000,363.398000,78.862429
2019.03.19,00:00,366.358000,366.358000,356.768000,359.008000,92.893527
2019.03.20,00:00,358.968000,375.788000,356.987000,375.238000,121.366164
2019.03.21,00:00,373.237000,378.877000,370.588000,378.207000,105.479801
2019.03.22,00:00,375.945000,375.945000,360.037000,360.998000,136.196283
2019.03.25,00:00,358.867000,366.958000,357.487000,366.768000,116.401596
2019.03.26,00:00,367.487000,367.487000,357.997000,360.347000,117.236960
2019.03.27,00:00,360.738000,362.237000,350.337000,353.518000,119.772398
2019.03.28,00:00,354.248000,355.588000,349.187000,354.842000,88.607030
2019.03.29,00:00,357.147000,357.988000,353.677000,356.658000,81.955393
2019.04.01,00:00,358.487000,368.198000,358.487000,367.087000,103.152493
2019.04.02,00:00,365.787000,368.319000,362.187000,368.319000,83.750623
2019.04.03,00:00,369.248000,373.297000,366.187000,369.837000,97.225658
2019.04.04,00:00,370.037000,371.371000,362.387000,367.858000,90.971227
2019.04.05,00:00,368.847000,369.427000,364.647000,365.573000,77.595917
2019.04.08,00:00,365.278000,365.278000,359.887000,361.308000,86.339448
2019.04.09,00:00,360.198000,366.518000,359.007000,364.768000,84.905293
2019.04.10,00:00,365.408000,368.587000,362.217000,363.968000,90.589468
2019.04.11,00:00,364.958000,369.937000,360.847000,367.798000,96.515928
2019.04.12,00:00,360.427000,360.727000,349.362000,351.057000,132.466944
2019.04.15,00:00,350.487000,351.047000,342.248000,349.188000,102.789349
2019.04.16,00:00,354.877000,364.208000,352.702000,360.088000,133.250248
2019.04.17,00:00,364.838000,367.088000,350.598000,354.838000,138.050423
2019.04.18,00:00,353.597000,360.387000,351.628000,360.387000,95.079153
2019.04.22,00:00,358.388000,377.638000,358.388000,377.638000,107.547155
2019.04.23,00:00,374.987000,384.648000,374.787000,382.237000,107.932433
2019.04.24,00:00,380.687000,381.568000,373.227000,374.358000,127.383470
2019.04.25,00:00,374.047000,374.047000,365.707000,368.438000,107.821632
2019.04.26,00:00,368.168000,374.998000,366.188000,374.977000,70.586155
2019.04.29,00:00,373.667000,374.458000,369.097000,371.748000,50.633822
2019.04.30,00:00,369.707000,374.247000,368.317000,371.088000,47.551031
2019.05.01,00:00,373.987000,385.727000,373.158000,379.157000,83.277194
2019.05.02,00:00,377.488000,382.988000,374.537000,379.167000,64.537452
2019.05.03,00:00,380.808000,384.978000,378.247000,384.978000,71.288656
2019.05.06,00:00,377.677000,381.108000,375.988000,378.708000,76.793979
2019.05.07,00:00,376.998000,379.661000,365.787000,370.467000,114.154106
2019.05.08,00:00,366.997000,368.528000,361.347000,364.458000,112.790953
2019.05.09,00:00,360.537000,364.038000,352.737000,362.817000,175.164962
2019.05.10,00:00,361.378000,364.767000,352.997000,361.098000,180.947073
2019.05.13,00:00,351.487000,353.968000,343.087000,345.468000,206.832122
2019.05.14,00:00,348.037000,349.228000,342.407000,345.778000,130.782190
2019.05.15,00:00,342.497000,356.398000,341.337000,355.328000,103.214220
2019.05.16,00:00,356.087000,363.707000,353.838000,359.627000,89.371041
2019.05.17,00:00,355.847000,359.418000,353.737000,354.718000,86.152291
2019.05.20,00:00,351.007000,352.238000,345.387000,348.428000,91.299611
2019.05.21,00:00,350.537000,356.398000,349.878000,354.518000,78.723526
2019.05.22,00:00,357.987000,366.168000,357.257000,359.908000,80.790978
2019.05.23,00:00,355.407000,357.000000,347.707000,352.361000,89.070661
2019.05.24,00:00,355.558000,359.257000,353.768000,354.278000,79.690526
2019.05.28,00:00,354.038000,360.587000,353.538000,355.628000,92.816660
2019.05.29,00:00,353.387000,353.688000,345.867000,349.468000,130.081802
2019.05.30,00:00,350.488000,353.928000,348.237000,351.870000,88.770264
2019.05.31,00:00,346.658000,349.118000,342.907000,343.718000,88.059022
2019.06.03,00:00,343.557000,347.138000,332.617000,337.247000,125.891896
2019.06.04,00:00,343.488000,353.488000,343.087000,353.437000,108.111947
2019.06.05,00:00,352.987000,357.758000,348.698000,355.928000,81.461440
2019.06.06,00:00,354.677000,358.118000,352.078000,357.236000,71.328967
2019.06.07,00:00,356.487000,364.988000,355.638000,360.948000,62.881962
2019.06.10,00:00,363.717000,366.867000,349.268000,352.208000,79.189307
2019.06.11,00:00,354.987000,357.447000,348.487000,351.348000,70.543779
2019.06.12,00:00,351.488000,352.637000,343.238000,345.513000,65.380789
2019.06.13,00:00,346.768000,347.558000,339.218000,343.577000,67.621506
2019.06.14,00:00,341.957000,343.117000,336.138000,339.808000,67.292499
2019.06.17,00:00,342.357000,351.707000,342.047000,350.698000,63.950574
2019.06.18,00:00,355.038000,361.298000,353.737000,357.408000,67.972547
2019.06.19,00:00,361.438000,364.438000,356.088000,363.937000,66.150050
2019.06.20,00:00,365.838000,369.727000,361.188000,365.528000,66.606250
2019.06.21,00:00,364.047000,371.227000,363.397000,369.067000,68.310496
2019.06.24,00:00,370.388000,374.858000,369.987000,371.088000,68.297825
2019.06.25,00:00,370.488000,370.488000,358.188000,360.858000,89.166993
2019.06.26,00:00,361.716000,366.497000,361.470000,362.223000,76.592643
2019.06.27,00:00,363.188000,370.753000,363.187000,370.508000,69.094889
2019.06.28,00:00,370.237000,371.478000,364.818000,367.328000,69.656952
2019.07.01,00:00,373.088000,376.327000,371.987000,374.938000,80.281815
2019.07.02,00:00,374.738000,375.558000,370.297000,375.558000,64.438136
2019.07.03,00:00,376.602000,381.807000,375.738000,381.487000,46.727328
2019.07.05,00:00,378.248000,381.158000,375.547000,380.498000,54.612432
2019.07.08,00:00,378.138000,378.138000,375.358000,376.108000,57.711719
2019.07.09,00:00,379.098000,384.388000,377.488000,379.958000,77.104551
2019.07.10,00:00,382.338000,383.618000,377.367000,381.018000,75.081995
2019.07.11,00:00,381.247000,384.268000,378.807000,379.758000,68.334476
2019.07.12,00:00,378.217000,378.217000,372.738000,373.109000,82.358357
2019.07.15,00:00,372.797000,372.797000,362.258000,366.698000,93.050431
2019.07.16,00:00,370.007000,370.498000,364.888000,365.857000,116.448632
2019.07.17,00:00,365.987000,366.248000,361.697000,363.007000,121.464893
2019.07.18,00:00,323.597000,329.457000,320.278000,325.032000,215.395261
2019.07.19,00:00,323.537000,325.380000,314.217000,315.028000,128.945305
2019.07.22,00:00,311.927000,314.018000,305.818000,311.067000,181.965587
2019.07.23,00:00,311.087000,313.238000,305.987000,307.358000,138.883236
2019.07.24,00:00,310.528000,319.868000,307.207000,318.307000,137.233179
2019.07.25,00:00,318.587000,327.567000,316.307000,326.537000,129.731927
2019.07.26,00:00,328.538000,335.967000,327.487000,335.967000,118.350153
2019.07.29,00:00,335.387000,335.387000,328.767000,332.838000,76.515371
2019.07.30,00:00,329.187000,329.187000,323.197000,325.977000,92.326516
2019.07.31,00:00,324.227000,331.598000,318.507000,323.528000,105.006663
2019.08.01,00:00,323.087000,328.348000,318.667000,319.648000,128.022034
2019.08.02,00:00,317.297000,319.307000,311.738000,319.307000,136.740464
2019.08.05,00:00,310.638000,313.138000,304.677000,307.798000,164.739690
2019.08.06,00:00,310.538000,311.238000,305.287000,310.808000,136.940211
2019.08.07,00:00,302.538000,304.918000,296.867000,304.918000,147.112313
2019.08.08,00:00,310.988000,316.228000,306.587000,315.988000,105.554129
2019.08.09,00:00,313.487000,316.257000,305.648000,308.937000,113.813705
2019.08.12,00:00,305.318000,312.577000,303.207000,311.168000,99.770363
2019.08.13,00:00,310.207000,316.057000,308.067000,312.308000,107.220765
2019.08.14,00:00,307.798000,307.798000,297.987000,299.438000,143.196800
2019.08.15,00:00,299.287000,299.498000,288.007000,296.068000,166.058781
2019.08.16,00:00,298.038000,303.448000,296.237000,303.318000,86.683082
2019.08.19,00:00,305.987000,311.568000,304.748000,309.548000,89.719648
2019.08.20,00:00,304.737000,304.737000,297.677000,299.328000,104.371696
2019.08.21,00:00,301.397000,302.708000,296.167000,297.828000,103.913909
2019.08.22,00:00,298.438000,299.997000,293.117000,297.378000,91.252003
2019.08.23,00:00,294.287000,298.718000,290.257000,291.677000,115.186635
2019.08.26,00:00,294.998000,296.547000,292.497000,295.107000,50.740590
2019.08.27,00:00,293.997000,296.147000,287.197000,291.388000,57.882130
2019.08.28,00:00,289.047000,292.697000,287.697000,292.068000,44.731627
2019.08.29,00:00,294.578000,299.818000,294.577000,296.928000,145.328254
2019.08.30,00:00,298.087000,298.087000,290.768000,293.928000,62.390000
2019.09.03,00:00,290.358000,293.518000,288.037000,289.488000,19.218000
2019.09.04,00:00,290.958000,292.288000,286.498000,291.758000,14.622000
2019.09.05,00:00,285.817000,293.808000,282.727000,293.178000,18.790000
2019.09.06,00:00,291.718000,292.888000,287.007000,290.258000,15.059000
2019.09.09,00:00,294.608000,301.137000,290.547000,294.497000,17.861000
2019.09.10,00:00,291.017000,296.768000,282.617000,288.018000,22.826000
2019.09.11,00:00,285.498000,292.407000,284.507000,288.177000,15.495000
2019.09.12,00:00,287.788000,292.508000,286.157000,288.958000,15.817000
2019.09.13,00:00,290.618000,296.558000,290.007000,294.177000,17.977000
2019.09.16,00:00,293.548000,296.718000,289.717000,294.477000,16.499000
2019.09.17,00:00,293.857000,299.008000,291.748000,298.638000,16.968000
2019.09.18,00:00,298.428000,298.428000,287.417000,291.568000,20.031000
2019.09.19,00:00,291.997000,293.477000,283.337000,286.697000,20.628000
2019.09.20,00:00,280.347000,280.557000,265.948000,270.767000,33.961000
2019.09.23,00:00,267.757000,272.817000,261.858000,265.977000,24.734000
2019.09.24,00:00,262.208000,264.028000,252.227000,254.447000,34.030000
2019.09.25,00:00,255.288000,266.527000,253.697000,265.077000,24.581000
2019.09.26,00:00,265.847000,266.237000,260.168000,263.388000,31.125000
2019.09.27,00:00,265.868000,266.827000,260.387000,263.358000,43.828000
2019.09.30,00:00,263.598000,268.647000,262.748000,267.688000,30.635250
2019.10.01,00:00,267.387000,272.068000,263.997000,269.838000,45.205250
2019.10.02,00:00,263.608000,269.267000,262.037000,268.138000,45.975500
2019.10.03,00:00,267.147000,268.357000,256.997000,268.357000,45.437500
2019.10.04,00:00,268.208000,274.737000,266.317000,272.948000,41.225750
2019.10.07,00:00,271.607000,276.488000,271.007000,274.748000,43.979000
2019.10.08,00:00,271.388000,275.357000,270.637000,271.177000,43.340750
2019.10.09,00:00,268.998000,270.278000,264.537000,267.488000,37.883000
2019.10.10,00:00,264.747000,280.447000,264.747000,280.418000,53.386254
2019.10.11,00:00,283.217000,287.807000,281.997000,283.367000,49.435750
2019.10.14,00:00,281.777000,286.837000,281.777000,285.648000,29.215000
2019.10.15,00:00,283.197000,285.738000,279.258000,284.348000,50.820500
2019.10.16,00:00,282.997000,287.888000,280.707000,286.697000,58.359250
2019.10.17,00:00,304.017000,307.887000,288.287000,293.618000,84.566750
2019.10.18,00:00,288.708000,290.048000,273.347000,275.338000,83.459250
2019.10.21,00:00,272.247000,279.728000,268.997000,278.067000,58.219250
2019.10.22,00:00,271.127000,273.897000,265.768000,266.728000,75.894750
2019.10.23,00:00,266.998000,273.738000,266.498000,271.437000,61.232500
2019.10.24,00:00,271.747000,273.738000,268.547000,271.547000,33.828750
2019.10.25,00:00,269.997000,277.647000,269.997000,276.918000,63.443000
2019.10.28,00:00,276.187000,285.298000,276.187000,282.068000,62.253250
2019.10.29,00:00,279.997000,284.118000,277.487000,281.507000,72.103000
2019.10.30,00:00,283.768000,293.257000,282.997000,291.798000,73.163500
2019.10.31,00:00,290.997000,290.997000,284.698000,287.447000,76.302250
2019.11.01,00:00,288.328000,288.328000,282.997000,286.897000,43.404250
2019.11.04,00:00,287.748000,295.097000,286.807000,292.938000,44.289000
2019.11.05,00:00,290.088000,290.657000,286.258000,288.158000,43.507250
2019.11.06,00:00,287.468000,290.168000,285.527000,288.558000,42.332750
2019.11.07,00:00,289.557000,297.067000,287.967000,289.658000,50.128250
2019.11.08,00:00,287.747000,293.848000,287.497000,291.417000,40.695500
2019.11.11,00:00,288.538000,296.287000,288.097000,294.287000,36.277500
2019.11.12,00:00,295.248000,295.248000,288.547000,292.138000,40.903000
2019.11.13,00:00,290.757000,293.187000,280.997000,282.978000,46.178000
2019.11.14,00:00,282.558000,290.467000,282.558000,289.857000,52.625250
2019.11.15,00:00,290.028000,295.718000,287.437000,295.038000,47.799500
2019.11.18,00:00,294.608000,304.838000,293.277000,302.827000,53.500000
2019.11.19,00:00,304.037000,304.997000,298.367000,303.698000,39.196250
2019.11.20,00:00,300.998000,307.838000,299.997000,305.218000,41.921000
2019.11.21,00:00,304.557000,312.607000,303.997000,312.238000,46.596000
2019.11.22,00:00,307.198000,311.238000,304.228000,310.458000,28.411250
2019.11.25,00:00,308.507000,315.588000,305.137000,315.588000,29.182750
2019.11.26,00:00,314.157000,316.178000,311.667000,313.368000,22.988500
2019.11.27,00:00,312.998000,316.748000,312.777000,315.997000,22.378500
2019.11.29,00:00,315.618000,316.408000,313.268000,314.478000,13.589000
2019.12.02,00:00,313.997000,313.997000,303.667000,310.248000,30.233250
2019.12.03,00:00,301.508000,307.247000,301.507000,306.288000,28.375250
2019.12.04,00:00,308.028000,308.028000,303.197000,304.797000,26.284250
2019.12.05,00:00,304.498000,306.048000,298.758000,303.048000,31.926000
2019.12.06,00:00,303.498000,307.637000,302.568000,307.578000,25.847500
2019.12.09,00:00,307.208000,311.387000,302.398000,302.558000,31.588250
2019.12.10,00:00,296.118000,298.707000,291.997000,293.118000,38.130000
2019.12.11,00:00,292.998000,299.318000,292.998000,299.288000,29.308250
2019.12.12,00:00,295.058000,298.918000,294.997000,298.508000,31.336000
2019.12.13,00:00,297.548000,301.448000,297.208000,298.497000,31.063500
2019.12.16,00:00,300.558000,305.537000,297.507000,304.598000,22.871750
2019.12.17,00:00,307.397000,316.628000,305.678000,315.928000,32.307250
2019.12.18,00:00,316.248000,325.238000,315.477000,321.108000,34.435500
2019.12.19,00:00,324.208000,332.757000,324.017000,332.488000,30.799000
2019.12.20,00:00,334.497000,337.858000,330.457000,336.888000,32.871750
2019.12.23,00:00,337.518000,337.518000,330.968000,333.068000,24.407000
2019.12.24,00:00,334.417000,335.457000,331.597000,333.198000,10.083000
2019.12.26,00:00,334.337000,336.067000,331.997000,332.508000,13.868750
2019.12.27,00:00,332.388000,333.648000,325.997000,329.058000,23.015750
2019.12.30,00:00,328.808000,328.808000,322.808000,323.248000,23.172500
2019.12.31,00:00,319.998000,324.847000,319.998000,323.597000,18.983000
2020.01.02,00:00,325.548000,329.938000,324.238000,329.938000,16.673000
2020.01.03,00:00,325.678000,329.617000,325.497000,326.327000,17.840250
2020.01.06,00:00,322.157000,336.068000,321.097000,335.808000,26.002500
2020.01.07,00:00,335.828000,335.828000,329.998000,330.747000,21.167000
2020.01.08,00:00,330.497000,342.288000,330.497000,339.348000,31.054750
2020.01.09,00:00,341.598000,342.908000,334.327000,335.688000,22.753500
2020.01.10,00:00,336.648000,337.598000,327.248000,329.088000,24.360750
2020.01.13,00:00,331.067000,340.577000,331.067000,339.027000,26.829000
2020.01.14,00:00,343.298000,344.727000,335.268000,338.728000,25.180000
2020.01.15,00:00,337.887000,342.938000,336.497000,339.138000,23.598750
2020.01.16,00:00,343.348000,343.348000,335.808000,338.918000,25.202500
2020.01.17,00:00,340.398000,341.258000,337.387000,339.718000,26.719000
2020.01.21,00:00,339.998000,339.998000,331.998000,338.528000,30.466250
2020.01.22,00:00,332.117000,336.157000,323.508000,325.998000,42.665250
2020.01.23,00:00,326.047000,349.758000,324.397000,349.528000,52.165000
2020.01.24,00:00,348.067000,359.658000,345.668000,353.578000,49.973750
2020.01.27,00:00,344.998000,350.178000,340.998000,343.238000,30.466500
2020.01.28,00:00,345.498000,352.188000,342.577000,348.807000,24.847500
2020.01.29,00:00,348.747000,348.747000,338.518000,343.408000,28.681500
2020.01.30,00:00,340.997000,347.978000,339.098000,347.978000,26.826750
2020.01.31,00:00,346.998000,346.998000,340.757000,345.328000,31.927750
2020.02.03,00:00,346.998000,359.378000,345.577000,358.108000,31.103500
2020.02.04,00:00,361.077000,369.348000,355.538000,369.128000,37.044750
2020.02.05,00:00,374.967000,374.967000,362.128000,369.878000,27.959000
2020.02.06,00:00,368.038000,370.948000,362.148000,367.058000,24.901750
2020.02.07,00:00,365.358000,371.588000,363.168000,367.008000,27.365750
2020.02.10,00:00,364.498000,374.508000,362.497000,371.068000,26.273500
2020.02.11,00:00,372.497000,377.638000,369.437000,373.678000,26.554500
2020.02.12,00:00,375.878000,380.457000,375.877000,380.118000,25.531750
2020.02.13,00:00,376.797000,385.068000,376.497000,381.468000,25.933500
2020.02.14,00:00,381.397000,384.788000,379.387000,380.108000,28.152000
2020.02.18,00:00,379.178000,389.408000,378.997000,387.927000,21.018250
2020.02.19,00:00,387.498000,392.758000,384.788000,386.578000,25.388750
2020.02.20,00:00,385.328000,389.178000,375.847000,386.198000,28.365750
2020.02.21,00:00,384.998000,386.658000,377.868000,380.018000,35.065000
2020.02.24,00:00,364.758000,372.478000,360.297000,369.147000,40.562750
2020.02.25,00:00,371.008000,374.997000,357.487000,360.577000,47.786250
2020.02.26,00:00,365.998000,381.787000,365.728000,379.807000,48.318000
2020.02.27,00:00,371.498000,390.498000,369.758000,372.968000,53.482500
2020.02.28,00:00,364.797000,375.218000,355.997000,368.598000,41.312500
2020.03.02,00:00,373.008000,381.157000,363.997000,381.157000,40.401500
2020.03.03,00:00,380.928000,392.698000,367.087000,368.938000,40.204250
2020.03.04,00:00,377.248000,383.778000,369.998000,383.778000,29.835000
2020.03.05,00:00,380.597000,390.698000,368.357000,373.838000,34.280250
2020.03.06,00:00,367.518000,370.817000,356.697000,369.278000,53.814750
2020.03.09,00:00,340.197000,355.888000,340.197000,347.658000,46.125250
2020.03.10,00:00,356.547000,364.418000,347.217000,364.418000,59.573250
2020.03.11,00:00,357.998000,360.567000,344.678000,350.448000,60.803250
2020.03.12,00:00,324.997000,335.038000,306.998000,316.248000,66.190750
2020.03.13,00:00,330.477000,336.258000,307.317000,336.258000,64.952750
2020.03.16,00:00,304.998000,332.678000,294.420000,295.298000,51.678750
2020.03.17,00:00,306.178000,322.048000,289.997000,319.868000,66.572000
2020.03.18,00:00,300.997000,330.408000,299.987000,318.218000,56.137250
2020.03.19,00:00,323.598000,347.278000,316.517000,334.418000,56.753000
2020.03.20,00:00,341.958000,349.678000,331.997000,334.048000,56.177000
2020.03.23,00:00,347.838000,365.217000,340.128000,361.037000,75.852000
2020.03.24,00:00,368.998000,371.208000,352.508000,356.498000,56.731500
2020.03.25,00:00,360.978000,361.218000,338.997000,342.777000,55.956250
2020.03.26,00:00,340.998000,363.478000,340.997000,363.478000,61.901500
2020.03.27,00:00,358.957000,368.288000,352.538000,357.698000,50.378000
2020.03.30,00:00,362.797000,376.908000,360.148000,370.868000,55.621750
2020.03.31,00:00,367.748000,382.517000,366.267000,376.378000,46.222000
2020.04.01,00:00,372.698000,379.888000,360.507000,364.718000,35.846250
2020.04.02,00:00,364.207000,370.388000,359.997000,370.158000,29.632750
2020.04.03,00:00,368.437000,369.988000,357.497000,361.927000,38.697750
2020.04.06,00:00,365.738000,380.018000,360.768000,380.018000,33.374250
2020.04.07,00:00,379.818000,381.018000,368.658000,373.418000,45.249250
2020.04.08,00:00,373.138000,377.257000,368.107000,371.137000,43.974250
2020.04.09,00:00,370.378000,371.798000,362.997000,371.228000,47.128500
2020.04.13,00:00,370.958000,399.828000,366.528000,397.977000,51.498000
2020.04.14,00:00,397.487000,417.668000,394.827000,413.818000,49.785750
2020.04.15,00:00,412.198000,434.417000,411.838000,427.428000,56.374250
2020.04.16,00:00,436.408000,449.197000,430.298000,439.168000,59.059750
2020.04.17,00:00,429.997000,430.717000,414.577000,422.718000,45.623500
2020.04.20,00:00,433.997000,443.747000,429.997000,438.128000,43.390500
2020.04.21,00:00,444.498000,446.328000,425.578000,436.168000,53.646750
2020.04.22,00:00,429.247000,429.247000,412.997000,420.978000,57.388750
2020.04.23,00:00,419.258000,437.297000,419.257000,426.917000,47.623500
2020.04.24,00:00,425.007000,426.828000,415.607000,424.718000,44.742750
2020.04.27,00:00,424.697000,428.677000,420.358000,421.598000,34.983250
2020.04.28,00:00,419.497000,419.497000,402.807000,403.668000,44.063500
2020.04.29,00:00,399.067000,415.718000,393.437000,411.917000,40.918750
2020.04.30,00:00,410.338000,423.578000,406.367000,420.497000,31.699250
2020.05.01,00:00,415.508000,427.702000,411.497000,415.508000,46.411250
2020.05.04,00:00,417.807000,428.397000,414.647000,427.987000,40.327250
2020.05.05,00:00,427.148000,430.807000,421.298000,425.678000,36.380750
2020.05.06,00:00,428.997000,439.488000,425.497000,434.418000,38.385000
2020.05.07,00:00,436.137000,438.608000,430.168000,436.368000,31.388750
2020.05.08,00:00,434.008000,441.858000,432.997000,435.378000,28.195500
2020.05.11,00:00,434.407000,444.678000,434.407000,440.828000,35.925750
2020.05.12,00:00,441.398000,444.017000,430.928000,433.328000,33.084500
2020.05.13,00:00,435.257000,446.718000,426.767000,438.868000,51.524000
2020.05.14,00:00,443.998000,451.238000,432.587000,441.948000,60.525750
2020.05.15,00:00,441.497000,454.988000,436.648000,454.988000,49.382750
2020.05.18,00:00,450.897000,455.998000,443.138000,452.868000,41.280250
2020.05.19,00:00,449.998000,458.348000,449.998000,451.578000,41.481500
2020.05.20,00:00,454.367000,454.970000,443.758000,447.828000,39.384000
2020.05.21,00:00,448.558000,448.558000,430.247000,436.387000,51.293000
2020.05.22,00:00,436.708000,438.367000,426.997000,429.118000,30.404750
2020.05.26,00:00,427.238000,427.238000,412.998000,414.868000,43.597000
2020.05.27,00:00,410.128000,419.988000,397.557000,419.988000,45.105500
2020.05.28,00:00,416.978000,422.178000,411.407000,414.497000,41.121500
2020.05.29,00:00,415.747000,420.078000,411.548000,420.078000,44.250750
2020.06.01,00:00,418.248000,426.508000,415.518000,426.257000,25.597500
2020.06.02,00:00,425.497000,427.418000,419.347000,427.418000,20.445750
2020.06.03,00:00,425.997000,425.997000,417.997000,421.918000,27.111000
2020.06.04,00:00,421.178000,427.848000,410.007000,414.577000,27.261750
2020.06.05,00:00,406.817000,419.967000,404.247000,419.928000,47.331000
2020.06.08,00:00,415.998000,420.418000,406.427000,419.518000,28.060500
2020.06.09,00:00,421.027000,434.528000,420.177000,434.528000,32.954750
2020.06.10,00:00,435.008000,438.838000,430.168000,434.988000,51.972500
2020.06.11,00:00,428.178000,445.517000,423.797000,427.028000,64.935500
2020.06.12,00:00,428.997000,433.587000,412.277000,419.098000,45.360750
2020.06.15,00:00,420.548000,426.427000,414.997000,425.657000,52.817000
2020.06.16,00:00,425.008000,437.508000,424.997000,436.508000,60.779000
2020.06.17,00:00,441.608000,450.207000,438.437000,448.347000,37.976000
2020.06.18,00:00,448.718000,451.688000,442.697000,449.967000,36.930250
2020.06.19,00:00,448.567000,453.948000,445.447000,453.948000,59.900250
2020.06.22,00:00,453.998000,468.158000,453.998000,468.068000,47.919750
2020.06.23,00:00,465.997000,473.717000,464.467000,466.868000,31.296000
2020.06.24,00:00,467.947000,471.398000,453.877000,457.995000,36.656250
2020.06.25,00:00,458.997000,466.758000,453.698000,466.758000,35.140250
2020.06.26,00:00,465.997000,467.327000,442.138000,443.818000,50.756750
2020.06.29,00:00,444.958000,447.458000,432.127000,447.338000,30.856500
2020.06.30,00:00,448.998000,457.368000,446.997000,455.708000,32.525000
2020.07.01,00:00,453.798000,487.548000,452.997000,486.068000,48.099250
2020.07.02,00:00,484.967000,491.498000,475.438000,477.108000,35.369750
2020.07.06,00:00,481.248000,499.118000,479.697000,494.308000,40.771500
2020.07.07,00:00,496.058000,503.897000,490.377000,493.198000,34.101500
2020.07.08,00:00,498.678000,504.578000,493.687000,502.778000,37.885750
2020.07.09,00:00,506.998000,509.508000,495.608000,508.367000,42.512250
2020.07.10,00:00,518.998000,555.148000,511.128000,549.367000,69.139250
2020.07.13,00:00,566.908000,574.738000,520.698000,525.218000,54.381500
2020.07.14,00:00,514.997000,525.427000,490.568000,525.427000,44.960250
2020.07.15,00:00,516.297000,527.997000,510.108000,523.167000,41.578750
2020.07.16,00:00,525.248000,535.187000,504.078000,528.488000,57.019250
2020.07.17,00:00,494.528000,500.558000,483.998000,492.947000,57.095500
2020.07.20,00:00,488.518000,504.348000,484.138000,503.388000,46.641000
2020.07.21,00:00,505.007000,505.007000,488.497000,489.998000,39.395750
2020.07.22,00:00,491.577000,496.398000,487.117000,490.597000,40.801750
2020.07.23,00:00,490.888000,490.888000,471.998000,477.608000,43.372250
2020.07.24,00:00,468.498000,486.618000,466.748000,480.687000,40.214500
2020.07.27,00:00,484.158000,496.658000,482.017000,496.138000,39.850500
2020.07.28,00:00,494.298000,495.247000,487.708000,488.838000,32.671250
2020.07.29,00:00,492.248000,494.238000,483.997000,485.078000,38.643250
2020.07.30,00:00,482.007000,488.038000,477.338000,485.948000,40.786000
2020.07.31,00:00,486.998000,494.417000,484.297000,488.848000,44.162500
2020.08.03,00:00,490.857000,502.987000,490.067000,499.198000,38.822000
2020.08.04,00:00,498.737000,510.147000,498.737000,509.798000,31.529750
2020.08.05,00:00,507.108000,508.918000,501.127000,502.888000,29.639000
2020.08.06,00:00,502.128000,510.438000,498.427000,509.828000,35.999750
2020.08.07,00:00,505.218000,507.798000,486.497000,494.918000,43.491000
2020.08.10,00:00,493.058000,496.378000,478.327000,483.998000,28.834500
2020.08.11,00:00,479.107000,480.558000,466.197000,467.408000,34.672750
2020.08.12,00:00,471.118000,481.818000,469.997000,475.148000,39.538250
2020.08.13,00:00,477.198000,484.268000,476.127000,481.388000,30.189750
2020.08.14,00:00,482.597000,487.968000,479.998000,482.668000,22.446750
2020.08.17,00:00,483.998000,485.788000,478.997000,482.677000,19.798000
2020.08.18,00:00,484.088000,494.807000,482.558000,491.998000,23.148250
2020.08.19,00:00,492.998000,493.208000,483.367000,484.838000,26.878750
2020.08.20,00:00,484.028000,498.848000,483.797000,498.518000,27.407500
2020.08.21,00:00,495.618000,497.157000,490.417000,492.528000,110087.271195
2020.08.24,00:00,495.497000,499.997000,483.077000,488.808000,174261.025734
2020.08.25,00:00,488.072000,491.938000,484.997000,490.448000,134458.340561
2020.08.26,00:00,490.797000,548.438000,490.797000,548.178000,400412.234650
2020.08.27,00:00,537.848000,539.627000,521.117000,526.688000,258026.730820
2020.08.28,00:00,531.567000,538.308000,521.937000,523.847000,182561.377518
2020.08.31,00:00,521.118000,531.567000,516.937000,530.478000,144278.257957
2020.09.01,00:00,532.578000,556.867000,531.907000,556.817000,248761.673447
2020.09.02,00:00,551.198000,555.118000,536.727000,552.968000,235741.744583
2020.09.03,00:00,544.508000,552.547000,521.048000,526.788000,312442.561501
2020.09.04,00:00,519.237000,526.228000,485.597000,516.137000,296312.262894
2020.09.08,00:00,498.388000,521.308000,494.997000,507.128000,215022.030281
2020.09.09,00:00,518.218000,518.218000,492.327000,501.920000,243991.624817
2020.09.10,00:00,502.998000,505.468000,477.457000,480.868000,254771.995438
2020.09.11,00:00,485.968000,493.137000,476.807000,482.228000,255142.350800
2020.09.14,00:00,479.997000,488.277000,470.997000,476.177000,218821.518051
2020.09.15,00:00,483.207000,497.258000,481.487000,496.288000,225611.949600
2020.09.16,00:00,499.197000,502.828000,483.177000,483.898000,190661.693878
2020.09.17,00:00,474.998000,477.388000,463.147000,470.218000,235502.073257
2020.09.18,00:00,472.358000,478.257000,458.707000,470.288000,238142.021042
2020.09.21,00:00,468.147000,487.668000,465.287000,487.668000,205062.301025
2020.09.22,00:00,489.017000,491.698000,479.057000,491.658000,228952.011780
2020.09.23,00:00,490.257000,490.257000,468.877000,470.997000,275102.350937
2020.09.24,00:00,468.998000,476.787000,467.587000,472.997000,269282.510162
2020.09.25,00:00,473.797000,484.548000,467.997000,483.088000,214811.981705
2020.09.28,00:00,487.997000,491.048000,477.717000,490.817000,268401.851791
2020.09.29,00:00,488.048000,495.847000,486.258000,494.108000,200301.103302
2020.09.30,00:00,492.347000,504.317000,489.057000,501.127000,273911.807602
2020.10.01,00:00,504.998000,529.298000,502.567000,528.388000,315812.004150
2020.10.02,00:00,515.978000,524.727000,502.637000,503.578000,314604.532501
2020.10.05,00:00,506.687000,520.947000,501.357000,520.947000,170922.286903
2020.10.06,00:00,517.298000,521.007000,503.997000,506.982000,216387.724297
2020.10.07,00:00,517.537000,536.238000,515.647000,534.997000,294261.274780
2020.10.08,00:00,532.997000,534.548000,523.387000,532.468000,246179.531487
2020.10.09,00:00,537.997000,543.507000,534.997000,539.458000,199952.167191
2020.10.12,00:00,548.178000,551.188000,538.177000,539.988000,243113.043015
2020.10.13,00:00,540.298000,557.117000,536.348000,554.938000,240295.526291
2020.10.14,00:00,562.998000,570.707000,540.807000,541.518000,302590.684723
2020.10.15,00:00,544.997000,550.718000,535.047000,542.187000,236393.096298
2020.10.16,00:00,549.498000,552.268000,529.997000,531.128000,240727.861816
2020.10.19,00:00,536.068000,541.168000,525.277000,530.847000,247398.468506
2020.10.20,00:00,526.997000,533.177000,522.107000,525.758000,269158.845047
2020.10.21,00:00,500.147000,505.838000,488.078000,489.158000,322823.986313
2020.10.22,00:00,493.277000,493.277000,481.617000,485.777000,233232.617981
2020.10.23,00:00,486.998000,489.437000,481.168000,488.188000,210677.391777
2020.10.26,00:00,486.697000,496.157000,478.887000,488.627000,239049.123230
2020.10.27,00:00,489.547000,489.547000,482.857000,489.317000,220741.116730
2020.10.28,00:00,485.248000,493.558000,483.127000,486.798000,222066.918556
2020.10.29,00:00,488.008000,512.488000,479.157000,505.388000,255673.783676
2020.10.30,00:00,501.118000,504.277000,472.098000,476.038000,276158.354416
2020.11.02,00:00,475.778000,485.827000,474.637000,484.188000,184018.567871
2020.11.03,00:00,485.147000,494.747000,479.257000,487.578000,171636.704803
2020.11.04,00:00,494.998000,506.717000,493.477000,497.017000,189169.524933
2020.11.05,00:00,504.998000,518.237000,502.758000,513.917000,195644.359943
2020.11.06,00:00,513.918000,515.018000,502.237000,515.018000,159203.976265
2020.11.09,00:00,484.848000,495.337000,466.758000,471.038000,274443.206955
2020.11.10,00:00,470.497000,483.968000,463.167000,480.488000,275005.107590
2020.11.11,00:00,482.888000,491.378000,477.997000,491.218000,228346.885406
2020.11.12,00:00,490.398000,495.828000,480.307000,487.057000,203224.427589
2020.11.13,00:00,488.108000,488.108000,477.717000,483.118000,135891.284550
2020.11.16,00:00,481.018000,484.678000,477.287000,479.138000,144203.791203
2020.11.17,00:00,479.997000,487.138000,479.197000,481.108000,122566.088463
2020.11.18,00:00,481.988000,488.207000,476.997000,482.298000,127516.136798
2020.11.19,00:00,481.998000,487.497000,480.027000,484.818000,101318.488117
2020.11.20,00:00,484.998000,494.557000,481.347000,488.708000,168216.350697
2020.11.23,00:00,489.997000,489.997000,475.668000,476.648000,168846.683313
2020.11.24,00:00,478.357000,483.908000,475.597000,483.017000,134246.251942
2020.11.25,00:00,483.548000,486.837000,478.757000,485.398000,132301.259438
2020.11.27,00:00,486.808000,492.907000,481.428000,491.318000,89455.821022
2020.11.30,00:00,489.457000,491.358000,481.097000,490.688000,130688.768681
2020.12.01,00:00,492.198000,509.157000,491.497000,504.768000,177106.390129
2020.12.02,00:00,501.487000,506.358000,493.197000,503.638000,120963.578197
2020.12.03,00:00,503.008000,507.818000,495.997000,496.968000,120791.032536
2020.12.04,00:00,497.518000,503.278000,493.497000,498.477000,108283.361477
2020.12.07,00:00,499.998000,517.418000,497.247000,516.278000,140746.125641
2020.12.08,00:00,517.998000,520.068000,505.438000,512.738000,101385.866047
2020.12.09,00:00,509.757000,513.998000,490.998000,494.708000,167723.876183
2020.12.10,00:00,494.307000,503.078000,492.517000,501.177000,138358.762917
2020.12.11,00:00,494.997000,503.117000,494.617000,503.117000,126691.336765
2020.12.14,00:00,504.197000,523.897000,500.777000,523.658000,193799.653748
2020.12.15,00:00,517.378000,522.558000,513.527000,519.747000,135622.977291
2020.12.16,00:00,519.497000,527.078000,517.497000,525.118000,124430.163353
2020.12.17,00:00,528.028000,534.838000,526.267000,533.128000,122117.595234
2020.12.18,00:00,532.997000,535.118000,525.997000,534.188000,104510.057896
2020.12.21,00:00,529.107000,532.088000,521.147000,528.908000,133510.102846
2020.12.22,00:00,528.148000,529.347000,520.267000,527.378000,113760.095779
2020.12.23,00:00,524.697000,524.997000,514.257000,515.028000,99690.082392
2020.12.24,00:00,514.498000,518.408000,512.098000,513.667000,57420.040249
2020.12.28,00:00,513.667000,523.247000,506.998000,519.218000,110930.079750
2020.12.29,00:00,518.927000,536.107000,514.818000,531.168000,147450.084812
2020.12.30,00:00,529.998000,530.958000,523.587000,524.888000,93580.074385
2020.12.31,00:00,525.147000,545.078000,522.727000,541.298000,161630.106014
2021.01.04,00:00,540.847000,540.847000,514.997000,523.008000,181230.127495
2021.01.05,00:00,521.008000,526.368000,515.997000,520.777000,130750.095745
2021.01.06,00:00,509.997000,512.788000,499.467000,500.257000,175920.133116
2021.01.07,00:00,507.507000,515.328000,506.337000,508.717000,66740.598513
2021.01.08,00:00,511.147000,512.728000,504.207000,510.708000,1519.204514
2021.01.11,00:00,507.027000,509.457000,497.847000,499.548000,1393.414287
2021.01.12,00:00,499.997000,500.568000,485.647000,494.517000,1777.674628
2021.01.13,00:00,494.857000,511.978000,492.798000,507.888000,1615.962130
2021.01.14,00:00,506.998000,513.457000,499.467000,500.997000,1381.620357
2021.01.15,00:00,500.257000,505.458000,495.047000,498.187000,1984.664452
2021.01.19,00:00,499.998000,508.148000,492.997000,502.078000,1868.759077
2021.01.20,00:00,563.427000,592.985000,556.387000,587.997000,3599.491657
2021.01.21,00:00,582.267000,587.458000,570.328000,580.128000,2154.418360
2021.01.22,00:00,578.807000,581.717000,564.277000,565.368000,1632.088037
2021.01.25,00:00,566.997000,568.188000,548.318000,556.918000,1832.547650
2021.01.26,00:00,554.008000,567.308000,552.997000,561.688000,1266.898196
2021.01.27,00:00,550.247000,550.247000,515.667000,525.168000,1796.054667
2021.01.28,00:00,535.908000,552.498000,531.767000,538.908000,1663.839000
2021.01.29,00:00,537.328000,539.997000,530.117000,533.538000,1730.014820
2021.02.01,00:00,536.328000,544.907000,531.347000,539.157000,1266.932319
2021.02.02,00:00,542.197000,555.027000,538.167000,548.478000,1325.939621
2021.02.03,00:00,549.367000,549.718000,538.137000,540.428000,1291.444910
2021.02.04,00:00,538.997000,558.787000,537.177000,552.158000,1546.393798
2021.02.05,00:00,552.107000,554.337000,545.497000,550.948000,1086.522550
2021.02.08,00:00,554.257000,554.418000,543.127000,547.778000,1006.700316
2021.02.09,00:00,545.998000,563.617000,542.997000,559.037000,1114.903710
2021.02.10,00:00,561.578000,566.068000,552.997000,563.738000,1400.223160
2021.02.11,00:00,562.838000,564.047000,554.197000,557.707000,1241.791224
2021.02.12,00:00,555.997000,560.068000,550.587000,556.808000,1005.278146
2021.02.16,00:00,556.737000,562.767000,552.727000,557.337000,1175.383153
2021.02.17,00:00,550.578000,554.257000,542.997000,551.438000,1232.687797
2021.02.18,00:00,547.868000,549.567000,538.147000,547.978000,1683.404216
2021.02.19,00:00,548.008000,548.008000,538.607000,540.478000,1348.008897
2021.02.22,00:00,533.798000,541.648000,530.757000,534.207000,1546.848904
2021.02.23,00:00,524.948000,548.038000,516.658000,547.018000,1814.465745
2021.02.24,00:00,539.657000,556.517000,539.328000,554.508000,1475.550014
2021.02.25,00:00,550.177000,555.478000,535.568000,547.777000,1807.464292
2021.02.26,00:00,546.837000,552.727000,537.617000,539.898000,1758.669035
2021.03.01,00:00,544.738000,551.657000,541.697000,551.138000,3528.009417
2021.03.02,00:00,553.088000,555.008000,545.957000,548.267000,2300.367438
2021.03.03,00:00,545.228000,546.917000,517.517000,521.098000,2676.493760
2021.03.04,00:00,521.697000,531.027000,507.377000,511.398000,1956.072902
2021.03.05,00:00,511.858000,517.597000,498.937000,517.328000,1982.976540
2021.03.08,00:00,513.707000,518.548000,492.697000,494.038000,1860.780838
2021.03.09,00:00,506.247000,512.488000,503.767000,506.608000,1350.365381
2021.03.10,00:00,511.998000,518.087000,504.157000,505.298000,1777.781686
2021.03.11,00:00,511.677000,528.957000,509.997000,523.017000,1566.581125
2021.03.12,00:00,512.997000,519.797000,506.387000,518.268000,1753.190522
2021.03.15,00:00,515.997000,520.607000,507.997000,520.607000,1450.770991
2021.03.16,00:00,523.707000,533.127000,521.998000,524.178000,1228.470742
2021.03.17,00:00,520.538000,528.098000,514.227000,524.368000,1327.481815
2021.03.18,00:00,514.998000,517.378000,503.407000,505.578000,1635.089375
2021.03.19,00:00,504.998000,512.767000,501.497000,512.767000,1685.086662
2021.03.22,00:00,510.408000,528.568000,510.007000,523.307000,1230.294723
2021.03.23,00:00,529.198000,542.608000,529.197000,534.898000,1620.922937
2021.03.24,00:00,532.997000,532.997000,519.997000,521.368000,1727.980969
2021.03.25,00:00,515.508000,517.558000,496.997000,503.188000,2024.228324
2021.03.26,00:00,503.678000,508.548000,496.487000,508.548000,1649.287749
2021.03.29,00:00,504.457000,517.577000,503.997000,514.278000,5406.965756
2021.03.30,00:00,510.617000,514.228000,506.517000,513.668000,4933.257901
2021.03.31,00:00,514.998000,527.848000,514.997000,522.378000,1308.171287
2021.04.01,00:00,529.708000,540.187000,526.628000,540.178000,1402.676336
2021.04.05,00:00,539.997000,542.568000,528.607000,540.658000,1161.096903
2021.04.06,00:00,544.497000,553.007000,543.227000,544.538000,1310.089805
2021.04.07,00:00,542.657000,549.338000,540.938000,546.787000,1153.077170
2021.04.08,00:00,550.047000,555.868000,547.098000,554.918000,1493.402356
2021.04.09,00:00,552.028000,556.358000,546.567000,555.368000,1184.489845
2021.04.12,00:00,549.997000,557.208000,549.297000,553.068000,1182.953665
2021.04.13,00:00,557.028000,559.348000,550.227000,553.988000,1109.121803
2021.04.14,00:00,554.347000,554.347000,538.387000,540.018000,1536.510264
2021.04.15,00:00,542.197000,553.287000,541.697000,549.047000,1283.378136
2021.04.16,00:00,549.998000,549.998000,539.397000,546.638000,1165.295555
2021.04.19,00:00,546.898000,554.477000,545.388000,554.388000,1506.143816
2021.04.20,00:00,553.498000,562.007000,546.257000,549.527000,1818.861304
2021.04.21,00:00,507.018000,515.056000,503.077000,508.747000,2848.840729
2021.04.22,00:00,513.626000,513.626000,500.517000,509.297000,2309.783370
2021.04.23,00:00,507.607000,508.326000,500.546000,505.567000,1517.145372
2021.04.26,00:00,506.196000,510.427000,502.996000,510.427000,1265.150863
2021.04.27,00:00,511.807000,511.807000,504.416000,506.117000,1206.322854
2021.04.28,00:00,504.467000,508.036000,503.296000,506.946000,1246.440733
2021.04.29,00:00,507.437000,509.067000,498.996000,508.997000,1409.565436
2021.04.30,00:00,505.436000,514.186000,505.296000,513.806000,1436.734035
2021.05.03,00:00,512.507000,518.097000,505.076000,509.387000,1435.309869
2021.05.04,00:00,510.777000,510.777000,496.497000,503.337000,1585.916246
2021.05.05,00:00,503.527000,507.227000,494.577000,496.246000,1327.938324
2021.05.06,00:00,495.497000,499.396000,491.246000,499.396000,1430.473367
2021.05.07,00:00,502.846000,508.266000,500.737000,504.317000,1478.870343
2021.05.10,00:00,500.906000,502.217000,486.056000,486.947000,1371.061457
2021.05.11,00:00,478.496000,497.856000,478.186000,495.237000,1749.494690
2021.05.12,00:00,486.096000,492.996000,482.706000,485.157000,1700.903680
2021.05.13,00:00,488.147000,490.326000,482.496000,487.216000,1622.115226
2021.05.14,00:00,487.197000,494.707000,485.897000,493.807000,1173.183342
2021.05.17,00:00,485.507000,492.167000,482.426000,489.056000,1226.393206
2021.05.18,00:00,487.166000,493.237000,485.876000,487.007000,1168.984215
2021.05.19,00:00,480.196000,488.166000,477.996000,487.696000,1466.219944
2021.05.20,00:00,489.407000,502.537000,488.576000,501.617000,1387.204934
2021.05.21,00:00,502.247000,504.137000,497.116000,498.477000,1228.113850
2021.05.24,00:00,499.987000,503.946000,498.976000,502.857000,984.692534
2021.05.25,00:00,505.316000,505.316000,499.067000,501.427000,1132.438608
2021.05.26,00:00,501.177000,503.986000,499.996000,502.626000,927.824924
2021.05.27,00:00,501.057000,504.777000,498.146000,504.697000,1068.753958
2021.05.28,00:00,503.057000,511.326000,502.456000,502.866000,1150.166470
2021.06.01,00:00,503.877000,504.946000,497.506000,498.876000,1001.029258
2021.06.02,00:00,497.997000,503.057000,495.776000,499.387000,982.619101
2021.06.03,00:00,494.726000,496.157000,487.226000,489.347000,1339.112127
2021.06.04,00:00,491.496000,501.156000,490.036000,494.627000,1048.299274
2021.06.07,00:00,492.006000,496.496000,490.497000,494.587000,1001.410456
2021.06.08,00:00,496.396000,498.386000,489.276000,492.547000,1064.701726
2021.06.09,00:00,493.566000,495.306000,484.526000,486.247000,1150.013190
2021.06.10,00:00,485.756000,489.767000,481.996000,487.217000,1334.349827
2021.06.11,00:00,489.557000,491.247000,487.456000,488.956000,1091.900572
2021.06.14,00:00,488.996000,502.796000,486.996000,499.867000,1495.625039
2021.06.15,00:00,499.506000,499.736000,490.226000,492.066000,1245.623599
2021.06.16,00:00,494.496000,496.147000,485.996000,492.476000,1540.930608
2021.06.17,00:00,489.006000,501.506000,489.006000,498.727000,1508.547479
2021.06.18,00:00,496.797000,504.386000,495.006000,501.347000,1468.440521
2021.06.21,00:00,501.487000,501.487000,492.196000,497.326000,1383.333966
2021.06.22,00:00,498.147000,513.356000,495.506000,508.767000,1901.355670
2021.06.23,00:00,507.837000,516.337000,507.487000,512.777000,1304.018572
2021.06.24,00:00,516.836000,520.476000,514.087000,518.087000,1295.539430
2021.06.25,00:00,528.636000,532.246000,524.816000,527.436000,1364.627018
2021.06.28,00:00,527.997000,533.796000,524.386000,533.207000,1161.319655
2021.06.29,00:00,531.896000,535.637000,528.556000,533.436000,1024.430196
2021.06.30,00:00,532.627000,533.806000,526.736000,528.627000,973.084885
2021.07.01,00:00,525.696000,536.656000,524.496000,533.497000,1088.392159
2021.07.02,00:00,535.187000,537.646000,529.277000,533.856000,1060.174905
2021.07.06,00:00,532.506000,542.676000,532.367000,541.797000,1270.598890
2021.07.07,00:00,544.476000,544.476000,531.287000,536.127000,1135.297808
2021.07.08,00:00,530.447000,534.867000,528.996000,530.607000,1411.428954
2021.07.09,00:00,530.246000,537.967000,528.487000,536.136000,1291.976272
2021.07.12,00:00,539.827000,539.827000,532.677000,537.357000,927.674242
2021.07.13,00:00,535.986000,545.066000,534.806000,540.586000,1201.100349
2021.07.14,00:00,540.816000,553.717000,540.816000,548.047000,1503.785983
2021.07.15,00:00,553.736000,556.966000,538.116000,543.107000,1979.877886
2021.07.16,00:00,541.446000,542.786000,526.956000,530.076000,1406.114163
2021.07.19,00:00,525.126000,534.137000,521.756000,532.116000,1786.205622
2021.07.20,00:00,525.896000,536.316000,520.186000,531.777000,1543.424625
2021.07.21,00:00,526.076000,528.407000,505.576000,513.876000,1960.650565
2021.07.22,00:00,509.996000,512.997000,506.996000,511.707000,1332.923599
2021.07.23,00:00,511.436000,517.107000,504.546000,515.727000,1274.800242
2021.07.26,00:00,514.357000,520.936000,509.007000,516.667000,1054.190242
2021.07.27,00:00,517.946000,521.377000,511.987000,519.106000,1463.095093
2021.07.28,00:00,520.327000,523.546000,516.996000,519.907000,1222.584032
2021.07.29,00:00,520.066000,520.317000,513.746000,514.257000,997.676116
2021.07.30,00:00,510.917000,519.247000,509.997000,517.796000,1295.387182
2021.08.02,00:00,518.806000,519.117000,510.297000,515.397000,1158.002459
2021.08.03,00:00,513.997000,514.917000,505.166000,510.677000,1194.502619
2021.08.04,00:00,512.997000,517.826000,509.976000,517.637000,1220.100744
2021.08.05,00:00,516.507000,525.196000,513.926000,525.026000,972.579452
2021.08.06,00:00,523.386000,525.576000,519.267000,520.496000,845.258685
2021.08.09,00:00,521.227000,522.156000,517.946000,520.096000,892.261058
2021.08.10,00:00,519.416000,520.036000,512.836000,515.877000,1019.379996
2021.08.11,00:00,515.996000,518.857000,509.706000,512.427000,958.976069
2021.08.12,00:00,510.997000,512.497000,507.056000,510.687000,779.757922
2021.08.13,00:00,512.227000,521.056000,510.757000,516.037000,1052.974238
2021.08.16,00:00,513.716000,522.726000,511.996000,517.906000,840.759780
2021.08.17,00:00,514.316000,520.647000,514.116000,519.006000,1296.476693
2021.08.18,00:00,519.276000,526.137000,518.206000,522.456000,1323.670772
2021.08.19,00:00,521.857000,547.906000,521.407000,543.847000,2220.524803
2021.08.20,00:00,543.846000,550.896000,538.766000,547.206000,1473.209780
2021.08.23,00:00,544.677000,555.187000,543.297000,553.377000,1117.360568
2021.08.24,00:00,550.997000,555.196000,549.186000,553.467000,953.172086
2021.08.25,00:00,550.056000,551.647000,545.476000,547.577000,1027.098607
2021.08.26,00:00,547.006000,552.466000,545.687000,550.136000,1082.877942
2021.08.27,00:00,550.597000,563.347000,548.446000,559.027000,1352.416063
2021.08.30,00:00,556.996000,566.896000,556.446000,566.227000,1261.008749
2021.08.31,00:00,565.307000,569.386000,561.496000,569.366000,1292.809593
2021.09.01,00:00,568.247000,590.436000,567.766000,582.036000,1815.568149
2021.09.02,00:00,583.597000,598.276000,583.026000,588.537000,1799.769196
2021.09.03,00:00,585.007000,591.636000,583.096000,590.666000,1478.250045
2021.09.07,00:00,593.997000,613.557000,593.696000,606.787000,2496.180421
2021.09.08,00:00,603.496000,615.247000,595.597000,606.167000,2900.610665
2021.09.09,00:00,606.256000,608.626000,595.996000,597.226000,2250.159549
2021.09.10,00:00,597.556000,608.836000,593.436000,598.876000,1442.005737
2021.09.13,00:00,597.996000,597.996000,582.656000,589.266000,1545.533617
2021.09.14,00:00,584.866000,586.126000,575.476000,577.647000,1335.313884
2021.09.15,00:00,577.997000,584.516000,575.186000,582.747000,1290.088971
2021.09.16,00:00,582.997000,587.167000,577.676000,586.587000,1099.878957
2021.09.17,00:00,586.996000,589.987000,580.727000,589.987000,1462.190800
2021.09.20,00:00,587.377000,590.077000,567.776000,575.586000,1956.629312
2021.09.21,00:00,576.796000,580.106000,569.046000,573.607000,1661.497768
2021.09.22,00:00,580.467000,595.117000,579.896000,590.707000,1794.106426
2021.09.23,00:00,590.007000,599.116000,588.986000,593.746000,1433.388556
2021.09.24,00:00,591.347000,592.747000,583.526000,592.747000,1276.081262
2021.09.27,00:00,587.057000,593.356000,576.547000,592.897000,1639.323538
2021.09.28,00:00,587.037000,598.836000,580.056000,584.127000,2589.654089
2021.09.29,00:00,588.997000,609.307000,586.956000,599.106000,2579.654398
2021.09.30,00:00,607.596000,618.686000,607.596000,611.386000,2532.850601
2021.10.01,00:00,604.256000,614.657000,597.246000,613.316000,1882.543730
2021.10.04,00:00,613.507000,623.847000,594.446000,603.897000,2520.594064
2021.10.05,00:00,606.657000,639.996000,606.657000,635.137000,2181.356594
2021.10.06,00:00,627.746000,639.616000,625.926000,639.616000,1863.139050
2021.10.07,00:00,642.796000,645.466000,629.807000,631.827000,1591.131470
2021.10.08,00:00,633.347000,643.086000,629.996000,632.986000,1530.997770
2021.10.11,00:00,632.886000,638.997000,626.526000,627.356000,1333.314443
2021.10.12,00:00,632.466000,637.116000,621.846000,625.507000,1527.029252
2021.10.13,00:00,630.986000,630.986000,621.996000,629.847000,1491.699209
2021.10.14,00:00,632.176000,636.277000,626.576000,633.607000,1217.189661
2021.10.15,00:00,638.816000,638.816000,625.007000,627.887000,1398.226689
2021.10.18,00:00,631.447000,638.157000,620.336000,638.057000,1638.806906
2021.10.19,00:00,636.467000,639.266000,632.306000,639.266000,1482.610798
2021.10.20,00:00,625.016000,636.416000,617.106000,625.307000,2070.455876
2021.10.21,00:00,628.057000,653.865000,628.057000,653.287000,1878.639252
2021.10.22,00:00,651.947000,665.187000,651.407000,665.187000,1775.430937
2021.10.25,00:00,662.896000,675.546000,656.936000,671.777000,1524.608629
2021.10.26,00:00,672.997000,676.236000,662.536000,668.787000,1494.202642
2021.10.27,00:00,668.516000,670.506000,661.046000,663.096000,1076.869627
2021.10.28,00:00,672.126000,676.537000,667.716000,673.967000,1269.796352
2021.10.29,00:00,672.967000,690.557000,670.526000,690.516000,1489.353394
2021.11.01,00:00,688.507000,688.507000,676.496000,681.207000,1212.503168
2021.11.02,00:00,681.877000,685.616000,673.606000,677.586000,1183.005591
2021.11.03,00:00,676.996000,689.216000,676.996000,688.417000,1161.187359
2021.11.04,00:00,685.107000,685.107000,665.296000,668.346000,1574.733298
2021.11.05,00:00,662.946000,665.016000,644.996000,645.656000,1568.838031
2021.11.08,00:00,650.056000,655.296000,643.636000,651.867000,1417.046780
2021.11.09,00:00,652.006000,659.056000,650.526000,656.146000,1401.429049
2021.11.10,00:00,652.556000,659.097000,641.996000,646.797000,1319.601518
2021.11.11,00:00,649.776000,665.396000,649.776000,657.646000,1152.132438
2021.11.12,00:00,659.246000,683.036000,653.566000,682.686000,1402.345627
2021.11.15,00:00,680.236000,684.527000,671.306000,679.407000,1255.108858
2021.11.16,00:00,677.996000,688.147000,676.796000,687.437000,984.681949
2021.11.17,00:00,689.447000,699.506000,685.996000,691.767000,1145.221532
2021.11.18,00:00,689.997000,690.156000,679.446000,681.937000,1061.121419
2021.11.19,00:00,692.076000,692.206000,674.996000,678.997000,1048.122668
2021.11.22,00:00,675.966000,678.496000,656.266000,659.657000,1060.431920
2021.11.23,00:00,657.137000,665.337000,645.996000,654.157000,1298.006116
2021.11.24,00:00,657.497000,660.956000,651.096000,657.916000,980.406229
2021.11.26,00:00,674.996000,674.997000,660.146000,667.586000,854.055919
2021.11.29,00:00,664.097000,667.697000,657.937000,664.047000,1223.159926
2021.11.30,00:00,668.996000,674.777000,640.276000,642.677000,1610.973480
2021.12.01,00:00,648.337000,653.497000,616.997000,618.517000,1512.578717
2021.12.02,00:00,616.997000,624.387000,612.387000,616.387000,1444.581480
2021.12.03,00:00,623.456000,623.456000,594.096000,602.426000,1828.095505
2021.12.06,00:00,605.466000,616.816000,600.627000,612.887000,16.588000
2021.12.07,00:00,619.486000,628.597000,611.196000,625.827000,1272.852629
2021.12.08,00:00,631.437000,632.097000,622.997000,628.287000,1060.101861
2021.12.09,00:00,627.276000,629.716000,609.997000,611.346000,1027.806312
2021.12.10,00:00,616.656000,616.656000,605.726000,611.607000,1069.114513
2021.12.13,00:00,611.997000,611.997000,598.996000,605.337000,2763.019308
2021.12.14,00:00,597.006000,601.497000,588.106000,598.067000,1303.946985
2021.12.15,00:00,598.036000,605.516000,584.306000,605.516000,2847.520962
2021.12.16,00:00,595.986000,602.637000,587.826000,591.516000,1687.846310
2021.12.17,00:00,590.057000,592.136000,581.176000,587.417000,3648.671582
2021.12.20,00:00,585.287000,602.616000,583.616000,593.857000,3814.502558
2021.12.21,00:00,597.416000,607.097000,593.736000,604.966000,3246.613429
2021.12.22,00:00,602.007000,614.487000,602.007000,614.307000,3052.621605
2021.12.23,00:00,615.007000,616.656000,607.036000,614.167000,2546.650923
2021.12.27,00:00,613.497000,614.647000,609.246000,613.107000,1861.047924
2021.12.28,00:00,614.026000,618.077000,609.556000,610.667000,2816.841583
2021.12.29,00:00,609.997000,612.986000,603.996000,610.786000,1871.532871
2021.12.30,00:00,612.026000,619.887000,611.086000,612.316000,2363.303968
2022.01.03,00:00,604.387000,607.106000,590.376000,597.177000,2382.073169
2022.01.04,00:00,599.996000,599.996000,581.336000,591.336000,2812.929611
2022.01.05,00:00,591.147000,592.157000,566.736000,567.736000,3206.755797
2022.01.06,00:00,554.346000,561.757000,541.476000,553.226000,3657.584300
2022.01.07,00:00,549.007000,551.006000,537.996000,541.826000,2740.778353
2022.01.10,00:00,538.306000,543.177000,526.096000,540.387000,3146.986165
2022.01.11,00:00,535.817000,543.657000,529.996000,540.467000,2795.805603
2022.01.12,00:00,543.506000,543.506000,531.996000,536.977000,2685.853766
2022.01.13,00:00,536.727000,539.606000,518.106000,518.947000,3063.070454
2022.01.14,00:00,517.297000,535.616000,511.797000,525.416000,3567.309240
2022.01.18,00:00,519.996000,520.007000,508.477000,510.657000,3506.076849
2022.01.19,00:00,514.926000,522.527000,510.436000,515.886000,3012.412312
2022.01.20,00:00,517.047000,524.957000,505.746000,509.407000,4136.238378
2022.01.21,00:00,399.926000,407.597000,379.906000,397.976000,7598.564080
2022.01.24,00:00,382.886000,386.597000,351.466000,386.597000,2464.371902
2022.01.25,00:00,378.696000,386.377000,365.106000,367.006000,2904.649765
2022.01.26,00:00,377.996000,382.146000,356.446000,359.757000,3881.726873
2022.01.27,00:00,381.987000,393.526000,377.996000,388.057000,6296.582474
2022.01.28,00:00,386.186000,386.186000,372.006000,383.626000,4637.625130
2022.01.31,00:00,401.826000,427.566000,397.996000,427.566000,3454.138694
2022.02.01,00:00,432.916000,458.096000,425.396000,457.926000,4787.463634
2022.02.02,00:00,448.117000,449.836000,426.416000,429.276000,4721.030500
2022.02.03,00:00,420.197000,428.357000,404.396000,406.157000,3865.745576
2022.02.04,00:00,408.326000,412.497000,396.456000,411.337000,3799.629151
2022.02.07,00:00,410.166000,410.796000,393.466000,402.507000,3662.124691
2022.02.08,00:00,397.877000,406.226000,395.616000,403.857000,3743.211650
2022.02.09,00:00,408.517000,412.946000,398.766000,412.946000,3226.950173
2022.02.10,00:00,402.257000,407.586000,396.146000,407.266000,3727.276476
2022.02.11,00:00,404.297000,411.177000,387.546000,391.856000,3938.654844
2022.02.14,00:00,386.866000,408.546000,386.866000,397.267000,6685.985661
2022.02.15,00:00,403.517000,408.876000,400.996000,407.577000,3839.372943
2022.02.16,00:00,401.117000,401.117000,390.236000,398.586000,3473.319675
2022.02.17,00:00,393.327000,398.766000,385.636000,387.336000,3689.194503
2022.02.18,00:00,392.226000,401.806000,388.997000,390.826000,4839.058397
2022.02.22,00:00,388.756000,391.727000,372.996000,377.487000,6399.114088
2022.02.23,00:00,381.006000,384.676000,365.996000,367.766000,4213.978211
2022.02.24,00:00,354.476000,390.427000,353.996000,390.286000,6104.588540
2022.02.25,00:00,386.426000,390.996000,375.316000,390.797000,4944.726267
2022.02.28,00:00,387.317000,397.247000,381.996000,394.846000,4720.275967
2022.03.01,00:00,391.567000,394.767000,383.637000,386.597000,4117.431651
2022.03.02,00:00,388.886000,388.886000,375.056000,380.806000,3867.951095
2022.03.03,00:00,385.006000,385.006000,364.576000,368.087000,3934.215974
2022.03.04,00:00,366.656000,373.116000,357.116000,360.407000,3793.196045
2022.03.07,00:00,358.967000,361.636000,350.036000,350.596000,4473.528192
2022.03.08,00:00,348.947000,358.167000,340.316000,341.817000,2483.658410
2022.03.09,00:00,355.737000,363.936000,349.996000,358.906000,4025.955293
2022.03.10,00:00,355.037000,365.597000,353.066000,357.267000,4989.665755
2022.03.11,00:00,359.866000,361.147000,339.826000,340.097000,3958.456881
2022.03.14,00:00,338.007000,340.326000,329.796000,331.127000,3918.451017
2022.03.15,00:00,333.696000,345.256000,332.096000,343.876000,4453.562755
2022.03.16,00:00,347.486000,357.406000,342.996000,357.406000,4905.620481
2022.03.17,00:00,357.256000,372.927000,354.496000,371.287000,4223.380596
2022.03.18,00:00,372.207000,381.657000,368.446000,380.756000,3835.443189
2022.03.21,00:00,377.506000,380.817000,368.396000,374.677000,3811.541703
2022.03.22,00:00,370.756000,386.547000,366.136000,382.886000,4250.556991
2022.03.23,00:00,379.387000,381.267000,374.436000,375.046000,3917.350829
2022.03.24,00:00,378.017000,378.017000,368.676000,375.657000,2981.430084
2022.03.25,00:00,375.387000,377.237000,366.266000,373.987000,3683.631479
2022.03.28,00:00,374.387000,379.816000,366.656000,378.437000,3467.097445
2022.03.29,00:00,384.227000,396.297000,380.056000,391.677000,3833.597271
2022.03.30,00:00,388.946000,392.186000,378.496000,381.436000,2936.696907
2022.03.31,00:00,383.707000,383.707000,373.286000,375.336000,4315.674920
2022.04.01,00:00,374.997000,380.197000,368.236000,373.546000,3262.328464
2022.04.04,00:00,374.147000,395.707000,372.856000,391.566000,3335.347928
2022.04.05,00:00,389.247000,389.247000,376.996000,380.137000,3304.443485
2022.04.06,00:00,372.997000,374.997000,362.556000,368.896000,4967.837481
2022.04.07,00:00,364.196000,367.636000,353.527000,362.257000,4134.037776
2022.04.08,00:00,361.547000,362.146000,354.807000,355.897000,3778.957107
2022.04.11,00:00,349.146000,353.796000,345.086000,348.426000,3630.902937
2022.04.12,00:00,355.607000,358.336000,342.186000,344.767000,3919.399558
2022.04.13,00:00,343.577000,351.747000,340.836000,350.457000,2963.541852
2022.04.14,00:00,350.566000,350.566000,339.796000,340.907000,3354.599329
2022.04.18,00:00,338.997000,340.506000,331.466000,337.686000,4031.025891
2022.04.19,00:00,333.667000,351.427000,333.186000,348.707000,3292.097047
2022.04.20,00:00,245.116000,247.156000,212.326000,226.337000,8255.033603
2022.04.21,00:00,219.806000,227.076000,211.506000,218.346000,6912.603604
2022.04.22,00:00,220.007000,225.947000,210.016000,215.516000,6149.625281
2022.04.25,00:00,213.757000,215.466000,204.516000,209.916000,5768.716730
2022.04.26,00:00,208.486000,208.496000,198.146000,198.837000,4068.986711
2022.04.27,00:00,193.467000,199.517000,187.696000,188.677000,5308.993815
2022.04.28,00:00,191.146000,201.297000,185.536000,199.397000,6172.502437
2022.04.29,00:00,198.667000,204.287000,189.926000,190.077000,4987.539121
2022.05.02,00:00,191.547000,199.827000,190.006000,199.557000,5833.061315
2022.05.03,00:00,198.226000,202.837000,194.636000,199.946000,4207.426591
2022.05.04,00:00,197.646000,204.176000,190.996000,204.116000,4129.317316
2022.05.05,00:00,200.107000,200.107000,186.096000,188.316000,5055.771606
2022.05.06,00:00,186.087000,186.087000,175.637000,181.117000,4982.598472
2022.05.09,00:00,177.057000,182.506000,172.257000,173.376000,4451.039732
2022.05.10,00:00,175.507000,181.717000,170.476000,178.066000,6023.975769
2022.05.11,00:00,175.857000,180.497000,165.517000,166.307000,6605.651327
2022.05.12,00:00,163.956000,177.487000,162.627000,174.447000,6002.170077
2022.05.13,00:00,176.866000,187.726000,175.796000,187.726000,5399.488469
2022.05.16,00:00,193.136000,195.337000,185.646000,186.587000,5831.207331
2022.05.17,00:00,188.907000,190.936000,185.096000,190.527000,4930.033720
2022.05.18,00:00,186.677000,186.966000,176.237000,177.177000,3922.673755
2022.05.19,00:00,177.777000,186.026000,175.656000,183.626000,5104.018765
2022.05.20,00:00,185.436000,190.026000,179.736000,186.437000,6993.630591
2022.05.23,00:00,185.946000,187.527000,177.787000,187.527000,4413.994134
2022.05.24,00:00,181.906000,183.107000,176.996000,180.296000,3822.785947
2022.05.25,00:00,179.727000,188.727000,179.436000,187.866000,5013.529483
2022.05.26,00:00,186.317000,192.157000,182.966000,191.477000,3882.224550
2022.05.27,00:00,192.976000,195.167000,190.247000,194.937000,3385.015476
2022.05.31,00:00,195.436000,199.757000,190.617000,197.427000,4816.277520
2022.06.01,00:00,197.997000,202.257000,191.607000,193.277000,4289.260382
2022.06.02,00:00,192.137000,205.357000,191.436000,205.337000,3940.257652
2022.06.03,00:00,200.697000,202.697000,197.996000,199.106000,3676.463203
2022.06.06,00:00,201.877000,203.147000,195.337000,197.186000,4055.586151
2022.06.07,00:00,194.376000,199.327000,192.717000,198.577000,3207.941704
2022.06.08,00:00,197.557000,207.207000,197.556000,202.757000,4271.183578
2022.06.09,00:00,199.997000,200.507000,192.296000,192.956000,3895.753839
2022.06.10,00:00,182.007000,185.397000,180.726000,183.297000,4019.370817
2022.06.13,00:00,176.237000,178.786000,168.916000,169.887000,4807.945394
2022.06.14,00:00,169.486000,171.417000,164.246000,167.716000,6256.690716
2022.06.15,00:00,169.007000,183.506000,168.466000,180.096000,5595.450133
2022.06.16,00:00,173.946000,175.376000,171.316000,173.366000,3936.529054
2022.06.17,00:00,175.106000,179.456000,173.496000,175.527000,4858.990887
2022.06.21,00:00,177.396000,178.156000,169.796000,170.906000,3476.687650
2022.06.22,00:00,170.286000,182.407000,169.656000,179.057000,3812.826129
2022.06.23,00:00,180.026000,182.687000,175.867000,181.826000,4168.631974
2022.06.24,00:00,183.126000,190.876000,181.716000,190.777000,3204.580136
2022.06.27,00:00,191.656000,191.656000,182.366000,189.207000,3100.700439
2022.06.28,00:00,188.927000,191.916000,179.307000,179.587000,3175.087963
2022.06.29,00:00,178.486000,180.436000,175.126000,178.507000,3158.748765
2022.06.30,00:00,177.286000,179.147000,170.166000,174.996000,4103.721666
2022.07.01,00:00,175.197000,180.057000,174.056000,179.777000,3967.745533
2022.07.05,00:00,176.276000,185.877000,172.596000,185.877000,4184.703208
2022.07.06,00:00,185.046000,185.676000,180.666000,184.217000,3646.074738
2022.07.07,00:00,184.196000,190.096000,183.347000,189.357000,2601.551812
2022.07.08,00:00,185.106000,189.756000,182.527000,186.936000,3172.548478
2022.07.11,00:00,184.607000,184.607000,176.846000,177.297000,2831.861917
2022.07.12,00:00,176.557000,179.196000,173.366000,174.507000,4169.138871
2022.07.13,00:00,169.697000,178.886000,169.696000,176.876000,4590.322829
2022.07.14,00:00,175.116000,176.797000,171.646000,174.777000,3771.161816
2022.07.15,00:00,175.346000,189.137000,174.456000,189.137000,5211.171282
2022.07.18,00:00,192.156000,199.357000,189.657000,191.047000,5764.451963
2022.07.19,00:00,192.887000,201.876000,188.286000,201.876000,3641.021471
2022.07.20,00:00,208.157000,216.777000,199.996000,216.756000,4230.558331
2022.07.21,00:00,214.256000,224.106000,211.247000,223.867000,6567.413575
2022.07.22,00:00,222.336000,229.056000,218.417000,220.547000,4980.678267
2022.07.25,00:00,220.167000,224.746000,216.316000,218.566000,2898.425547
2022.07.26,00:00,216.466000,218.906000,211.446000,214.147000,2948.310414
2022.07.27,00:00,215.946000,227.326000,214.356000,226.967000,3417.131526
2022.07.28,00:00,224.576000,226.907000,219.646000,226.067000,4701.185346
2022.07.29,00:00,223.216000,230.377000,221.996000,224.987000,3660.323930
2022.08.01,00:00,222.647000,228.097000,220.636000,226.227000,3541.109435
2022.08.02,00:00,222.696000,227.826000,220.846000,221.457000,3653.749784
2022.08.03,00:00,223.276000,227.866000,222.186000,226.827000,3302.345118
2022.08.04,00:00,227.286000,231.596000,225.186000,229.957000,4743.746133
2022.08.05,00:00,225.386000,228.397000,222.776000,226.887000,5065.682969
2022.08.08,00:00,227.697000,241.687000,225.976000,233.527000,3287.611786
2022.08.09,00:00,231.397000,231.397000,224.566000,230.027000,4169.976815
2022.08.10,00:00,236.007000,244.436000,236.006000,244.067000,3804.981229
2022.08.11,00:00,244.337000,251.167000,241.446000,242.737000,3724.716392
2022.08.12,00:00,244.587000,249.377000,243.496000,249.377000,2681.960854
2022.08.15,00:00,247.637000,251.516000,247.436000,248.977000,1858.623387
2022.08.16,00:00,247.147000,248.896000,243.896000,245.767000,2984.628893
2022.08.17,00:00,241.447000,244.077000,237.496000,241.307000,1586.961416
2022.08.18,00:00,240.996000,246.216000,238.937000,245.126000,1303.742629
2022.08.19,00:00,241.177000,241.897000,235.586000,241.477000,2793.808968
2022.08.22,00:00,231.436000,232.867000,224.237000,226.707000,3056.989366
2022.08.23,00:00,225.937000,229.296000,224.216000,224.557000,2689.346823
2022.08.24,00:00,225.547000,233.867000,223.636000,229.557000,2461.193510
2022.08.25,00:00,229.966000,234.037000,228.567000,234.037000,2789.576702
2022.08.26,00:00,233.336000,236.656000,223.097000,223.386000,1864.932537
2022.08.29,00:00,221.636000,229.547000,221.036000,224.777000,2202.610961
2022.08.30,00:00,224.467000,224.467000,224.467000,224.467000,0.000000
2022.08.31,00:00,224.467000,224.467000,224.467000,224.467000,0.000000
2022.09.01,00:00,224.467000,224.467000,224.467000,224.467000,0.000000
2022.09.02,00:00,224.467000,224.467000,224.467000,224.467000,0.000000
2022.09.06,00:00,225.137000,225.137000,214.556000,218.457000,86.587200
2022.09.07,00:00,219.806000,229.236000,217.976000,228.947000,69.993600
2022.09.08,00:00,224.157000,228.586000,221.246000,227.536000,66.192000
2022.09.09,00:00,229.617000,234.576000,229.326000,233.836000,23.167200
2022.09.12,00:00,233.467000,239.016000,233.006000,236.577000,38.749200
2022.09.13,00:00,225.116000,226.816000,217.616000,218.257000,28.357200
2022.09.14,00:00,219.427000,226.736000,215.636000,224.447000,37.023600
2022.09.15,00:00,230.137000,241.927000,228.996000,235.597000,58.224000
2022.09.16,00:00,231.217000,241.077000,227.757000,240.427000,142.501200
2022.09.19,00:00,244.917000,244.917000,235.607000,243.636000,54.459600
2022.09.20,00:00,240.057000,249.776000,239.516000,242.867000,41.389200
2022.09.21,00:00,242.236000,246.966000,236.586000,237.117000,34.488000
2022.09.22,00:00,234.997000,240.186000,231.657000,237.387000,63.212400
2022.09.23,00:00,234.787000,235.537000,221.366000,226.416000,61.267200
2022.09.26,00:00,224.156000,232.287000,222.926000,224.227000,40.725600
2022.09.27,00:00,228.096000,230.326000,220.586000,224.437000,59.938800
2022.09.28,00:00,229.346000,246.287000,226.726000,245.557000,61.572000
2022.09.29,00:00,241.176000,246.027000,235.486000,239.827000,103.676400
2022.09.30,00:00,236.617000,242.156000,233.146000,235.427000,78.710400
2022.10.03,00:00,237.566000,241.266000,232.616000,238.877000,52.994400
2022.10.04,00:00,244.826000,244.826000,233.016000,240.886000,62.161200
2022.10.05,00:00,238.156000,240.397000,227.096000,236.497000,53.042400
2022.10.06,00:00,238.087000,244.046000,233.716000,240.087000,64.543200
2022.10.07,00:00,235.117000,236.626000,224.186000,224.917000,53.848800
2022.10.10,00:00,225.436000,233.047000,223.996000,230.327000,68.262000
2022.10.11,00:00,225.996000,228.976000,213.416000,214.397000,50.202000
2022.10.12,00:00,213.656000,223.556000,212.847000,220.906000,44.311200
2022.10.13,00:00,212.037000,233.986000,211.496000,232.947000,64.531200
2022.10.14,00:00,236.617000,236.807000,229.446000,230.027000,56.947200
2022.10.17,00:00,234.017000,249.476000,233.826000,245.097000,43.470000
2022.10.18,00:00,244.976000,244.976000,237.556000,241.037000,28.309200
2022.10.19,00:00,264.686000,278.567000,262.517000,272.246000,37.260000
2022.10.20,00:00,272.056000,278.006000,266.266000,268.436000,29.956800
2022.10.21,00:00,267.617000,290.037000,265.086000,289.556000,35.686800
2022.10.24,00:00,290.137000,290.137000,280.197000,282.517000,34.816800
2022.10.25,00:00,286.036000,296.566000,285.117000,291.037000,36.148800
2022.10.26,00:00,288.587000,305.087000,287.996000,298.607000,40.761600
2022.10.27,00:00,297.536000,304.496000,294.586000,297.187000,44.740800
2022.10.28,00:00,297.697000,299.937000,292.006000,295.787000,30.865200
2022.10.31,00:00,295.067000,297.097000,289.236000,292.047000,29.444400
2022.11.01,00:00,295.877000,298.326000,286.307000,286.797000,34.435200
2022.11.02,00:00,284.717000,286.487000,272.316000,273.517000,36.741600
2022.11.03,00:00,270.257000,275.766000,268.736000,269.557000,37.430400
2022.11.04,00:00,271.197000,272.097000,255.246000,260.787000,40.928400
2022.11.07,00:00,261.006000,261.006000,252.026000,258.707000,29.301600
2022.11.08,00:00,259.497000,265.806000,256.686000,263.367000,28.568400
2022.11.09,00:00,259.596000,259.886000,254.196000,254.797000,20.532000
2022.11.10,00:00,266.596000,275.207000,259.916000,275.207000,34.760400
2022.11.11,00:00,274.257000,290.586000,271.267000,290.097000,42.672000
2022.11.14,00:00,289.536000,310.187000,287.826000,299.297000,45.051600
2022.11.15,00:00,309.406000,312.087000,302.207000,310.447000,52.503600
2022.11.16,00:00,306.607000,310.216000,303.537000,306.356000,34.599600
2022.11.17,00:00,294.717000,299.307000,290.996000,295.257000,38.046000
2022.11.18,00:00,296.036000,296.036000,286.516000,288.007000,34.052400
2022.11.21,00:00,290.357000,290.947000,282.496000,285.327000,37.515600
2022.11.22,00:00,283.236000,286.926000,277.126000,286.926000,28.426800
2022.11.23,00:00,287.506000,292.307000,283.497000,291.277000,31.814400
2022.11.25,00:00,288.097000,288.457000,283.996000,285.606000,16.267200
2022.11.28,00:00,283.557000,289.166000,280.496000,281.437000,22.393200
2022.11.29,00:00,282.106000,282.116000,275.757000,281.076000,37.552800
2022.11.30,00:00,281.247000,308.177000,280.187000,305.766000,42.078000
2022.12.01,00:00,304.837000,319.477000,303.026000,317.137000,37.898400
2022.12.02,00:00,311.437000,321.856000,311.116000,320.637000,38.439600
2022.12.05,00:00,317.546000,322.086000,310.837000,312.947000,31.640400
2022.12.06,00:00,311.006000,312.217000,302.966000,305.697000,30.632400
2022.12.07,00:00,304.547000,308.536000,302.006000,308.536000,35.604000
2022.12.08,00:00,308.887000,311.996000,304.616000,310.467000,34.518000
2022.12.09,00:00,321.427000,328.876000,319.276000,320.157000,39.402000
2022.12.12,00:00,319.406000,321.137000,308.746000,315.147000,25.476000
2022.12.13,00:00,327.897000,332.057000,317.166000,320.587000,43.004400
2022.12.14,00:00,319.027000,324.466000,314.057000,318.107000,35.710800
2022.12.15,00:00,303.257000,303.257000,286.506000,290.717000,42.499200
2022.12.16,00:00,288.767000,293.787000,288.646000,290.806000,37.359600
2022.12.19,00:00,289.197000,291.857000,286.087000,288.597000,27.114000
2022.12.20,00:00,280.757000,288.736000,280.417000,288.357000,30.368400
2022.12.21,00:00,288.496000,300.257000,286.327000,297.936000,25.118400
2022.12.22,00:00,297.856000,298.336000,290.787000,297.716000,31.356000
2022.12.23,00:00,295.066000,297.157000,291.556000,295.026000,29.194800
2022.12.27,00:00,293.287000,293.287000,281.897000,284.237000,27.079200
2022.12.28,00:00,281.786000,284.267000,273.196000,277.107000,28.844400
2022.12.29,00:00,283.216000,295.216000,280.476000,291.226000,29.289600
2022.12.30,00:00,284.957000,294.736000,283.226000,294.736000,32.608800
2023.01.03,00:00,297.726000,297.726000,288.507000,295.107000,30.319200
2023.01.04,00:00,298.077000,310.797000,294.746000,309.506000,41.167200
2023.01.05,00:00,307.426000,313.377000,304.337000,309.777000,34.264800
2023.01.06,00:00,312.476000,316.657000,303.177000,315.997000,38.698800
2023.01.09,00:00,316.816000,321.607000,313.016000,315.137000,28.612800
2023.01.10,00:00,311.507000,329.216000,311.507000,328.167000,43.080000
2023.01.11,00:00,326.226000,328.486000,321.237000,327.257000,33.312000
2023.01.12,00:00,331.997000,332.276000,322.996000,330.136000,38.703600
2023.01.13,00:00,329.776000,336.026000,328.477000,332.847000,32.514000
2023.01.17,00:00,330.326000,331.047000,323.376000,326.246000,30.227100
2023.01.18,00:00,326.997000,329.727000,321.106000,326.506000,28.303200
2023.01.19,00:00,322.447000,324.426000,313.386000,315.986000,24.890400
2023.01.20,00:00,334.417000,342.567000,332.666000,342.567000,38.304000
2023.01.23,00:00,342.606000,362.016000,340.016000,357.697000,34.380000
2023.01.24,00:00,356.776000,365.367000,354.826000,364.136000,32.794800
2023.01.25,00:00,360.467000,368.657000,358.316000,368.167000,28.789200
2023.01.26,00:00,368.246000,368.397000,361.526000,364.837000,24.996000
2023.01.27,00:00,362.256000,365.396000,360.436000,360.817000,27.201600
2023.01.30,00:00,357.826000,360.236000,352.796000,353.116000,24.583200
2023.01.31,00:00,349.156000,355.346000,348.147000,353.907000,27.796800
2023.02.01,00:00,353.206000,364.937000,349.756000,361.906000,40.645200
2023.02.02,00:00,364.516000,367.716000,358.186000,366.876000,38.134800
2023.02.03,00:00,360.126000,378.976000,359.806000,366.047000,38.859600
2023.02.06,00:00,363.877000,367.396000,360.477000,361.637000,23.006400
2023.02.07,00:00,358.617000,363.617000,353.997000,363.057000,24.669600
2023.02.08,00:00,360.026000,367.886000,357.786000,366.857000,26.504400
2023.02.09,00:00,373.237000,373.237000,361.516000,362.576000,28.718400
2023.02.10,00:00,358.996000,361.726000,347.066000,347.817000,30.238800
2023.02.13,00:00,349.466000,359.507000,344.206000,358.496000,69.949200
2023.02.14,00:00,356.277000,363.357000,353.087000,360.166000,77.618400
2023.02.15,00:00,356.116000,362.676000,354.096000,361.267000,61.717200
2023.02.16,00:00,354.577000,361.286000,349.997000,350.726000,67.015600
2023.02.17,00:00,347.397000,348.596000,342.196000,348.066000,65.032800
2023.02.21,00:00,342.757000,343.857000,336.276000,337.536000,65.445124
2023.02.22,00:00,337.466000,341.157000,332.816000,334.827000,83.408400
2023.02.23,00:00,330.907000,330.907000,314.266000,324.107000,86.688000
2023.02.24,00:00,318.786000,320.457000,314.436000,317.107000,74.977200
2023.02.27,00:00,323.506000,329.536000,321.997000,323.276000,64.506000
2023.02.28,00:00,324.107000,326.857000,321.056000,323.167000,52.052400
2023.03.01,00:00,323.306000,326.107000,311.916000,313.537000,27.370800
2023.03.02,00:00,310.507000,314.336000,310.186000,311.936000,20.804400
2023.03.03,00:00,315.176000,317.196000,310.726000,315.387000,24.962400
2023.03.06,00:00,317.726000,323.006000,311.616000,312.247000,25.809600
2023.03.07,00:00,312.547000,314.007000,306.526000,308.457000,36.206400
2023.03.08,00:00,309.197000,311.617000,305.616000,311.617000,23.710800
2023.03.09,00:00,311.976000,312.087000,294.226000,297.877000,29.558400
2023.03.10,00:00,297.787000,298.136000,288.916000,292.816000,42.854400
2023.03.13,00:00,286.727000,298.616000,285.256000,293.607000,101.686800
2023.03.14,00:00,296.087000,296.946000,290.266000,295.096000,65.727600
2023.03.15,00:00,292.536000,306.206000,292.246000,303.596000,93.733200
2023.03.16,00:00,303.746000,316.006000,301.626000,310.046000,77.493600
2023.03.17,00:00,309.617000,309.957000,299.886000,303.447000,83.572800
2023.03.20,00:00,300.067000,307.266000,295.706000,305.077000,60.525600
2023.03.21,00:00,306.416000,307.517000,300.346000,305.846000,53.503200
2023.03.22,00:00,305.047000,305.787000,293.456000,294.456000,57.390000
2023.03.23,00:00,304.266000,322.377000,304.026000,320.817000,78.514800
2023.03.24,00:00,321.067000,330.847000,321.067000,328.206000,72.265200
2023.03.27,00:00,327.437000,335.917000,324.296000,327.646000,54.052800
2023.03.28,00:00,325.397000,332.777000,321.256000,323.647000,48.362400
2023.03.29,00:00,325.816000,332.496000,325.436000,332.117000,39.475200
2023.03.30,00:00,339.767000,342.846000,335.256000,338.587000,25.564800
2023.03.31,00:00,339.617000,345.757000,337.036000,345.746000,17.035200
2023.04.03,00:00,341.487000,348.386000,340.096000,348.386000,18.806400
2023.04.04,00:00,348.546000,348.546000,343.876000,346.796000,17.628000
2023.04.05,00:00,344.336000,344.336000,336.126000,342.597000,21.691200
2023.04.06,00:00,339.187000,340.157000,332.486000,339.086000,17.946000
2023.04.10,00:00,335.006000,339.716000,333.316000,338.907000,45.032400
2023.04.11,00:00,343.197000,346.647000,337.446000,338.287000,47.497200
2023.04.12,00:00,339.997000,342.286000,329.996000,331.166000,58.599600
2023.04.13,00:00,340.137000,346.357000,338.016000,346.137000,57.420000
2023.04.14,00:00,342.696000,344.126000,336.346000,338.707000,64.670400
2023.04.17,00:00,337.296000,338.126000,327.496000,332.766000,59.079600
2023.04.18,00:00,334.577000,336.896000,330.376000,334.437000,59.794800
2023.04.19,00:00,322.997000,325.167000,315.896000,323.297000,66.474000
2023.04.20,00:00,320.497000,331.237000,317.996000,325.386000,23.635200
2023.04.21,00:00,321.366000,328.187000,319.147000,328.107000,20.041200
2023.04.24,00:00,329.397000,334.257000,326.706000,329.047000,21.259200
2023.04.25,00:00,327.456000,327.617000,320.996000,322.587000,22.219200
2023.04.26,00:00,321.446000,325.496000,320.236000,321.617000,25.269600
2023.04.27,00:00,324.007000,327.256000,317.286000,325.887000,27.561600
2023.04.28,00:00,325.327000,330.687000,323.587000,329.947000,22.356000
2023.05.01,00:00,328.997000,329.696000,318.006000,324.536000,23.181600
2023.05.02,00:00,324.916000,325.817000,315.466000,317.807000,23.310000
2023.05.03,00:00,317.246000,324.357000,315.656000,319.406000,30.470400
2023.05.04,00:00,317.996000,323.417000,317.816000,320.837000,36.772800
2023.05.05,00:00,322.707000,323.627000,319.256000,322.747000,23.392800
2023.05.08,00:00,322.157000,332.376000,321.816000,331.157000,26.352000
2023.05.09,00:00,331.346000,335.947000,329.716000,332.147000,21.068400
2023.05.10,00:00,334.696000,336.777000,329.136000,335.657000,28.063200
2023.05.11,00:00,335.257000,345.396000,331.466000,345.007000,31.557600
2023.05.12,00:00,344.466000,347.446000,337.177000,339.967000,29.604000
2023.05.15,00:00,341.137000,341.137000,335.367000,335.866000,17.583600
2023.05.16,00:00,333.546000,334.857000,331.676000,333.887000,18.206400
2023.05.17,00:00,331.497000,341.166000,329.396000,339.957000,17.913600
2023.05.18,00:00,347.097000,375.676000,346.197000,371.467000,47.139600
2023.05.19,00:00,369.206000,369.206000,363.126000,365.457000,21.128400
2023.05.22,00:00,365.516000,371.637000,362.276000,363.087000,17.833200
2023.05.23,00:00,359.236000,363.866000,354.176000,356.297000,23.956800
2023.05.24,00:00,358.276000,366.787000,356.986000,364.797000,30.015600
2023.05.25,00:00,359.507000,367.156000,356.816000,358.957000,25.176000
2023.05.26,00:00,361.116000,383.347000,355.956000,379.066000,32.392620
2023.05.30,00:00,397.407000,403.277000,385.516000,393.376000,33.795600
2023.05.31,00:00,391.007000,395.887000,388.686000,395.466000,28.584000
2023.06.01,00:00,397.066000,407.307000,392.896000,403.107000,23.967600
2023.06.02,00:00,402.717000,405.836000,395.186000,400.877000,25.131600
2023.06.05,00:00,400.657000,413.447000,400.197000,403.596000,20.710800
2023.06.06,00:00,404.006000,404.006000,396.546000,399.577000,16.554000
2023.06.07,00:00,410.236000,417.066000,399.106000,399.837000,27.282000
2023.06.08,00:00,400.427000,409.446000,396.116000,409.446000,18.836400
2023.06.09,00:00,423.247000,425.587000,414.346000,420.256000,31.492800
2023.06.12,00:00,417.986000,424.547000,416.236000,423.977000,16.052400
2023.06.13,00:00,430.787000,437.177000,428.116000,435.756000,20.918400
2023.06.14,00:00,434.486000,446.867000,432.736000,440.957000,25.400400
2023.06.15,00:00,443.856000,448.427000,438.996000,445.367000,20.090400
2023.06.16,00:00,445.187000,446.417000,430.846000,431.177000,22.186800
2023.06.20,00:00,429.986000,439.176000,429.986000,434.686000,18.561600
2023.06.21,00:00,432.457000,433.966000,422.286000,424.477000,16.928400
2023.06.22,00:00,420.506000,423.936000,418.306000,422.597000,16.732800
2023.06.23,00:00,418.016000,425.437000,416.996000,424.007000,19.010400
2023.06.26,00:00,422.047000,430.827000,414.636000,415.937000,23.583600
2023.06.27,00:00,416.986000,420.617000,411.356000,417.127000,22.417200
2023.06.28,00:00,422.616000,437.166000,422.616000,429.956000,23.910000
2023.06.29,00:00,433.686000,436.277000,425.996000,428.267000,15.824400
2023.06.30,00:00,431.286000,443.967000,430.646000,440.687000,17.944800
2023.07.03,00:00,438.997000,441.247000,431.127000,441.247000,12.650400
2023.07.05,00:00,444.786000,450.296000,439.616000,445.827000,21.442800
2023.07.06,00:00,439.906000,440.497000,430.567000,439.127000,19.413600
2023.07.07,00:00,438.836000,442.156000,435.666000,438.067000,16.018800
2023.07.10,00:00,438.507000,443.387000,436.536000,441.607000,13.669200
2023.07.11,00:00,438.516000,440.526000,430.996000,440.427000,16.989600
2023.07.12,00:00,444.216000,445.217000,437.476000,443.797000,16.660800
2023.07.13,00:00,446.407000,451.367000,440.446000,450.317000,18.238800
2023.07.14,00:00,452.026000,455.736000,439.726000,441.796000,23.092800
2023.07.17,00:00,445.547000,455.687000,444.996000,449.837000,18.075600
2023.07.18,00:00,450.996000,477.266000,448.166000,474.977000,22.666800
2023.07.19,00:00,476.387000,482.706000,469.996000,478.117000,32.887200
2023.07.20,00:00,445.156000,446.567000,431.996000,437.937000,30.746400
2023.07.21,00:00,437.197000,437.197000,423.096000,427.517000,28.274400
2023.07.24,00:00,424.976000,428.607000,418.996000,428.327000,20.773200
2023.07.25,00:00,427.736000,430.616000,426.096000,427.757000,15.937200
2023.07.26,00:00,424.046000,424.046000,415.457000,422.557000,21.088800
2023.07.27,00:00,426.927000,426.927000,411.666000,413.297000,20.653200
2023.07.28,00:00,415.447000,427.186000,413.167000,425.676000,19.789200
2023.07.31,00:00,426.267000,439.017000,426.087000,439.017000,19.544400
2023.08.01,00:00,437.346000,445.107000,431.747000,438.757000,20.036400
2023.08.02,00:00,434.997000,435.116000,426.296000,430.246000,19.105200
2023.08.03,00:00,428.316000,441.597000,428.306000,432.197000,20.726400
2023.08.04,00:00,432.996000,436.126000,425.916000,431.707000,20.916000
2023.08.07,00:00,436.276000,441.047000,428.687000,441.047000,17.847600
2023.08.08,00:00,439.997000,441.896000,434.996000,438.627000,16.029600
2023.08.09,00:00,439.106000,439.637000,427.436000,429.186000,15.625200
2023.08.10,00:00,431.246000,437.837000,428.526000,429.986000,19.280400
2023.08.11,00:00,428.586000,429.126000,421.256000,421.667000,18.778800
2023.08.14,00:00,422.297000,428.447000,417.916000,427.757000,14.062800
2023.08.15,00:00,424.456000,428.957000,420.746000,424.117000,16.876800
2023.08.16,00:00,423.636000,424.016000,415.157000,415.727000,15.315600
2023.08.17,00:00,414.067000,414.067000,401.507000,403.217000,19.099200
2023.08.18,00:00,398.717000,406.306000,398.126000,404.467000,18.126000
2023.08.21,00:00,402.226000,409.367000,399.306000,408.217000,17.558400
2023.08.22,00:00,408.796000,415.386000,406.997000,413.567000,17.421600
2023.08.23,00:00,418.266000,436.586000,417.496000,427.427000,26.865600
2023.08.24,00:00,426.817000,426.817000,406.166000,407.597000,23.174400
2023.08.25,00:00,412.296000,418.566000,407.346000,416.227000,24.091200
2023.08.28,00:00,417.076000,419.137000,413.096000,418.257000,16.204800
2023.08.29,00:00,416.207000,431.967000,414.436000,429.977000,18.799200
2023.08.30,00:00,430.447000,437.707000,427.446000,434.656000,16.052400
2023.08.31,00:00,431.386000,436.606000,431.227000,433.987000,15.144000
2023.09.01,00:00,437.957000,444.806000,435.216000,439.977000,20.124000
2023.09.05,00:00,439.177000,453.256000,438.807000,448.937000,18.369600
2023.09.06,00:00,448.247000,450.667000,440.457000,446.016000,17.640000
2023.09.07,00:00,439.176000,444.356000,436.237000,443.047000,16.106400
2023.09.08,00:00,443.246000,445.687000,438.696000,442.887000,15.666000
2023.09.11,00:00,443.026000,449.076000,442.616000,445.297000,12.739200
2023.09.12,00:00,442.367000,444.836000,433.596000,434.857000,14.443200
2023.09.13,00:00,435.276000,438.087000,410.557000,412.437000,25.722000
2023.09.14,00:00,410.546000,410.546000,399.996000,400.317000,21.579600
2023.09.15,00:00,400.006000,404.326000,394.996000,397.177000,23.787600
2023.09.18,00:00,394.997000,398.977000,392.486000,394.577000,15.690000
2023.09.19,00:00,392.616000,397.887000,390.226000,396.177000,16.676400
2023.09.20,00:00,395.266000,397.417000,386.026000,386.366000,15.589200
2023.09.21,00:00,386.497000,394.236000,383.416000,384.067000,21.484800
2023.09.22,00:00,385.107000,385.607000,378.337000,379.797000,16.938000
2023.09.25,00:00,382.597000,385.306000,380.517000,384.867000,12.672000
2023.09.26,00:00,382.537000,384.347000,377.296000,379.336000,14.724000
2023.09.27,00:00,381.987000,383.347000,376.017000,377.586000,14.324400
2023.09.28,00:00,374.446000,378.736000,371.006000,376.576000,14.817600
2023.09.29,00:00,379.876000,382.087000,375.036000,377.597000,17.270400
2023.10.02,00:00,377.416000,383.947000,375.996000,380.347000,17.119200
2023.10.03,00:00,377.287000,392.997000,372.826000,376.837000,19.651200
2023.10.04,00:00,377.156000,379.817000,373.236000,376.936000,14.946000
2023.10.05,00:00,376.996000,377.606000,367.167000,372.616000,16.995600
2023.10.06,00:00,368.417000,382.456000,367.496000,381.756000,16.598400
2023.10.09,00:00,378.786000,386.676000,377.366000,385.986000,10.752000
2023.10.10,00:00,385.207000,388.366000,372.296000,373.247000,17.016000
2023.10.11,00:00,372.117000,377.227000,365.197000,365.977000,20.667600
2023.10.12,00:00,366.377000,368.466000,358.996000,361.366000,19.342800
2023.10.13,00:00,354.946000,357.626000,352.036000,355.647000,18.506400
2023.10.16,00:00,356.217000,362.916000,354.546000,361.337000,15.973200
2023.10.17,00:00,360.826000,362.017000,353.906000,355.607000,18.309600
2023.10.18,00:00,351.067000,354.416000,344.627000,346.267000,17.937600
2023.10.19,00:00,404.687000,404.746000,391.276000,401.697000,36.548400
2023.10.20,00:00,405.826000,409.746000,398.056000,401.217000,27.104400
2023.10.23,00:00,405.276000,407.317000,398.207000,407.137000,18.621600
2023.10.24,00:00,408.997000,415.157000,408.276000,413.956000,20.089200
2023.10.25,00:00,416.477000,416.716000,409.996000,411.397000,15.357600
2023.10.26,00:00,411.247000,416.526000,401.376000,403.867000,19.912800
2023.10.27,00:00,407.916000,408.377000,395.596000,397.997000,21.277200
2023.10.30,00:00,401.877000,412.396000,399.257000,410.297000,18.214800
2023.10.31,00:00,409.006000,412.297000,404.496000,411.966000,16.712400
2023.11.01,00:00,414.546000,420.427000,413.457000,420.317000,17.794800
2023.11.02,00:00,421.227000,426.427000,416.866000,424.537000,14.709600
2023.11.03,00:00,428.866000,434.636000,424.827000,432.317000,12.444000
2023.11.06,00:00,434.427000,434.907000,429.546000,434.907000,9.718800
2023.11.07,00:00,435.997000,437.427000,430.916000,434.666000,12.715200
2023.11.08,00:00,435.666000,437.307000,433.597000,436.827000,13.693200
2023.11.09,00:00,437.587000,440.177000,434.166000,435.256000,11.839200
2023.11.10,00:00,437.196000,447.127000,435.366000,447.127000,16.177200
2023.11.13,00:00,446.637000,447.827000,442.436000,444.706000,12.800400
2023.11.14,00:00,448.667000,453.647000,445.646000,448.586000,12.081600
2023.11.15,00:00,452.716000,462.517000,452.666000,462.017000,16.875600
2023.11.16,00:00,462.746000,467.196000,459.516000,467.066000,15.752400
2023.11.17,00:00,465.127000,467.397000,462.497000,465.757000,12.381600
2023.11.20,00:00,465.117000,476.577000,465.116000,474.497000,13.585200
2023.11.21,00:00,472.496000,476.826000,471.116000,474.997000,13.027200
2023.11.22,00:00,476.556000,482.296000,475.966000,477.907000,13.208400
2023.11.24,00:00,475.646000,480.086000,474.846000,479.626000,4.644000
2023.11.27,00:00,479.416000,481.497000,474.996000,479.107000,9.578400
2023.11.28,00:00,477.786000,479.747000,475.886000,479.127000,10.866000
2023.11.29,00:00,477.296000,480.687000,474.016000,477.147000,12.033600
2023.11.30,00:00,475.296000,478.246000,470.246000,474.277000,11.884800
2023.12.01,00:00,471.666000,473.917000,464.606000,465.746000,15.314400
2023.12.04,00:00,459.577000,459.657000,451.186000,453.966000,14.112000
2023.12.05,00:00,450.187000,456.127000,449.556000,455.176000,12.045600
2023.12.06,00:00,459.497000,459.497000,445.676000,446.656000,14.086800
2023.12.07,00:00,449.366000,452.756000,447.996000,452.017000,8.420400
2023.12.08,00:00,450.796000,455.357000,450.776000,453.616000,11.180400
2023.12.11,00:00,458.666000,470.457000,457.206000,459.987000,13.651200
2023.12.12,00:00,464.556000,464.556000,458.266000,462.936000,11.014800
2023.12.13,00:00,462.237000,481.107000,461.896000,479.807000,16.773600
2023.12.14,00:00,477.996000,478.466000,464.726000,469.816000,15.408000
2023.12.15,00:00,468.377000,472.596000,467.416000,471.977000,12.837600
2023.12.18,00:00,476.937000,491.447000,474.896000,486.117000,15.868800
2023.12.19,00:00,487.437000,495.506000,483.997000,495.037000,12.655200
2023.12.20,00:00,491.797000,500.677000,488.247000,489.687000,16.891200
2023.12.21,00:00,492.396000,493.536000,486.676000,491.827000,10.524000
2023.12.22,00:00,493.926000,495.856000,485.387000,486.656000,12.019200
2023.12.26,00:00,489.316000,491.267000,486.316000,491.017000,7.690800
2023.12.27,00:00,491.257000,493.496000,489.076000,491.757000,10.246800
2023.12.28,00:00,490.757000,492.296000,488.267000,490.467000,11.016000
2023.12.29,00:00,491.267000,491.356000,481.657000,486.567000,12.114000
2024.01.02,00:00,481.227000,483.927000,461.696000,468.866000,18.085200
2024.01.03,00:00,465.796000,474.627000,465.526000,470.256000,14.648400
2024.01.04,00:00,471.997000,480.607000,466.207000,474.987000,12.340800
2024.01.05,00:00,476.557000,478.946000,471.617000,474.147000,12.606000
2024.01.08,00:00,474.456000,485.096000,473.267000,485.057000,10.648800
2024.01.09,00:00,477.916000,484.826000,473.376000,482.047000,13.752000
2024.01.10,00:00,481.547000,486.307000,472.836000,478.457000,15.445200
2024.01.11,00:00,492.037000,502.226000,483.656000,492.367000,21.944400
2024.01.12,00:00,500.147000,500.147000,490.216000,492.117000,14.437200
2024.01.16,00:00,489.376000,493.287000,478.000000,481.197000,19.394380
2024.01.17,00:00,484.837000,484.837000,474.976000,480.827000,15.760120
2024.01.18,00:00,481.506000,485.657000,477.397000,485.317000,19.381200
2024.01.19,00:00,483.966000,484.946000,475.747000,482.907000,18.574800
2024.01.22,00:00,487.547000,488.427000,479.996000,485.726000,15.015600
2024.01.23,00:00,491.747000,492.927000,481.266000,491.247000,15.549600
2024.01.24,00:00,537.756000,560.847000,537.037000,544.927000,27.973200
2024.01.25,00:00,550.056000,562.117000,547.997000,562.117000,22.593600
2024.01.26,00:00,561.746000,579.496000,558.176000,570.457000,27.548400
2024.01.29,00:00,570.526000,578.246000,562.496000,575.717000,15.281700
2024.01.30,00:00,568.053000,570.396000,560.747000,562.857000,13.262420
2024.01.31,00:00,561.996000,571.676000,561.596000,564.317000,13.734000
2024.02.01,00:00,566.947000,571.507000,563.526000,567.457000,11.882700
2024.02.02,00:00,564.496000,567.216000,561.656000,564.916000,16.104600
2024.02.05,00:00,562.686000,575.126000,556.597000,561.877000,14.647590
2024.02.06,00:00,565.477000,565.477000,554.366000,555.886000,10.981200
2024.02.07,00:00,557.996000,567.257000,554.227000,559.237000,9.930000
2024.02.08,00:00,560.106000,563.447000,555.336000,558.466000,11.144400
2024.02.09,00:00,564.947000,564.947000,557.996000,561.287000,11.853600
2024.02.12,00:00,559.626000,568.176000,555.876000,557.906000,12.260400
2024.02.13,00:00,549.477000,558.697000,548.666000,554.757000,14.348400
2024.02.14,00:00,565.667000,581.017000,563.406000,579.787000,15.595200
2024.02.15,00:00,582.206000,593.616000,580.257000,593.616000,15.920400
2024.02.16,00:00,593.467000,594.717000,577.027000,583.886000,16.335600
2024.02.20,00:00,580.186000,583.787000,569.417000,575.086000,11.566800
2024.02.21,00:00,574.326000,575.237000,566.446000,573.067000,12.525600
2024.02.22,00:00,584.636000,590.447000,578.656000,588.577000,14.125200
2024.02.23,00:00,587.526000,591.377000,579.496000,583.856000,9.874800
2024.02.26,00:00,584.397000,590.446000,582.916000,587.667000,9.783600
2024.02.27,00:00,594.936000,604.997000,591.297000,601.587000,13.141200
2024.02.28,00:00,596.917000,597.876000,589.996000,596.457000,11.631600
2024.02.29,00:00,603.996000,603.996000,594.117000,603.327000,9.135600
2024.03.01,00:00,600.897000,620.016000,600.186000,619.687000,14.964000
2024.03.04,00:00,621.156000,624.026000,615.026000,615.786000,9.064800
2024.03.05,00:00,609.986000,609.986000,591.846000,598.757000,12.134400
2024.03.06,00:00,603.726000,607.546000,593.546000,597.826000,13.057200
2024.03.07,00:00,600.847000,610.256000,595.456000,608.516000,11.703600
2024.03.08,00:00,609.767000,615.767000,600.147000,605.087000,12.285600
2024.03.11,00:00,607.317000,610.247000,600.256000,600.866000,9.396000
2024.03.12,00:00,599.996000,614.717000,596.066000,611.217000,10.206000
2024.03.13,00:00,612.216000,613.677000,606.396000,609.587000,8.200800
2024.03.14,00:00,614.256000,619.456000,606.996000,613.397000,13.744800
2024.03.15,00:00,617.766000,618.247000,603.416000,605.947000,13.923600
2024.03.18,00:00,610.997000,626.217000,609.996000,618.287000,11.686800
2024.03.19,00:00,613.766000,620.917000,607.566000,620.827000,11.474400
2024.03.20,00:00,618.817000,629.226000,617.406000,627.707000,11.918400
2024.03.21,00:00,632.606000,632.606000,622.276000,623.477000,11.060400
2024.03.22,00:00,621.996000,628.677000,621.996000,628.326000,7.735200
2024.03.25,00:00,625.136000,630.157000,622.426000,627.557000,11.086800
2024.03.26,00:00,623.687000,634.156000,618.836000,629.567000,9.064800
2024.03.27,00:00,629.236000,630.556000,610.546000,613.347000,12.579900
2024.03.28,00:00,614.237000,614.237000,600.267000,607.926000,11.115000
2024.04.01,00:00,607.697000,614.736000,605.116000,614.476000,8.280000
2024.04.02,00:00,609.436000,614.787000,604.996000,614.787000,6.591600
2024.04.03,00:00,612.096000,630.056000,610.607000,630.056000,10.768500
2024.04.04,00:00,633.187000,637.376000,615.687000,617.276000,9.612000
2024.04.05,00:00,622.136000,637.626000,622.026000,636.507000,11.961000
2024.04.08,00:00,636.247000,636.366000,627.936000,628.477000,8.476200
2024.04.09,00:00,631.046000,631.046000,615.246000,618.037000,10.624500
2024.04.10,00:00,611.786000,619.416000,609.146000,619.177000,9.989100
2024.04.11,00:00,623.847000,631.527000,616.586000,628.997000,9.063000
2024.04.12,00:00,627.997000,632.576000,618.777000,622.967000,11.079900
2024.04.15,00:00,628.986000,628.986000,603.846000,607.686000,12.808800
2024.04.16,00:00,607.146000,622.136000,607.146000,617.697000,15.994800
2024.04.17,00:00,619.996000,619.996000,607.536000,614.486000,11.527200
2024.04.18,00:00,611.567000,619.416000,605.256000,611.826000,11.889000
2024.04.19,00:00,566.992000,576.547000,551.996000,555.586000,34.887615
2024.04.22,00:00,549.996000,558.326000,541.846000,554.467000,20.420400
2024.04.23,00:00,555.947000,578.936000,555.946000,577.537000,21.333600
2024.04.24,00:00,574.007000,575.357000,551.246000,555.437000,21.565200
2024.04.25,00:00,547.166000,566.207000,546.766000,565.026000,15.452400
2024.04.26,00:00,560.217000,562.566000,552.996000,561.407000,18.966000
2024.04.29,00:00,558.947000,559.376000,553.577000,559.187000,9.739200
2024.04.30,00:00,557.266000,558.687000,549.316000,550.976000,10.663200
2024.05.01,00:00,546.676000,560.006000,543.996000,552.236000,17.412000
2024.05.02,00:00,556.887000,565.176000,555.526000,565.176000,13.134000
2024.05.03,00:00,566.676000,579.647000,565.606000,579.627000,12.992400
2024.05.06,00:00,581.527000,597.057000,579.996000,597.057000,9.675600
2024.05.07,00:00,595.976000,605.736000,590.926000,605.726000,12.117600
2024.05.08,00:00,601.346000,617.846000,600.847000,609.826000,12.920400
2024.05.09,00:00,611.676000,615.686000,605.386000,612.087000,11.529600
2024.05.10,00:00,617.996000,623.816000,604.996000,611.297000,16.551600
2024.05.13,00:00,614.536000,617.716000,606.616000,616.636000,10.360800
2024.05.14,00:00,615.167000,621.226000,607.707000,614.067000,12.114000
2024.05.15,00:00,618.016000,623.436000,609.096000,613.567000,20.176800
2024.05.16,00:00,614.166000,618.117000,609.006000,611.047000,15.472800
2024.05.17,00:00,616.956000,624.816000,614.256000,620.847000,11.938800
2024.05.20,00:00,620.197000,643.807000,618.836000,640.756000,14.270400
2024.05.21,00:00,637.166000,650.767000,636.316000,650.767000,10.158000
2024.05.22,00:00,646.997000,648.476000,638.176000,640.436000,14.091600
2024.05.23,00:00,641.416000,641.687000,629.996000,635.807000,14.116800
2024.05.24,00:00,638.027000,651.587000,637.226000,646.336000,14.116800
2024.05.28,00:00,645.997000,649.437000,642.996000,649.127000,12.482400
2024.05.29,00:00,645.396000,663.796000,645.396000,654.647000,13.444800
2024.05.30,00:00,653.006000,656.196000,644.626000,647.847000,13.232400
2024.05.31,00:00,643.396000,647.956000,627.996000,641.787000,17.880000
2024.06.03,00:00,643.996000,645.836000,627.256000,633.807000,16.557600
2024.06.04,00:00,632.996000,635.027000,626.176000,631.967000,13.580400
2024.06.05,00:00,633.146000,650.716000,627.996000,650.176000,10.129200
2024.06.06,00:00,646.386000,657.526000,644.456000,648.556000,10.068000
2024.06.07,00:00,647.896000,649.726000,640.226000,641.796000,12.405600
2024.06.10,00:00,640.197000,644.476000,635.276000,644.397000,7.846800
2024.06.11,00:00,639.996000,650.086000,639.996000,648.457000,10.022400
2024.06.12,00:00,652.486000,655.306000,642.996000,650.076000,12.774000
2024.06.13,00:00,642.536000,654.937000,642.536000,654.026000,12.408000
2024.06.14,00:00,653.257000,675.236000,652.996000,669.407000,17.101200
2024.06.17,00:00,668.746000,682.437000,664.996000,675.597000,14.091600
2024.06.18,00:00,675.446000,686.807000,673.866000,685.717000,12.578400
2024.06.20,00:00,686.027000,688.376000,673.437000,679.076000,13.370400
2024.06.21,00:00,680.757000,686.666000,677.996000,686.376000,11.743200
2024.06.24,00:00,682.167000,682.167000,664.336000,669.317000,14.250000
2024.06.25,00:00,670.477000,672.277000,661.856000,672.277000,9.388800
2024.06.26,00:00,670.946000,681.897000,669.856000,677.927000,12.333600
2024.06.27,00:00,678.537000,688.037000,677.687000,683.856000,12.361200
2024.06.28,00:00,680.157000,686.356000,672.997000,675.157000,10.335600
2024.07.01,00:00,672.607000,674.267000,663.616000,673.716000,11.181600
2024.07.02,00:00,672.946000,681.446000,669.886000,679.517000,10.422000
2024.07.03,00:00,677.086000,683.427000,675.646000,681.937000,6.092400
2024.07.05,00:00,681.757000,696.866000,676.757000,690.446000,13.885200
2024.07.08,00:00,686.457000,687.966000,681.017000,685.936000,11.576400
2024.07.09,00:00,689.346000,694.797000,684.616000,685.877000,11.744400
2024.07.10,00:00,686.946000,686.946000,673.026000,677.877000,9.930000
2024.07.11,00:00,669.997000,671.207000,647.436000,652.976000,15.046800
2024.07.12,00:00,651.047000,655.516000,643.547000,647.396000,9.585600
2024.07.15,00:00,646.627000,667.196000,646.016000,656.417000,15.253200
2024.07.16,00:00,660.256000,663.097000,649.106000,656.387000,8.268000
2024.07.17,00:00,648.157000,649.866000,639.496000,647.727000,10.291200
2024.07.18,00:00,655.846000,655.846000,638.996000,643.107000,16.155600
2024.07.19,00:00,662.347000,675.297000,628.796000,634.027000,19.726800
2024.07.22,00:00,635.476000,655.816000,632.426000,647.726000,15.883200
2024.07.23,00:00,646.496000,649.116000,640.996000,642.656000,11.038800
2024.07.24,00:00,637.336000,650.816000,632.466000,636.417000,12.032400
2024.07.25,00:00,640.147000,649.636000,621.686000,634.676000,14.914800
2024.07.26,00:00,642.367000,645.207000,629.747000,631.566000,12.001200
2024.07.29,00:00,632.307000,633.636000,623.656000,626.737000,8.977200
2024.07.30,00:00,629.127000,634.317000,616.667000,622.756000,10.886400
2024.07.31,00:00,626.316000,633.037000,622.336000,628.587000,9.512400
2024.08.01,00:00,631.197000,646.096000,616.997000,624.837000,13.677600
2024.08.02,00:00,620.736000,624.226000,608.066000,613.987000,11.900400
2024.08.05,00:00,591.756000,604.027000,588.056000,598.547000,13.168800
2024.08.06,00:00,600.576000,620.446000,600.576000,609.946000,11.400000
2024.08.07,00:00,617.147000,631.587000,609.996000,611.317000,11.450400
2024.08.08,00:00,622.857000,631.527000,615.166000,630.646000,10.740000
2024.08.09,00:00,623.646000,636.286000,623.646000,634.477000,8.055600
2024.08.12,00:00,630.996000,638.056000,626.996000,633.376000,7.701600
2024.08.13,00:00,638.137000,650.496000,635.496000,648.507000,7.994400
2024.08.14,00:00,648.996000,663.147000,648.996000,662.007000,8.836800
2024.08.15,00:00,667.956000,672.586000,659.796000,663.117000,8.552400
2024.08.16,00:00,665.297000,680.006000,665.297000,673.967000,10.426800
2024.08.19,00:00,674.067000,688.666000,673.266000,688.666000,7.617600
2024.08.20,00:00,688.566000,710.517000,687.787000,698.926000,13.503600
2024.08.21,00:00,697.566000,700.557000,691.076000,697.206000,7.953600
2024.08.22,00:00,690.896000,700.256000,685.996000,688.917000,8.494800
2024.08.23,00:00,693.996000,695.206000,678.426000,686.557000,8.691600
2024.08.26,00:00,687.377000,690.446000,681.326000,688.447000,5.992800
2024.08.27,00:00,688.446000,707.036000,686.526000,695.767000,9.564000
2024.08.28,00:00,694.827000,695.207000,677.096000,684.166000,10.094400
2024.08.29,00:00,686.496000,699.407000,685.867000,692.697000,7.581600
2024.08.30,00:00,698.046000,701.197000,688.086000,700.346000,9.577200
2024.09.03,00:00,700.006000,702.436000,669.997000,675.467000,10.398000
2024.09.04,00:00,673.967000,684.177000,672.027000,680.427000,9.925200
2024.09.05,00:00,672.446000,686.657000,670.966000,683.497000,6.968400
2024.09.06,00:00,682.026000,682.026000,662.106000,665.956000,12.036000
2024.09.09,00:00,673.026000,682.447000,671.996000,675.557000,6.734400
2024.09.10,00:00,675.846000,680.077000,665.546000,674.236000,6.979200
2024.09.11,00:00,674.867000,682.707000,660.796000,682.707000,10.560000
2024.09.12,00:00,684.146000,693.807000,682.127000,686.607000,12.030000
2024.09.13,00:00,680.136000,699.297000,680.136000,697.407000,14.695200
2024.09.16,00:00,697.106000,701.936000,688.536000,696.797000,10.518000
2024.09.17,00:00,700.206000,707.056000,697.996000,706.997000,11.583600
2024.09.18,00:00,706.097000,706.097000,687.706000,690.807000,13.261200
2024.09.19,00:00,704.196000,715.307000,695.476000,704.207000,14.169600
2024.09.20,00:00,704.456000,706.166000,696.346000,701.117000,8.682000
2024.09.23,00:00,701.496000,711.206000,699.106000,705.687000,8.056800
2024.09.24,00:00,706.496000,722.377000,704.146000,722.377000,11.361600
2024.09.25,00:00,721.016000,724.636000,715.626000,721.486000,8.324400
2024.09.26,00:00,724.817000,724.817000,701.706000,711.646000,12.488400
2024.09.27,00:00,708.397000,710.476000,700.996000,707.127000,10.521600
2024.09.30,00:00,706.907000,710.496000,702.546000,709.576000,7.660800
2024.10.01,00:00,712.746000,714.707000,698.146000,706.126000,10.158000
2024.10.02,00:00,705.327000,714.466000,704.386000,711.507000,8.979600
2024.10.03,00:00,705.066000,707.967000,698.757000,707.187000,9.513600
2024.10.04,00:00,713.267000,720.606000,708.536000,720.027000,9.378000
2024.10.07,00:00,713.047000,713.047000,696.247000,701.967000,12.078000
2024.10.08,00:00,703.457000,724.606000,703.456000,722.147000,9.169200
2024.10.09,00:00,719.526000,728.086000,718.067000,727.647000,8.402400
2024.10.10,00:00,725.777000,733.337000,722.736000,730.547000,8.641200
2024.10.11,00:00,732.627000,735.146000,720.996000,722.977000,9.362400
2024.10.14,00:00,723.037000,725.866000,711.186000,713.247000,9.364800
2024.10.15,00:00,712.486000,712.486000,699.376000,705.767000,8.126400
2024.10.16,00:00,701.796000,705.246000,697.646000,702.276000,7.216800
2024.10.17,00:00,702.996000,702.996000,685.546000,688.257000,12.940800
2024.10.18,00:00,737.287000,765.557000,735.597000,763.967000,21.025600
2024.10.21,00:00,765.507000,772.137000,756.286000,772.137000,10.030000
2024.10.22,00:00,765.626000,768.646000,761.006000,764.267000,7.254000
2024.10.23,00:00,761.996000,762.376000,744.117000,749.436000,9.010000
2024.10.24,00:00,751.897000,755.296000,745.996000,754.897000,6.457000
2024.10.25,00:00,756.546000,767.397000,752.666000,755.016000,7.029000
2024.10.28,00:00,757.087000,757.087000,747.846000,749.557000,4.399000
2024.10.29,00:00,750.366000,763.716000,747.996000,759.956000,5.794000
2024.10.30,00:00,757.496000,759.176000,751.506000,754.047000,5.242000
2024.10.31,00:00,753.816000,760.227000,751.997000,757.057000,7.214000
2024.11.01,00:00,752.216000,763.216000,747.296000,756.197000,6.883000
2024.11.04,00:00,753.517000,761.736000,749.126000,755.716000,5.353000
2024.11.05,00:00,756.206000,767.237000,755.996000,763.887000,5.196000
2024.11.06,00:00,770.677000,781.256000,756.326000,780.356000,5.747000
2024.11.07,00:00,781.077000,797.987000,779.276000,796.627000,6.543000
2024.11.08,00:00,796.537000,798.337000,788.666000,795.266000,4.440000
2024.11.11,00:00,795.697000,806.246000,795.646000,805.487000,4.602000
2024.11.12,00:00,806.997000,819.877000,803.876000,819.767000,7.051000
2024.11.13,00:00,823.937000,836.606000,819.996000,830.786000,7.035000
2024.11.14,00:00,833.597000,840.576000,829.996000,837.647000,6.579000
2024.11.15,00:00,829.426000,830.487000,816.156000,824.507000,8.431000
2024.11.18,00:00,815.567000,847.797000,809.276000,847.117000,8.897000
2024.11.19,00:00,838.946000,873.997000,838.946000,871.776000,9.278000
2024.11.20,00:00,879.306000,889.457000,868.026000,883.996000,9.808000
2024.11.21,00:00,883.087000,907.506000,877.097000,897.796000,9.806000
2024.11.22,00:00,895.756000,905.327000,892.496000,898.016000,8.125000
2024.11.25,00:00,901.947000,901.947000,863.597000,865.577000,10.735000
2024.11.26,00:00,866.687000,885.487000,866.687000,873.367000,9.399000
2024.11.27,00:00,872.407000,880.666000,858.436000,877.446000,7.080000
2024.11.29,00:00,879.236000,891.916000,876.127000,886.576000,4.250000
2024.12.02,00:00,887.446000,901.766000,883.837000,897.837000,5.321000
2024.12.03,00:00,891.776000,902.417000,887.996000,902.417000,4.953000
2024.12.04,00:00,903.137000,915.476000,899.307000,911.137000,5.575000
2024.12.05,00:00,914.816000,926.566000,911.056000,918.437000,5.835000
2024.12.06,00:00,915.297000,934.737000,912.696000,934.737000,5.938000
2024.12.09,00:00,928.276000,929.667000,902.496000,913.937000,5.611000
2024.12.10,00:00,913.007000,922.147000,909.336000,913.317000,5.016000
2024.12.11,00:00,923.197000,941.246000,922.086000,936.877000,6.113000
2024.12.12,00:00,933.146000,933.186000,922.596000,925.997000,5.056000
2024.12.13,00:00,915.896000,924.267000,909.247000,919.147000,5.861000
2024.12.16,00:00,923.597000,928.006000,919.316000,921.126000,4.339000
2024.12.17,00:00,921.736000,926.997000,916.007000,919.697000,6.808000
2024.12.18,00:00,918.796000,921.387000,886.236000,890.937000,6.491000
2024.12.19,00:00,905.006000,911.676000,898.996000,902.666000,6.631000
2024.12.20,00:00,901.966000,919.566000,891.996000,908.917000,7.818000
2024.12.23,00:00,912.556000,914.647000,899.007000,911.827000,5.186000
2024.12.24,00:00,914.997000,935.287000,911.446000,931.877000,4.251000
2024.12.26,00:00,927.496000,929.186000,915.276000,924.697000,5.047000
2024.12.27,00:00,916.437000,917.356000,893.996000,907.827000,6.923000
2024.12.30,00:00,895.046000,907.737000,889.496000,900.557000,5.395000
2024.12.31,00:00,900.566000,901.517000,889.266000,890.367000,5.319000
