date,open,high,low,close,volume,minutes
2017-01-26,86.2,86.93,86.05,86.94,39.94988300977275,390
2017-01-27,86.51,86.95,86.26,86.94,41.69951605796814,390
2017-01-30,86.06,86.37,85.32,86.07,58.80310707911849,390
2017-01-31,85.61,86.12,84.09,84.66,61.84122403495712,390
2017-02-01,85.49,86.06,84.68,84.92,58.78423412702978,390
2017-02-02,84.3,84.84,84.12,84.598,55.711324975825846,390
2017-02-03,86.066,87.28,85.86,87.16,69.79168781917542,390
2017-02-06,86.756,87.43,86.6,86.79,73.19068594975397,390
2017-02-07,87.167,87.37,86.48,86.75,74.14382717199624,390
2017-02-08,86.027,86.208,85.37,85.96,66.39703696966171,390
2017-02-09,86.418,87.32,86.13,87.2,70.4293349608779,390
2017-02-10,87.375,87.45,86.89,87.02,62.25587899889797,390
2017-02-13,87.457,88.72,87.425,88.14,60.60500502027571,390
2017-02-14,88.165,89.67,88.1,89.53,77.3000589911826,390
2017-02-15,89.995,90.85,89.35,90.618,70.6389609919861,390
2017-02-16,90.067,91.01,89.76,90.53,88.40462197642773,390
2017-02-17,89.788,90.45,89.688,90.19,63.38714788062498,390
2017-02-21,90.516,91.14,90.445,91.05,65.06282608117908,390
2017-02-22,90.427,91.265,90.416,91.05,66.7902700654231,390
2017-02-23,91.129,91.326,90.52,91.12,74.32730792695656,390
2017-02-24,90.037,90.48,89.73,90.33,59.14068296505138,390
2017-02-27,90.199,90.7,90.02,90.46,55.68504198268056,390
2017-02-28,89.795,90.79,89.587,90.73,67.03888004180044,390
2017-03-01,92.796,93.97,92.7,93.699,80.46863110782579,390
2017-03-02,93.759,93.859,92.03,92.166,73.28600599290803,390
2017-03-03,92.076,93.08,92.076,92.8,77.06503393873572,390
2017-03-06,92.245,92.209,91.1,91.95,47.510442081838846,390
2017-03-07,91.617,92.06,91.22,91.41,58.79842609516345,390
2017-03-08,92.458,92.81,91.13,91.28,82.92954503139481,390
2017-03-09,91.445,92.12,91.15,91.56,75.52436078339815,390
2017-03-10,91.919,91.85,90.53,91.31,75.82931005302817,390
2017-03-13,91.26,91.731,90.927,91.42,97.96938015613705,390
2017-03-14,90.871,91.63,90.757,91.59,151.3041408075369,390
2017-03-15,91.816,92.52,91.13,91.73,91.60898029152304,390
2017-03-16,92.006,92.8,91.57,91.64,54.23558203922585,390
2017-03-17,91.76,91.96,90.65,90.71,49.859999891370535,390
2017-03-20,90.2,91.15,89.78,90.14,76.19000003114343,390
2017-03-21,90.3,90.61,87.05,87.39,129.9500000551343,390
2017-03-22,86.52,88.06,86.01,87.54,111.06000002659857,390
2017-03-23,87.24,88.46,87.1,87.47,108.19999975897372,390
2017-03-24,87.78,88.07,86.78,87.36,103.7678859680891,390
2017-03-27,85.25,87.386,85.22,87.306,103.59000009298325,390
2017-03-28,86.976,88.998,86.976,88.708,111.5700000487268,390
2017-03-29,88.586,88.748,88.076,88.248,82.69999994710088,390
2017-03-30,88.21,89.416,88.106,89.11,72.47999991104007,390
2017-03-31,88.556,88.708,87.748,87.916,52.38000008277595,390
2017-04-03,88.009,88.048,86.596,87.617,130.5739338323474,390
2017-04-04,86.755,87.658,86.706,87.33,109.17611207440495,390
2017-04-05,88.354,88.436,86.129,86.209,149.53221286833286,390
2017-04-06,85.974,86.876,85.246,86.59,149.2818650752306,390
2017-04-07,85.916,86.759,85.702,86.228,126.55126161128283,390
2017-04-10,86.008,86.668,85.391,85.9,122.28675565123558,390
2017-04-11,85.374,85.758,84.796,85.74,192.0052852332592,390
2017-04-12,85.922,85.876,85.021,85.467,157.37347383238375,390
2017-04-13,85.447,86.926,84.381,84.539,190.34746092557907,390
2017-04-17,84.392,86.06,84.366,85.875,138.9485181607306,390
2017-04-18,85.293,85.619,84.738,85.258,159.10929150879383,390
2017-04-19,85.439,85.905,84.357,84.509,134.34186398237944,390
2017-04-20,85.005,85.758,84.547,85.61,141.49588702619076,390
2017-04-21,85.452,85.647,84.501,84.557,135.57185105234385,390
2017-04-24,86.477,88.018,86.408,87.589,134.4137062728405,390
2017-04-25,88.547,89.098,88.262,88.39,142.19437270611525,390
2017-04-26,88.294,89.029,88.137,88.477,155.63737408816814,390
2017-04-27,88.283,88.316,87.006,87.736,131.16581102460623,390
2017-04-28,87.414,87.819,86.946,87.006,122.47787218075246,390
2017-05-01,87.143,87.728,86.548,87.198,123.45519417151809,390
2017-05-02,86.653,86.746,86.017,86.549,105.4709809049964,390
2017-05-03,86.006,87.08,86.006,87.077,121.45882707089186,390
2017-05-04,87.542,87.598,86.567,87.098,135.779998999089,390
2017-05-05,87.136,87.259,86.416,86.978,107.18032191693783,390
2017-05-08,86.796,87.289,86.636,87.065,91.50308494409546,390
2017-05-09,87.255,87.808,86.496,86.87,102.51424782723188,390
2017-05-10,86.426,87.468,86.424,87.45,107.82218004070455,390
2017-05-11,87.036,87.466,86.349,87.149,118.06063896417618,390
2017-05-12,86.642,86.989,86.326,86.907,104.0878498069942,390
2017-05-15,87.091,87.478,86.856,87.35,90.51039613038301,390
2017-05-16,87.333,88.07,87.331,87.629,98.1387968994677,390
2017-05-17,86.104,86.276,83.963,84.286,173.45543083548546,390
2017-05-18,84.004,84.776,83.357,84.098,174.8171387463808,390
2017-05-19,84.164,85.308,84.121,84.76,113.42663884162903,390
2017-05-22,85.203,85.068,84.209,84.706,74.1486388570629,390
2017-05-23,84.711,86.04,84.507,85.796,101.92992606014013,390
2017-05-24,85.804,85.816,85.236,85.74,91.3473420124501,390
2017-05-25,85.974,85.918,85.078,85.347,104.6983480360359,390
2017-05-26,85.093,85.549,85.008,85.36,94.09654108434916,390
2017-05-30,85.076,85.1,83.776,83.938,87.26674233144149,390
2017-05-31,83.712,83.596,81.636,82.238,129.96059085056186,390
2017-06-01,82.44,83.06,81.646,83.067,108.85890810191631,390
2017-06-02,82.203,82.97,81.977,82.56,115.09054293856025,390
2017-06-05,82.402,83.486,82.402,82.8,82.02547382097691,390
2017-06-06,82.285,83.176,82.146,82.977,104.16955308616161,390
2017-06-07,83.267,84.088,83.098,83.9,112.99488704651594,390
2017-06-08,83.833,85.718,83.833,85.032,122.90581988543272,390
2017-06-09,85.327,87.038,85.327,86.988,180.16786185652018,390
2017-06-12,87.242,87.577,86.278,86.999,141.0541449263692,390
2017-06-13,87.515,87.77,86.976,87.258,128.46094101294875,390
2017-06-14,86.734,87.283,85.807,87.128,126.85745104588568,390
2017-06-15,86.185,87.049,86.184,86.557,132.65242090821266,390
2017-06-16,86.735,86.828,86.013,86.178,106.07263005152345,390
2017-06-19,86.294,88.209,86.291,88.028,107.35608583688736,390
2017-06-20,87.663,87.89,87.361,87.549,73.01831401325762,390
2017-06-21,87.48,87.43,86.74,87.12,104.07000034675002,390
2017-06-22,86.84,87.32,86.65,87.04,91.94000027701259,390
2017-06-23,87.59,87.94,86.6,86.89,42.16999990493059,390
2017-06-26,87.0,87.64,86.6,87.29,97.039999878034,390
2017-06-27,87.63,88.93,87.49,88.13,119.58999998122454,390
2017-06-28,88.59,90.04,88.59,89.84,67.82999999634922,390
2017-06-29,92.37,92.59,90.32,91.2,139.62999949604273,390
2017-06-30,91.84,91.99,91.16,91.57,67.25000008195639,390
2017-07-03,91.68,93.45,91.58,92.72,48.98000014387071,390
2017-07-05,93.12,93.77,92.6,93.73,83.80000013299286,390
2017-07-06,93.54,94.47,92.87,93.45,93.52000033482909,390
2017-07-07,93.89,94.1,93.22,93.86,72.14999997243285,390
2017-07-10,93.39,93.65,93.08,93.23,57.43000007234514,390
2017-07-11,93.17,93.12,92.27,92.83,76.2999999243766,390
2017-07-12,92.56,92.77,92.06,92.56,62.099999871104956,390
2017-07-13,92.69,93.36,92.33,93.35,52.40999986231327,390
2017-07-14,90.73,92.56,90.56,92.25,77.59000010974705,390
2017-07-17,91.77,91.94,91.25,91.38,49.23000010475516,390
2017-07-18,90.37,91.56,90.33,91.04,57.45999990403652,390
2017-07-19,91.31,91.58,90.99,91.22,46.18999990820885,390
2017-07-20,91.15,91.69,90.89,91.27,54.690000016242266,390
2017-07-21,91.1,91.26,90.51,90.88,44.529999889433384,390
2017-07-24,90.9,91.52,90.9,91.39,41.86999988742173,390
2017-07-25,92.45,93.5,92.26,92.82,55.17999999411404,390
2017-07-26,93.02,93.05,91.67,91.92,66.63999987952411,390
2017-07-27,91.79,91.96,91.16,91.54,103.6500001475215,390
2017-07-28,91.49,91.69,90.89,91.29,54.4599999319762,390
2017-07-31,91.49,92.35,91.45,91.85,48.57999995723367,390
2017-08-01,92.59,93.09,92.27,93.04,51.43999990448356,390
2017-08-02,92.7,93.16,92.5,93.08,51.530000099912286,390
2017-08-03,92.72,93.01,92.22,92.45,52.32999996840954,390
2017-08-04,93.52,94.38,93.46,93.68,65.81999988481402,390
2017-08-07,93.86,94.17,93.7,94.03,34.709999991580844,390
2017-08-08,93.86,95.18,93.59,93.84,100.24999993667006,390
2017-08-09,92.86,93.64,92.86,93.54,73.63999999314547,390
2017-08-10,92.85,92.98,92.05,92.19,104.07999964803457,390
2017-08-11,92.2,92.54,91.22,91.46,69.91999998874962,390
2017-08-14,92.3,92.87,92.29,92.49,53.900000078603625,390
2017-08-15,93.41,93.51,92.64,92.76,48.590000074356794,390
2017-08-16,93.11,93.13,91.87,92.09,64.89999994076788,390
2017-08-17,91.72,91.89,90.49,90.72,110.67999992705882,390
2017-08-18,90.28,91.51,90.17,90.77,96.70999990217388,390
2017-08-21,90.79,90.87,90.15,90.64,66.6300001386553,390
2017-08-22,91.08,91.69,91.03,91.58,43.32000004686415,390
2017-08-23,90.88,92.29,90.81,91.72,58.7999999653548,390
2017-08-24,91.89,92.08,91.4,91.58,60.1000000257045,390
2017-08-25,91.81,92.45,91.78,92.0,59.859999883919954,390
2017-08-28,92.06,92.05,91.12,91.59,49.96000010147691,390
2017-08-29,90.49,91.29,90.29,91.13,65.49999999254942,390
2017-08-30,91.16,91.86,91.16,91.31,54.81999997422099,390
2017-08-31,91.64,91.8,90.79,90.9,62.239999985322356,390
2017-09-01,91.15,92.32,90.95,91.76,54.120000064373016,390
2017-09-05,91.02,90.95,89.01,89.53,99.08000004477799,390
2017-09-06,89.94,90.5,89.63,90.14,63.63000009022653,390
2017-09-07,90.02,89.97,88.07,88.51,66.4000000692904,390
2017-09-08,88.29,89.37,88.23,88.5,64.66000000573695,390
2017-09-11,89.36,90.22,88.94,89.99,119.19000003859401,390
2017-09-12,89.77,91.23,89.77,90.86,127.36000011116266,390
2017-09-13,90.88,91.48,90.29,91.27,120.98999996297061,390
2017-09-14,91.25,91.45,90.73,91.02,100.92000004276633,390
2017-09-15,91.04,91.697,90.679,91.598,63.967009977437556,390
2017-09-18,91.848,93.118,91.848,92.918,78.31665108725429,390
2017-09-19,92.698,94.338,92.517,94.028,75.95849715545774,390
2017-09-20,93.997,95.238,93.697,94.548,132.77864805981517,390
2017-09-21,94.577,95.358,94.188,95.058,108.24545801151544,390
2017-09-22,94.558,94.947,94.408,94.888,83.20658797957003,390
2017-09-25,94.477,94.878,93.447,94.108,103.8224400691688,390
2017-09-26,93.698,94.007,93.337,93.718,87.30118289217353,390
2017-09-27,94.878,95.677,94.577,95.198,93.89154804125428,390
2017-09-28,95.437,95.827,94.907,95.357,84.1242479942739,390
2017-09-29,95.297,95.507,95.008,95.498,66.92243096628226,390
2017-10-02,95.787,96.848,95.467,96.828,79.96371492184699,390
2017-10-03,96.798,97.418,96.767,97.398,75.8392749466002,390
2017-10-04,97.167,97.407,96.277,96.348,59.999617035035044,390
2017-10-05,95.957,97.388,95.527,97.067,69.90856393240392,390
2017-10-06,97.438,97.598,96.467,96.918,58.493126903893426,390
2017-10-09,96.947,96.957,96.137,96.388,51.94115198450163,390
2017-10-10,96.198,97.158,96.198,97.167,59.431949083693326,390
2017-10-11,96.807,96.978,96.127,96.768,62.311444940045476,390
2017-10-12,97.308,97.337,95.617,95.987,78.13849204452708,390
2017-10-13,95.317,96.667,94.957,95.878,79.41406405344605,390
2017-10-16,96.317,97.937,96.317,97.868,58.05703193845693,390
2017-10-17,97.958,98.127,97.307,97.618,58.490983029594645,390
2017-10-18,98.078,98.488,97.618,97.978,58.34606392192654,390
2017-10-19,97.088,98.188,97.077,98.128,71.3357949713245,390
2017-10-20,99.088,99.878,98.717,99.498,73.81973501318134,390
2017-10-23,99.417,99.948,99.178,99.338,86.19461406767368,390
2017-10-24,99.838,101.178,99.757,100.918,102.71828384324908,390
2017-10-25,101.167,101.438,100.177,101.128,136.87714911997318,390
2017-10-26,101.418,102.408,101.317,101.788,103.66213701665401,390
2017-10-27,101.408,102.217,101.047,101.748,113.77813328802586,390
2017-10-30,101.04,101.9,100.86,101.47,98.00182778999442,390
2017-10-31,101.37,101.67,100.57,100.689,60.144170930143446,390
2017-11-01,100.9,101.68,100.71,100.91,90.69307705573738,390
2017-11-02,100.63,101.758,100.15,101.557,120.51389204338193,390
2017-11-03,101.097,101.498,100.727,101.398,93.17215897515416,390
2017-11-06,101.258,101.638,100.657,100.798,78.57566010439768,390
2017-11-07,100.468,100.717,98.247,98.738,104.33297892659903,390
2017-11-08,98.297,98.138,97.138,97.648,89.70410066656768,390
2017-11-09,97.037,98.168,96.797,97.628,152.62858474999666,390
2017-11-10,97.707,98.308,97.307,97.567,85.54187711700797,390
2017-11-13,96.658,98.038,96.638,97.868,74.49187104962766,390
2017-11-14,97.288,97.727,96.847,97.308,87.89987698942423,390
2017-11-15,96.247,98.708,95.947,98.538,103.952301915735,390
2017-11-16,98.327,99.037,98.297,98.477,86.39145890250802,390
2017-11-17,97.748,98.397,97.417,98.168,82.35243178158998,390
2017-11-20,98.457,99.118,97.748,99.048,71.23545586131513,390
2017-11-21,99.408,99.508,98.907,99.068,67.60226598009467,390
2017-11-22,98.947,99.468,98.587,98.668,66.03858010843396,390
2017-11-24,98.738,98.838,98.257,98.308,31.188302074559033,390
2017-11-27,98.117,99.117,97.918,98.028,72.5220829360187,390
2017-11-28,97.857,101.658,97.857,101.368,113.32418498396873,390
2017-11-29,102.337,104.197,101.948,103.818,180.698470890522,390
2017-11-30,104.697,106.647,104.038,104.698,188.69555597007275,390
2017-12-01,104.197,105.268,102.198,104.838,233.94747777283192,390
2017-12-04,107.507,108.357,106.758,107.148,187.69484367966652,390
2017-12-05,106.858,107.317,104.957,105.797,164.73247050493956,390
2017-12-06,105.347,105.708,104.517,105.037,135.4923649802804,390
2017-12-07,103.927,105.148,103.737,104.627,114.47917106747627,390
2017-12-08,105.048,105.918,104.327,105.918,98.25535581633449,390
2017-12-11,105.298,105.998,105.297,105.628,96.38189913146198,390
2017-12-12,105.747,107.327,105.528,106.888,113.7935211583972,390
2017-12-13,106.257,107.048,105.477,105.587,134.43660478293896,390
2017-12-14,106.078,106.388,104.637,104.788,128.4738020207733,390
2017-12-15,105.448,106.507,105.168,106.058,117.57092724740505,390
2017-12-18,106.738,107.568,106.487,107.028,107.5328921303153,390
2017-12-19,107.247,107.438,106.437,106.618,121.99907691776752,390
2017-12-20,107.358,107.688,106.087,106.258,117.20424679666758,390
2017-12-21,106.577,108.057,106.537,107.868,93.04150417074561,390
2017-12-22,107.998,108.438,106.797,107.498,92.55193600617349,390
2017-12-26,106.608,107.817,106.397,107.058,80.47654403373599,390
2017-12-27,106.518,107.238,106.518,107.278,78.65928293578327,390
2017-12-28,107.377,107.818,107.157,107.828,71.98353394214064,390
2017-12-29,107.997,108.157,107.067,107.368,89.7053189733997,390
2018-01-02,107.467,107.998,106.797,108.008,102.34533625468612,390
2018-01-03,107.597,108.468,107.467,108.117,98.09285911917686,390
2018-01-04,108.337,109.988,108.187,109.057,114.71471727266908,390
2018-01-05,109.127,109.508,107.767,108.358,99.5981111638248,390
2018-01-08,108.117,108.647,107.697,108.538,93.24412803165615,390
2018-01-09,108.558,109.597,108.477,109.268,116.01531285792589,390
2018-01-10,109.418,110.687,109.387,110.238,122.8589479625225,390
2018-01-11,110.497,110.897,110.047,110.878,113.65723616071045,390
2018-01-12,111.498,112.808,110.837,112.758,113.84717076644301,390
2018-01-16,111.448,113.367,111.067,112.257,193.44732503592968,390
2018-01-17,111.848,113.278,111.307,113.058,136.80326874181628,390
2018-01-18,112.447,113.647,112.257,113.338,146.27027011103928,390
2018-01-19,113.828,114.297,112.797,112.997,129.6890568509698,390
2018-01-22,112.647,114.368,112.488,114.348,100.93839017301798,390
2018-01-23,113.628,114.627,113.347,114.248,87.66726801171899,390
2018-01-24,114.777,115.948,114.648,115.768,88.73202915117145,390
2018-01-25,115.958,116.068,115.067,115.718,78.46214024722576,390
2018-01-26,115.547,116.107,114.938,116.168,66.08380102366209,390
2018-01-29,116.018,117.307,116.017,116.318,129.63292595744133,390
2018-01-30,115.128,116.538,114.967,115.217,203.72600346803665,390
2018-01-31,115.548,116.607,115.147,115.738,170.9679702743888,390
2018-02-01,115.448,116.958,115.447,116.878,180.17909610271454,390
2018-02-02,116.307,116.868,114.137,114.357,258.7676655948162,390
2018-02-05,112.507,114.578,106.058,109.008,356.4565658122301,390
2018-02-06,106.707,112.418,106.468,112.128,339.63699731230736,390
2018-02-07,111.097,114.367,111.097,113.137,351.7380442619324,390
2018-02-08,112.918,112.607,107.987,108.237,443.7883123755455,390
2018-02-09,109.187,110.837,106.217,110.098,391.5675396621227,390
2018-02-12,111.198,112.677,110.057,111.777,308.9486625045538,390
2018-02-13,111.058,113.037,110.797,112.547,224.26222422346473,390
2018-02-14,112.568,115.198,112.507,115.087,163.56017185980454,390
2018-02-15,115.597,115.928,114.207,115.518,140.9498536074534,390
2018-02-16,114.497,116.038,114.497,114.928,213.57263538241386,390
2018-02-20,114.648,115.317,113.957,114.818,188.3522265329957,390
2018-02-21,114.547,117.397,114.547,115.218,81.08764183789026,390
2018-02-22,115.198,116.398,114.738,115.107,82.08084291499108,390
2018-02-23,115.177,117.358,115.177,117.358,50.291948965750635,390
2018-02-26,117.997,118.828,117.317,118.868,45.721610196866095,390
2018-02-27,118.507,119.258,117.347,117.647,44.71578394807875,390
2018-02-28,117.718,118.447,115.377,115.598,31.633788003615336,390
2018-03-01,114.997,116.597,112.638,113.428,54.09912501834333,390
2018-03-02,112.198,113.537,111.088,113.447,601.1826006807387,390
2018-03-05,111.817,115.857,111.817,115.148,501.34018644690514,390
2018-03-06,115.498,115.658,114.297,115.148,437.51917865872383,390
2018-03-07,113.597,115.057,113.097,114.797,448.39518531784415,390
2018-03-08,114.408,115.157,113.187,114.767,382.24377965927124,390
2018-03-09,116.437,118.058,115.637,118.038,123.92548701912165,390
2018-03-12,117.998,118.668,117.227,117.968,320.5524994209409,390
2018-03-13,118.167,118.248,115.808,116.328,457.8697198629379,390
2018-03-14,116.278,116.477,114.567,115.05,412.58363144658506,390
2018-03-15,115.927,115.887,114.817,115.347,17.160554028914703,390
2018-03-16,115.668,116.587,115.367,115.588,23.818388916624826,390
2018-03-19,115.087,115.367,113.287,114.777,45.797524881149,390
2018-03-20,114.688,115.418,114.427,114.797,31.32338996976614,390
2018-03-21,114.397,116.568,114.198,114.968,74.333388869185,390
2018-03-22,113.157,113.547,109.517,110.088,112.88373690471053,390
2018-03-23,110.017,110.867,106.748,107.142,153.109869658947,390
2018-03-26,108.717,111.128,108.617,110.268,84.31279791891575,390
2018-03-27,110.658,111.657,107.258,108.278,94.11611096281558,390
2018-03-28,107.938,108.967,106.618,108.017,156.66200324892998,390
2018-03-29,108.437,110.638,107.767,110.207,52.54820507019758,390
2018-04-02,109.868,110.588,106.067,107.948,91.1575419306755,390
2018-04-03,108.248,109.408,107.247,109.428,83.02809496968985,390
2018-04-04,107.018,111.168,107.007,111.068,97.18989194370806,390
2018-04-05,111.547,112.817,111.377,111.838,48.67536004539579,390
2018-04-06,110.478,111.487,107.807,109.197,74.47730611823499,390
2018-04-09,109.688,112.967,109.688,110.448,53.409863997250795,390
2018-04-10,112.147,112.797,111.407,112.507,509.6157066822052,390
2018-04-11,111.257,111.758,110.487,110.778,482.09940689615905,390
2018-04-12,111.497,114.328,111.428,113.547,424.1583513021469,390
2018-04-13,114.898,114.487,109.047,110.317,64.2023681406863,390
2018-04-16,110.427,111.278,109.777,110.288,24.423630985431373,390
2018-04-17,110.948,111.838,109.987,110.318,17.92070400575176,390
2018-04-18,110.208,111.038,108.887,109.358,16.037320001400076,390
2018-04-19,109.148,111.807,109.148,111.717,31.02240196079947,390
2018-04-20,112.288,112.728,110.887,111.428,24.210837017046288,390
2018-04-23,111.317,111.877,110.618,110.958,23.963568999548443,390
2018-04-24,111.598,112.858,109.577,110.447,41.25446206051856,390
2018-04-25,110.348,110.318,108.587,109.978,67.07817307347432,390
2018-04-26,109.697,110.788,109.308,110.117,66.01640910096467,390
2018-04-27,109.267,110.117,109.118,109.538,65.23170510865748,390
2018-04-30,109.767,110.238,108.737,108.918,103.93901102151722,390
2018-05-01,108.377,108.928,107.517,108.817,150.1634979248047,390
2018-05-02,107.987,109.428,107.717,107.938,151.35983282327652,390
2018-05-03,107.618,107.647,105.167,107.267,184.2049361616373,390
2018-05-04,106.287,108.707,105.958,108.438,115.22822012379766,390
2018-05-07,108.688,109.658,108.327,109.357,112.50570098031312,390
2018-05-08,109.138,111.317,109.138,110.968,165.35450325906277,390
2018-05-09,111.018,113.587,110.987,113.417,120.06714693829417,390
2018-05-10,112.937,114.408,112.727,114.288,104.94432403892279,390
2018-05-11,114.237,114.687,113.657,113.908,85.57200795039535,390
2018-05-14,114.087,114.657,113.727,113.908,88.4084498938173,390
2018-05-15,113.488,113.768,112.547,113.028,132.01064158976078,390
2018-05-16,112.588,113.638,112.588,113.337,88.66086900234222,390
2018-05-17,112.868,113.357,112.168,112.978,98.5752890445292,390
2018-05-18,112.468,112.638,110.817,111.248,101.5992738828063,390
2018-05-21,111.977,112.488,111.897,112.088,80.77990990318358,390
2018-05-22,112.377,114.258,112.158,113.128,95.63669500593096,390
2018-05-23,112.327,112.707,111.097,112.468,129.8941739834845,390
2018-05-24,111.857,112.007,110.087,111.268,148.86253385990858,390
2018-05-25,110.238,111.038,110.178,110.738,112.00492322072387,390
2018-05-29,109.167,109.148,104.937,106.017,201.66575525701046,390
2018-05-30,107.628,108.568,106.637,108.418,143.7418720126152,390
2018-05-31,107.857,108.038,106.397,107.098,182.37823569774628,390
2018-06-01,108.278,108.898,107.787,108.358,146.00289510190487,390
2018-06-04,108.988,109.218,108.257,108.398,98.29629819095135,390
2018-06-05,108.088,108.178,107.048,107.868,113.5337781412527,390
2018-06-06,108.698,110.718,108.437,110.338,118.82842961326241,390
2018-06-07,111.007,111.448,109.997,110.788,159.08572088554502,390
2018-06-08,110.107,111.077,110.037,111.078,124.30182008817792,390
2018-06-11,111.097,111.887,110.757,110.957,98.65350380167365,390
2018-06-12,111.047,111.508,109.507,110.178,124.06858404912055,390
2018-06-13,110.318,111.368,109.547,110.118,134.50518607348204,390
2018-06-14,110.217,110.097,107.767,108.158,133.68947502970695,390
2018-06-15,107.538,108.347,106.257,107.898,131.73522093892097,390
2018-06-18,106.997,108.357,106.688,108.278,105.04077401198447,390
2018-06-19,106.798,107.858,106.587,107.648,127.11624708771706,390
2018-06-20,107.797,108.567,107.427,107.518,107.72020826861262,390
2018-06-21,106.947,108.177,106.517,107.597,136.9415429905057,390
2018-06-22,107.637,108.218,105.488,105.647,120.45695899333805,390
2018-06-25,105.088,105.608,103.947,104.877,190.6532603725791,390
2018-06-26,104.688,105.138,103.087,104.988,137.0410691201687,390
2018-06-27,104.587,105.877,103.207,103.457,184.56670231558383,390
2018-06-28,103.537,105.427,103.497,104.958,181.6026311814785,390
2018-06-29,106.648,106.847,104.168,104.407,147.86236118525267,390
2018-07-02,103.597,105.028,103.347,105.068,148.72483234852552,390
2018-07-03,105.207,105.708,103.498,103.758,91.8873977959156,390
2018-07-05,104.117,104.347,103.517,103.747,140.36172811686993,390
2018-07-06,103.107,104.458,102.187,104.168,133.63635408133268,390
2018-07-09,104.687,107.427,104.687,107.318,126.39155411720276,390
2018-07-10,108.008,108.318,106.507,106.698,135.45896013081074,390
2018-07-11,105.938,107.008,105.938,106.457,154.70061095245183,390
2018-07-12,107.237,107.417,105.947,106.878,129.80712003819644,390
2018-07-13,106.818,107.767,105.117,106.458,116.21203901432455,390
2018-07-16,106.888,110.718,106.887,110.707,150.3704243042739,390
2018-07-17,110.288,110.907,109.717,110.528,122.51012103818357,390
2018-07-18,110.147,112.097,110.147,111.548,107.43290388956666,390
2018-07-19,110.788,110.948,109.707,109.878,127.81879223883152,390
2018-07-20,109.817,111.707,109.728,111.308,104.49444077908993,390
2018-07-23,111.087,114.198,110.907,113.468,101.52238810062408,390
2018-07-24,113.387,114.737,113.387,114.178,117.14050005376339,390
2018-07-25,113.788,115.377,113.357,115.148,96.75855981186032,390
2018-07-26,115.187,115.497,114.567,114.888,112.78865670785308,390
2018-07-27,114.377,116.267,114.377,116.048,146.5567159280181,390
2018-07-30,116.047,117.538,116.047,116.778,122.79727712273598,390
2018-07-31,116.698,116.868,114.797,115.028,119.78038981184363,390
2018-08-01,115.438,116.587,115.258,115.638,118.43489496409893,390
2018-08-02,114.618,116.138,114.307,116.238,128.92799236625433,390
2018-08-03,115.697,117.108,115.697,117.067,98.46805116347969,390
2018-08-06,116.427,117.497,116.167,117.098,97.14366805553436,390
2018-08-07,117.438,118.237,117.317,117.557,93.5484800580889,390
2018-08-08,117.217,118.237,117.217,117.898,88.09922782424837,390
2018-08-09,117.408,117.478,116.677,116.918,94.47794293984771,390
2018-08-10,115.278,115.917,114.667,115.618,129.28413500636816,390
2018-08-13,115.677,115.817,113.797,113.908,130.26129998639226,390
2018-08-14,114.218,115.008,113.617,114.697,113.75602499395609,390
2018-08-15,113.308,114.277,112.958,113.678,166.34428906440735,390
2018-08-16,113.988,115.278,113.987,114.758,103.456847012043,390
2018-08-17,114.258,115.038,114.258,114.707,109.00106723234057,390
2018-08-20,114.438,115.027,114.107,114.598,88.30076207779348,390
2018-08-21,115.317,116.337,114.748,115.418,102.59747301600873,390
2018-08-22,114.678,115.378,114.677,115.028,88.60657003521919,390
2018-08-23,114.507,115.117,114.417,114.697,103.94780396670103,390
2018-08-24,114.867,115.178,114.437,114.648,96.40438978374004,390
2018-08-27,114.987,117.247,114.987,116.728,107.6497620716691,390
2018-08-28,116.927,116.978,115.947,116.107,102.29768820479512,390
2018-08-29,115.577,116.217,115.327,115.788,103.76415979675949,390
2018-08-30,115.388,115.978,114.957,115.308,134.590338177979,390
2018-08-31,114.628,114.578,113.797,114.598,106.98844595812261,390
2018-09-04,114.488,115.197,113.817,115.148,98.61640206724405,390
2018-09-05,114.798,115.667,114.237,114.588,126.36298234760761,390
2018-09-06,114.188,114.657,113.487,114.088,134.94189312309027,390
2018-09-07,114.418,114.697,113.607,114.448,133.66979214549065,390
2018-09-10,114.838,114.808,113.647,113.708,96.93968107178807,390
2018-09-11,113.318,114.548,113.167,114.418,93.95604007318616,390
2018-09-12,114.188,114.838,112.837,113.055,117.34901740401983,390
2018-09-13,113.447,114.088,112.657,113.538,107.44067909941077,390
2018-09-14,113.517,114.457,113.208,113.578,111.17208496108651,390
2018-09-17,113.797,114.367,113.287,113.847,101.40395315364003,390
2018-09-18,114.098,114.628,113.547,114.428,100.8341402746737,390
2018-09-19,114.727,118.028,114.438,117.698,118.79783790186048,390
2018-09-20,118.348,119.178,118.057,118.688,113.56921503320336,390
2018-09-21,119.137,118.997,117.727,117.918,115.76714086160064,390
2018-09-24,117.608,118.338,116.417,116.768,138.80544936284423,390
2018-09-25,116.887,117.928,116.318,116.428,105.54995499737561,390
2018-09-26,116.548,116.787,114.637,114.998,116.324691073969,390
2018-09-27,115.167,115.718,114.138,114.578,138.54854886978865,390
2018-09-28,113.558,114.188,112.507,112.837,118.31995023414493,390
2018-10-01,113.317,114.567,113.027,113.528,99.73175900243223,390
2018-10-02,113.187,114.078,112.797,113.998,100.51774478703737,390
2018-10-03,114.667,115.628,114.467,115.068,121.71536421217024,390
2018-10-04,113.918,116.678,113.918,115.347,192.01838503032923,390
2018-10-05,115.488,115.787,113.997,114.678,186.15700820088387,390
2018-10-08,113.498,115.688,113.337,115.378,188.73461082577705,390
2018-10-09,114.398,114.978,113.647,114.698,203.83819318562746,390
2018-10-10,114.598,114.888,111.617,111.908,281.57527166604996,390
2018-10-11,110.237,111.368,107.387,108.357,139.5189173250692,390
2018-10-12,109.688,110.597,105.587,106.988,92.56400409527123,390
2018-10-15,107.237,108.708,106.307,106.578,108.60709710419178,390
2018-10-16,107.127,108.717,106.708,108.667,86.30318788439035,390
2018-10-17,108.348,110.748,108.207,109.938,102.35872910916805,390
2018-10-18,108.847,109.767,107.788,108.117,119.4453416466713,390
2018-10-19,107.547,109.177,107.258,108.008,99.6696061193943,390
2018-10-22,107.898,108.217,106.097,106.438,77.77672397345304,390
2018-10-23,104.047,106.048,103.687,105.328,111.22944785654545,390
2018-10-24,104.328,104.937,102.887,103.318,108.93512286618352,390
2018-10-25,103.787,105.818,103.787,104.868,176.0727660357952,390
2018-10-26,103.687,104.537,102.708,103.527,308.19825292751193,390
2018-10-29,104.107,106.598,103.687,104.868,230.42139990627766,390
2018-10-30,105.547,106.827,104.837,106.768,285.55109855532646,390
2018-10-31,107.987,110.427,107.767,109.137,175.62019244208932,390
2018-11-01,109.558,110.047,108.307,109.007,165.66932390630245,390
2018-11-02,109.878,110.728,107.487,108.287,206.21655002236366,390
2018-11-05,108.017,109.257,108.017,109.068,147.41764897853136,390
2018-11-06,108.448,109.538,107.717,109.618,142.87392103672028,390
2018-11-07,110.038,111.687,109.327,111.488,148.58670306950808,390
2018-11-08,110.547,112.897,110.547,112.338,146.4013846218586,390
2018-11-09,111.547,112.278,110.817,111.358,154.45156130194664,390
2018-11-12,111.387,111.757,108.617,108.997,177.1154611632228,390
2018-11-13,108.647,110.588,108.647,109.657,200.36529231071472,390
2018-11-14,110.088,110.598,105.967,107.458,216.7761474698782,390
2018-11-15,107.338,110.027,106.787,110.028,244.9820222556591,390
2018-11-16,109.218,110.557,108.527,110.017,181.61705005168915,390
2018-11-19,109.558,111.137,109.507,110.867,226.89411167800426,390
2018-11-20,109.358,110.358,107.957,108.678,278.95099607110023,390
2018-11-21,108.738,109.568,107.627,107.788,140.2243541702628,390
2018-11-23,106.697,107.368,106.037,106.577,75.97397108748555,390
2018-11-26,107.497,109.938,107.297,109.288,128.73555698618293,390
2018-11-27,108.747,110.008,108.567,109.727,141.77151638269424,390
2018-11-28,109.828,111.377,108.847,111.028,154.48667469620705,390
2018-11-29,110.195,110.718,109.618,110.078,130.8145680576563,390
2018-11-30,109.107,111.287,109.107,111.048,96.73866721615195,390
2018-12-03,112.347,112.868,111.727,112.328,145.10891139961313,390
2018-12-04,111.498,111.528,106.717,107.338,212.47296844422817,390
2018-12-06,104.787,105.328,102.887,105.138,243.28480249643326,390
2018-12-07,104.818,106.847,102.888,103.448,224.34715808928013,390
2018-12-10,102.797,103.457,99.197,101.508,219.03841083566658,390
2018-12-11,102.987,103.588,100.187,100.427,195.61903466284275,390
2018-12-12,101.488,102.847,100.047,101.207,177.5192351192236,390
2018-12-13,101.587,101.888,100.657,101.177,167.75060430914164,390
2018-12-14,99.828,101.878,99.737,100.378,170.67772202938795,390
2018-12-17,99.757,100.477,98.417,99.148,204.7236816138029,390
2018-12-18,98.987,100.817,98.097,98.688,173.62592897564173,390
2018-12-19,98.067,100.368,96.587,97.528,312.498497068882,390
2018-12-20,96.308,98.208,95.668,96.418,416.8072291240096,390
2018-12-21,95.938,98.277,93.667,94.227,345.89042288064957,390
2018-12-24,92.688,94.148,92.107,92.187,203.92764934897423,390
2018-12-26,92.187,95.887,91.107,95.928,292.2041911184788,390
2018-12-27,94.487,97.038,93.527,97.058,371.55449149012566,390
2018-12-28,97.887,98.277,96.407,96.928,346.4419411420822,390
2018-12-31,97.037,98.748,96.747,97.687,221.9070249348879,390
2019-01-02,95.518,99.728,95.517,99.427,253.21669925004244,390
2019-01-03,98.197,98.448,96.677,97.357,273.1211118400097,390
2019-01-04,99.117,100.887,98.268,100.728,244.88847301900387,390
2019-01-07,100.487,101.437,99.678,100.868,165.47112476825714,390
2019-01-08,101.418,101.767,99.527,100.578,190.44044579565525,390
2019-01-09,100.847,101.447,99.907,100.467,230.87908601015806,390
2019-01-10,99.797,100.707,99.257,100.488,170.62807112932205,390
2019-01-11,99.787,100.138,98.917,99.998,149.96663831174374,390
2019-01-14,98.897,101.318,98.657,101.018,143.61458559893072,390
2019-01-15,98.288,102.398,98.288,101.718,179.94488986581564,390
2019-01-16,102.287,103.428,101.778,102.628,185.8648668443784,390
2019-01-17,102.118,103.458,101.837,102.928,207.62930013239384,390
2019-01-18,103.258,104.787,102.807,104.608,207.87873697280884,390
2019-01-22,103.237,103.467,102.107,102.908,216.0125324241817,390
2019-01-23,102.928,103.467,101.947,102.758,250.5331679135561,390
2019-01-24,102.027,103.017,101.948,102.758,276.2354386895895,390
2019-01-25,103.387,104.257,102.728,103.428,248.2655937075615,390
2019-01-28,103.377,104.208,102.597,103.867,251.12180936336517,390
2019-01-29,103.137,105.078,103.137,104.168,186.59879790246487,390
2019-01-30,104.007,105.187,103.747,104.387,198.66139313578606,390
2019-01-31,103.258,103.688,102.707,103.648,199.87532825767994,390
2019-02-01,103.688,104.799,103.497,103.878,185.79219676554203,390
2019-02-04,103.597,104.217,102.997,104.228,150.45475415885448,390
2019-02-05,104.348,104.477,103.277,103.698,170.98283367604017,390
2019-02-06,103.588,104.537,103.448,103.718,180.41698740422726,390
2019-02-07,103.138,103.388,101.437,102.362,254.87295219302177,390
2019-02-08,101.648,102.208,100.037,101.308,196.96150574088097,390
2019-02-11,101.597,101.972,100.757,100.978,177.69848854839802,390
2019-02-12,101.607,102.888,101.607,102.638,162.24272768944502,390
2019-02-13,102.958,103.808,102.958,103.071,160.39538982510567,390
2019-02-14,102.428,103.03,101.337,102.528,209.75784169137478,390
2019-02-15,103.357,105.667,103.357,105.548,178.62560984492302,390
2019-02-19,104.657,105.329,103.797,105.178,161.53003487363458,390
2019-02-20,104.897,105.728,104.857,105.687,189.34732407331467,390
2019-02-21,105.287,105.878,104.947,105.467,187.03901293873787,390
2019-02-22,105.137,105.937,104.758,104.988,165.87259103357792,390
2019-02-25,105.667,107.238,105.667,106.128,133.3968803063035,390
2019-02-26,104.097,105.439,103.918,105.408,171.87699407339096,390
2019-02-27,104.998,105.338,104.487,105.141,182.9002568423748,390
2019-02-28,104.968,105.118,104.167,104.298,170.25357738137245,390
2019-03-01,104.748,105.878,104.187,104.438,165.95796218514442,390
2019-03-04,104.738,105.868,103.238,104.228,227.56517891585827,390
2019-03-05,104.057,104.517,103.248,104.238,170.28137719631195,390
2019-03-06,104.168,104.478,103.537,103.799,208.81809194386005,390
2019-03-07,102.997,103.288,102.147,102.998,213.98335179686546,390
2019-03-08,101.998,103.159,101.991,103.061,203.7695877403021,390
2019-03-11,102.997,104.517,102.997,104.378,75.99102010577917,390
2019-03-12,103.998,104.688,103.737,104.038,172.6084929406643,390
2019-03-13,104.188,104.938,103.927,104.368,169.33725014328957,390
2019-03-14,104.048,105.848,104.048,105.378,162.7276398986578,390
2019-03-15,105.067,106.478,105.067,106.757,177.6446447521448,390
2019-03-18,106.527,107.757,106.478,107.218,171.66520604491234,390
2019-03-19,107.627,108.368,106.528,106.838,182.077727034688,390
2019-03-20,106.307,106.628,104.397,104.638,202.2236453294754,390
2019-03-21,103.337,103.358,102.268,102.859,202.2797076255083,390
2019-03-22,101.488,102.26,99.517,99.748,249.07354128360748,390
2019-03-25,99.307,100.437,98.077,98.932,224.50000780820847,390
2019-03-26,99.577,100.367,98.807,99.998,206.39934222400188,390
2019-03-27,99.788,100.408,99.067,99.648,229.62272790074348,390
2019-03-28,99.397,100.748,99.397,100.768,195.74981625378132,390
2019-03-29,101.168,101.877,100.568,101.478,189.8294509500265,390
2019-04-01,101.988,104.658,101.988,104.658,167.12528382986784,390
2019-04-02,104.397,105.358,104.308,105.168,141.83723283186555,390
2019-04-03,105.538,106.328,104.767,105.378,151.434756167233,390
2019-04-04,104.188,105.688,104.188,105.548,141.33675214648247,390
2019-04-05,105.538,106.068,104.968,105.307,130.87085988000035,390
2019-04-08,104.898,105.628,104.878,105.638,120.04129283130169,390
2019-04-09,104.908,105.178,104.218,104.898,131.57262951135635,390
2019-04-10,104.577,105.697,104.458,105.398,121.6974609605968,390
2019-04-11,105.488,106.698,105.488,106.318,137.23057120665908,390
2019-04-12,109.258,111.808,108.867,111.168,182.50013304501772,390
2019-04-15,110.838,110.617,109.107,109.968,138.11011869460344,390
2019-04-16,109.608,111.358,109.608,111.088,138.5598238967359,390
2019-04-17,111.368,114.627,110.998,114.388,157.4165580496192,390
2019-04-18,113.937,114.918,113.317,113.458,139.3961531072855,390
2019-04-22,112.488,113.897,112.488,113.708,111.89897986641154,390
2019-04-23,112.738,114.348,112.737,113.788,129.700082808733,390
2019-04-24,113.238,114.127,112.788,113.638,124.37507863994688,390
2019-04-25,112.997,114.118,112.787,113.708,132.78682003729045,390
2019-04-26,113.347,114.468,113.347,114.457,109.35852382704616,390
2019-04-29,113.998,117.118,113.998,116.248,92.38203094154596,390
2019-04-30,115.887,116.657,115.247,116.248,97.890755020082,390
2019-05-01,115.597,116.887,115.098,115.207,136.01387406140566,390
2019-05-02,115.028,115.708,114.548,115.428,131.6832250021398,390
2019-05-03,115.818,116.608,115.648,116.128,91.97322083450854,390
2019-05-06,113.998,115.428,113.687,115.102,156.7389146760106,390
2019-05-07,113.938,113.93,112.267,113.157,240.74820002913475,390
2019-05-08,112.188,113.627,112.188,112.758,169.98785415291786,390
2019-05-09,111.098,112.708,110.567,112.508,201.73924304544926,390
2019-05-10,111.488,112.778,110.518,112.548,222.2693050056696,390
2019-05-13,109.537,110.198,108.958,109.538,217.70498684048653,390
2019-05-14,109.648,111.678,109.487,110.398,134.69456129521132,390
2019-05-15,108.988,110.858,108.598,109.968,137.12702228873968,390
2019-05-16,110.367,112.118,110.367,111.408,125.84785109013319,390
2019-05-17,109.788,111.697,109.787,110.818,162.30503917485476,390
2019-05-20,110.367,111.778,110.31,111.388,152.79504607617855,390
2019-05-21,111.298,111.898,111.198,111.828,95.0496929846704,390
2019-05-22,111.228,111.688,110.737,110.818,108.86124720983207,390
2019-05-23,109.118,109.477,107.487,108.628,146.2069282308221,390
2019-05-24,108.947,109.928,108.947,109.738,105.8340700417757,390
2019-05-28,108.988,109.787,108.457,108.618,113.9855760037899,390
2019-05-29,107.187,108.387,107.037,108.288,156.13687696307898,390
2019-05-30,108.587,109.127,106.517,107.098,122.73147406429052,390
2019-05-31,105.198,106.548,104.818,105.958,129.38387800008059,390
2019-06-03,105.687,106.788,105.287,106.488,166.13242591917515,390
2019-06-04,107.538,109.808,107.118,109.817,128.7145021110773,390
2019-06-05,109.378,110.347,108.597,110.178,114.81396114453673,390
2019-06-06,109.568,110.798,108.908,110.478,111.16004214435816,390
2019-06-07,109.497,109.947,108.937,109.228,95.41773419640958,390
2019-06-10,110.147,111.178,110.147,110.378,91.34718186408281,390
2019-06-11,110.338,111.548,110.338,110.758,114.84911319613457,390
2019-06-12,110.678,110.557,108.877,109.278,92.30512522161007,390
2019-06-13,109.338,110.097,109.027,109.608,99.82058428227901,390
2019-06-14,109.058,110.258,108.608,109.908,98.81705815717578,390
2019-06-17,109.588,110.347,109.047,109.198,92.27103585749865,390
2019-06-18,108.988,111.378,108.967,110.818,122.22354812920094,390
2019-06-19,110.068,111.548,109.687,109.948,123.92345727607608,390
2019-06-20,110.578,110.847,109.018,110.428,111.87200792878866,390
2019-06-21,109.988,111.597,109.078,109.697,110.48509206436574,390
2019-06-24,109.007,109.708,108.518,108.707,123.45081400498748,390
2019-06-25,108.637,108.958,107.647,107.888,120.84487994015217,390
2019-06-26,108.148,109.278,108.137,108.528,113.66050411015749,390
2019-06-27,108.557,109.488,108.428,108.928,109.19311278313398,390
2019-06-28,110.988,112.398,110.888,111.908,103.01564102619886,390
2019-07-01,113.198,114.448,113.097,113.848,98.95399396121502,390
2019-07-02,113.338,114.148,113.198,113.798,83.95724505186081,390
2019-07-03,113.187,113.338,111.997,112.617,52.31802093416809,390
2019-07-05,113.167,114.078,112.898,113.458,92.17830304056406,390
2019-07-08,112.807,113.438,112.478,112.898,80.04495703428984,390
2019-07-09,112.187,113.458,112.097,113.418,82.95414714794606,390
2019-07-10,113.137,113.768,112.727,113.018,83.49994793627411,390
2019-07-11,113.457,114.308,113.077,114.178,84.24231227114797,390
2019-07-12,114.027,115.298,113.907,115.298,75.43254791479558,390
2019-07-15,115.288,115.088,113.518,113.847,90.42122813686728,390
2019-07-16,113.188,115.478,112.898,115.248,102.06887016817927,390
2019-07-17,114.198,114.908,113.698,114.018,84.87356693670154,390
2019-07-18,113.518,115.048,113.518,114.668,99.84357888996601,390
2019-07-19,114.207,115.088,113.387,113.658,91.96990188583732,390
2019-07-22,112.757,114.388,112.737,114.328,78.80222904775292,390
2019-07-23,114.468,116.417,114.467,116.358,85.36615996435285,390
2019-07-24,115.188,116.848,115.188,116.828,89.28314724937081,390
2019-07-25,116.818,117.178,115.287,115.768,110.91671200096607,390
2019-07-26,115.488,116.478,115.488,116.218,100.14788296073675,390
2019-07-29,116.088,117.108,115.767,115.879,107.96291184425354,390
2019-07-30,115.248,116.028,114.727,115.568,110.55326226353645,390
2019-07-31,115.777,116.108,114.838,115.987,116.98250797204673,390
2019-08-01,115.208,116.748,112.578,113.008,146.97252541594207,390
2019-08-02,112.288,113.159,111.388,112.938,177.1884818226099,390
2019-08-05,110.267,110.848,108.247,109.579,199.42423428595066,390
2019-08-06,109.988,110.438,108.318,110.478,192.0878108292818,390
2019-08-07,107.987,108.198,105.927,108.088,224.38824497163296,390
2019-08-08,108.678,109.989,108.678,109.922,145.3382129818201,390
2019-08-09,109.337,110.388,108.268,109.778,147.37350548058748,390
2019-08-12,108.007,108.457,107.197,107.788,141.16514701209962,390
2019-08-13,107.437,110.288,107.009,109.328,159.507278829813,390
2019-08-14,106.188,106.827,104.437,104.928,211.13411384820938,390
2019-08-15,104.488,106.278,104.318,105.248,204.15648059546947,390
2019-08-16,106.027,107.908,105.857,107.818,130.20736607164145,390
2019-08-19,109.447,109.588,108.397,108.758,118.34239214658737,390
2019-08-20,107.837,108.407,107.217,107.33,124.96872495114803,390
2019-08-21,107.797,108.358,107.427,107.628,22.756260990165174,390
2019-08-22,107.988,109.217,107.888,108.778,19.559859008528292,390
2019-08-23,107.978,108.667,105.107,106.028,101.49544297158718,390
2019-08-26,106.297,106.888,105.997,106.888,16.130585949867964,390
2019-08-27,107.018,107.418,104.837,105.838,22.68341003730893,390
2019-08-28,104.977,107.168,104.977,106.868,20.702004971913993,390
2019-08-29,108.078,109.871,107.978,109.287,199.99631747155217,390
2019-08-30,110.0,110.538,109.457,109.978,133.97149954922497,390
2019-09-03,108.768,108.887,107.308,108.618,45.94150001183152,390
2019-09-04,109.478,110.198,109.288,109.958,42.04275006428361,390
2019-09-05,110.768,113.658,110.628,112.368,47.39925004914403,390
2019-09-06,112.458,112.958,111.947,112.648,41.454499922692776,390
2019-09-09,113.148,116.038,113.148,115.458,48.6777499410091,390
2019-09-10,116.248,117.198,115.418,116.708,56.7692499384284,390
2019-09-11,116.168,117.138,115.338,117.188,46.344750076532364,390
2019-09-12,116.017,118.457,115.917,118.088,36.86074993759394,390
2019-09-13,118.747,120.338,118.548,120.258,51.932250034064054,390
2019-09-16,118.267,119.817,118.267,119.198,50.199750013649464,390
2019-09-17,117.838,118.568,117.237,118.598,46.741249959915876,390
2019-09-18,118.538,119.987,117.967,119.767,46.52575001679361,390
2019-09-19,119.358,120.298,119.098,119.497,42.91299995034933,390
2019-09-20,119.678,120.328,118.857,119.158,50.84074994176626,390
2019-09-23,117.138,119.088,117.138,118.898,38.32849996723235,390
2019-09-24,118.767,119.218,117.027,117.378,63.931750014424324,390
2019-09-25,116.998,118.338,116.997,118.038,53.68550003692508,390
2019-09-26,117.588,117.987,116.938,117.118,49.46649996377528,390
2019-09-27,117.627,118.568,117.148,117.727,54.87349994853139,390
2019-09-30,118.187,118.678,117.197,117.768,39.23149999976158,390
2019-10-01,117.688,118.978,115.388,115.558,50.55725006759167,390
2019-10-02,114.347,114.498,112.918,113.238,59.721250012516975,390
2019-10-03,111.447,112.868,110.497,112.178,56.69050009921193,390
2019-10-04,112.237,114.858,112.237,114.798,46.11149992980063,390
2019-10-07,114.058,115.488,114.048,114.658,47.51124998182058,390
2019-10-08,112.947,112.868,111.638,111.878,55.85074990801513,390
2019-10-09,112.358,113.038,112.018,112.667,37.33074998855591,390
2019-10-10,113.128,115.378,112.948,114.228,46.52149987965822,390
2019-10-11,115.468,117.968,115.467,116.228,43.80949989520013,390
2019-10-14,115.518,116.808,115.517,116.468,38.7662499807775,390
2019-10-15,118.747,121.498,117.867,120.078,57.840999968349934,390
2019-10-16,120.138,120.557,119.367,119.708,43.943750005215406,390
2019-10-17,120.667,121.548,119.888,120.418,46.63999988511205,390
2019-10-18,119.268,121.018,119.268,120.728,50.10049998015165,390
2019-10-21,121.988,123.728,121.968,123.598,39.05950003862381,390
2019-10-22,122.828,125.068,122.827,124.868,45.263749960809946,390
2019-10-23,123.407,125.127,123.407,125.138,35.54700002446771,390
2019-10-24,125.118,125.588,124.057,125.158,29.19875013444107,390
2019-10-25,124.177,126.608,124.177,126.168,38.11674999631941,390
2019-10-28,126.358,127.148,125.897,126.678,38.67075004801154,390
2019-10-29,125.327,127.388,125.327,126.477,42.794249976053834,390
2019-10-30,125.408,126.238,124.907,125.747,45.55350003764033,390
2019-10-31,124.597,125.468,123.848,124.938,46.679749911651015,390
2019-11-01,125.847,127.967,125.847,127.848,39.89874993637204,390
2019-11-04,128.348,129.328,128.348,128.868,36.17500005289912,390
2019-11-05,128.998,130.268,128.827,129.108,38.53600003756583,390
2019-11-06,128.658,129.807,128.557,129.268,37.139750035479665,390
2019-11-07,130.307,131.268,129.907,130.137,41.831750023178756,390
2019-11-08,129.888,130.348,129.238,130.388,34.1317500397563,390
2019-11-11,128.638,130.068,128.638,129.958,23.602999961934984,390
2019-11-12,129.568,130.537,128.997,129.178,28.890500045381486,390
2019-11-13,128.088,128.808,126.718,128.518,30.688999901525676,390
2019-11-14,126.838,128.808,126.838,128.728,28.781500009819865,390
2019-11-15,129.108,129.488,128.387,129.498,27.6402498614043,390
2019-11-18,129.567,130.598,128.618,130.637,31.565499951131642,390
2019-11-19,130.678,131.168,130.167,130.648,35.05049990862608,390
2019-11-20,129.627,130.547,128.927,129.638,41.57425005547702,390
2019-11-21,129.748,130.698,129.378,129.968,36.40225006826222,390
2019-11-22,129.828,131.188,129.827,130.818,29.327500011771917,390
2019-11-25,131.027,131.998,130.848,131.528,31.71224992349744,390
2019-11-26,131.298,131.688,130.347,131.788,32.31750000268221,390
2019-11-27,132.058,132.408,131.627,132.158,28.531500043347478,390
2019-11-29,131.628,132.378,131.448,131.757,16.26099995803088,390
2019-12-02,132.267,132.698,131.347,131.538,47.82725002244115,390
2019-12-03,129.567,129.938,128.578,129.818,52.40075010806322,390
2019-12-04,129.987,132.457,129.977,132.438,37.61299997754395,390
2019-12-05,132.518,133.258,132.177,133.078,40.64074997231364,390
2019-12-06,134.798,135.758,134.597,135.078,34.09524998255074,390
2019-12-09,133.887,135.438,133.887,134.438,34.42050003632903,390
2019-12-10,132.707,134.738,132.448,134.488,36.86324996501207,390
2019-12-11,134.467,134.958,133.937,134.288,30.569750022143126,390
2019-12-12,134.428,138.457,134.187,138.108,55.823250107467175,390
2019-12-13,137.817,138.688,136.208,137.048,42.22500001266599,390
2019-12-16,138.007,138.828,137.317,137.478,31.549499962478876,390
2019-12-17,137.368,138.657,137.218,138.248,33.911249990575016,390
2019-12-18,138.088,138.978,137.688,138.098,32.24349990859628,390
2019-12-19,137.747,138.198,137.097,137.377,37.72600009292364,390
2019-12-20,137.908,138.868,136.907,137.418,35.549750013276935,390
2019-12-23,137.507,137.898,136.908,137.208,31.134999964386225,390
2019-12-24,136.668,137.588,136.668,137.538,15.059750070795417,390
2019-12-26,137.697,139.068,137.697,139.068,26.210749958641827,390
2019-12-27,139.298,139.748,138.657,139.138,32.51124991104007,390
2019-12-30,139.498,140.028,138.447,138.678,38.53850002028048,390
2019-12-31,138.398,139.438,138.287,139.468,36.41974999755621,390
2020-01-02,139.807,141.047,139.247,141.047,31.53049995296169,390
2020-01-03,137.317,139.198,136.957,138.448,40.14675002545118,390
2020-01-06,136.528,138.198,136.467,138.258,40.750749964267015,390
2020-01-07,137.438,137.818,135.807,135.928,46.48274987563491,390
2020-01-08,135.497,137.558,135.497,136.958,48.88975000753999,390
2020-01-09,137.448,138.028,137.027,137.468,40.59850004129112,390
2020-01-10,137.107,137.028,135.787,136.088,43.18200005590916,390
2020-01-13,136.128,137.137,135.747,137.178,37.68325002118945,390
2020-01-14,137.598,140.697,137.597,138.768,45.902999978512526,390
2020-01-15,137.788,138.568,136.138,136.788,40.6452500410378,390
2020-01-16,137.348,137.848,136.828,137.248,36.448249934241176,390
2020-01-17,137.378,138.258,137.308,138.198,39.77524998411536,390
2020-01-21,137.028,138.048,136.698,136.827,42.030750105157495,390
2020-01-22,136.998,137.347,136.377,136.738,40.916750030592084,390
2020-01-23,134.948,136.708,134.688,136.588,37.011250004172325,390
2020-01-24,135.758,136.238,132.307,133.158,52.58699991554022,390
2020-01-27,130.058,132.918,129.647,132.137,48.50500009581447,390
2020-01-28,132.687,134.928,132.148,134.538,40.666749991476536,390
2020-01-29,134.788,135.507,133.668,134.258,43.970500104129314,390
2020-01-30,132.287,136.017,132.287,136.118,55.64699998125434,390
2020-01-31,133.958,134.647,131.467,132.537,62.5607500448823,390
2020-02-03,132.487,134.168,131.968,133.378,39.92150009050965,390
2020-02-04,135.457,136.577,135.077,135.288,34.59374997578561,390
2020-02-05,136.218,137.718,135.878,137.618,42.58375003375113,390
2020-02-06,137.848,138.157,137.078,137.688,31.91324990335852,390
2020-02-07,136.508,137.638,136.278,137.298,32.978500032797456,390
2020-02-10,136.208,137.807,136.207,137.698,20.56775000691414,390
2020-02-11,138.178,138.788,137.758,137.988,24.20875007659197,390
2020-02-12,138.538,139.258,137.787,138.038,29.676249995827675,390
2020-02-13,136.908,138.308,136.377,137.888,31.762750014662743,390
2020-02-14,137.498,138.088,136.937,137.428,24.945500030182302,390
2020-02-18,137.107,137.588,135.047,135.658,32.45300003606826,390
2020-02-19,136.947,138.358,136.327,137.578,27.339250011369586,390
2020-02-20,137.148,138.338,136.527,137.598,49.88674995303154,390
2020-02-21,136.508,136.678,134.887,135.828,48.16525004059076,390
2020-02-24,130.758,133.128,130.658,132.198,61.43874979019165,390
2020-02-25,130.588,132.137,125.578,126.408,112.26724996417761,390
2020-02-26,126.497,128.938,126.328,126.778,154.87300015985966,390
2020-02-27,122.997,125.538,121.277,121.717,129.27675013244152,390
2020-02-28,117.498,118.278,112.657,115.798,161.59725007414818,390
2020-03-02,116.178,121.508,114.417,121.548,162.68000000715256,390
2020-03-03,121.008,122.327,116.207,117.198,136.18374992907047,390
2020-03-04,118.108,120.017,114.677,120.178,124.26649995148182,390
2020-03-05,115.398,116.287,112.567,114.118,144.39449974894524,390
2020-03-06,105.598,110.238,104.998,108.238,150.70774979889393,390
2020-03-09,96.318,98.958,92.997,93.578,115.87574998661876,390
2020-03-10,98.878,101.188,94.567,100.718,100.538500033319,390
2020-03-11,97.447,99.948,94.517,96.288,182.70499996840954,390
2020-03-12,89.597,96.888,86.158,88.458,112.35600003413856,390
2020-03-13,95.498,102.928,91.998,103.938,112.53600013256073,390
2020-03-16,85.008,93.848,84.497,88.597,92.3815000699833,390
2020-03-17,90.878,97.258,87.527,93.678,93.83649995923042,390
2020-03-18,87.498,89.757,80.268,84.298,81.86899974569678,390
2020-03-19,81.277,87.918,76.728,85.288,77.31324987113476,390
2020-03-20,86.198,89.178,82.418,83.898,110.62675001472235,390
2020-03-23,81.748,82.977,78.007,80.397,147.76450005173683,390
2020-03-24,84.837,89.877,82.897,88.638,206.25874987244606,390
2020-03-25,89.238,95.058,84.527,91.977,246.2822499424219,390
2020-03-26,93.507,98.307,93.497,98.438,248.50950002670288,390
2020-03-27,92.508,94.647,90.527,91.428,168.54125007987022,390
2020-03-30,90.518,93.978,89.278,93.458,168.58849984407425,390
2020-03-31,92.058,94.098,89.317,90.278,173.64125031232834,390
2020-04-01,85.097,86.388,83.247,84.638,153.2449998408556,390
2020-04-02,83.398,87.798,82.958,87.658,175.7542504221201,390
2020-04-03,85.748,87.368,82.808,84.198,143.59100015461445,390
2020-04-06,88.698,90.867,87.678,89.157,129.47200023382902,390
2020-04-07,93.908,94.028,90.338,90.688,172.70199950039387,390
2020-04-08,92.098,94.668,90.537,94.297,140.94849998503923,390
2020-04-09,96.797,104.308,96.797,102.948,130.07100017368793,390
2020-04-13,102.498,102.688,97.287,98.808,135.76225018501282,390
2020-04-14,100.767,101.648,93.627,95.738,135.55125020444393,390
2020-04-15,91.118,91.948,90.118,91.108,150.55974981188774,390
2020-04-16,90.298,90.258,87.048,87.458,159.49199995398521,390
2020-04-17,91.598,95.458,90.958,95.138,136.4029999524355,390
2020-04-20,92.508,94.557,90.447,92.018,156.65449987351894,390
2020-04-21,88.638,91.218,88.308,89.168,133.3900000936119,390
2020-04-22,90.688,91.838,89.177,89.378,139.26150000095367,390
2020-04-23,89.588,91.207,89.228,89.418,141.511750087142,390
2020-04-24,90.558,91.078,88.487,90.648,121.37800008058548,390
2020-04-27,91.758,95.588,91.518,94.587,99.88499999791384,390
2020-04-28,97.487,98.277,95.008,95.328,170.78503002226353,390
2020-04-29,98.887,99.298,97.267,97.867,166.35700011998415,390
2020-04-30,95.507,96.797,94.537,96.068,190.21074993908405,390
2020-05-01,93.038,93.707,91.807,93.288,188.197750300169,390
2020-05-04,91.878,92.567,90.777,92.158,156.15900014340878,390
2020-05-05,93.508,94.167,91.897,92.128,150.4487502425909,390
2020-05-06,92.057,92.598,89.917,90.348,175.39025954902172,390
2020-05-07,90.998,92.828,90.567,91.238,182.5464999973774,390
2020-05-08,92.608,93.988,92.098,92.528,132.4342502951622,390
2020-05-11,90.998,90.658,89.328,90.018,119.78249964863062,390
2020-05-12,90.007,90.678,86.987,87.248,152.47000006586313,390
2020-05-13,86.298,86.628,83.397,84.167,179.1487495303154,390
2020-05-14,82.298,88.008,82.298,87.538,173.10624998807907,390
2020-05-15,86.998,87.168,85.297,85.937,162.5162496715784,390
2020-05-18,88.228,91.118,87.877,90.338,147.34974992275238,390
2020-05-19,89.998,91.148,88.587,88.958,145.69874984025955,390
2020-05-20,90.627,92.298,90.367,91.368,146.3260002732277,390
2020-05-21,90.108,91.648,89.657,90.288,145.44699979573488,390
2020-05-22,89.908,90.287,88.708,89.508,116.59375014156103,390
2020-05-26,92.647,97.488,92.557,95.838,115.92649994045496,390
2020-05-27,101.858,102.088,98.797,101.488,132.12025046348572,390
2020-05-28,102.667,102.007,99.397,100.027,138.02800035476685,390
2020-05-29,98.497,99.088,96.757,97.558,149.1247497946024,390
2020-06-01,97.828,99.488,97.347,98.638,95.7597500756383,390
2020-06-02,99.507,100.257,97.917,99.018,101.19975008815527,390
2020-06-03,101.187,104.898,101.037,104.358,103.0242501348257,390
2020-06-04,103.747,106.558,102.787,106.588,124.01300013065338,390
2020-06-05,114.058,115.677,109.517,111.288,149.09650002419949,390
2020-06-08,113.398,114.118,111.927,113.478,119.52999996393919,390
2020-06-09,110.278,111.558,109.007,110.718,108.09875017404556,390
2020-06-10,110.177,110.117,105.838,106.188,83.69580691680312,390
2020-06-11,100.008,101.378,96.527,97.357,198.30736312270164,390
2020-06-12,100.497,100.848,97.307,100.118,223.891499876976,390
2020-06-15,96.298,101.337,95.847,101.318,210.54800038039684,390
2020-06-16,104.998,105.028,99.347,102.128,139.00250034034252,390
2020-06-17,101.998,102.348,99.198,99.748,124.30524987727404,390
2020-06-18,98.748,100.348,98.107,99.038,104.15875008702278,390
2020-06-19,99.997,100.047,96.708,98.058,147.0459999591112,390
2020-06-22,96.877,97.858,96.527,96.908,113.19874983280897,390
2020-06-23,98.107,99.947,97.827,98.138,87.23199988901615,390
2020-06-24,96.547,96.538,94.307,94.758,166.54125054180622,390
2020-06-25,94.308,98.178,94.217,97.998,115.41824977844954,390
2020-06-26,95.148,94.958,91.987,92.607,169.15250021219254,390
2020-06-29,93.097,94.427,92.157,92.968,95.22774976491928,390
2020-06-30,92.798,94.527,92.547,94.227,107.03600012511015,390
2020-07-01,94.167,95.627,93.027,93.307,102.46600006520748,390
2020-07-02,94.727,94.828,91.907,92.677,123.75474993884563,390
2020-07-06,94.277,95.078,93.478,95.038,102.66225001215935,390
2020-07-07,93.798,94.038,91.997,92.288,77.62224999442697,390
2020-07-08,92.107,93.297,91.787,93.318,83.75299999117851,390
2020-07-09,93.547,93.988,90.767,91.308,105.99849987775087,390
2020-07-10,91.347,96.758,91.347,96.528,95.58024974167347,390
2020-07-13,98.498,99.207,96.207,98.018,114.94100001454353,390
2020-07-14,98.367,99.898,96.618,98.277,98.7892499268055,390
2020-07-15,100.498,101.208,98.647,99.798,90.73974975198507,390
2020-07-16,98.497,101.137,98.497,100.058,62.653500113636255,390
2020-07-17,99.898,99.907,98.118,98.248,56.98899997398257,390
2020-07-20,97.377,98.377,97.247,97.418,59.85625011846423,390
2020-07-21,97.497,99.998,97.497,99.458,68.37074996903539,390
2020-07-22,99.648,100.007,97.517,98.698,59.63674999400973,390
2020-07-23,98.398,99.238,97.947,98.997,88.24824992567301,390
2020-07-24,99.098,99.578,97.917,98.278,75.35275014489889,390
2020-07-27,97.327,97.547,96.148,96.938,48.46725004538894,390
2020-07-28,96.398,97.847,96.398,97.398,49.91725014150143,390
2020-07-29,97.057,99.628,96.997,99.698,52.474999971687794,390
2020-07-30,97.187,97.478,96.037,96.998,65.24025005847216,390
2020-07-31,96.508,96.608,95.247,96.728,67.63075008243322,390
2020-08-03,96.998,97.527,95.827,96.148,55.188249967992306,390
2020-08-04,95.898,95.637,95.027,95.587,55.11425011791289,390
2020-08-05,95.558,98.318,95.547,97.408,59.72099992260337,390
2020-08-06,97.177,98.048,96.537,97.228,54.356750033795834,390
2020-08-07,96.768,99.468,96.547,99.448,65.51700000092387,390
2020-08-10,100.028,101.997,100.027,100.748,68.65900008007884,390
2020-08-11,102.897,106.117,102.897,103.888,100.63275022432208,390
2020-08-12,106.008,105.938,101.697,103.298,73.52274996601045,390
2020-08-13,101.878,103.238,101.348,102.408,64.20875005424023,390
2020-08-14,101.248,103.247,101.247,102.428,54.497499976307154,390
2020-08-17,101.417,101.917,99.527,99.828,53.54150005429983,390
2020-08-18,99.697,99.698,98.117,98.308,50.67775012925267,390
2020-08-19,98.398,100.428,98.327,98.558,70.1472498588264,390
2020-08-20,97.198,97.987,96.787,97.458,57.337750144302845,390
2020-08-21,96.997,98.468,96.927,97.398,206802.0409333259,390
2020-08-24,98.118,100.157,97.417,100.188,325655.0007324219,390
2020-08-25,101.087,101.888,99.787,100.518,290455.0,390
2020-08-26,99.858,100.217,99.047,99.177,238537.5009765625,390
2020-08-27,98.847,102.607,98.847,102.468,415510.0,390
2020-08-28,102.927,103.128,101.797,102.868,284347.5009765625,390
2020-08-31,102.008,101.858,100.018,100.558,200917.5009765625,390
2020-09-01,99.557,100.838,99.007,100.198,267022.5009765625,390
2020-09-02,99.658,101.908,99.537,101.788,399670.0,390
2020-09-03,102.998,104.897,100.617,101.398,688742.5036621094,390
2020-09-04,103.667,105.177,101.328,103.668,714485.0009765625,390
2020-09-08,102.507,103.128,99.468,100.258,587975.0599365234,390
2020-09-09,100.808,101.668,99.547,101.038,364150.0,390
2020-09-10,101.277,102.368,99.617,100.088,598372.5,390
2020-09-11,99.757,101.318,99.588,101.117,571742.5,390
2020-09-14,101.448,103.397,101.307,102.697,403587.5,390
2020-09-15,102.008,102.688,99.138,99.368,346702.501953125,390
2020-09-16,99.398,101.067,98.748,99.757,443905.0,390
2020-09-17,98.498,99.167,97.687,98.578,408357.5009765625,390
2020-09-18,97.918,99.457,97.427,98.598,441922.5,390
2020-09-21,94.877,95.867,93.807,95.318,534015.0,390
2020-09-22,94.798,95.567,93.667,94.288,359077.52490234375,390
2020-09-23,94.697,95.288,92.658,92.788,460027.5,390
2020-09-24,92.157,94.238,91.357,92.787,557597.5,390
2020-09-25,92.007,93.687,91.848,93.578,389872.5,390
2020-09-28,94.718,96.888,94.338,96.178,347545.0017089844,390
2020-09-29,95.997,95.877,94.317,95.607,311637.5,390
2020-09-30,94.998,97.177,94.997,96.558,443372.5009765625,390
2020-10-01,96.918,97.698,96.018,97.038,417887.5,390
2020-10-02,94.898,98.488,94.897,98.038,457662.5009765625,390
2020-10-05,98.298,99.218,97.507,99.068,252247.5,390
2020-10-06,99.667,100.838,97.498,98.378,430654.9666824341,390
2020-10-07,98.768,100.288,98.647,99.928,282712.3690032959,390
2020-10-08,100.157,101.898,99.888,101.908,280724.60638427734,390
2020-10-09,101.477,102.067,100.097,101.218,258459.53231811523,390
2020-10-12,100.998,102.977,100.707,102.658,270964.76403808594,390
2020-10-13,102.998,103.097,100.248,101.008,398575.97883605957,390
2020-10-14,100.968,101.818,100.097,100.288,320883.0513763428,390
2020-10-15,99.008,101.748,99.008,101.768,354575.3889312744,390
2020-10-16,101.407,102.317,100.707,101.628,262542.2557373047,390
2020-10-19,101.407,101.778,99.537,99.957,332898.05696105957,390
2020-10-20,100.157,101.738,100.098,100.608,369251.20429992676,390
2020-10-21,99.998,100.887,99.288,99.548,325095.93577575684,390
2020-10-22,99.188,103.188,99.187,102.898,315295.67545318604,390
2020-10-23,102.588,104.408,102.588,103.828,281392.8331832886,390
2020-10-26,102.027,102.587,100.247,101.398,421655.060546875,390
2020-10-27,100.507,100.547,99.167,99.398,296453.72693634033,390
2020-10-28,97.298,98.268,96.067,96.678,414590.4345397949,390
2020-10-29,95.998,97.908,95.197,97.408,412205.03692626953,390
2020-10-30,96.967,98.038,96.208,98.048,559880.4163513184,390
2020-11-02,99.137,100.817,97.877,100.278,398996.4504394531,390
2020-11-03,102.067,104.688,102.067,103.538,365028.1410217285,390
2020-11-04,100.468,102.027,98.908,100.417,687830.1759033203,390
2020-11-05,100.198,105.028,100.198,104.628,464385.9326171875,390
2020-11-06,105.078,104.867,102.377,103.098,343165.1324958801,390
2020-11-09,113.037,118.787,110.297,117.257,667770.3966064453,390
2020-11-10,117.237,117.157,114.677,116.638,585184.3543701172,390
2020-11-11,116.497,116.547,113.957,114.887,364275.35900878906,390
2020-11-12,112.047,113.898,112.047,113.478,405958.2950286865,390
2020-11-13,114.058,114.798,113.547,114.288,329000.170501709,390
2020-11-16,117.717,118.208,115.717,117.398,378630.5832672119,390
2020-11-17,115.228,116.397,114.558,116.138,362620.2718811035,390
2020-11-18,117.368,118.518,115.207,115.528,339247.88484954834,390
2020-11-19,113.978,115.647,112.997,115.808,332017.67195129395,390
2020-11-20,114.147,115.567,114.048,114.658,234164.50498580933,390
2020-11-23,115.828,118.157,115.487,118.048,296720.0971221924,390
2020-11-24,119.167,123.408,119.167,123.468,387928.31494140625,390
2020-11-25,120.998,122.338,120.447,122.217,323405.1647415161,390
2020-11-27,121.878,122.278,121.077,121.217,162451.4705657959,390
2020-11-30,119.998,120.488,117.747,118.108,372195.69507598877,390
2020-12-01,120.057,121.518,119.598,119.928,269972.1634979248,390
2020-12-02,119.507,122.238,119.177,122.108,276841.99758148193,390
2020-12-03,121.377,121.857,120.347,121.228,320742.3060760498,390
2020-12-04,121.678,123.157,121.678,122.478,267432.0644836426,390
2020-12-07,121.118,122.077,120.187,121.918,254571.80809020996,390
2020-12-08,120.697,122.268,120.697,122.308,214771.63369750977,390
2020-12-09,122.468,122.738,120.427,121.318,399467.69274902344,390
2020-12-10,119.948,120.728,119.497,120.387,341912.3780670166,390
2020-12-11,118.948,119.967,118.337,119.567,303582.5437774658,390
2020-12-14,120.727,121.067,118.087,118.598,372195.8333129883,390
2020-12-15,119.197,120.858,118.507,120.398,325310.3360443115,390
2020-12-16,120.157,121.037,119.347,121.058,233444.67040252686,390
2020-12-17,121.027,121.328,119.567,119.658,236789.7006034851,390
2020-12-18,119.087,119.798,118.257,119.368,353335.45010375977,390
2020-12-21,122.497,124.978,121.068,123.788,567896.5699157715,390
2020-12-22,122.798,123.467,121.558,121.738,319202.2194519043,390
2020-12-23,122.418,126.477,122.417,125.418,321419.719833374,390
2020-12-24,125.067,125.107,123.527,124.497,112223.40882873535,390
2020-12-28,124.497,126.538,124.497,125.508,259689.59893798828,390
2020-12-29,125.797,126.067,124.877,125.098,332612.3331222534,390
2020-12-30,124.997,125.808,124.897,125.588,239091.81173706055,390
2020-12-31,125.157,127.237,124.797,127.288,226204.20497131348,390
2021-01-04,126.988,127.598,124.757,126.047,706818.9641113281,390
2021-01-05,124.617,126.208,123.767,125.838,414300.3355102539,390
2021-01-06,129.698,132.707,127.888,131.697,673301.8552246094,390
2021-01-07,135.497,138.117,134.948,135.988,226151.01461076736,390
2021-01-08,135.148,136.257,134.107,136.218,5236.379252433777,390
2021-01-11,134.447,138.147,134.017,138.138,4226.13324546814,390
2021-01-12,139.148,141.618,138.788,140.578,5322.940505027771,390
2021-01-13,138.578,140.708,137.998,140.748,3549.100250482559,390
2021-01-14,140.197,142.688,139.927,141.778,4001.531513094902,390
2021-01-15,136.577,141.397,136.577,138.928,5432.415991783142,390
2021-01-19,139.127,140.328,137.808,138.188,3901.336754322052,390
2021-01-20,137.207,137.798,135.417,136.038,3369.9942507743835,390
2021-01-21,135.657,135.768,134.308,134.978,2015.641753077507,390
2021-01-22,132.668,134.308,132.058,133.968,3231.850247859955,390
2021-01-25,131.998,132.938,130.057,132.118,5436.002254962921,390
2021-01-26,132.448,133.068,131.318,131.588,3261.651997566223,390
2021-01-27,128.977,129.207,127.328,127.888,6893.225015640259,390
2021-01-28,129.677,132.127,128.927,130.228,5212.2037472724915,390
2021-01-29,130.508,131.608,128.167,128.897,7770.717515945435,390
2021-02-01,129.028,130.048,128.448,129.987,4160.257003903389,390
2021-02-02,131.897,134.377,131.177,133.678,3997.9822466373444,390
2021-02-03,132.997,135.718,132.997,135.268,3230.846247136593,390
2021-02-04,135.188,138.578,135.167,138.388,3285.150741815567,390
2021-02-05,138.728,139.237,137.367,138.138,3002.0682455301285,390
2021-02-08,137.668,140.217,137.508,140.177,2924.4755051732063,390
2021-02-09,138.577,139.897,138.497,139.617,2264.7945005893707,390
2021-02-10,138.997,140.838,138.997,139.668,4473.236749649048,390
2021-02-11,138.897,140.437,138.207,139.598,4001.278995037079,390
2021-02-12,138.998,141.578,138.497,141.408,2725.1119983792305,390
2021-02-16,142.858,145.277,142.397,144.828,4007.0570001602173,390
2021-02-17,143.268,145.327,143.097,145.178,4529.114992022514,390
2021-02-18,144.007,145.758,143.397,145.598,4332.5555028915405,390
2021-02-19,145.198,148.798,145.198,148.088,3602.2212584018707,390
2021-02-22,146.788,150.148,146.397,149.577,3686.123256921768,390
2021-02-23,150.727,152.228,149.598,150.778,6306.487749099731,390
2021-02-24,149.918,153.728,149.917,153.438,5532.366756916046,390
2021-02-25,154.098,154.708,150.567,151.358,10078.56526851654,390
2021-02-26,149.688,150.648,146.488,147.747,9251.660982608795,390
2021-03-01,148.727,151.318,148.467,150.678,3905.347241640091,390
2021-03-02,150.058,151.697,149.327,150.128,4669.422500610352,390
2021-03-03,151.098,154.878,150.518,153.068,5840.195503473282,390
2021-03-04,152.097,154.177,148.617,150.578,7419.7800006866455,390
2021-03-05,152.998,153.397,147.957,151.037,5592.333999633789,390
2021-03-08,152.137,155.347,150.718,153.088,6063.218503475189,390
2021-03-09,151.498,154.227,149.788,152.158,3639.8662638664246,390
2021-03-10,151.748,156.098,150.867,155.168,4152.760540723801,390
2021-03-11,153.917,156.118,153.368,154.458,2897.106500864029,390
2021-03-12,156.607,157.388,155.067,156.178,2878.221503019333,390
2021-03-15,156.147,156.848,153.957,155.478,2966.883005619049,390
2021-03-16,154.007,154.237,152.168,153.707,2785.8577476739883,390
2021-03-17,155.167,156.678,153.047,155.257,4036.4244968891144,390
2021-03-18,156.997,161.628,156.997,157.798,4555.403501987457,390
2021-03-19,155.567,155.008,151.167,155.318,4662.302000284195,390
2021-03-22,152.508,153.777,150.598,150.987,3197.46674823761,390
2021-03-23,150.017,152.028,148.947,149.598,3640.891256272793,390
2021-03-24,150.027,153.107,150.027,150.888,4023.0957498550415,390
2021-03-25,149.987,152.937,149.287,152.948,4599.0897488594055,390
2021-03-26,154.297,155.207,152.548,155.398,3385.484491109848,390
2021-03-29,152.118,153.657,151.018,152.748,3805.877509355545,390
2021-03-30,153.747,155.807,153.747,154.568,3515.5540034770966,390
2021-03-31,153.197,154.357,152.107,152.698,2818.8120057582855,390
2021-04-01,151.547,153.657,151.537,153.768,2969.8029968738556,390
2021-04-05,154.158,154.807,152.587,153.808,3021.082247018814,390
2021-04-06,152.597,154.117,151.807,152.568,2921.5305042266846,390
2021-04-07,153.027,155.177,152.537,154.988,2722.0862456560135,390
2021-04-08,153.998,155.488,152.297,155.268,2587.0730113983154,390
2021-04-09,155.808,156.917,154.917,156.408,2422.6555021330714,390
2021-04-12,155.037,157.167,155.037,156.028,2203.899752020836,390
2021-04-13,154.748,155.078,152.397,154.168,2390.2440035939217,390
2021-04-14,151.847,153.767,150.908,151.247,3122.7867527008057,390
2021-04-15,151.247,152.128,149.307,152.178,2801.973753929138,390
2021-04-16,153.758,154.277,152.677,153.328,2574.147002696991,390
2021-04-19,153.358,153.807,152.208,152.627,2834.872253060341,390
2021-04-20,151.627,151.127,148.617,149.308,2932.0525126457214,390
2021-04-21,147.498,150.536,146.397,150.597,2601.7152458429337,390
2021-04-22,149.997,149.747,147.246,147.437,3526.727010369301,390
2021-04-23,147.006,151.087,146.556,150.297,2324.16100025177,390
2021-04-26,150.567,152.406,149.887,150.657,2326.630247294903,390
2021-04-27,149.987,151.547,149.987,151.367,2256.684997677803,390
2021-04-28,152.186,152.746,151.386,152.307,2692.13400554657,390
2021-04-29,153.536,155.237,152.276,155.207,2913.325244784355,390
2021-04-30,154.066,154.366,152.996,153.847,3011.177751660347,390
2021-05-03,154.726,155.407,153.116,153.357,2429.549503147602,390
2021-05-04,152.967,155.556,152.126,155.546,4188.517510652542,390
2021-05-05,155.846,158.267,154.557,157.537,2791.029490619898,390
2021-05-06,157.296,160.736,157.146,160.797,3477.0809938907623,390
2021-05-07,156.996,161.486,156.996,161.357,2853.1312445402145,390
2021-05-10,161.496,163.677,161.107,161.327,3635.394755125046,390
2021-05-11,160.556,162.247,158.017,158.537,5300.595252990723,390
2021-05-12,159.776,160.707,157.006,157.696,5891.981502056122,390
2021-05-13,157.406,162.376,157.406,161.736,5293.603754043579,390
2021-05-14,162.386,164.357,161.987,164.267,2827.0049999952316,390
2021-05-17,162.797,164.826,162.796,164.727,3890.0282583236694,390
2021-05-18,164.676,165.367,162.186,162.457,3163.817751646042,390
2021-05-19,160.417,161.116,158.626,161.127,5458.992238521576,390
2021-05-20,160.726,161.766,159.496,160.827,3175.4382462501526,390
2021-05-21,161.056,163.146,160.876,162.727,2877.2479972839355,390
2021-05-24,163.206,164.157,162.086,163.756,2282.3542524278164,390
2021-05-25,163.796,165.517,161.536,161.927,3073.864495277405,390
2021-05-26,163.616,162.887,161.266,161.867,2613.2870041429996,390
2021-05-27,163.736,164.466,162.546,164.717,2752.4977501630783,390
2021-05-28,164.396,164.567,163.236,164.387,2376.366501688957,390
2021-06-01,165.926,166.876,165.446,166.086,2712.7812461853027,390
2021-06-02,166.346,167.007,165.496,166.147,2678.926997423172,390
2021-06-03,164.816,167.217,164.626,166.227,3344.2282462120056,390
2021-06-04,165.706,166.636,165.016,166.476,1902.5342528223991,390
2021-06-07,166.197,166.836,165.126,165.706,2040.4277541041374,390
2021-06-08,164.436,165.716,163.147,165.156,2971.183000922203,390
2021-06-09,163.397,163.977,162.247,163.177,2430.2077535390854,390
2021-06-10,163.996,164.826,160.306,160.536,2717.690493285656,390
2021-06-11,160.397,161.006,159.056,160.317,2373.855998158455,390
2021-06-14,159.906,160.257,156.647,157.577,2822.2157546281815,390
2021-06-15,156.297,156.627,154.116,155.217,2827.1407508850098,390
2021-06-16,154.497,157.587,153.096,156.457,4345.1129994392395,390
2021-06-17,156.997,157.237,151.217,151.877,4710.207002401352,390
2021-06-18,148.997,149.577,147.566,148.037,5184.743751525879,390
2021-06-21,149.046,151.107,149.006,150.577,3991.4149923324585,390
2021-06-22,150.247,150.927,148.636,150.267,3456.342245221138,390
2021-06-23,150.297,151.977,150.086,151.207,2807.019996523857,390
2021-06-24,151.816,153.097,151.186,152.497,3005.056751728058,390
2021-06-25,152.606,154.446,151.646,154.196,2869.3909937143326,390
2021-06-28,153.417,154.407,152.116,154.457,3408.769245862961,390
2021-06-29,154.806,156.226,153.606,154.277,3340.2394968271255,390
2021-06-30,153.657,156.046,153.546,155.627,3120.177251935005,390
2021-07-01,155.597,157.077,155.356,157.127,2832.86199092865,390
2021-07-02,155.946,156.297,155.097,156.097,2535.5767446756363,390
2021-07-06,155.497,155.066,152.306,153.646,3541.997748374939,390
2021-07-07,152.007,154.187,151.517,153.697,3814.7235102653503,390
2021-07-08,151.606,152.506,150.036,150.977,5027.3565101623535,390
2021-07-09,153.007,156.136,152.516,155.826,3010.42025244236,390
2021-07-12,154.246,159.097,153.896,158.436,3631.7232537269592,390
2021-07-13,156.027,157.266,153.497,155.717,4261.889995574951,390
2021-07-14,155.947,157.136,152.926,155.506,4910.973765611649,390
2021-07-15,153.926,156.437,153.506,155.447,3822.1047434806824,390
2021-07-16,155.826,155.546,150.996,151.927,3925.009994983673,390
2021-07-19,148.497,149.367,145.696,147.097,5863.851236820221,390
2021-07-20,146.517,151.097,146.296,149.787,4230.0637583732605,390
2021-07-21,151.796,153.617,151.276,152.947,2983.673741877079,390
2021-07-22,152.607,152.806,149.957,150.927,3144.0257477760315,390
2021-07-23,151.477,152.767,150.246,150.676,3131.1199979782104,390
2021-07-26,149.667,151.906,149.667,151.647,2673.3815029859543,390
2021-07-27,149.896,152.467,149.766,151.427,4119.824247121811,390
2021-07-28,151.926,152.676,150.846,151.827,3847.741500854492,390
2021-07-29,153.017,153.806,151.876,153.077,2914.466001868248,390
2021-07-30,151.997,153.556,151.177,151.847,3302.651757955551,390
2021-08-02,152.026,154.206,151.036,151.197,3609.8882505893707,390
2021-08-03,150.997,153.286,149.496,152.966,2827.562995314598,390
2021-08-04,151.097,153.297,150.516,151.316,2988.1292530298233,390
2021-08-05,151.647,153.666,151.647,153.146,2242.363256573677,390
2021-08-06,154.686,157.746,154.686,157.557,2723.895502448082,390
2021-08-09,156.697,158.536,156.266,157.326,2609.3807537555695,390
2021-08-10,156.716,159.947,156.256,159.317,2431.3302479982376,390
2021-08-11,159.836,161.477,159.077,161.227,2505.938749432564,390
2021-08-12,161.616,162.286,160.536,161.866,2533.519750595093,390
2021-08-13,161.747,161.756,159.546,159.987,2235.273248553276,390
2021-08-16,158.957,158.926,156.747,158.987,3298.4574949741364,390
2021-08-17,156.997,158.747,155.236,157.057,4259.250498533249,390
2021-08-18,156.167,157.977,155.347,155.577,3809.7319980859756,390
2021-08-19,152.976,155.497,152.976,154.317,4066.634739637375,390
2021-08-20,154.296,154.877,153.027,154.727,3418.8477516174316,390
2021-08-23,155.066,157.076,155.066,156.687,2499.202001810074,390
2021-08-24,157.007,158.366,156.697,157.767,2319.08599871397,390
2021-08-25,158.336,161.766,157.726,160.997,2805.2980057001114,390
2021-08-26,161.797,163.786,161.136,161.777,3477.28924536705,390
2021-08-27,161.407,163.116,161.236,163.106,2733.888257741928,390
2021-08-30,162.656,162.946,159.846,160.506,2766.1587545871735,390
2021-08-31,160.286,161.237,159.316,160.216,3480.2982453107834,390
2021-09-01,160.217,160.727,158.946,159.717,3168.2187514305115,390
2021-09-02,160.007,161.567,159.406,160.447,2885.620750784874,390
2021-09-03,160.407,160.766,159.137,159.616,2977.6907489299774,390
2021-09-07,159.796,161.236,158.947,159.216,3207.699501514435,390
2021-09-08,158.007,159.496,158.007,158.567,3870.200250148773,390
2021-09-09,158.057,160.787,157.996,159.276,4058.067755460739,390
2021-09-10,160.477,160.537,157.206,157.377,3331.1967548131943,390
2021-09-13,157.976,159.997,157.496,159.917,4699.484251022339,390
2021-09-14,160.317,161.176,156.246,157.127,3573.047754764557,390
2021-09-15,156.786,158.676,156.446,158.217,2577.877502322197,390
2021-09-16,158.946,160.497,157.196,158.237,3720.9277542829514,390
2021-09-17,157.217,158.807,156.976,158.167,4495.627250432968,390
2021-09-20,153.957,154.457,150.467,153.147,5817.997494697571,390
2021-09-21,153.626,154.406,152.537,153.206,5257.839493274689,390
2021-09-22,155.106,157.206,155.106,156.037,3808.912488222122,390
2021-09-23,156.996,161.677,156.996,161.217,3067.0085020065308,390
2021-09-24,161.306,163.566,160.396,163.067,2819.070997953415,390
2021-09-27,164.137,167.377,164.136,167.017,3404.200752019882,390
2021-09-28,166.796,169.167,165.636,166.146,6825.954260826111,390
2021-09-29,165.606,166.836,164.996,165.997,4078.066000044346,390
2021-09-30,166.466,166.146,162.736,164.257,4513.1979966163635,390
2021-10-01,163.047,168.267,163.046,167.236,4256.358754038811,390
2021-10-04,166.496,170.187,165.706,167.047,5511.068249166012,390
2021-10-05,167.067,170.036,166.236,168.886,3435.636752128601,390
2021-10-06,167.227,169.037,165.946,169.087,3377.8512477874756,390
2021-10-07,170.677,171.447,169.487,170.137,3313.919751405716,390
2021-10-08,169.677,171.286,169.226,170.277,3118.212997198105,390
2021-10-11,170.366,171.087,166.427,166.687,3236.3437538146973,390
2021-10-12,165.666,166.586,164.746,165.496,2948.2529990673065,390
2021-10-13,163.927,164.117,160.586,161.077,3640.029247045517,390
2021-10-14,161.546,163.967,160.046,163.527,3031.716246843338,390
2021-10-15,165.076,167.137,164.136,166.966,2753.791506409645,390
2021-10-18,165.896,168.366,165.896,166.587,2518.3364995718002,390
2021-10-19,167.096,168.536,166.566,168.637,2390.101249754429,390
2021-10-20,167.696,170.807,167.436,170.847,3573.720002889633,390
2021-10-21,170.317,171.096,168.676,169.657,3757.7154943943024,390
2021-10-22,169.497,172.037,169.497,171.937,2988.9079926013947,390
2021-10-25,172.236,172.656,170.476,171.006,2845.2112625837326,390
2021-10-26,170.706,172.457,170.467,171.606,3312.1939969062805,390
2021-10-27,170.106,170.557,167.316,167.906,3575.5700026750565,390
2021-10-28,168.297,170.457,167.936,170.457,2793.9147511720657,390
2021-10-29,170.946,171.787,169.366,169.947,2829.111996948719,390
2021-11-01,171.296,172.216,168.996,169.897,2552.1720056533813,390
2021-11-02,169.746,171.606,168.877,170.617,2254.053256869316,390
2021-11-03,169.217,171.036,168.846,170.597,2069.561502814293,390
2021-11-04,169.776,169.876,166.476,168.317,2160.9897522330284,390
2021-11-05,168.427,170.027,167.386,168.217,1938.2827553153038,390
2021-11-08,168.757,170.826,168.716,169.067,2427.8397510051727,390
2021-11-09,167.247,168.376,166.576,167.816,2573.0352541208267,390
2021-11-10,167.196,168.916,167.017,167.907,2364.1912549734116,390
2021-11-11,167.487,168.656,166.857,167.767,1722.7970020771027,390
2021-11-12,167.526,167.656,165.706,166.877,2110.451249539852,390
2021-11-15,166.436,167.727,165.996,166.537,1955.5722550749779,390
2021-11-16,166.997,166.726,165.106,165.477,2068.536256790161,390
2021-11-17,164.996,165.456,163.317,164.506,2111.695500731468,390
2021-11-18,164.317,164.616,162.546,163.017,2211.386749148369,390
2021-11-19,161.197,162.066,159.396,161.067,2685.874999642372,390
2021-11-22,164.157,165.906,162.957,164.527,3099.4389996528625,390
2021-11-23,165.327,168.506,164.996,168.307,3232.6175031661987,390
2021-11-24,167.807,169.367,166.416,166.996,2547.413503050804,390
2021-11-26,162.027,162.597,158.796,162.406,2775.921754360199,390
2021-11-29,163.147,164.586,159.787,161.497,2916.4900010824203,390
2021-11-30,159.137,160.487,158.276,158.917,3784.206256389618,390
2021-12-01,160.696,163.107,157.836,158.296,3511.8749918937683,390
2021-12-02,159.007,163.186,158.706,161.207,4975.541750431061,390
2021-12-03,161.017,161.667,157.146,158.397,4797.970747947693,390
2021-12-06,160.217,162.546,159.446,160.216,39.67100007459521,390
2021-12-07,161.086,163.337,161.056,162.747,2697.896499633789,390
2021-12-08,162.617,162.696,160.157,160.867,2889.2022511959076,390
2021-12-09,159.647,160.897,158.576,160.487,2935.5872600078583,390
2021-12-10,161.107,161.596,159.106,159.837,2869.7067435979843,390
2021-12-13,159.067,159.447,157.266,157.887,3324.4242495298386,390
2021-12-14,157.297,160.766,157.296,159.177,3659.8197519779205,390
2021-12-15,159.357,159.207,157.327,157.916,3922.181504368782,390
2021-12-16,159.996,161.766,158.686,160.746,3794.1704971790314,390
2021-12-17,158.997,159.037,155.156,156.867,4183.963506221771,390
2021-12-20,154.426,154.236,151.817,154.317,3973.5332531929016,390
2021-12-21,155.096,157.136,154.996,156.107,3095.838253259659,390
2021-12-22,155.077,156.976,155.026,156.707,2768.165502667427,390
2021-12-23,157.406,159.047,157.286,157.337,2398.638249874115,390
2021-12-27,157.626,158.156,156.326,158.146,2363.1517527103424,390
2021-12-28,157.976,159.927,157.976,158.637,2444.2059985399246,390
2021-12-29,158.946,159.557,158.146,158.646,2165.476254463196,390
2021-12-30,159.097,160.137,158.346,158.507,2275.6280024647713,390
2022-01-03,159.747,162.556,159.506,161.716,3359.943011522293,390
2022-01-04,164.256,168.547,163.507,167.997,3734.978262901306,390
2022-01-05,166.926,168.236,163.716,164.036,4152.911493301392,390
2022-01-06,166.277,166.846,163.846,165.557,3997.5565061569214,390
2022-01-07,165.356,167.477,165.026,167.337,3557.966492176056,390
2022-01-10,169.066,168.927,165.506,167.416,4423.438750743866,390
2022-01-11,167.777,167.816,166.217,167.556,3242.3334953784943,390
2022-01-12,168.046,169.487,167.156,168.627,5869.194003105164,390
2022-01-13,167.857,169.757,167.857,168.307,5685.814506053925,390
2022-01-14,160.096,160.966,156.876,157.956,6359.462749481201,390
2022-01-18,155.056,154.966,150.536,151.417,5279.365498542786,390
2022-01-19,151.007,151.077,148.536,149.106,5938.631517410278,390
2022-01-20,148.906,150.546,147.346,147.927,3796.2962594032288,390
2022-01-21,147.007,147.406,144.257,145.457,8868.461513519287,390
2022-01-24,141.486,145.246,139.617,145.087,6626.830798983574,390
2022-01-25,142.996,146.726,140.746,146.747,5514.809390544891,390
2022-01-26,148.006,150.547,145.947,148.036,7116.653697013855,390
2022-01-27,149.207,149.996,144.106,145.037,9295.196690559387,390
2022-01-28,144.567,146.666,142.146,146.677,7401.461081981659,390
2022-01-31,144.947,148.736,144.656,148.747,5996.2736983299255,390
2022-02-01,148.536,151.367,148.266,151.327,6010.050894737244,390
2022-02-02,150.007,150.657,148.056,150.007,6285.769195556641,390
2022-02-03,149.777,151.587,148.276,148.777,5776.260297775269,390
2022-02-04,149.076,153.427,148.736,153.207,6432.353403568268,390
2022-02-07,152.996,153.317,150.827,153.137,4662.947387583554,390
2022-02-08,154.826,158.397,154.826,156.007,6346.867199897766,390
2022-02-09,156.366,157.386,155.786,156.607,5016.446093559265,390
2022-02-10,156.607,158.986,155.206,156.067,8810.898329257965,390
2022-02-11,154.626,158.137,152.956,154.117,9838.368886947632,390
2022-02-14,152.556,153.496,150.297,152.617,9347.650814533234,390
2022-02-15,154.106,155.886,153.836,154.817,5764.896905422211,390
2022-02-16,153.717,155.947,152.976,155.356,5916.480004787445,390
2022-02-17,152.096,153.497,150.646,151.596,5391.881104469299,390
2022-02-18,151.807,153.917,151.097,152.236,7227.580504417419,390
2022-02-22,150.557,153.197,150.386,151.906,7831.0284032821655,390
2022-02-23,152.506,153.196,147.956,148.727,6763.884301185608,390
2022-02-24,142.597,144.907,139.766,144.637,9487.038006782532,390
2022-02-25,145.126,150.097,144.576,148.087,5326.873202800751,390
2022-02-28,143.757,144.917,140.876,141.867,7369.452890396118,390
2022-03-01,139.696,140.257,133.556,136.586,9150.978296279907,390
2022-03-02,137.217,139.807,136.556,139.297,4909.996207952499,390
2022-03-03,139.397,140.737,137.047,138.236,7147.3757972717285,390
2022-03-04,134.546,135.377,132.396,133.267,5547.2189908623695,390
2022-03-07,131.756,131.796,128.947,129.307,7115.153392791748,390
2022-03-08,129.217,131.756,127.246,128.636,5521.1390862464905,390
2022-03-09,132.716,135.186,131.867,133.537,6489.982208251953,390
2022-03-10,131.156,133.296,130.196,131.867,4793.154299259186,390
2022-03-11,132.106,133.717,128.406,128.907,4829.277609348297,390
2022-03-14,129.206,132.877,129.206,130.377,4955.690116405487,390
2022-03-15,131.056,133.496,131.056,132.417,5077.667391300201,390
2022-03-16,134.007,138.407,134.007,138.467,5298.777293682098,390
2022-03-17,136.607,140.127,135.917,140.127,4605.207894325256,390
2022-03-18,139.616,140.537,138.437,140.207,3921.166795730591,390
2022-03-21,140.157,140.647,138.707,139.736,4410.5376052856445,390
2022-03-22,142.086,143.806,141.706,142.617,3587.4447104930878,390
2022-03-23,140.387,141.556,139.166,139.827,3190.4865028858185,390
2022-03-24,140.026,140.646,139.077,140.707,3232.3863059282303,390
2022-03-25,141.116,143.067,140.776,141.897,3294.949203848839,390
2022-03-28,139.966,140.877,137.856,140.936,2989.3146012835205,390
2022-03-29,143.146,143.067,140.236,141.197,3350.8172957748175,390
2022-03-30,141.877,142.016,139.906,140.507,2416.4816928617656,390
2022-03-31,139.336,140.306,136.236,136.617,2690.1519008129835,390
2022-04-01,136.646,137.207,133.786,135.417,4047.074696779251,390
2022-04-04,133.597,136.826,132.867,135.997,3235.9844970703125,390
2022-04-05,133.686,135.336,132.996,133.357,3365.2803053855896,390
2022-04-06,131.237,132.347,130.936,131.527,4255.1963992118835,390
2022-04-07,130.636,131.887,128.717,131.157,4088.064906358719,390
2022-04-08,131.017,133.856,131.017,133.467,3331.437893629074,390
2022-04-11,132.876,134.836,132.506,133.006,2951.3304011821747,390
2022-04-12,131.996,134.427,130.686,131.746,3425.9874007701874,390
2022-04-13,126.856,129.137,125.996,127.317,3295.49040555954,390
2022-04-14,126.106,128.147,125.016,126.247,3569.666107416153,390
2022-04-18,125.447,129.187,125.447,128.607,3434.5728027820587,390
2022-04-19,128.186,131.287,128.186,131.307,3660.8772000074387,390
2022-04-20,132.267,133.446,131.326,131.657,3940.4156999588013,390
2022-04-21,132.087,132.506,129.746,130.697,4612.2048172950745,390
2022-04-22,129.376,130.337,126.656,126.827,4738.686591386795,390
2022-04-25,125.996,127.026,123.087,126.826,6665.554784297943,390
2022-04-26,124.286,126.237,122.846,123.137,5481.990901708603,390
2022-04-27,122.156,123.486,121.206,121.586,6303.525910973549,390
2022-04-28,122.787,123.627,121.116,123.347,4643.34959602356,390
2022-04-29,122.496,123.477,118.886,119.257,5838.871493816376,390
2022-05-02,119.506,120.647,118.206,120.407,8804.300400733948,390
2022-05-03,121.227,124.156,120.746,123.097,8275.037378311157,390
2022-05-04,122.756,127.367,122.716,127.047,7663.869598865509,390
2022-05-05,124.996,125.686,122.146,123.886,11658.324883460999,390
2022-05-06,123.416,124.117,121.126,123.897,6224.2379903793335,390
2022-05-09,121.807,123.207,120.476,121.907,5467.085702419281,390
2022-05-10,122.787,123.647,117.526,119.067,6211.871104717255,390
2022-05-11,119.446,122.826,117.926,118.157,5679.518097400665,390
2022-05-12,116.526,118.257,115.356,118.067,6133.015788078308,390
2022-05-13,119.007,120.107,117.956,119.157,4187.918101787567,390
2022-05-16,118.526,119.387,117.216,118.257,6004.980007648468,390
2022-05-17,120.607,122.847,120.277,122.197,4054.64909696579,390
2022-05-18,121.297,121.927,119.506,120.056,5526.423896551132,390
2022-05-19,118.056,119.617,117.606,118.487,4932.93869972229,390
2022-05-20,119.407,119.406,115.006,117.417,5734.599615573883,390
2022-05-23,119.587,126.526,119.587,124.537,4693.066200494766,390
2022-05-24,123.966,127.317,123.096,126.247,5228.13959980011,390
2022-05-25,125.527,127.777,125.136,127.186,4854.838497638702,390
2022-05-26,128.257,130.167,128.246,129.516,4111.758296370506,390
2022-05-27,130.156,131.157,129.067,131.136,4262.431792497635,390
2022-05-31,130.006,133.107,129.496,132.247,8253.621299743652,390
2022-06-01,132.187,132.716,128.636,130.177,8674.894506454468,390
2022-06-02,129.506,131.907,128.616,131.987,4141.6049991846085,390
2022-06-03,130.637,131.527,129.767,130.276,5122.43670296669,390
2022-06-06,131.187,132.336,129.446,129.797,5172.100802183151,390
2022-06-07,128.807,130.177,128.596,130.086,4291.497001409531,390
2022-06-08,128.877,129.317,126.896,128.086,4812.852002859116,390
2022-06-09,127.547,127.857,125.246,125.387,5038.486799240112,390
2022-06-10,122.547,123.287,119.306,119.827,5434.575895309448,390
2022-06-13,116.757,117.836,115.046,116.097,9541.547093868256,390
2022-06-14,115.026,117.236,113.206,114.276,7302.857107162476,390
2022-06-15,115.297,116.827,113.146,115.537,6248.969083786011,390
2022-06-16,113.606,114.226,111.856,113.457,7546.106700897217,390
2022-06-17,113.317,114.606,112.146,113.047,9085.531503677368,390
2022-06-21,115.897,116.976,115.026,115.837,4422.135304689407,390
2022-06-22,114.206,116.156,114.206,115.427,6047.177097082138,390
2022-06-23,114.807,114.806,111.476,114.017,9089.039408683777,390
2022-06-24,112.747,117.796,112.747,117.327,5150.729998588562,390
2022-06-27,118.017,117.837,115.626,116.397,7026.450016975403,390
2022-06-28,117.566,119.257,115.586,115.837,9302.101501464844,390
2022-06-29,115.997,116.696,114.716,115.387,9692.861701011658,390
2022-06-30,113.206,113.997,110.917,112.697,7647.763808250427,390
2022-07-01,112.157,114.376,111.127,113.866,9593.970602035522,390
2022-07-05,110.687,112.616,109.267,112.677,7215.107378482819,390
2022-07-06,111.717,112.877,110.756,111.956,6302.9210777282715,390
2022-07-07,113.007,114.867,113.006,114.796,4693.660204410553,390
2022-07-08,115.127,115.547,113.587,114.387,5758.702193498611,390
2022-07-11,113.367,114.136,112.196,112.847,6766.18710231781,390
2022-07-12,112.217,115.087,112.216,112.977,6677.84699344635,390
2022-07-13,111.236,112.446,110.366,111.996,6655.274104118347,390
2022-07-14,107.907,108.177,106.027,108.046,5326.650900363922,390
2022-07-15,108.757,113.826,107.647,112.907,5585.9337203502655,390
2022-07-18,114.567,115.507,111.276,111.917,4733.893195867538,390
2022-07-19,112.866,114.897,112.637,114.617,4215.50940155983,390
2022-07-20,114.057,114.696,113.466,114.577,6796.921803474426,390
2022-07-21,114.206,115.476,113.356,115.297,6978.069896221161,390
2022-07-22,115.167,116.206,113.656,114.756,8362.519518852234,390
2022-07-25,115.527,116.426,114.746,115.307,4900.66020655632,390
2022-07-26,114.296,115.457,113.016,113.486,3708.0578994750977,390
2022-07-27,113.466,115.706,113.266,115.357,6220.091409564018,390
2022-07-28,115.017,115.777,113.496,114.807,5591.570695638657,390
2022-07-29,115.167,116.426,114.767,115.487,5053.194592922926,390
2022-08-01,114.507,115.067,113.046,114.437,5785.213502407074,390
2022-08-02,113.807,114.357,112.266,112.476,6091.162181377411,390
2022-08-03,113.446,114.057,111.716,113.757,4334.045704603195,390
2022-08-04,112.467,113.087,111.017,112.387,4741.996788308024,390
2022-08-05,112.427,116.136,112.016,115.797,4253.00909781456,390
2022-08-08,116.136,116.446,114.176,114.407,3568.875900745392,390
2022-08-09,114.566,115.957,114.357,115.437,3965.5242013931274,390
2022-08-10,116.967,119.286,116.967,118.427,3288.809395611286,390
2022-08-11,119.766,121.106,119.297,120.147,3751.3284108638763,390
2022-08-12,120.506,122.126,119.416,122.217,3156.6833996772766,390
2022-08-15,120.767,122.687,120.586,122.497,2226.377698659897,390
2022-08-16,121.847,124.196,121.846,123.676,3119.4500966072083,390
2022-08-17,121.636,123.117,121.636,122.667,4386.038397669792,390
2022-08-18,122.107,122.306,120.536,121.717,3675.585906147957,390
2022-08-19,120.547,120.686,118.096,118.727,3345.858302116394,390
2022-08-22,116.767,117.036,115.496,116.746,3196.2750002145767,390
2022-08-23,116.056,117.146,115.366,115.657,4073.0522986650467,390
2022-08-24,115.156,116.386,114.436,115.877,2763.930900990963,390
2022-08-25,115.637,118.607,115.616,118.716,2787.1343972682953,390
2022-08-26,119.007,119.817,114.576,114.897,5068.542301416397,390
2022-08-29,113.896,114.806,113.436,114.607,5412.295499324799,390
2022-08-30,114.786,115.377,113.326,114.487,5634.764403343201,390
2022-08-31,114.327,114.977,113.316,114.027,6522.475780487061,390
2022-09-01,113.057,114.486,111.896,114.596,8060.760319709778,390
2022-09-02,115.667,117.416,113.167,113.427,9149.219109535217,390
2022-09-06,114.266,114.687,112.036,113.877,10609.869889259338,390
2022-09-07,113.057,116.066,112.616,115.936,6830.601289272308,390
2022-09-08,114.507,118.776,114.506,118.657,7889.133285522461,390
2022-09-09,118.976,120.007,118.656,119.376,5666.151002645493,390
2022-09-12,119.886,121.496,119.766,120.647,5730.3570058345795,390
2022-09-13,117.756,118.777,115.746,116.596,7701.926709651947,390
2022-09-14,116.646,117.746,114.876,116.197,10102.026876449585,390
2022-09-15,116.167,119.337,115.756,117.977,9007.627796866,390
2022-09-16,117.017,117.297,115.376,117.317,10013.954691886902,390
2022-09-19,115.446,118.667,115.446,118.157,8367.35579919815,390
2022-09-20,117.066,117.567,114.626,115.947,7520.104501825292,390
2022-09-21,116.367,116.346,112.366,112.737,8621.208901405334,390
2022-09-22,113.046,113.487,111.047,111.427,9642.792594909668,390
2022-09-23,110.106,110.157,107.146,109.346,10003.335912704468,390
2022-09-26,107.797,109.547,106.046,106.916,11481.481501579285,390
2022-09-27,107.456,108.057,104.636,105.897,11791.94280910492,390
2022-09-28,105.776,108.697,105.616,108.267,8796.114003658295,390
2022-09-29,106.806,106.886,104.386,106.267,9879.25110912323,390
2022-09-30,106.007,107.527,104.256,104.677,10380.073491096497,390
2022-10-03,105.616,108.306,104.426,107.787,6812.7011885643005,390
2022-10-04,110.397,112.966,109.726,112.816,6859.262114048004,390
2022-10-05,109.756,110.897,108.806,110.387,8245.241411209106,390
2022-10-06,109.407,110.066,107.926,108.237,9851.557202339172,390
2022-10-07,107.527,107.417,105.246,106.037,9655.8111038208,390
2022-10-10,106.157,107.087,104.506,105.147,10116.120603561401,390
2022-10-11,104.297,104.396,101.826,102.047,9849.291001319885,390
2022-10-12,101.846,104.697,101.237,103.707,8325.22891163826,390
2022-10-13,101.407,109.816,101.407,109.417,9311.498705387115,390
2022-10-14,111.896,115.146,110.706,111.587,8477.97720003128,390
2022-10-17,114.827,116.906,114.316,115.877,6110.253614187241,390
2022-10-18,115.806,119.166,115.806,118.836,4821.275702953339,390
2022-10-19,117.647,118.727,115.656,116.677,8706.874522209167,390
2022-10-20,116.536,118.587,115.636,116.167,8766.474613189697,390
2022-10-21,116.337,122.227,116.326,122.377,8044.136099815369,390
2022-10-24,121.857,123.037,121.296,122.427,8672.712002754211,390
2022-10-25,121.646,123.236,120.866,122.777,5301.916494607925,390
2022-10-26,122.897,125.086,122.896,124.127,5365.397710800171,390
2022-10-27,125.007,126.086,124.186,124.616,5900.345997333527,390
2022-10-28,125.376,126.247,124.026,126.067,4756.691693305969,390
2022-10-31,125.397,127.376,125.397,126.186,6746.229311943054,390
2022-11-01,126.407,128.236,126.306,128.207,7583.0880036354065,390
2022-11-02,127.686,130.176,126.597,127.056,6051.496785640717,390
2022-11-03,125.976,127.927,125.886,127.247,7036.052090167999,390
2022-11-04,129.347,130.727,128.437,130.786,6433.068886518478,390
2022-11-07,130.477,132.196,130.467,131.377,5387.118892192841,390
2022-11-08,131.256,131.987,130.107,131.537,6854.615993499756,390
2022-11-09,130.696,131.357,129.206,129.887,8879.003108978271,390
2022-11-10,131.997,135.066,131.997,135.107,6157.810190677643,390
2022-11-11,135.047,136.067,133.776,135.467,7516.655994415283,390
2022-11-14,134.746,135.687,133.986,134.267,6682.634996414185,390
2022-11-15,134.207,135.606,131.586,132.987,11160.095705986023,390
2022-11-16,132.836,133.436,132.016,133.296,7534.737300395966,390
2022-11-17,131.397,132.857,131.267,132.686,5388.700501918793,390
2022-11-18,133.996,134.246,132.257,133.967,5979.9323987960815,390
2022-11-21,133.787,134.496,132.736,133.287,3908.625001192093,390
2022-11-22,133.486,135.247,133.486,135.167,2926.460105717182,390
2022-11-23,134.477,136.417,134.477,136.417,3760.5326904654503,390
2022-11-25,136.477,137.096,135.966,136.626,1552.3655932843685,390
2022-11-28,136.067,136.586,134.186,134.527,4041.645907521248,390
2022-11-29,134.536,136.607,134.306,136.627,2937.388795375824,390
2022-11-30,135.397,137.837,133.176,138.027,5419.010997533798,390
2022-12-01,138.106,138.566,135.417,136.387,3943.7825903892517,390
2022-12-02,134.446,135.336,133.326,135.227,4247.206203460693,390
2022-12-05,134.107,134.206,130.586,131.497,5253.413701534271,390
2022-12-06,132.487,134.806,129.846,131.686,5709.835805654526,390
2022-12-07,130.706,132.926,130.286,131.597,5805.674706935883,390
2022-12-08,132.247,132.907,131.426,132.966,5369.926805019379,390
2022-12-09,132.006,133.707,131.997,132.157,5604.39510512352,390
2022-12-12,131.616,134.626,131.556,134.437,4567.345802903175,390
2022-12-13,136.156,136.627,133.076,134.206,9637.535385131836,390
2022-12-14,133.616,135.687,132.746,133.557,5528.849413394928,390
2022-12-15,131.036,132.016,129.027,130.197,5783.797801971436,390
2022-12-16,129.136,129.857,128.406,129.347,4958.939405441284,390
2022-12-19,129.596,131.257,129.076,130.137,5510.519397735596,390
2022-12-20,130.087,131.996,130.087,130.806,6887.633394241333,390
2022-12-21,131.767,132.896,131.727,132.187,4858.841996058822,390
2022-12-22,131.046,131.107,128.406,130.707,6579.572105407715,390
2022-12-23,130.546,131.426,129.636,131.297,7414.123209476471,390
2022-12-27,131.006,132.156,130.526,131.737,4777.187990188599,390
2022-12-28,131.376,133.387,130.996,132.517,6345.584096431732,390
2022-12-29,132.726,133.216,132.286,133.237,3496.14869761467,390
2022-12-30,132.526,134.247,132.526,134.016,4730.061908245087,390
2023-01-03,134.997,136.656,133.876,135.146,3395.207397341728,390
2023-01-04,135.216,137.627,135.216,136.417,6547.946694850922,390
2023-01-05,135.446,135.626,133.686,135.477,4244.967595219612,390
2023-01-06,135.996,138.317,134.466,137.957,4898.222408056259,390
2023-01-09,137.767,138.606,136.856,137.457,5672.149201869965,390
2023-01-10,137.756,138.656,137.286,138.596,5978.4509971141815,390
2023-01-11,138.747,139.707,138.076,139.657,3468.1928993463516,390
2023-01-12,139.857,140.826,139.186,139.877,3262.9871966838837,390
2023-01-13,134.547,143.436,134.546,142.957,3351.704102873802,390
2023-01-17,140.977,141.267,139.207,140.856,3494.455802798271,390
2023-01-18,138.346,140.637,136.406,136.597,3811.2813057899475,390
2023-01-19,134.327,135.796,133.566,134.827,3750.9704971313477,390
2023-01-20,135.167,135.387,133.516,135.147,3039.840593755245,390
2023-01-23,134.776,137.937,134.767,137.467,3869.030100107193,390
2023-01-24,136.576,139.107,135.997,138.547,2793.840893983841,390
2023-01-25,137.057,139.086,137.057,139.107,3848.069104075432,390
2023-01-26,139.416,139.976,138.346,140.037,3844.0985906124115,390
2023-01-27,140.297,141.217,139.717,140.317,2905.7579959630966,390
2023-01-30,138.696,140.017,138.696,139.117,3341.8254046440125,390
2023-01-31,139.566,139.897,138.226,139.977,3664.866000533104,390
2023-02-01,138.127,140.727,137.996,139.577,3533.620800614357,390
2023-02-02,139.316,140.417,137.996,138.997,3918.978305578232,390
2023-02-03,138.176,142.287,138.126,141.017,3344.132100343704,390
2023-02-06,139.356,142.176,139.356,141.997,2594.7444018125534,390
2023-02-07,140.396,144.227,140.347,143.816,3457.035609602928,390
2023-02-08,142.017,143.936,141.996,142.816,2933.308804988861,390
2023-02-09,143.086,143.167,139.847,140.457,3241.742398262024,390
2023-02-10,138.866,141.226,138.566,141.077,3433.3673992156982,390
2023-02-13,141.147,142.597,140.276,142.677,3410.3636957406998,390
2023-02-14,142.507,143.757,141.336,143.337,5061.828294038773,390
2023-02-15,141.136,143.827,140.597,143.876,3322.5371952056885,390
2023-02-16,142.536,143.306,141.646,141.906,4319.844304323196,390
2023-02-17,140.947,142.797,140.036,142.417,3679.3989062309265,390
2023-02-21,140.616,141.237,138.726,139.687,4746.566702365875,390
2023-02-22,138.587,139.276,137.426,138.616,5821.989271044731,390
2023-02-23,138.066,139.987,137.917,139.826,5678.1347851753235,390
2023-02-24,138.726,141.326,138.726,141.007,6630.945302963257,390
2023-02-27,142.037,143.287,141.696,142.347,5152.220996856689,390
2023-02-28,142.216,143.686,141.876,143.717,5181.9909019470215,390
2023-03-01,141.826,143.366,141.746,142.527,5862.101999282837,390
2023-03-02,141.747,142.287,139.536,141.037,5603.46209192276,390
2023-03-03,141.096,143.696,141.016,143.727,4315.780203104019,390
2023-03-06,142.697,143.986,142.636,143.036,3768.1169943213463,390
2023-03-07,141.406,142.127,137.787,138.657,6277.752011537552,390
2023-03-08,137.376,138.507,136.876,137.827,5926.110902070999,390
2023-03-09,136.637,137.237,129.196,130.447,6125.036096096039,390
2023-03-10,128.737,135.106,127.857,133.837,9937.356334924698,390
2023-03-13,130.366,133.587,129.396,131.247,13353.882327079773,390
2023-03-14,134.976,134.997,131.276,134.777,9145.606482505798,390
2023-03-15,130.336,130.346,126.726,128.196,10060.216208934784,390
2023-03-16,127.337,131.776,126.016,130.807,8683.476306438446,390
2023-03-17,128.156,128.307,125.437,126.147,8017.26718044281,390
2023-03-20,126.467,129.397,126.006,127.137,7238.672096252441,390
2023-03-21,130.507,131.686,130.176,130.527,6379.79160451889,390
2023-03-22,130.426,130.407,127.067,127.297,8204.17979812622,390
2023-03-23,127.907,129.446,126.006,126.957,10403.520586967468,390
2023-03-24,124.946,125.446,123.096,124.937,8287.8672041893,390
2023-03-27,126.006,129.326,126.006,128.577,5943.434407234192,390
2023-03-28,128.487,129.316,127.726,128.837,5253.53519821167,390
2023-03-29,129.757,129.676,127.737,129.137,4343.998787403107,390
2023-03-30,129.457,130.047,127.626,128.827,4436.944796204567,390
2023-03-31,129.496,130.277,128.836,130.327,3348.2634085416794,390
2023-04-03,129.796,131.296,129.396,130.217,5446.130304574966,390
2023-04-04,129.937,130.347,127.396,128.497,5049.777799606323,390
2023-04-05,126.346,128.027,126.346,127.757,4775.120490312576,390
2023-04-06,126.786,128.046,126.786,127.487,4066.701998233795,390
2023-04-10,126.327,128.156,125.996,127.927,4751.730390071869,390
2023-04-11,127.866,128.897,127.507,128.577,4079.972494661808,390
2023-04-12,128.506,130.407,128.046,128.567,6228.123481750488,390
2023-04-13,127.796,128.996,126.817,129.026,4057.0410022735596,390
2023-04-14,135.107,138.936,134.426,138.846,6000.275400161743,390
2023-04-17,139.386,139.857,137.636,139.857,4440.3412145376205,390
2023-04-18,139.846,141.756,138.946,141.507,4571.624487876892,390
2023-04-19,141.176,141.466,140.396,141.236,3860.8292982578278,390
2023-04-20,139.806,141.377,139.806,140.836,4052.2956972122192,390
2023-04-21,138.986,141.077,138.756,140.686,4600.664083957672,390
2023-04-24,140.447,141.046,139.726,140.737,3485.653091788292,390
2023-04-25,139.587,139.747,137.616,137.707,4742.009295701981,390
2023-04-26,137.376,137.687,133.996,135.317,5205.259202003479,390
2023-04-27,135.797,137.856,135.077,137.057,4574.726006984711,390
2023-04-28,136.407,138.246,135.496,138.247,5445.062910318375,390
2023-05-01,142.296,143.296,140.817,141.287,5151.563593387604,390
2023-05-02,141.056,142.197,138.416,138.937,7049.589480876923,390
2023-05-03,138.017,138.616,135.736,136.067,8011.380412101746,390
2023-05-04,133.967,135.556,131.796,134.237,8831.947312355042,390
2023-05-05,136.166,137.757,135.886,136.736,5585.453889846802,390
2023-05-08,136.746,137.856,136.456,137.057,5792.884392738342,390
2023-05-09,135.407,136.926,135.196,136.587,5163.932198762894,390
2023-05-10,137.877,137.786,134.856,136.567,6595.003093242645,390
2023-05-11,135.347,136.756,134.876,136.147,5138.066901922226,390
2023-05-12,136.727,136.547,133.107,134.097,4630.318892478943,390
2023-05-15,133.707,135.557,133.707,135.237,3848.1201079186285,390
2023-05-16,135.126,135.867,133.936,134.367,3820.472307920456,390
2023-05-17,135.746,138.546,135.436,138.477,4227.470395088196,390
2023-05-18,137.516,139.647,137.456,139.617,4558.232696771622,390
2023-05-19,138.847,140.466,138.106,139.347,5231.7089903354645,390
2023-05-22,140.867,141.487,137.646,138.047,4141.346892356873,390
2023-05-23,137.577,138.997,136.446,136.667,4661.858384847641,390
2023-05-24,135.007,136.226,135.007,135.387,4272.745198965073,390
2023-05-25,134.527,136.207,134.526,135.717,5197.9466853141785,390
2023-05-26,135.337,137.567,135.337,136.906,3645.7014929056168,390
2023-05-30,136.637,137.677,135.996,137.637,3974.8334934711456,390
2023-05-31,136.236,136.757,134.386,135.887,4541.647698163986,390
2023-06-01,136.017,138.207,135.426,137.567,4178.776400089264,390
2023-06-02,139.506,141.456,139.266,140.547,4331.525498628616,390
2023-06-05,140.106,139.916,138.106,139.157,4311.330400824547,390
2023-06-06,138.637,140.046,138.176,139.427,4596.713603973389,390
2023-06-07,139.877,141.246,138.816,140.727,5137.024500846863,390
2023-06-08,139.886,140.847,139.456,140.807,4260.764889359474,390
2023-06-09,139.517,141.676,139.516,141.107,5178.8285920619965,390
2023-06-12,140.266,141.237,139.747,141.047,3219.039999485016,390
2023-06-13,140.366,142.837,139.556,142.047,3744.850604534149,390
2023-06-14,142.486,143.476,140.546,141.497,4409.363090991974,390
2023-06-15,140.196,143.327,139.997,143.127,3297.556702017784,390
2023-06-16,142.787,143.936,142.246,143.347,4737.69869685173,390
2023-06-20,142.516,142.727,141.026,142.597,3116.5970964431763,390
2023-06-21,142.537,143.936,141.607,142.417,4704.144297719002,390
2023-06-22,141.756,142.446,138.946,139.597,3981.630301117897,390
2023-06-23,137.966,139.147,137.597,138.877,4069.8735959529877,390
2023-06-26,138.686,139.947,137.657,139.227,3874.063194155693,390
2023-06-27,138.986,139.757,138.507,139.267,3498.0322957634926,390
2023-06-28,139.147,139.056,137.946,138.607,4277.395100474358,390
2023-06-29,140.057,143.457,139.607,143.437,3861.0574935674667,390
2023-06-30,144.416,145.976,143.537,145.637,3345.293796777725,390
2023-07-03,146.027,147.457,145.446,146.446,2122.0179924964905,390
2023-07-05,144.757,145.407,144.346,144.727,3084.1178863942623,390
2023-07-06,142.967,143.367,141.427,143.357,2825.973803281784,390
2023-07-07,143.667,145.817,143.506,144.327,3531.3471995592117,390
2023-07-10,144.506,145.946,144.476,145.176,3920.6397960186005,390
2023-07-11,145.997,147.756,145.666,147.467,3597.0694895982742,390
2023-07-12,147.107,149.817,147.106,148.147,4103.748697221279,390
2023-07-13,148.607,149.286,147.717,148.957,3512.786701321602,390
2023-07-14,151.557,152.786,148.426,149.787,4480.938193440437,390
2023-07-17,150.327,153.717,150.306,153.367,3389.198399782181,390
2023-07-18,152.977,154.376,152.736,153.746,4202.201205313206,390
2023-07-19,152.236,155.176,151.726,154.297,4770.629986286163,390
2023-07-20,154.107,156.556,154.107,156.217,4688.540007352829,390
2023-07-21,154.777,156.057,154.687,155.097,5086.619986414909,390
2023-07-24,154.986,158.747,154.236,157.997,3640.4110022187233,390
2023-07-25,157.287,157.597,155.956,156.887,3653.3009897470474,390
2023-07-26,156.677,158.167,156.246,157.777,4068.8248060941696,390
2023-07-27,157.606,158.727,155.536,156.087,4494.261193752289,390
2023-07-28,157.257,157.576,156.296,156.977,3515.5017961859703,390
2023-07-31,157.237,159.176,157.136,157.977,3660.784796833992,390
2023-08-01,157.447,157.896,156.146,157.307,3453.4800086021423,390
2023-08-02,155.046,155.666,153.916,155.607,4336.069999694824,390
2023-08-03,154.897,156.866,154.266,156.527,4471.489995002747,390
2023-08-04,156.066,157.747,155.676,156.117,5229.832203865051,390
2023-08-07,155.856,157.657,155.856,156.897,3498.9300026893616,390
2023-08-08,154.317,155.947,152.606,155.967,4695.160010099411,390
2023-08-09,154.596,155.466,153.456,153.887,4578.120991945267,390
2023-08-10,154.237,155.387,153.067,153.597,4905.281191825867,390
2023-08-11,152.707,154.496,152.607,154.457,4520.762702465057,390
2023-08-14,153.406,154.887,152.906,154.766,5351.269996166229,390
2023-08-15,152.456,152.897,150.216,150.917,5372.489000797272,390
2023-08-16,150.237,150.916,149.666,150.307,5823.020889282227,390
2023-08-17,150.506,151.166,148.396,148.757,5457.002398014069,390
2023-08-18,147.046,149.436,147.046,149.017,7517.683603286743,390
2023-08-21,149.106,150.077,147.996,149.647,6009.352210998535,390
2023-08-22,149.296,149.456,145.836,146.387,5186.8545932769775,390
2023-08-23,146.367,147.567,145.436,147.396,4238.880007982254,390
2023-08-24,147.007,149.306,146.966,147.337,6106.642197608948,390
2023-08-25,147.336,148.477,145.826,147.086,8321.350505828857,390
2023-08-28,147.416,148.546,147.086,147.577,5917.650002241135,390
2023-08-29,147.007,148.827,147.006,148.816,4986.372203588486,390
2023-08-30,148.716,149.117,147.176,148.207,4331.360011935234,390
2023-08-31,148.187,147.986,145.937,146.407,4430.68120598793,390
2023-09-01,146.156,148.037,145.696,146.927,4425.59220123291,390
2023-09-05,147.086,148.106,145.006,145.227,4277.662392258644,390
2023-09-06,144.736,145.467,144.096,145.057,4409.309994935989,390
2023-09-07,144.007,145.036,143.367,143.726,4357.827206611633,390
2023-09-08,143.017,144.097,142.627,143.837,4280.469994544983,390
2023-09-11,144.686,144.966,143.666,144.447,4032.000997066498,390
2023-09-12,144.477,147.277,143.707,146.386,5148.134990930557,390
2023-09-13,146.886,147.666,145.796,146.547,5413.516986608505,390
2023-09-14,147.846,149.867,147.476,149.456,5102.61300110817,390
2023-09-15,147.917,149.697,147.917,148.827,5210.550985813141,390
2023-09-18,148.126,149.107,147.476,149.127,4331.119989693165,390
2023-09-19,149.046,149.556,147.196,148.947,4531.259995698929,390
2023-09-20,149.497,150.156,148.126,148.307,6627.342189133167,390
2023-09-21,147.457,148.786,146.596,147.216,6136.015598297119,390
2023-09-22,147.137,147.366,145.186,145.816,6330.901200294495,390
2023-09-25,145.006,146.417,143.696,146.487,5612.090018749237,390
2023-09-26,144.466,145.796,144.216,145.075,6240.089993953705,390
2023-09-27,144.686,146.077,144.386,145.816,7615.9899916648865,390
2023-09-28,145.566,148.857,145.566,147.597,7550.040010929108,390
2023-09-29,147.827,148.286,144.846,145.057,8607.631007194519,390
2023-10-02,144.606,145.427,142.616,143.747,8081.754001617432,390
2023-10-03,143.217,143.497,142.346,142.776,8274.897798538208,390
2023-10-04,142.607,143.326,141.907,143.457,7605.611820220947,390
2023-10-05,141.617,143.066,140.796,142.957,6744.225595474243,390
2023-10-06,142.886,145.837,142.096,145.107,7999.862199306488,390
2023-10-09,143.356,145.356,143.356,144.787,5875.299411773682,390
2023-10-10,145.206,146.717,145.006,145.706,6064.50000166893,390
2023-10-11,146.436,147.186,144.996,146.297,5495.10601067543,390
2023-10-12,145.707,146.897,145.096,145.757,7342.563588619232,390
2023-10-13,148.647,153.057,147.826,148.097,7766.861812591553,390
2023-10-16,149.217,149.166,146.696,147.907,5967.89528799057,390
2023-10-17,146.786,149.276,146.777,147.517,6833.063500404358,390
2023-10-18,146.716,147.407,145.356,145.897,7083.760707855225,390
2023-10-19,145.507,146.956,144.866,145.396,8562.438799619675,390
2023-10-20,144.556,144.867,142.096,142.956,6615.056583881378,390
2023-10-23,142.977,143.646,140.716,141.057,5450.363105773926,390
2023-10-24,141.007,141.687,140.306,141.227,4632.286287069321,390
2023-10-25,140.567,141.096,139.496,140.427,5682.782287120819,390
2023-10-26,139.057,141.626,139.046,140.807,7265.7743039131165,390
2023-10-27,138.807,138.827,135.176,135.767,6667.661189079285,390
2023-10-30,136.327,137.977,135.957,137.477,5409.991000652313,390
2023-10-31,137.697,139.217,137.087,139.156,5345.76549577713,390
2023-11-01,139.157,140.507,138.446,139.076,5175.34440100193,390
2023-11-02,139.767,141.467,139.216,141.447,4031.983607530594,390
2023-11-03,142.417,143.616,142.167,143.107,4929.792997837067,390
2023-11-06,143.006,144.147,142.776,144.117,4069.6989911794662,390
2023-11-07,143.496,144.227,142.767,144.007,3988.763997912407,390
2023-11-08,144.057,144.807,143.607,144.806,4773.545999646187,390
2023-11-09,144.557,145.536,143.686,144.287,5029.369100809097,390
2023-11-10,144.036,146.417,143.976,146.457,4360.055312633514,390
2023-11-13,145.426,146.146,145.146,145.837,3302.502696633339,390
2023-11-14,146.596,149.177,146.516,148.467,4196.717414498329,390
2023-11-15,148.496,150.126,148.496,149.847,5029.250300645828,390
2023-11-16,150.266,151.416,150.206,151.517,4867.636902809143,390
2023-11-17,152.167,152.817,151.386,152.846,3875.1108933091164,390
2023-11-20,152.137,153.707,151.756,153.337,3799.8798953294754,390
2023-11-21,153.167,153.607,152.546,153.077,3997.657494187355,390
2023-11-22,153.107,153.856,152.866,153.346,4093.6726953983307,390
2023-11-24,153.487,154.397,153.297,153.407,1625.1087017059326,390
2023-11-27,153.097,153.367,152.696,153.196,3472.4104043245316,390
2023-11-28,152.796,153.847,152.666,153.617,4340.431203663349,390
2023-11-29,153.357,155.586,153.356,154.397,4423.054611444473,390
2023-11-30,154.607,156.006,154.366,156.117,4468.019098818302,390
2023-12-01,155.847,157.807,155.787,156.907,5678.50719833374,390
2023-12-04,155.156,158.026,155.156,158.007,4369.748801469803,390
2023-12-05,156.476,158.436,156.476,157.997,5015.460100412369,390
2023-12-06,157.867,159.137,155.996,156.387,5925.602707386017,390
2023-12-07,156.177,157.306,156.106,156.857,4733.173500716686,390
2023-12-08,157.006,158.767,156.466,158.547,4835.801797628403,390
2023-12-11,158.547,159.246,157.777,159.277,4114.27120578289,390
2023-12-12,159.227,160.586,158.706,160.537,3317.3685959279537,390
2023-12-13,160.357,161.956,159.756,161.087,4419.520508825779,390
2023-12-14,161.716,164.777,161.677,164.017,5617.8998918533325,390
2023-12-15,162.907,165.247,162.837,165.197,4856.5456001758575,390
2023-12-18,166.086,167.067,165.607,166.277,3908.6157009601593,390
2023-12-19,165.667,168.427,165.497,168.456,4228.710602216423,390
2023-12-20,167.997,169.397,166.436,166.697,5133.663993477821,390
2023-12-21,166.796,168.016,165.656,167.567,6381.878994464874,390
2023-12-22,166.857,168.167,166.856,167.487,5359.684897661209,390
2023-12-26,167.366,168.736,167.117,168.437,3207.3257996737957,390
2023-12-27,167.637,169.446,167.506,169.457,4223.578499555588,390
2023-12-28,169.016,170.617,168.756,170.316,4321.781096100807,390
2023-12-29,169.616,170.606,169.607,170.297,5237.520700454712,390
2024-01-02,168.996,172.107,168.257,172.156,5252.060397028923,390
2024-01-03,171.607,172.017,170.346,171.447,6578.413803815842,390
2024-01-04,170.376,173.307,170.376,171.517,5686.428906202316,390
2024-01-05,170.977,173.357,170.977,172.307,5894.463213443756,390
2024-01-08,172.056,172.226,169.466,172.007,4521.465292811394,390
2024-01-09,171.626,171.727,170.076,170.677,5079.2513110637665,390
2024-01-10,169.676,171.057,168.946,171.027,4184.9947946071625,390
2024-01-11,170.247,170.297,168.616,170.347,5591.465618848801,390
2024-01-12,173.777,175.897,168.896,169.137,5375.174800634384,390
2024-01-16,164.496,168.006,164.306,168.077,6178.665499210358,390
2024-01-17,167.426,169.007,166.476,167.137,5663.466095209122,390
2024-01-18,166.996,167.477,165.226,167.517,6100.894601583481,390
2024-01-19,167.496,170.496,166.806,170.387,4920.409902334213,390
2024-01-22,170.067,171.907,169.686,170.157,4949.046993970871,390
2024-01-23,169.497,169.527,168.417,169.036,4243.697103843093,390
2024-01-24,169.227,170.977,168.836,170.527,5309.191412091255,390
2024-01-25,172.346,172.957,170.886,172.977,5433.54089987278,390
2024-01-26,172.446,172.927,171.066,172.277,4551.357300877571,390
2024-01-29,172.126,172.756,171.286,172.826,3888.122702986002,390
2024-01-30,172.856,176.717,172.856,176.376,4433.1939170360565,390
2024-01-31,176.076,178.137,174.336,174.567,7134.4964027404785,390
2024-02-01,173.577,174.686,171.396,173.737,4566.79749751091,390
2024-02-02,173.797,175.776,173.456,174.847,4096.512907981873,390
2024-02-05,173.886,175.047,172.886,174.576,3236.902500152588,390
2024-02-06,174.427,175.756,173.736,175.116,3277.1716998815536,390
2024-02-07,175.676,175.737,173.937,175.447,2276.8743059188128,390
2024-02-08,174.946,175.196,173.556,174.866,1887.9692977964878,390
2024-02-09,174.777,175.066,173.666,174.987,1829.115902632475,390
2024-02-12,174.827,176.777,173.677,175.837,2094.5620028972626,390
2024-02-13,175.576,176.087,172.596,174.277,2885.356995344162,390
2024-02-14,175.217,175.977,174.007,176.087,2160.9050993919373,390
2024-02-15,176.036,180.156,176.036,179.916,2868.280296564102,390
2024-02-16,179.377,179.367,178.146,179.046,2440.2950944900513,390
2024-02-20,179.036,180.417,178.186,179.746,2622.012794613838,390
2024-02-21,179.816,180.947,178.497,180.957,2553.010099053383,390
2024-02-22,181.767,183.327,180.786,183.227,2518.994898080826,390
2024-02-23,183.906,185.186,183.087,184.157,2410.2028988152742,390
2024-02-26,183.477,184.367,182.466,183.327,2155.5624019801617,390
2024-02-27,183.167,183.447,182.217,183.526,1919.2232027053833,390
2024-02-28,183.377,185.157,182.917,184.417,1830.318906903267,390
2024-02-29,185.666,186.306,183.836,186.237,2267.3153997659683,390
2024-03-01,186.017,186.247,185.087,185.336,1838.7185942232609,390
2024-03-04,184.717,187.556,184.256,186.717,2145.9804041981697,390
2024-03-05,186.166,189.257,186.166,188.606,2473.3443022966385,390
2024-03-06,189.146,190.006,187.576,189.657,3122.894996404648,390
2024-03-07,189.636,189.926,186.607,187.927,2302.7616959810257,390
2024-03-08,188.157,190.437,187.877,188.227,2993.700899362564,390
2024-03-11,186.646,188.366,186.196,188.426,2141.9706034064293,390
2024-03-12,188.507,190.157,187.906,190.066,2168.6099969148636,390
2024-03-13,190.006,191.677,189.826,191.477,2119.511704981327,390
2024-03-14,190.766,191.346,187.087,188.067,2650.664408802986,390
2024-03-15,186.877,190.876,186.877,190.507,2683.9973940849304,390
2024-03-18,190.726,192.627,189.866,192.677,2114.817301630974,390
2024-03-19,192.307,193.886,192.307,193.796,2303.1248992681503,390
2024-03-20,194.057,196.426,193.656,196.327,2695.650295853615,390
2024-03-21,196.337,199.407,196.296,199.367,2601.801003098488,390
2024-03-22,198.447,200.127,196.506,196.807,1991.5851010084152,390
2024-03-25,196.117,196.746,194.346,194.867,1680.193898588419,390
2024-03-26,194.376,196.637,194.026,195.887,1702.7495013475418,390
2024-03-27,196.167,199.516,196.167,199.567,2215.4564972519875,390
2024-03-28,198.847,200.677,198.527,200.517,1909.170803785324,390
2024-04-01,199.966,200.607,198.537,199.127,2185.26240170002,390
2024-04-02,198.916,199.726,198.066,198.977,1950.1013009548187,390
2024-04-03,199.026,199.446,197.696,198.387,2271.1323028206825,390
2024-04-04,199.357,199.566,195.546,195.727,2987.867799282074,390
2024-04-05,196.197,198.107,195.077,197.547,3362.939505815506,390
2024-04-08,197.476,198.917,197.476,198.716,2472.6053988933563,390
2024-04-09,198.017,198.616,194.886,197.237,3353.5630131959915,390
2024-04-10,195.317,196.937,194.157,195.697,3933.846098423004,390
2024-04-11,195.727,196.536,193.226,195.597,3552.318892478943,390
2024-04-12,188.017,188.707,182.536,182.937,4017.156904697418,390
2024-04-15,184.226,187.317,182.167,183.047,3273.1885006427765,390
2024-04-16,182.807,182.956,179.626,180.797,4463.6202001571655,390
2024-04-17,180.956,182.257,179.196,180.327,4287.589201927185,390
2024-04-18,181.227,183.336,180.007,181.286,4477.8473944664,390
2024-04-19,181.656,185.767,181.407,185.857,5138.671802520752,390
2024-04-22,185.857,190.087,185.856,189.527,3560.916002035141,390
2024-04-23,191.127,192.177,190.496,192.166,3161.4586054086685,390
2024-04-24,190.507,193.157,190.037,193.186,3578.227196931839,390
2024-04-25,192.527,193.906,191.126,193.477,4186.402501583099,390
2024-04-26,193.277,194.827,192.947,193.716,3575.2131009101868,390
2024-04-29,193.557,194.226,192.376,193.297,3014.581195950508,390
2024-04-30,192.746,194.947,191.616,191.827,4086.0617949962616,390
2024-05-01,192.317,194.386,190.736,192.047,5400.371406793594,390
2024-05-02,193.387,193.287,189.496,191.697,4175.044500350952,390
2024-05-03,192.116,192.157,188.426,190.587,4029.6330008506775,390
2024-05-06,191.507,191.946,189.796,192.187,3118.7439025640488,390
2024-05-07,191.206,192.876,191.206,191.837,3342.0774116516113,390
2024-05-08,190.946,196.607,190.946,195.877,3123.46560382843,390
2024-05-09,194.996,197.536,194.996,197.517,3031.417801260948,390
2024-05-10,197.997,199.297,197.997,198.896,2943.960601568222,390
2024-05-13,198.837,199.777,198.006,198.687,2761.7064023017883,390
2024-05-14,198.897,201.477,198.146,201.567,3345.113305091858,390
2024-05-15,201.737,202.476,199.766,202.307,3252.1899955272675,390
2024-05-16,202.207,204.426,201.896,202.796,2872.2700023651123,390
2024-05-17,203.507,205.017,202.476,204.917,2184.399996340275,390
2024-05-20,204.117,205.697,195.386,195.627,2724.51999938488,390
2024-05-21,196.757,199.827,196.546,199.777,2220.0100005567074,390
2024-05-22,198.767,200.856,197.666,198.437,2374.2699984908104,390
2024-05-23,197.836,198.257,196.046,197.037,3604.701005458832,390
2024-05-24,197.346,200.647,197.346,200.577,2413.739997446537,390
2024-05-28,199.486,200.366,198.476,199.636,2302.8914974331856,390
2024-05-29,197.526,198.956,196.846,198.067,2365.00330132246,390
2024-05-30,198.306,199.806,198.306,199.377,3192.677899003029,390
2024-05-31,199.247,203.196,198.316,203.212,3464.000996828079,390
2024-06-03,201.986,202.257,199.106,201.766,2732.085103869438,390
2024-06-04,200.197,201.897,198.256,199.167,2667.717903137207,390
2024-06-05,199.346,199.687,196.896,197.287,2410.2254028320312,390
2024-06-06,197.276,197.967,195.307,196.977,2507.336695790291,390
2024-06-07,196.996,200.906,196.996,200.017,3424.172097027302,390
2024-06-10,198.376,200.767,198.337,199.856,2220.460996031761,390
2024-06-11,197.317,196.887,193.586,194.347,2552.831299304962,390
2024-06-12,195.856,196.497,191.296,191.537,3825.5740084648132,390
2024-06-13,192.007,194.527,190.856,193.737,3103.589506328106,390
2024-06-14,191.376,194.796,191.316,193.857,2996.049694776535,390
2024-06-17,193.097,195.557,192.436,194.996,2231.984398961067,390
2024-06-18,194.036,197.846,194.036,197.187,1684.8300977349281,390
2024-06-20,196.466,199.416,196.006,198.756,2362.7280057668686,390
2024-06-21,196.476,196.797,194.176,196.607,2268.096103847027,390
2024-06-24,197.557,199.176,197.066,199.127,2523.718105316162,390
2024-06-25,197.817,199.826,197.716,198.177,2288.2874994874,390
2024-06-26,197.136,197.726,196.246,197.607,2166.454506754875,390
2024-06-27,197.107,199.796,196.856,199.216,2101.7937950491905,390
2024-06-28,199.646,202.487,199.136,202.3,2840.0783965587616,390
2024-07-01,202.806,206.836,202.467,205.487,2686.2340010404587,390
2024-07-02,204.856,208.816,204.696,208.817,2237.338301360607,390
2024-07-03,209.407,209.826,207.626,208.136,1338.024597644806,390
2024-07-05,206.686,207.017,204.496,204.807,1928.1443003118038,390
2024-07-08,204.797,206.686,203.946,205.127,1670.3322974443436,390
2024-07-09,205.596,209.667,205.426,207.637,2083.3336980342865,390
2024-07-10,206.107,207.926,205.406,207.836,1748.1190946102142,390
2024-07-11,205.956,208.066,205.317,207.507,3305.2072908878326,390
2024-07-12,204.196,207.416,202.076,204.976,2278.8274015188217,390
2024-07-15,207.507,211.567,206.686,210.157,2144.5343973636627,390
2024-07-16,209.507,213.706,207.976,213.607,2239.8043003082275,390
2024-07-17,213.817,217.486,213.256,216.956,2669.728296995163,390
2024-07-18,215.607,216.446,209.206,209.996,3010.045604467392,390
2024-07-19,210.917,212.227,208.816,209.877,2820.818505048752,390
2024-07-22,210.346,212.066,209.696,210.417,2018.3707970380783,390
2024-07-23,211.206,211.387,209.307,210.267,1723.7170981168747,390
2024-07-24,210.077,211.697,208.026,208.657,2185.756096124649,390
2024-07-25,208.666,210.137,208.036,208.757,2715.3840115070343,390
2024-07-26,209.236,213.126,208.596,212.337,2451.084605872631,390
2024-07-29,212.677,213.197,210.506,210.937,1682.4970988035202,390
2024-07-30,213.076,215.726,212.927,215.397,1792.8053995966911,390
2024-07-31,214.466,216.246,212.617,212.837,1898.7462975978851,390
2024-08-01,213.176,213.617,206.376,207.847,2296.3904033899307,390
2024-08-02,204.377,203.956,196.876,199.107,2986.6441073417664,390
2024-08-05,193.076,196.077,190.856,194.907,2215.857395924628,390
2024-08-06,194.896,202.456,193.987,200.607,2326.6545972824097,390
2024-08-07,203.296,205.666,200.196,200.437,2285.4127992391586,390
2024-08-08,202.037,204.856,201.686,204.462,1887.3364987373352,390
2024-08-09,203.046,206.367,202.626,205.957,1277.6824030578136,390
2024-08-12,206.467,206.956,203.577,206.187,1323.5186974704266,390
2024-08-13,207.226,208.046,205.336,208.036,1118.9780006110668,390
2024-08-14,207.246,210.707,207.006,210.387,1257.8983989357948,390
2024-08-15,212.547,213.757,211.016,211.567,1126.554899930954,390
2024-08-16,211.617,213.996,211.616,214.027,919.3320955187082,390
2024-08-19,213.877,215.476,213.606,215.446,901.6959011852741,390
2024-08-20,214.897,215.926,213.656,214.507,1099.108295455575,390
2024-08-21,214.427,214.737,212.786,214.557,1706.9986998438835,390
2024-08-22,214.346,216.646,214.346,216.777,1508.0404011160135,390
2024-08-23,217.026,219.106,216.496,218.327,1849.7440981268883,390
2024-08-26,219.036,219.387,217.956,219.277,1015.3991967886686,390
2024-08-27,219.816,220.347,219.176,220.387,986.5257985591888,390
2024-08-28,219.166,222.167,219.166,221.332,1850.8138967752457,390
2024-08-29,222.037,222.937,218.936,222.497,1629.8672007322311,390
2024-08-30,222.407,225.336,221.816,225.067,1135.0253953635693,390
2024-09-03,222.077,223.957,219.216,220.287,1650.4396995902061,390
2024-09-04,220.607,221.736,217.176,219.337,1283.038497582078,390
2024-09-05,220.246,220.306,216.006,217.597,1463.121398486197,390
2024-09-06,217.566,218.646,211.106,212.547,1849.0311974287033,390
2024-09-09,215.327,218.117,214.127,216.967,1353.5852980017662,390
2024-09-10,218.596,217.757,200.586,205.737,2597.665200471878,390
2024-09-11,205.156,207.556,201.816,207.487,2185.9749957323074,390
2024-09-12,207.557,208.346,204.896,206.747,1339.7757022380829,390
2024-09-13,206.666,207.637,202.997,204.387,1334.2866988182068,390
2024-09-16,206.086,208.087,205.596,208.197,1178.9994972348213,390
2024-09-17,207.716,209.847,207.626,209.476,1440.5893983840942,390
2024-09-18,208.997,210.937,206.666,207.766,1984.618997335434,390
2024-09-19,209.476,211.846,207.316,210.727,1660.9455970525742,390
2024-09-20,209.757,211.337,209.426,211.107,1490.7852956950665,390
2024-09-23,210.637,211.727,209.967,211.507,1175.3560971617699,390
2024-09-24,211.057,212.827,210.356,211.976,1312.3051959872246,390
2024-09-25,211.807,212.057,208.576,210.256,1458.8253975659609,390
2024-09-26,210.257,211.306,208.996,210.007,1538.8133985996246,390
2024-09-27,210.006,212.327,209.276,210.546,1139.4201973974705,390
2024-09-30,206.106,210.876,205.237,210.947,1392.1207993999124,390
2024-10-01,208.487,208.666,206.146,207.097,1820.2092967033386,390
2024-10-02,207.056,208.857,205.506,207.307,1048.8896002173424,390
2024-10-03,205.897,206.406,204.326,205.277,1280.289696842432,390
2024-10-04,208.827,211.587,206.897,211.417,1497.3812001943588,390
2024-10-07,211.077,213.186,209.646,210.856,1297.3058970570564,390
2024-10-08,210.217,211.287,208.376,210.877,1107.065698593855,390
2024-10-09,209.497,214.137,209.136,213.467,1412.3804975152016,390
2024-10-10,214.537,214.207,211.447,212.967,1507.5304980278015,390
2024-10-11,215.967,224.457,215.036,222.307,1795.7916005253792,390
2024-10-14,222.207,222.367,218.866,221.637,1253.777502849698,390
2024-10-15,223.177,225.216,221.806,222.427,1959.904000878334,390
2024-10-16,222.277,223.537,221.026,223.666,1164.9571988135576,390
2024-10-17,224.217,225.767,223.216,224.687,947.006998443976,390
2024-10-18,223.957,225.867,223.116,225.516,1209.684697985649,390
2024-10-21,225.006,225.277,222.886,223.187,1195.4795981645584,390
2024-10-22,223.196,225.177,221.096,224.227,1332.37689858675,390
2024-10-23,223.667,224.727,222.516,223.416,1235.9155982136726,390
2024-10-24,221.797,224.936,221.587,225.047,1081.1294001340866,390
2024-10-25,224.516,225.386,220.856,222.377,1304.1349001526833,390
2024-10-28,222.996,225.566,222.886,225.616,1133.1985967755318,390
2024-10-29,224.937,226.556,222.806,223.057,1130.9748012423515,390
2024-10-30,222.265,226.247,221.576,224.716,1185.5144944638014,390
2024-10-31,224.186,224.997,221.767,222.207,1403.01760327816,390
2024-11-01,223.257,226.056,222.546,223.096,1279.4659973978996,390
2024-11-04,222.936,223.176,219.147,219.757,1304.868697464466,390
2024-11-05,219.877,221.907,219.777,221.577,1148.2377980947495,390
2024-11-06,236.076,247.747,235.716,247.406,2194.139702498913,390
2024-11-07,243.847,243.856,235.146,236.517,1635.969796538353,390
2024-11-08,238.156,238.847,235.617,237.297,1508.0951019823551,390
2024-11-11,239.927,241.917,239.036,239.376,1647.132400214672,390
2024-11-12,240.007,240.907,238.736,239.817,1531.8341013491154,390
2024-11-13,240.007,243.957,239.996,241.497,1788.0492958426476,390
2024-11-14,242.227,244.167,241.027,242.057,1471.7936012744904,390
2024-11-15,242.356,246.287,242.356,245.756,2034.2212015390396,390
2024-11-18,246.857,246.896,242.676,245.076,1338.9017001539469,390
2024-11-19,242.056,245.116,241.496,243.137,1634.0422970056534,390
2024-11-20,243.996,244.357,238.566,240.707,1478.362099826336,390
2024-11-21,243.046,245.376,241.996,244.917,1715.287898004055,390
2024-11-22,243.517,249.027,243.466,248.836,1410.0312990769744,390
2024-11-25,250.206,251.326,249.026,250.277,1545.5843004882336,390
2024-11-26,250.446,250.776,248.246,250.156,952.4512003585696,390
2024-11-27,248.996,251.047,248.736,249.627,792.6314990669489,390
2024-11-29,249.786,251.697,249.356,249.897,589.851997256279,390
2024-12-02,249.727,249.746,245.016,246.497,1141.8239983171225,390
2024-12-03,247.947,248.707,244.616,244.847,929.9071984738111,390
2024-12-04,244.675,244.936,242.186,243.397,1058.6379961073399,390
2024-12-05,245.317,247.096,244.056,245.697,898.641997538507,390
2024-12-06,245.606,247.696,244.786,247.657,989.5916001498699,390
2024-12-09,246.596,247.397,243.736,243.916,1054.969098225236,390
2024-12-10,243.837,246.276,242.186,243.117,1260.398398309946,390
2024-12-11,243.497,244.077,242.166,243.607,1074.456100165844,390
2024-12-12,242.777,243.936,241.016,241.767,1201.0194968283176,390
2024-12-13,242.096,242.136,239.076,239.977,1011.5215971767902,390
2024-12-16,240.466,240.176,237.486,239.967,873.8581962808967,390
2024-12-17,238.267,238.707,236.586,238.707,1042.8912956416607,390
2024-12-18,238.877,238.826,229.106,230.677,1517.054501146078,390
2024-12-19,232.616,236.057,232.086,233.057,1505.5046986341476,390
2024-12-20,231.697,239.117,231.697,237.917,1442.7499990463257,390
2024-12-23,235.457,238.527,234.727,238.437,982.262599170208,390
2024-12-24,239.057,242.396,238.876,242.217,514.857399597764,390
2024-12-26,240.907,243.157,240.657,243.237,751.7635983452201,390
2024-12-27,240.996,243.286,239.996,241.297,1161.2976986169815,390
2024-12-30,238.417,240.706,237.016,239.527,1086.5221011042595,390
2024-12-31,239.636,241.276,238.997,239.566,930.0403992980719,390
2025-01-02,240.546,243.056,239.356,240.087,1371.3872995972633,390
2025-01-03,243.277,244.377,240.147,243.356,1221.6380014196038,390
2025-01-06,243.397,245.527,240.546,240.856,1381.9485006332397,390
2025-01-07,240.846,245.237,240.846,243.147,1257.9812025129795,390
2025-01-08,242.896,243.986,240.496,243.187,1067.4426019787788,390
2025-01-09,242.977,242.977,242.977,242.977,0.0,390
2025-01-10,243.015,242.686,238.667,240.067,1377.139099292457,390
2025-01-13,239.127,244.346,238.996,244.336,1421.4166978150606,390
2025-01-14,242.447,247.207,242.317,247.687,1087.8161983340979,390
2025-01-15,250.996,253.496,243.516,252.437,1389.0530964430654,390
2025-01-16,253.697,256.816,252.296,254.217,1584.9383963346481,390
2025-01-17,253.496,260.497,252.076,259.307,1320.9897004961967,390
2025-01-21,259.486,264.066,259.486,263.106,1067.3577975481749,390
2025-01-22,262.007,263.307,259.946,263.026,965.0670971572399,390
2025-01-23,264.037,266.456,263.766,265.836,881.4621979296207,390
2025-01-24,264.127,266.917,263.586,264.796,847.3895965811098,390
2025-01-27,263.306,265.877,261.936,265.916,1127.1873997151852,390
2025-01-28,265.707,267.167,264.666,267.216,976.8526943549514,390
2025-01-29,267.047,270.557,265.116,266.747,1557.2273961901665,390
2025-01-30,267.996,269.636,266.606,268.287,1110.603894263506,390
2025-01-31,268.996,270.546,266.916,267.316,1142.2939996048808,390
2025-02-03,261.776,268.046,261.657,267.357,1247.2207967936993,390
2025-02-04,268.796,268.827,266.806,268.157,1020.5547968968749,390
2025-02-05,268.907,270.456,268.227,270.486,785.6961954981089,390
2025-02-06,271.996,276.857,271.136,276.936,877.4504976198077,390
2025-02-07,276.927,278.427,274.616,275.846,1207.429500490427,390
2025-02-10,275.996,275.826,269.566,270.977,1046.6259993091226,390
2025-02-11,270.196,276.097,269.606,275.137,1116.540099799633,390
2025-02-12,273.396,276.406,273.226,275.517,990.2325975745916,390
2025-02-13,275.166,276.807,273.786,276.347,996.4500003755093,390
2025-02-14,276.997,279.037,276.406,276.617,818.670000821352,390
2025-02-18,276.746,279.826,275.996,279.827,949.7399981170893,390
2025-02-19,277.996,280.197,277.056,279.327,1203.6299989521503,390
2025-02-20,278.267,278.087,265.686,266.806,2349.631199836731,390
2025-02-21,268.056,269.087,262.776,264.197,1756.1999997496605,390
2025-02-24,265.287,266.506,258.156,261.337,1451.1299986243248,390
2025-02-25,262.066,262.727,252.996,257.387,1552.3800034821033,390
2025-02-26,256.516,260.746,256.327,258.786,1598.2800003290176,390
2025-02-27,260.046,263.347,257.846,259.067,1554.5400040745735,390
2025-02-28,260.277,264.497,257.866,264.777,2303.1900027394295,390
2025-03-03,263.847,266.046,257.396,260.597,2454.749999642372,390
2025-03-04,255.437,255.417,245.906,250.256,2284.231203556061,390
2025-03-05,251.007,252.936,247.757,251.626,1857.3611994981766,390
2025-03-06,247.996,248.977,243.746,246.517,2050.7100009918213,390
2025-03-07,244.996,246.417,239.386,242.616,2262.8099967241287,390
2025-03-10,235.696,236.896,228.686,232.247,2878.351207256317,390
2025-03-11,232.177,232.886,226.666,229.316,2675.7983996868134,390
2025-03-12,233.337,233.577,227.256,227.887,2284.8600009679794,390
2025-03-13,228.846,228.926,224.216,225.167,2283.4247978925705,390
2025-03-14,228.326,233.076,227.596,232.927,1845.6600006818771,390
2025-03-17,231.107,235.616,230.496,234.137,1602.0600035786629,390
2025-03-18,234.497,235.916,233.486,235.106,1975.3500100970268,390
2025-03-19,235.776,242.226,234.766,239.267,1860.5700008869171,390
2025-03-20,236.147,241.586,236.146,238.887,1775.2499997019768,390
2025-03-21,237.277,242.166,236.496,241.667,1750.3499997854233,390
2025-03-24,245.277,248.566,244.316,248.337,1547.7312015891075,390
2025-03-25,248.997,251.626,247.607,251.097,1130.0913002341986,390
2025-03-26,252.097,254.517,249.766,251.117,1493.267100840807,390
2025-03-27,249.287,250.507,247.056,248.407,1419.2811002135277,390
2025-03-28,246.997,249.356,241.066,243.135,1410.6914981603622,390
2025-03-31,239.306,245.646,237.267,245.706,1517.9955021440983,390
2025-04-01,242.536,245.576,240.856,243.597,1422.9579008705914,390
2025-04-02,241.496,247.086,241.237,246.097,1338.7892982661724,390
2025-04-03,233.787,234.847,227.296,228.697,2389.9727994203568,390
2025-04-04,215.736,217.156,208.916,210.386,2918.372102677822,390
2025-04-07,204.996,221.497,202.096,214.407,2837.92170214653,390
2025-04-08,222.926,227.566,213.147,217.037,2879.906704068184,390
2025-04-09,212.507,236.917,210.996,235.256,3057.178194999695,390
2025-04-10,229.276,230.076,220.067,227.247,2448.5898011922836,390
2025-04-11,225.006,238.407,225.006,236.277,2187.7689043283463,390
2025-04-14,236.947,238.856,233.286,234.497,1382.8236013948917,390
2025-04-15,236.096,238.396,232.547,233.076,1312.1978973522782,390
2025-04-16,231.877,233.306,227.887,229.666,1522.5245978832245,390
2025-04-17,230.516,234.166,230.136,231.677,1451.6043002605438,390
2025-04-21,230.547,231.536,226.326,228.977,1248.6171005368233,390
2025-04-22,231.646,235.846,231.326,235.557,1400.4015009105206,390
2025-04-23,240.137,245.937,240.126,241.352,1762.8789032697678,390
2025-04-24,239.277,245.426,237.106,244.967,1205.405998967588,390
2025-04-25,243.987,245.417,241.616,243.567,1180.4280009269714,390
2025-04-28,244.447,246.547,240.826,243.406,1195.6946989297867,390
2025-04-29,242.527,245.116,241.656,245.007,1038.7998009622097,390
2025-04-30,241.266,244.997,238.426,244.617,1425.5487007051706,390
2025-05-01,242.747,248.366,241.856,246.986,1316.2748972475529,390
2025-05-02,251.036,253.517,249.396,252.697,1245.247197598219,390
2025-05-05,250.857,255.036,250.297,252.646,1901.2815011069179,390
2025-05-06,249.497,252.496,248.996,249.377,2016.9225020706654,390
2025-05-07,249.606,252.366,248.736,249.557,2398.0707027316093,390
2025-05-08,251.476,255.816,251.476,253.627,3043.448996067047,390
2025-05-09,254.007,255.416,252.336,253.116,2328.246000111103,390
2025-05-12,262.737,262.936,258.626,260.057,2771.3745017051697,390
2025-05-13,260.747,263.617,260.096,263.197,2571.776993870735,390
2025-05-14,262.457,266.587,262.236,266.006,2703.6989971399307,390
2025-05-15,266.746,269.276,264.726,267.626,2505.777599453926,390
2025-05-16,266.946,268.386,264.616,267.667,2455.4501937627792,390
2025-05-19,265.697,268.247,261.866,264.927,2700.347392529249,390
2025-05-20,262.457,266.617,261.957,265.847,2407.9220997691154,390
2025-05-21,263.447,265.466,260.686,261.236,3019.111498773098,390
2025-05-22,259.297,262.187,258.667,260.637,2562.5895026922226,390
2025-05-23,256.267,261.847,256.176,260.907,2903.2205961942673,390
2025-05-27,262.146,265.206,261.236,265.246,2282.257502436638,390
2025-05-28,265.946,266.446,262.876,263.556,2231.9847039580345,390
2025-05-29,264.546,264.986,262.506,264.357,2606.196596711874,390
2025-05-30,263.196,265.177,262.676,264.127,3298.683597922325,390
2025-06-02,262.996,264.947,261.767,264.716,2311.379702448845,390
2025-06-03,263.496,266.486,262.856,266.437,2234.006402015686,390
2025-06-04,265.447,266.986,264.177,264.487,2326.013704031706,390
2025-06-05,264.237,264.246,260.307,262.037,3450.74850744009,390
2025-06-06,264.817,266.596,263.996,265.877,2922.003299474716,390
2025-06-09,265.726,267.777,263.256,266.837,2253.886196911335,390
2025-06-10,265.877,268.816,265.576,268.637,2571.45960354805,390
2025-06-11,268.596,269.547,265.737,268.217,2100.298497915268,390
2025-06-12,266.526,268.207,265.066,268.207,898.0863006487489,390
2025-06-13,265.106,266.947,262.697,265.017,1503.8195995688438,390
2025-06-16,266.997,271.646,266.997,270.306,1293.2109001874924,390
2025-06-17,268.126,270.496,267.676,269.537,1340.0316005945206,390
2025-06-18,269.697,277.566,269.497,273.777,1844.3249986171722,390
2025-06-20,275.216,277.087,273.786,274.997,1598.0274006724358,390
2025-06-23,274.996,278.416,271.996,278.487,1300.4264997392893,390
2025-06-24,279.996,282.676,279.496,281.342,1409.9720986485481,390
2025-06-25,281.006,284.147,280.906,284.226,1219.062000066042,390
2025-06-26,284.377,289.317,284.376,288.936,1280.8517990633845,390
2025-06-27,285.497,288.226,285.006,287.336,1501.6661989539862,390
2025-06-30,290.147,292.187,288.886,290.076,1483.9616982862353,390
2025-07-01,289.996,290.887,286.536,290.456,1396.7033990621567,390
2025-07-02,291.887,292.677,289.676,291.887,1227.4032012075186,390
2025-07-03,291.736,296.246,291.196,296.007,898.0017014741898,390
2025-07-07,295.216,295.556,290.036,291.997,1449.6780003905296,390
2025-07-08,289.446,288.747,280.246,282.867,1778.2413005828857,390
2025-07-09,287.046,285.596,282.436,283.146,1183.4594990983605,390
2025-07-10,282.997,288.226,282.996,288.147,1337.1459004878998,390
2025-07-11,285.026,287.246,283.596,286.786,990.240897372365,390
2025-07-14,286.856,289.197,285.096,288.707,1114.3403988480568,390
2025-07-15,287.996,290.837,285.376,286.507,1447.892099827528,390
2025-07-16,288.377,290.216,282.996,285.796,1435.8312004804611,390
2025-07-17,283.006,290.136,283.006,290.086,1235.347801335156,390
2025-07-18,289.306,292.427,287.996,291.277,1018.7669993638992,390
2025-07-21,290.817,294.117,290.566,290.977,956.5821013450623,390
2025-07-22,291.217,293.576,289.096,291.507,986.2415995970368,390
2025-07-23,292.996,296.867,292.526,296.737,1236.2148007676005,390
2025-07-24,297.597,299.427,295.896,297.027,1081.7381999716163,390
2025-07-25,296.657,298.847,295.806,298.666,877.9166996851563,390
2025-07-28,297.457,299.367,296.796,298.287,918.5373006314039,390
2025-07-29,299.767,300.536,296.176,297.057,943.2179985567927,390
2025-07-30,297.407,300.437,296.936,299.946,1238.7261015549302,390
2025-07-31,298.826,300.547,295.377,296.507,1372.9487992227077,390
2025-08-01,290.256,291.626,284.116,289.276,2012.3456977009773,390
2025-08-04,290.607,294.227,290.286,294.197,1051.373097807169,390
2025-08-05,294.807,295.482,287.186,291.357,1151.367299772799,390
2025-08-06,291.605,293.256,290.156,291.437,979.221899703145,390
2025-08-07,292.997,293.006,286.367,287.045,1301.2146036624908,390
2025-08-08,288.127,290.956,284.657,288.736,1292.1104999929667,390
2025-08-11,288.997,291.247,288.496,289.746,995.5532990768552,390
2025-08-12,291.416,294.477,290.246,292.797,1109.1089994311333,390
2025-08-13,293.906,294.247,287.126,290.577,1354.4892025887966,390
2025-08-14,290.197,294.036,288.916,294.117,1075.0755011588335,390
2025-08-15,294.557,294.847,289.786,290.566,1113.6359996646643,390
2025-08-18,289.767,291.837,288.116,291.507,865.5650995224714,390
2025-08-19,290.337,292.337,289.466,290.667,926.297397851944,390
2025-08-20,290.646,293.147,287.116,292.196,1169.8127980306745,390
2025-08-21,291.556,292.517,289.416,291.446,888.5874001160264,390
2025-08-22,292.977,297.007,289.996,296.267,1329.5594971179962,390
2025-08-25,296.237,297.057,294.086,294.987,916.3866008594632,390
2025-08-26,293.846,298.667,293.406,298.665,915.9303006455302,390
2025-08-27,297.046,300.916,296.746,299.527,874.1813994720578,390
2025-08-28,299.657,301.177,298.326,300.977,776.8568959757686,390
2025-08-29,301.246,302.876,299.636,301.357,879.3069009706378,390
2025-09-02,299.917,299.726,294.406,299.647,1212.632402330637,390
2025-09-03,300.206,300.197,296.217,299.337,1210.987198933959,390
2025-09-04,300.056,304.386,298.006,303.847,1273.5285009145737,390
2025-09-05,303.197,304.656,294.247,294.807,1866.6915016174316,390
2025-09-08,295.297,296.396,291.306,293.147,1222.19909606874,390
2025-09-09,292.547,298.807,292.276,297.917,1214.3039969056845,390
2025-09-10,296.646,301.467,295.396,300.727,1175.5346991419792,390
2025-09-11,300.697,305.586,300.696,305.476,1213.7588979303837,390
2025-09-12,304.106,307.377,303.636,307.096,1001.0598011314869,390
2025-09-15,306.996,309.727,306.996,309.377,1139.189398676157,390
2025-09-16,308.857,310.746,307.066,309.257,1159.0706972107291,390
2025-09-17,310.006,312.757,308.826,311.737,1759.3437015861273,390
2025-09-18,311.377,313.256,309.606,313.297,1256.9304002076387,390
2025-09-19,313.227,315.637,309.076,314.907,1337.2886987924576,390
2025-09-22,309.306,313.536,309.306,312.617,1120.0338027179241,390
2025-09-23,311.277,316.117,310.546,312.706,1343.8833018094301,390
2025-09-24,313.947,316.507,311.646,313.486,1034.007298529148,390
2025-09-25,313.096,315.507,311.756,313.687,1319.538597136736,390
2025-09-26,314.796,317.667,313.566,316.317,1261.5623971521854,390
2025-09-29,317.036,317.357,313.616,315.716,1233.593399360776,390
2025-09-30,315.697,316.966,310.096,315.666,1303.714500427246,390
2025-10-01,312.997,313.807,307.296,310.837,1180.6238960772753,390
2025-10-02,309.846,309.966,306.116,307.677,1276.4187014102936,390
2025-10-03,308.206,311.386,308.196,310.037,1321.139700382948,390
2025-10-06,309.547,311.237,305.076,309.217,1262.70060095191,390
2025-10-07,309.247,309.637,304.636,307.722,1218.7439981251955,390
2025-10-08,308.127,307.926,303.496,304.386,1139.0798967927694,390
2025-10-09,304.996,307.676,303.296,305.507,1208.6208016127348,390
2025-10-10,305.546,310.247,300.607,301.176,1815.4772996902466,390
2025-10-13,305.247,309.296,305.246,308.137,1953.7550967931747,390
2025-10-14,305.986,306.686,294.077,302.387,2011.5572961568832,390
2025-10-15,306.406,311.737,304.996,306.266,1575.7215003967285,390
2025-10-16,305.497,308.367,297.036,298.736,1894.0185047388077,390
2025-10-17,299.096,298.636,294.096,297.807,1458.9407967329025,390
2025-10-20,298.197,303.597,298.126,302.507,1123.078199699521,390
2025-10-21,301.947,303.817,296.926,297.246,1193.8710036873817,390
2025-10-22,297.466,297.536,290.376,294.047,1259.4702003523707,390
2025-10-23,293.917,296.206,292.726,294.517,1077.191099330783,390
2025-10-24,294.997,302.447,294.997,300.477,1097.500796943903,390
2025-10-27,301.877,304.357,300.826,304.167,1031.5430976748466,390
2025-10-28,304.756,307.726,303.116,305.397,1072.0062005221844,390
2025-10-29,302.997,308.116,302.996,305.467,1444.8395975232124,390
2025-10-30,305.517,312.397,304.996,309.586,1306.7658014521003,390
2025-10-31,308.087,312.667,308.076,311.437,1215.6485986858606,390
2025-11-03,311.057,312.006,306.216,309.406,1558.716298878193,390
2025-11-04,306.666,311.856,304.996,309.367,1471.7837991416454,390
2025-11-05,308.966,312.927,305.517,311.867,1365.9998998641968,390
2025-11-06,310.922,314.667,310.146,313.686,1729.6125000715256,390
2025-11-07,312.017,314.337,307.496,314.397,1864.5333017110825,390
2025-11-10,313.997,319.307,313.996,316.907,1459.4573993682861,390
2025-11-11,317.036,318.816,315.286,315.757,1076.4687006622553,390
2025-11-12,315.667,322.117,315.667,320.457,1679.5394998192787,390
2025-11-13,319.456,320.027,308.706,309.537,1864.2372037172318,390
2025-11-14,306.817,306.906,301.196,303.706,2195.330696582794,390
2025-11-17,303.646,305.437,297.666,300.437,1890.6014955043793,390
2025-11-18,298.886,302.707,297.006,299.677,1717.0778993964195,390
2025-11-19,299.557,304.317,298.996,303.497,1628.6891993582249,390
2025-11-20,305.497,309.766,298.146,298.777,2283.8487037420273,390
2025-11-21,300.557,300.267,292.786,297.926,2150.4036021232605,390
2025-11-24,297.977,299.757,294.446,298.137,1570.8287991285324,390
2025-11-25,299.637,304.377,295.496,303.747,1711.9704009890556,390
2025-11-26,303.596,308.457,302.996,308.056,1223.4993006139994,390
2025-11-28,307.996,313.647,307.996,313.357,781.6367960572243,390
2025-12-01,311.216,313.947,308.497,309.076,1335.2322040051222,390
2025-12-02,308.527,310.317,306.997,307.956,1367.6444993019104,390
2025-12-03,306.997,312.267,306.756,312.237,1453.4463031291962,390
2025-12-04,312.696,318.237,312.696,316.097,1846.3068059682846,390
2025-12-05,315.166,318.327,314.397,315.246,1237.2152985930443,390
2025-12-08,314.997,316.246,313.266,315.286,1205.3741998672485,390
2025-12-09,314.276,318.546,299.997,300.526,2270.5766976475716,390
2025-12-10,300.097,310.866,298.446,310.567,1979.7695980072021,390
2025-12-11,308.996,317.867,308.996,317.377,1548.612297475338,390
2025-12-12,319.356,319.557,316.476,318.747,1634.6193016767502,390
2025-12-15,319.596,322.297,317.146,320.357,1588.5206958651543,390
2025-12-16,318.997,319.346,314.266,315.847,1363.1736001968384,390
2025-12-17,316.867,318.676,314.127,314.957,1549.5923973172903,390
2025-12-18,315.116,317.446,312.106,313.157,1638.722101032734,390
2025-12-19,313.696,318.487,312.996,317.277,1492.3511976599693,390
2025-12-22,316.796,323.186,316.796,323.156,1170.7682983651757,390
2025-12-23,323.296,327.696,322.996,326.017,1197.8837977200747,390
2025-12-24,326.236,329.936,325.496,329.116,570.3053984344006,390
2025-12-26,328.387,330.476,326.496,327.917,878.1371994689107,390
2025-12-29,326.996,327.356,323.516,323.727,1112.2628997266293,390
2025-12-30,324.687,324.406,322.396,323.506,893.6399988532066,390
2025-12-31,323.316,324.607,322.086,322.297,873.9434975087643,390
2026-01-02,322.486,325.417,320.566,325.617,1448.8956018686295,390
2026-01-05,323.797,337.097,323.797,334.177,1796.6339970827103,390
2026-01-06,331.206,335.767,330.496,334.756,1260.4952991902828,390
2026-01-07,331.276,330.897,324.506,327.276,1823.0202023983002,390
2026-01-08,326.046,331.336,325.696,330.037,1502.4320999979973,390
2026-01-09,328.997,331.816,327.996,329.517,1219.7751011252403,390
2026-01-12,320.976,325.847,320.976,324.476,1874.4342042207718,390
2026-01-13,324.006,324.856,310.567,311.497,2674.182443499565,390
2026-01-14,307.847,311.557,306.106,307.897,2250.3480075597763,390
2026-01-15,308.226,312.837,307.726,309.437,1884.3849028348923,390
2026-01-16,309.497,317.036,309.496,312.396,1809.0687054991722,390
2026-01-20,305.616,311.037,301.696,302.616,2391.471598625183,390
2026-01-21,302.387,305.136,301.056,302.077,1936.6035031080246,390
2026-01-22,303.997,307.946,302.876,303.596,1839.6021047830582,390
2026-01-23,301.536,300.576,296.496,298.057,1851.0663000941277,390
2026-01-26,296.997,301.587,296.997,301.327,1775.003997683525,390
2026-01-27,300.227,301.626,298.036,300.297,1506.6752966046333,390
2026-01-28,299.196,301.636,297.996,300.926,1592.38349878788,390
2026-01-29,301.796,306.727,301.796,306.396,1667.6051997542381,390
2026-01-30,305.247,307.726,302.496,305.916,2224.2377936840057,390
2026-02-02,304.897,309.217,300.996,308.337,1550.7126002311707,390
2026-02-03,308.297,316.106,307.996,315.127,1896.0272974967957,390
2026-02-04,314.096,319.206,314.096,317.447,1634.414999961853,390
2026-02-05,314.797,315.237,305.006,310.387,1351.0952991843224,390
2026-02-06,313.886,324.156,313.747,322.486,1432.7784005999565,390
2026-02-09,320.316,326.337,319.996,322.497,1246.7042998075485,390
2026-02-10,322.147,326.007,315.006,318.427,1232.9558990597725,390
2026-02-11,322.097,324.697,308.656,311.026,1473.1145980358124,390
2026-02-12,311.497,313.156,300.006,302.826,1935.2949080467224,390
2026-02-13,299.404,304.097,296.516,302.396,1773.8394065499306,390
2026-02-17,302.256,307.787,302.256,307.086,1700.6990990638733,390
2026-02-18,307.047,311.747,307.047,309.117,1482.333002448082,390
2026-02-19,306.447,309.006,305.006,308.247,1509.3294001817703,390
2026-02-20,307.247,310.876,305.606,310.797,1638.7347030043602,390
2026-02-23,308.097,310.557,295.006,297.757,2143.430101752281,390
2026-02-24,295.437,299.467,291.226,297.377,1884.689401268959,390
2026-02-25,298.597,303.576,296.996,303.627,1481.7039021849632,390
2026-02-26,303.277,308.617,303.276,306.127,1612.8758980631828,390
2026-02-27,300.026,302.716,294.396,300.187,2111.328903913498,390
2026-03-02,294.567,299.846,292.996,297.447,1553.4933006763458,390
2026-03-03,290.276,302.317,288.996,300.496,2185.134902238846,390
2026-03-04,300.097,300.097,296.956,299.496,1534.2678024172783,390
2026-03-05,296.647,301.007,292.326,293.496,2312.321100100875,390
2026-03-06,285.496,289.746,283.306,289.777,2670.7911064624786,390
2026-03-09,284.616,290.536,280.396,290.067,2944.7009971141815,390
2026-03-10,289.046,292.606,287.056,288.836,2544.0401993989944,390
2026-03-11,288.727,290.257,284.777,287.407,2669.272497713566,390
2026-03-12,282.026,283.187,279.086,282.847,2347.5065989494324,390
2026-03-13,284.327,286.987,282.886,283.507,2225.008204162121,390
2026-03-16,286.166,289.076,284.586,286.177,2381.9570991396904,390
2026-03-17,287.946,291.537,285.936,286.937,1847.9030983448029,390
2026-03-18,286.067,289.185,285.006,287.816,1819.7877006530762,390
2026-03-19,286.396,289.377,284.546,288.037,2082.095402598381,390
2026-03-20,286.496,290.457,285.096,287.087,2246.662202835083,390
2026-03-23,294.586,294.286,289.717,290.196,1951.1210998296738,390
2026-03-24,286.586,295.217,284.996,292.402,1742.2776010036469,390
2026-03-25,293.846,297.216,291.906,295.566,2324.4366080760956,390
2026-03-26,292.377,294.737,290.676,291.807,1485.8201995491982,390
2026-03-27,289.476,288.836,281.716,283.036,2655.77850151062,390
2026-03-30,284.417,287.016,282.296,283.897,2932.2795008420944,390
2026-03-31,288.146,294.977,283.766,294.566,4036.484098672867,390
2026-04-01,295.096,298.337,292.496,295.407,2559.314696907997,390
2026-04-02,290.897,294.987,287.996,294.587,1199.2157973647118,390
2026-04-06,293.256,296.727,292.116,295.786,1396.0016991496086,390
2026-04-07,292.646,297.626,292.446,297.477,1066.5890971124172,390
2026-04-08,307.296,310.367,305.266,308.427,1390.896000020206,390
2026-04-09,306.976,311.157,305.306,310.597,1331.2008004188538,390
2026-04-10,308.997,310.236,305.956,309.986,1333.3148962259293,390
2026-04-13,306.067,313.266,305.396,313.537,1494.6444008350372,390
2026-04-14,309.287,313.967,308.346,311.277,1726.5599980950356,390
2026-04-15,313.426,312.406,304.256,306.006,1793.9222930669785,390
2026-04-16,305.147,309.776,305.146,309.835,1647.720900297165,390
2026-04-17,311.686,314.717,309.997,310.737,1356.3153007030487,390
2026-04-20,310.347,317.017,309.997,317.066,1523.0466029644012,390
2026-04-21,316.796,319.856,312.086,313.317,2040.6177012324333,390
2026-04-22,314.606,315.046,311.896,313.177,1227.8672984540462,390
2026-04-23,312.007,314.876,308.716,312.026,1472.1498018950224,390
2026-04-24,310.646,310.607,307.796,308.537,1267.2251995801926,390
2026-04-27,306.277,312.537,306.276,311.787,967.4099994972348,390
2026-04-28,314.676,315.067,311.116,311.697,993.0708005428314,390
2026-04-29,311.086,311.846,307.196,309.437,1108.9736972749233,390
2026-04-30,307.317,313.976,306.496,313.867,1023.2793004512787,390
2026-05-01,313.297,315.937,310.596,312.937,1178.7318003177643,390
2026-05-04,309.997,310.236,306.496,307.767,1368.8055025339127,390
2026-05-05,306.996,310.816,305.897,309.496,979.3593036457896,390
2026-05-06,310.916,316.167,310.916,315.037,1216.5821962356567,390
2026-05-07,313.956,315.936,305.996,306.537,1330.4205124676228,390
2026-05-08,307.646,308.597,300.406,302.146,1481.5326001048088,390
2026-05-11,302.016,302.987,298.816,299.84,1605.7781977802515,390
2026-05-12,299.756,305.886,295.096,305.066,1798.551598250866,390
2026-05-13,302.066,302.627,299.996,300.587,987.9137997627258,390
2026-05-14,302.206,303.416,298.396,300.117,1061.0487006902695,390
2026-05-15,299.946,299.817,296.366,297.936,1493.548256456852,390
2026-05-18,298.086,300.916,297.196,300.967,1460.9094005078077,390
2026-05-19,300.486,300.996,295.206,296.047,1576.1063995361328,390
2026-05-20,296.247,302.806,293.576,302.067,1518.7404035329819,390
2026-05-21,301.007,303.846,300.176,303.237,1218.1050016134977,390
2026-05-22,304.627,307.276,303.756,306.487,1097.8625980839133,390
2026-05-26,306.497,309.677,305.396,306.757,1233.0203986167908,390
2026-05-27,305.236,304.996,295.107,299.297,1693.4277024269104,390
2026-05-28,296.866,300.817,295.696,296.617,1711.4672992825508,390
2026-05-29,296.627,299.287,294.996,299.307,1584.0620991587639,390
2026-06-01,295.497,299.286,294.996,296.947,1445.2533022165298,390
2026-06-02,295.306,302.016,295.096,301.557,1426.6076984405518,390
2026-06-03,298.867,301.856,296.446,301.177,1313.4609016627073,390
2026-06-04,305.677,312.737,303.996,311.466,1719.5385038107634,390
2026-06-05,312.697,313.466,309.517,313.087,2004.3594059944153,390
2026-06-08,313.217,315.886,310.746,311.187,1510.5761978030205,390
2026-06-09,312.877,316.047,308.996,312.587,1811.017205297947,390
2026-06-10,312.267,314.406,308.996,309.827,1567.3853978514671,390
2026-06-11,309.996,314.577,308.836,313.897,2042.8605042696,390
2026-06-12,316.146,321.146,315.056,320.696,1885.6728038787842,390
2026-06-15,324.546,325.227,318.496,319.537,1795.828199148178,390
2026-06-16,323.726,331.636,322.986,331.127,2295.4809029102325,390
2026-06-17,330.847,337.516,329.997,333.707,3032.4768056869507,390
2026-06-18,335.186,337.516,323.366,324.996,2866.4865026474,390
2026-06-22,328.196,332.576,326.336,332.467,2620.3074058294296,390
2026-06-23,329.576,335.167,326.836,334.627,1697.0682001709938,390
2026-06-24,332.996,334.456,329.546,333.656,1771.2678017318249,390
2026-06-25,334.417,342.997,334.196,335.187,1734.130499124527,390
2026-06-26,335.506,335.937,327.496,329.047,2010.5087988376617,390
2026-06-29,326.996,332.307,326.996,330.007,1439.1663009226322,390
2026-06-30,328.796,330.187,325.996,327.332,1480.7055026888847,390
2026-07-01,327.757,335.517,324.996,334.147,1634.6702997088432,390
2026-07-02,337.227,335.496,331.496,333.696,1592.9942949414253,390
2026-07-06,334.946,339.276,333.516,337.857,1275.7817963659763,390
2026-07-07,340.616,341.116,336.987,339.097,1457.694297939539,390
2026-07-08,334.996,335.286,330.076,330.487,1996.96680021286,390
2026-07-09,331.447,336.867,330.506,335.476,1891.3596044182777,390
2026-07-10,335.247,338.056,335.247,336.405,1612.8768009394407,390
2026-07-13,337.476,337.187,332.426,335.316,1658.9480992555618,390
2026-07-14,326.177,344.536,325.966,343.022,1817.4953994750977,390
2026-07-15,346.046,350.837,343.796,347.007,1480.8750019669533,390
2026-07-16,348.276,346.507,340.996,343.207,1476.6995987594128,390
2026-07-17,336.206,345.976,334.996,341.697,1449.1226989328861,390
2026-07-20,341.586,343.796,337.296,338.917,1223.2574997097254,390
2026-07-21,338.997,345.597,336.996,345.127,1137.61170052737,390
2026-07-22,344.997,348.877,343.636,348.787,1179.669898353517,390
2026-07-23,347.116,349.776,344.997,349.797,1222.3211997747421,390
2026-07-24,349.867,353.267,346.607,353.146,1271.6795988678932,390
2026-07-27,356.697,358.736,352.546,356.337,1389.4562999606133,390
2026-07-28,357.266,358.026,353.347,357.547,1469.9756980836391,390
2026-07-29,355.997,357.097,343.796,345.427,1970.055004477501,390
2026-07-30,347.446,352.166,344.706,350.947,1496.2673967182636,390
2026-07-31,352.546,354.257,349.497,352.137,1427.4626997709274,390
2026-08-03,353.946,355.326,350.786,352.876,1477.202103048563,390
2026-08-04,354.606,362.757,353.996,358.077,1621.7121013402939,390
2026-08-05,357.997,361.807,357.996,359.677,1226.1278998851776,390
2026-08-06,362.337,361.446,354.806,356.377,1326.998400002718,390
2026-08-07,355.707,358.687,352.076,357.736,1038.5036985203624,390
2026-08-10,357.496,359.867,356.326,359.896,1575.2606985569,390
2026-08-11,359.896,363.036,358.496,362.047,1285.7559014558792,390
2026-08-12,362.017,365.966,361.196,365.547,1433.322898864746,390
2026-08-13,366.047,365.986,361.496,363.547,1521.2340023219585,390
2026-08-14,361.807,365.666,361.046,362.717,1321.500896692276,390
