date,open,high,low,close,volume
2008-01-02,1.4678000211715698,1.4759000539779663,1.4652999639511108,1.4732999801635742,110704.0
2008-01-03,1.473099946975708,1.4788000583648682,1.4693000316619873,1.4749000072479248,135924.0
2008-01-04,1.4747999906539917,1.4830000400543213,1.4700000286102295,1.4776999950408936,187828.0
2008-01-07,1.4759000539779663,1.476099967956543,1.465999960899353,1.469599962234497,107872.0
2008-01-08,1.4692000150680542,1.4753999710083008,1.4680999517440796,1.4709999561309814,101773.0
2008-01-09,1.4710999727249146,1.4742000102996826,1.4637999534606934,1.4661999940872192,131038.0
2008-01-10,1.4658000469207764,1.4812999963760376,1.4639999866485596,1.479099988937378,221810.0
2008-01-11,1.4803999662399292,1.4814000129699707,1.4757000207901,1.4780000448226929,130632.0
2008-01-14,1.4779000282287598,1.4908000230789185,1.4773999452590942,1.486799955368042,129807.0
2008-01-15,1.485700011253357,1.4916000366210938,1.479200005531311,1.482800006866455,189779.0
2008-01-16,1.4773999452590942,1.4852999448776245,1.4586999416351318,1.465399980545044,302395.0
2008-01-17,1.4645999670028687,1.4709999561309814,1.4580999612808228,1.4666999578475952,194283.0
2008-01-18,1.4634000062942505,1.4688999652862549,1.4595999717712402,1.4617999792099,156011.0
2008-01-22,1.4599000215530396,1.4638999700546265,1.4355000257492065,1.4594999551773071,413877.0
2008-01-23,1.4651999473571777,1.465399980545044,1.4485000371932983,1.4572999477386475,231322.0
2008-01-24,1.461400032043457,1.4763000011444092,1.4571000337600708,1.4740999937057495,206831.0
2008-01-25,1.4738999605178833,1.4759999513626099,1.4642000198364258,1.4657000303268433,164776.0
2008-01-28,1.4667999744415283,1.4780999422073364,1.4643000364303589,1.4759999513626099,120652.0
2008-01-29,1.4772000312805176,1.4775999784469604,1.4718999862670898,1.4759999513626099,107022.0
2008-01-30,1.4753999710083008,1.4889999628067017,1.4737999439239502,1.4879000186920166,143607.0
2008-01-31,1.4837000370025635,1.4895999431610107,1.4782999753952026,1.4859000444412231,167648.0
2008-02-01,1.4830000400543213,1.4946000576019287,1.4767999649047852,1.4788000583648682,216503.0
2008-02-04,1.4782999753952026,1.483299970626831,1.4776999950408936,1.4809999465942383,103979.0
2008-02-05,1.481600046157837,1.4816999435424805,1.4607000350952148,1.4635000228881836,209752.0
2008-02-06,1.4630999565124512,1.4656000137329102,1.4574999809265137,1.4611999988555908,142182.0
2008-02-07,1.460800051689148,1.4637999534606934,1.4423999786376953,1.4444999694824219,241908.0
2008-02-08,1.447700023651123,1.4534000158309937,1.443600058555603,1.4492000341415405,114884.0
2008-02-11,1.4505000114440918,1.4563000202178955,1.4465999603271484,1.4500999450683594,124316.0
2008-02-12,1.4505000114440918,1.4602999687194824,1.4483000040054321,1.457900047302246,162640.0
2008-02-13,1.4565000534057617,1.4586999416351318,1.451799988746643,1.4564000368118286,115724.0
2008-02-14,1.4562000036239624,1.4637000560760498,1.4537999629974365,1.4621000289916992,164287.0
2008-02-15,1.4630000591278076,1.4697999954223633,1.4620000123977661,1.4657000303268433,121762.0
2008-02-19,1.4668999910354614,1.4746999740600586,1.4600000381469727,1.4722000360488892,200508.0
2008-02-20,1.4716999530792236,1.4722000360488892,1.4603999853134155,1.4707000255584717,184230.0
2008-02-21,1.4707000255584717,1.4830000400543213,1.4694000482559204,1.4809000492095947,182821.0
2008-02-22,1.4810999631881714,1.4854999780654907,1.4780999422073364,1.4816999435424805,131394.0
2008-02-25,1.4824999570846558,1.4837000370025635,1.478700041770935,1.4815000295639038,102093.0
2008-02-26,1.482100009918213,1.4977999925613403,1.4771000146865845,1.4960999488830566,200818.0
2008-02-27,1.4989999532699585,1.513700008392334,1.497499942779541,1.5111000537872314,238082.0
2008-02-28,1.511299967765808,1.5223000049591064,1.506700038909912,1.520799994468689,168931.0
2008-02-29,1.5185999870300293,1.5233999490737915,1.513800024986267,1.5184999704360962,178908.0
2008-03-03,1.5183000564575195,1.5271999835968018,1.5151000022888184,1.5188000202178955,199910.0
2008-03-04,1.5196000337600708,1.5246000289916992,1.516800045967102,1.5202000141143799,168295.0
2008-03-05,1.5198999643325806,1.5298999547958374,1.5140000581741333,1.5259000062942505,220616.0
2008-03-06,1.5270999670028687,1.5390000343322754,1.5262999534606934,1.5361000299453735,221492.0
2008-03-07,1.5388000011444092,1.5460000038146973,1.531000018119812,1.534600019454956,237966.0
2008-03-10,1.5351999998092651,1.5401999950408936,1.531000018119812,1.5347000360488892,170115.0
2008-03-11,1.534600019454956,1.549299955368042,1.527999997138977,1.5313999652862549,294169.0
2008-03-12,1.5336999893188477,1.5569000244140625,1.5332000255584717,1.5520999431610107,250642.0
2008-03-13,1.5562000274658203,1.5642999410629272,1.5520999431610107,1.558500051498413,139706.0
2008-03-14,1.562399983406067,1.5687999725341797,1.5532000064849854,1.566499948501587,64492.0
2008-03-17,1.566499948501587,1.590399980545044,1.566499948501587,1.5755000114440918,250130.0
2008-03-18,1.565500020980835,1.575700044631958,1.5541000366210938,1.5636999607086182,251839.0
2008-03-19,1.5547000169754028,1.5715999603271484,1.5513999462127686,1.5543999671936035,246508.0
2008-03-20,1.5571000576019287,1.557800054550171,1.5329999923706055,1.5361000299453735,212770.0
2008-03-24,1.5347000360488892,1.5388000011444092,1.5273000001907349,1.535099983215332,96880.0
2008-03-25,1.5367000102996826,1.559399962425232,1.534000039100647,1.5529999732971191,160322.0
2008-03-26,1.5569000244140625,1.579699993133545,1.5520999431610107,1.5753999948501587,207089.0
2008-03-27,1.5779999494552612,1.5787999629974365,1.5666999816894531,1.5720000267028809,182881.0
2008-03-28,1.5722999572753906,1.5782999992370605,1.56850004196167,1.5702999830245972,148124.0
2008-03-31,1.5742000341415405,1.5843000411987305,1.5705000162124634,1.5729000568389893,184774.0
2008-04-01,1.5709999799728394,1.573199987411499,1.5509999990463257,1.554800033569336,220910.0
2008-04-02,1.5569000244140625,1.565000057220459,1.548200011253357,1.5609999895095825,196644.0
2008-04-03,1.5637999773025513,1.5637999773025513,1.5461000204086304,1.5628000497817993,222417.0
2008-04-04,1.5631999969482422,1.572700023651123,1.558899998664856,1.567199945449829,160552.0
2008-04-07,1.5680999755859375,1.569200038909912,1.5577000379562378,1.566100001335144,122834.0
2008-04-08,1.565600037574768,1.5751999616622925,1.562399983406067,1.5672999620437622,128837.0
2008-04-09,1.5658999681472778,1.5816999673843384,1.5634000301361084,1.5777000188827515,162537.0
2008-04-10,1.5785000324249268,1.5866999626159668,1.5677000284194946,1.569700002670288,220286.0
2008-04-11,1.5698000192642212,1.580899953842163,1.569000005722046,1.5786000490188599,171039.0
2008-04-14,1.5637999773025513,1.5839999914169312,1.562000036239624,1.5759999752044678,183899.0
2008-04-15,1.579200029373169,1.5829999446868896,1.5706000328063965,1.5743999481201172,173721.0
2008-04-16,1.5743999481201172,1.593999981880188,1.5714999437332153,1.5913000106811523,203898.0
2008-04-17,1.5906000137329102,1.594599962234497,1.5807000398635864,1.5849000215530396,220529.0
2008-04-18,1.5859999656677246,1.5921000242233276,1.5674999952316284,1.57669997215271,299015.0
2008-04-21,1.5771000385284424,1.5914000272750854,1.575700044631958,1.5881999731063843,177273.0
2008-04-22,1.5875999927520752,1.5985000133514404,1.5801000595092773,1.5964000225067139,273206.0
2008-04-23,1.5961999893188477,1.5964000225067139,1.5825999975204468,1.5858999490737915,212089.0
2008-04-24,1.5851999521255493,1.585800051689148,1.5604000091552734,1.5650999546051025,341366.0
2008-04-25,1.5647000074386597,1.5674999952316284,1.5521999597549438,1.5562000274658203,233861.0
2008-04-28,1.5573999881744385,1.5663000345230103,1.5561000108718872,1.5612000226974487,169914.0
2008-04-29,1.5625,1.562999963760376,1.5508999824523926,1.5530999898910522,209822.0
2008-04-30,1.5535999536514282,1.5615999698638916,1.5484999418258667,1.5608999729156494,282480.0
2008-05-01,1.5592999458312988,1.5614999532699585,1.5400999784469604,1.5429999828338623,216167.0
2008-05-02,1.5441999435424805,1.5469000339508057,1.5328999757766724,1.538599967956543,268016.0
2008-05-05,1.5401999950408936,1.5490000247955322,1.5392999649047852,1.5468000173568726,137146.0
2008-05-06,1.5470999479293823,1.5566999912261963,1.542199969291687,1.5499999523162842,196868.0
2008-05-07,1.5501999855041504,1.5509999990463257,1.5336999893188477,1.5370999574661255,226968.0
2008-05-08,1.5367000102996826,1.5414999723434448,1.5255000591278076,1.537500023841858,289995.0
2008-05-09,1.537500023841858,1.5463000535964966,1.5367000102996826,1.545199990272522,179763.0
2008-05-12,1.5440000295639038,1.5547000169754028,1.534000039100647,1.551200032234192,208153.0
2008-05-13,1.551800012588501,1.5542000532150269,1.5405000448226929,1.5454000234603882,233436.0
2008-05-14,1.544700026512146,1.5463000535964966,1.5372999906539917,1.5434000492095947,195111.0
2008-05-15,1.5456000566482544,1.5525000095367432,1.5396000146865845,1.5429999828338623,228130.0
2008-05-16,1.5422999858856201,1.5579999685287476,1.5414999723434448,1.555799961090088,257162.0
2008-05-19,1.5562000274658203,1.5612000226974487,1.5463000535964966,1.5489000082015991,191356.0
2008-05-20,1.5496000051498413,1.5666999816894531,1.548200011253357,1.5645999908447266,238387.0
2008-05-21,1.563099980354309,1.5774999856948853,1.5609999895095825,1.5758999586105347,217125.0
2008-05-22,1.5774999856948853,1.5795999765396118,1.5674999952316284,1.5680999755859375,183729.0
2008-05-23,1.5708999633789062,1.5778000354766846,1.5678000450134277,1.577299952507019,183729.0
2008-05-27,1.5753999948501587,1.580399990081787,1.56659996509552,1.5686999559402466,228545.0
2008-05-28,1.5662000179290771,1.5746999979019165,1.559499979019165,1.562000036239624,226447.0
2008-05-29,1.563599944114685,1.5652999877929688,1.5473999977111816,1.5497000217437744,244373.0
2008-05-30,1.5504000186920166,1.555899977684021,1.5449999570846558,1.5546000003814697,186392.0
2008-06-02,1.5546000003814697,1.5579999685287476,1.5476000308990479,1.5532000064849854,182921.0
2008-06-03,1.5528000593185425,1.562000036239624,1.5399999618530273,1.545699954032898,366033.0
2008-06-04,1.5424000024795532,1.5475000143051147,1.5410000085830688,1.5433000326156616,208893.0
2008-06-05,1.5420000553131104,1.559499979019165,1.5356999635696411,1.5583000183105469,349062.0
2008-06-06,1.557800054550171,1.5772000551223755,1.5565999746322632,1.5758999586105347,249458.0
2008-06-09,1.5778000354766846,1.583899974822998,1.5607000589370728,1.5645999908447266,314873.0
2008-06-10,1.5636999607086182,1.565000057220459,1.5434999465942383,1.5442999601364136,317538.0
2008-06-11,1.545199990272522,1.5583000183105469,1.5448999404907227,1.55649995803833,237241.0
2008-06-12,1.555400013923645,1.55649995803833,1.5377999544143677,1.5419000387191772,176572.0
2008-06-13,1.544700026512146,1.54830002784729,1.5299999713897705,1.534999966621399,70151.0
2008-06-16,1.5405000448226929,1.551800012588501,1.5343999862670898,1.5467000007629395,188675.0
2008-06-17,1.5401999950408936,1.5484999418258667,1.5393999814987183,1.5444999933242798,195102.0
2008-06-18,1.5440000295639038,1.5471999645233154,1.5393999814987183,1.545799970626831,166387.0
2008-06-19,1.5464999675750732,1.5520000457763672,1.5398000478744507,1.5427000522613525,185002.0
2008-06-20,1.5435999631881714,1.558500051498413,1.5424000024795532,1.5556999444961548,209696.0
2008-06-23,1.5542000532150269,1.5570000410079956,1.5400999784469604,1.5455000400543213,207678.0
2008-06-24,1.545199990272522,1.555799961090088,1.5426000356674194,1.5511000156402588,185131.0
2008-06-25,1.5507999658584595,1.562399983406067,1.5471999645233154,1.5602999925613403,206446.0
2008-06-26,1.5595999956130981,1.5706000328063965,1.5568000078201294,1.569599986076355,213281.0
2008-06-27,1.5693000555038452,1.5734000205993652,1.5657999515533447,1.5712000131607056,169171.0
2008-06-30,1.5722999572753906,1.5776000022888184,1.5670000314712524,1.5712000131607056,186691.0
2008-07-01,1.5693999528884888,1.576799988746643,1.5663000345230103,1.5729999542236328,205890.0
2008-07-02,1.5735000371932983,1.583299994468689,1.5717999935150146,1.582800030708313,206111.0
2008-07-03,1.583400011062622,1.5852999687194824,1.5625,1.5638999938964844,307800.0
2008-07-07,1.565000057220459,1.5698000192642212,1.5555000305175781,1.5672999620437622,251828.0
2008-07-08,1.5669000148773193,1.568600058555603,1.5579999685287476,1.5600999593734741,183596.0
2008-07-09,1.5614999532699585,1.5694999694824219,1.5595999956130981,1.5688999891281128,156366.0
2008-07-10,1.568600058555603,1.5749000310897827,1.5637999773025513,1.5728000402450562,179281.0
2008-07-11,1.5733000040054321,1.5895999670028687,1.5712000131607056,1.5836000442504883,253117.0
2008-07-14,1.5891000032424927,1.593999981880188,1.5789999961853027,1.586300015449524,188740.0
2008-07-15,1.5852999687194824,1.5987999439239502,1.5814000368118286,1.5822999477386475,276838.0
2008-07-16,1.5860999822616577,1.5898000001907349,1.5748000144958496,1.5758999586105347,212972.0
2008-07-17,1.5771000385284424,1.5845999717712402,1.5735000371932983,1.5770000219345093,223062.0
2008-07-18,1.5810999870300293,1.5841000080108643,1.5759999752044678,1.5795999765396118,151468.0
2008-07-21,1.5794999599456787,1.5885000228881836,1.5782999992370605,1.5846999883651733,133607.0
2008-07-22,1.5878000259399414,1.5901000499725342,1.5712000131607056,1.5740000009536743,240160.0
2008-07-23,1.5743999481201172,1.5753999948501587,1.562600016593933,1.5633000135421753,233124.0
2008-07-24,1.5641000270843506,1.567199945449829,1.558500051498413,1.5615999698638916,201891.0
2008-07-25,1.5637999773025513,1.5714000463485718,1.5621999502182007,1.5652999877929688,184428.0
2008-07-28,1.566499948501587,1.5729000568389893,1.5643999576568604,1.5714000463485718,140262.0
2008-07-29,1.570099949836731,1.5720000267028809,1.5516999959945679,1.5547000169754028,252951.0
2008-07-30,1.554900050163269,1.5578999519348145,1.5484999418258667,1.5533000230789185,210481.0
2008-07-31,1.5542000532150269,1.566499948501587,1.5534000396728516,1.5556999444961548,258246.0
2008-08-01,1.556399941444397,1.55649995803833,1.5477999448776245,1.551200032234192,222596.0
2008-08-04,1.5528000593185425,1.5598000288009644,1.551900029182434,1.555400013923645,147601.0
2008-08-05,1.5539000034332275,1.5543999671936035,1.5410000085830688,1.5439000129699707,210988.0
2008-08-06,1.5420000553131104,1.5485999584197998,1.5365999937057495,1.5384000539779663,177451.0
2008-08-07,1.538100004196167,1.5473999977111816,1.527999997138977,1.5293999910354614,288345.0
2008-08-08,1.5298000574111938,1.5306999683380127,1.4967999458312988,1.4982000589370728,392019.0
2008-08-11,1.499400019645691,1.5056999921798706,1.4852999448776245,1.4901000261306763,274819.0
2008-08-12,1.4873000383377075,1.4938000440597534,1.4785000085830688,1.488800048828125,257689.0
2008-08-13,1.488700032234192,1.4954999685287476,1.4816999435424805,1.4907000064849854,284914.0
2008-08-14,1.4900000095367432,1.492900013923645,1.4752000570297241,1.4788000583648682,261626.0
2008-08-15,1.4780999422073364,1.4782999753952026,1.4636000394821167,1.465499997138977,242567.0
2008-08-18,1.4658000469207764,1.4746999740600586,1.4622000455856323,1.4674999713897705,178093.0
2008-08-19,1.465399980545044,1.4773000478744507,1.4608999490737915,1.4744999408721924,245333.0
2008-08-20,1.4765000343322754,1.478600025177002,1.4651000499725342,1.4717999696731567,216892.0
2008-08-21,1.472499966621399,1.4884999990463257,1.4714000225067139,1.485700011253357,243083.0
2008-08-22,1.4876999855041504,1.4886000156402588,1.4739999771118164,1.4758000373840332,195256.0
2008-08-25,1.4767999649047852,1.479200005531311,1.468000054359436,1.4740999937057495,140897.0
2008-08-26,1.4737999439239502,1.4744999408721924,1.4556000232696533,1.4634000062942505,272695.0
2008-08-27,1.4630999565124512,1.4764000177383423,1.4617999792099,1.469499945640564,245246.0
2008-08-28,1.4701999425888062,1.4800000190734863,1.465999960899353,1.4688999652862549,289381.0
2008-08-29,1.468500018119812,1.475600004196167,1.4629000425338745,1.4630999565124512,191958.0
2008-09-02,1.468000054359436,1.4711999893188477,1.4456000328063965,1.4503999948501587,342906.0
2008-09-03,1.450700044631958,1.4523999691009521,1.437399983406067,1.448099970817566,278542.0
2008-09-04,1.448799967765808,1.4537999629974365,1.430799961090088,1.4316999912261963,401818.0
2008-09-05,1.4254000186920166,1.4342000484466553,1.4189000129699707,1.4235999584197998,376641.0
2008-09-08,1.4313000440597534,1.4423999786376953,1.4048000574111938,1.410099983215332,387157.0
2008-09-09,1.4115999937057495,1.4220999479293823,1.4041999578475952,1.4163999557495117,338307.0
2008-09-10,1.4104000329971313,1.4177000522613525,1.3986999988555908,1.402999997138977,291196.0
2008-09-11,1.3964999914169312,1.3997999429702759,1.3880000114440918,1.394700050354004,237325.0
2008-09-12,1.401900053024292,1.4235999584197998,1.3971999883651733,1.4213999509811401,78639.0
2008-09-15,1.4293999671936035,1.4483000040054321,1.4088000059127808,1.4221999645233154,357160.0
2008-09-16,1.4211000204086304,1.4227999448776245,1.4010000228881836,1.4108999967575073,233549.0
2008-09-17,1.405500054359436,1.438099980354309,1.4041999578475952,1.4371000528335571,236995.0
2008-09-18,1.4323999881744385,1.454200029373169,1.4275000095367432,1.438099980354309,245999.0
2008-09-19,1.4329999685287476,1.4470000267028809,1.412600040435791,1.4443000555038452,208009.0
2008-09-22,1.4462000131607056,1.4845999479293823,1.441499948501587,1.4780000448226929,252973.0
2008-09-23,1.4772000312805176,1.4807000160217285,1.4609999656677246,1.4701999425888062,209570.0
2008-09-24,1.4657000303268433,1.4738999605178833,1.4608999490737915,1.465499997138977,156045.0
2008-09-25,1.4616999626159668,1.4765000343322754,1.4560999870300293,1.4621000289916992,195011.0
2008-09-26,1.4615999460220337,1.4675999879837036,1.455199956893921,1.4622999429702759,175156.0
2008-09-29,1.4634000062942505,1.4637999534606934,1.4313000440597534,1.448799967765808,233554.0
2008-09-30,1.4438999891281128,1.4465999603271484,1.406000018119812,1.4134000539779663,222463.0
2008-10-01,1.4155000448226929,1.4211000204086304,1.3995000123977661,1.408400058746338,184138.0
2008-10-02,1.402899980545044,1.4046000242233276,1.3752000331878662,1.3832999467849731,213914.0
2008-10-03,1.3813999891281128,1.3913999795913696,1.3690999746322632,1.3828999996185303,227476.0
2008-10-06,1.3641999959945679,1.3697999715805054,1.3447999954223633,1.3460999727249146,198936.0
2008-10-07,1.3499000072479248,1.374899983406067,1.3481999635696411,1.3652000427246094,191185.0
2008-10-08,1.3624999523162842,1.3802000284194946,1.3551000356674194,1.3717999458312988,215603.0
2008-10-09,1.3675999641418457,1.3834999799728394,1.3615000247955322,1.36899995803833,134512.0
2008-10-10,1.361899971961975,1.3691999912261963,1.3279999494552612,1.3487000465393066,186793.0
2008-10-13,1.3597999811172485,1.3700000047683716,1.347599983215332,1.3526999950408936,128496.0
2008-10-14,1.3602999448776245,1.377500057220459,1.3598999977111816,1.3654999732971191,171578.0
2008-10-15,1.3625999689102173,1.3690999746322632,1.347499966621399,1.351099967956543,174289.0
2008-10-16,1.346500039100647,1.3532999753952026,1.3341000080108643,1.3425999879837036,188077.0
2008-10-17,1.347000002861023,1.351199984550476,1.3379000425338745,1.3420000076293945,144790.0
2008-10-20,1.3396999835968018,1.3509999513626099,1.3270000219345093,1.3305000066757202,164161.0
2008-10-21,1.3319000005722046,1.3339999914169312,1.3030999898910522,1.311400055885315,179659.0
2008-10-22,1.3037999868392944,1.305799961090088,1.2725000381469727,1.2853000164031982,212007.0
2008-10-23,1.2818000316619873,1.2929999828338623,1.2717000246047974,1.2833000421524048,226774.0
2008-10-24,1.294600009918213,1.2960000038146973,1.2479000091552734,1.2604000568389893,246407.0
2008-10-27,1.2590999603271484,1.2680000066757202,1.232699990272522,1.2520999908447266,191590.0
2008-10-28,1.2467999458312988,1.2734999656677246,1.2325999736785889,1.259600043296814,206126.0
2008-10-29,1.2777999639511108,1.2977999448776245,1.2615000009536743,1.2834999561309814,254798.0
2008-10-30,1.294600009918213,1.3277000188827515,1.2790000438690186,1.2950999736785889,252762.0
2008-10-31,1.285599946975708,1.2884000539779663,1.2653000354766846,1.2740999460220337,242201.0
2008-11-03,1.2711999416351318,1.2879999876022339,1.257699966430664,1.2609000205993652,176746.0
2008-11-04,1.2568999528884888,1.302899956703186,1.2506999969482422,1.2930999994277954,223800.0
2008-11-05,1.2972999811172485,1.3095999956130981,1.2770999670028687,1.2971999645233154,230397.0
2008-11-06,1.2913000583648682,1.2935999631881714,1.2657999992370605,1.2716000080108643,217237.0
2008-11-07,1.2663999795913696,1.2832000255584717,1.2633999586105347,1.2728999853134155,151762.0
2008-11-10,1.277400016784668,1.2905999422073364,1.2691999673843384,1.2740000486373901,143246.0
2008-11-11,1.2728999853134155,1.277899980545044,1.2482999563217163,1.2532000541687012,165525.0
2008-11-12,1.2493000030517578,1.2610000371932983,1.2446000576019287,1.248900055885315,184654.0
2008-11-13,1.243899941444397,1.2848000526428223,1.2372000217437744,1.2675000429153442,250042.0
2008-11-14,1.277400016784668,1.281499981880188,1.256100058555603,1.2777999639511108,181184.0
2008-11-17,1.2542999982833862,1.2727999687194824,1.2496000528335571,1.2662999629974365,153544.0
2008-11-18,1.2615000009536743,1.2687000036239624,1.2551000118255615,1.2562999725341797,141876.0
2008-11-19,1.2619999647140503,1.2799999713897705,1.246999979019165,1.2588000297546387,218814.0
2008-11-20,1.2486000061035156,1.2584999799728394,1.2417000532150269,1.25,192343.0
2008-11-21,1.2441999912261963,1.2630000114440918,1.2415000200271606,1.2496000528335571,220061.0
2008-11-24,1.2585999965667725,1.2969000339508057,1.2558000087738037,1.2869999408721924,207295.0
2008-11-25,1.2944999933242798,1.3077000379562378,1.2798000574111938,1.301800012588501,243274.0
2008-11-26,1.3056000471115112,1.3056000471115112,1.2811000347137451,1.2874000072479248,142591.0
2008-11-28,1.2872999906539917,1.2963000535964966,1.2639000415802002,1.2699999809265137,138481.0
2008-12-01,1.2706999778747559,1.2716000080108643,1.257699966430664,1.266800045967102,138939.0
2008-12-02,1.2613999843597412,1.2762000560760498,1.2556999921798706,1.2696000337600708,159566.0
2008-12-03,1.2720999717712402,1.273900032043457,1.2596999406814575,1.2649999856948853,144003.0
2008-12-04,1.270799994468689,1.284500002861023,1.2546000480651855,1.2789000272750854,217524.0
2008-12-05,1.2768000364303589,1.2797000408172607,1.2619999647140503,1.2688000202178955,194321.0
2008-12-08,1.2719999551773071,1.2973999977111816,1.270900011062622,1.2949999570846558,158119.0
2008-12-09,1.2934999465942383,1.2999000549316406,1.2792999744415283,1.2918000221252441,179421.0
2008-12-10,1.2922999858856201,1.3070000410079956,1.2898999452590942,1.3009999990463257,181234.0
2008-12-11,1.301800012588501,1.340499997138977,1.2998000383377075,1.3314000368118286,160804.0
2008-12-12,1.333899974822998,1.3415000438690186,1.3249000310897827,1.3371000289916992,50800.0
2008-12-15,1.3370000123977661,1.3631999492645264,1.3365999460220337,1.3631999492645264,147105.0
2008-12-16,1.3667000532150269,1.4114999771118164,1.3600000143051147,1.3944000005722046,172840.0
2008-12-17,1.4009000062942505,1.4402999877929688,1.3973000049591064,1.4313000440597534,237260.0
2008-12-18,1.4371999502182007,1.4687000513076782,1.4144999980926514,1.4283000230789185,272267.0
2008-12-19,1.4229999780654907,1.4284000396728516,1.378999948501587,1.3853000402450562,177596.0
2008-12-22,1.3875999450683594,1.4092999696731567,1.3870999813079834,1.3926000595092773,101719.0
2008-12-23,1.391800045967102,1.3992999792099,1.38919997215271,1.3941999673843384,58426.0
2008-12-24,1.3903000354766846,1.3995000123977661,1.3894000053405762,1.3944000005722046,19047.0
2008-12-26,1.4026000499725342,1.4098000526428223,1.3992999792099,1.404099941253662,13784.0
2008-12-29,1.4038000106811523,1.43340003490448,1.3884999752044678,1.406000018119812,102219.0
2008-12-30,1.3916000127792358,1.419100046157837,1.3907999992370605,1.405400037765503,73444.0
2008-12-31,1.4072999954223633,1.4115999937057495,1.381700038909912,1.3920999765396118,70347.0
2009-01-02,1.3899999856948853,1.3955999612808228,1.3803999423980713,1.3823000192642212,58352.0
2009-01-05,1.3874000310897827,1.3932000398635864,1.3513000011444092,1.357300043106079,145522.0
2009-01-06,1.3602999448776245,1.3628000020980835,1.3282999992370605,1.3492000102996826,176125.0
2009-01-07,1.3473999500274658,1.3717000484466553,1.3401000499725342,1.358299970626831,181928.0
2009-01-08,1.3622000217437744,1.3769999742507935,1.350100040435791,1.3694000244140625,181707.0
2009-01-09,1.3671000003814697,1.3722000122070312,1.337499976158142,1.340000033378601,177887.0
2009-01-12,1.3420000076293945,1.3450000286102295,1.325600028038025,1.3365000486373901,139791.0
2009-01-13,1.3331999778747559,1.3342000246047974,1.3112000226974487,1.315000057220459,168607.0
2009-01-14,1.315500020980835,1.330899953842163,1.306399941444397,1.3136999607086182,178898.0
2009-01-15,1.3140000104904175,1.3222999572753906,1.2999000549316406,1.3138999938964844,239360.0
2009-01-16,1.311400055885315,1.3322999477386475,1.3112000226974487,1.3215999603271484,152386.0
2009-01-20,1.3320000171661377,1.336400032043457,1.2836999893188477,1.2874000072479248,246766.0
2009-01-21,1.284500002861023,1.3079999685287476,1.2811000347137451,1.2933000326156616,196081.0
2009-01-22,1.3050999641418457,1.3073999881744385,1.2896000146865845,1.3007999658584595,182974.0
2009-01-23,1.3006000518798828,1.3025000095367432,1.2755000591278076,1.2967000007629395,195880.0
2009-01-26,1.2968000173568726,1.319700002670288,1.2851999998092651,1.3125,179281.0
2009-01-27,1.3193999528884888,1.3319000005722046,1.3105000257492065,1.3166999816894531,181065.0
2009-01-28,1.3169000148773193,1.3321000337600708,1.308899998664856,1.312600016593933,198687.0
2009-01-29,1.3140000104904175,1.3170000314712524,1.292099952697754,1.295300006866455,188759.0
2009-01-30,1.2930999994277954,1.2934000492095947,1.2759000062942505,1.27839994430542,198516.0
2009-02-02,1.2768000364303589,1.2893999814987183,1.2697999477386475,1.282099962234497,143389.0
2009-02-03,1.2813999652862549,1.3049999475479126,1.2793999910354614,1.2999999523162842,197603.0
2009-02-04,1.301300048828125,1.3063000440597534,1.280400037765503,1.2847000360488892,198176.0
2009-02-05,1.2829999923706055,1.2898000478744507,1.2753000259399414,1.2786999940872192,199381.0
2009-02-06,1.2777999639511108,1.298799991607666,1.273800015449524,1.2934999465942383,211288.0
2009-02-09,1.295799970626831,1.3086999654769897,1.2867000102996826,1.3016999959945679,172326.0
2009-02-10,1.2994999885559082,1.3069000244140625,1.2802000045776367,1.2858999967575073,269096.0
2009-02-11,1.2901999950408936,1.2992000579833984,1.2826999425888062,1.2898999452590942,201606.0
2009-02-12,1.2883000373840332,1.2939000129699707,1.271399974822998,1.2769999504089355,244619.0
2009-02-13,1.2888000011444092,1.2937999963760376,1.281599998474121,1.2874000072479248,155566.0
2009-02-17,1.2789000272750854,1.282099962234497,1.2558000087738037,1.2613999843597412,257560.0
2009-02-18,1.257699966430664,1.263800024986267,1.2508000135421753,1.2548999786376953,188977.0
2009-02-19,1.2545000314712524,1.2756999731063843,1.2533999681472778,1.2681000232696533,193633.0
2009-02-20,1.2680000066757202,1.288100004196167,1.2552000284194946,1.2835999727249146,258496.0
2009-02-23,1.2813999652862549,1.2989000082015991,1.2685999870300293,1.2711000442504883,210858.0
2009-02-24,1.270400047302246,1.2874000072479248,1.2657999992370605,1.2848999500274658,195664.0
2009-02-25,1.2863999605178833,1.2879999876022339,1.2685999870300293,1.270900011062622,195418.0
2009-02-26,1.2718000411987305,1.281000018119812,1.267899990081787,1.2747000455856323,154665.0
2009-02-27,1.2732000350952148,1.2747999429702759,1.26010000705719,1.2696000337600708,230229.0
2009-03-02,1.2615000009536743,1.263100028038025,1.2542999982833862,1.2569999694824219,149586.0
2009-03-03,1.25600004196167,1.267799973487854,1.2519999742507935,1.2589000463485718,182315.0
2009-03-04,1.25409996509552,1.2666000127792358,1.2455999851226807,1.26419997215271,184404.0
2009-03-05,1.2647000551223755,1.2654999494552612,1.246000051498413,1.2542999982833862,198361.0
2009-03-06,1.2541999816894531,1.2755000591278076,1.253600001335144,1.2661000490188599,227278.0
2009-03-09,1.2663999795913696,1.2726999521255493,1.2554999589920044,1.2628999948501587,185974.0
2009-03-10,1.2604999542236328,1.2822999954223633,1.257599949836731,1.263700008392334,246176.0
2009-03-11,1.2680000066757202,1.2864999771118164,1.2615000009536743,1.2803000211715698,169049.0
2009-03-12,1.284500002861023,1.2943999767303467,1.2731000185012817,1.2862000465393066,131130.0
2009-03-13,1.2905000448226929,1.295799970626831,1.2861000299453735,1.2898999452590942,38109.0
2009-03-16,1.2896000146865845,1.3068000078201294,1.2834999561309814,1.3005000352859497,189692.0
2009-03-17,1.2976000308990479,1.3036999702453613,1.2933000326156616,1.3006999492645264,151357.0
2009-03-18,1.3015999794006348,1.3496999740600586,1.298799991607666,1.3418999910354614,235841.0
2009-03-19,1.3507000207901,1.3737000226974487,1.3415000438690186,1.3660000562667847,234357.0
2009-03-20,1.3667000532150269,1.372499942779541,1.3515000343322754,1.3552000522613525,186144.0
2009-03-23,1.3636000156402588,1.3736000061035156,1.3485000133514404,1.3630000352859497,163781.0
2009-03-24,1.3622000217437744,1.367799997329712,1.3430999517440796,1.3518999814987183,211635.0
2009-03-25,1.3472000360488892,1.3654999732971191,1.3417999744415283,1.356600046157837,246557.0
2009-03-26,1.358199954032898,1.3641999959945679,1.3493000268936157,1.3514000177383423,169577.0
2009-03-27,1.3523000478744507,1.3593000173568726,1.325700044631958,1.3305000066757202,187552.0
2009-03-30,1.3229999542236328,1.3287999629974365,1.311400055885315,1.3164000511169434,165389.0
2009-03-31,1.3203999996185303,1.3344999551773071,1.3174999952316284,1.3282999992370605,155128.0
2009-04-01,1.3246999979019165,1.3288999795913696,1.3166999816894531,1.3234000205993652,141021.0
2009-04-02,1.3234000205993652,1.3518999814987183,1.3233000040054321,1.3443000316619873,224122.0
2009-04-03,1.346500039100647,1.3495999574661255,1.336300015449524,1.3487999439239502,156470.0
2009-04-06,1.3514000177383423,1.358199954032898,1.3356000185012817,1.3396999835968018,145754.0
2009-04-07,1.3402999639511108,1.3407000303268433,1.3222999572753906,1.3251999616622925,143371.0
2009-04-08,1.3264000415802002,1.3306000232696533,1.3145999908447266,1.3229999542236328,143118.0
2009-04-09,1.3260999917984009,1.3335000276565552,1.3121000528335571,1.3142999410629272,155503.0
2009-04-13,1.3183000087738037,1.3389999866485596,1.3122999668121338,1.3355000019073486,78937.0
2009-04-14,1.3359999656677246,1.3377000093460083,1.322100043296814,1.3285000324249268,134494.0
2009-04-15,1.325600028038025,1.329200029373169,1.3141000270843506,1.3183000087738037,155269.0
2009-04-16,1.3208999633789062,1.3265000581741333,1.312000036239624,1.316499948501587,146029.0
2009-04-17,1.3172999620437622,1.319200038909912,1.3009999990463257,1.3020000457763672,124107.0
2009-04-20,1.3042999505996704,1.3042999505996704,1.2882000207901,1.291700005531311,142470.0
2009-04-21,1.2918000221252441,1.2989000082015991,1.2889000177383423,1.2924000024795532,128320.0
2009-04-22,1.2939000129699707,1.3032000064849854,1.2877999544143677,1.301300048828125,165660.0
2009-04-23,1.299399971961975,1.3157000541687012,1.2973999977111816,1.3108999729156494,137689.0
2009-04-24,1.312999963760376,1.329699993133545,1.3107000589370728,1.3243000507354736,162042.0
2009-04-27,1.3240000009536743,1.3241000175476074,1.299399971961975,1.301800012588501,153518.0
2009-04-28,1.301800012588501,1.316499948501587,1.2961000204086304,1.3145999908447266,155779.0
2009-04-29,1.3138999938964844,1.3359999656677246,1.311900019645691,1.3287999629974365,166552.0
2009-04-30,1.3255000114440918,1.3384000062942505,1.3188999891281128,1.3260999917984009,191401.0
2009-05-01,1.3221999406814575,1.332800030708313,1.3214999437332153,1.3265000581741333,69905.0
2009-05-04,1.3274999856948853,1.3428000211715698,1.3209999799728394,1.3371000289916992,128795.0
2009-05-05,1.3414000272750854,1.3436000347137451,1.3279999494552612,1.3310999870300293,155362.0
2009-05-06,1.3312000036239624,1.337399959564209,1.3243999481201172,1.3346999883651733,190627.0
2009-05-07,1.330899953842163,1.3468999862670898,1.3250000476837158,1.3370000123977661,251587.0
2009-05-08,1.3385000228881836,1.36489999294281,1.333899974822998,1.361799955368042,179760.0
2009-05-11,1.365399956703186,1.3667999505996704,1.3554999828338623,1.3595000505447388,144214.0
2009-05-12,1.3574999570846558,1.3704999685287476,1.3559999465942383,1.363700032234192,191574.0
2009-05-13,1.3641999959945679,1.371899962425232,1.3561999797821045,1.360700011253357,188666.0
2009-05-14,1.3588000535964966,1.3664000034332275,1.3522000312805176,1.3650000095367432,149473.0
2009-05-15,1.3634999990463257,1.36489999294281,1.345900058746338,1.347100019454956,179730.0
2009-05-18,1.348099946975708,1.3562999963760376,1.3420000076293945,1.3532999753952026,152021.0
2009-05-19,1.3551000356674194,1.3665000200271606,1.3528000116348267,1.364799976348877,195033.0
2009-05-20,1.3624999523162842,1.382599949836731,1.3579000234603882,1.3799999952316284,228141.0
2009-05-21,1.3759000301361084,1.392199993133545,1.3724000453948975,1.388800024986267,227309.0
2009-05-22,1.3898999691009521,1.4048000574111938,1.3894000053405762,1.4012999534606934,183497.0
2009-05-26,1.4023000001907349,1.40339994430542,1.385699987411499,1.3982000350952148,216794.0
2009-05-27,1.3984999656677246,1.399899959564209,1.3825000524520874,1.3916000127792358,241414.0
2009-05-28,1.3834999799728394,1.3981000185012817,1.37909996509552,1.3960000276565552,204364.0
2009-05-29,1.3933000564575195,1.4168000221252441,1.392199993133545,1.413100004196167,251387.0
2009-06-01,1.4133000373840332,1.4244999885559082,1.4097000360488892,1.4169000387191772,207839.0
2009-06-02,1.4151999950408936,1.4332000017166138,1.410099983215332,1.4318000078201294,239900.0
2009-06-03,1.430400013923645,1.4337999820709229,1.4107999801635742,1.4133000373840332,264799.0
2009-06-04,1.4147000312805176,1.4241000413894653,1.4069000482559204,1.417799949645996,277174.0
2009-06-05,1.4177000522613525,1.4266999959945679,1.3931000232696533,1.3961000442504883,283258.0
2009-06-08,1.3942999839782715,1.4002000093460083,1.3803999423980713,1.3890999555587769,217966.0
2009-06-09,1.3897000551223755,1.4103000164031982,1.3849999904632568,1.4076999425888062,234735.0
2009-06-10,1.407099962234497,1.4143999814987183,1.3912999629974365,1.3968000411987305,254515.0
2009-06-11,1.3969999551773071,1.417799949645996,1.3941999673843384,1.4127999544143677,130870.0
2009-06-12,1.4093999862670898,1.4128999710083008,1.3934999704360962,1.4011000394821167,62784.0
2009-06-15,1.3990999460220337,1.399999976158142,1.3831000328063965,1.3849999904632568,207863.0
2009-06-16,1.3776999711990356,1.392199993133545,1.3736000061035156,1.3833999633789062,199810.0
2009-06-17,1.382200002670288,1.3976000547409058,1.3795000314712524,1.3954999446868896,209080.0
2009-06-18,1.3932000398635864,1.399399995803833,1.386299967765808,1.38919997215271,202615.0
2009-06-19,1.3896000385284424,1.4006999731063843,1.3875000476837158,1.3947999477386475,154347.0
2009-06-22,1.3941999673843384,1.3945000171661377,1.3818000555038452,1.386199951171875,194318.0
2009-06-23,1.3847999572753906,1.4103000164031982,1.382099986076355,1.4076000452041626,277272.0
2009-06-24,1.406999945640564,1.4133000373840332,1.3883999586105347,1.3918999433517456,266058.0
2009-06-25,1.392699956893921,1.4012000560760498,1.3885999917984009,1.3984999656677246,236598.0
2009-06-26,1.3990999460220337,1.4115999937057495,1.3980000019073486,1.4075000286102295,198006.0
2009-06-29,1.4057999849319458,1.410099983215332,1.3978999853134155,1.4081000089645386,150162.0
2009-06-30,1.4071999788284302,1.4148999452590942,1.3997999429702759,1.4040000438690186,233978.0
2009-07-01,1.403499960899353,1.420199990272522,1.399899959564209,1.4147000312805176,219328.0
2009-07-02,1.4148000478744507,1.4151999950408936,1.398800015449524,1.402500033378601,228046.0
2009-07-06,1.3961000442504883,1.3997999429702759,1.3875999450683594,1.3960000276565552,227638.0
2009-07-07,1.3974000215530396,1.4050999879837036,1.3902000188827515,1.392699956893921,206072.0
2009-07-08,1.391700029373169,1.3938000202178955,1.3832000494003296,1.3849999904632568,232588.0
2009-07-09,1.3874000310897827,1.4074000120162964,1.3858000040054321,1.403499960899353,251701.0
2009-07-10,1.4019999504089355,1.4031000137329102,1.3876999616622925,1.3949999809265137,196965.0
2009-07-13,1.3945000171661377,1.4003000259399414,1.389799952507019,1.3974000215530396,177078.0
2009-07-14,1.398900032043457,1.4018000364303589,1.3912999629974365,1.3934999704360962,179240.0
2009-07-15,1.3971999883651733,1.413699984550476,1.396399974822998,1.4129999876022339,220833.0
2009-07-16,1.4101999998092651,1.416700005531311,1.4056999683380127,1.4148000478744507,177036.0
2009-07-17,1.4143999814987183,1.4148999452590942,1.4063999652862549,1.4140000343322754,150003.0
2009-07-20,1.4115999937057495,1.4250999689102173,1.4108999967575073,1.4219000339508057,180361.0
2009-07-21,1.422700047492981,1.427899956703186,1.4163999557495117,1.4194999933242798,201509.0
2009-07-22,1.4215999841690063,1.4257999658584595,1.4155999422073364,1.4227999448776245,169965.0
2009-07-23,1.420799970626831,1.4293999671936035,1.4119000434875488,1.4204000234603882,236743.0
2009-07-24,1.4149999618530273,1.4255000352859497,1.4134999513626099,1.4215999841690063,166162.0
2009-07-27,1.422700047492981,1.429900050163269,1.417099952697754,1.424399971961975,181275.0
2009-07-28,1.4242000579833984,1.4306000471115112,1.413100004196167,1.4177000522613525,257173.0
2009-07-29,1.4169000387191772,1.419700026512146,1.4006999731063843,1.4007999897003174,298175.0
2009-07-30,1.4038000106811523,1.409600019454956,1.4007999897003174,1.4076999425888062,224051.0
2009-07-31,1.406999945640564,1.4282000064849854,1.406499981880188,1.4254000186920166,284727.0
2009-08-03,1.426900029182434,1.444599986076355,1.420699954032898,1.4408999681472778,269338.0
2009-08-04,1.4417999982833862,1.4433000087738037,1.4368000030517578,1.4388999938964844,168745.0
2009-08-05,1.440000057220459,1.4449000358581543,1.4355000257492065,1.4429999589920044,200410.0
2009-08-06,1.441499948501587,1.4433000087738037,1.4328999519348145,1.4342999458312988,207832.0
2009-08-07,1.4352999925613403,1.4419000148773193,1.4155000448226929,1.417199969291687,273006.0
2009-08-10,1.4175000190734863,1.4220000505447388,1.4105000495910645,1.4132000207901,175885.0
2009-08-11,1.4143999814987183,1.4186999797821045,1.4110000133514404,1.4148000478744507,165312.0
2009-08-12,1.4148000478744507,1.4249000549316406,1.4086999893188477,1.4213999509811401,249029.0
2009-08-13,1.4205000400543213,1.4328999519348145,1.4200999736785889,1.4263999462127686,215474.0
2009-08-14,1.4283000230789185,1.430799961090088,1.4160000085830688,1.4170000553131104,166529.0
2009-08-17,1.4191999435424805,1.4194999933242798,1.4045000076293945,1.4082000255584717,186801.0
2009-08-18,1.4072999954223633,1.4156999588012695,1.4068000316619873,1.4139000177383423,176720.0
2009-08-19,1.4129999876022339,1.426800012588501,1.4084999561309814,1.4240000247955322,264852.0
2009-08-20,1.4228999614715576,1.427899956703186,1.4200999736785889,1.4256000518798828,163412.0
2009-08-21,1.4247000217437744,1.4378000497817993,1.420799970626831,1.4335999488830566,223974.0
2009-08-24,1.4342000484466553,1.4359999895095825,1.4280999898910522,1.4287999868392944,140613.0
2009-08-25,1.429900050163269,1.4371999502182007,1.4253000020980835,1.430799961090088,176910.0
2009-08-26,1.4297000169754028,1.4352999925613403,1.4206000566482544,1.4241000413894653,197537.0
2009-08-27,1.424399971961975,1.4408999681472778,1.4220000505447388,1.4371999502182007,229045.0
2009-08-28,1.4347000122070312,1.4390000104904175,1.4280999898910522,1.4286999702453613,176381.0
2009-08-31,1.4305000305175781,1.4368000030517578,1.4256000518798828,1.4329999685287476,162745.0
2009-09-01,1.4330999851226807,1.4378999471664429,1.4177000522613525,1.4213999509811401,256408.0
2009-09-02,1.4221999645233154,1.4296000003814697,1.4189000129699707,1.4271999597549438,204208.0
2009-09-03,1.4263999462127686,1.434999942779541,1.423699975013733,1.4249999523162842,198535.0
2009-09-04,1.4255000352859497,1.4329999685287476,1.419100046157837,1.430899977684021,198535.0
2009-09-08,1.430899977684021,1.4536000490188599,1.430299997329712,1.4488999843597412,297778.0
2009-09-09,1.4493999481201172,1.4601999521255493,1.4466999769210815,1.454300045967102,199920.0
2009-09-10,1.4563000202178955,1.461400032043457,1.4502999782562256,1.458299994468689,169956.0
2009-09-11,1.4581999778747559,1.4636000394821167,1.455299973487854,1.4594000577926636,56005.0
2009-09-14,1.4595999717712402,1.4634000062942505,1.45169997215271,1.4606000185012817,214700.0
2009-09-15,1.462499976158142,1.468500018119812,1.4558000564575195,1.4658000469207764,233857.0
2009-09-16,1.46589994430542,1.4737000465393066,1.4641000032424927,1.4722000360488892,241223.0
2009-09-17,1.4708000421524048,1.4773000478744507,1.4687000513076782,1.4746999740600586,210889.0
2009-09-18,1.4742000102996826,1.4744000434875488,1.4645999670028687,1.472000002861023,177035.0
2009-09-21,1.469499945640564,1.4711999893188477,1.4609999656677246,1.4677000045776367,176858.0
2009-09-22,1.468000054359436,1.482200026512146,1.4674999713897705,1.4789999723434448,181689.0
2009-09-23,1.4785000085830688,1.4844000339508057,1.472599983215332,1.479699969291687,229402.0
2009-09-24,1.4699000120162964,1.4802000522613525,1.4627000093460083,1.4652999639511108,283645.0
2009-09-25,1.4664000272750854,1.472499966621399,1.461400032043457,1.4664000272750854,225108.0
2009-09-28,1.4700000286102295,1.4718999862670898,1.4562000036239624,1.4589999914169312,234719.0
2009-09-29,1.4610999822616577,1.4645999670028687,1.4521000385284424,1.4567999839782715,245299.0
2009-09-30,1.4585000276565552,1.4673999547958374,1.4573999643325806,1.4644999504089355,294482.0
2009-10-01,1.4638999700546265,1.4666999578475952,1.4515000581741333,1.4534000158309937,262497.0
2009-10-02,1.4538999795913696,1.4646999835968018,1.4479000568389893,1.4586999416351318,297781.0
2009-10-05,1.4586999416351318,1.4667999744415283,1.457800030708313,1.465999960899353,157196.0
2009-10-06,1.464900016784668,1.476099967956543,1.464400053024292,1.470900058746338,207435.0
2009-10-07,1.4722000360488892,1.4736000299453735,1.4644999504089355,1.4667999744415283,221072.0
2009-10-08,1.468500018119812,1.481600046157837,1.468000054359436,1.4774999618530273,281045.0
2009-10-09,1.4793000221252441,1.4793000221252441,1.4670000076293945,1.4707000255584717,212759.0
2009-10-12,1.4717999696731567,1.4810999631881714,1.4673999547958374,1.478700041770935,122454.0
2009-10-13,1.4773000478744507,1.4874000549316406,1.4758000373840332,1.4819999933242798,247927.0
2009-10-14,1.4851000308990479,1.4944000244140625,1.4836000204086304,1.4903000593185425,218334.0
2009-10-15,1.4930000305175781,1.496399998664856,1.4839999675750732,1.4925999641418457,244378.0
2009-10-16,1.493499994277954,1.496500015258789,1.4845999479293823,1.4896999597549438,219870.0
2009-10-19,1.4896999597549438,1.496500015258789,1.4825999736785889,1.4941999912261963,189175.0
2009-10-20,1.4962999820709229,1.4991999864578247,1.4880000352859497,1.4924999475479126,252680.0
2009-10-21,1.493499994277954,1.5045000314712524,1.4886000156402588,1.5033999681472778,297781.0
2009-10-22,1.5003999471664429,1.5038000345230103,1.4941999912261963,1.5024000406265259,222875.0
2009-10-23,1.5027999877929688,1.5059000253677368,1.4982999563217163,1.5,232306.0
2009-10-26,1.5,1.5061999559402466,1.4843000173568726,1.485700011253357,261141.0
2009-10-27,1.4869999885559082,1.4926999807357788,1.476699948310852,1.4805999994277954,330482.0
2009-10-28,1.4807000160217285,1.4838999509811401,1.468999981880188,1.4717999696731567,318928.0
2009-10-29,1.4718999862670898,1.48580002784729,1.4680999517440796,1.4844000339508057,312544.0
2009-10-30,1.483299970626831,1.485700011253357,1.4701999425888062,1.472599983215332,313640.0
2009-11-02,1.4730000495910645,1.4843000173568726,1.4700000286102295,1.475100040435791,277473.0
2009-11-03,1.4772000312805176,1.4810999631881714,1.462399959564209,1.4701000452041626,333458.0
2009-11-04,1.4717999696731567,1.4908000230789185,1.4700000286102295,1.4895000457763672,290221.0
2009-11-05,1.4874000549316406,1.4916000366210938,1.4809999465942383,1.4867000579833984,207097.0
2009-11-06,1.4872000217437744,1.4912999868392944,1.4811999797821045,1.4835000038146973,260485.0
2009-11-09,1.4874000549316406,1.5018999576568604,1.4851000308990479,1.4996000528335571,194821.0
2009-11-10,1.4996000528335571,1.5018999576568604,1.4936000108718872,1.4979000091552734,220304.0
2009-11-11,1.4982999563217163,1.5047999620437622,1.4951000213623047,1.4961999654769897,228091.0
2009-11-12,1.4982000589370728,1.5016000270843506,1.4819999933242798,1.486299991607666,315833.0
2009-11-13,1.4845999479293823,1.4937000274658203,1.482300043106079,1.489300012588501,246095.0
2009-11-16,1.4921000003814697,1.5015000104904175,1.4878000020980835,1.4982999563217163,279006.0
2009-11-17,1.496500015258789,1.4997999668121338,1.4805999994277954,1.4852999448776245,280662.0
2009-11-18,1.486299991607666,1.4989999532699585,1.486199975013733,1.4938000440597534,259800.0
2009-11-19,1.4960999488830566,1.4962999820709229,1.4842000007629395,1.4917000532150269,285426.0
2009-11-20,1.4912999868392944,1.493399977684021,1.4799000024795532,1.4854999780654907,269615.0
2009-11-23,1.485200047492981,1.499899983406067,1.4847999811172485,1.4972000122070312,201592.0
2009-11-24,1.49590003490448,1.4988000392913818,1.4886000156402588,1.497499942779541,249545.0
2009-11-25,1.496399998664856,1.5144000053405762,1.4953999519348145,1.513700008392334,266464.0
2009-11-27,1.513700008392334,1.5140999555587769,1.482699990272522,1.496000051498413,453052.0
2009-11-30,1.5010000467300415,1.5083999633789062,1.496399998664856,1.4990999698638916,274033.0
2009-12-01,1.500499963760376,1.5118000507354736,1.496999979019165,1.5094000101089478,268011.0
2009-12-02,1.507699966430664,1.5110000371932983,1.5032000541687012,1.503499984741211,226483.0
2009-12-03,1.5046000480651855,1.51419997215271,1.5045000314712524,1.5089999437332153,309711.0
2009-12-04,1.5052000284194946,1.5091999769210815,1.482100009918213,1.482699990272522,451403.0
2009-12-07,1.4871000051498413,1.4904999732971191,1.4754999876022339,1.4819999933242798,310855.0
2009-12-08,1.482699990272522,1.4867000579833984,1.468000054359436,1.4681999683380127,330763.0
2009-12-09,1.4703999757766724,1.4781999588012695,1.4666999578475952,1.471500039100647,304302.0
2009-12-10,1.4737000465393066,1.4759999513626099,1.468400001525879,1.4718999862670898,168421.0
2009-12-11,1.4732999801635742,1.4775999784469604,1.4586000442504883,1.461899995803833,93413.0
2009-12-14,1.4616999626159668,1.4686000347137451,1.4606000185012817,1.4641000032424927,194822.0
2009-12-15,1.4648000001907349,1.465499997138977,1.4496999979019165,1.452299952507019,241078.0
2009-12-16,1.4536000490188599,1.458799958229065,1.4500999450683594,1.451200008392334,238175.0
2009-12-17,1.4528000354766846,1.4530999660491943,1.4301999807357788,1.4347000122070312,302014.0
2009-12-18,1.4345999956130981,1.4408999681472778,1.4257999658584595,1.4319000244140625,245972.0
2009-12-21,1.430899977684021,1.437000036239624,1.4264999628067017,1.4286999702453613,139737.0
2009-12-22,1.4270000457763672,1.4329999685287476,1.4214999675750732,1.4251999855041504,176316.0
2009-12-23,1.4250999689102173,1.4364999532699585,1.423200011253357,1.43340003490448,139657.0
2009-12-24,1.4329999685287476,1.44159996509552,1.4327000379562378,1.4352999925613403,57193.0
2009-12-28,1.4371999502182007,1.441100001335144,1.4349000453948975,1.437999963760376,59279.0
2009-12-29,1.4368000030517578,1.4457000494003296,1.4329999685287476,1.434999942779541,151808.0
2009-12-30,1.4345999956130981,1.4359999895095825,1.4270999431610107,1.4333000183105469,134788.0
2009-12-31,1.433899998664856,1.444000005722046,1.430400013923645,1.43340003490448,103125.0
2010-01-04,1.4322999715805054,1.4455000162124634,1.4256000518798828,1.440999984741211,221750.0
2010-01-05,1.4407000541687012,1.4483000040054321,1.434399962425232,1.4366999864578247,218270.0
2010-01-06,1.4362000226974487,1.4433000087738037,1.4280999898910522,1.4407999515533447,263831.0
2010-01-07,1.440000057220459,1.444599986076355,1.4296000003814697,1.4325000047683716,243923.0
2010-01-08,1.4306000471115112,1.4437999725341797,1.4261000156402588,1.441499948501587,348468.0
2010-01-11,1.440999984741211,1.4555000066757202,1.4408999681472778,1.451799988746643,212216.0
2010-01-12,1.451200008392334,1.4543999433517456,1.445199966430664,1.4494999647140503,226302.0
2010-01-13,1.4492000341415405,1.4577000141143799,1.4455000162124634,1.4510999917984009,271150.0
2010-01-14,1.4500000476837158,1.4555000066757202,1.4443000555038452,1.4500999450683594,245562.0
2010-01-15,1.4496999979019165,1.4510999917984009,1.43340003490448,1.4355000257492065,252340.0
2010-01-19,1.4348000288009644,1.4413000345230103,1.4249000549316406,1.4290000200271606,345534.0
2010-01-20,1.4287999868392944,1.4287999868392944,1.4077999591827393,1.4105000495910645,341110.0
2010-01-21,1.4106999635696411,1.414199948310852,1.4026999473571777,1.4103000164031982,366647.0
2010-01-22,1.4082000255584717,1.4179999828338623,1.4063999652862549,1.4134000539779663,272957.0
2010-01-25,1.4147000312805176,1.4192999601364136,1.412600040435791,1.4148999452590942,187851.0
2010-01-26,1.4148000478744507,1.4177000522613525,1.4040000438690186,1.4084999561309814,313123.0
2010-01-27,1.4078999757766724,1.409500002861023,1.3990999460220337,1.4033000469207764,335848.0
2010-01-28,1.4026999473571777,1.4050999879837036,1.392899990081787,1.3975000381469727,376943.0
2010-01-29,1.396299958229065,1.3986999988555908,1.3858000040054321,1.3865000009536743,356293.0
2010-02-01,1.3860000371932983,1.3937000036239624,1.38510000705719,1.3919999599456787,246958.0
2010-02-02,1.3932000398635864,1.3974000215530396,1.3883999586105347,1.396299958229065,265894.0
2010-02-03,1.3964999914169312,1.4026000499725342,1.3884999752044678,1.3902000188827515,323139.0
2010-02-04,1.38919997215271,1.3901000022888184,1.3722000122070312,1.3743000030517578,409551.0
2010-02-05,1.3727999925613403,1.3746000528335571,1.3583999872207642,1.3634999990463257,464958.0
2010-02-08,1.3657000064849854,1.371399998664856,1.3621000051498413,1.3671000003814697,247392.0
2010-02-09,1.3658000230789185,1.3839999437332153,1.364799976348877,1.3773000240325928,431230.0
2010-02-10,1.3791999816894531,1.3811999559402466,1.3675999641418457,1.3734999895095825,298921.0
2010-02-11,1.3732999563217163,1.3801000118255615,1.3594000339508057,1.3687000274658203,369678.0
2010-02-12,1.368899941444397,1.3695000410079956,1.3530999422073364,1.3617000579833984,339011.0
2010-02-16,1.361799955368042,1.3779000043869019,1.357800006866455,1.375599980354309,321535.0
2010-02-17,1.3759000301361084,1.3789000511169434,1.3583999872207642,1.3616000413894653,293170.0
2010-02-18,1.3600000143051147,1.3654999732971191,1.3495999574661255,1.3616000413894653,346438.0
2010-02-19,1.3495999574661255,1.361899971961975,1.3442000150680542,1.3595000505447388,342249.0
2010-02-22,1.3617000579833984,1.365399956703186,1.357200026512146,1.360700011253357,219062.0
2010-02-23,1.3600000143051147,1.3691999912261963,1.3496999740600586,1.3522000312805176,387964.0
2010-02-24,1.3513000011444092,1.3626999855041504,1.3502000570297241,1.3524999618530273,325557.0
2010-02-25,1.3539999723434448,1.357100009918213,1.3451000452041626,1.3544000387191772,384343.0
2010-02-26,1.354200005531311,1.368399977684021,1.3530000448226929,1.3621000051498413,379305.0
2010-03-01,1.3624000549316406,1.365399956703186,1.3459999561309814,1.3574999570846558,358508.0
2010-03-02,1.3568999767303467,1.3623000383377075,1.3432999849319458,1.3600000143051147,370881.0
2010-03-03,1.36080002784729,1.3737000226974487,1.3592000007629395,1.3700000047683716,367057.0
2010-03-04,1.3694000244140625,1.3712999820709229,1.3550000190734863,1.357699990272522,364918.0
2010-03-05,1.3581000566482544,1.3630000352859497,1.3530000448226929,1.3623000383377075,297999.0
2010-03-08,1.3640999794006348,1.3704999685287476,1.3604999780654907,1.3632999658584595,238518.0
2010-03-09,1.3628000020980835,1.3636000156402588,1.353600025177002,1.3593000173568726,303465.0
2010-03-10,1.3601000308990479,1.3680000305175781,1.3544000387191772,1.3651000261306763,266173.0
2010-03-11,1.3654999732971191,1.3688000440597534,1.3619999885559082,1.367300033569336,156228.0
2010-03-12,1.367799997329712,1.3796000480651855,1.3669999837875366,1.3758000135421753,59243.0
2010-03-15,1.3763999938964844,1.3775999546051025,1.3693000078201294,1.3697999715805054,225669.0
2010-03-16,1.367799997329712,1.378499984741211,1.3658000230789185,1.3756999969482422,288581.0
2010-03-17,1.3770999908447266,1.3818999528884888,1.3726999759674072,1.3753999471664429,254490.0
2010-03-18,1.3736000061035156,1.3741999864578247,1.3587000370025635,1.3619999885559082,309394.0
2010-03-19,1.3609000444412231,1.3628000020980835,1.3502999544143677,1.353600025177002,286789.0
2010-03-22,1.3530999422073364,1.3568999767303467,1.3463000059127808,1.3544000387191772,303153.0
2010-03-23,1.3565000295639038,1.3569999933242798,1.347499966621399,1.3488999605178833,324045.0
2010-03-24,1.3495999574661255,1.350100040435791,1.3312000036239624,1.333799958229065,413012.0
2010-03-25,1.3324999809265137,1.3387999534606934,1.3265999555587769,1.3291000127792358,379887.0
2010-03-26,1.3284000158309937,1.3424999713897705,1.326799988746643,1.340000033378601,344158.0
2010-03-29,1.3466999530792236,1.350600004196167,1.3417999744415283,1.3464000225067139,235099.0
2010-03-30,1.347599983215332,1.3538000583648682,1.3395999670028687,1.3421000242233276,305069.0
2010-03-31,1.3421000242233276,1.3549000024795532,1.3385000228881836,1.3509999513626099,375318.0
2010-04-01,1.3507000207901,1.3593000173568726,1.3459999561309814,1.3569999933242798,312578.0
2010-04-05,1.3492000102996826,1.3538999557495117,1.3459999561309814,1.3483999967575073,128059.0
2010-04-06,1.3482999801635742,1.3497999906539917,1.3355000019073486,1.339400053024292,310565.0
2010-04-07,1.3395999670028687,1.34089994430542,1.3325999975204468,1.3372000455856323,289314.0
2010-04-08,1.3341000080108643,1.3366999626159668,1.3282999992370605,1.3351000547409058,313608.0
2010-04-09,1.3357000350952148,1.350600004196167,1.3342000246047974,1.3456000089645386,382153.0
2010-04-12,1.3628000020980835,1.3694000244140625,1.3566999435424805,1.3588000535964966,305464.0
2010-04-13,1.3589999675750732,1.3629000186920166,1.354599952697754,1.3595999479293823,246408.0
2010-04-14,1.3616000413894653,1.3681999444961548,1.3595000505447388,1.3655999898910522,312008.0
2010-04-15,1.3652000427246094,1.3668999671936035,1.3523000478744507,1.3575999736785889,302972.0
2010-04-16,1.3580000400543213,1.358299970626831,1.3473999500274658,1.3497999906539917,340398.0
2010-04-19,1.3480000495910645,1.350000023841858,1.3416999578475952,1.347499966621399,256836.0
2010-04-20,1.3489999771118164,1.3524999618530273,1.342900037765503,1.344099998474121,271979.0
2010-04-21,1.3443000316619873,1.3449000120162964,1.3358999490737915,1.340499997138977,273882.0
2010-04-22,1.3391000032424927,1.3423999547958374,1.3258999586105347,1.3315000534057617,448260.0
2010-04-23,1.3291000127792358,1.3401999473571777,1.320199966430664,1.3387999534606934,422184.0
2010-04-26,1.3350000381469727,1.339900016784668,1.329200029373169,1.3344999551773071,294426.0
2010-04-27,1.3393000364303589,1.3415000438690186,1.316499948501587,1.3208999633789062,539793.0
2010-04-28,1.316499948501587,1.326799988746643,1.3116999864578247,1.3188999891281128,605208.0
2010-04-29,1.3210999965667725,1.3280999660491943,1.318600058555603,1.3245999813079834,360330.0
2010-04-30,1.3241000175476074,1.3344000577926636,1.322700023651123,1.3308000564575195,361569.0
2010-05-03,1.333299994468689,1.3335000276565552,1.315600037574768,1.3214000463485718,250178.0
2010-05-04,1.319000005722046,1.3215999603271484,1.298200011253357,1.3005000352859497,468697.0
2010-05-05,1.297700047492981,1.2999000549316406,1.2805999517440796,1.2826999425888062,569862.0
2010-05-06,1.2819000482559204,1.2858999967575073,1.252500057220459,1.2603000402450562,828859.0
2010-05-07,1.264299988746643,1.2803000211715698,1.2590999603271484,1.2740000486373901,672554.0
2010-05-10,1.292199969291687,1.3097000122070312,1.2757999897003174,1.2802000045776367,606839.0
2010-05-11,1.2790000438690186,1.280400037765503,1.2652000188827515,1.2696000337600708,425029.0
2010-05-12,1.2635999917984009,1.2741999626159668,1.260699987411499,1.2633999586105347,315250.0
2010-05-13,1.2632999420166016,1.2687000036239624,1.2516000270843506,1.256500005722046,288648.0
2010-05-14,1.2525999546051025,1.2577999830245972,1.2354999780654907,1.238700032234192,460512.0
2010-05-17,1.2352999448776245,1.2417000532150269,1.2235000133514404,1.2388999462127686,491594.0
2010-05-18,1.23989999294281,1.2446999549865723,1.2163000106811523,1.2207000255584717,550193.0
2010-05-19,1.2172000408172607,1.2424999475479126,1.2139999866485596,1.2375999689102173,638060.0
2010-05-20,1.242400050163269,1.2599999904632568,1.229699969291687,1.2568000555038452,605424.0
2010-05-21,1.247499942779541,1.2674000263214111,1.246500015258789,1.2587000131607056,431396.0
2010-05-24,1.2549999952316284,1.256500005722046,1.2345999479293823,1.2402000427246094,280348.0
2010-05-25,1.2352999448776245,1.23580002784729,1.2180999517440796,1.2317999601364136,400948.0
2010-05-26,1.2371000051498413,1.2380000352859497,1.2170000076293945,1.2201000452041626,352971.0
2010-05-27,1.216599941253662,1.2396999597549438,1.215499997138977,1.2379000186920166,479857.0
2010-05-28,1.2359999418258667,1.2455999851226807,1.226699948310852,1.2323999404907227,366661.0
2010-06-01,1.2282999753952026,1.235700011253357,1.2111999988555908,1.2258000373840332,530192.0
2010-06-02,1.22160005569458,1.2275999784469604,1.2174999713897705,1.2239999771118164,333002.0
2010-06-03,1.225000023841858,1.232800006866455,1.2151999473571777,1.2178000211715698,353616.0
2010-06-04,1.2165000438690186,1.2216999530792236,1.1955000162124634,1.1965999603271484,516180.0
2010-06-07,1.195199966430664,1.1992000341415405,1.187399983406067,1.193600058555603,373148.0
2010-06-08,1.1919000148773193,1.2009999752044678,1.1901999711990356,1.1923999786376953,420693.0
2010-06-09,1.1964000463485718,1.2073999643325806,1.1923999786376953,1.1985000371932983,341633.0
2010-06-10,1.1983000040054321,1.214400053024292,1.1957000494003296,1.2095999717712402,285964.0
2010-06-11,1.2108999490737915,1.215499997138977,1.2044999599456787,1.2074999809265137,92234.0
2010-06-14,1.2122000455856323,1.2269999980926514,1.2115999460220337,1.2244000434875488,305666.0
2010-06-15,1.222100019454956,1.2359999418258667,1.2177000045776367,1.2343000173568726,330596.0
2010-06-16,1.2330000400543213,1.236299991607666,1.2263000011444092,1.232200026512146,256776.0
2010-06-17,1.2311999797821045,1.242300033569336,1.225100040435791,1.238700032234192,316888.0
2010-06-18,1.238700032234192,1.2425999641418457,1.236199975013733,1.2371000051498413,189830.0
2010-06-21,1.243899941444397,1.2476999759674072,1.2310999631881714,1.232800006866455,257963.0
2010-06-22,1.2330000400543213,1.236199975013733,1.2258000373840332,1.2273000478744507,282277.0
2010-06-23,1.2278000116348267,1.235200047492981,1.22160005569458,1.2329000234603882,312742.0
2010-06-24,1.2316999435424805,1.2395000457763672,1.2267999649047852,1.2338000535964966,343129.0
2010-06-25,1.2337000370025635,1.2402000427246094,1.2259999513626099,1.239300012588501,299215.0
2010-06-28,1.2383999824523926,1.240399956703186,1.2269999980926514,1.229200005531311,250731.0
2010-06-29,1.228600025177002,1.229599952697754,1.2157000303268433,1.2214000225067139,330210.0
2010-06-30,1.2197999954223633,1.2310999631881714,1.2172000408172607,1.2247999906539917,345791.0
2010-07-01,1.2238999605178833,1.2545000314712524,1.2196999788284302,1.2481000423431396,480784.0
2010-07-02,1.2518999576568604,1.2617000341415405,1.2486000061035156,1.2556999921798706,279628.0
2010-07-06,1.2559000253677368,1.2666000127792358,1.2482999563217163,1.2623000144958496,359963.0
2010-07-07,1.2626999616622925,1.266800045967102,1.2555999755859375,1.2654000520706177,288348.0
2010-07-08,1.2634999752044678,1.2725000381469727,1.2621999979019165,1.2680000066757202,249254.0
2010-07-09,1.2694000005722046,1.2723000049591064,1.2609000205993652,1.2646000385284424,247622.0
2010-07-12,1.2640000581741333,1.2648999691009521,1.2552000284194946,1.2596999406814575,184312.0
2010-07-13,1.2591999769210815,1.2740000486373901,1.2524000406265259,1.2702000141143799,337464.0
2010-07-14,1.2727999687194824,1.277899980545044,1.2682000398635864,1.2730000019073486,255092.0
2010-07-15,1.2741999626159668,1.2967000007629395,1.270799994468689,1.2894999980926514,341871.0
2010-07-16,1.2930999994277954,1.3006000518798828,1.2889000177383423,1.2942999601364136,289643.0
2010-07-19,1.2905999422073364,1.2990000247955322,1.2869000434875488,1.295799970626831,226230.0
2010-07-20,1.294700026512146,1.302899956703186,1.2838000059127808,1.2892999649047852,285869.0
2010-07-21,1.2890000343322754,1.291200041770935,1.2731000185012817,1.2742999792099,273136.0
2010-07-22,1.2754000425338745,1.2933000326156616,1.2736999988555908,1.2892999649047852,284053.0
2010-07-23,1.288699984550476,1.2965999841690063,1.2791999578475952,1.2920000553131104,347918.0
2010-07-26,1.2896000146865845,1.3006000518798828,1.287600040435791,1.298799991607666,229854.0
2010-07-27,1.2985999584197998,1.3046000003814697,1.2949999570846558,1.298799991607666,277661.0
2010-07-28,1.2999999523162842,1.3041000366210938,1.2964999675750732,1.2978999614715576,219732.0
2010-07-29,1.298799991607666,1.3106000423431396,1.297700047492981,1.3076000213623047,251094.0
2010-07-30,1.3077000379562378,1.309399962425232,1.2979999780654907,1.305400013923645,285059.0
2010-08-02,1.305999994277954,1.3194999694824219,1.305400013923645,1.3166999816894531,256865.0
2010-08-03,1.317199945449829,1.326200008392334,1.3145999908447266,1.323099970817566,236132.0
2010-08-04,1.322700023651123,1.3238999843597412,1.3128999471664429,1.317199945449829,263048.0
2010-08-05,1.315600037574768,1.3235000371932983,1.3118000030517578,1.3174999952316284,242098.0
2010-08-06,1.31850004196167,1.333299994468689,1.315600037574768,1.3273999691009521,288250.0
2010-08-09,1.3284000158309937,1.3307000398635864,1.3214999437332153,1.3224999904632568,165319.0
2010-08-10,1.3224999904632568,1.3229999542236328,1.3072999715805054,1.319700002670288,303762.0
2010-08-11,1.3177000284194946,1.318600058555603,1.2858999967575073,1.2877999544143677,421976.0
2010-08-12,1.284600019454956,1.2932000160217285,1.277899980545044,1.2821999788284302,360136.0
2010-08-13,1.2826000452041626,1.2905999422073364,1.274899959564209,1.2752000093460083,281618.0
2010-08-16,1.2762999534606934,1.2870999574661255,1.2732000350952148,1.2806999683380127,237735.0
2010-08-17,1.2822999954223633,1.2914999723434448,1.2803000211715698,1.2879999876022339,295886.0
2010-08-18,1.2877999544143677,1.292199969291687,1.2821999788284302,1.2862999439239502,258924.0
2010-08-19,1.2854000329971313,1.2903000116348267,1.2769999504089355,1.2821999788284302,375279.0
2010-08-20,1.2818000316619873,1.283400058746338,1.2662999629974365,1.270900011062622,306570.0
2010-08-23,1.270799994468689,1.2730000019073486,1.2646000385284424,1.2680000066757202,246326.0
2010-08-24,1.2649999856948853,1.2719000577926636,1.2587000131607056,1.267199993133545,378965.0
2010-08-25,1.2633999586105347,1.2726999521255493,1.260699987411499,1.2654000520706177,333730.0
2010-08-26,1.2661999464035034,1.2763999700546265,1.2649999856948853,1.2702000141143799,333413.0
2010-08-27,1.271399974822998,1.277999997138977,1.2675000429153442,1.2731000185012817,313182.0
2010-08-30,1.2764999866485596,1.2766000032424927,1.2657999992370605,1.2666000127792358,184358.0
2010-08-31,1.2663999795913696,1.2742999792099,1.2623000144958496,1.2661999464035034,294866.0
2010-09-01,1.2688000202178955,1.285599946975708,1.2661999464035034,1.2796000242233276,313070.0
2010-09-02,1.2799999713897705,1.2848000526428223,1.277500033378601,1.2812000513076782,249002.0
2010-09-03,1.2824000120162964,1.2897000312805176,1.2807999849319458,1.2877999544143677,272209.0
2010-09-07,1.2892999649047852,1.2919000387191772,1.267699956893921,1.2699999809265137,416476.0
2010-09-08,1.2681000232696533,1.2762999534606934,1.2659000158309937,1.2720999717712402,325023.0
2010-09-09,1.2721999883651733,1.2766000032424927,1.2663999795913696,1.2697999477386475,224476.0
2010-09-10,1.2696000337600708,1.2747000455856323,1.264299988746643,1.2717000246047974,96445.0
2010-09-13,1.2705999612808228,1.2843999862670898,1.270400047302246,1.2838000059127808,294789.0
2010-09-14,1.2870999574661255,1.302899956703186,1.2825000286102295,1.3014999628067017,417330.0
2010-09-15,1.2985999584197998,1.3033000230789185,1.295199990272522,1.3001999855041504,330978.0
2010-09-16,1.3006999492645264,1.3112000226974487,1.2970999479293823,1.3076000213623047,350791.0
2010-09-17,1.3071000576019287,1.315500020980835,1.3015999794006348,1.3039000034332275,327492.0
2010-09-20,1.3044999837875366,1.3118000030517578,1.3025000095367432,1.3056000471115112,231078.0
2010-09-21,1.305899977684021,1.3284000158309937,1.305400013923645,1.3241000175476074,327891.0
2010-09-22,1.3245999813079834,1.3437000513076782,1.3243999481201172,1.3384000062942505,427722.0
2010-09-23,1.3395999670028687,1.3411999940872192,1.3301000595092773,1.3330999612808228,342300.0
2010-09-24,1.3312000036239624,1.3494000434875488,1.3284000158309937,1.3466999530792236,304147.0
2010-09-27,1.3483999967575073,1.3504999876022339,1.3422000408172607,1.347100019454956,209068.0
2010-09-28,1.343999981880188,1.3592000007629395,1.3377000093460083,1.3561999797821045,427542.0
2010-09-29,1.358199954032898,1.364400029182434,1.3564000129699707,1.363700032234192,335517.0
2010-09-30,1.3617000579833984,1.367799997329712,1.355299949645996,1.3633999824523926,434769.0
2010-10-01,1.3624000549316406,1.378600001335144,1.3610999584197998,1.3772000074386597,323301.0
2010-10-04,1.3783999681472778,1.3783999681472778,1.3660000562667847,1.367900013923645,263075.0
2010-10-05,1.3668999671936035,1.3854000568389893,1.3631999492645264,1.3839999437332153,364432.0
2010-10-06,1.382699966430664,1.3941999673843384,1.3791999816894531,1.392899990081787,341495.0
2010-10-07,1.391700029373169,1.4021999835968018,1.3848999738693237,1.392199993133545,449914.0
2010-10-08,1.3911000490188599,1.3977999687194824,1.3825000524520874,1.3904000520706177,413239.0
2010-10-11,1.3992999792099,1.4000999927520752,1.3859000205993652,1.3880000114440918,192403.0
2010-10-12,1.3874000310897827,1.3931000232696533,1.3767999410629272,1.3905999660491943,396796.0
2010-10-13,1.3911000490188599,1.3996000289916992,1.3904999494552612,1.3955999612808228,295685.0
2010-10-14,1.395300030708313,1.4115999937057495,1.3947999477386475,1.4048999547958374,336100.0
2010-10-15,1.406999945640564,1.4155999422073364,1.392899990081787,1.395400047302246,459984.0
2010-10-18,1.396399974822998,1.3990000486373901,1.3823000192642212,1.398800015449524,316840.0
2010-10-19,1.3938000202178955,1.3996000289916992,1.370300054550171,1.3732000589370728,485586.0
2010-10-20,1.3732000589370728,1.3982000350952148,1.3688000440597534,1.3948999643325806,438765.0
2010-10-21,1.3948999643325806,1.4041999578475952,1.386199951171875,1.392199993133545,414770.0
2010-10-22,1.3918999433517456,1.3966000080108643,1.3849999904632568,1.3919999599456787,268569.0
2010-10-25,1.3941999673843384,1.4071999788284302,1.3926000595092773,1.3967000246047974,284655.0
2010-10-26,1.3947999477386475,1.3974000215530396,1.381700038909912,1.3839999437332153,340318.0
2010-10-27,1.38510000705719,1.3870999813079834,1.3725999593734741,1.3752000331878662,359292.0
2010-10-28,1.3768999576568604,1.3939000368118286,1.376099944114685,1.3918999433517456,368490.0
2010-10-29,1.3919999599456787,1.3946000337600708,1.3799999952316284,1.388800024986267,350953.0
2010-11-01,1.3961000442504883,1.4005000591278076,1.385599970817566,1.388100028038025,289250.0
2010-11-02,1.3890000581741333,1.4052000045776367,1.3875000476837158,1.402899980545044,332627.0
2010-11-03,1.402500033378601,1.4200999736785889,1.3983999490737915,1.4098000526428223,438195.0
2010-11-04,1.4121999740600586,1.4276000261306763,1.409500002861023,1.420199990272522,410020.0
2010-11-05,1.420699954032898,1.4244999885559082,1.4017000198364258,1.4038000106811523,410020.0
2010-11-08,1.4049999713897705,1.4078999757766724,1.388100028038025,1.391800045967102,327333.0
2010-11-09,1.3910000324249268,1.3969999551773071,1.374500036239624,1.382599949836731,442912.0
2010-11-10,1.3758000135421753,1.3819999694824219,1.3665000200271606,1.3773000240325928,490814.0
2010-11-11,1.3770999908447266,1.381700038909912,1.3631999492645264,1.36489999294281,360751.0
2010-11-12,1.3659000396728516,1.3774000406265259,1.3568999767303467,1.36899995803833,482797.0
2010-11-15,1.3676999807357788,1.3746999502182007,1.3560999631881714,1.3597999811172485,369300.0
2010-11-16,1.357800006866455,1.3652000427246094,1.3444000482559204,1.3487000465393066,454019.0
2010-11-17,1.3485000133514404,1.3564000129699707,1.3458000421524048,1.3518999814987183,317980.0
2010-11-18,1.3525999784469604,1.3668999671936035,1.3525999784469604,1.3630000352859497,329522.0
2010-11-19,1.3638999462127686,1.3732000589370728,1.3605999946594238,1.3671000003814697,262401.0
2010-11-22,1.3734999895095825,1.378499984741211,1.3575999736785889,1.361299991607666,336710.0
2010-11-23,1.3622000217437744,1.3629000186920166,1.3358999490737915,1.3372999429702759,452251.0
2010-11-24,1.3380000591278076,1.3421000242233276,1.3281999826431274,1.3313000202178955,375533.0
2010-11-26,1.3336999416351318,1.3387999534606934,1.3200000524520874,1.3242000341415405,389971.0
2010-11-29,1.327299952507019,1.330199956893921,1.3063000440597534,1.3115999698638916,430369.0
2010-11-30,1.3112000226974487,1.315000057220459,1.2968000173568726,1.3008999824523926,502072.0
2010-12-01,1.2984999418258667,1.3181999921798706,1.2969000339508057,1.3131999969482422,495759.0
2010-12-02,1.312399983406067,1.3246999979019165,1.305899977684021,1.320199966430664,486962.0
2010-12-03,1.3213000297546387,1.3437999486923218,1.319200038909912,1.3378000259399414,402403.0
2010-12-06,1.3407000303268433,1.3421000242233276,1.3243999481201172,1.3320000171661377,352351.0
2010-12-07,1.3307000398635864,1.340000033378601,1.325700044631958,1.3286000490188599,365196.0
2010-12-08,1.32669997215271,1.3279999494552612,1.3178999423980713,1.3259999752044678,371737.0
2010-12-09,1.3265000581741333,1.3327000141143799,1.3163000345230103,1.3236000537872314,313895.0
2010-12-10,1.323799967765808,1.3284000158309937,1.3178000450134277,1.3229999542236328,99917.0
2010-12-13,1.3207000494003296,1.3339999914169312,1.3183000087738037,1.3330999612808228,320719.0
2010-12-14,1.3379000425338745,1.3493000268936157,1.335800051689148,1.3382999897003174,373433.0
2010-12-15,1.3378000259399414,1.3378000259399414,1.3203999996185303,1.3209999799728394,337425.0
2010-12-16,1.3215999603271484,1.326300024986267,1.3178000450134277,1.3209999799728394,271206.0
2010-12-17,1.323799967765808,1.335800051689148,1.3128999471664429,1.3172999620437622,338273.0
2010-12-20,1.3163000345230103,1.3179999589920044,1.3091000318527222,1.311400055885315,217297.0
2010-12-21,1.3118000030517578,1.3199000358581543,1.3069000244140625,1.3087999820709229,228039.0
2010-12-22,1.3092999458312988,1.3178999423980713,1.3072999715805054,1.3083000183105469,215272.0
2010-12-23,1.3097000122070312,1.3148000240325928,1.3049999475479126,1.3111000061035156,201048.0
2010-12-27,1.3108999729156494,1.3167999982833862,1.3068000078201294,1.3140000104904175,93879.0
2010-12-28,1.315600037574768,1.3272000551223755,1.3091000318527222,1.311400055885315,205415.0
2010-12-29,1.3104000091552734,1.3240000009536743,1.3079999685287476,1.3210999965667725,154904.0
2010-12-30,1.3215999603271484,1.3313000202178955,1.3214999437332153,1.3281999826431274,179146.0
2010-12-31,1.3286999464035034,1.3423000574111938,1.3284000158309937,1.336400032043457,89767.0
2011-01-03,1.3344000577926636,1.339400053024292,1.3248000144958496,1.3361999988555908,232011.0
2011-01-04,1.3350000381469727,1.3430999517440796,1.3286999464035034,1.3301000595092773,310679.0
2011-01-05,1.3306000232696533,1.332200050354004,1.3121000528335571,1.3145999908447266,361260.0
2011-01-06,1.315000057220459,1.316499948501587,1.2992000579833984,1.3009999990463257,388774.0
2011-01-07,1.2999999523162842,1.302299976348877,1.2900999784469604,1.2928999662399292,436215.0
2011-01-10,1.2892999649047852,1.2961000204086304,1.2869999408721924,1.2948999404907227,301045.0
2011-01-11,1.2943999767303467,1.2989000082015991,1.2898000478744507,1.2965999841690063,321036.0
2011-01-12,1.2971999645233154,1.3142000436782837,1.295699954032898,1.3128000497817993,465059.0
2011-01-13,1.3121999502182007,1.3379000425338745,1.30840003490448,1.3343000411987305,518037.0
2011-01-14,1.3344999551773071,1.3452999591827393,1.3309999704360962,1.3352999687194824,358114.0
2011-01-18,1.336899995803833,1.3461999893188477,1.3234000205993652,1.3380000591278076,539424.0
2011-01-19,1.3381999731063843,1.3533999919891357,1.3361999988555908,1.3452999591827393,384487.0
2011-01-20,1.34660005569458,1.3517999649047852,1.3389999866485596,1.34660005569458,384487.0
2011-01-21,1.3456000089645386,1.3622000217437744,1.3442000150680542,1.3590999841690063,326435.0
2011-01-24,1.360200047492981,1.3680000305175781,1.3532999753952026,1.3629000186920166,296429.0
2011-01-25,1.3631999492645264,1.3696000576019287,1.356600046157837,1.3662999868392944,393954.0
2011-01-26,1.3672000169754028,1.371399998664856,1.3631999492645264,1.3674999475479126,297228.0
2011-01-27,1.3691999912261963,1.3753000497817993,1.3629000186920166,1.3722000122070312,384226.0
2011-01-28,1.372499942779541,1.3739999532699585,1.3575999736785889,1.3609000444412231,368088.0
2011-01-31,1.3574999570846558,1.3733999729156494,1.3564000129699707,1.3688000440597534,332910.0
2011-02-01,1.368299961090088,1.3835999965667725,1.3681999444961548,1.3812999725341797,365982.0
2011-02-02,1.381500005722046,1.385599970817566,1.3760000467300415,1.3791999816894531,276187.0
2011-02-03,1.3798999786376953,1.3819999694824219,1.3603999614715576,1.3629000186920166,416132.0
2011-02-04,1.3622000217437744,1.3675999641418457,1.3538000583648682,1.3579000234603882,368615.0
2011-02-07,1.3567999601364136,1.3621000051498413,1.3502000570297241,1.358199954032898,284488.0
2011-02-08,1.3574999570846558,1.368299961090088,1.3567999601364136,1.3621000051498413,350509.0
2011-02-09,1.3622000217437744,1.373900055885315,1.3603999614715576,1.3717999458312988,356255.0
2011-02-10,1.3717000484466553,1.3724000453948975,1.357200026512146,1.3586000204086304,342236.0
2011-02-11,1.3595000505447388,1.3617000579833984,1.3492000102996826,1.3533999919891357,349106.0
2011-02-14,1.3524999618530273,1.3554999828338623,1.3423999547958374,1.3478000164031982,290380.0
2011-02-15,1.3487999439239502,1.354699969291687,1.3457000255584717,1.3488999605178833,319852.0
2011-02-16,1.3485000133514404,1.3586000204086304,1.3458000421524048,1.3564000129699707,418100.0
2011-02-17,1.3554999828338623,1.3617000579833984,1.3532999753952026,1.3601000308990479,294706.0
2011-02-18,1.3604999780654907,1.371399998664856,1.354200005531311,1.3681000471115112,354605.0
2011-02-22,1.3687000274658203,1.371399998664856,1.3523000478744507,1.3658000230789185,505527.0
2011-02-23,1.3653000593185425,1.378499984741211,1.3651000261306763,1.3740999698638916,311028.0
2011-02-24,1.3746999502182007,1.3818999528884888,1.3701000213623047,1.3804999589920044,311866.0
2011-02-25,1.3798999786376953,1.3837000131607056,1.3720999956130981,1.3740999698638916,238622.0
2011-02-28,1.374500036239624,1.3854000568389893,1.371000051498413,1.3801000118255615,272105.0
2011-03-01,1.3803000450134277,1.3853000402450562,1.376099944114685,1.3769999742507935,276952.0
2011-03-02,1.3774000406265259,1.3890000581741333,1.3741999864578247,1.3860000371932983,336858.0
2011-03-03,1.386299967765808,1.3975000381469727,1.3831000328063965,1.3955999612808228,432965.0
2011-03-04,1.395900011062622,1.4006999731063843,1.3938000202178955,1.3984999656677246,342618.0
2011-03-07,1.3990000486373901,1.403499960899353,1.395400047302246,1.3966000080108643,235370.0
2011-03-08,1.3968000411987305,1.398800015449524,1.3860000371932983,1.3901000022888184,297445.0
2011-03-09,1.3904000520706177,1.3940999507904053,1.3854000568389893,1.3903000354766846,228511.0
2011-03-10,1.3905999660491943,1.3924000263214111,1.3774000406265259,1.3795000314712524,312115.0
2011-03-11,1.3798999786376953,1.3914999961853027,1.375100016593933,1.388700008392334,121316.0
2011-03-14,1.3971999883651733,1.3981000185012817,1.3904999494552612,1.396399974822998,273759.0
2011-03-15,1.3969000577926636,1.3995000123977661,1.3835999965667725,1.3977999687194824,380356.0
2011-03-16,1.3976999521255493,1.3983999490737915,1.3847999572753906,1.388200044631958,370287.0
2011-03-17,1.3904000520706177,1.4035999774932861,1.3849999904632568,1.398800015449524,311103.0
2011-03-18,1.399899959564209,1.416700005531311,1.3961999416351318,1.413699984550476,289168.0
2011-03-21,1.4158999919891357,1.4220999479293823,1.4119999408721924,1.420699954032898,233494.0
2011-03-22,1.419700026512146,1.4228999614715576,1.4158999919891357,1.4184999465942383,218874.0
2011-03-23,1.4183000326156616,1.419600009918213,1.406599998474121,1.4103000164031982,310573.0
2011-03-24,1.4076000452041626,1.420199990272522,1.403499960899353,1.4163999557495117,291925.0
2011-03-25,1.4155999422073364,1.4176000356674194,1.4035999774932861,1.4050999879837036,236849.0
2011-03-28,1.402899980545044,1.4097000360488892,1.399999976158142,1.4077999591827393,237107.0
2011-03-29,1.406499981880188,1.4129999876022339,1.4026000499725342,1.4068000316619873,277555.0
2011-03-30,1.4088000059127808,1.4128999710083008,1.4031000137329102,1.409999966621399,293284.0
2011-03-31,1.4106999635696411,1.4213999509811401,1.409600019454956,1.4180999994277954,313084.0
2011-04-01,1.4150999784469604,1.422700047492981,1.404099941253662,1.4215999841690063,402264.0
2011-04-04,1.4217000007629395,1.4249000549316406,1.4172999858856201,1.419800043106079,204570.0
2011-04-05,1.4199999570846558,1.4226000308990479,1.413100004196167,1.4205000400543213,258552.0
2011-04-06,1.420199990272522,1.4328999519348145,1.419700026512146,1.431399941444397,312891.0
2011-04-07,1.430899977684021,1.4315999746322632,1.4221999645233154,1.4278000593185425,337531.0
2011-04-08,1.4282000064849854,1.4467999935150146,1.4270000457763672,1.4414000511169434,257705.0
2011-04-11,1.4430999755859375,1.4462000131607056,1.440000057220459,1.4407999515533447,174733.0
2011-04-12,1.441499948501587,1.4500000476837158,1.4356000423431396,1.4465999603271484,299001.0
2011-04-13,1.4458999633789062,1.4500000476837158,1.4392000436782837,1.4420000314712524,269514.0
2011-04-14,1.4423999786376953,1.4494999647140503,1.434499979019165,1.447100043296814,299102.0
2011-04-15,1.4467999935150146,1.4484000205993652,1.437000036239624,1.44159996509552,255421.0
2011-04-18,1.4399000406265259,1.4401999711990356,1.413699984550476,1.4214999675750732,408656.0
2011-04-19,1.4213999509811401,1.43340003490448,1.4185999631881714,1.4321000576019287,258471.0
2011-04-20,1.431399941444397,1.4531999826431274,1.4311000108718872,1.4496999979019165,310725.0
2011-04-21,1.4505000114440918,1.4630999565124512,1.448699951171875,1.4555000066757202,276678.0
2011-04-25,1.454699993133545,1.4608999490737915,1.4507999420166016,1.4566999673843384,103252.0
2011-04-26,1.4562000036239624,1.4639999866485596,1.44760000705719,1.461400032043457,241838.0
2011-04-27,1.4629000425338745,1.4778000116348267,1.461400032043457,1.472100019454956,313572.0
2011-04-28,1.4757000207901,1.4864000082015991,1.4754999876022339,1.4802000522613525,279673.0
2011-04-29,1.4807000160217285,1.486199975013733,1.4780999422073364,1.4819999933242798,178997.0
2011-05-02,1.4809999465942383,1.4884999990463257,1.4744000434875488,1.4830000400543213,214345.0
2011-05-03,1.4809000492095947,1.4874000549316406,1.4737999439239502,1.480299949645996,288611.0
2011-05-04,1.4807000160217285,1.4924999475479126,1.4758000373840332,1.483299970626831,374774.0
2011-05-05,1.4812999963760376,1.4883999824523926,1.4495999813079834,1.4507999420166016,509966.0
2011-05-06,1.4523999691009521,1.4574999809265137,1.4293999671936035,1.4322999715805054,541290.0
2011-05-09,1.4350999593734741,1.4429999589920044,1.4242000579833984,1.4323999881744385,386539.0
2011-05-10,1.433899998664856,1.4401999711990356,1.4257999658584595,1.4383000135421753,320311.0
2011-05-11,1.4399000406265259,1.4413000345230103,1.416100025177002,1.4184000492095947,360158.0
2011-05-12,1.4190000295639038,1.4266999959945679,1.4114999771118164,1.4219000339508057,369384.0
2011-05-13,1.4230999946594238,1.4329999685287476,1.4055999517440796,1.409999966621399,390026.0
2011-05-16,1.407099962234497,1.4235999584197998,1.4038000106811523,1.4179999828338623,313519.0
2011-05-17,1.4150999784469604,1.423200011253357,1.4111000299453735,1.4218000173568726,349355.0
2011-05-18,1.4225000143051147,1.427899956703186,1.4185999631881714,1.4215999841690063,288025.0
2011-05-19,1.424399971961975,1.4319000244140625,1.419800043106079,1.430299997329712,346643.0
2011-05-20,1.430299997329712,1.433899998664856,1.412600040435791,1.419800043106079,421575.0
2011-05-23,1.4129999876022339,1.4139000177383423,1.396299958229065,1.405400037765503,412595.0
2011-05-24,1.4043999910354614,1.4127000570297241,1.3995000123977661,1.4103000164031982,310004.0
2011-05-25,1.4091999530792236,1.4112999439239502,1.4005999565124512,1.406999945640564,377507.0
2011-05-26,1.4077999591827393,1.420300006866455,1.4062999486923218,1.413699984550476,375246.0
2011-05-27,1.413100004196167,1.4299999475479126,1.4121999740600586,1.426800012588501,328971.0
2011-05-31,1.430799961090088,1.442199945449829,1.4254000186920166,1.4378999471664429,339937.0
2011-06-01,1.4388999938964844,1.4457999467849731,1.4318000078201294,1.436900019645691,362977.0
2011-06-02,1.4329999685287476,1.451200008392334,1.4321999549865723,1.4479999542236328,339442.0
2011-06-03,1.4486000537872314,1.4641000032424927,1.4448000192642212,1.4622000455856323,364897.0
2011-06-06,1.4629000425338745,1.4658000469207764,1.4555000066757202,1.4585000276565552,235621.0
2011-06-07,1.457900047302246,1.469499945640564,1.4562000036239624,1.4692000150680542,281977.0
2011-06-08,1.4687999486923218,1.4692000150680542,1.4562000036239624,1.4577000141143799,312970.0
2011-06-09,1.4577000141143799,1.46589994430542,1.44760000705719,1.4508999586105347,357202.0
2011-06-10,1.4509999752044678,1.455199956893921,1.4321999549865723,1.4351999759674072,119993.0
2011-06-13,1.43340003490448,1.4397000074386597,1.4321999549865723,1.4393999576568604,210274.0
2011-06-14,1.437399983406067,1.4456000328063965,1.433899998664856,1.4426000118255615,231077.0
2011-06-15,1.4400999546051025,1.440999984741211,1.4118000268936157,1.4132000207901,412224.0
2011-06-16,1.4129999876022339,1.4185999631881714,1.4039000272750854,1.4103000164031982,415302.0
2011-06-17,1.4176000356674194,1.430299997329712,1.40910005569458,1.4276000261306763,319613.0
2011-06-20,1.423699975013733,1.4291000366210938,1.4154000282287598,1.4266999959945679,241768.0
2011-06-21,1.4270000457763672,1.438599944114685,1.4259999990463257,1.437999963760376,259111.0
2011-06-22,1.4368000030517578,1.4407000541687012,1.4306000471115112,1.4337999820709229,287842.0
2011-06-23,1.430299997329712,1.430400013923645,1.4092999696731567,1.4182000160217285,398872.0
2011-06-24,1.4229999780654907,1.427299976348877,1.4108999967575073,1.4138000011444092,310735.0
2011-06-27,1.4155000448226929,1.426300048828125,1.406999945640564,1.42330002784729,293388.0
2011-06-28,1.4258999824523926,1.4365999698638916,1.4204000234603882,1.4330999851226807,365362.0
2011-06-29,1.4337999820709229,1.44159996509552,1.4292000532150269,1.4393999576568604,344987.0
2011-06-30,1.4400999546051025,1.450700044631958,1.4394999742507935,1.448799967765808,290440.0
2011-07-01,1.4462000131607056,1.4520000219345093,1.440500020980835,1.4478000402450562,251737.0
2011-07-05,1.451200008392334,1.454699993133545,1.4364999532699585,1.438099980354309,318440.0
2011-07-06,1.4397000074386597,1.4436999559402466,1.4256000518798828,1.4265999794006348,299631.0
2011-07-07,1.4291000366210938,1.434499979019165,1.419100046157837,1.4320000410079956,340487.0
2011-07-08,1.4329999685287476,1.434000015258789,1.4176000356674194,1.4213999509811401,369874.0
2011-07-11,1.4191999435424805,1.4199999570846558,1.395799994468689,1.3996000289916992,419777.0
2011-07-12,1.401900053024292,1.4036999940872192,1.381100058555603,1.399999976158142,573663.0
2011-07-13,1.3941999673843384,1.4164999723434448,1.392300009727478,1.4117000102996826,436217.0
2011-07-14,1.4189000129699707,1.4255000352859497,1.4086999893188477,1.4107999801635742,371851.0
2011-07-15,1.4120999574661255,1.4172999858856201,1.406499981880188,1.4107999801635742,288739.0
2011-07-18,1.409999966621399,1.4107999801635742,1.398800015449524,1.4056999683380127,277153.0
2011-07-19,1.4077999591827393,1.4192999601364136,1.4042999744415283,1.4107999801635742,372547.0
2011-07-20,1.4127999544143677,1.4215999841690063,1.4107999801635742,1.4200999736785889,304958.0
2011-07-21,1.419600009918213,1.4413000345230103,1.4113999605178833,1.4390000104904175,491312.0
2011-07-22,1.4393999576568604,1.4414000511169434,1.4299999475479126,1.434399962425232,264324.0
2011-07-25,1.437999963760376,1.4384000301361084,1.4300999641418457,1.4362000226974487,235496.0
2011-07-26,1.4355000257492065,1.4505000114440918,1.4335999488830566,1.4498000144958496,286679.0
2011-07-27,1.4490000009536743,1.4514000415802002,1.4319000244140625,1.4351999759674072,333394.0
2011-07-28,1.4349000453948975,1.4381999969482422,1.4234000444412231,1.4292000532150269,305232.0
2011-07-29,1.430799961090088,1.4398000240325928,1.4212000370025635,1.4348000288009644,360049.0
2011-08-01,1.433899998664856,1.4437999725341797,1.4169000387191772,1.4249000549316406,389581.0
2011-08-02,1.423799991607666,1.4270999431610107,1.4139000177383423,1.4179999828338623,371534.0
2011-08-03,1.4178999662399292,1.4332000017166138,1.413100004196167,1.429800033569336,420381.0
2011-08-04,1.4345999956130981,1.4355000257492065,1.406999945640564,1.4120999574661255,577693.0
2011-08-05,1.4076999425888062,1.4285999536514282,1.404099941253662,1.4249999523162842,513927.0
2011-08-08,1.4349000453948975,1.4392999410629272,1.4119999408721924,1.4178999662399292,470736.0
2011-08-09,1.4160000085830688,1.4371999502182007,1.4144999980926514,1.4208999872207642,485590.0
2011-08-10,1.4385000467300415,1.4394999742507935,1.4154000282287598,1.4192999601364136,457078.0
2011-08-11,1.4156999588012695,1.4290000200271606,1.4098000526428223,1.420799970626831,448990.0
2011-08-12,1.4230999946594238,1.4285999536514282,1.4142999649047852,1.423799991607666,275331.0
2011-08-15,1.4256000518798828,1.4471999406814575,1.4256000518798828,1.4443999528884888,307301.0
2011-08-16,1.444100022315979,1.4466999769210815,1.4348000288009644,1.4388999938964844,317023.0
2011-08-17,1.4393999576568604,1.451200008392334,1.4319000244140625,1.444599986076355,320199.0
2011-08-18,1.4417999982833862,1.444700002670288,1.4264999628067017,1.4320000410079956,325556.0
2011-08-19,1.4322999715805054,1.4449000358581543,1.4253000020980835,1.4381999969482422,313366.0
2011-08-22,1.4371999502182007,1.4429999589920044,1.4342000484466553,1.4366999864578247,182568.0
2011-08-23,1.4350999593734741,1.4496999979019165,1.4349000453948975,1.4420000314712524,277467.0
2011-08-24,1.4428999423980713,1.4478000402450562,1.437399983406067,1.44159996509552,256054.0
2011-08-25,1.440500020980835,1.4471999406814575,1.4321999549865723,1.436400055885315,321648.0
2011-08-26,1.437000036239624,1.4500000476837158,1.4323999881744385,1.4479999542236328,350854.0
2011-08-29,1.4490000009536743,1.455299973487854,1.4462000131607056,1.4502999782562256,164570.0
2011-08-30,1.4509999752044678,1.4529999494552612,1.437999963760376,1.444700002670288,243875.0
2011-08-31,1.443600058555603,1.4465999603271484,1.4355000257492065,1.4377000331878662,246224.0
2011-09-01,1.437600016593933,1.4378000497817993,1.4223999977111816,1.4270000457763672,290076.0
2011-09-02,1.4258999824523926,1.4286999702453613,1.4179999828338623,1.4184000492095947,262475.0
2011-09-06,1.416200041770935,1.4283000230789185,1.3969000577926636,1.3985999822616577,605886.0
2011-09-07,1.399999976158142,1.4148999452590942,1.3990999460220337,1.4089000225067139,286012.0
2011-09-08,1.4092999696731567,1.409500002861023,1.3870999813079834,1.388800024986267,378127.0
2011-09-09,1.3885999917984009,1.3934999704360962,1.3624999523162842,1.3658000230789185,472976.0
2011-09-12,1.3573999404907227,1.3695000410079956,1.3496999740600586,1.3574999570846558,389990.0
2011-09-13,1.3661999702453613,1.3738000392913818,1.3555999994277954,1.371000051498413,423176.0
2011-09-14,1.367799997329712,1.3782000541687012,1.3589999675750732,1.374899983406067,381821.0
2011-09-15,1.3741999864578247,1.3938000202178955,1.370300054550171,1.3889000415802002,269199.0
2011-09-16,1.3883999586105347,1.3883999586105347,1.3753000497817993,1.3795000314712524,79709.0
2011-09-19,1.3680000305175781,1.37090003490448,1.3597999811172485,1.3605999946594238,318921.0
2011-09-20,1.3667999505996704,1.3738000392913818,1.3585000038146973,1.367799997329712,307611.0
2011-09-21,1.3691999912261963,1.37909996509552,1.3553999662399292,1.3665000200271606,352799.0
2011-09-22,1.357699990272522,1.3594000339508057,1.3380000591278076,1.3464000225067139,455837.0
2011-09-23,1.3458000421524048,1.3562999963760376,1.3414000272750854,1.3454999923706055,359907.0
2011-09-26,1.350100040435791,1.3545000553131104,1.3357000350952148,1.345900058746338,399493.0
2011-09-27,1.3519999980926514,1.3661999702453613,1.3473999500274658,1.3638999462127686,370514.0
2011-09-28,1.358199954032898,1.368399977684021,1.3524999618530273,1.357100009918213,307418.0
2011-09-29,1.3523000478744507,1.3674999475479126,1.3513000011444092,1.3555999994277954,279130.0
2011-09-30,1.3580000400543213,1.3595999479293823,1.3380000591278076,1.3415000438690186,323034.0
2011-10-03,1.3352999687194824,1.3379000425338745,1.316100001335144,1.3216999769210815,376287.0
2011-10-04,1.3183000087738037,1.3367999792099,1.3142000436782837,1.3236000537872314,416518.0
2011-10-05,1.3330999612808228,1.3380000591278076,1.325600028038025,1.3351000547409058,356614.0
2011-10-06,1.3344999551773071,1.344499945640564,1.3235000371932983,1.3416999578475952,451604.0
2011-10-07,1.3424999713897705,1.3517999649047852,1.3352999687194824,1.3380999565124512,329607.0
2011-10-10,1.3381999731063843,1.36899995803833,1.3371000289916992,1.365399956703186,256950.0
2011-10-11,1.3626999855041504,1.3675999641418457,1.3557000160217285,1.3653000593185425,286387.0
2011-10-12,1.3639999628067017,1.3825000524520874,1.357300043106079,1.3779000043869019,316600.0
2011-10-13,1.3770999908447266,1.381700038909912,1.3675999641418457,1.377500057220459,304876.0
2011-10-14,1.3763999938964844,1.3884999752044678,1.371399998664856,1.3869999647140503,283759.0
2011-10-17,1.3870999813079834,1.3904999494552612,1.3717000484466553,1.3734999895095825,282897.0
2011-10-18,1.3727999925613403,1.381100058555603,1.3645000457763672,1.3733999729156494,338900.0
2011-10-19,1.3726999759674072,1.386199951171875,1.3717000484466553,1.373900055885315,291119.0
2011-10-20,1.375100016593933,1.3837000131607056,1.36489999294281,1.3762999773025513,428480.0
2011-10-21,1.3767999410629272,1.3897000551223755,1.3696999549865723,1.3859000205993652,290552.0
2011-10-24,1.3861000537872314,1.3948999643325806,1.381500005722046,1.3940000534057617,279707.0
2011-10-25,1.3925000429153442,1.395400047302246,1.3841999769210815,1.3919999599456787,343739.0
2011-10-26,1.3904000520706177,1.3969999551773071,1.3791999816894531,1.3890000581741333,353908.0
2011-10-27,1.3890999555587769,1.4241000413894653,1.3858000040054321,1.4200999736785889,432110.0
2011-10-28,1.4175000190734863,1.4194999933242798,1.412600040435791,1.4148000478744507,233050.0
2011-10-31,1.4146000146865845,1.416599988937378,1.382200002670288,1.3919999599456787,342132.0
2011-11-01,1.3854999542236328,1.3866000175476074,1.3603999614715576,1.3707000017166138,432717.0
2011-11-02,1.3693000078201294,1.3825000524520874,1.3632999658584595,1.3756999969482422,300005.0
2011-11-03,1.3740999698638916,1.3854000568389893,1.3652000427246094,1.3830000162124634,446224.0
2011-11-04,1.3811999559402466,1.3878999948501587,1.3708000183105469,1.3773000240325928,321864.0
2011-11-07,1.3773000240325928,1.3818999528884888,1.367799997329712,1.3770999908447266,267747.0
2011-11-08,1.3766000270843506,1.384600043296814,1.3722000122070312,1.3839999437332153,268761.0
2011-11-09,1.3830000162124634,1.385699987411499,1.3521000146865845,1.3539999723434448,424486.0
2011-11-10,1.3526999950408936,1.3653000593185425,1.3483999967575073,1.358199954032898,340140.0
2011-11-11,1.36080002784729,1.3795000314712524,1.357800006866455,1.3747999668121338,236711.0
2011-11-14,1.377500057220459,1.3794000148773193,1.3589999675750732,1.3610999584197998,229167.0
2011-11-15,1.3622000217437744,1.3639999628067017,1.3494999408721924,1.354200005531311,260681.0
2011-11-16,1.3526999950408936,1.3558000326156616,1.3428000211715698,1.351099967956543,299129.0
2011-11-17,1.3457000255584717,1.3539999723434448,1.3420000076293945,1.3464000225067139,324009.0
2011-11-18,1.34660005569458,1.3614000082015991,1.3446999788284302,1.3513000011444092,288299.0
2011-11-21,1.3522000312805176,1.3543000221252441,1.343000054359436,1.3495999574661255,272027.0
2011-11-22,1.3487999439239502,1.3568999767303467,1.3467999696731567,1.350600004196167,270548.0
2011-11-23,1.3515000343322754,1.3530999422073364,1.3319000005722046,1.332800030708313,319717.0
2011-11-25,1.3345999717712402,1.3411999940872192,1.3212000131607056,1.3238999843597412,305688.0
2011-11-28,1.3315000534057617,1.3401000499725342,1.327299952507019,1.330299973487854,246194.0
2011-11-29,1.3312000036239624,1.3444000482559204,1.3286000490188599,1.3329999446868896,306908.0
2011-11-30,1.3331999778747559,1.3535000085830688,1.3259999752044678,1.3436000347137451,441324.0
2011-12-01,1.344099998474121,1.3522000312805176,1.3416999578475952,1.3456000089645386,280158.0
2011-12-02,1.3459999561309814,1.3550000190734863,1.3361999988555908,1.340399980545044,281905.0
2011-12-05,1.3407000303268433,1.3487000465393066,1.3372999429702759,1.340000033378601,249473.0
2011-12-06,1.3394999504089355,1.342900037765503,1.333299994468689,1.340999960899353,231102.0
2011-12-07,1.3402999639511108,1.3452999591827393,1.3350000381469727,1.3395999670028687,259934.0
2011-12-08,1.3415000438690186,1.3460999727249146,1.3287999629974365,1.3336000442504883,366724.0
2011-12-09,1.3350000381469727,1.343400001525879,1.3280999660491943,1.3371000289916992,295942.0
2011-12-12,1.3360999822616577,1.3377000093460083,1.3163000345230103,1.318600058555603,260451.0
2011-12-13,1.3172999620437622,1.323699951171875,1.3008999824523926,1.3037999868392944,387751.0
2011-12-14,1.3033000230789185,1.30649995803833,1.2944999933242798,1.2975000143051147,273640.0
2011-12-15,1.2984999418258667,1.3050999641418457,1.295799970626831,1.301200032234192,210055.0
2011-12-16,1.301900029182434,1.308500051498413,1.2994999885559082,1.3026000261306763,65955.0
2011-12-19,1.3035000562667847,1.3041000366210938,1.29830002784729,1.3021999597549438,158626.0
2011-12-20,1.3006999492645264,1.3142000436782837,1.3003000020980835,1.30840003490448,191054.0
2011-12-21,1.3092000484466553,1.3223999738693237,1.3037999868392944,1.3056999444961548,235154.0
2011-12-22,1.305799961090088,1.3133000135421753,1.302899956703186,1.305799961090088,147047.0
2011-12-23,1.3066999912261963,1.3108999729156494,1.3040000200271606,1.3071000576019287,77608.0
2011-12-27,1.308899998664856,1.3097000122070312,1.3071999549865723,1.3083000183105469,37818.0
2011-12-28,1.3082000017166138,1.309499979019165,1.2924000024795532,1.295300006866455,177098.0
2011-12-29,1.2954000234603882,1.2978999614715576,1.2869000434875488,1.294700026512146,141379.0
2011-12-30,1.2961000204086304,1.3007999658584595,1.2914999723434448,1.2968000173568726,115573.0
2012-01-03,1.3047000169754028,1.308500051498413,1.3020000457763672,1.3063000440597534,137120.0
2012-01-04,1.305899977684021,1.3079999685287476,1.2904000282287598,1.2943999767303467,216058.0
2012-01-05,1.294800043106079,1.295199990272522,1.2776999473571777,1.2791999578475952,266261.0
2012-01-06,1.2798000574111938,1.281999945640564,1.270300030708313,1.2728999853134155,227148.0
2012-01-09,1.2699999809265137,1.279099941253662,1.267300009727478,1.2761000394821167,186645.0
2012-01-10,1.2773000001907349,1.2824000120162964,1.2747000455856323,1.2795000076293945,214390.0
2012-01-11,1.2777999639511108,1.2793999910354614,1.2663999795913696,1.2699999809265137,289336.0
2012-01-12,1.271299958229065,1.2848000526428223,1.2702000141143799,1.2832000255584717,321518.0
2012-01-13,1.281499981880188,1.2884000539779663,1.2626999616622925,1.267199993133545,400353.0
2012-01-17,1.26419997215271,1.281999945640564,1.2627999782562256,1.2724000215530396,373270.0
2012-01-18,1.2740999460220337,1.2871999740600586,1.2735999822616577,1.284000039100647,353752.0
2012-01-19,1.2856999635696411,1.2975000143051147,1.28410005569458,1.2936999797821045,285083.0
2012-01-20,1.2969000339508057,1.2989000082015991,1.2889000177383423,1.2925000190734863,241537.0
2012-01-23,1.2884999513626099,1.3056000471115112,1.2879999876022339,1.3020000457763672,270677.0
2012-01-24,1.3016999959945679,1.3065999746322632,1.2956000566482544,1.3025000095367432,308386.0
2012-01-25,1.3034000396728516,1.312399983406067,1.2933000326156616,1.3086999654769897,365623.0
2012-01-26,1.3102999925613403,1.318600058555603,1.3092999458312988,1.3109999895095825,279417.0
2012-01-27,1.3107000589370728,1.323699951171875,1.307800054550171,1.3207000494003296,331156.0
2012-01-30,1.3217999935150146,1.3223999738693237,1.307800054550171,1.312600016593933,218465.0
2012-01-31,1.3142999410629272,1.3215999603271484,1.3042999505996704,1.3085999488830566,317545.0
2012-02-01,1.3092999458312988,1.322100043296814,1.3027000427246094,1.3157999515533447,348285.0
2012-02-02,1.3169000148773193,1.3198000192642212,1.3085999488830566,1.3142999410629272,294235.0
2012-02-03,1.3147000074386597,1.3216999769210815,1.3066999912261963,1.3154000043869019,357602.0
2012-02-06,1.3122999668121338,1.3143999576568604,1.3028000593185425,1.3125,279685.0
2012-02-07,1.312600016593933,1.3279999494552612,1.3091000318527222,1.3248000144958496,383182.0
2012-02-08,1.3259999752044678,1.3289999961853027,1.3221999406814575,1.3252999782562256,276607.0
2012-02-09,1.3252999782562256,1.3324999809265137,1.3215999603271484,1.3289999961853027,308723.0
2012-02-10,1.3287999629974365,1.329200029373169,1.3157000541687012,1.317199945449829,246746.0
2012-02-13,1.323699951171875,1.3285000324249268,1.31850004196167,1.3205000162124634,209072.0
2012-02-14,1.3174999952316284,1.3217999935150146,1.3079999685287476,1.309399962425232,281658.0
2012-02-15,1.3134000301361084,1.319200038909912,1.3044999837875366,1.3063000440597534,321141.0
2012-02-16,1.3063000440597534,1.316100001335144,1.2975000143051147,1.3141000270843506,358451.0
2012-02-17,1.3134000301361084,1.3199000358581543,1.3115999698638916,1.3158999681472778,232493.0
2012-02-21,1.3206000328063965,1.3294999599456787,1.3181999921798706,1.3246999979019165,384165.0
2012-02-22,1.3229999542236328,1.326799988746643,1.3212000131607056,1.3244999647140503,238054.0
2012-02-23,1.3249000310897827,1.3380999565124512,1.323199987411499,1.3336000442504883,320659.0
2012-02-24,1.3370000123977661,1.3487999439239502,1.335800051689148,1.3459999561309814,263776.0
2012-02-27,1.3459999561309814,1.3473000526428223,1.3366999626159668,1.3398000001907349,258732.0
2012-02-28,1.339400053024292,1.3473000526428223,1.3389999866485596,1.3458000421524048,250559.0
2012-02-29,1.3458000421524048,1.3487000465393066,1.3315000534057617,1.333899974822998,345085.0
2012-03-01,1.332200050354004,1.3357000350952148,1.3281999826431274,1.3315999507904053,246951.0
2012-03-02,1.3316999673843384,1.333400011062622,1.3187999725341797,1.3206000328063965,260353.0
2012-03-05,1.3200000524520874,1.3243999481201172,1.316100001335144,1.322700023651123,220586.0
2012-03-06,1.3215999603271484,1.322700023651123,1.3104000091552734,1.3106000423431396,280597.0
2012-03-07,1.311900019645691,1.316499948501587,1.3095999956130981,1.3149000406265259,248830.0
2012-03-08,1.315000057220459,1.329200029373169,1.313599944114685,1.327299952507019,289207.0
2012-03-09,1.3273999691009521,1.3277000188827515,1.3097000122070312,1.3107000589370728,308977.0
2012-03-12,1.3114999532699585,1.315999984741211,1.3079999685287476,1.3149000406265259,221268.0
2012-03-13,1.315000057220459,1.319200038909912,1.3051999807357788,1.3072999715805054,321411.0
2012-03-14,1.3080999851226807,1.3091000318527222,1.3011000156402588,1.302299976348877,270176.0
2012-03-15,1.302899956703186,1.312000036239624,1.3004000186920166,1.3097000122070312,214767.0
2012-03-16,1.3080999851226807,1.3186999559402466,1.304900050163269,1.3172999620437622,61899.0
2012-03-19,1.3179999589920044,1.3184000253677368,1.3142000436782837,1.3157999515533447,224237.0
2012-03-20,1.3243999481201172,1.3258999586105347,1.3178000450134277,1.3236000537872314,208459.0
2012-03-21,1.3229000568389893,1.329200029373169,1.31850004196167,1.3209999799728394,245811.0
2012-03-22,1.3220000267028809,1.3260999917984009,1.3140000104904175,1.3187999725341797,243903.0
2012-03-23,1.3206000328063965,1.3300000429153442,1.319599986076355,1.3270000219345093,241136.0
2012-03-26,1.3271000385284424,1.337399959564209,1.319700002670288,1.3349000215530396,261180.0
2012-03-27,1.3359999656677246,1.3391000032424927,1.3319000005722046,1.3341000080108643,182687.0
2012-03-28,1.332200050354004,1.3379000425338745,1.3281999826431274,1.332800030708313,239588.0
2012-03-29,1.332200050354004,1.3351000547409058,1.325700044631958,1.329200029373169,226316.0
2012-03-30,1.3308000564575195,1.3382999897003174,1.330299973487854,1.333899974822998,236775.0
2012-04-02,1.3365000486373901,1.3387000560760498,1.3282999992370605,1.333799958229065,240814.0
2012-04-03,1.3323999643325806,1.337399959564209,1.3217999935150146,1.3220000267028809,301290.0
2012-04-04,1.3241000175476074,1.3244999647140503,1.3112000226974487,1.3141000270843506,274349.0
2012-04-05,1.3147000074386597,1.3169000148773193,1.3040000200271606,1.3068000078201294,233636.0
2012-04-09,1.3100999593734741,1.3140000104904175,1.3036999702453613,1.3127000331878662,104022.0
2012-04-10,1.3114999532699585,1.315000057220459,1.305899977684021,1.3082000017166138,291464.0
2012-04-11,1.308899998664856,1.3163000345230103,1.3071999549865723,1.3104000091552734,227979.0
2012-04-12,1.3112000226974487,1.3217999935150146,1.3106000423431396,1.3200000524520874,274580.0
2012-04-13,1.319200038909912,1.3206000328063965,1.3073999881744385,1.3083000183105469,242328.0
2012-04-16,1.3075000047683716,1.3154000043869019,1.2999999523162842,1.3138999938964844,303925.0
2012-04-17,1.3137999773025513,1.3178000450134277,1.309499979019165,1.3142999410629272,226444.0
2012-04-18,1.3131999969482422,1.3145999908447266,1.3061000108718872,1.312999963760376,242766.0
2012-04-19,1.312399983406067,1.3170000314712524,1.3071999549865723,1.313599944114685,303320.0
2012-04-20,1.3138999938964844,1.323199987411499,1.3131999969482422,1.3219000101089478,243875.0
2012-04-23,1.3193999528884888,1.3214000463485718,1.3107000589370728,1.3148000240325928,226354.0
2012-04-24,1.3163000345230103,1.3221999406814575,1.3148000240325928,1.3193000555038452,224930.0
2012-04-25,1.3199000358581543,1.3238999843597412,1.3174999952316284,1.323199987411499,246699.0
2012-04-26,1.3222999572753906,1.3265999555587769,1.320099949836731,1.3241000175476074,225954.0
2012-04-27,1.3200000524520874,1.327299952507019,1.315999984741211,1.326200008392334,224478.0
2012-04-30,1.3246999979019165,1.3269000053405762,1.3210999965667725,1.3242000341415405,149908.0
2012-05-01,1.3243000507354736,1.3286999464035034,1.3207000494003296,1.323199987411499,158386.0
2012-05-02,1.3240000009536743,1.3244999647140503,1.312399983406067,1.3164000511169434,258790.0
2012-05-03,1.3158999681472778,1.3183000087738037,1.3097000122070312,1.3151999711990356,236027.0
2012-05-04,1.3154000043869019,1.3181999921798706,1.3082000017166138,1.308899998664856,237586.0
2012-05-07,1.3029999732971191,1.3068000078201294,1.295699954032898,1.305400013923645,227383.0
2012-05-08,1.3062000274658203,1.3066999912261963,1.2984000444412231,1.3029999732971191,273862.0
2012-05-09,1.3004000186920166,1.3008999824523926,1.2913000583648682,1.294800043106079,333777.0
2012-05-10,1.2935999631881714,1.2980999946594238,1.2925000190734863,1.295300006866455,253654.0
2012-05-11,1.2930999994277954,1.2958999872207642,1.2905999422073364,1.2924000024795532,221596.0
2012-05-14,1.2884999513626099,1.2906999588012695,1.2822999954223633,1.284500002861023,268593.0
2012-05-15,1.2827999591827393,1.2870999574661255,1.2723000049591064,1.2735999822616577,358548.0
2012-05-16,1.2734999656677246,1.2761000394821167,1.2683000564575195,1.2724000215530396,364621.0
2012-05-17,1.2717000246047974,1.2752000093460083,1.266800045967102,1.2714999914169312,320573.0
2012-05-18,1.2685999870300293,1.2796000242233276,1.2644000053405762,1.273900032043457,307173.0
2012-05-21,1.2776999473571777,1.2826000452041626,1.2726000547409058,1.2790000438690186,227694.0
2012-05-22,1.2811000347137451,1.2819000482559204,1.2659000158309937,1.2719999551773071,290187.0
2012-05-23,1.2680000066757202,1.2689000368118286,1.2546000480651855,1.2574000358581543,397628.0
2012-05-24,1.2588000297546387,1.2621999979019165,1.2516000270843506,1.2525999546051025,347365.0
2012-05-25,1.2538000345230103,1.2604000568389893,1.2496000528335571,1.2517999410629272,278740.0
2012-05-29,1.2569999694824219,1.2625000476837158,1.2461999654769897,1.248900055885315,408604.0
2012-05-30,1.2489999532699585,1.249400019645691,1.236199975013733,1.2381000518798828,363376.0
2012-05-31,1.2371000051498413,1.242900013923645,1.2337000370025635,1.236799955368042,354135.0
2012-06-01,1.2360999584197998,1.2461999654769897,1.2288000583648682,1.2412999868392944,458185.0
2012-06-04,1.243499994277954,1.251099944114685,1.2386000156402588,1.2493000030517578,238948.0
2012-06-05,1.249500036239624,1.2542999982833862,1.2410000562667847,1.2446000576019287,259090.0
2012-06-06,1.2452000379562378,1.2587000131607056,1.2440999746322632,1.2546000480651855,379706.0
2012-06-07,1.257599949836731,1.2626999616622925,1.253999948501587,1.2603000402450562,336903.0
2012-06-08,1.2562999725341797,1.2575000524520874,1.243499994277954,1.2506999969482422,312801.0
2012-06-11,1.2647000551223755,1.2669999599456787,1.2481000423431396,1.249899983406067,354648.0
2012-06-12,1.246999979019165,1.253000020980835,1.2443000078201294,1.250100016593933,375779.0
2012-06-13,1.250499963760376,1.2611000537872314,1.2474000453948975,1.2589000463485718,360912.0
2012-06-14,1.256600022315979,1.263800024986267,1.2542999982833862,1.26010000705719,297009.0
2012-06-15,1.2630000114440918,1.267699956893921,1.2591999769210815,1.263700008392334,63702.0
2012-06-18,1.2740000486373901,1.2747999429702759,1.2581000328063965,1.2596999406814575,306255.0
2012-06-19,1.2587000131607056,1.2740999460220337,1.2577999830245972,1.2698999643325806,312893.0
2012-06-20,1.2696000337600708,1.2753000259399414,1.2646000385284424,1.2676000595092773,307192.0
2012-06-21,1.270900011062622,1.2711000442504883,1.25409996509552,1.2562999725341797,364723.0
2012-06-22,1.2556999921798706,1.2594000101089478,1.2527999877929688,1.257200002670288,251484.0
2012-06-25,1.2563999891281128,1.2568999528884888,1.2481000423431396,1.250599980354309,214261.0
2012-06-26,1.2510000467300415,1.2541999816894531,1.2451000213623047,1.250599980354309,273601.0
2012-06-27,1.2503999471664429,1.2518999576568604,1.2454999685287476,1.2467999458312988,197694.0
2012-06-28,1.2479000091552734,1.253499984741211,1.2417000532150269,1.2436000108718872,278698.0
2012-06-29,1.2451000213623047,1.270300030708313,1.2443000078201294,1.266800045967102,388212.0
2012-07-02,1.267799973487854,1.2682000398635864,1.2577999830245972,1.2592999935150146,223942.0
2012-07-03,1.259600043296814,1.2639000415802002,1.2569999694824219,1.2621999979019165,184384.0
2012-07-05,1.2618999481201172,1.2618999481201172,1.2374000549316406,1.2401000261306763,403817.0
2012-07-06,1.2408000230789185,1.2414000034332275,1.2271000146865845,1.2282999753952026,291598.0
2012-07-09,1.2280000448226929,1.2336000204086304,1.2266000509262085,1.232100009918213,218836.0
2012-07-10,1.232800006866455,1.2345000505447388,1.2245999574661255,1.2263000011444092,226816.0
2012-07-11,1.226099967956543,1.2308000326156616,1.2222000360488892,1.2231999635696411,229414.0
2012-07-12,1.225100040435791,1.2259000539779663,1.2175999879837036,1.2206000089645386,204599.0
2012-07-13,1.2210999727249146,1.226699948310852,1.2171000242233276,1.225100040435791,227048.0
2012-07-16,1.225600004196167,1.2301000356674194,1.218400001525879,1.228600025177002,211953.0
2012-07-17,1.2280999422073364,1.232699990272522,1.2196999788284302,1.229699969291687,264786.0
2012-07-18,1.2300000190734863,1.2316999435424805,1.222499966621399,1.2272000312805176,214863.0
2012-07-19,1.229200005531311,1.2335000038146973,1.2237000465393066,1.228700041770935,255789.0
2012-07-20,1.228600025177002,1.229200005531311,1.2152999639511108,1.2167999744415283,245281.0
2012-07-23,1.2131999731063843,1.215399980545044,1.2075999975204468,1.2135000228881836,284732.0
2012-07-24,1.212499976158142,1.2146999835968018,1.2051000595092773,1.2071000337600708,240980.0
2012-07-25,1.2071000337600708,1.217900037765503,1.2060999870300293,1.2166999578475952,281130.0
2012-07-26,1.2158000469207764,1.2337000370025635,1.212399959564209,1.2293000221252441,338189.0
2012-07-27,1.2285000085830688,1.2396999597549438,1.2246999740600586,1.2316999435424805,348129.0
2012-07-30,1.2309999465942383,1.2316999435424805,1.2232999801635742,1.2268999814987183,182033.0
2012-07-31,1.2265000343322754,1.2338000535964966,1.225600004196167,1.2312999963760376,221689.0
2012-08-01,1.2305999994277954,1.2344000339508057,1.222499966621399,1.2243000268936157,211572.0
2012-08-02,1.2236000299453735,1.2412999868392944,1.2139999866485596,1.218000054359436,478120.0
2012-08-03,1.2187999486923218,1.23989999294281,1.2173000574111938,1.2381999492645264,300265.0
2012-08-06,1.239799976348877,1.2450000047683716,1.2346999645233154,1.2400000095367432,209578.0
2012-08-07,1.2402000427246094,1.2447999715805054,1.2381000518798828,1.2417000532150269,172830.0
2012-08-08,1.2403000593185425,1.2407000064849854,1.2331000566482544,1.2359999418258667,185922.0
2012-08-09,1.2369999885559082,1.2391999959945679,1.2269999980926514,1.2300000190734863,189274.0
2012-08-10,1.2309000492095947,1.232200026512146,1.2244999408721924,1.229699969291687,167683.0
2012-08-13,1.229200005531311,1.2378000020980835,1.2265000343322754,1.2338000535964966,185556.0
2012-08-14,1.2335000038146973,1.2389999628067017,1.2319999933242798,1.2335000038146973,182943.0
2012-08-15,1.232200026512146,1.2347999811172485,1.226699948310852,1.2293000221252441,160227.0
2012-08-16,1.2293000221252441,1.2376999855041504,1.2258000373840332,1.2366000413894653,221999.0
2012-08-17,1.2359000444412231,1.2386000156402588,1.229200005531311,1.2323999404907227,198739.0
2012-08-20,1.2342000007629395,1.2372000217437744,1.2297999858856201,1.2351000308990479,183922.0
2012-08-21,1.2348999977111816,1.2491999864578247,1.2348999977111816,1.246999979019165,267939.0
2012-08-22,1.2473000288009644,1.2542999982833862,1.243399977684021,1.2532000541687012,264389.0
2012-08-23,1.253100037574768,1.2592999935150146,1.2526999711990356,1.2568000555038452,229424.0
2012-08-24,1.2568000555038452,1.2574000358581543,1.2482999563217163,1.2520999908447266,229786.0
2012-08-27,1.2511999607086182,1.2539000511169434,1.2491999864578247,1.250499963760376,114497.0
2012-08-28,1.25,1.2580000162124634,1.2467000484466553,1.256500005722046,208471.0
2012-08-29,1.2568000555038452,1.257599949836731,1.2520999908447266,1.2529000043869019,177805.0
2012-08-30,1.2532999515533447,1.256600022315979,1.2488000392913818,1.2509000301361084,183075.0
2012-08-31,1.2509000301361084,1.2640000581741333,1.2496000528335571,1.2582000494003296,312652.0
2012-09-04,1.2581000328063965,1.2630000114440918,1.2555999755859375,1.2574000358581543,268497.0
2012-09-05,1.2568000555038452,1.2625999450683594,1.2503000497817993,1.26010000705719,301738.0
2012-09-06,1.2604000568389893,1.2654000520706177,1.2561999559402466,1.264799952507019,324973.0
2012-09-07,1.2633999586105347,1.281999945640564,1.2626999616622925,1.2798000574111938,324900.0
2012-09-10,1.280900001525879,1.2811000347137451,1.2755999565124512,1.2769999504089355,198491.0
2012-09-11,1.2760000228881836,1.2871999740600586,1.2757999897003174,1.2861000299453735,284159.0
2012-09-12,1.2854000329971313,1.2937999963760376,1.281499981880188,1.2894999980926514,404035.0
2012-09-13,1.2898999452590942,1.3004000186920166,1.2855000495910645,1.2985999584197998,346801.0
2012-09-14,1.298799991607666,1.3169000148773193,1.2979999780654907,1.3118000030517578,109323.0
2012-09-17,1.3125,1.317199945449829,1.30840003490448,1.3142999410629272,235533.0
2012-09-18,1.312399983406067,1.312999963760376,1.3041000366210938,1.304800033569336,227799.0
2012-09-19,1.3056000471115112,1.3097000122070312,1.3004000186920166,1.3073999881744385,264759.0
2012-09-20,1.3056999444961548,1.3070000410079956,1.2929999828338623,1.2980999946594238,277597.0
2012-09-21,1.297700047492981,1.305899977684021,1.2965999841690063,1.3000999689102173,281069.0
2012-09-24,1.298799991607666,1.2991000413894653,1.2901999950408936,1.294700026512146,210912.0
2012-09-25,1.2943999767303467,1.29830002784729,1.2898000478744507,1.2937999963760376,256749.0
2012-09-26,1.2913999557495117,1.2924000024795532,1.284600019454956,1.2870999574661255,242644.0
2012-09-27,1.2884000539779663,1.2940000295639038,1.2839000225067139,1.2927000522613525,288116.0
2012-09-28,1.2924000024795532,1.2970999479293823,1.2848999500274658,1.2862000465393066,305925.0
2012-10-01,1.2857999801635742,1.2949999570846558,1.2812999486923218,1.2896000146865845,282079.0
2012-10-02,1.2897000312805176,1.2978999614715576,1.2890000343322754,1.2925000190734863,234486.0
2012-10-03,1.2928999662399292,1.294700026512146,1.2888000011444092,1.2908999919891357,226853.0
2012-10-04,1.2918000221252441,1.3041000366210938,1.291700005531311,1.3028000593185425,308299.0
2012-10-05,1.3025000095367432,1.3079999685287476,1.3001999855041504,1.3042000532150269,247356.0
2012-10-08,1.3033000230789185,1.3034000396728516,1.2944999933242798,1.2984000444412231,162322.0
2012-10-09,1.2977999448776245,1.2999999523162842,1.2863999605178833,1.289199948310852,308267.0
2012-10-10,1.289199948310852,1.292199969291687,1.2843999862670898,1.2905000448226929,217687.0
2012-10-11,1.2865999937057495,1.2960000038146973,1.2833000421524048,1.2937999963760376,223709.0
2012-10-12,1.2939000129699707,1.2999999523162842,1.2929999828338623,1.2964999675750732,199900.0
2012-10-15,1.2963000535964966,1.298699975013733,1.2898000478744507,1.2948999404907227,194490.0
2012-10-16,1.295799970626831,1.3069000244140625,1.2949999570846558,1.3049999475479126,273330.0
2012-10-17,1.3098000288009644,1.3147000074386597,1.309000015258789,1.3131999969482422,237578.0
2012-10-18,1.3121000528335571,1.313599944114685,1.3062000274658203,1.3070000410079956,237217.0
2012-10-19,1.3075000047683716,1.30840003490448,1.301900029182434,1.3029999732971191,217244.0
2012-10-22,1.3034000396728516,1.309000015258789,1.3021999597549438,1.3051999807357788,205135.0
2012-10-23,1.3069000244140625,1.3082000017166138,1.295699954032898,1.2978999614715576,245218.0
2012-10-24,1.2994999885559082,1.3003000020980835,1.2926000356674194,1.2979999780654907,228980.0
2012-10-25,1.2976000308990479,1.302899956703186,1.2932000160217285,1.2955000400543213,226534.0
2012-10-26,1.2944999933242798,1.2962000370025635,1.288699984550476,1.2939000129699707,261817.0
2012-10-31,1.2965999841690063,1.3027000427246094,1.295199990272522,1.2967000007629395,213027.0
2012-11-01,1.2961000204086304,1.298799991607666,1.2929999828338623,1.2941999435424805,189227.0
2012-11-02,1.294800043106079,1.2956000566482544,1.2826000452041626,1.2831000089645386,276549.0
2012-11-05,1.2826000452041626,1.2847000360488892,1.2771999835968018,1.2792999744415283,219459.0
2012-11-06,1.2799999713897705,1.2832000255584717,1.2767000198364258,1.282099962234497,234289.0
2012-11-07,1.2817000150680542,1.288100004196167,1.2740999460220337,1.2773000001907349,361792.0
2012-11-08,1.277500033378601,1.2781000137329102,1.2720999717712402,1.2752000093460083,297795.0
2012-11-09,1.274999976158142,1.2793999910354614,1.2692999839782715,1.2716000080108643,286917.0
2012-11-12,1.2719000577926636,1.2742999792099,1.2700999975204468,1.2717000246047974,147452.0
2012-11-13,1.2711999416351318,1.273300051689148,1.2664999961853027,1.270900011062622,309295.0
2012-11-14,1.2706999778747559,1.2786999940872192,1.2705999612808228,1.274999976158142,269791.0
2012-11-15,1.273800015449524,1.2806999683380127,1.2720999717712402,1.2776999473571777,243579.0
2012-11-16,1.27839994430542,1.2788000106811523,1.2692999839782715,1.2730000019073486,254596.0
2012-11-19,1.2746000289916992,1.2824000120162964,1.2742999792099,1.2811000347137451,215057.0
2012-11-20,1.2786999940872192,1.2832000255584717,1.2768000364303589,1.280900001525879,238921.0
2012-11-21,1.2818000316619873,1.2835999727249146,1.273900032043457,1.2827999591827393,238434.0
2012-11-23,1.2829999923706055,1.299399971961975,1.2829999923706055,1.298799991607666,308294.0
2012-11-26,1.2973999977111816,1.298699975013733,1.294600009918213,1.2964999675750732,180265.0
2012-11-27,1.299299955368042,1.301200032234192,1.291700005531311,1.2935999631881714,243441.0
2012-11-28,1.294100046157837,1.295699954032898,1.288100004196167,1.2934000492095947,233723.0
2012-11-29,1.295300006866455,1.3016999959945679,1.294100046157837,1.2976000308990479,246992.0
2012-11-30,1.2978999614715576,1.3030999898910522,1.2969000339508057,1.2999999523162842,268334.0
2012-12-03,1.2994999885559082,1.307800054550171,1.2990000247955322,1.305899977684021,273625.0
2012-12-04,1.305899977684021,1.3109999895095825,1.3047000169754028,1.3100999593734741,253280.0
2012-12-05,1.3097000122070312,1.312999963760376,1.3061000108718872,1.3079999685287476,253686.0
2012-12-06,1.3071999549865723,1.3087999820709229,1.2950999736785889,1.2963999509811401,319195.0
2012-12-07,1.2960000038146973,1.2973999977111816,1.2877000570297241,1.292799949645996,270296.0
2012-12-10,1.2897000312805176,1.294700026512146,1.288599967956543,1.2939000129699707,176719.0
2012-12-11,1.2942999601364136,1.3015999794006348,1.2928999662399292,1.3004000186920166,237328.0
2012-12-12,1.3008999824523926,1.3099000453948975,1.2996000051498413,1.3082000017166138,266906.0
2012-12-13,1.3071999549865723,1.3100999593734741,1.3041000366210938,1.3077000379562378,237395.0
2012-12-14,1.3076000213623047,1.3173999786376953,1.3065999746322632,1.315999984741211,82323.0
2012-12-17,1.3187999725341797,1.319100022315979,1.3144999742507935,1.3171000480651855,160781.0
2012-12-18,1.3173999786376953,1.3251999616622925,1.3167999982833862,1.323099970817566,181264.0
2012-12-19,1.3235000371932983,1.3321000337600708,1.3235000371932983,1.3258999586105347,228297.0
2012-12-20,1.3217999935150146,1.3308000564575195,1.3212000131607056,1.3251999616622925,204854.0
2012-12-21,1.3260999917984009,1.3260999917984009,1.3170000314712524,1.3186999559402466,202083.0
2012-12-24,1.319200038909912,1.3246999979019165,1.3183000087738037,1.320099949836731,59433.0
2012-12-26,1.3220000267028809,1.32669997215271,1.3199000358581543,1.323199987411499,53665.0
2012-12-27,1.3235000371932983,1.3294999599456787,1.3213000297546387,1.3249000310897827,154306.0
2012-12-28,1.3244999647140503,1.3265999555587769,1.3174999952316284,1.323099970817566,132099.0
2012-12-31,1.322700023651123,1.3244999647140503,1.3180999755859375,1.3207999467849731,103044.0
2013-01-02,1.325700044631958,1.3288999795913696,1.3162000179290771,1.3184000253677368,170097.0
2013-01-03,1.3194999694824219,1.3198000192642212,1.3055000305175781,1.3069000244140625,253804.0
2013-01-04,1.3049999475479126,1.309999942779541,1.3005000352859497,1.3079999685287476,263072.0
2013-01-07,1.308500051498413,1.3128000497817993,1.3025000095367432,1.312000036239624,229282.0
2013-01-08,1.313599944114685,1.3148000240325928,1.306399941444397,1.3091000318527222,228038.0
2013-01-09,1.3091000318527222,1.3104000091552734,1.3043999671936035,1.3062000274658203,221294.0
2013-01-10,1.3065999746322632,1.3279999494552612,1.3046000003814697,1.3258999586105347,344492.0
2013-01-11,1.3276000022888184,1.3372999429702759,1.3255000114440918,1.3345999717712402,307899.0
2013-01-14,1.337499976158142,1.3413000106811523,1.3342000246047974,1.3385000228881836,225105.0
2013-01-15,1.3381999731063843,1.3401000499725342,1.3270000219345093,1.330399990081787,305268.0
2013-01-16,1.3306000232696533,1.3331999778747559,1.326200008392334,1.3295999765396118,265806.0
2013-01-17,1.329699993133545,1.339400053024292,1.3276000022888184,1.3392000198364258,291059.0
2013-01-18,1.3380999565124512,1.340399980545044,1.3286000490188599,1.3324999809265137,297890.0
2013-01-22,1.3316999673843384,1.3377000093460083,1.3272000551223755,1.3323999643325806,400822.0
2013-01-23,1.3325999975204468,1.3359999656677246,1.3269000053405762,1.3324999809265137,234950.0
2013-01-24,1.3316999673843384,1.3398000001907349,1.3291000127792358,1.3378000259399414,286929.0
2013-01-25,1.3382999897003174,1.3485000133514404,1.3353999853134155,1.3468999862670898,324884.0
2013-01-28,1.3467999696731567,1.3481999635696411,1.342900037765503,1.3459999561309814,214356.0
2013-01-29,1.3451000452041626,1.3502999544143677,1.3417999744415283,1.3490999937057495,275612.0
2013-01-30,1.3493000268936157,1.3592000007629395,1.3486000299453735,1.3569999933242798,287947.0
2013-01-31,1.357100009918213,1.3597999811172485,1.3545000553131104,1.357800006866455,240654.0
2013-02-01,1.3588999509811401,1.371500015258789,1.3587000370025635,1.3665000200271606,404628.0
2013-02-04,1.365399956703186,1.3658000230789185,1.3509000539779663,1.3523000478744507,278973.0
2013-02-05,1.3503999710083008,1.360200047492981,1.3461999893188477,1.3588000535964966,364363.0
2013-02-06,1.3587000370025635,1.3600000143051147,1.3496999740600586,1.3529000282287598,277241.0
2013-02-07,1.3523000478744507,1.3581000566482544,1.337399959564209,1.3407000303268433,451520.0
2013-02-08,1.339900016784668,1.3432999849319458,1.3356000185012817,1.3365999460220337,271248.0
2013-02-11,1.337399959564209,1.3430999517440796,1.3359999656677246,1.3392000198364258,216669.0
2013-02-12,1.340399980545044,1.3480000495910645,1.3366999626159668,1.344599962234497,251774.0
2013-02-13,1.3452999591827393,1.3523000478744507,1.342900037765503,1.3451000452041626,246183.0
2013-02-14,1.3451999425888062,1.345900058746338,1.3316999673843384,1.3350000381469727,261089.0
2013-02-15,1.3361999988555908,1.3395999670028687,1.3308000564575195,1.335800051689148,237879.0
2013-02-19,1.3349000215530396,1.339900016784668,1.3323999643325806,1.3391000032424927,303420.0
2013-02-20,1.3388999700546265,1.3437000513076782,1.327299952507019,1.3286999464035034,313250.0
2013-02-21,1.3287999629974365,1.329200029373169,1.3163000345230103,1.317199945449829,368309.0
2013-02-22,1.3193000555038452,1.3246999979019165,1.3147000074386597,1.3180999755859375,283086.0
2013-02-25,1.3194999694824219,1.3321000337600708,1.3049999475479126,1.3121999502182007,459601.0
2013-02-26,1.3063000440597534,1.312600016593933,1.3020000457763672,1.3056000471115112,449110.0
2013-02-27,1.3066999912261963,1.3149000406265259,1.3042000532150269,1.3128999471664429,346071.0
2013-02-28,1.313599944114685,1.3164000511169434,1.3055000305175781,1.30649995803833,281712.0
2013-03-01,1.3068000078201294,1.3102999925613403,1.2967000007629395,1.3020000457763672,325169.0
2013-03-04,1.3015999794006348,1.3033000230789185,1.29830002784729,1.3025000095367432,210759.0
2013-03-05,1.3028000593185425,1.3076000213623047,1.3011000156402588,1.3042000532150269,212788.0
2013-03-06,1.3044999837875366,1.3071999549865723,1.2964999675750732,1.2996000051498413,220283.0
2013-03-07,1.2975000143051147,1.311900019645691,1.2973999977111816,1.3107999563217163,387020.0
2013-03-08,1.3105000257492065,1.3135000467300415,1.2955000400543213,1.3003000020980835,346277.0
2013-03-11,1.2996000051498413,1.3055000305175781,1.2979999780654907,1.3042000532150269,179065.0
2013-03-12,1.3046000003814697,1.3076000213623047,1.2991000413894653,1.3027000427246094,252971.0
2013-03-13,1.3029999732971191,1.3065999746322632,1.2924000024795532,1.2960000038146973,315432.0
2013-03-14,1.2960000038146973,1.3033000230789185,1.291100025177002,1.2999000549316406,296271.0
2013-03-15,1.3001999855041504,1.3107000589370728,1.2999999523162842,1.305400013923645,68072.0
2013-03-18,1.2914999723434448,1.2973999977111816,1.2883000373840332,1.2958999872207642,349691.0
2013-03-19,1.2968000173568726,1.2977999448776245,1.2851999998092651,1.2884000539779663,410877.0
2013-03-20,1.2877000570297241,1.298799991607666,1.2865999937057495,1.2954000234603882,319590.0
2013-03-21,1.2950999736785889,1.2963999509811401,1.288699984550476,1.2924000024795532,314672.0
2013-03-22,1.2903000116348267,1.301900029182434,1.2897000312805176,1.2991000413894653,294940.0
2013-03-25,1.2975000143051147,1.309399962425232,1.2836999893188477,1.2871999740600586,400240.0
2013-03-26,1.2857999801635742,1.2898999452590942,1.2835999727249146,1.2864999771118164,265665.0
2013-03-27,1.2865999937057495,1.2874000072479248,1.2757999897003174,1.2782000303268433,289448.0
2013-03-28,1.2785999774932861,1.2851999998092651,1.2762000560760498,1.2822999954223633,270700.0
2013-04-01,1.2819000482559204,1.287500023841858,1.2777999639511108,1.285599946975708,95747.0
2013-04-02,1.2851999998092651,1.2884999513626099,1.281599998474121,1.2821999788284302,217356.0
2013-04-03,1.2827999591827393,1.2870999574661255,1.2797000408172607,1.2853000164031982,215762.0
2013-04-04,1.285099983215332,1.2956000566482544,1.2750999927520752,1.2943999767303467,448553.0
2013-04-05,1.294100046157837,1.3047000169754028,1.2906999588012695,1.301900029182434,298273.0
2013-04-08,1.2999000549316406,1.3043999671936035,1.2975000143051147,1.3008999824523926,185838.0
2013-04-09,1.3021999597549438,1.3109999895095825,1.3009999990463257,1.3105000257492065,245324.0
2013-04-10,1.3085999488830566,1.3128000497817993,1.305799961090088,1.306399941444397,213917.0
2013-04-11,1.3073999881744385,1.3144999742507935,1.3049999475479126,1.3118000030517578,237955.0
2013-04-12,1.3109999895095825,1.3131999969482422,1.3042000532150269,1.308500051498413,243121.0
2013-04-15,1.3113000392913818,1.3114999532699585,1.3027000427246094,1.3044999837875366,250289.0
2013-04-16,1.304900050163269,1.3207999467849731,1.3030999898910522,1.319599986076355,317540.0
2013-04-17,1.3180999755859375,1.3205000162124634,1.3006000518798828,1.3020000457763672,354125.0
2013-04-18,1.3041000366210938,1.3100999593734741,1.3027000427246094,1.305299997329712,252896.0
2013-04-19,1.3062000274658203,1.3135000467300415,1.3050999641418457,1.3065999746322632,218846.0
2013-04-22,1.3072999715805054,1.308899998664856,1.301900029182434,1.306399941444397,185711.0
2013-04-23,1.3068000078201294,1.309000015258789,1.297700047492981,1.2994999885559082,274475.0
2013-04-24,1.3006999492645264,1.3039000034332275,1.2958999872207642,1.3027000427246094,241850.0
2013-04-25,1.301800012588501,1.3098000288009644,1.299299955368042,1.3020999431610107,271446.0
2013-04-26,1.3014999628067017,1.3051999807357788,1.299399971961975,1.3033000230789185,210625.0
2013-04-29,1.3061000108718872,1.3121000528335571,1.3035999536514282,1.3100999593734741,209470.0
2013-04-30,1.3095999956130981,1.319100022315979,1.3056999444961548,1.31659996509552,285067.0
2013-05-01,1.3171000480651855,1.3248000144958496,1.316499948501587,1.3216999769210815,198603.0
2013-05-02,1.3186999559402466,1.3221999406814575,1.3040000200271606,1.3061000108718872,440047.0
2013-05-03,1.3068000078201294,1.3164000511169434,1.3035000562667847,1.3113000392913818,297214.0
2013-05-06,1.3121000528335571,1.3144999742507935,1.3056000471115112,1.3080999851226807,133956.0
2013-05-07,1.307800054550171,1.3135000467300415,1.3071000576019287,1.3087999820709229,183012.0
2013-05-08,1.3083000183105469,1.3198000192642212,1.3075000047683716,1.3162000179290771,235593.0
2013-05-09,1.315999984741211,1.3180999755859375,1.301200032234192,1.301900029182434,282023.0
2013-05-10,1.3047000169754028,1.305400013923645,1.2937999963760376,1.2985999584197998,302174.0
2013-05-13,1.2978999614715576,1.3003000020980835,1.2943999767303467,1.2972999811172485,213180.0
2013-05-14,1.29830002784729,1.3032000064849854,1.291100025177002,1.2939000129699707,283856.0
2013-05-15,1.2932000160217285,1.2944999933242798,1.284500002861023,1.2877000570297241,287148.0
2013-05-16,1.2884000539779663,1.2932000160217285,1.2848000526428223,1.2908999919891357,264742.0
2013-05-17,1.2888000011444092,1.289199948310852,1.2798000574111938,1.2831000089645386,265709.0
2013-05-20,1.2848000526428223,1.2903000116348267,1.2821999788284302,1.2898999452590942,196063.0
2013-05-21,1.288699984550476,1.2935999631881714,1.2842999696731567,1.2903000116348267,258625.0
2013-05-22,1.2908999919891357,1.2999999523162842,1.2834999561309814,1.2843999862670898,397720.0
2013-05-23,1.2853000164031982,1.2958999872207642,1.2822999954223633,1.2933000326156616,325451.0
2013-05-24,1.2934000492095947,1.2994999885559082,1.2905999422073364,1.2919000387191772,238648.0
2013-05-28,1.2937999963760376,1.295199990272522,1.285099983215332,1.287600040435791,308706.0
2013-05-29,1.285599946975708,1.2979999780654907,1.2839000225067139,1.2935999631881714,307771.0
2013-05-30,1.2939000129699707,1.3063000440597534,1.2934999465942383,1.3046000003814697,309070.0
2013-05-31,1.3047000169754028,1.305999994277954,1.2944999933242798,1.29830002784729,290258.0
2013-06-03,1.2991000413894653,1.3108999729156494,1.2956000566482544,1.3072999715805054,294332.0
2013-06-04,1.3072999715805054,1.3102999925613403,1.3042999505996704,1.3082000017166138,225479.0
2013-06-05,1.30840003490448,1.3118000030517578,1.305400013923645,1.3086999654769897,250417.0
2013-06-06,1.3092000484466553,1.3307000398635864,1.3075000047683716,1.3246999979019165,472383.0
2013-06-07,1.3241000175476074,1.3286000490188599,1.319100022315979,1.3223999738693237,308499.0
2013-06-10,1.320199966430664,1.3270000219345093,1.3178000450134277,1.326200008392334,248889.0
2013-06-11,1.325700044631958,1.3317999839782715,1.323199987411499,1.3308000564575195,324546.0
2013-06-12,1.3313000202178955,1.3360999822616577,1.3265000581741333,1.3329999446868896,287078.0
2013-06-13,1.333799958229065,1.3391000032424927,1.3278000354766846,1.3345999717712402,257137.0
2013-06-14,1.3375999927520752,1.3375999927520752,1.3294999599456787,1.3341000080108643,63540.0
2013-06-17,1.3349000215530396,1.3358999490737915,1.3319000005722046,1.3342000246047974,173366.0
2013-06-18,1.3370000123977661,1.3423000574111938,1.3331999778747559,1.3410999774932861,242700.0
2013-06-19,1.340000033378601,1.3423999547958374,1.326799988746643,1.3274999856948853,224135.0
2013-06-20,1.330199956893921,1.3308000564575195,1.3166999816894531,1.320099949836731,359499.0
2013-06-21,1.323099970817566,1.3259999752044678,1.3104000091552734,1.3145999908447266,274016.0
2013-06-24,1.3113000392913818,1.315000057220459,1.30649995803833,1.312999963760376,278469.0
2013-06-25,1.3128000497817993,1.315600037574768,1.3070000410079956,1.3095999956130981,246203.0
2013-06-26,1.3086999654769897,1.3092000484466553,1.298799991607666,1.3007999658584595,273191.0
2013-06-27,1.301200032234192,1.3062000274658203,1.3004000186920166,1.3051999807357788,231530.0
2013-06-28,1.3042999505996704,1.3107999563217163,1.2994999885559082,1.302299976348877,266624.0
2013-07-01,1.3013999462127686,1.3071999549865723,1.3008999824523926,1.3063000440597534,189879.0
2013-07-02,1.3066999912261963,1.3082000017166138,1.2967000007629395,1.2980999946594238,263432.0
2013-07-03,1.29830002784729,1.3036999702453613,1.2927000522613525,1.3016999959945679,237293.0
2013-07-05,1.301200032234192,1.3028000593185425,1.2807999849319458,1.2833000421524048,431229.0
2013-07-08,1.2826999425888062,1.288599967956543,1.281499981880188,1.2877999544143677,182993.0
2013-07-09,1.2872999906539917,1.2900999784469604,1.2755000591278076,1.2790000438690186,283410.0
2013-07-10,1.2789000272750854,1.2990000247955322,1.2768000364303589,1.288599967956543,299164.0
2013-07-11,1.3015999794006348,1.3212000131607056,1.3007999658584595,1.3100999593734741,378770.0
2013-07-12,1.3099000453948975,1.3102999925613403,1.3003000020980835,1.3063000440597534,220465.0
2013-07-15,1.3069000244140625,1.3083000183105469,1.2996000051498413,1.3070000410079956,180810.0
2013-07-16,1.3068000078201294,1.3178000450134277,1.3046000003814697,1.3163000345230103,221735.0
2013-07-17,1.3158999681472778,1.31850004196167,1.3085999488830566,1.3114999532699585,253146.0
2013-07-18,1.3128000497817993,1.3128999471664429,1.3069000244140625,1.3105000257492065,172521.0
2013-07-19,1.3114999532699585,1.3157999515533447,1.3092000484466553,1.3138999938964844,146551.0
2013-07-22,1.3141000270843506,1.3221999406814575,1.3140000104904175,1.319200038909912,170678.0
2013-07-23,1.318600058555603,1.3243000507354736,1.31659996509552,1.323699951171875,170473.0
2013-07-24,1.322700023651123,1.3258999586105347,1.3178999423980713,1.319700002670288,221547.0
2013-07-25,1.320199966430664,1.3299000263214111,1.3167999982833862,1.3245999813079834,232162.0
2013-07-26,1.3276000022888184,1.3300000429153442,1.3255000114440918,1.3279000520706177,153736.0
2013-07-29,1.3284000158309937,1.329800009727478,1.3241000175476074,1.326799988746643,155080.0
2013-07-30,1.3265000581741333,1.3305000066757202,1.3236000537872314,1.3265999555587769,183935.0
2013-07-31,1.3265000581741333,1.3346999883651733,1.3208999633789062,1.333899974822998,335681.0
2013-08-01,1.3305000066757202,1.3313000202178955,1.3193000555038452,1.3215999603271484,278300.0
2013-08-02,1.3214000463485718,1.329699993133545,1.3186999559402466,1.3287999629974365,229513.0
2013-08-05,1.3286000490188599,1.330299973487854,1.3234000205993652,1.3260999917984009,155132.0
2013-08-06,1.326200008392334,1.3325999975204468,1.3248000144958496,1.3307000398635864,197013.0
2013-08-07,1.3308000564575195,1.3349000215530396,1.32669997215271,1.333400011062622,209744.0
2013-08-08,1.333799958229065,1.3401999473571777,1.332900047302246,1.3391000032424927,202519.0
2013-08-09,1.3381999731063843,1.3392000198364258,1.333400011062622,1.3342000246047974,142452.0
2013-08-12,1.3341000080108643,1.3345999717712402,1.3279000520706177,1.3312000036239624,143053.0
2013-08-13,1.330399990081787,1.3320000171661377,1.3235000371932983,1.326200008392334,219665.0
2013-08-14,1.3265999555587769,1.3284000158309937,1.3240000009536743,1.3260999917984009,169868.0
2013-08-15,1.3259999752044678,1.336400032043457,1.3207000494003296,1.3349000215530396,313774.0
2013-08-16,1.3351000547409058,1.3381999731063843,1.3312000036239624,1.3336999416351318,182199.0
2013-08-19,1.333899974822998,1.3377000093460083,1.3316999673843384,1.3344000577926636,136594.0
2013-08-20,1.3336999416351318,1.3453999757766724,1.3324999809265137,1.3421000242233276,244413.0
2013-08-21,1.3418999910354614,1.342900037765503,1.3336000442504883,1.3375999927520752,219988.0
2013-08-22,1.3358999490737915,1.337399959564209,1.3299000263214111,1.3353999853134155,200664.0
2013-08-23,1.3357000350952148,1.3411999940872192,1.333400011062622,1.3384000062942505,194675.0
2013-08-26,1.3382999897003174,1.3395999670028687,1.335800051689148,1.337399959564209,95099.0
2013-08-27,1.3371000289916992,1.340000033378601,1.3322999477386475,1.3386000394821167,206068.0
2013-08-28,1.339400053024292,1.339900016784668,1.330399990081787,1.333899974822998,209542.0
2013-08-29,1.3344000577926636,1.3344000577926636,1.3219000101089478,1.3243000507354736,225304.0
2013-08-30,1.3243000507354736,1.325600028038025,1.3172999620437622,1.3207999467849731,176576.0
2013-09-03,1.3212000131607056,1.322700023651123,1.3137999773025513,1.3169000148773193,251349.0
2013-09-04,1.3169000148773193,1.3219000101089478,1.3157000541687012,1.3207000494003296,165928.0
2013-09-05,1.3206000328063965,1.3223999738693237,1.3109999895095825,1.312000036239624,304204.0
2013-09-06,1.3118000030517578,1.319000005722046,1.3105000257492065,1.3181999921798706,237405.0
2013-09-09,1.3172999620437622,1.3280999660491943,1.31659996509552,1.3259999752044678,180752.0
2013-09-10,1.3255000114440918,1.3277000188827515,1.3229999542236328,1.326799988746643,191741.0
2013-09-11,1.3265999555587769,1.3324999809265137,1.3244999647140503,1.3309999704360962,225376.0
2013-09-12,1.3310999870300293,1.3324999809265137,1.3250000476837158,1.330399990081787,186496.0
2013-09-13,1.3300000429153442,1.332200050354004,1.3253999948501587,1.3306000232696533,54041.0
2013-09-16,1.3367999792099,1.3387000560760498,1.3341000080108643,1.3365999460220337,164112.0
2013-09-17,1.3336999416351318,1.3377000093460083,1.332900047302246,1.3361999988555908,103799.0
2013-09-18,1.3361999988555908,1.354699969291687,1.3342000246047974,1.3509000539779663,229827.0
2013-09-19,1.3513000011444092,1.357300043106079,1.3504999876022339,1.3530000448226929,224931.0
2013-09-20,1.3532999753952026,1.3552000522613525,1.350100040435791,1.3523999452590942,166089.0
2013-09-23,1.3538999557495117,1.3547999858856201,1.3481999635696411,1.3497999906539917,151457.0
2013-09-24,1.3495999574661255,1.3522000312805176,1.3466999530792236,1.3479000329971313,137957.0
2013-09-25,1.3473999500274658,1.3539999723434448,1.3464000225067139,1.3524999618530273,134855.0
2013-09-26,1.3525999784469604,1.3529000282287598,1.3473999500274658,1.3489999771118164,140716.0
2013-09-27,1.3489999771118164,1.3566999435424805,1.3476999998092651,1.3521000146865845,149897.0
2013-09-30,1.348099946975708,1.3559000492095947,1.3480000495910645,1.3526999950408936,158856.0
2013-10-01,1.3523999452590942,1.3590999841690063,1.3518999814987183,1.3532999753952026,186815.0
2013-10-02,1.3525999784469604,1.3609999418258667,1.3507000207901,1.3585000038146973,231215.0
2013-10-03,1.358199954032898,1.36489999294281,1.3580000400543213,1.3624000549316406,164740.0
2013-10-04,1.3624000549316406,1.3634999990463257,1.354099988937378,1.3558000326156616,152800.0
2013-10-07,1.3562999963760376,1.3594000339508057,1.3545000553131104,1.3580000400543213,110524.0
2013-10-08,1.3581000566482544,1.3610999584197998,1.3559999465942383,1.3568999767303467,133110.0
2013-10-09,1.357699990272522,1.3609000444412231,1.3487999439239502,1.3524999618530273,198604.0
2013-10-10,1.3529000282287598,1.3552000522613525,1.3489999771118164,1.3538000583648682,157153.0
2013-10-11,1.3528000116348267,1.3585000038146973,1.3523000478744507,1.3557000160217285,156465.0
2013-10-14,1.3559000492095947,1.360200047492981,1.3547999858856201,1.3580000400543213,95690.0
2013-10-15,1.3561999797821045,1.3573999404907227,1.3481999635696411,1.3523000478744507,208065.0
2013-10-16,1.3530999422073364,1.357100009918213,1.347499966621399,1.3535000085830688,208438.0
2013-10-17,1.3538000583648682,1.368499994277954,1.3517999649047852,1.367900013923645,242596.0
2013-10-18,1.367400050163269,1.3707000017166138,1.3661999702453613,1.3681000471115112,131453.0
2013-10-21,1.3686000108718872,1.3690999746322632,1.3653000593185425,1.3680000305175781,100967.0
2013-10-22,1.3680000305175781,1.3795000314712524,1.3664000034332275,1.378499984741211,196295.0
2013-10-23,1.378100037574768,1.3795000314712524,1.3743000030517578,1.378100037574768,168143.0
2013-10-24,1.3777999877929688,1.382699966430664,1.3766000270843506,1.3803999423980713,176744.0
2013-10-25,1.3801000118255615,1.3833999633789062,1.3775999546051025,1.3806999921798706,148588.0
2013-10-28,1.3809000253677368,1.3818999528884888,1.3775999546051025,1.3806999921798706,105828.0
2013-10-29,1.3789000511169434,1.381500005722046,1.3738000392913818,1.374899983406067,217958.0
2013-10-30,1.3746999502182007,1.3787000179290771,1.3696999549865723,1.3727999925613403,199993.0
2013-10-31,1.373900055885315,1.3739999532699585,1.3575999736785889,1.3592000007629395,286499.0
2013-11-01,1.3589999675750732,1.3590999841690063,1.3480000495910645,1.3493000268936157,241421.0
2013-11-04,1.3489999771118164,1.3525999784469604,1.3442000150680542,1.3517999649047852,142687.0
2013-11-05,1.3513000011444092,1.3523999452590942,1.3450000286102295,1.347499966621399,189195.0
2013-11-06,1.3473999500274658,1.3549000024795532,1.3468999862670898,1.3522000312805176,185159.0
2013-11-07,1.3516000509262085,1.3530000448226929,1.3293999433517456,1.3428000211715698,437521.0
2013-11-08,1.3416999578475952,1.3452999591827393,1.3317999839782715,1.3356000185012817,259995.0
2013-11-11,1.335800051689148,1.3417999744415283,1.3345999717712402,1.340399980545044,113866.0
2013-11-12,1.3406000137329102,1.3457000255584717,1.3358999490737915,1.3428000211715698,230321.0
2013-11-13,1.343500018119812,1.3499000072479248,1.3391000032424927,1.3463000059127808,230716.0
2013-11-14,1.3482999801635742,1.3494999408721924,1.3418999910354614,1.3454999923706055,192914.0
2013-11-15,1.345900058746338,1.3507000207901,1.3431999683380127,1.3489999771118164,146370.0
2013-11-18,1.3493000268936157,1.3543000221252441,1.347499966621399,1.350000023841858,122314.0
2013-11-19,1.3502999544143677,1.3547999858856201,1.3487999439239502,1.3531999588012695,200654.0
2013-11-20,1.3535000085830688,1.358199954032898,1.3414000272750854,1.3420000076293945,287387.0
2013-11-21,1.3438999652862549,1.3487999439239502,1.340000033378601,1.3460999727249146,230041.0
2013-11-22,1.3476999998092651,1.3559999465942383,1.3463000059127808,1.3551000356674194,151394.0
2013-11-25,1.3553999662399292,1.3559999465942383,1.3489999771118164,1.3516000509262085,136897.0
2013-11-26,1.3523000478744507,1.3575999736785889,1.3518999814987183,1.3574999570846558,177389.0
2013-11-27,1.3566999435424805,1.3615000247955322,1.3558000326156616,1.357300043106079,158394.0
2013-11-29,1.357699990272522,1.3623000383377075,1.3564000129699707,1.3587000370025635,184088.0
2013-12-02,1.3588000535964966,1.3616000413894653,1.3525999784469604,1.3539999723434448,182452.0
2013-12-03,1.354099988937378,1.3615000247955322,1.3523999452590942,1.3590999841690063,170532.0
2013-12-04,1.3589999675750732,1.3609000444412231,1.3528000116348267,1.3588000535964966,230474.0
2013-12-05,1.3590999841690063,1.367799997329712,1.3543000221252441,1.3675999641418457,322628.0
2013-12-06,1.3672000169754028,1.37090003490448,1.3616000413894653,1.3696000576019287,211894.0
2013-12-09,1.3710999488830566,1.3746999502182007,1.3695000410079956,1.3739999532699585,132444.0
2013-12-10,1.3737000226974487,1.3796000480651855,1.3734999895095825,1.3763999938964844,200922.0
2013-12-11,1.3760000467300415,1.381100058555603,1.3740999698638916,1.3788000345230103,248925.0
2013-12-12,1.3787000179290771,1.3803000450134277,1.3737000226974487,1.374400019645691,234536.0
2013-12-13,1.374899983406067,1.3768999576568604,1.37090003490448,1.3734999895095825,47608.0
2013-12-16,1.373900055885315,1.3797999620437622,1.3736000061035156,1.3772000074386597,153411.0
2013-12-17,1.3756999969482422,1.378000020980835,1.3720999956130981,1.3765000104904175,144624.0
2013-12-18,1.3767999410629272,1.384600043296814,1.367300033569336,1.3756999969482422,228130.0
2013-12-19,1.367400050163269,1.3694000244140625,1.36489999294281,1.3654999732971191,174579.0
2013-12-20,1.3655999898910522,1.37090003490448,1.3624999523162842,1.3672000169754028,180641.0
2013-12-23,1.3669999837875366,1.3716000318527222,1.3669999837875366,1.368899941444397,80934.0
2013-12-24,1.3696000576019287,1.3698999881744385,1.365399956703186,1.367900013923645,34364.0
2013-12-26,1.3686000108718872,1.3698999881744385,1.367900013923645,1.3690999746322632,26138.0
2013-12-27,1.3688000440597534,1.389299988746643,1.3687000274658203,1.3732999563217163,176825.0
2013-12-30,1.3759000301361084,1.3818999528884888,1.3727999925613403,1.3802000284194946,98495.0
2013-12-31,1.3796000480651855,1.3811999559402466,1.3741999864578247,1.3788000345230103,64841.0
2014-01-02,1.3725999593734741,1.3726999759674072,1.3630000352859497,1.3652000427246094,177189.0
2014-01-03,1.3667000532150269,1.3672000169754028,1.358199954032898,1.3597999811172485,149837.0
2014-01-06,1.3595999479293823,1.3653000593185425,1.357100009918213,1.3634999990463257,164085.0
2014-01-07,1.3633999824523926,1.3655999898910522,1.3595999479293823,1.3617000579833984,165968.0
2014-01-08,1.3616000413894653,1.3633999824523926,1.3552000522613525,1.358199954032898,209215.0
2014-01-09,1.3575999736785889,1.3632999658584595,1.354699969291687,1.3589999675750732,242975.0
2014-01-10,1.360200047492981,1.3687000274658203,1.357100009918213,1.3660000562667847,231614.0
2014-01-13,1.3666000366210938,1.368499994277954,1.363700032234192,1.367300033569336,138853.0
2014-01-14,1.3668999671936035,1.3700000047683716,1.36489999294281,1.367300033569336,167370.0
2014-01-15,1.3674999475479126,1.3674999475479126,1.3579000234603882,1.3598999977111816,204483.0
2014-01-16,1.3601000308990479,1.36489999294281,1.3581000566482544,1.3614000082015991,209806.0
2014-01-17,1.3615000247955322,1.3619999885559082,1.3515000343322754,1.3529000282287598,210477.0
2014-01-21,1.3530000448226929,1.3567999601364136,1.350600004196167,1.3559000492095947,247480.0
2014-01-22,1.3559000492095947,1.358299970626831,1.3532999753952026,1.354599952697754,143625.0
2014-01-23,1.3545000553131104,1.3698999881744385,1.3529000282287598,1.3696000576019287,316076.0
2014-01-24,1.3691999912261963,1.3739999532699585,1.3661999702453613,1.3675999641418457,244123.0
2014-01-27,1.3681000471115112,1.3717000484466553,1.3652000427246094,1.3666000366210938,161699.0
2014-01-28,1.367400050163269,1.3688000440597534,1.3628000020980835,1.3665000200271606,163639.0
2014-01-29,1.3654999732971191,1.368399977684021,1.360200047492981,1.3662999868392944,257429.0
2014-01-30,1.3662999868392944,1.3664000034332275,1.3543000221252441,1.3550000190734863,263799.0
2014-01-31,1.3557000160217285,1.3573999404907227,1.3479000329971313,1.3483999967575073,321695.0
2014-02-03,1.3487999439239502,1.353600025177002,1.347599983215332,1.3530999422073364,226387.0
2014-02-04,1.3526999950408936,1.3538999557495117,1.3493000268936157,1.3516000509262085,181062.0
2014-02-05,1.3515000343322754,1.3555999994277954,1.3497999906539917,1.3533999919891357,209526.0
2014-02-06,1.353600025177002,1.3619999885559082,1.348099946975708,1.3587000370025635,309945.0
2014-02-07,1.3589999675750732,1.3645999431610107,1.3551000356674194,1.3628000020980835,236950.0
2014-02-10,1.3624000549316406,1.3651000261306763,1.361799955368042,1.3640999794006348,124011.0
2014-02-11,1.364400029182434,1.368299961090088,1.3629000186920166,1.363800048828125,195525.0
2014-02-12,1.3636000156402588,1.3653000593185425,1.3561999797821045,1.3594000339508057,224243.0
2014-02-13,1.3595999479293823,1.3691999912261963,1.3585000038146973,1.367400050163269,199197.0
2014-02-14,1.367799997329712,1.3716000318527222,1.367300033569336,1.3700000047683716,146628.0
2014-02-18,1.3702000379562378,1.3770999908447266,1.3690999746322632,1.3756999969482422,238140.0
2014-02-19,1.3759000301361084,1.3773000240325928,1.372499942779541,1.374400019645691,129996.0
2014-02-20,1.3733999729156494,1.3761999607086182,1.3680000305175781,1.371999979019165,181485.0
2014-02-21,1.3722000122070312,1.3759000301361084,1.3702000379562378,1.374400019645691,135181.0
2014-02-24,1.373900055885315,1.3773000240325928,1.3708000183105469,1.3734999895095825,121043.0
2014-02-25,1.3734999895095825,1.3767000436782837,1.371500015258789,1.3741999864578247,166541.0
2014-02-26,1.3746000528335571,1.3756999969482422,1.3660999536514282,1.368299961090088,207013.0
2014-02-27,1.368299961090088,1.3726999759674072,1.364300012588501,1.3710999488830566,196496.0
2014-02-28,1.3708000183105469,1.382599949836731,1.3694000244140625,1.382200002670288,267889.0
2014-03-03,1.378600001335144,1.3792999982833862,1.3725999593734741,1.3732999563217163,183656.0
2014-03-04,1.3737000226974487,1.3782999515533447,1.3720999956130981,1.3734999895095825,154171.0
2014-03-05,1.3739999532699585,1.375,1.3707000017166138,1.3731000423431396,159592.0
2014-03-06,1.3736000061035156,1.3873000144958496,1.3710999488830566,1.3861000537872314,328406.0
2014-03-07,1.3860000371932983,1.3914999961853027,1.385200023651123,1.3871999979019165,238924.0
2014-03-10,1.3873000144958496,1.389799952507019,1.386199951171875,1.3868999481201172,146483.0
2014-03-11,1.3880000114440918,1.3880000114440918,1.3833999633789062,1.3869999647140503,179822.0
2014-03-12,1.3859000205993652,1.3914999961853027,1.3842999935150146,1.3903000354766846,242415.0
2014-03-13,1.3903000354766846,1.3967000246047974,1.3845000267028809,1.3859000205993652,352296.0
2014-03-14,1.3873000144958496,1.3938000202178955,1.3847999572753906,1.3904000520706177,82593.0
2014-03-17,1.3914999961853027,1.3946000337600708,1.3880000114440918,1.3940999507904053,133961.0
2014-03-18,1.3919999599456787,1.3941999673843384,1.3877999782562256,1.392799973487854,158446.0
2014-03-19,1.3932000398635864,1.3933000564575195,1.3808000087738037,1.3827999830245972,186383.0
2014-03-20,1.3818000555038452,1.3844000101089478,1.3746999502182007,1.3779000043869019,209266.0
2014-03-21,1.378000020980835,1.3809000253677368,1.3763999938964844,1.3791999816894531,140894.0
2014-03-24,1.3797999620437622,1.3875000476837158,1.3758000135421753,1.3837000131607056,192093.0
2014-03-25,1.3837000131607056,1.3845000267028809,1.3746999502182007,1.3825000524520874,244947.0
2014-03-26,1.382599949836731,1.382599949836731,1.3774000406265259,1.3789000511169434,143984.0
2014-03-27,1.3782000541687012,1.3795000314712524,1.3726999759674072,1.3746000528335571,177625.0
2014-03-28,1.3740999698638916,1.3772000074386597,1.3702000379562378,1.375,167417.0
2014-03-31,1.375100016593933,1.3808000087738037,1.3717000484466553,1.3774000406265259,209837.0
2014-04-01,1.3773000240325928,1.3813999891281128,1.3767999410629272,1.378999948501587,115256.0
2014-04-02,1.3792999982833862,1.3818000555038452,1.375100016593933,1.3761999607086182,122839.0
2014-04-03,1.3766000270843506,1.3808000087738037,1.3696000576019287,1.3711999654769897,284230.0
2014-04-04,1.3716000318527222,1.3729000091552734,1.3668999671936035,1.3700000047683716,226723.0
2014-04-07,1.3697999715805054,1.3746999502182007,1.3694000244140625,1.3737000226974487,104869.0
2014-04-08,1.3740999698638916,1.38100004196167,1.3734999895095825,1.3792999982833862,159641.0
2014-04-09,1.3795000314712524,1.3860000371932983,1.3777999877929688,1.3849999904632568,158264.0
2014-04-10,1.38510000705719,1.389799952507019,1.3833999633789062,1.3889000415802002,137083.0
2014-04-11,1.3884999752044678,1.3903000354766846,1.3861000537872314,1.3884999752044678,108887.0
2014-04-14,1.385599970817566,1.386199951171875,1.3805999755859375,1.3818999528884888,137542.0
2014-04-15,1.381700038909912,1.3831000328063965,1.3787000179290771,1.3808000087738037,123820.0
2014-04-16,1.381100058555603,1.3848999738693237,1.3802000284194946,1.3818999528884888,126473.0
2014-04-17,1.3813999891281128,1.3863999843597412,1.3809000253677368,1.381700038909912,109562.0
2014-04-21,1.381700038909912,1.3828999996185303,1.378499984741211,1.3794000148773193,41121.0
2014-04-22,1.3791999816894531,1.3824000358581543,1.3782000541687012,1.3801000118255615,102650.0
2014-04-23,1.3803000450134277,1.3854000568389893,1.379699945449829,1.3813999891281128,162973.0
2014-04-24,1.3813999891281128,1.3841999769210815,1.3789000511169434,1.3823000192642212,157395.0
2014-04-25,1.3831000328063965,1.3848999738693237,1.3825000524520874,1.3833999633789062,94850.0
2014-04-28,1.3839999437332153,1.3877999782562256,1.3811999559402466,1.385200023651123,153057.0
2014-04-29,1.3847999572753906,1.3876999616622925,1.3803999423980713,1.3809000253677368,179268.0
2014-04-30,1.38100004196167,1.3876999616622925,1.3767999410629272,1.3869999647140503,227572.0
2014-05-01,1.3865000009536743,1.388800024986267,1.386199951171875,1.386299967765808,59152.0
2014-05-02,1.3867000341415405,1.3880000114440918,1.3804999589920044,1.3869999647140503,196881.0
2014-05-05,1.3873000144958496,1.3884999752044678,1.3863999843597412,1.3875999450683594,79782.0
2014-05-06,1.3874000310897827,1.3949999809265137,1.3870999813079834,1.3932000398635864,167873.0
2014-05-07,1.3925000429153442,1.3938000202178955,1.3907999992370605,1.3914999961853027,130709.0
2014-05-08,1.3910000324249268,1.3992999792099,1.3831000328063965,1.385200023651123,357383.0
2014-05-09,1.3839000463485718,1.3842999935150146,1.3743000030517578,1.374500036239624,231790.0
2014-05-12,1.375499963760376,1.3773000240325928,1.3746999502182007,1.3753999471664429,101439.0
2014-05-13,1.3756999969482422,1.3769999742507935,1.3687000274658203,1.3696999549865723,214470.0
2014-05-14,1.3701000213623047,1.3730000257492065,1.3696999549865723,1.3704999685287476,146960.0
2014-05-15,1.3711999654769897,1.3731000423431396,1.3645000457763672,1.371399998664856,232853.0
2014-05-16,1.37090003490448,1.3725999593734741,1.368399977684021,1.3696999549865723,118219.0
2014-05-19,1.3696999549865723,1.3733999729156494,1.3694000244140625,1.3710999488830566,118610.0
2014-05-20,1.3708000183105469,1.3711999654769897,1.3675999641418457,1.3696000576019287,111697.0
2014-05-21,1.3697999715805054,1.3722000122070312,1.3631999492645264,1.367799997329712,175669.0
2014-05-22,1.368499994277954,1.3687000274658203,1.364400029182434,1.3650000095367432,137816.0
2014-05-23,1.3654999732971191,1.3655999898910522,1.3614000082015991,1.3625999689102173,121505.0
2014-05-27,1.3623000383377075,1.3667999505996704,1.361199975013733,1.3633999824523926,153882.0
2014-05-28,1.3633999824523926,1.363800048828125,1.3586000204086304,1.3593000173568726,142266.0
2014-05-29,1.3592000007629395,1.3625999689102173,1.3586000204086304,1.360200047492981,126642.0
2014-05-30,1.3601000308990479,1.3650000095367432,1.3597999811172485,1.3633999824523926,152758.0
2014-06-02,1.3631000518798828,1.3636000156402588,1.3586000204086304,1.3595000505447388,160355.0
2014-06-03,1.3596999645233154,1.36489999294281,1.3585000038146973,1.3623000383377075,167837.0
2014-06-04,1.3625999689102173,1.3638999462127686,1.3595999479293823,1.3598999977111816,149928.0
2014-06-05,1.3600000143051147,1.3671000003814697,1.3502000570297241,1.3658000230789185,505682.0
2014-06-06,1.3661999702453613,1.3676999807357788,1.3621000051498413,1.3646999597549438,203782.0
2014-06-09,1.3646999597549438,1.3668999671936035,1.358199954032898,1.3588000535964966,172849.0
2014-06-10,1.3592000007629395,1.3601000308990479,1.3532999753952026,1.3544000387191772,208054.0
2014-06-11,1.3545000553131104,1.3557000160217285,1.3522000312805176,1.3528000116348267,230773.0
2014-06-12,1.3532999753952026,1.357200026512146,1.351199984550476,1.3564000129699707,209557.0
2014-06-13,1.3551000356674194,1.3579000234603882,1.3521000146865845,1.3533999919891357,47042.0
2014-06-16,1.3539999723434448,1.356600046157837,1.3513000011444092,1.356600046157837,131468.0
2014-06-17,1.357800006866455,1.3593000173568726,1.354099988937378,1.354699969291687,112626.0
2014-06-18,1.3551000356674194,1.36080002784729,1.354599952697754,1.3562999963760376,168189.0
2014-06-19,1.3590999841690063,1.364799976348877,1.3588999509811401,1.3610999584197998,153177.0
2014-06-20,1.3610999584197998,1.363800048828125,1.3566999435424805,1.3595999479293823,132073.0
2014-06-23,1.3596999645233154,1.3617000579833984,1.357699990272522,1.360700011253357,102386.0
2014-06-24,1.360700011253357,1.3631999492645264,1.3587000370025635,1.3605999946594238,157381.0
2014-06-25,1.36080002784729,1.3655999898910522,1.3603999614715576,1.3631000518798828,150113.0
2014-06-26,1.3632999658584595,1.3645000457763672,1.3579000234603882,1.3610999584197998,176878.0
2014-06-27,1.3616000413894653,1.3655999898910522,1.361299991607666,1.36489999294281,118127.0
2014-06-30,1.36489999294281,1.3702000379562378,1.364400029182434,1.3697999715805054,145256.0
2014-07-01,1.3696999549865723,1.3704999685287476,1.367900013923645,1.368299961090088,120550.0
2014-07-02,1.368299961090088,1.3687000274658203,1.364300012588501,1.3658000230789185,106287.0
2014-07-03,1.3660999536514282,1.3667999505996704,1.3598999977111816,1.3605999946594238,161639.0
2014-07-07,1.3610999584197998,1.3615000247955322,1.3579000234603882,1.361199975013733,126211.0
2014-07-08,1.3609000444412231,1.3621000051498413,1.3592000007629395,1.3614000082015991,100355.0
2014-07-09,1.3616000413894653,1.3652000427246094,1.3605999946594238,1.3650000095367432,154792.0
2014-07-10,1.3645000457763672,1.365399956703186,1.3592000007629395,1.360700011253357,145228.0
2014-07-11,1.3610999584197998,1.3628000020980835,1.3595000505447388,1.361199975013733,96545.0
2014-07-14,1.3610999584197998,1.364400029182434,1.3601000308990479,1.3622000217437744,106672.0
2014-07-15,1.3623000383377075,1.3631000518798828,1.3564000129699707,1.357100009918213,210434.0
2014-07-16,1.357100009918213,1.3573999404907227,1.3523000478744507,1.3525999784469604,132949.0
2014-07-17,1.3528000116348267,1.3543000221252441,1.3518999814987183,1.3529000282287598,118396.0
2014-07-18,1.3529000282287598,1.3538000583648682,1.3493000268936157,1.3528000116348267,161533.0
2014-07-21,1.3530999422073364,1.3552000522613525,1.3515000343322754,1.3524999618530273,96406.0
2014-07-22,1.3526999950408936,1.3531999588012695,1.3460999727249146,1.3467999696731567,191543.0
2014-07-23,1.3467999696731567,1.347599983215332,1.3456000089645386,1.345900058746338,125308.0
2014-07-24,1.3463000059127808,1.3486000299453735,1.3438999652862549,1.346500039100647,146497.0
2014-07-25,1.346500039100647,1.3476999998092651,1.3422000408172607,1.3432999849319458,142916.0
2014-07-28,1.343400001525879,1.344599962234497,1.3428000211715698,1.343500018119812,79710.0
2014-07-29,1.344099998474121,1.344599962234497,1.340499997138977,1.3410999774932861,133238.0
2014-07-30,1.3410999774932861,1.3416999578475952,1.336899995803833,1.3393000364303589,197099.0
2014-07-31,1.3395999670028687,1.3402999639511108,1.3372999429702759,1.3392000198364258,167085.0
2014-08-01,1.3389999866485596,1.3446999788284302,1.3380000591278076,1.343000054359436,217944.0
2014-08-04,1.343000054359436,1.3432999849319458,1.3410999774932861,1.3421000242233276,102537.0
2014-08-05,1.3423999547958374,1.3427000045776367,1.3359999656677246,1.337399959564209,185064.0
2014-08-06,1.337399959564209,1.3389999866485596,1.3335000276565552,1.3379000425338745,199444.0
2014-08-07,1.3385000228881836,1.3395999670028687,1.333899974822998,1.3359999656677246,201751.0
2014-08-08,1.336300015449524,1.343500018119812,1.3344999551773071,1.3413000106811523,206708.0
2014-08-11,1.34089994430542,1.340999960899353,1.3381999731063843,1.3384000062942505,90749.0
2014-08-12,1.3387000560760498,1.3387999534606934,1.333799958229065,1.336899995803833,125719.0
2014-08-13,1.3370000123977661,1.3416999578475952,1.3344000577926636,1.3370000123977661,196545.0
2014-08-14,1.3365000486373901,1.340999960899353,1.3350000381469727,1.3367999792099,149068.0
2014-08-15,1.3366999626159668,1.3414000272750854,1.3359999656677246,1.340000033378601,162190.0
2014-08-18,1.339400053024292,1.340000033378601,1.3353999853134155,1.336300015449524,104859.0
2014-08-19,1.336400032043457,1.3365000486373901,1.3314000368118286,1.3321000337600708,159667.0
2014-08-20,1.3319000005722046,1.3325999975204468,1.325700044631958,1.3265000581741333,176085.0
2014-08-21,1.3257999420166016,1.3289999961853027,1.3243000507354736,1.3281999826431274,131932.0
2014-08-22,1.3281999826431274,1.329800009727478,1.3221999406814575,1.3243000507354736,207225.0
2014-08-25,1.3207999467849731,1.3212000131607056,1.31850004196167,1.3193999528884888,115049.0
2014-08-26,1.319200038909912,1.3214999437332153,1.31659996509552,1.3173999786376953,162519.0
2014-08-27,1.3171000480651855,1.3212000131607056,1.3152999877929688,1.319700002670288,190234.0
2014-08-28,1.3194999694824219,1.3221999406814575,1.315999984741211,1.31850004196167,172845.0
2014-08-29,1.3184000253677368,1.3198000192642212,1.3134000301361084,1.3135000467300415,200142.0
2014-09-02,1.312999963760376,1.3147000074386597,1.3111000061035156,1.3127000331878662,220081.0
2014-09-03,1.3134000301361084,1.316100001335144,1.3122999668121338,1.3145999908447266,191738.0
2014-09-04,1.3149000406265259,1.3154000043869019,1.292099952697754,1.2937999963760376,443017.0
2014-09-05,1.294100046157837,1.2992000579833984,1.292199969291687,1.2958999872207642,263751.0
2014-09-08,1.295300006866455,1.2960000038146973,1.2882000207901,1.2907999753952026,249022.0
2014-09-09,1.2899999618530273,1.2958999872207642,1.2860000133514404,1.2919000387191772,334354.0
2014-09-10,1.2940000295639038,1.2963999509811401,1.2884000539779663,1.2905999422073364,370262.0
2014-09-11,1.291599988937378,1.295300006866455,1.2897000312805176,1.2924000024795532,281865.0
2014-09-12,1.2925000190734863,1.2979999780654907,1.2908999919891357,1.2948999404907227,94918.0
2014-09-15,1.2968000173568726,1.2970000505447388,1.291100025177002,1.2937999963760376,157102.0
2014-09-16,1.294800043106079,1.3006000518798828,1.2930999994277954,1.2969000339508057,213185.0
2014-09-17,1.2967000007629395,1.299299955368042,1.2861000299453735,1.2925000190734863,298537.0
2014-09-18,1.2858999967575073,1.2939000129699707,1.2842999696731567,1.2924000024795532,228765.0
2014-09-19,1.2925000190734863,1.2936999797821045,1.2834999561309814,1.2843999862670898,218578.0
2014-09-22,1.283400058746338,1.287500023841858,1.2824000120162964,1.2842999696731567,184821.0
2014-09-23,1.2854000329971313,1.2907999753952026,1.284999966621399,1.2864999771118164,192720.0
2014-09-24,1.2855000495910645,1.2870999574661255,1.2781000137329102,1.2786999940872192,203833.0
2014-09-25,1.2786999940872192,1.2790000438690186,1.270300030708313,1.2755000591278076,279428.0
2014-09-26,1.2756999731063843,1.2768000364303589,1.2683000564575195,1.2689000368118286,215880.0
2014-09-29,1.2688000202178955,1.2721999883651733,1.2669999599456787,1.2699999809265137,181938.0
2014-09-30,1.2695000171661377,1.2710000276565552,1.2577999830245972,1.2634999752044678,327820.0
2014-10-01,1.2635999917984009,1.2647000551223755,1.2589999437332153,1.2613999843597412,264611.0
2014-10-02,1.2625000476837158,1.2704999446868896,1.2619999647140503,1.2681000232696533,354219.0
2014-10-03,1.267899990081787,1.267899990081787,1.250599980354309,1.2515000104904175,284116.0
2014-10-06,1.2519999742507935,1.2682000398635864,1.2513999938964844,1.2632999420166016,268954.0
2014-10-07,1.2661999464035034,1.2688000202178955,1.2589999437332153,1.2669999599456787,284945.0
2014-10-08,1.267199993133545,1.2755000591278076,1.2627999782562256,1.273800015449524,331403.0
2014-10-09,1.2735999822616577,1.2797000408172607,1.266800045967102,1.2692999839782715,339907.0
2014-10-10,1.2696000337600708,1.2721999883651733,1.2611000537872314,1.2618999481201172,221594.0
2014-10-13,1.2633999586105347,1.2767000198364258,1.263200044631958,1.2670999765396118,169902.0
2014-10-14,1.2747000455856323,1.2754000425338745,1.2645000219345093,1.2654000520706177,224906.0
2014-10-15,1.2661999464035034,1.2892999649047852,1.2630000114440918,1.2781000137329102,563026.0
2014-10-16,1.2825000286102295,1.284999966621399,1.2711000442504883,1.280500054359436,373128.0
2014-10-17,1.281000018119812,1.2841999530792236,1.274899959564209,1.2777999639511108,175499.0
2014-10-20,1.2763999700546265,1.2821999788284302,1.2735999822616577,1.2812999486923218,151059.0
2014-10-21,1.2799999713897705,1.284500002861023,1.2717000246047974,1.2730000019073486,226381.0
2014-10-22,1.2717000246047974,1.274399995803833,1.2640999555587769,1.264799952507019,205927.0
2014-10-23,1.2649999856948853,1.2680000066757202,1.2617000341415405,1.2653000354766846,169435.0
2014-10-24,1.2649999856948853,1.2699999809265137,1.263800024986267,1.266800045967102,145116.0
2014-10-27,1.267699956893921,1.2726999521255493,1.2668999433517456,1.2711999416351318,143232.0
2014-10-28,1.2702000141143799,1.276900053024292,1.2688000202178955,1.273900032043457,177732.0
2014-10-29,1.2736999988555908,1.277500033378601,1.2632999420166016,1.2648999691009521,192097.0
2014-10-30,1.2639000415802002,1.264299988746643,1.2547999620437622,1.2616000175476074,249335.0
2014-10-31,1.2616000175476074,1.2618999481201172,1.248900055885315,1.253000020980835,356853.0
2014-11-03,1.2515000104904175,1.2515000104904175,1.2441999912261963,1.249400019645691,225811.0
2014-11-04,1.2491999864578247,1.2581000328063965,1.2490999698638916,1.25600004196167,218647.0
2014-11-05,1.2553000450134277,1.257099986076355,1.246000051498413,1.2482999563217163,252300.0
2014-11-06,1.2480000257492065,1.2537000179290771,1.2367000579833984,1.2389999628067017,349767.0
2014-11-07,1.2382999658584595,1.2474000453948975,1.2360999584197998,1.2444000244140625,327381.0
2014-11-10,1.2466000318527222,1.2511999607086182,1.2421000003814697,1.2424999475479126,168858.0
2014-11-11,1.2424999475479126,1.2503999471664429,1.2396999597549438,1.2467000484466553,166508.0
2014-11-12,1.2476999759674072,1.250100016593933,1.2422000169754028,1.243499994277954,234136.0
2014-11-13,1.243299961090088,1.249500036239624,1.242900013923645,1.2489999532699585,161386.0
2014-11-14,1.2477999925613403,1.2549999952316284,1.2400000095367432,1.2527999877929688,319049.0
2014-11-17,1.2520999908447266,1.2581000328063965,1.2446999549865723,1.2453999519348145,188393.0
2014-11-18,1.2453999519348145,1.2547999620437622,1.2445000410079956,1.2537000179290771,209275.0
2014-11-19,1.253600001335144,1.2604999542236328,1.2513999938964844,1.254699945449829,251448.0
2014-11-20,1.2549999952316284,1.257699966430664,1.250599980354309,1.2552000284194946,265602.0
2014-11-21,1.2545000314712524,1.2569999694824219,1.2376999855041504,1.2388999462127686,322282.0
2014-11-24,1.2375999689102173,1.2446000576019287,1.2366000413894653,1.2436000108718872,201664.0
2014-11-25,1.2440999746322632,1.248900055885315,1.2403000593185425,1.2473000288009644,206182.0
2014-11-26,1.247499942779541,1.2533999681472778,1.2445000410079956,1.2516000270843506,208798.0
2014-11-28,1.2508000135421753,1.252500057220459,1.242799997329712,1.2436000108718872,233459.0
2014-12-01,1.2446999549865723,1.2509000301361084,1.2421000003814697,1.2479000091552734,241437.0
2014-12-02,1.2473000288009644,1.2477999925613403,1.2378000020980835,1.2381000518798828,191569.0
2014-12-03,1.2383999824523926,1.2391999959945679,1.2302000522613525,1.2310999631881714,254613.0
2014-12-04,1.2309000492095947,1.2458000183105469,1.2276999950408936,1.236799955368042,434195.0
2014-12-05,1.2379000186920166,1.239400029182434,1.2272000312805176,1.2288999557495117,305520.0
2014-12-08,1.2288000583648682,1.2345999479293823,1.2247999906539917,1.232699990272522,209860.0
2014-12-09,1.231600046157837,1.2450000047683716,1.2293000221252441,1.2378000020980835,348515.0
2014-12-10,1.2378000020980835,1.2448999881744385,1.236199975013733,1.2443000078201294,347256.0
2014-12-11,1.2446999549865723,1.2496000528335571,1.2371000051498413,1.2384999990463257,360548.0
2014-12-12,1.2408000230789185,1.2486000061035156,1.2384999990463257,1.2452000379562378,89881.0
2014-12-15,1.2473000288009644,1.2474000453948975,1.2416000366210938,1.242300033569336,204489.0
2014-12-16,1.2451000213623047,1.2578999996185303,1.2443000078201294,1.249500036239624,319531.0
2014-12-17,1.2519999742507935,1.2523000240325928,1.232800006866455,1.2337000370025635,309581.0
2014-12-18,1.2344000339508057,1.236199975013733,1.2274999618530273,1.229200005531311,218920.0
2014-12-19,1.2295000553131104,1.2311999797821045,1.2229000329971313,1.2235000133514404,168084.0
2014-12-22,1.223099946975708,1.2280999422073364,1.222599983215332,1.2230000495910645,96628.0
2014-12-23,1.2237000465393066,1.2253999710083008,1.2173000574111938,1.218500018119812,106871.0
2014-12-24,1.2180999517440796,1.2229000329971313,1.2178000211715698,1.2199000120162964,43012.0
2014-12-26,1.2229000329971313,1.2237000465393066,1.2175999879837036,1.218500018119812,32318.0
2014-12-29,1.2188999652862549,1.2230000495910645,1.2151000499725342,1.2165000438690186,100616.0
2014-12-30,1.2163000106811523,1.219599962234497,1.2131999731063843,1.2161999940872192,111793.0
2014-12-31,1.2164000272750854,1.2178000211715698,1.2103999853134155,1.2107000350952148,73033.0
2015-01-02,1.2109999656677246,1.211300015449524,1.200700044631958,1.201300024986267,160116.0
2015-01-05,1.1959999799728394,1.1985000371932983,1.1894999742507935,1.194700002670288,237144.0
2015-01-06,1.194200038909912,1.197700023651123,1.1892000436782837,1.1921000480651855,241318.0
2015-01-07,1.1884000301361084,1.1904000043869019,1.180899977684021,1.1857000589370728,268955.0
2015-01-08,1.1842000484466553,1.1854000091552734,1.1761000156402588,1.1790000200271606,240002.0
2015-01-09,1.179800033569336,1.1854000091552734,1.176900029182434,1.1848000288009644,288184.0
2015-01-12,1.187000036239624,1.1878000497817993,1.1792000532150269,1.1847000122070312,185152.0
2015-01-13,1.1836999654769897,1.1865999698638916,1.1758999824523926,1.1770999431610107,233788.0
2015-01-14,1.1782000064849854,1.1854000091552734,1.1734000444412231,1.1782000064849854,315139.0
2015-01-15,1.1793999671936035,1.1797000169754028,1.1574000120162964,1.1621999740600586,527783.0
2015-01-16,1.163699984550476,1.1655999422073364,1.1467000246047974,1.159000039100647,351981.0
2015-01-20,1.157099962234497,1.1646000146865845,1.1546000242233276,1.155400037765503,277265.0
2015-01-21,1.1557999849319458,1.1686999797821045,1.1547000408172607,1.1597000360488892,267234.0
2015-01-22,1.1618000268936157,1.1668000221252441,1.132099986076355,1.1382999420166016,382010.0
2015-01-23,1.1370999813079834,1.1378999948501587,1.111899971961975,1.125100016593933,394723.0
2015-01-26,1.1152000427246094,1.1299999952316284,1.110200047492981,1.1272000074386597,219755.0
2015-01-27,1.124400019645691,1.142799973487854,1.1229000091552734,1.1380000114440918,302009.0
2015-01-28,1.1375999450683594,1.138800024986267,1.128100037574768,1.1313999891281128,222102.0
2015-01-29,1.128000020980835,1.1371999979019165,1.1266000270843506,1.131700038909912,209566.0
2015-01-30,1.1330000162124634,1.1368000507354736,1.128100037574768,1.1296000480651855,205388.0
2015-02-02,1.1313999891281128,1.1367000341415405,1.1296000480651855,1.1349999904632568,170036.0
2015-02-03,1.1339999437332153,1.1539000272750854,1.131700038909912,1.1490999460220337,293177.0
2015-02-04,1.1471999883651733,1.1490000486373901,1.1319999694824219,1.142300009727478,205679.0
2015-02-05,1.1341999769210815,1.1503000259399414,1.1308000087738037,1.1478999853134155,204344.0
2015-02-06,1.1480000019073486,1.148300051689148,1.131500005722046,1.1323000192642212,216874.0
2015-02-09,1.1318999528884888,1.136299967765808,1.127500057220459,1.1340999603271484,148265.0
2015-02-10,1.1327999830245972,1.1349999904632568,1.1276999711990356,1.131700038909912,166942.0
2015-02-11,1.1319999694824219,1.135200023651123,1.1282999515533447,1.1306999921798706,136911.0
2015-02-12,1.1334999799728394,1.142699956893921,1.1306999921798706,1.141800045967102,214453.0
2015-02-13,1.1404999494552612,1.144700050354004,1.1382999420166016,1.1395000219345093,138359.0
2015-02-17,1.1402000188827515,1.1452000141143799,1.1325000524520874,1.141700029373169,225777.0
2015-02-18,1.1412999629974365,1.1418999433517456,1.1337000131607056,1.1383999586105347,161069.0
2015-02-19,1.1403000354766846,1.145400047302246,1.1358000040054321,1.1368000507354736,149963.0
2015-02-20,1.1368000507354736,1.143399953842163,1.128100037574768,1.1398999691009521,283074.0
2015-02-23,1.138200044631958,1.1397000551223755,1.1297999620437622,1.1335999965667725,126937.0
2015-02-24,1.1338000297546387,1.1361000537872314,1.128999948501587,1.1339000463485718,174651.0
2015-02-25,1.1341999769210815,1.13919997215271,1.1338000297546387,1.136199951171875,113495.0
2015-02-26,1.1365000009536743,1.138200044631958,1.118499994277954,1.1198999881744385,238671.0
2015-02-27,1.1200000047683716,1.124899983406067,1.1176999807357788,1.1195000410079956,220392.0
2015-03-02,1.118299961090088,1.1241999864578247,1.1160999536514282,1.1188000440597534,154022.0
2015-03-03,1.1181999444961548,1.121899962425232,1.1155999898910522,1.1180000305175781,156991.0
2015-03-04,1.1181000471115112,1.1187000274658203,1.1062999963760376,1.1074999570846558,252913.0
2015-03-05,1.108199954032898,1.1116000413894653,1.0987999439239502,1.1028000116348267,285354.0
2015-03-06,1.1033999919891357,1.1033999919891357,1.0839999914169312,1.0858999490737915,344207.0
2015-03-09,1.0836000442504883,1.0908000469207764,1.0823999643325806,1.0859999656677246,191629.0
2015-03-10,1.0852999687194824,1.0856000185012817,1.0693000555038452,1.0698000192642212,400721.0
2015-03-11,1.06850004196167,1.0717999935150146,1.051200032234192,1.0535000562667847,530299.0
2015-03-12,1.0547000169754028,1.0684000253677368,1.049399971961975,1.0599000453948975,360793.0
2015-03-13,1.0627000331878662,1.0635000467300415,1.0463000535964966,1.0471999645233154,108020.0
2015-03-16,1.0489000082015991,1.0615999698638916,1.04830002784729,1.0601999759674072,249455.0
2015-03-17,1.0580999851226807,1.0663000345230103,1.0563000440597534,1.0611000061035156,241701.0
2015-03-18,1.0607999563217163,1.101099967956543,1.0591000318527222,1.0752999782562256,473158.0
2015-03-19,1.0844999551773071,1.0930999517440796,1.0625,1.0652999877929688,410016.0
2015-03-20,1.0670000314712524,1.089400053024292,1.0667999982833862,1.0822999477386475,321780.0
2015-03-23,1.0877000093460083,1.0983999967575073,1.0779999494552612,1.0953999757766724,349418.0
2015-03-24,1.0958000421524048,1.104099988937378,1.0902999639511108,1.093000054359436,362087.0
2015-03-25,1.093400001525879,1.1026999950408936,1.0913000106811523,1.0972000360488892,225909.0
2015-03-26,1.0982999801635742,1.1064000129699707,1.0866999626159668,1.0881999731063843,321355.0
2015-03-27,1.0887999534606934,1.0960999727249146,1.0812000036239624,1.091599941253662,279856.0
2015-03-30,1.090000033378601,1.0907000303268433,1.0821000337600708,1.083400011062622,201889.0
2015-03-31,1.083799958229065,1.0857000350952148,1.0723999738693237,1.0753999948501587,229296.0
2015-04-01,1.0751999616622925,1.0810999870300293,1.0729000568389893,1.0774999856948853,237236.0
2015-04-02,1.0774999856948853,1.091599941253662,1.0759999752044678,1.090499997138977,225076.0
2015-04-06,1.1007000207901,1.104699969291687,1.0920000076293945,1.0987000465393066,108231.0
2015-04-07,1.0942000150680542,1.096500039100647,1.0813000202178955,1.083899974822998,223168.0
2015-04-08,1.082200050354004,1.0896999835968018,1.0772000551223755,1.0808000564575195,261593.0
2015-04-09,1.0791000127792358,1.079699993133545,1.0644999742507935,1.0648000240325928,261250.0
2015-04-10,1.0671000480651855,1.069200038909912,1.0577000379562378,1.0613000392913818,228803.0
2015-04-13,1.0602999925613403,1.0628000497817993,1.052899956703186,1.057800054550171,239479.0
2015-04-14,1.0575000047683716,1.0716999769210815,1.0539000034332275,1.0667999982833862,309968.0
2015-04-15,1.0663000345230103,1.0710999965667725,1.0578999519348145,1.0693000555038452,343237.0
2015-04-16,1.0687999725341797,1.0825999975204468,1.0633000135421753,1.0806000232696533,351843.0
2015-04-17,1.077299952507019,1.0857000350952148,1.0742000341415405,1.0800000429153442,302400.0
2015-04-20,1.0820000171661377,1.0827000141143799,1.0720000267028809,1.0743999481201172,182729.0
2015-04-21,1.0745999813079834,1.0788999795913696,1.0666999816894531,1.0742000341415405,212133.0
2015-04-22,1.0743999481201172,1.080899953842163,1.0715999603271484,1.0746999979019165,219904.0
2015-04-23,1.073099970817566,1.0852999687194824,1.067199945449829,1.0831999778747559,277903.0
2015-04-24,1.0829999446868896,1.0907000303268433,1.0791000127792358,1.087499976158142,283322.0
2015-04-27,1.087399959564209,1.093400001525879,1.0825999975204468,1.0887000560760498,200968.0
2015-04-28,1.0892000198364258,1.0997999906539917,1.0866999626159668,1.0985000133514404,247568.0
2015-04-29,1.0985000133514404,1.1195000410079956,1.096500039100647,1.111799955368042,457377.0
2015-04-30,1.1124000549316406,1.1273000240325928,1.107699990272522,1.1266000270843506,445064.0
2015-05-01,1.1224000453948975,1.129699945449829,1.1181000471115112,1.1197999715805054,194427.0
2015-05-04,1.1198999881744385,1.1231000423431396,1.1129000186920166,1.1145000457763672,174738.0
2015-05-05,1.115399956703186,1.1229000091552734,1.107200026512146,1.1201000213623047,276050.0
2015-05-06,1.1193000078201294,1.1376999616622925,1.1181000471115112,1.135699987411499,384584.0
2015-05-07,1.1348999738693237,1.139799952507019,1.1243000030517578,1.1274000406265259,300545.0
2015-05-08,1.126099944114685,1.1303000450134277,1.118399977684021,1.121000051498413,329016.0
2015-05-11,1.1205999851226807,1.1210999488830566,1.1136000156402588,1.1160999536514282,214954.0
2015-05-12,1.1157000064849854,1.1283999681472778,1.1138999462127686,1.122499942779541,227594.0
2015-05-13,1.1224000453948975,1.138700008392334,1.1207000017166138,1.1365000009536743,260784.0
2015-05-14,1.135699987411499,1.1456999778747559,1.1344000101089478,1.1399999856948853,293565.0
2015-05-15,1.1413999795913696,1.1471999883651733,1.1327999830245972,1.1469000577926636,284636.0
2015-05-18,1.1449999809265137,1.1452000141143799,1.1302000284194946,1.1308000087738037,205989.0
2015-05-19,1.1319999694824219,1.1331000328063965,1.1122000217437744,1.1159000396728516,329743.0
2015-05-20,1.1151000261306763,1.1155999898910522,1.106600046157837,1.1119999885559082,296365.0
2015-05-21,1.1095000505447388,1.118499994277954,1.108199954032898,1.1133999824523926,241783.0
2015-05-22,1.1110999584197998,1.1211999654769897,1.1004999876022339,1.1043000221252441,291161.0
2015-05-26,1.0987000465393066,1.1013000011444092,1.0865999460220337,1.087399959564209,316539.0
2015-05-27,1.0875999927520752,1.0931999683380127,1.0821000337600708,1.0892000198364258,322754.0
2015-05-28,1.0901999473571777,1.0961999893188477,1.086899995803833,1.0957000255584717,287380.0
2015-05-29,1.095900058746338,1.1008000373840332,1.0928000211715698,1.0982999801635742,244226.0
2015-06-01,1.0981999635696411,1.0982999801635742,1.0888999700546265,1.093500018119812,243563.0
2015-06-02,1.0923999547958374,1.1197999715805054,1.0917999744415283,1.1168999671936035,410264.0
2015-06-03,1.115399956703186,1.1288000345230103,1.1081000566482544,1.1252000331878662,408010.0
2015-06-04,1.1270999908447266,1.138200044631958,1.1223000288009644,1.1246000528335571,373181.0
2015-06-05,1.1227999925613403,1.1282999515533447,1.1050000190734863,1.1119999885559082,341863.0
2015-06-08,1.110200047492981,1.1309000253677368,1.1083999872207642,1.1277999877929688,300374.0
2015-06-09,1.1282999515533447,1.1346999406814575,1.121500015258789,1.1282000541687012,313215.0
2015-06-10,1.128000020980835,1.138800024986267,1.126099944114685,1.131700038909912,411341.0
2015-06-11,1.1323000192642212,1.1332999467849731,1.1180000305175781,1.1262999773025513,376177.0
2015-06-12,1.1240999698638916,1.129699945449829,1.1151000261306763,1.126099944114685,80627.0
2015-06-15,1.1217000484466553,1.126099944114685,1.11899995803833,1.1237000226974487,203732.0
2015-06-16,1.129699945449829,1.1344000101089478,1.1217999458312988,1.1253999471664429,189470.0
2015-06-17,1.1260000467300415,1.1371999979019165,1.121999979019165,1.1346999406814575,251509.0
2015-06-18,1.1354999542236328,1.1449999809265137,1.1341999769210815,1.1382999420166016,269124.0
2015-06-19,1.138200044631958,1.1416000127792358,1.1304999589920044,1.1366000175476074,166165.0
2015-06-22,1.1380000114440918,1.1424000263214111,1.1324000358581543,1.1349999904632568,205259.0
2015-06-23,1.1353000402450562,1.1360000371932983,1.1145999431610107,1.1180000305175781,272290.0
2015-06-24,1.117900013923645,1.1246999502182007,1.1171000003814697,1.1217999458312988,212678.0
2015-06-25,1.121500015258789,1.123900055885315,1.1165000200271606,1.121399998664856,178446.0
2015-06-26,1.1210999488830566,1.1232000589370728,1.1140999794006348,1.1172000169754028,181984.0
2015-06-29,1.100100040435791,1.1291999816894531,1.0961999893188477,1.1265000104904175,372837.0
2015-06-30,1.1241999864578247,1.125599980354309,1.1124000549316406,1.1155999898910522,252875.0
2015-07-01,1.114400029182434,1.1187000274658203,1.1053999662399292,1.1059000492095947,203073.0
2015-07-02,1.1064000129699707,1.1133999824523926,1.1043000221252441,1.1095999479293823,174067.0
2015-07-06,1.1095999479293823,1.1129000186920166,1.0992000102996826,1.1058000326156616,259881.0
2015-07-07,1.106600046157837,1.1067999601364136,1.0927000045776367,1.0986000299453735,275390.0
2015-07-08,1.1008000373840332,1.1103999614715576,1.0985000133514404,1.107100009918213,215436.0
2015-07-09,1.1083999872207642,1.1136000156402588,1.100100040435791,1.1022000312805176,172849.0
2015-07-10,1.105299949645996,1.1225999593734741,1.105299949645996,1.113800048828125,279930.0
2015-07-13,1.1141999959945679,1.1207000017166138,1.1002999544143677,1.1007000207901,254149.0
2015-07-14,1.1015000343322754,1.1096999645233154,1.0973999500274658,1.1017999649047852,192394.0
2015-07-15,1.1017999649047852,1.1044000387191772,1.0937999486923218,1.0957000255584717,189823.0
2015-07-16,1.0952999591827393,1.0972000360488892,1.086400032043457,1.0882999897003174,227379.0
2015-07-17,1.0884000062942505,1.091599941253662,1.0836000442504883,1.0857000350952148,148275.0
2015-07-20,1.0839999914169312,1.0878000259399414,1.0816999673843384,1.0836999416351318,131930.0
2015-07-21,1.0829999446868896,1.0976999998092651,1.0820000171661377,1.0950000286102295,217564.0
2015-07-22,1.094599962234497,1.097499966621399,1.0877000093460083,1.0911999940872192,176952.0
2015-07-23,1.093400001525879,1.1025999784469604,1.092900037765503,1.100600004196167,240637.0
2015-07-24,1.0990999937057495,1.1002999544143677,1.0931999683380127,1.0988999605178833,164283.0
2015-07-27,1.0983999967575073,1.113700032234192,1.0976999998092651,1.1104999780654907,221444.0
2015-07-28,1.1100000143051147,1.1105999946594238,1.1029000282287598,1.1049000024795532,154264.0
2015-07-29,1.1068999767303467,1.1090999841690063,1.0973000526428223,1.1015000343322754,208069.0
2015-07-30,1.0987999439239502,1.0995999574661255,1.089900016784668,1.0923999547958374,220858.0
2015-07-31,1.0937999486923218,1.1121000051498413,1.0927000045776367,1.097100019454956,316797.0
2015-08-03,1.0987000465393066,1.1002000570297241,1.0946999788284302,1.0953999757766724,151855.0
2015-08-04,1.095900058746338,1.0994000434875488,1.0885000228881836,1.0896999835968018,171599.0
2015-08-05,1.0895999670028687,1.0947999954223633,1.0851999521255493,1.0901000499725342,235601.0
2015-08-06,1.0906000137329102,1.0950000286102295,1.0879000425338745,1.0925999879837036,146531.0
2015-08-07,1.092900037765503,1.0983999967575073,1.0859999656677246,1.097599983215332,263858.0
2015-08-10,1.096500039100647,1.104699969291687,1.093000054359436,1.1023999452590942,166160.0
2015-08-11,1.1022000312805176,1.1093000173568726,1.096500039100647,1.1035000085830688,258539.0
2015-08-12,1.104599952697754,1.121999979019165,1.1028000116348267,1.117400050163269,312509.0
2015-08-13,1.1165000200271606,1.1193000078201294,1.1083999872207642,1.1145999431610107,198156.0
2015-08-14,1.1157000064849854,1.1193000078201294,1.110200047492981,1.1124000549316406,170577.0
2015-08-17,1.111899971961975,1.1130000352859497,1.1061999797821045,1.1085000038146973,166997.0
2015-08-18,1.1083999872207642,1.1097999811172485,1.1019999980926514,1.1023000478744507,156672.0
2015-08-19,1.1030999422073364,1.1138999462127686,1.1021000146865845,1.1133999824523926,249642.0
2015-08-20,1.1125999689102173,1.124899983406067,1.1109999418258667,1.1202000379562378,247056.0
2015-08-21,1.1239999532699585,1.1394000053405762,1.1232999563217163,1.1358000040054321,307585.0
2015-08-24,1.138100028038025,1.1718000173568726,1.1373000144958496,1.1603000164031982,563021.0
2015-08-25,1.1584999561309814,1.1608999967575073,1.139799952507019,1.142899990081787,391253.0
2015-08-26,1.1519999504089355,1.1563999652862549,1.1294000148773193,1.135200023651123,350694.0
2015-08-27,1.131600022315979,1.1367000341415405,1.1204999685287476,1.1267999410629272,268578.0
2015-08-28,1.125,1.1311999559402466,1.1158000230789185,1.118499994277954,217756.0
2015-08-31,1.1181000471115112,1.1265000104904175,1.117799997329712,1.123900055885315,175893.0
2015-09-01,1.121000051498413,1.1334999799728394,1.121000051498413,1.1296000480651855,245554.0
2015-09-02,1.1311999559402466,1.1313999891281128,1.1217999458312988,1.1239999532699585,186568.0
2015-09-03,1.1225999593734741,1.124500036239624,1.1088000535964966,1.1117000579833984,303145.0
2015-09-04,1.1119999885559082,1.1200000047683716,1.1089999675750732,1.1150000095367432,248477.0
2015-09-08,1.1160000562667847,1.1231000423431396,1.1122000217437744,1.1186000108718872,299225.0
2015-09-09,1.1203999519348145,1.1217000484466553,1.1131999492645264,1.1196999549865723,296841.0
2015-09-10,1.1212999820709229,1.1296000480651855,1.1172000169754028,1.128499984741211,349528.0
2015-09-11,1.1277999877929688,1.1349999904632568,1.1253999471664429,1.1335999965667725,97604.0
2015-09-14,1.1338000297546387,1.1373000144958496,1.1296000480651855,1.1296000480651855,156093.0
2015-09-15,1.1332999467849731,1.1347999572753906,1.1275999546051025,1.128999948501587,153718.0
2015-09-16,1.1282000541687012,1.1339000463485718,1.1232000589370728,1.1294000148773193,178441.0
2015-09-17,1.1306999921798706,1.1456999778747559,1.1302000284194946,1.1412999629974365,273089.0
2015-09-18,1.1433000564575195,1.1476000547409058,1.128499984741211,1.1368000507354736,233620.0
2015-09-21,1.1303999423980713,1.1346999406814575,1.1196999549865723,1.1205999851226807,200427.0
2015-09-22,1.1204999685287476,1.1223000288009644,1.1128000020980835,1.1146999597549438,198403.0
2015-09-23,1.1139999628067017,1.1229000091552734,1.1119999885559082,1.1222000122070312,223155.0
2015-09-24,1.1201000213623047,1.131100058555603,1.117900013923645,1.1233999729156494,244478.0
2015-09-25,1.1191999912261963,1.1226999759674072,1.1130000352859497,1.120300054550171,216443.0
2015-09-28,1.1205999851226807,1.1261999607086182,1.1160000562667847,1.124400019645691,193403.0
2015-09-29,1.125599980354309,1.1295000314712524,1.1207000017166138,1.1272000074386597,209876.0
2015-09-30,1.1262999773025513,1.127500057220459,1.1171000003814697,1.117900013923645,202558.0
2015-10-01,1.118499994277954,1.1223000288009644,1.114799976348877,1.1196000576019287,167296.0
2015-10-02,1.1200000047683716,1.1331000328063965,1.1161999702453613,1.1240999698638916,295586.0
2015-10-05,1.1227999925613403,1.1301000118255615,1.118499994277954,1.1191999912261963,167714.0
2015-10-06,1.1196999549865723,1.1291999816894531,1.118399977684021,1.1283999681472778,159912.0
2015-10-07,1.128000020980835,1.1296000480651855,1.1222000122070312,1.1262999773025513,184219.0
2015-10-08,1.125,1.1338000297546387,1.124500036239624,1.1283999681472778,221962.0
2015-10-09,1.128999948501587,1.139799952507019,1.1277999877929688,1.1376999616622925,210026.0
2015-10-12,1.1373000144958496,1.1407999992370605,1.1365000009536743,1.138800024986267,77440.0
2015-10-13,1.1367000341415405,1.142199993133545,1.1354999542236328,1.1395000219345093,161567.0
2015-10-14,1.139299988746643,1.149999976158142,1.1390000581741333,1.148900032043457,200428.0
2015-10-15,1.1491999626159668,1.1505000591278076,1.1371999979019165,1.1394000053405762,235481.0
2015-10-16,1.1389000415802002,1.1404999494552612,1.1344000101089478,1.1385999917984009,145002.0
2015-10-19,1.1368999481201172,1.138800024986267,1.1313999891281128,1.1335999965667725,133877.0
2015-10-20,1.1339000463485718,1.1397000551223755,1.1332999467849731,1.134600043296814,137131.0
2015-10-21,1.1354999542236328,1.1385999917984009,1.1342999935150146,1.134600043296814,117257.0
2015-10-22,1.1346999406814575,1.1360000371932983,1.1109000444412231,1.1117000579833984,392112.0
2015-10-23,1.111299991607666,1.114799976348877,1.1003999710083008,1.101199984550476,290432.0
2015-10-26,1.1013000011444092,1.1075999736785889,1.101099967956543,1.105299949645996,176358.0
2015-10-27,1.1059999465942383,1.1086000204086304,1.103700041770935,1.1050000190734863,159906.0
2015-10-28,1.1051000356674194,1.1103999614715576,1.090399980545044,1.09089994430542,292325.0
2015-10-29,1.0931999683380127,1.0992000102996826,1.0908000469207764,1.098099946975708,237228.0
2015-10-30,1.0992000102996826,1.1079000234603882,1.0972000360488892,1.1009000539779663,279028.0
2015-11-02,1.103700041770935,1.1059000492095947,1.100600004196167,1.101699948310852,141480.0
2015-11-03,1.1017999649047852,1.103600025177002,1.0942000150680542,1.097000002861023,168511.0
2015-11-04,1.0966999530792236,1.0973999500274658,1.0849000215530396,1.0865000486373901,254062.0
2015-11-05,1.0872000455856323,1.0902999639511108,1.083899974822998,1.0891000032424927,215243.0
2015-11-06,1.0887000560760498,1.090000033378601,1.0709999799728394,1.0750000476837158,303479.0
2015-11-09,1.0735000371932983,1.0794999599456787,1.0722999572753906,1.076200008392334,200622.0
2015-11-10,1.0757999420166016,1.0769000053405762,1.0678999423980713,1.0710999965667725,193840.0
2015-11-11,1.072700023651123,1.0778000354766846,1.0709999799728394,1.0734000205993652,173830.0
2015-11-12,1.0760999917984009,1.0835000276565552,1.0694999694824219,1.079800009727478,281637.0
2015-11-13,1.080899953842163,1.0821000337600708,1.0717999935150146,1.0741000175476074,229608.0
2015-11-16,1.0740000009536743,1.076200008392334,1.0678000450134277,1.0680999755859375,175399.0
2015-11-17,1.0686999559402466,1.0694999694824219,1.0634000301361084,1.0651999711990356,185069.0
2015-11-18,1.0648000240325928,1.069599986076355,1.062000036239624,1.065000057220459,196869.0
2015-11-19,1.0662000179290771,1.07669997215271,1.066100001335144,1.0736000537872314,249315.0
2015-11-20,1.073099970817566,1.073699951171875,1.0642999410629272,1.065600037574768,216641.0
2015-11-23,1.0643999576568604,1.065999984741211,1.0595999956130981,1.0627000331878662,207779.0
2015-11-24,1.063599944114685,1.0677000284194946,1.0621999502182007,1.0658999681472778,192624.0
2015-11-25,1.0647000074386597,1.0693000555038452,1.0568000078201294,1.061900019645691,248522.0
2015-11-27,1.0621999502182007,1.0641000270843506,1.0570000410079956,1.0601999759674072,159550.0
2015-11-30,1.0592000484466553,1.0598000288009644,1.055999994277954,1.0576000213623047,179370.0
2015-12-01,1.0571999549865723,1.0640000104904175,1.0565999746322632,1.0634000301361084,218300.0
2015-12-02,1.0627000331878662,1.0634000301361084,1.055299997329712,1.061900019645691,260714.0
2015-12-03,1.0608999729156494,1.0983999967575073,1.0490000247955322,1.0973999500274658,750906.0
2015-12-04,1.0932999849319458,1.095900058746338,1.0836999416351318,1.087499976158142,439242.0
2015-12-07,1.087499976158142,1.0888999700546265,1.079699993133545,1.0846999883651733,226990.0
2015-12-08,1.083299994468689,1.090399980545044,1.0830999612808228,1.0888999700546265,225011.0
2015-12-09,1.0894999504089355,1.1044000387191772,1.0880000591278076,1.1026999950408936,446556.0
2015-12-10,1.1019999980926514,1.1022000312805176,1.0924999713897705,1.0937000513076782,373583.0
2015-12-11,1.0943000316619873,1.1030999422073364,1.0927000045776367,1.0992000102996826,115267.0
2015-12-14,1.0968999862670898,1.1019999980926514,1.094499945640564,1.1019999980926514,225101.0
2015-12-15,1.1026999950408936,1.1088000535964966,1.0932999849319458,1.094599962234497,220146.0
2015-12-16,1.0959999561309814,1.1039999723434448,1.0915000438690186,1.1008000373840332,291916.0
2015-12-17,1.0922000408172607,1.0922000408172607,1.082800030708313,1.0829999446868896,225946.0
2015-12-18,1.0859999656677246,1.090000033378601,1.0829999446868896,1.0891000032424927,192169.0
2015-12-21,1.0887000560760498,1.096500039100647,1.087399959564209,1.0951999425888062,135047.0
2015-12-22,1.0937999486923218,1.101099967956543,1.0928000211715698,1.0979000329971313,139730.0
2015-12-23,1.0979000329971313,1.0980000495910645,1.0893000364303589,1.0936000347137451,119343.0
2015-12-24,1.0931999683380127,1.0990999937057495,1.0928000211715698,1.097599983215332,51303.0
2015-12-28,1.0986000299453735,1.1016000509262085,1.0978000164031982,1.0999000072479248,71560.0
2015-12-29,1.0995999574661255,1.1014000177383423,1.0921000242233276,1.0960999727249146,111073.0
2015-12-30,1.094499945640564,1.0964000225067139,1.0922000408172607,1.0944000482559204,97167.0
2015-12-31,1.0947999954223633,1.0958000421524048,1.0871000289916992,1.0886000394821167,85614.0
2016-01-04,1.0884000062942505,1.09660005569458,1.0799000263214111,1.0845999717712402,257251.0
2016-01-05,1.0849000215530396,1.0857000350952148,1.0728000402450562,1.076300024986267,187776.0
2016-01-06,1.0770000219345093,1.0817999839782715,1.073199987411499,1.0806000232696533,190337.0
2016-01-07,1.0795999765396118,1.095900058746338,1.0787999629974365,1.0951999425888062,289122.0
2016-01-08,1.094099998474121,1.0950000286102295,1.0812000036239624,1.0920000076293945,291114.0
2016-01-11,1.0959999561309814,1.0987499952316284,1.0865000486373901,1.0889500379562378,163839.0
2016-01-12,1.0878499746322632,1.0917500257492065,1.08364999294281,1.087149977684021,162441.0
2016-01-13,1.086650013923645,1.090499997138977,1.0821000337600708,1.089400053024292,179786.0
2016-01-14,1.08965003490448,1.0959500074386597,1.0850000381469727,1.0878000259399414,228696.0
2016-01-15,1.0880000591278076,1.1000499725341797,1.0870000123977661,1.0924500226974487,272693.0
2016-01-19,1.093000054359436,1.0953999757766724,1.0874500274658203,1.0939500331878662,225962.0
2016-01-20,1.0928499698638916,1.0990999937057495,1.0891499519348145,1.0906000137329102,201616.0
2016-01-21,1.090399980545044,1.0935499668121338,1.0788999795913696,1.089050054550171,307024.0
2016-01-22,1.0885000228881836,1.0889999866485596,1.0801000595092773,1.0803500413894653,180415.0
2016-01-25,1.0807499885559082,1.0870000123977661,1.080199956893921,1.0849000215530396,107098.0
2016-01-26,1.0862499475479126,1.0887000560760498,1.0830999612808228,1.0865000486373901,156060.0
2016-01-27,1.0879499912261963,1.093000054359436,1.086300015449524,1.0917500257492065,192258.0
2016-01-28,1.0914499759674072,1.0980000495910645,1.0880999565124512,1.0966999530792236,193550.0
2016-01-29,1.0949499607086182,1.0959999561309814,1.0821000337600708,1.0838500261306763,277993.0
2016-02-01,1.0841000080108643,1.0924500226974487,1.0824999809265137,1.0903500318527222,164237.0
2016-02-02,1.0898000001907349,1.0951000452041626,1.08965003490448,1.0927000045776367,152546.0
2016-02-03,1.0935499668121338,1.1156500577926636,1.0914000272750854,1.1102999448776245,339401.0
2016-02-04,1.1095999479293823,1.125,1.10794997215271,1.1222000122070312,309206.0
2016-02-05,1.121250033378601,1.1269999742507935,1.1118500232696533,1.1154500246047974,282285.0
2016-02-08,1.1157000064849854,1.1225999593734741,1.1095999479293823,1.12214994430542,213136.0
2016-02-09,1.1208499670028687,1.134850025177002,1.1172000169754028,1.1296000480651855,277498.0
2016-02-10,1.1296499967575073,1.1320500373840332,1.1169999837875366,1.1289499998092651,266681.0
2016-02-11,1.1289000511169434,1.138550043106079,1.128250002861023,1.1332000494003296,338708.0
2016-02-12,1.1324000358581543,1.1341999769210815,1.1222000122070312,1.1263999938964844,219133.0
2016-02-16,1.1252000331878662,1.125349998474121,1.1131500005722046,1.115149974822998,252501.0
2016-02-17,1.114799976348877,1.118649959564209,1.111299991607666,1.1145999431610107,172728.0
2016-02-18,1.1135499477386475,1.1155999898910522,1.1076500415802002,1.1103500127792358,179893.0
2016-02-19,1.111649990081787,1.1145000457763672,1.1065000295639038,1.114150047302246,171382.0
2016-02-22,1.1122000217437744,1.1131000518798828,1.100849986076355,1.1030999422073364,157685.0
2016-02-23,1.1032500267028809,1.1058499813079834,1.0995500087738037,1.101449966430664,158570.0
2016-02-24,1.1024500131607056,1.1052000522613525,1.0961999893188477,1.1018999814987183,244186.0
2016-02-25,1.1021499633789062,1.1054500341415405,1.0991499423980713,1.1045000553131104,166637.0
2016-02-26,1.1023999452590942,1.1072499752044678,1.0915499925613403,1.093150019645691,240182.0
2016-02-29,1.0923000574111938,1.0966500043869019,1.0862499475479126,1.0885000228881836,193760.0
2016-03-01,1.0886499881744385,1.089750051498413,1.0837500095367432,1.0869499444961548,194223.0
2016-03-02,1.087149977684021,1.0884000062942505,1.0828499794006348,1.0866999626159668,160507.0
2016-03-03,1.0870000123977661,1.0975500345230103,1.0856000185012817,1.0958499908447266,184961.0
2016-03-04,1.0953500270843506,1.104599952697754,1.090499997138977,1.1000499725341797,331761.0
2016-03-07,1.0995500087738037,1.1028000116348267,1.0941499471664429,1.1018500328063965,159325.0
2016-03-08,1.1017999649047852,1.1059999465942383,1.0994000434875488,1.1004999876022339,210371.0
2016-03-09,1.1008000373840332,1.1036499738693237,1.0946500301361084,1.1003999710083008,312900.0
2016-03-10,1.099850058555603,1.1219500303268433,1.0822499990463257,1.1200499534606934,605825.0
2016-03-11,1.1180000305175781,1.1210999488830566,1.1081000566482544,1.1157000064849854,119614.0
2016-03-14,1.1145999431610107,1.1174999475479126,1.1098999977111816,1.11080002784729,155915.0
2016-03-15,1.1133999824523926,1.1155500411987305,1.1102499961853027,1.1138499975204468,132907.0
2016-03-16,1.1136000156402588,1.1273499727249146,1.1088000535964966,1.1224499940872192,229317.0
2016-03-17,1.1243499517440796,1.1371500492095947,1.1233500242233276,1.1347500085830688,255304.0
2016-03-18,1.1344000101089478,1.1365000009536743,1.1283999681472778,1.1296000480651855,153487.0
2016-03-21,1.1297500133514404,1.1312999725341797,1.1261999607086182,1.128000020980835,118079.0
2016-03-22,1.1268500089645386,1.128849983215332,1.1216000318527222,1.124650001525879,157210.0
2016-03-23,1.1241999864578247,1.125,1.118499994277954,1.1208000183105469,133451.0
2016-03-24,1.1208000183105469,1.1213500499725342,1.1169500350952148,1.1196999549865723,117045.0
2016-03-28,1.1186000108718872,1.1246000528335571,1.1178499460220337,1.1227500438690186,72723.0
2016-03-29,1.122249960899353,1.132949948310852,1.1194499731063843,1.132200002670288,231419.0
2016-03-30,1.131700038909912,1.1391500234603882,1.131100058555603,1.1360000371932983,213624.0
2016-03-31,1.1360000371932983,1.1438000202178955,1.1334500312805176,1.1411999464035034,231438.0
2016-04-01,1.1404500007629395,1.1462500095367432,1.135849952697754,1.1416499614715576,276466.0
2016-04-04,1.1419999599456787,1.1437499523162842,1.1380499601364136,1.141950011253357,131739.0
2016-04-05,1.1413999795913696,1.142899990081787,1.135849952697754,1.1408499479293823,182079.0
2016-04-06,1.1405999660491943,1.1454499959945679,1.1348999738693237,1.142899990081787,228244.0
2016-04-07,1.141700029373169,1.1476000547409058,1.1358000040054321,1.1400500535964966,225764.0
2016-04-08,1.1394000053405762,1.1440000534057617,1.1369999647140503,1.1418999433517456,157386.0
2016-04-11,1.1430000066757202,1.1469000577926636,1.1392500400543213,1.1433000564575195,148089.0
2016-04-12,1.1426000595092773,1.1485999822616577,1.1366499662399292,1.1417499780654907,182161.0
2016-04-13,1.1404999494552612,1.1411499977111816,1.1288000345230103,1.1303499937057495,198197.0
2016-04-14,1.1295000314712524,1.1314500570297241,1.1253000497817993,1.1285500526428223,150653.0
2016-04-15,1.127750039100647,1.1335999965667725,1.1263999938964844,1.1304500102996826,131864.0
2016-04-18,1.1312999725341797,1.13510000705719,1.1292500495910645,1.1332000494003296,102535.0
2016-04-19,1.1332999467849731,1.1403499841690063,1.1321500539779663,1.139299988746643,146173.0
2016-04-20,1.1375000476837158,1.1405999660491943,1.1308000087738037,1.1318999528884888,144418.0
2016-04-21,1.1316499710083008,1.141700029373169,1.1286499500274658,1.1311500072479248,255261.0
2016-04-22,1.1301000118255615,1.1325000524520874,1.1233999729156494,1.1244499683380127,152035.0
2016-04-25,1.1240500211715698,1.1294499635696411,1.1236000061035156,1.1275999546051025,109321.0
2016-04-26,1.1282999515533447,1.1356500387191772,1.127150058746338,1.1305500268936157,162696.0
2016-04-27,1.1313999891281128,1.1377999782562256,1.1286499500274658,1.1340999603271484,180385.0
2016-04-28,1.1338499784469604,1.1382499933242798,1.13100004196167,1.1363999843597412,169940.0
2016-04-29,1.136549949645996,1.1475000381469727,1.1362500190734863,1.1464999914169312,243008.0
2016-05-02,1.1473499536514282,1.155150055885315,1.1461999416351318,1.1536999940872192,147983.0
2016-05-03,1.1542500257492065,1.1630500555038452,1.1509000062942505,1.1520500183105469,230491.0
2016-05-04,1.1513500213623047,1.1543500423431396,1.1479500532150269,1.1514500379562378,195794.0
2016-05-05,1.1498500108718872,1.1506500244140625,1.139799952507019,1.1411000490188599,171211.0
2016-05-06,1.141700029373169,1.1497999429702759,1.1398500204086304,1.1410000324249268,188664.0
2016-05-09,1.1410000324249268,1.1432000398635864,1.138700008392334,1.1399500370025635,118599.0
2016-05-10,1.13919997215271,1.1421500444412231,1.1369999647140503,1.1380499601364136,125704.0
2016-05-11,1.1382999420166016,1.1457500457763672,1.1379499435424805,1.1436500549316406,117879.0
2016-05-12,1.1435999870300293,1.1439499855041504,1.1378999948501587,1.138450026512146,129825.0
2016-05-13,1.1384999752044678,1.138949990272522,1.1291999816894531,1.1316499710083008,174953.0
2016-05-16,1.1311500072479248,1.1351499557495117,1.1310499906539917,1.132699966430664,84564.0
2016-05-17,1.132599949836731,1.1358000040054321,1.1304999589920044,1.132599949836731,123558.0
2016-05-18,1.1321500539779663,1.132449984550476,1.122249960899353,1.1237499713897705,181767.0
2016-05-19,1.1225999593734741,1.1237000226974487,1.1187000274658203,1.1208000183105469,165548.0
2016-05-20,1.1208000183105469,1.124400019645691,1.120300054550171,1.1225500106811523,106002.0
2016-05-23,1.1223499774932861,1.124899983406067,1.1194000244140625,1.1226500272750854,110981.0
2016-05-24,1.1226500272750854,1.1233500242233276,1.1138999462127686,1.1152000427246094,156259.0
2016-05-25,1.114400029182434,1.117300033569336,1.113450050354004,1.1167999505996704,123130.0
2016-05-26,1.1161500215530396,1.1222000122070312,1.1154500246047974,1.1195000410079956,152294.0
2016-05-27,1.1196999549865723,1.1205500364303589,1.111549973487854,1.1143499612808228,138986.0
2016-05-31,1.111799955368042,1.117799997329712,1.1102499961853027,1.1130000352859497,210972.0
2016-06-01,1.113450050354004,1.1197999715805054,1.111799955368042,1.118649959564209,182534.0
2016-06-02,1.1190500259399414,1.1223499774932861,1.1148500442504883,1.1153000593185425,168309.0
2016-06-03,1.1155999898910522,1.1376999616622925,1.1139500141143799,1.1347999572753906,278856.0
2016-06-06,1.1367499828338623,1.1395000219345093,1.1327999830245972,1.1375999450683594,196056.0
2016-06-07,1.135949969291687,1.1382499933242798,1.1340500116348267,1.1364500522613525,174732.0
2016-06-08,1.135849952697754,1.1412999629974365,1.1356500387191772,1.1398999691009521,233598.0
2016-06-09,1.1399500370025635,1.1416499614715576,1.1305999755859375,1.1332000494003296,270804.0
2016-06-10,1.131600022315979,1.132200002670288,1.1245499849319458,1.126099944114685,128537.0
2016-06-13,1.1248500347137451,1.128499984741211,1.1233500242233276,1.1283999681472778,152536.0
2016-06-14,1.132599949836731,1.1335999965667725,1.1226999759674072,1.1241999864578247,175765.0
2016-06-15,1.1244499683380127,1.1338000297546387,1.1227999925613403,1.1302499771118164,167165.0
2016-06-16,1.1298999786376953,1.1332499980926514,1.1168999671936035,1.1275500059127808,252019.0
2016-06-17,1.1267499923706055,1.1333500146865845,1.1259000301361084,1.1306999921798706,149148.0
2016-06-20,1.135349988937378,1.141950011253357,1.1338000297546387,1.1351499557495117,141250.0
2016-06-21,1.1347999572753906,1.1385999917984009,1.1275500059127808,1.1294000148773193,145831.0
2016-06-22,1.128350019454956,1.1375000476837158,1.1272000074386597,1.134600043296814,128010.0
2016-06-23,1.1371999979019165,1.1457500457763672,1.1352499723434448,1.139050006866455,159404.0
2016-06-24,1.1449999809265137,1.1454999446868896,1.0946999788284302,1.1155500411987305,389173.0
2016-06-27,1.1087000370025635,1.111649990081787,1.100350022315979,1.103600025177002,218422.0
2016-06-28,1.1055500507354736,1.114400029182434,1.104349970817566,1.10794997215271,150774.0
2016-06-29,1.111299991607666,1.1161999702453613,1.1081000566482544,1.113800048828125,156177.0
2016-06-30,1.1153500080108643,1.1184500455856323,1.1052000522613525,1.1107499599456787,220001.0
2016-07-01,1.1132500171661377,1.1199500560760498,1.110200047492981,1.1165000200271606,129733.0
2016-07-05,1.1165000200271606,1.1216000318527222,1.1091500520706177,1.1100499629974365,182561.0
2016-07-06,1.1095499992370605,1.114300012588501,1.1059499979019165,1.1133999824523926,144979.0
2016-07-07,1.1126500368118286,1.1137499809265137,1.1081000566482544,1.1083999872207642,106400.0
2016-07-08,1.1089999675750732,1.1149499416351318,1.1029499769210815,1.1077500581741333,174158.0
2016-07-11,1.10794997215271,1.1103500127792358,1.1043000221252441,1.1085000038146973,98509.0
2016-07-12,1.1088000535964966,1.1154999732971191,1.1080000400543213,1.1095999479293823,144077.0
2016-07-13,1.1089999675750732,1.114799976348877,1.106950044631958,1.1135499477386475,128781.0
2016-07-14,1.1121000051498413,1.1191999912261963,1.1115000247955322,1.1148500442504883,139913.0
2016-07-15,1.1140999794006348,1.117650032043457,1.1052000522613525,1.1088500022888184,141796.0
2016-07-18,1.10794997215271,1.1112500429153442,1.1064499616622925,1.1095999479293823,87018.0
2016-07-19,1.1100499629974365,1.1107499599456787,1.1025500297546387,1.1041500568389893,146873.0
2016-07-20,1.104449987411499,1.1056499481201172,1.1006499528884888,1.1030000448226929,124763.0
2016-07-21,1.1035499572753906,1.108549952507019,1.100450038909912,1.10385000705719,171902.0
2016-07-22,1.1049000024795532,1.106600046157837,1.0979499816894531,1.0986499786376953,124231.0
2016-07-25,1.0995500087738037,1.1023499965667725,1.097599983215332,1.1014000177383423,87057.0
2016-07-26,1.1016000509262085,1.1054500341415405,1.1002999544143677,1.101099967956543,104632.0
2016-07-27,1.1007499694824219,1.1088999509811401,1.0983999967575073,1.1043000221252441,150321.0
2016-07-28,1.1075999736785889,1.114300012588501,1.1074999570846558,1.1095499992370605,142672.0
2016-07-29,1.1097500324249268,1.121899962425232,1.1093000173568726,1.1201499700546265,192318.0
2016-08-01,1.1205500364303589,1.1205999851226807,1.1176999807357788,1.1190999746322632,99659.0
2016-08-02,1.118499994277954,1.1255500316619873,1.1183500289916992,1.1247999668121338,130517.0
2016-08-03,1.1243499517440796,1.124500036239624,1.1161999702453613,1.1167000532150269,116852.0
2016-08-04,1.1168999671936035,1.1175999641418457,1.1133500337600708,1.1149499416351318,107982.0
2016-08-05,1.1145999431610107,1.1180499792099,1.1064000129699707,1.110949993133545,161721.0
2016-08-08,1.1103500127792358,1.1123499870300293,1.1090500354766846,1.1100499629974365,70983.0
2016-08-09,1.1104999780654907,1.114050030708313,1.1088500022888184,1.1125500202178955,102809.0
2016-08-10,1.1131999492645264,1.1207499504089355,1.1131500005722046,1.1191500425338745,140949.0
2016-08-11,1.1198500394821167,1.1208499670028687,1.1151000261306763,1.1159000396728516,103011.0
2016-08-12,1.1154500246047974,1.1237000226974487,1.114650011062622,1.1177500486373901,138571.0
2016-08-15,1.1184500455856323,1.121899962425232,1.1167999505996704,1.1196500062942505,66849.0
2016-08-16,1.1196999549865723,1.1337499618530273,1.1191999912261963,1.1290500164031982,207887.0
2016-08-17,1.128999948501587,1.1330499649047852,1.125349998474121,1.1303999423980713,139701.0
2016-08-18,1.1301000118255615,1.1380000114440918,1.1299999952316284,1.1367000341415405,159275.0
2016-08-19,1.136549949645996,1.1373000144958496,1.1316499710083008,1.1335500478744507,122551.0
2016-08-22,1.132599949836731,1.1342999935150146,1.128250002861023,1.1336499452590942,103805.0
2016-08-23,1.1332999467849731,1.1366499662399292,1.131500005722046,1.1317499876022339,108149.0
2016-08-24,1.1318000555038452,1.1322499513626099,1.1256500482559204,1.1273499727249146,121460.0
2016-08-25,1.1274000406265259,1.1308000087738037,1.1269500255584717,1.1289000511169434,103635.0
2016-08-26,1.1295000314712524,1.135200023651123,1.1189500093460083,1.1196500062942505,261824.0
2016-08-29,1.1196500062942505,1.1217000484466553,1.1167000532150269,1.1195499897003174,115729.0
2016-08-30,1.1194499731063843,1.1200499534606934,1.114050030708313,1.1149499416351318,129704.0
2016-08-31,1.1151000261306763,1.117300033569336,1.1131000518798828,1.1166499853134155,148992.0
2016-09-01,1.1165000200271606,1.1210999488830566,1.1132999658584595,1.1204500198364258,174294.0
2016-09-02,1.1202499866485596,1.1260499954223633,1.1154999732971191,1.1165000200271606,203258.0
2016-09-06,1.1159000396728516,1.1267999410629272,1.1143499612808228,1.1259499788284302,267554.0
2016-09-07,1.1255500316619873,1.1275999546051025,1.1232999563217163,1.1247999668121338,141988.0
2016-09-08,1.1243000030517578,1.1331000328063965,1.1237000226974487,1.1261999607086182,259421.0
2016-09-09,1.1267999410629272,1.128749966621399,1.1201000213623047,1.1231000423431396,188058.0
2016-09-12,1.1237499713897705,1.1273000240325928,1.1212999820709229,1.124500036239624,183833.0
2016-09-13,1.1237000226974487,1.1262500286102295,1.1205999851226807,1.1210500001907349,225113.0
2016-09-14,1.121899962425232,1.1276500225067139,1.121500015258789,1.1252000331878662,296864.0
2016-09-15,1.1250499486923218,1.128999948501587,1.1219500303268433,1.124400019645691,248876.0
2016-09-16,1.1243499517440796,1.1251499652862549,1.1150000095367432,1.115149974822998,61445.0
2016-09-19,1.1156500577926636,1.1183500289916992,1.1152499914169312,1.117799997329712,116856.0
2016-09-20,1.1217999458312988,1.125499963760376,1.1190999746322632,1.1198500394821167,131280.0
2016-09-21,1.1193499565124512,1.1238000392913818,1.1164000034332275,1.121749997138977,183371.0
2016-09-22,1.1232000589370728,1.1298500299453735,1.1224000453948975,1.1240999698638916,164867.0
2016-09-23,1.1247999668121338,1.128000020980835,1.1232500076293945,1.127150058746338,129823.0
2016-09-26,1.1266000270843506,1.1319999694824219,1.1260499954223633,1.1295499801635742,119056.0
2016-09-27,1.1292500495910645,1.1299999952316284,1.1231499910354614,1.1261999607086182,170328.0
2016-09-28,1.1259499788284302,1.1276999711990356,1.12214994430542,1.1254500150680542,152461.0
2016-09-29,1.125599980354309,1.128749966621399,1.1232999563217163,1.1252000331878662,155508.0
2016-09-30,1.125349998474121,1.1290500164031982,1.1191500425338745,1.1276999711990356,252917.0
2016-10-03,1.1276500225067139,1.128499984741211,1.1243000030517578,1.125499963760376,106821.0
2016-10-04,1.125,1.1275500059127808,1.1173499822616577,1.1232000589370728,254938.0
2016-10-05,1.1241999864578247,1.1267499923706055,1.1223499774932861,1.1246999502182007,147447.0
2016-10-06,1.1240999698638916,1.1244499683380127,1.1171000003814697,1.1172499656677246,159827.0
2016-10-07,1.117799997329712,1.1236499547958374,1.1135499477386475,1.1210500001907349,243699.0
2016-10-11,1.1168999671936035,1.117300033569336,1.107800006866455,1.1080000400543213,186158.0
2016-10-12,1.108549952507019,1.1098500490188599,1.103350043296814,1.1040500402450562,190172.0
2016-10-13,1.1035000085830688,1.1087499856948853,1.1014000177383423,1.1083999872207642,183857.0
2016-10-14,1.108199954032898,1.1086499691009521,1.0997999906539917,1.100950002670288,168037.0
2016-10-17,1.099850058555603,1.103700041770935,1.0992000102996826,1.1024999618530273,110703.0
2016-10-18,1.1025999784469604,1.1053999662399292,1.0996999740600586,1.1004999876022339,131698.0
2016-10-19,1.1004999876022339,1.1031500101089478,1.098099946975708,1.0993499755859375,118489.0
2016-10-20,1.099850058555603,1.1065000295639038,1.0940500497817993,1.0951000452041626,208172.0
2016-10-21,1.0951999425888062,1.0954500436782837,1.0883500576019287,1.0898499488830566,150215.0
2016-10-24,1.0902999639511108,1.0924500226974487,1.0884000062942505,1.090149998664856,115649.0
2016-10-25,1.0898000001907349,1.092900037765503,1.087499976158142,1.0913499593734741,153415.0
2016-10-26,1.091249942779541,1.097000002861023,1.0898000001907349,1.093150019645691,161001.0
2016-10-27,1.0930999517440796,1.0964499711990356,1.0904500484466553,1.0924999713897705,151887.0
2016-10-28,1.0918999910354614,1.1014000177383423,1.0914499759674072,1.100250005722046,178627.0
2016-10-31,1.1002999544143677,1.1016499996185303,1.0958000421524048,1.0987000465393066,122256.0
2016-11-01,1.0996999740600586,1.1090500354766846,1.0981500148773193,1.108199954032898,171880.0
2016-11-02,1.1078499555587769,1.114300012588501,1.1070499420166016,1.111549973487854,203584.0
2016-11-03,1.1117500066757202,1.1145000457763672,1.107800006866455,1.1124000549316406,172545.0
2016-11-04,1.1123499870300293,1.1162999868392944,1.1098500490188599,1.113800048828125,154498.0
2016-11-07,1.110949993133545,1.1129000186920166,1.1045500040054321,1.1056499481201172,151641.0
2016-11-08,1.1061500310897827,1.1084500551223755,1.1026500463485718,1.104699969291687,126449.0
2016-11-09,1.1030000448226929,1.131700038909912,1.0920000076293945,1.094599962234497,461271.0
2016-11-10,1.093999981880188,1.0968999862670898,1.0879000425338745,1.0906000137329102,237963.0
2016-11-14,1.0850000381469727,1.0856000185012817,1.0722500085830688,1.0738999843597412,247721.0
2016-11-15,1.075850009918213,1.0829999446868896,1.0727499723434448,1.0729999542236328,213822.0
2016-11-16,1.0735000371932983,1.077299952507019,1.0679500102996826,1.0694500207901,223264.0
2016-11-17,1.0711499452590942,1.075700044631958,1.063099980354309,1.0638500452041626,226961.0
2016-11-18,1.0636999607086182,1.0654000043869019,1.0579999685287476,1.0611000061035156,246421.0
2016-11-21,1.0598499774932861,1.0659500360488892,1.0589499473571777,1.062000036239624,181472.0
2016-11-22,1.0640000104904175,1.066849946975708,1.0593500137329102,1.0634499788284302,177466.0
2016-11-23,1.0635000467300415,1.0654000043869019,1.0536500215530396,1.055799961090088,239846.0
2016-11-25,1.055999994277954,1.0636500120162964,1.0527000427246094,1.0600500106811523,247723.0
2016-11-28,1.0608500242233276,1.0694500207901,1.0572500228881836,1.0604499578475952,209003.0
2016-11-29,1.0618499517440796,1.0663000345230103,1.0573500394821167,1.065600037574768,195819.0
2016-11-30,1.065600037574768,1.0674500465393066,1.0559500455856323,1.0604499578475952,266875.0
2016-12-01,1.059999942779541,1.0676000118255615,1.0590499639511108,1.06535005569458,226919.0
2016-12-02,1.0666999816894531,1.069599986076355,1.0630500316619873,1.0664499998092651,195184.0
2016-12-05,1.0549999475479126,1.080199956893921,1.0509999990463257,1.0774500370025635,304739.0
2016-12-06,1.07669997215271,1.0790499448776245,1.0702999830245972,1.0721499919891357,199821.0
2016-12-07,1.0723999738693237,1.077299952507019,1.0714499950408936,1.0763499736785889,136627.0
2016-12-08,1.076200008392334,1.0878000259399414,1.0600999593734741,1.0616999864578247,356309.0
2016-12-09,1.0616999864578247,1.063349962234497,1.0533499717712402,1.0556999444961548,220016.0
2016-12-12,1.054900050163269,1.065500020980835,1.0528000593185425,1.0633000135421753,252251.0
2016-12-13,1.0645999908447266,1.0670000314712524,1.0606499910354614,1.0622999668121338,209256.0
2016-12-14,1.062849998474121,1.0672500133514404,1.0498499870300293,1.0560499429702759,391800.0
2016-12-15,1.0530500411987305,1.0530500411987305,1.0367499589920044,1.0426000356674194,355581.0
2016-12-16,1.042199969291687,1.0475000143051147,1.0400999784469604,1.0433000326156616,68085.0
2016-12-19,1.0447499752044678,1.0477999448776245,1.041100025177002,1.044100046157837,154407.0
2016-12-20,1.044700026512146,1.0463999509811401,1.0398000478744507,1.0435500144958496,148136.0
2016-12-21,1.0436999797821045,1.049649953842163,1.042799949645996,1.0471500158309937,119956.0
2016-12-22,1.0470000505447388,1.0543500185012817,1.0467499494552612,1.0478999614715576,140543.0
2016-12-23,1.0478500127792358,1.0513999462127686,1.0470999479293823,1.0491000413894653,71023.0
2016-12-27,1.0498499870300293,1.0508500337600708,1.0473999977111816,1.0501500368118286,55644.0
2016-12-28,1.0500999689102173,1.05239999294281,1.0420500040054321,1.045799970626831,127199.0
2016-12-29,1.045699954032898,1.0530500411987305,1.045050024986267,1.0520999431610107,139611.0
2016-12-30,1.0528000593185425,1.069350004196167,1.0520000457763672,1.0573999881744385,175634.0
2017-01-03,1.0500500202178955,1.05239999294281,1.037350058555603,1.0445499420166016,242830.0
2017-01-04,1.0441999435424805,1.0532000064849854,1.042199969291687,1.0498499870300293,197711.0
2017-01-05,1.0515999794006348,1.0645999908447266,1.0511000156402588,1.0621999502182007,281509.0
2017-01-06,1.0634499788284302,1.0659500360488892,1.055400013923645,1.0561000108718872,215663.0
2017-01-09,1.055999994277954,1.0612000226974487,1.0539499521255493,1.0606499910354614,150749.0
2017-01-10,1.0609999895095825,1.0655499696731567,1.0578999519348145,1.058650016784668,168448.0
2017-01-11,1.0582000017166138,1.0650500059127808,1.048050045967102,1.060349941253662,312235.0
2017-01-12,1.0609999895095825,1.0710500478744507,1.059749960899353,1.0650999546051025,251202.0
2017-01-13,1.063599944114685,1.0701500177383423,1.0621000528335571,1.0667999982833862,185293.0
2017-01-17,1.065000057220459,1.0744999647140503,1.060349941253662,1.0734000205993652,313999.0
2017-01-18,1.0736000537872314,1.073699951171875,1.065250039100647,1.0691499710083008,166779.0
2017-01-19,1.065500020980835,1.0700000524520874,1.0611499547958374,1.0681999921798706,241553.0
2017-01-20,1.0683000087738037,1.0732500553131104,1.0647000074386597,1.0729999542236328,193044.0
2017-01-23,1.0727499723434448,1.0792499780654907,1.0724999904632568,1.076799988746643,195583.0
2017-01-24,1.0789999961853027,1.0796500444412231,1.0741000175476074,1.0743000507354736,148585.0
2017-01-25,1.0751500129699707,1.0789999961853027,1.0731500387191772,1.0761499404907227,166635.0
2017-01-26,1.076799988746643,1.0784499645233154,1.0676499605178833,1.0717500448226929,204441.0
2017-01-27,1.0700000524520874,1.0743999481201172,1.0677000284194946,1.0717500448226929,175241.0
2017-01-30,1.0729000568389893,1.075850009918213,1.0637500286102295,1.0710999965667725,206051.0
2017-01-31,1.0716999769210815,1.082900047302246,1.0701500177383423,1.0821000337600708,294460.0
2017-02-01,1.0813499689102173,1.0823999643325806,1.0746500492095947,1.079300045967102,213569.0
2017-02-02,1.0783499479293823,1.0844000577926636,1.0771000385284424,1.0778499841690063,191364.0
2017-02-03,1.0777499675750732,1.0812499523162842,1.0724999904632568,1.0781500339508057,206821.0
2017-02-06,1.079800009727478,1.080299973487854,1.0719499588012695,1.076200008392334,151778.0
2017-02-07,1.0760999917984009,1.0763499736785889,1.0669499635696411,1.0708500146865845,176874.0
2017-02-08,1.0694999694824219,1.0727499723434448,1.0652999877929688,1.069849967956543,190456.0
2017-02-09,1.0705499649047852,1.072100043296814,1.0662000179290771,1.0670000314712524,168986.0
2017-02-10,1.0664499998092651,1.0678999423980713,1.0618499517440796,1.0642499923706055,176378.0
2017-02-13,1.0641499757766724,1.0669499635696411,1.0602500438690186,1.0609500408172607,138249.0
2017-02-14,1.0605499744415283,1.0643999576568604,1.0571000576019287,1.0583000183105469,201934.0
2017-02-15,1.0588500499725342,1.061900019645691,1.0530999898910522,1.059999942779541,211922.0
2017-02-16,1.060349941253662,1.068850040435791,1.0600999593734741,1.06850004196167,207182.0
2017-02-17,1.0678999423980713,1.0685499906539917,1.0613499879837036,1.0614500045776367,158980.0
2017-02-21,1.0628000497817993,1.0641499757766724,1.0533499717712402,1.0556000471115112,245054.0
2017-02-22,1.0542500019073486,1.058150053024292,1.0501500368118286,1.0578500032424927,241801.0
2017-02-23,1.056249976158142,1.0601999759674072,1.0543500185012817,1.0578500032424927,168514.0
2017-02-24,1.05840003490448,1.062399983406067,1.0562000274658203,1.0569499731063843,207934.0
2017-02-27,1.05649995803833,1.063599944114685,1.0556999444961548,1.0593500137329102,168333.0
2017-02-28,1.059149980545044,1.0635499954223633,1.0570499897003174,1.059749960899353,200080.0
2017-03-01,1.0576499700546265,1.0594500303268433,1.051800012588501,1.054800033569336,243721.0
2017-03-02,1.0550999641418457,1.0554499626159668,1.0498000383377075,1.0504499673843384,195151.0
2017-03-03,1.0507999658584595,1.0628000497817993,1.0505499839782715,1.0601500272750854,280776.0
2017-03-06,1.0614500045776367,1.0642499923706055,1.0577000379562378,1.0589499473571777,207698.0
2017-03-07,1.0583000183105469,1.0605000257492065,1.055999994277954,1.0569499731063843,201552.0
2017-03-08,1.0566500425338745,1.0576000213623047,1.0536500215530396,1.0549999475479126,295448.0
2017-03-09,1.0542000532150269,1.0615999698638916,1.052549958229065,1.0593500137329102,402889.0
2017-03-10,1.0576499700546265,1.0700500011444092,1.0571500062942505,1.069350004196167,144628.0
2017-03-13,1.06850004196167,1.0714999437332153,1.0656499862670898,1.0664499998092651,1412.0
2017-03-14,1.0671000480651855,1.0679500102996826,1.0618000030517578,1.062849998474121,1926.0
2017-03-15,1.062849998474121,1.0765000581741333,1.062749981880188,1.072100043296814,1348.0
2017-03-16,1.0755000114440918,1.0785499811172485,1.0722500085830688,1.076550006866455,748.0
2017-03-17,1.0787500143051147,1.0797499418258667,1.0745500326156616,1.0757999420166016,526.0
2017-03-20,1.0755000114440918,1.079300045967102,1.0742499828338623,1.0748499631881714,611.0
2017-03-21,1.0751999616622925,1.083400011062622,1.0751999616622925,1.0815000534057617,521.0
2017-03-22,1.0820499658584595,1.0836000442504883,1.079200029373169,1.0812000036239624,700.0
2017-03-23,1.0804500579833984,1.0815999507904053,1.0784000158309937,1.0799000263214111,747.0
2017-03-24,1.0778499841690063,1.0823500156402588,1.0776000022888184,1.0819499492645264,255.0
2017-03-27,1.0849000215530396,1.0916999578475952,1.0849000215530396,1.0880000591278076,958.0
2017-03-28,1.087399959564209,1.0881500244140625,1.0810999870300293,1.0819499492645264,705.0
2017-03-29,1.0823500156402588,1.082900047302246,1.0755000114440918,1.076799988746643,517.0
2017-03-30,1.0772000551223755,1.0774999856948853,1.0679500102996826,1.069700002670288,408.0
2017-03-31,1.0672999620437622,1.0707999467849731,1.065999984741211,1.0690499544143677,558.0
2017-04-03,1.0694999694824219,1.0694999694824219,1.0649499893188477,1.0672999620437622,359.0
2017-04-04,1.0672500133514404,1.0681999921798706,1.0642499923706055,1.0673999786376953,313.0
2017-04-05,1.0680500268936157,1.069350004196167,1.0641499757766724,1.0671499967575073,488.0
2017-04-06,1.0687999725341797,1.0687999725341797,1.0634499788284302,1.0650999546051025,386.0
2017-04-07,1.0647499561309814,1.0672999620437622,1.058500051498413,1.059249997138977,586.0
2017-04-10,1.0587999820709229,1.0608999729156494,1.0575499534606934,1.059749960899353,488.0
2017-04-11,1.0600999593734741,1.063249945640564,1.058500051498413,1.0610500574111938,227.0
2017-04-12,1.0602999925613403,1.0673500299453735,1.059499979019165,1.0595999956130981,438.0
2017-04-13,1.0662000179290771,1.0677499771118164,1.0608500242233276,1.062250018119812,821.0
2017-04-17,1.0615500211715698,1.0661499500274658,1.0615500211715698,1.0661499500274658,317.0
2017-04-18,1.0664000511169434,1.0748499631881714,1.065750002861023,1.0744999647140503,346.0
2017-04-19,1.0737500190734863,1.0748499631881714,1.0714999437332153,1.0733000040054321,273.0
2017-04-20,1.0721999406814575,1.0786000490188599,1.0721999406814575,1.073199987411499,581.0
2017-04-21,1.0724999904632568,1.0745500326156616,1.0694999694824219,1.0706000328063965,1009.0
2017-04-24,1.0800000429153442,1.0908499956130981,1.0800000429153442,1.086899995803833,977.0
2017-04-25,1.0880000591278076,1.0959500074386597,1.086400032043457,1.0950000286102295,1081.0
2017-04-26,1.0937999486923218,1.0956000089645386,1.0867999792099,1.090749979019165,501.0
2017-04-27,1.0915499925613403,1.0938999652862549,1.086150050163269,1.089050054550171,1464.0
2017-04-28,1.086899995803833,1.0954500436782837,1.086549997329712,1.090250015258789,1038.0
2017-05-01,1.0908000469207764,1.093000054359436,1.08965003490448,1.0913000106811523,195.0
2017-05-02,1.0925500392913818,1.0944000482559204,1.0898000001907349,1.093400001525879,563.0
2017-05-03,1.0935499668121338,1.0940500497817993,1.0893499851226807,1.090999960899353,733.0
2017-05-04,1.089050054550171,1.0992000102996826,1.0884000062942505,1.0981999635696411,1425.0
2017-05-05,1.0983999967575073,1.1008000373840332,1.0952999591827393,1.0993000268936157,1450.0
2017-05-08,1.1011500358581543,1.101199984550476,1.0921000242233276,1.093649983406067,1199.0
2017-05-09,1.0925500392913818,1.0927000045776367,1.087049961090088,1.087149977684021,1493.0
2017-05-10,1.0879000425338745,1.0899499654769897,1.0857000350952148,1.0863499641418457,685.0
2017-05-11,1.087149977684021,1.0886499881744385,1.0839500427246094,1.0866999626159668,845.0
2017-05-12,1.087049961090088,1.0933500528335571,1.0859500169754028,1.0923999547958374,627.0
2017-05-15,1.093999981880188,1.0983999967575073,1.093999981880188,1.0979499816894531,133125.0
2017-05-16,1.0996500253677368,1.1115000247955322,1.0994499921798706,1.1112500429153442,228579.0
2017-05-17,1.1100000143051147,1.1180000305175781,1.1097500324249268,1.1166000366210938,241181.0
2017-05-18,1.118299961090088,1.1188000440597534,1.1091500520706177,1.1119999885559082,253933.0
2017-05-19,1.1116000413894653,1.1227500438690186,1.1114000082015991,1.1220500469207764,198552.0
2017-05-22,1.1220500469207764,1.12785005569458,1.1175999641418457,1.125100016593933,206695.0
2017-05-23,1.1253000497817993,1.128250002861023,1.1189500093460083,1.1198500394821167,243344.0
2017-05-24,1.1196500062942505,1.1235500574111938,1.1181999444961548,1.1211999654769897,193571.0
2017-05-25,1.1226999759674072,1.1262500286102295,1.1204999685287476,1.1216000318527222,146755.0
2017-05-26,1.121999979019165,1.1246000528335571,1.1172499656677246,1.1189500093460083,162243.0
2017-05-30,1.1186000108718872,1.121649980545044,1.1119999885559082,1.1198999881744385,257785.0
2017-05-31,1.1193499565124512,1.1262500286102295,1.117400050163269,1.125599980354309,211806.0
2017-06-01,1.125100016593933,1.1265499591827393,1.1209499835968018,1.1223499774932861,140453.0
2017-06-02,1.1222000122070312,1.1294000148773193,1.121250033378601,1.1285500526428223,180335.0
2017-06-05,1.1286499500274658,1.12909996509552,1.124150037765503,1.1264499425888062,111446.0
2017-06-06,1.1262999773025513,1.1291500329971313,1.1246999502182007,1.1275500059127808,156412.0
2017-06-07,1.1284500360488892,1.1289499998092651,1.121000051498413,1.1260499954223633,262232.0
2017-06-08,1.1263500452041626,1.1274000406265259,1.1199500560760498,1.1227999925613403,234545.0
2017-06-09,1.1208000183105469,1.121999979019165,1.117050051689148,1.1202000379562378,197853.0
2017-06-12,1.12090003490448,1.1236499547958374,1.1195499897003174,1.1211999654769897,170480.0
2017-06-13,1.1207499504089355,1.122849941253662,1.1188499927520752,1.1215499639511108,196134.0
2017-06-14,1.1211999654769897,1.1298999786376953,1.1196000576019287,1.121899962425232,495287.0
2017-06-15,1.1218500137329102,1.1229499578475952,1.1132999658584595,1.115399956703186,238047.0
2017-06-16,1.1145999431610107,1.1202499866485596,1.1138499975204468,1.1194000244140625,66378.0
2017-06-19,1.1200000047683716,1.1211999654769897,1.1172000169754028,1.117799997329712,748.0
2017-06-20,1.1168500185012817,1.1181000471115112,1.113800048828125,1.1145999431610107,718.0
2017-06-21,1.1152499914169312,1.1187000274658203,1.1144499778747559,1.1179499626159668,629.0
2017-06-22,1.1182500123977661,1.1192500591278076,1.1154999732971191,1.1161999702453613,401.0
2017-06-23,1.1165000200271606,1.1218500137329102,1.1162999868392944,1.1211999654769897,527.0
2017-06-26,1.121000051498413,1.1232500076293945,1.118749976158142,1.1195000410079956,510.0
2017-06-27,1.1193000078201294,1.136299967765808,1.1193000078201294,1.1361000537872314,1476.0
2017-06-28,1.1348999738693237,1.1402499675750732,1.1303999423980713,1.1392500400543213,3902.0
2017-06-29,1.138800024986267,1.1454999446868896,1.1384999752044678,1.1441999673843384,2885.0
2017-06-30,1.1449999809265137,1.1450999975204468,1.1402499675750732,1.1429500579833984,1208.0
2017-07-03,1.143399953842163,1.143399953842163,1.1364500522613525,1.1364500522613525,1081.0
2017-07-05,1.1373000144958496,1.1383999586105347,1.1319500207901,1.134850025177002,2309.0
2017-07-06,1.1356500387191772,1.142899990081787,1.1338000297546387,1.142699956893921,1199.0
2017-07-07,1.1426500082015991,1.1440000534057617,1.1384999752044678,1.1406999826431274,840.0
2017-07-10,1.1404999494552612,1.1420999765396118,1.1385999917984009,1.1406999826431274,234.0
2017-07-11,1.1399999856948853,1.1482499837875366,1.1387499570846558,1.1480499505996704,746.0
2017-07-12,1.146649956703186,1.1490000486373901,1.139549970626831,1.141800045967102,1057.0
2017-07-13,1.1429500579833984,1.1453499794006348,1.1375000476837158,1.1406500339508057,1275.0
2017-07-14,1.1404999494552612,1.1471500396728516,1.1402499675750732,1.1467000246047974,693.0
2017-07-17,1.14614999294281,1.1477500200271606,1.1440000534057617,1.1476000547409058,518.0
2017-07-18,1.149399995803833,1.159999966621399,1.1492999792099,1.1577500104904175,1196.0
2017-07-19,1.1567000150680542,1.1567000150680542,1.1525499820709229,1.15339994430542,542.0
2017-07-20,1.154099941253662,1.1670000553131104,1.1494499444961548,1.1638000011444092,2443.0
2017-07-21,1.1647499799728394,1.169600009918213,1.1637500524520874,1.1691499948501587,643.0
2017-07-24,1.1679999828338623,1.169350028038025,1.163949966430664,1.1655499935150146,517.0
2017-07-25,1.1652499437332153,1.1723500490188599,1.1646499633789062,1.166200041770935,804.0
2017-07-26,1.1657999753952026,1.1751999855041504,1.1628999710083008,1.1714500188827515,1077.0
2017-07-27,1.174299955368042,1.1784499883651733,1.1663999557495117,1.1692999601364136,1108.0
2017-07-28,1.1692500114440918,1.1770000457763672,1.1688499450683594,1.1770000457763672,2229.0
2017-07-31,1.1761000156402588,1.1852999925613403,1.173200011253357,1.183899998664856,1234.0
2017-08-01,1.1845500469207764,1.1845500469207764,1.1793999671936035,1.180999994277954,544.0
2017-08-02,1.181249976158142,1.1911499500274658,1.180649995803833,1.1868000030517578,986.0
2017-08-03,1.1859999895095825,1.1892499923706055,1.184149980545044,1.1872999668121338,636.0
2017-08-04,1.187849998474121,1.1892499923706055,1.1734999418258667,1.1769499778747559,751.0
2017-08-07,1.1787500381469727,1.1818000078201294,1.1783000230789185,1.179900050163269,521.0
2017-08-08,1.180299997329712,1.1825000047683716,1.1723999977111816,1.1756500005722046,363.0
2017-08-09,1.1751999855041504,1.176550030708313,1.169450044631958,1.1756000518798828,488.0
2017-08-10,1.1762499809265137,1.1783499717712402,1.170549988746643,1.1770999431610107,516.0
2017-08-11,1.1770000457763672,1.1843500137329102,1.1753000020980835,1.1823999881744385,731.0
2017-08-14,1.1827000379562378,1.1838500499725342,1.177899956703186,1.177899956703186,143809.0
2017-08-15,1.179800033569336,1.181399941444397,1.170799970626831,1.1754499673843384,191384.0
2017-08-16,1.1756500005722046,1.179900050163269,1.1701500415802002,1.1788500547409058,227828.0
2017-08-17,1.1788500547409058,1.1808500289916992,1.1679999828338623,1.1758999824523926,249368.0
2017-08-18,1.1743500232696533,1.1792500019073486,1.1725499629974365,1.177649974822998,163095.0
2017-08-21,1.1777000427246094,1.1845500469207764,1.1748000383377075,1.1827499866485596,144246.0
2017-08-22,1.1828500032424927,1.1841000318527222,1.1761499643325806,1.176800012588501,143913.0
2017-08-23,1.1780500411987305,1.183899998664856,1.1756000518798828,1.1835500001907349,159410.0
2017-08-24,1.1822500228881836,1.1832000017166138,1.179800033569336,1.1818000078201294,114770.0
2017-08-25,1.181399941444397,1.1955000162124634,1.1786500215530396,1.1892000436782837,244695.0
2017-08-28,1.1956499814987183,1.1996999979019165,1.1929500102996826,1.1993000507354736,151146.0
2017-08-29,1.1991000175476074,1.2082500457763672,1.1957999467849731,1.2002999782562256,287421.0
2017-08-30,1.1981500387191772,1.1995999813079834,1.1892000436782837,1.190250039100647,242905.0
2017-08-31,1.1902999877929688,1.1922999620437622,1.1832000017166138,1.1912000179290771,252044.0
2017-09-01,1.1927499771118164,1.1989500522613525,1.1857500076293945,1.1875499486923218,273582.0
2017-09-05,1.1890000104904175,1.194849967956543,1.187600016593933,1.1926499605178833,251429.0
2017-09-06,1.1922999620437622,1.1957999467849731,1.190999984741211,1.191849946975708,190153.0
2017-09-07,1.1925499439239502,1.2065000534057617,1.1919499635696411,1.201050043106079,382340.0
2017-09-08,1.2024999856948853,1.2097500562667847,1.201949954032898,1.2032500505447388,239632.0
2017-09-11,1.2029000520706177,1.2034000158309937,1.195099949836731,1.1966999769210815,226746.0
2017-09-12,1.1958500146865845,1.198199987411499,1.1929999589920044,1.197350025177002,248358.0
2017-09-13,1.1969000101089478,1.1998000144958496,1.1875499486923218,1.1876499652862549,368890.0
2017-09-14,1.1890000104904175,1.1923999786376953,1.183750033378601,1.1914499998092651,296129.0
2017-09-15,1.19159996509552,1.1988500356674194,1.1901500225067139,1.1940499544143677,87247.0
2017-09-18,1.1935499906539917,1.1969000101089478,1.19159996509552,1.1960999965667725,1275.0
2017-09-19,1.1971999406814575,1.2021499872207642,1.1971999406814575,1.2015000581741333,2177.0
2017-09-20,1.201200008392334,1.2050000429153442,1.1871999502182007,1.1907000541687012,1409.0
2017-09-21,1.1908999681472778,1.1967500448226929,1.1881999969482422,1.1946500539779663,896.0
2017-09-22,1.1959500312805176,1.201799988746643,1.1953999996185303,1.1957499980926514,1373.0
2017-09-25,1.1936999559402466,1.1949000358581543,1.1849000453948975,1.1859999895095825,2972.0
2017-09-26,1.1861499547958374,1.1875,1.1772500276565552,1.1813000440597534,2374.0
2017-09-27,1.1805499792099,1.1805499792099,1.17330002784729,1.1770999431610107,3174.0
2017-09-28,1.1754499673843384,1.1814500093460083,1.173200011253357,1.1800999641418457,1498.0
2017-09-29,1.1791499853134155,1.1841000318527222,1.1784000396728516,1.1824500560760498,1296.0
2017-10-02,1.1813000440597534,1.1823500394821167,1.174049973487854,1.1751999855041504,1410.0
2017-10-03,1.1740000247955322,1.1781500577926636,1.170549988746643,1.1757500171661377,2132.0
2017-10-04,1.1749999523162842,1.1794999837875366,1.1749500036239624,1.177150011062622,1123.0
2017-10-05,1.176200032234192,1.1783499717712402,1.1705000400543213,1.1710000038146973,1351.0
2017-10-06,1.1716500520706177,1.174149990081787,1.1677500009536743,1.173799991607666,1777.0
2017-10-09,1.1742000579833984,1.1760499477386475,1.1726499795913696,1.1753499507904053,1514.0
2017-10-10,1.1744999885559082,1.1829500198364258,1.1744999885559082,1.1807500123977661,3133.0
2017-10-11,1.1829999685287476,1.1871999502182007,1.1800999641418457,1.1857000589370728,2587.0
2017-10-12,1.1862499713897705,1.187999963760376,1.182800054550171,1.1835500001907349,2145.0
2017-10-13,1.1830999851226807,1.1875,1.1806999444961548,1.1819000244140625,1254.0
2017-10-16,1.1791499853134155,1.180799961090088,1.1791499853134155,1.1799499988555908,542.0
2017-10-17,1.1807500123977661,1.1807500123977661,1.1756500005722046,1.1787500381469727,1492.0
2017-10-18,1.1782000064849854,1.1820000410079956,1.1744999885559082,1.1819000244140625,1531.0
2017-10-19,1.180799961090088,1.1868000030517578,1.1782000064849854,1.1843500137329102,5070.0
2017-10-20,1.1859500408172607,1.1869499683380127,1.1778000593185425,1.1792500019073486,891.0
2017-10-23,1.1786500215530396,1.1786500215530396,1.1740000247955322,1.1750500202178955,923.0
2017-10-24,1.1762499809265137,1.1805000305175781,1.1755499839782715,1.1798499822616577,718.0
2017-10-25,1.1773500442504883,1.1828999519348145,1.176550030708313,1.1817500591278076,2543.0
2017-10-26,1.1825000047683716,1.1841000318527222,1.1649999618530273,1.1669000387191772,2619.0
2017-10-27,1.1653499603271484,1.1654499769210815,1.1582499742507935,1.1607500314712524,1577.0
2017-10-30,1.1612999439239502,1.166599988937378,1.1610000133514404,1.1647499799728394,779.0
2017-10-31,1.1649999618530273,1.1663999557495117,1.1634999513626099,1.1659499406814575,2535.0
2017-11-01,1.1661499738693237,1.166450023651123,1.1614999771118164,1.1625499725341797,1049.0
2017-11-02,1.1639000177383423,1.1690000295639038,1.1633000373840332,1.1666500568389893,2463.0
2017-11-03,1.1661499738693237,1.1692500114440918,1.1605499982833862,1.1612499952316284,1058.0
2017-11-06,1.1618000268936157,1.1627999544143677,1.1586999893188477,1.1611499786376953,2520.0
2017-11-07,1.1614500284194946,1.1618000268936157,1.1561000347137451,1.15910005569458,1171.0
2017-11-08,1.159850001335144,1.1611000299453735,1.1583499908447266,1.1598000526428223,3273.0
2017-11-09,1.1596499681472778,1.1655499935150146,1.1595499515533447,1.1648499965667725,1630.0
2017-11-10,1.1644999980926514,1.1675000190734863,1.1629999876022339,1.1665500402450562,639.0
2017-11-13,1.1658999919891357,1.167099952697754,1.1646000146865845,1.167099952697754,136647.0
2017-11-14,1.1685500144958496,1.1826000213623047,1.1682499647140503,1.18149995803833,291584.0
2017-11-15,1.1816500425338745,1.1881500482559204,1.1805499792099,1.1813000440597534,289868.0
2017-11-16,1.1801999807357788,1.1819499731063843,1.1775000095367432,1.1784000396728516,178838.0
2017-11-17,1.1789499521255493,1.1839499473571777,1.1783000230789185,1.18149995803833,196780.0
2017-11-20,1.1786999702453613,1.1826499700546265,1.173949956893921,1.1749500036239624,230765.0
2017-11-21,1.1749999523162842,1.17739999294281,1.1727999448776245,1.1758999824523926,181539.0
2017-11-22,1.1751999855041504,1.1843500137329102,1.1749000549316406,1.184000015258789,261964.0
2017-11-24,1.18340003490448,1.1958999633789062,1.1827499866485596,1.194200038909912,263437.0
2017-11-27,1.1947499513626099,1.1974999904632568,1.1908999681472778,1.191349983215332,198729.0
2017-11-28,1.1913000345230103,1.1933000087738037,1.184000015258789,1.1849499940872192,224825.0
2017-11-29,1.1860500574111938,1.1895500421524048,1.1828999519348145,1.1874500513076782,198240.0
2017-11-30,1.1861000061035156,1.194200038909912,1.1818499565124512,1.1907999515533447,271925.0
2017-12-01,1.1900500059127808,1.1950000524520874,1.1859999895095825,1.1902999877929688,289430.0
2017-12-04,1.187849998474121,1.1887500286102295,1.1837999820709229,1.1865999698638916,170174.0
2017-12-05,1.1875499486923218,1.1885499954223633,1.180799961090088,1.1822999715805054,185404.0
2017-12-06,1.1836999654769897,1.1856000423431396,1.1787999868392944,1.1798499822616577,197952.0
2017-12-07,1.1808500289916992,1.1821000576019287,1.1777000427246094,1.177899956703186,197235.0
2017-12-08,1.1780999898910522,1.1782000064849854,1.173449993133545,1.1771999597549438,257159.0
2017-12-11,1.177549958229065,1.1815999746322632,1.1768499612808228,1.1790499687194824,211877.0
2017-12-12,1.1777000427246094,1.1797000169754028,1.1721500158309937,1.174149990081787,308603.0
2017-12-13,1.174149990081787,1.183500051498413,1.1732499599456787,1.1823999881744385,423777.0
2017-12-14,1.1826499700546265,1.1864500045776367,1.1771999597549438,1.1793500185012817,356013.0
2017-12-15,1.1766999959945679,1.1813000440597534,1.1749999523162842,1.1757999658584595,145034.0
2017-12-18,1.1748499870300293,1.1816500425338745,1.1741000413894653,1.1813000440597534,2751.0
2017-12-19,1.1824500560760498,1.1881500482559204,1.1818000078201294,1.1878000497817993,2430.0
2017-12-20,1.187399983406067,1.1930999755859375,1.1862000226974487,1.1909500360488892,1814.0
2017-12-21,1.1907999515533447,1.1919499635696411,1.1883000135421753,1.1904000043869019,991.0
2017-12-22,1.1859999895095825,1.1895999908447266,1.1857500076293945,1.188349962234497,743.0
2017-12-26,1.1907000541687012,1.1915500164031982,1.1878999471664429,1.1897000074386597,743.0
2017-12-27,1.1887999773025513,1.1937999725341797,1.1887999773025513,1.1926000118255615,3040.0
2017-12-28,1.191249966621399,1.1969000101089478,1.191100001335144,1.1963000297546387,3247.0
2017-12-29,1.195099949836731,1.2033499479293823,1.1950000524520874,1.2029500007629395,1064.0
2018-01-02,1.20169997215271,1.208899974822998,1.2014000415802002,1.2061500549316406,1882.0
2018-01-03,1.2064000368118286,1.2065000534057617,1.2009999752044678,1.2023999691009521,809.0
2018-01-04,1.20169997215271,1.2092000246047974,1.2012499570846558,1.2077499628067017,3205.0
2018-01-05,1.2074999809265137,1.2088500261306763,1.2029999494552612,1.2053500413894653,2329.0
2018-01-08,1.2055000066757202,1.2055000066757202,1.1962000131607056,1.1967999935150146,2093.0
2018-01-09,1.1975500583648682,1.1975500583648682,1.1920000314712524,1.19350004196167,2696.0
2018-01-10,1.19350004196167,1.2020000219345093,1.1927499771118164,1.1961499452590942,1814.0
2018-01-11,1.1959999799728394,1.2058000564575195,1.1929999589920044,1.2039999961853027,1207.0
2018-01-12,1.2035000324249268,1.2144999504089355,1.2035000324249268,1.2144999504089355,530.0
2018-01-16,1.2237000465393066,1.2318999767303467,1.221500039100647,1.229599952697754,1907.0
2018-01-17,1.2299000024795532,1.2339500188827515,1.2209999561309814,1.2263000011444092,1201.0
2018-01-18,1.2188999652862549,1.2283999919891357,1.2188999652862549,1.2266000509262085,1455.0
2018-01-19,1.2263000011444092,1.2315000295639038,1.2239999771118164,1.225450038909912,1284.0
2018-01-22,1.2269500494003296,1.2287499904632568,1.2237499952316284,1.2279000282287598,1183.0
2018-01-23,1.2278499603271484,1.231950044631958,1.2245500087738037,1.2315000295639038,1417.0
2018-01-24,1.2317999601364136,1.2432500123977661,1.2309999465942383,1.242400050163269,901.0
2018-01-25,1.2421000003814697,1.2549999952316284,1.2382500171661377,1.2407499551773071,1639.0
2018-01-26,1.2407000064849854,1.2510000467300415,1.2407000064849854,1.243899941444397,949.0
2018-01-29,1.243399977684021,1.2443499565124512,1.2359999418258667,1.2405500411987305,1506.0
2018-01-30,1.2396999597549438,1.2467000484466553,1.2350000143051147,1.2419999837875366,1883.0
2018-01-31,1.2417999505996704,1.2482999563217163,1.2408000230789185,1.2425999641418457,1609.0
2018-02-01,1.243899941444397,1.2531499862670898,1.2407499551773071,1.2516000270843506,3077.0
2018-02-02,1.2517999410629272,1.2525500059127808,1.242650032043457,1.246399998664856,1917.0
2018-02-05,1.2446500062942505,1.2482000589370728,1.2378499507904053,1.2410000562667847,2013.0
2018-02-06,1.2385499477386475,1.243399977684021,1.2324999570846558,1.2402499914169312,2158.0
2018-02-07,1.239150047302246,1.2410000562667847,1.2256499528884888,1.2283999919891357,242.0
2018-02-08,1.226199984550476,1.230049967765808,1.2228000164031982,1.2269500494003296,3360.0
2018-02-09,1.2265499830245972,1.2280499935150146,1.2218999862670898,1.2237499952316284,2198.0
2018-02-12,1.225450038909912,1.2299000024795532,1.2242499589920044,1.228700041770935,2396.0
2018-02-13,1.2300000190734863,1.2372000217437744,1.229349970817566,1.2359000444412231,1901.0
2018-02-14,1.2352999448776245,1.2459499835968018,1.2281999588012695,1.2440999746322632,2398.0
2018-02-15,1.2458000183105469,1.2510000467300415,1.2458000183105469,1.250749945640564,1101.0
2018-02-16,1.2519999742507935,1.253999948501587,1.2436000108718872,1.2444000244140625,233936.0
2018-02-20,1.2433500289916992,1.2457499504089355,1.2340500354766846,1.2356499433517456,325966.0
2018-02-21,1.2353999614715576,1.2380499839782715,1.2301000356674194,1.2321499586105347,220540.0
2018-02-22,1.2295000553131104,1.2369999885559082,1.2276999950408936,1.2348999977111816,222821.0
2018-02-23,1.2345999479293823,1.2353999614715576,1.2296500205993652,1.2313499450683594,0.0
2018-02-26,1.2305500507354736,1.237149953842163,1.229449987411499,1.2327500581741333,177858.0
2018-02-27,1.2327500581741333,1.236199975013733,1.2236499786376953,1.2252999544143677,280019.0
2018-02-28,1.2249000072479248,1.2256499528884888,1.2201999425888062,1.2216999530792236,216326.0
2018-03-01,1.2206000089645386,1.2285499572753906,1.216599941253662,1.2265499830245972,272621.0
2018-03-02,1.228350043296814,1.2347500324249268,1.2262500524520874,1.2340999841690063,208998.0
2018-03-05,1.2355999946594238,1.2359999418258667,1.2279000282287598,1.233549952507019,212186.0
2018-03-06,1.2344000339508057,1.2430000305175781,1.2337499856948853,1.2414000034332275,218947.0
2018-03-07,1.2429499626159668,1.246150016784668,1.239300012588501,1.2413500547409058,205870.0
2018-03-08,1.2415499687194824,1.2453500032424927,1.2303999662399292,1.2311999797821045,372406.0
2018-03-09,1.2317500114440918,1.2339999675750732,1.2278499603271484,1.2320499420166016,240854.0
2018-03-12,1.2317999601364136,1.2350499629974365,1.229449987411499,1.2341500520706177,204675.0
2018-03-13,1.2337499856948853,1.2411999702453613,1.2318999767303467,1.2402000427246094,325993.0
2018-03-14,1.2396999597549438,1.2416499853134155,1.2351000308990479,1.2378499507904053,356237.0
2018-03-15,1.2369999885559082,1.2385499477386475,1.2301499843597412,1.2304999828338623,334000.0
2018-03-16,1.2303999662399292,1.2336499691009521,1.2259999513626099,1.2285499572753906,149648.0
2018-03-19,1.2289999723434448,1.232550024986267,1.2259999513626099,1.231950044631958,1145.0
2018-03-20,1.2367000579833984,1.2381000518798828,1.2271499633789062,1.2279000282287598,748.0
2018-03-21,1.2273499965667725,1.2373000383377075,1.2273499965667725,1.235450029373169,2184.0
2018-03-22,1.2363500595092773,1.2405500411987305,1.2310999631881714,1.23294997215271,2352.0
2018-03-23,1.2345499992370605,1.239400029182434,1.2342000007629395,1.2389500141143799,3944.0
2018-03-26,1.2381000518798828,1.2479000091552734,1.2379000186920166,1.2476500272750854,1497.0
2018-03-27,1.2476500272750854,1.249500036239624,1.2395000457763672,1.242050051689148,2061.0
2018-03-28,1.2424999475479126,1.242550015449524,1.2315000295639038,1.232450008392334,3673.0
2018-03-29,1.232200026512146,1.2345000505447388,1.2298500537872314,1.2302000522613525,1512.0
2018-04-02,1.233299970626831,1.2354999780654907,1.2297999858856201,1.2311500310897827,158.0
2018-04-03,1.2312999963760376,1.2346500158309937,1.226699948310852,1.2278499603271484,1117.0
2018-04-04,1.2279499769210815,1.2324999570846558,1.2269999980926514,1.229099988937378,1956.0
2018-04-05,1.229699969291687,1.229699969291687,1.222749948501587,1.2244000434875488,1917.0
2018-04-06,1.225600004196167,1.229699969291687,1.2226999998092651,1.229200005531311,463.0
2018-04-09,1.2281999588012695,1.2334500551223755,1.2273000478744507,1.232699990272522,573.0
2018-04-10,1.2330000400543213,1.2375999689102173,1.2309999465942383,1.236549973487854,1268.0
2018-04-11,1.236050009727478,1.2400000095367432,1.2351499795913696,1.2367000579833984,1630.0
2018-04-12,1.2369500398635864,1.2374999523162842,1.2308499813079834,1.2331500053405762,1512.0
2018-04-13,1.2331000566482544,1.2338000535964966,1.231850028038025,1.233299970626831,494.0
2018-04-16,1.2347999811172485,1.2392499446868896,1.2347999811172485,1.2387499809265137,530.0
2018-04-17,1.2403000593185425,1.243149995803833,1.2359999418258667,1.239050030708313,980.0
2018-04-18,1.2397500276565552,1.2418500185012817,1.2365000247955322,1.2399499416351318,1698.0
2018-04-19,1.2395000457763672,1.2408499717712402,1.235700011253357,1.235700011253357,2234.0
2018-04-20,1.236449956893921,1.237149953842163,1.2271499633789062,1.2301499843597412,4554.0
2018-04-23,1.229949951171875,1.2303500175476074,1.222000002861023,1.222249984741211,1652.0
2018-04-24,1.222499966621399,1.226199984550476,1.2200000286102295,1.2253999710083008,601.0
2018-04-25,1.22475004196167,1.22475004196167,1.2177499532699585,1.219349980354309,817.0
2018-04-26,1.218999981880188,1.2221499681472778,1.2114499807357788,1.2119499444961548,3205.0
2018-04-27,1.2117999792099,1.2142000198364258,1.2070000171661377,1.2133500576019287,2893.0
2018-04-30,1.2131999731063843,1.2144500017166138,1.207800030708313,1.2092499732971191,916.0
2018-05-01,1.208799958229065,1.208799958229065,1.1996999979019165,1.2005499601364136,1914.0
2018-05-02,1.200350046157837,1.2036000490188599,1.1948000192642212,1.1995500326156616,4293.0
2018-05-03,1.1984000205993652,1.201300024986267,1.1964499950408936,1.2000000476837158,4701.0
2018-05-04,1.199049949645996,1.1995999813079834,1.1923999786376953,1.1969499588012695,3311.0
2018-05-07,1.19760000705719,1.19760000705719,1.1904000043869019,1.1929500102996826,675.0
2018-05-08,1.1929500102996826,1.1932499408721924,1.184499979019165,1.1861499547958374,3174.0
2018-05-09,1.1864999532699585,1.1892000436782837,1.1827499866485596,1.1865500211715698,2906.0
2018-05-10,1.186900019645691,1.1945500373840332,1.1855499744415283,1.1927499771118164,8251.0
2018-05-11,1.1908999681472778,1.1967999935150146,1.1892999410629272,1.1943999528884888,1956.0
2018-05-14,1.1943999528884888,1.1995500326156616,1.1943999528884888,1.1982500553131104,201921.0
2018-05-15,1.1957000494003296,1.1965999603271484,1.1848000288009644,1.1875499486923218,331653.0
2018-05-16,1.1866999864578247,1.1881500482559204,1.1790000200271606,1.182800054550171,381691.0
2018-05-17,1.183500051498413,1.1862000226974487,1.1800999641418457,1.1822500228881836,283482.0
2018-05-18,1.1820000410079956,1.1845999956130981,1.1772500276565552,1.1797000169754028,257054.0
2018-05-21,1.1789000034332275,1.1819000244140625,1.173949956893921,1.1794999837875366,265071.0
2018-05-22,1.1815500259399414,1.1851999759674072,1.177899956703186,1.1799999475479126,291627.0
2018-05-23,1.179800033569336,1.1811000108718872,1.169600009918213,1.1719000339508057,430841.0
2018-05-24,1.1719000339508057,1.176800012588501,1.1708999872207642,1.1745500564575195,308535.0
2018-05-25,1.173799991607666,1.1751999855041504,1.1663000583648682,1.1679500341415405,363578.0
2018-05-29,1.164199948310852,1.1655499935150146,1.1526000499725342,1.1548000574111938,731721.0
2018-05-30,1.1557999849319458,1.1691499948501587,1.1533499956130981,1.1668000221252441,504707.0
2018-05-31,1.1679500341415405,1.173799991607666,1.1653000116348267,1.170050024986267,411583.0
2018-06-01,1.1705000400543213,1.172950029373169,1.1627999544143677,1.1675000190734863,347073.0
2018-06-04,1.1672999858856201,1.1755499839782715,1.167199969291687,1.1708999872207642,250314.0
2018-06-05,1.1706000566482544,1.1742000579833984,1.1662499904632568,1.1723999977111816,278736.0
2018-06-06,1.1726000308990479,1.1805000305175781,1.1722999811172485,1.1777499914169312,328571.0
2018-06-07,1.1785000562667847,1.1848000288009644,1.1781500577926636,1.1814500093460083,299866.0
2018-06-08,1.1805000305175781,1.1816999912261963,1.17330002784729,1.177649974822998,270952.0
2018-06-11,1.177899956703186,1.1826499700546265,1.1777000427246094,1.1792999505996704,228004.0
2018-06-12,1.1785999536514282,1.1814500093460083,1.1737500429153442,1.1754499673843384,327959.0
2018-06-13,1.1749500036239624,1.1805499792099,1.172950029373169,1.1777499914169312,457432.0
2018-06-14,1.1796000003814697,1.1857999563217163,1.1563999652862549,1.159350037574768,570616.0
2018-06-15,1.1574499607086182,1.162750005722046,1.1544500589370728,1.1607500314712524,85077.0
2018-06-18,1.1596499681472778,1.1622999906539917,1.156599998474121,1.159999966621399,976.0
2018-06-19,1.1644500494003296,1.1668000221252441,1.1555500030517578,1.159850001335144,1041.0
2018-06-20,1.1606999635696411,1.1619499921798706,1.1574499607086182,1.1608500480651855,1368.0
2018-06-21,1.1597000360488892,1.1653499603271484,1.1536500453948975,1.1642999649047852,1678.0
2018-06-22,1.162950038909912,1.169350028038025,1.1625499725341797,1.1682499647140503,1386.0
2018-06-25,1.1686999797821045,1.1728999614715576,1.1648000478744507,1.1722500324249268,2670.0
2018-06-26,1.1720499992370605,1.1739000082015991,1.1655000448226929,1.1668000221252441,1107.0
2018-06-27,1.1664999723434448,1.1687999963760376,1.155900001525879,1.157349944114685,2625.0
2018-06-28,1.1575000286102295,1.1610000133514404,1.1541999578475952,1.1569000482559204,1843.0
2018-06-29,1.1575000286102295,1.1699999570846558,1.1575000286102295,1.1681499481201172,4232.0
2018-07-02,1.1680999994277954,1.1680999994277954,1.1603000164031982,1.1619999408721924,835.0
2018-07-03,1.1651999950408936,1.1682000160217285,1.163349986076355,1.1660000085830688,0.0
2018-07-05,1.166599988937378,1.1726000308990479,1.1663999557495117,1.1686999797821045,2540.0
2018-07-06,1.1701500415802002,1.1768499612808228,1.1699999570846558,1.1749999523162842,1731.0
2018-07-09,1.1753499507904053,1.1792500019073486,1.1749000549316406,1.1754000186920166,1251.0
2018-07-10,1.1762499809265137,1.1762499809265137,1.169700026512146,1.1749999523162842,2831.0
2018-07-11,1.173200011253357,1.176200032234192,1.1674000024795532,1.1677000522613525,1600.0
2018-07-12,1.167549967765808,1.1690000295639038,1.1653499603271484,1.1672500371932983,690.0
2018-07-13,1.166450023651123,1.1680500507354736,1.1618000268936157,1.167799949645996,1642.0
2018-07-16,1.1682000160217285,1.1719499826431274,1.1682000160217285,1.1716500520706177,288.0
2018-07-17,1.173449993133545,1.1764999628067017,1.1679999828338623,1.1685999631881714,334.0
2018-07-18,1.167449951171875,1.1679999828338623,1.162500023841858,1.166949987411499,598.0
2018-07-19,1.1663000583648682,1.1693999767303467,1.159999966621399,1.16635000705719,1296.0
2018-07-20,1.1663000583648682,1.1755000352859497,1.1655000448226929,1.1743500232696533,902.0
2018-07-23,1.1757500171661377,1.1770000457763672,1.1705000400543213,1.170699954032898,140.0
2018-07-24,1.171049952507019,1.17330002784729,1.167199969291687,1.1699999570846558,432.0
2018-07-25,1.169800043106079,1.1750500202178955,1.1687500476837158,1.1716500520706177,1236.0
2018-07-26,1.1742000579833984,1.1751500368118286,1.1657999753952026,1.165850043296814,507.0
2018-07-27,1.1662499904632568,1.1671500205993652,1.1635500192642212,1.166949987411499,107.0
2018-07-30,1.1670500040054321,1.172700047492981,1.166599988937378,1.1720999479293823,685.0
2018-07-31,1.1717000007629395,1.1754000186920166,1.17044997215271,1.170799970626831,1074.0
2018-08-01,1.169450044631958,1.1705000400543213,1.1667499542236328,1.1672999858856201,311.0
2018-08-02,1.1671500205993652,1.1672999858856201,1.159000039100647,1.1593999862670898,507.0
2018-08-03,1.1596499681472778,1.1612499952316284,1.1570500135421753,1.1584500074386597,797.0
2018-08-06,1.156849980354309,1.1572999954223633,1.1540000438690186,1.1562000513076782,929.0
2018-08-07,1.15625,1.1611000299453735,1.1556999683380127,1.1598999500274658,1937.0
2018-08-08,1.1604000329971313,1.1628999710083008,1.1586999893188477,1.1622999906539917,1311.0
2018-08-09,1.1611499786376953,1.1615999937057495,1.1527999639511108,1.1543999910354614,2381.0
2018-08-10,1.1523000001907349,1.15339994430542,1.1397000551223755,1.1400500535964966,3566.0
2018-08-13,1.138800024986267,1.142799973487854,1.136549949645996,1.1421500444412231,325193.0
2018-08-14,1.1432000398635864,1.1456999778747559,1.135699987411499,1.1366000175476074,263133.0
2018-08-15,1.1370999813079834,1.1381499767303467,1.1327500343322754,1.1372499465942383,289694.0
2018-08-16,1.1368000507354736,1.1433000564575195,1.135949969291687,1.138949990272522,305497.0
2018-08-17,1.1396499872207642,1.1468499898910522,1.138949990272522,1.1467499732971191,251028.0
2018-08-20,1.1461000442504883,1.1507999897003174,1.1416499614715576,1.1490000486373901,214346.0
2018-08-21,1.1510000228881836,1.1624000072479248,1.1506999731063843,1.1594500541687012,317259.0
2018-08-22,1.1593999862670898,1.1644500494003296,1.1574000120162964,1.160949945449829,248075.0
2018-08-23,1.1614999771118164,1.1619000434875488,1.1548500061035156,1.1555500030517578,222981.0
2018-08-24,1.1560499668121338,1.1657999753952026,1.1552499532699585,1.1643500328063965,240625.0
2018-08-27,1.1642999649047852,1.1711499691009521,1.1612000465393066,1.169600009918213,192624.0
2018-08-28,1.169700026512146,1.1750500202178955,1.1679500341415405,1.1711000204086304,232968.0
2018-08-29,1.170799970626831,1.1726499795913696,1.1668000221252441,1.1714500188827515,247248.0
2018-08-30,1.1721500158309937,1.1731499433517456,1.1654000282287598,1.1677000522613525,246754.0
2018-08-31,1.167799949645996,1.170300006866455,1.1596499681472778,1.1608999967575073,266733.0
2018-09-04,1.1608999967575073,1.163949966430664,1.1540499925613403,1.1590499877929688,347935.0
2018-09-05,1.1591999530792236,1.1650500297546387,1.1552000045776367,1.163349986076355,300428.0
2018-09-06,1.163949966430664,1.166700005531311,1.1612999439239502,1.163349986076355,238352.0
2018-09-07,1.1631499528884888,1.1655999422073364,1.1556999683380127,1.1571500301361084,291942.0
2018-09-10,1.1555500030517578,1.16225004196167,1.1530499458312988,1.160249948501587,218940.0
2018-09-11,1.1599500179290771,1.1648999452590942,1.1570500135421753,1.159000039100647,331638.0
2018-09-12,1.1604499816894531,1.1654000282287598,1.1574000120162964,1.1636500358581543,345733.0
2018-09-13,1.1632000207901,1.170300006866455,1.1610499620437622,1.169350028038025,447496.0
2018-09-14,1.1690499782562256,1.1722500324249268,1.1620500087738037,1.163349986076355,126923.0
2018-09-17,1.1625499725341797,1.1693999767303467,1.1618499755859375,1.1691499948501587,2399.0
2018-09-18,1.171049952507019,1.1745500564575195,1.1677500009536743,1.169100046157837,1297.0
2018-09-19,1.1701500415802002,1.1734999418258667,1.1679500341415405,1.169700026512146,2108.0
2018-09-20,1.169450044631958,1.1805499792099,1.169450044631958,1.1797000169754028,1936.0
2018-09-21,1.1799999475479126,1.1821000576019287,1.1756000518798828,1.1767499446868896,1976.0
2018-09-24,1.1766999959945679,1.1832000017166138,1.1744500398635864,1.1778000593185425,2636.0
2018-09-25,1.176800012588501,1.1810499429702759,1.1754000186920166,1.1785000562667847,13867.0
2018-09-26,1.1783499717712402,1.1811000108718872,1.1746000051498413,1.1778500080108643,1554.0
2018-09-27,1.176550030708313,1.176550030708313,1.1655499935150146,1.167199969291687,1713.0
2018-09-28,1.1654000282287598,1.166100025177002,1.1584999561309814,1.1624000072479248,1332.0
2018-10-01,1.1618000268936157,1.163599967956543,1.1576499938964844,1.1586999893188477,784.0
2018-10-02,1.1586999893188477,1.15910005569458,1.1517000198364258,1.1555500030517578,7122.0
2018-10-03,1.155900001525879,1.1600500345230103,1.148650050163269,1.152750015258789,1172.0
2018-10-04,1.1487499475479126,1.1543999910354614,1.1470500230789185,1.1521999835968018,4179.0
2018-10-05,1.15215003490448,1.155650019645691,1.1492500305175781,1.153249979019165,1169.0
2018-10-08,1.1531000137329102,1.153149962425232,1.1468000411987305,1.1495000123977661,908.0
2018-10-09,1.1497999429702759,1.1504000425338745,1.1437499523162842,1.1503000259399414,1678.0
2018-10-10,1.1518000364303589,1.1547499895095825,1.1489499807357788,1.1529500484466553,4966.0
2018-10-11,1.1541999578475952,1.159999966621399,1.1540000438690186,1.159600019454956,14753.0
2018-10-12,1.1593999862670898,1.1604000329971313,1.1543999910354614,1.1564500331878662,2947.0
2018-10-15,1.1548999547958374,1.159000039100647,1.1548500061035156,1.159000039100647,1922.0
2018-10-16,1.1615999937057495,1.1652499437332153,1.1599500179290771,1.1608500480651855,2714.0
2018-10-17,1.1601999998092651,1.1610000133514404,1.1526999473571777,1.1535999774932861,11039.0
2018-10-18,1.152500033378601,1.1549999713897705,1.1477999687194824,1.1491999626159668,3021.0
2018-10-19,1.1480499505996704,1.156000018119812,1.1461999416351318,1.1535999774932861,2157.0
2018-10-22,1.1540499925613403,1.1571999788284302,1.1483500003814697,1.1491999626159668,1428.0
2018-10-23,1.1490999460220337,1.1516000032424927,1.1468000411987305,1.1491999626159668,2838.0
2018-10-24,1.1494499444961548,1.149749994277954,1.1404999494552612,1.1411000490188599,2256.0
2018-10-25,1.1417499780654907,1.1452000141143799,1.1380000114440918,1.1382999420166016,3794.0
2018-10-26,1.1392500400543213,1.1440500020980835,1.1358000040054321,1.1429500579833984,2072.0
2018-10-29,1.1418999433517456,1.1432499885559082,1.1383999586105347,1.1409499645233154,1325.0
2018-10-30,1.13919997215271,1.1404000520706177,1.1360000371932983,1.1360000371932983,705.0
2018-10-31,1.1362500190734863,1.1371999979019165,1.132200002670288,1.1331000328063965,1012.0
2018-11-01,1.1327999830245972,1.1437000036239624,1.1327999830245972,1.1422499418258667,2735.0
2018-11-02,1.141450047492981,1.1467499732971191,1.138949990272522,1.139799952507019,2848.0
2018-11-05,1.1411000490188599,1.1431000232696533,1.1368999481201172,1.1431000232696533,1822.0
2018-11-06,1.1418999433517456,1.1445000171661377,1.1406999826431274,1.1424000263214111,2670.0
2018-11-07,1.1450999975204468,1.1518000364303589,1.1411000490188599,1.1465500593185425,1677.0
2018-11-08,1.1435999870300293,1.1447999477386475,1.1363500356674194,1.1363500356674194,1306.0
2018-11-09,1.1371999979019165,1.1373000144958496,1.1332000494003296,1.1342500448226929,851.0
2018-11-12,1.1324000358581543,1.1335999965667725,1.1230000257492065,1.124650001525879,622.0
2018-11-13,1.1240500211715698,1.1285500526428223,1.1234500408172607,1.1273499727249146,1602.0
2018-11-14,1.1302000284194946,1.1341999769210815,1.1269999742507935,1.1341999769210815,2605.0
2018-11-15,1.131700038909912,1.1352499723434448,1.1295000314712524,1.1352499723434448,3015.0
2018-11-16,1.1325000524520874,1.141700029373169,1.1325000524520874,1.1413500308990479,1053.0
2018-11-19,1.1407999992370605,1.1447499990463257,1.1407999992370605,1.1447499990463257,145884.0
2018-11-20,1.1474499702453613,1.1495000123977661,1.138100028038025,1.139050006866455,197119.0
2018-11-21,1.1390999555587769,1.1447499990463257,1.1388499736785889,1.1411000490188599,186238.0
2018-11-23,1.1424000263214111,1.1440500020980835,1.1349999904632568,1.135450005531311,203792.0
2018-11-26,1.1354999542236328,1.1402499675750732,1.1341999769210815,1.1346999406814575,147894.0
2018-11-27,1.134850025177002,1.1361000537872314,1.1294499635696411,1.1311999559402466,200671.0
2018-11-28,1.1311999559402466,1.1405500173568726,1.1282999515533447,1.13919997215271,242326.0
2018-11-29,1.138200044631958,1.1415499448776245,1.1362500190734863,1.1404000520706177,220747.0
2018-11-30,1.1402499675750732,1.1413500308990479,1.1318000555038452,1.132200002670288,202672.0
2018-12-03,1.1346499919891357,1.1391500234603882,1.1331000328063965,1.135450005531311,196671.0
2018-12-04,1.1366499662399292,1.143049955368042,1.1328999996185303,1.1353000402450562,252191.0
2018-12-06,1.1354000568389893,1.1419999599456787,1.1328500509262085,1.138100028038025,252497.0
2018-12-07,1.138450026512146,1.1431000232696533,1.1367000341415405,1.1429500579833984,224989.0
2018-12-10,1.1406999826431274,1.1448999643325806,1.135599970817566,1.135849952697754,317374.0
2018-12-11,1.135699987411499,1.1405500173568726,1.131100058555603,1.1332000494003296,363418.0
2018-12-12,1.1325000524520874,1.13919997215271,1.1318999528884888,1.1371500492095947,342016.0
2018-12-13,1.1375000476837158,1.1396000385284424,1.1332499980926514,1.1367499828338623,348196.0
2018-12-14,1.1359000205993652,1.1366000175476074,1.1269999742507935,1.1304500102996826,139597.0
2018-12-17,1.1303999423980713,1.1354000568389893,1.1303000450134277,1.1341999769210815,1454.0
2018-12-18,1.1379499435424805,1.1433000564575195,1.1371500492095947,1.1385999917984009,5912.0
2018-12-19,1.1404500007629395,1.1471500396728516,1.1396499872207642,1.1402499675750732,3195.0
2018-12-20,1.1413999795913696,1.1512500047683716,1.1404999494552612,1.149649977684021,742.0
2018-12-21,1.1474000215530396,1.1493500471115112,1.1379499435424805,1.1391500234603882,1440.0
2018-12-24,1.13919997215271,1.1455999612808228,1.13919997215271,1.1432000398635864,309.0
2018-12-26,1.143399953842163,1.1436500549316406,1.1366000175476074,1.1372499465942383,1023.0
2018-12-27,1.138350009918213,1.1469000577926636,1.138350009918213,1.1465500593185425,1910.0
2018-12-28,1.1447499990463257,1.148300051689148,1.1444499492645264,1.145400047302246,992.0
2018-12-31,1.145300030708313,1.1476500034332275,1.1438000202178955,1.1461000442504883,137.0
2019-01-02,1.1476000547409058,1.1505000591278076,1.1339000463485718,1.1354000568389893,3079.0
2019-01-03,1.1358000040054321,1.1410000324249268,1.1322499513626099,1.1399999856948853,1483.0
2019-01-04,1.1401499509811401,1.1426000595092773,1.1355500221252441,1.1406500339508057,1302.0
2019-01-07,1.1414999961853027,1.1487499475479126,1.1414999961853027,1.148550033569336,2140.0
2019-01-08,1.1485999822616577,1.149049997329712,1.1430000066757202,1.1447499990463257,2116.0
2019-01-09,1.146649956703186,1.155900001525879,1.1454999446868896,1.1548999547958374,1423.0
2019-01-10,1.1552000045776367,1.1570500135421753,1.149999976158142,1.150149941444397,967.0
2019-01-11,1.149899959564209,1.1531000137329102,1.1464999914169312,1.146649956703186,1844.0
2019-01-14,1.146649956703186,1.1474000215530396,1.145799994468689,1.1467499732971191,801.0
2019-01-15,1.1517499685287476,1.1517499685287476,1.141800045967102,1.1433500051498413,928.0
2019-01-16,1.1440500020980835,1.1451499462127686,1.1411499977111816,1.1429500579833984,280.0
2019-01-17,1.1426000595092773,1.142799973487854,1.1398500204086304,1.141800045967102,1355.0
2019-01-18,1.1421500444412231,1.1436500549316406,1.1383999586105347,1.139799952507019,606.0
2019-01-22,1.139299988746643,1.1412999629974365,1.1369999647140503,1.138800024986267,1123.0
2019-01-23,1.138800024986267,1.1418499946594238,1.1375999450683594,1.1408499479293823,2114.0
2019-01-24,1.139799952507019,1.1402000188827515,1.131700038909912,1.1321500539779663,1419.0
2019-01-25,1.1324000358581543,1.1437000036239624,1.1324000358581543,1.1435500383377075,1145.0
2019-01-28,1.142799973487854,1.145650029182434,1.1414999961853027,1.1448999643325806,696.0
2019-01-29,1.1444000005722046,1.1468000411987305,1.1433500051498413,1.1447999477386475,1635.0
2019-01-30,1.145799994468689,1.1510499715805054,1.1426500082015991,1.1510499715805054,2030.0
2019-01-31,1.149999976158142,1.152400016784668,1.145799994468689,1.1459499597549438,2225.0
2019-02-01,1.1461000442504883,1.149899959564209,1.1452000141143799,1.1474499702453613,2039.0
2019-02-04,1.1460000276565552,1.1464500427246094,1.1440000534057617,1.1445000171661377,511.0
2019-02-05,1.1437000036239624,1.1441999673843384,1.1418999433517456,1.1421500444412231,2551.0
2019-02-06,1.1413999795913696,1.1413999795913696,1.1371999979019165,1.1375499963760376,1585.0
2019-02-07,1.1375000476837158,1.1376999616622925,1.1332999467849731,1.1359000205993652,1855.0
2019-02-08,1.1347999572753906,1.1358000040054321,1.1330000162124634,1.1330000162124634,2279.0
2019-02-11,1.1332000494003296,1.1332000494003296,1.1279000043869019,1.128250002861023,1995.0
2019-02-12,1.1282000541687012,1.1337499618530273,1.1263500452041626,1.1337499618530273,2775.0
2019-02-13,1.1341999769210815,1.1342500448226929,1.1268500089645386,1.127500057220459,472.0
2019-02-14,1.1273000240325928,1.1303000450134277,1.1265000104904175,1.1302000284194946,3455.0
2019-02-15,1.1275500059127808,1.127750039100647,1.1237499713897705,1.127150058746338,181232.0
2019-02-19,1.131850004196167,1.138350009918213,1.1300499439239502,1.136549949645996,282210.0
2019-02-20,1.1362500190734863,1.1396499872207642,1.1348999738693237,1.1375000476837158,175231.0
2019-02-21,1.1363500356674194,1.138800024986267,1.1340500116348267,1.1357500553131104,198651.0
2019-02-22,1.1354999542236328,1.1376999616622925,1.1335999965667725,1.1359000205993652,141185.0
2019-02-25,1.1354999542236328,1.1387499570846558,1.135450005531311,1.138450026512146,118394.0
2019-02-26,1.1376999616622925,1.1421500444412231,1.1363500356674194,1.1415499448776245,187286.0
2019-02-27,1.1411000490188599,1.1421500444412231,1.1380000114440918,1.138800024986267,141669.0
2019-02-28,1.1386499404907227,1.1436500549316406,1.1374499797821045,1.1393500566482544,201724.0
2019-03-01,1.1386499404907227,1.142300009727478,1.1367000341415405,1.1371500492095947,157333.0
2019-03-04,1.138800024986267,1.1393500566482544,1.132099986076355,1.1343499422073364,156233.0
2019-03-05,1.1348999738693237,1.13510000705719,1.1301499605178833,1.1314500570297241,158626.0
2019-03-06,1.131250023841858,1.1335500478744507,1.1296000480651855,1.1318000555038452,149341.0
2019-03-07,1.131500005722046,1.1328500509262085,1.1184500455856323,1.1190999746322632,365760.0
2019-03-08,1.1201499700546265,1.125349998474121,1.1192500591278076,1.125,240958.0
2019-03-11,1.1243000030517578,1.1264499425888062,1.1227999925613403,1.1246000528335571,233454.0
2019-03-12,1.1253000497817993,1.131100058555603,1.125249981880188,1.1302000284194946,336634.0
2019-03-13,1.1294000148773193,1.1342999935150146,1.1282000541687012,1.1334500312805176,330049.0
2019-03-14,1.1331499814987183,1.1339499950408936,1.1295499801635742,1.1302000284194946,285176.0
2019-03-15,1.1305999755859375,1.1345499753952026,1.1301000118255615,1.1321500539779663,83543.0
2019-03-18,1.132200002670288,1.135849952697754,1.1319500207901,1.1343499422073364,5101.0
2019-03-19,1.136299967765808,1.1386499404907227,1.136199951171875,1.1378999948501587,612.0
2019-03-20,1.1370500326156616,1.1471999883651733,1.1361000537872314,1.1471500396728516,403.0
2019-03-21,1.1452000141143799,1.145550012588501,1.1366499662399292,1.1375499963760376,1228.0
2019-03-22,1.1395000219345093,1.1411499977111816,1.1296499967575073,1.1315499544143677,2258.0
2019-03-25,1.1318000555038452,1.1350500583648682,1.1317499876022339,1.1332499980926514,2634.0
2019-03-26,1.1335500478744507,1.1345000267028809,1.128600001335144,1.1298500299453735,627.0
2019-03-27,1.128999948501587,1.1302499771118164,1.1262999773025513,1.1282999515533447,1258.0
2019-03-28,1.1268500089645386,1.127500057220459,1.1230000257492065,1.1240999698638916,762.0
2019-03-29,1.124150037765503,1.1260499954223633,1.1227999925613403,1.1229000091552734,374.0
2019-04-01,1.1241999864578247,1.1262999773025513,1.121749997138977,1.1225500106811523,458.0
2019-04-02,1.121500015258789,1.122499942779541,1.1196000576019287,1.121000051498413,343.0
2019-04-03,1.1220500469207764,1.1266000270843506,1.1220500469207764,1.1250499486923218,3171.0
2019-04-04,1.1248500347137451,1.1253999471664429,1.1217999458312988,1.122849941253662,955.0
2019-04-05,1.1230000257492065,1.1260000467300415,1.1224000453948975,1.122499942779541,2960.0
2019-04-08,1.1224000453948975,1.128000020980835,1.1224000453948975,1.1268500089645386,657.0
2019-04-09,1.1261500120162964,1.128749966621399,1.1261500120162964,1.1272499561309814,2587.0
2019-04-10,1.1270500421524048,1.1291999816894531,1.1240999698638916,1.1275999546051025,313.0
2019-04-11,1.1281499862670898,1.1288000345230103,1.1256999969482422,1.125749945640564,506.0
2019-04-12,1.1288000345230103,1.1324000358581543,1.128499984741211,1.129699945449829,1404.0
2019-04-15,1.1303999423980713,1.1318000555038452,1.1302499771118164,1.1305999755859375,616.0
2019-04-16,1.1327999830245972,1.1339499950408936,1.1305500268936157,1.1313999891281128,671.0
2019-04-17,1.1308000087738037,1.1343499422073364,1.1300499439239502,1.1320500373840332,415.0
2019-04-18,1.131500005722046,1.1321500539779663,1.1248500347137451,1.125,1022.0
2019-04-22,1.1260000467300415,1.1280499696731567,1.1256999969482422,1.1279000043869019,826.0
2019-04-23,1.1265499591827393,1.128000020980835,1.1210999488830566,1.1234500408172607,1004.0
2019-04-24,1.1237499713897705,1.1239999532699585,1.1160000562667847,1.1160000562667847,624.0
2019-04-25,1.1162500381469727,1.1171499490737915,1.1137499809265137,1.1143499612808228,790.0
2019-04-26,1.115149974822998,1.118649959564209,1.1124999523162842,1.1167999505996704,649.0
2019-04-29,1.1162500381469727,1.1196000576019287,1.1162500381469727,1.1196000576019287,491.0
2019-04-30,1.1194499731063843,1.123900055885315,1.1191999912261963,1.1232999563217163,549.0
2019-05-01,1.1223000288009644,1.1275500059127808,1.1205999851226807,1.120650053024292,826.0
2019-05-02,1.121000051498413,1.1223499774932861,1.1180000305175781,1.1182500123977661,439.0
2019-05-03,1.118499994277954,1.121000051498413,1.114799976348877,1.1202000379562378,493.0
2019-05-06,1.1188000440597534,1.121250033378601,1.1188000440597534,1.1210500001907349,380.0
2019-05-07,1.1217000484466553,1.1217000484466553,1.1178499460220337,1.118749976158142,792.0
2019-05-08,1.12090003490448,1.1216000318527222,1.1190500259399414,1.1196500062942505,502.0
2019-05-09,1.1200000047683716,1.125,1.1179499626159668,1.1226500272750854,1046.0
2019-05-10,1.1229000091552734,1.1253000497817993,1.1226500272750854,1.1232500076293945,925.0
2019-05-13,1.1234500408172607,1.125499963760376,1.1234500408172607,1.125499963760376,160360.0
2019-05-14,1.1256500482559204,1.1275500059127808,1.1232999563217163,1.123900055885315,161357.0
2019-05-15,1.123900055885315,1.1255500316619873,1.1208000183105469,1.1234500408172607,177617.0
2019-05-16,1.1233999729156494,1.1252000331878662,1.1194000244140625,1.1197999715805054,139482.0
2019-05-17,1.1203500032424927,1.1210999488830566,1.1181999444961548,1.118649959564209,142331.0
2019-05-20,1.118499994277954,1.1201000213623047,1.117650032043457,1.1193499565124512,107746.0
2019-05-21,1.1191999912261963,1.121399998664856,1.1166499853134155,1.118299961090088,171890.0
2019-05-22,1.1185499429702759,1.1204999685287476,1.1172499656677246,1.118399977684021,126258.0
2019-05-23,1.117400050163269,1.1208499670028687,1.1126500368118286,1.1203500032424927,240487.0
2019-05-24,1.1202499866485596,1.1232999563217163,1.1197500228881836,1.1225999593734741,151706.0
2019-05-28,1.1227999925613403,1.1234500408172607,1.1176999807357788,1.1183500289916992,206639.0
2019-05-29,1.118299961090088,1.11899995803833,1.114150047302246,1.1151000261306763,183465.0
2019-05-30,1.1149499416351318,1.1158000230789185,1.1130499839782715,1.1149499416351318,126119.0
2019-05-31,1.1144499778747559,1.1194000244140625,1.1138999462127686,1.1187000274658203,258132.0
2019-06-03,1.1180499792099,1.1275500059127808,1.1173499822616577,1.1270999908447266,237367.0
2019-06-04,1.125599980354309,1.1289499998092651,1.1238000392913818,1.1270999908447266,259080.0
2019-06-05,1.1264499425888062,1.1318000555038452,1.1230499744415283,1.1237499713897705,268165.0
2019-06-06,1.1233999729156494,1.1318000555038452,1.1207499504089355,1.128100037574768,290766.0
2019-06-07,1.1284500360488892,1.1354999542236328,1.125849962234497,1.1346499919891357,252288.0
2019-06-10,1.1334999799728394,1.1339499950408936,1.1296499967575073,1.132200002670288,189337.0
2019-06-11,1.131850004196167,1.1342999935150146,1.1306999921798706,1.1338000297546387,307807.0
2019-06-12,1.1332000494003296,1.1347999572753906,1.1287000179290771,1.12909996509552,436690.0
2019-06-13,1.129349946975708,1.1305500268936157,1.1270500421524048,1.1280499696731567,251284.0
2019-06-14,1.127750039100647,1.128999948501587,1.1203999519348145,1.1208499670028687,98074.0
2019-06-17,1.121250033378601,1.124750018119812,1.1204500198364258,1.123900055885315,1264.0
2019-06-18,1.1251499652862549,1.1267999410629272,1.1207499504089355,1.1219500303268433,1254.0
2019-06-19,1.1219500303268433,1.1273499727249146,1.121399998664856,1.1270999908447266,1686.0
2019-06-20,1.125849962234497,1.1337499618530273,1.125849962234497,1.131500005722046,1547.0
2019-06-21,1.131600022315979,1.139799952507019,1.1307499408721924,1.138949990272522,1920.0
2019-06-24,1.1395000219345093,1.1420999765396118,1.139299988746643,1.1420999765396118,2077.0
2019-06-25,1.1428500413894653,1.143049955368042,1.136549949645996,1.139299988746643,2405.0
2019-06-26,1.1375499963760376,1.1409000158309937,1.1368999481201172,1.1387499570846558,1276.0
2019-06-27,1.1385999917984009,1.1392500400543213,1.136549949645996,1.1387499570846558,1185.0
2019-06-28,1.137850046157837,1.1404999494552612,1.1368000507354736,1.1390999555587769,1671.0
2019-07-01,1.1366000175476074,1.1368999481201172,1.1296000480651855,1.1297999620437622,1839.0
2019-07-02,1.129699945449829,1.1331499814987183,1.1288000345230103,1.1302499771118164,1371.0
2019-07-03,1.1302000284194946,1.1316499710083008,1.128000020980835,1.1291999816894531,2176.0
2019-07-05,1.1294499635696411,1.1295499801635742,1.1215499639511108,1.1229499578475952,2834.0
2019-07-08,1.1234999895095825,1.1240500211715698,1.1217000484466553,1.1219500303268433,532.0
2019-07-09,1.12214994430542,1.1222000122070312,1.1202000379562378,1.121399998664856,304.0
2019-07-10,1.1211999654769897,1.125849962234497,1.1211999654769897,1.125749945640564,2253.0
2019-07-11,1.1269999742507935,1.1287000179290771,1.125499963760376,1.1260000467300415,655.0
2019-07-12,1.1264499425888062,1.127500057220459,1.124750018119812,1.1273000240325928,815.0
2019-07-15,1.1270500421524048,1.1281499862670898,1.1263999938964844,1.1266499757766724,739.0
2019-07-16,1.1289499998092651,1.1292999982833862,1.1234500408172607,1.1238000392913818,774.0
2019-07-17,1.1239999532699585,1.1261999607086182,1.1231499910354614,1.1253000497817993,495.0
2019-07-18,1.125599980354309,1.1304999589920044,1.1232999563217163,1.1295499801635742,1978.0
2019-07-19,1.1306999921798706,1.1307499408721924,1.1230000257492065,1.1246000528335571,1206.0
2019-07-22,1.124250054359436,1.124650001525879,1.1231499910354614,1.1236499547958374,241.0
2019-07-23,1.1232000589370728,1.1232000589370728,1.1171499490737915,1.117400050163269,682.0
2019-07-24,1.1174999475479126,1.117550015449524,1.115149974822998,1.1158499717712402,599.0
2019-07-25,1.1156500577926636,1.120300054550171,1.1124999523162842,1.1165000200271606,568.0
2019-07-26,1.1165499687194824,1.1165499687194824,1.113450050354004,1.114549994468689,651.0
2019-07-29,1.115049958229065,1.1165499687194824,1.1134999990463257,1.1165499687194824,413.0
2019-07-30,1.1164000034332275,1.1174499988555908,1.1156500577926636,1.1174499988555908,337.0
2019-07-31,1.1169999837875366,1.1177500486373901,1.107800006866455,1.1102999448776245,830.0
2019-08-01,1.1092499494552612,1.1098500490188599,1.1044000387191772,1.1098500490188599,658.0
2019-08-02,1.1091500520706177,1.1124000549316406,1.1085000038146973,1.1124000549316406,848.0
2019-08-05,1.1131999492645264,1.1223499774932861,1.1125500202178955,1.1214499473571777,499.0
2019-08-06,1.122499942779541,1.1260000467300415,1.1181999444961548,1.1211999654769897,319.0
2019-08-07,1.1224499940872192,1.1246999502182007,1.1193000078201294,1.122499942779541,243.0
2019-08-08,1.121000051498413,1.1234999895095825,1.118649959564209,1.1193499565124512,492.0
2019-08-09,1.1193499565124512,1.1226500272750854,1.1190500259399414,1.1213500499725342,401.0
2019-08-12,1.1210999488830566,1.1234500408172607,1.1169999837875366,1.1226999759674072,328.0
2019-08-13,1.121649980545044,1.1232999563217163,1.1180000305175781,1.1180000305175781,197.0
2019-08-14,1.1181000471115112,1.1189500093460083,1.113800048828125,1.114300012588501,230.0
2019-08-15,1.1143499612808228,1.115399956703186,1.1096999645233154,1.1109000444412231,871.0
2019-08-16,1.1101499795913696,1.1106499433517456,1.106950044631958,1.1098500490188599,847.0
2019-08-19,1.1088000535964966,1.1113500595092773,1.1088000535964966,1.1102999448776245,112292.0
2019-08-20,1.1100000143051147,1.1129499673843384,1.1088000535964966,1.1119500398635864,130817.0
2019-08-21,1.111799955368042,1.1129000186920166,1.1101499795913696,1.1107499599456787,107256.0
2019-08-22,1.1108499765396118,1.1132999658584595,1.1082500219345093,1.1104999780654907,202399.0
2019-08-23,1.1097500324249268,1.1172499656677246,1.1069999933242798,1.1165000200271606,215588.0
2019-08-26,1.1166000366210938,1.1182500123977661,1.1112500429153442,1.1116000413894653,135087.0
2019-08-27,1.111799955368042,1.1132999658584595,1.1102999448776245,1.1109999418258667,121813.0
2019-08-28,1.110700011253357,1.1114000082015991,1.1088999509811401,1.1095499992370605,132449.0
2019-08-29,1.1094000339508057,1.1106499433517456,1.1054500341415405,1.1065000295639038,186886.0
2019-08-30,1.1068999767303467,1.1072499752044678,1.0975500345230103,1.0989500284194946,214473.0
2019-09-03,1.1001499891281128,1.1009000539779663,1.0936000347137451,1.0978000164031982,296655.0
2019-09-04,1.0979000329971313,1.1048500537872314,1.0978000164031982,1.104200005531311,219746.0
2019-09-05,1.104449987411499,1.1092499494552612,1.1023499965667725,1.1043000221252441,225438.0
2019-09-06,1.1042499542236328,1.1063499450683594,1.1026500463485718,1.103700041770935,197420.0
2019-09-09,1.1032500267028809,1.1073499917984009,1.1021000146865845,1.1058000326156616,183127.0
2019-09-10,1.1053999662399292,1.1064499616622925,1.1035499572753906,1.1052000522613525,306069.0
2019-09-11,1.1052000522613525,1.1059499979019165,1.0989500284194946,1.1011500358581543,319817.0
2019-09-12,1.101099967956543,1.1089500188827515,1.0928000211715698,1.107550024986267,586075.0
2019-09-13,1.106600046157837,1.1110999584197998,1.1056499481201172,1.106850028038025,148316.0
2019-09-16,1.1074999570846558,1.1085000038146973,1.100350022315979,1.1007499694824219,938.0
2019-09-17,1.1028000116348267,1.1099499464035034,1.1019999980926514,1.1089999675750732,1949.0
2019-09-18,1.1096999645233154,1.1096999645233154,1.1036499738693237,1.1053500175476074,1443.0
2019-09-19,1.1050000190734863,1.1092499494552612,1.104699969291687,1.1073999404907227,763.0
2019-09-20,1.1065499782562256,1.1082500219345093,1.1017999649047852,1.1033999919891357,2245.0
2019-09-23,1.1038000583648682,1.1041500568389893,1.098449945449829,1.1014000177383423,396.0
2019-09-24,1.1007000207901,1.104200005531311,1.100250005722046,1.1035499572753906,594.0
2019-09-25,1.1030000448226929,1.1030000448226929,1.0953500270843506,1.0958000421524048,540.0
2019-09-26,1.0967999696731567,1.0979000329971313,1.0923999547958374,1.094249963760376,658.0
2019-09-27,1.093000054359436,1.096750020980835,1.0918999910354614,1.0951999425888062,301.0
2019-09-30,1.0953500270843506,1.0957499742507935,1.089750051498413,1.0913499593734741,160.0
2019-10-01,1.0906000137329102,1.0952500104904175,1.0891000032424927,1.0946999788284302,242.0
2019-10-02,1.0947500467300415,1.0971499681472778,1.091599941253662,1.096850037574768,532.0
2019-10-03,1.0966500043869019,1.1006499528884888,1.0949000120162964,1.098099946975708,337.0
2019-10-04,1.0982999801635742,1.1004999876022339,1.0966500043869019,1.0988999605178833,452.0
2019-10-07,1.0994999408721924,1.100000023841858,1.0969500541687012,1.0979000329971313,186.0
2019-10-08,1.0969500541687012,1.0999000072479248,1.0951999425888062,1.0960999727249146,474.0
2019-10-09,1.09660005569458,1.0994499921798706,1.0964499711990356,1.097749948501587,1333.0
2019-10-10,1.0983999967575073,1.1029000282287598,1.0981999635696411,1.1008000373840332,346.0
2019-10-11,1.1014000177383423,1.1058000326156616,1.1003999710083008,1.1047500371932983,297.0
2019-10-14,1.1059000492095947,1.106600046157837,1.104099988937378,1.1056499481201172,132.0
2019-10-15,1.106950044631958,1.106950044631958,1.1017999649047852,1.1060999631881714,258.0
2019-10-16,1.1051499843597412,1.1109999418258667,1.105049967765808,1.1098500490188599,514.0
2019-10-17,1.1096999645233154,1.115399956703186,1.1087499856948853,1.114650011062622,903.0
2019-10-18,1.114549994468689,1.118649959564209,1.114549994468689,1.118399977684021,184.0
2019-10-21,1.1180000305175781,1.1201000213623047,1.1161999702453613,1.1167999505996704,68.0
2019-10-22,1.1172000169754028,1.1174999475479126,1.114400029182434,1.1144499778747559,1047.0
2019-10-23,1.1145000457763672,1.115149974822998,1.1131500005722046,1.114799976348877,90.0
2019-10-24,1.1147500276565552,1.117650032043457,1.111050009727478,1.1126500368118286,76.0
2019-10-25,1.1125999689102173,1.1134999990463257,1.1089999675750732,1.1096999645233154,106.0
2019-10-28,1.1102999448776245,1.1119500398635864,1.1102499961853027,1.1113500595092773,640.0
2019-10-29,1.111449956893921,1.1132500171661377,1.1090999841690063,1.1124999523162842,1077.0
2019-10-30,1.1128000020980835,1.1164499521255493,1.111649990081787,1.1139500141143799,572.0
2019-10-31,1.117400050163269,1.118649959564209,1.115149974822998,1.1156500577926636,77.0
2019-11-01,1.1167999505996704,1.1181000471115112,1.1139999628067017,1.1174499988555908,60.0
2019-11-04,1.117650032043457,1.1183500289916992,1.1137499809265137,1.1137499809265137,330.0
2019-11-05,1.1137499809265137,1.114300012588501,1.107300043106079,1.1073999404907227,165.0
2019-11-06,1.1075999736785889,1.1095000505447388,1.1073999404907227,1.107699990272522,162.0
2019-11-07,1.1073999404907227,1.1096500158309937,1.1043000221252441,1.105299949645996,533.0
2019-11-08,1.1053999662399292,1.1059000492095947,1.1024999618530273,1.1029000282287598,699.0
2019-11-11,1.1036499738693237,1.104699969291687,1.1032999753952026,1.10385000705719,119.0
2019-11-12,1.1035000085830688,1.104099988937378,1.1011500358581543,1.1015499830245972,387.0
2019-11-13,1.101449966430664,1.1019999980926514,1.1000499725341797,1.1004999876022339,149.0
2019-11-14,1.100450038909912,1.1023499965667725,1.0992000102996826,1.1023499965667725,348.0
2019-11-15,1.1024999618530273,1.1054999828338623,1.1017999649047852,1.1053500175476074,928.0
2019-11-18,1.1061999797821045,1.1066499948501587,1.1060999631881714,1.1066499948501587,134057.0
2019-11-19,1.1089999675750732,1.110200047492981,1.1081000566482544,1.1096500158309937,112903.0
2019-11-20,1.1094499826431274,1.1098999977111816,1.1070499420166016,1.1087000370025635,157999.0
2019-11-21,1.1091500520706177,1.111299991607666,1.1066999435424805,1.107450008392334,147805.0
2019-11-22,1.1075999736785889,1.1111500263214111,1.1029000282287598,1.1035499572753906,166247.0
2019-11-25,1.1035499572753906,1.104699969291687,1.1017500162124634,1.1023499965667725,136427.0
2019-11-26,1.1026500463485718,1.10385000705719,1.1019999980926514,1.1034499406814575,110868.0
2019-11-27,1.1035000085830688,1.103700041770935,1.100450038909912,1.1017500162124634,141835.0
2019-11-29,1.1016000509262085,1.10385000705719,1.0990500450134277,1.1026999950408936,193646.0
2019-12-02,1.1029499769210815,1.1100000143051147,1.101199984550476,1.1088500022888184,251056.0
2019-12-03,1.1086499691009521,1.1102999448776245,1.107450008392334,1.1089500188827515,177238.0
2019-12-04,1.1089500188827515,1.1124000549316406,1.107450008392334,1.1082500219345093,266105.0
2019-12-05,1.108299970626831,1.1114000082015991,1.108299970626831,1.1105999946594238,199336.0
2019-12-06,1.110949993133545,1.1115000247955322,1.104449987411499,1.1060999631881714,240326.0
2019-12-09,1.1062999963760376,1.108299970626831,1.1058000326156616,1.1068999767303467,197297.0
2019-12-10,1.1067999601364136,1.110200047492981,1.1066999435424805,1.1100499629974365,304698.0
2019-12-11,1.1095999479293823,1.1148500442504883,1.1073499917984009,1.114150047302246,560754.0
2019-12-12,1.113450050354004,1.1155999898910522,1.1103999614715576,1.1115000247955322,378344.0
2019-12-13,1.1180499792099,1.1194499731063843,1.1112500429153442,1.1122000217437744,106491.0
2019-12-16,1.1128000020980835,1.1154500246047974,1.1123000383377075,1.1153000593185425,1084.0
2019-12-17,1.1160500049591064,1.1197999715805054,1.1155500411987305,1.1171499490737915,728.0
2019-12-18,1.1162999868392944,1.1164000034332275,1.1136000156402588,1.1138999462127686,606.0
2019-12-19,1.1152499914169312,1.1164000034332275,1.1132999658584595,1.1144499778747559,693.0
2019-12-20,1.1134999990463257,1.1138999462127686,1.1088000535964966,1.1095999479293823,732.0
2019-12-23,1.1080000400543213,1.1112500429153442,1.1080000400543213,1.1112500429153442,313.0
2019-12-24,1.110450029373169,1.1109000444412231,1.1087000370025635,1.110550045967102,59.0
2019-12-26,1.110949993133545,1.1124999523162842,1.1104999780654907,1.112149953842163,646.0
2019-12-27,1.112149953842163,1.1200000047683716,1.1120500564575195,1.1200000047683716,802.0
2019-12-30,1.1200000047683716,1.1229499578475952,1.1195499897003174,1.121250033378601,3256.0
2019-12-31,1.1215499639511108,1.124650001525879,1.1207499504089355,1.1237499713897705,337.0
2020-01-02,1.1212999820709229,1.121999979019165,1.117050051689148,1.1173499822616577,714.0
2020-01-03,1.117400050163269,1.118499994277954,1.1131999492645264,1.117300033569336,660.0
2020-01-06,1.1166000366210938,1.121000051498413,1.1166000366210938,1.1196500062942505,289.0
2020-01-07,1.1196000576019287,1.1196000576019287,1.113800048828125,1.1148500442504883,1850.0
2020-01-08,1.1168999671936035,1.1168999671936035,1.111299991607666,1.111449956893921,850.0
2020-01-09,1.1106499433517456,1.1125500202178955,1.1094000339508057,1.11080002784729,1296.0
2020-01-10,1.110700011253357,1.1122499704360962,1.1088000535964966,1.1122499704360962,1115.0
2020-01-13,1.1127500534057617,1.1132500171661377,1.1118500232696533,1.1124999523162842,10583.0
2020-01-14,1.1162999868392944,1.1166000366210938,1.1129499673843384,1.1152000427246094,672.0
2020-01-15,1.1152499914169312,1.1185499429702759,1.1143499612808228,1.117300033569336,345.0
2020-01-16,1.117550015449524,1.1188499927520752,1.114799976348877,1.1154999732971191,202.0
2020-01-17,1.1159000396728516,1.1159000396728516,1.1108499765396118,1.1113500595092773,153.0
2020-01-21,1.1115000247955322,1.1135499477386475,1.1100000143051147,1.1113500595092773,258.0
2020-01-22,1.1095499992370605,1.1116000413894653,1.1090999841690063,1.111050009727478,8156.0
2020-01-23,1.1110999584197998,1.1124000549316406,1.1052500009536743,1.1069999933242798,3645.0
2020-01-24,1.1066499948501587,1.106850028038025,1.1035000085830688,1.104449987411499,420.0
2020-01-27,1.104599952697754,1.1048500537872314,1.1026500463485718,1.1030000448226929,50.0
2020-01-28,1.1036499738693237,1.1036499738693237,1.1015499830245972,1.1030000448226929,370.0
2020-01-29,1.1036499738693237,1.1038999557495117,1.1009000539779663,1.1031999588012695,166.0
2020-01-30,1.1027499437332153,1.1045000553131104,1.1021499633789062,1.1039999723434448,190.0
2020-01-31,1.1033999919891357,1.1100000143051147,1.1030499935150146,1.1099499464035034,461.0
2020-02-03,1.1097999811172485,1.1097999811172485,1.1054999828338623,1.1073499917984009,1010.0
2020-02-04,1.106950044631958,1.106950044631958,1.1043000221252441,1.1051000356674194,231.0
2020-02-05,1.1045500040054321,1.1049000024795532,1.100450038909912,1.100450038909912,189.0
2020-02-06,1.1004999876022339,1.1013000011444092,1.097100019454956,1.0982999801635742,1089.0
2020-02-07,1.0988999605178833,1.0988999605178833,1.0949000120162964,1.0951499938964844,278.0
2020-02-10,1.0957000255584717,1.095900058746338,1.091249942779541,1.0918999910354614,256.0
2020-02-11,1.0913499593734741,1.0925999879837036,1.0895999670028687,1.0925999879837036,389.0
2020-02-12,1.0917500257492065,1.0925999879837036,1.0869499444961548,1.0870000123977661,1765.0
2020-02-13,1.0871000289916992,1.0886499881744385,1.0838500261306763,1.0844000577926636,612.0
2020-02-14,1.0840500593185425,1.0859999656677246,1.0840500593185425,1.0848000049591064,163585.0
2020-02-18,1.0857000350952148,1.0869499444961548,1.0802500247955322,1.0811500549316406,313856.0
2020-02-19,1.0809999704360962,1.082900047302246,1.0799000263214111,1.0813499689102173,180548.0
2020-02-20,1.082200050354004,1.08364999294281,1.079300045967102,1.0804500579833984,232080.0
2020-02-21,1.079800009727478,1.0878499746322632,1.0797499418258667,1.0872000455856323,259525.0
2020-02-24,1.0844999551773071,1.0887000560760498,1.0819000005722046,1.0856499671936035,255787.0
2020-02-25,1.0866999626159668,1.0903500318527222,1.0843000411987305,1.089400053024292,265324.0
2020-02-26,1.0894500017166138,1.0921499729156494,1.0867500305175781,1.0911500453948975,273653.0
2020-02-27,1.0893499851226807,1.1017999649047852,1.0889999866485596,1.0997999906539917,369600.0
2020-02-28,1.1014000177383423,1.1063499450683594,1.0961500406265259,1.103950023651123,410546.0
2020-03-02,1.1064000129699707,1.1194499731063843,1.1046500205993652,1.117300033569336,440293.0
2020-03-03,1.1154500246047974,1.1220999956130981,1.1103999614715576,1.118649959564209,374128.0
2020-03-04,1.118299961090088,1.1195000410079956,1.1102999448776245,1.1145999431610107,304342.0
2020-03-05,1.1139500141143799,1.1250499486923218,1.1124999523162842,1.1207000017166138,336945.0
2020-03-06,1.123900055885315,1.1360499858856201,1.1215499639511108,1.132200002670288,424461.0
2020-03-09,1.134850025177002,1.1502000093460083,1.1344000101089478,1.1466000080108643,424629.0
2020-03-10,1.145300030708313,1.1462500095367432,1.1279000043869019,1.1299999952316284,466261.0
2020-03-11,1.1294000148773193,1.1369500160217285,1.1260499954223633,1.1283999681472778,493256.0
2020-03-12,1.1265499591827393,1.1335999965667725,1.1055999994277954,1.117799997329712,524008.0
2020-03-13,1.1168999671936035,1.1223000288009644,1.1054999828338623,1.1072499752044678,150468.0
2020-03-16,1.1171499490737915,1.1232000589370728,1.1094000339508057,1.1135499477386475,395.0
2020-03-17,1.118499994277954,1.121500015258789,1.0989500284194946,1.1021000146865845,246.0
2020-03-18,1.1010500192642212,1.1065000295639038,1.0818500518798828,1.0894999504089355,353.0
2020-03-19,1.0939500331878662,1.0983999967575073,1.066849946975708,1.0684000253677368,604.0
2020-03-20,1.0666500329971313,1.0844000577926636,1.0648000240325928,1.066349983215332,390.0
2020-03-23,1.0703999996185303,1.0842000246047974,1.0670000314712524,1.0740000009536743,3144.0
2020-03-24,1.083799958229065,1.0898000001907349,1.075700044631958,1.0768500566482544,216.0
2020-03-25,1.079800009727478,1.090000033378601,1.0795999765396118,1.0877000093460083,201.0
2020-03-26,1.0889999866485596,1.1053500175476074,1.0887000560760498,1.1052000522613525,282.0
2020-03-27,1.1030999422073364,1.115149974822998,1.0969500541687012,1.1125999689102173,163.0
2020-03-30,1.112149953842163,1.1131999492645264,1.1018999814987183,1.103350043296814,73.0
2020-03-31,1.1038999557495117,1.1041500568389893,1.0940500497817993,1.1022000312805176,111.0
2020-04-01,1.1031999588012695,1.1031999588012695,1.0911500453948975,1.0931999683380127,77.0
2020-04-02,1.0942000150680542,1.0963000059127808,1.0829999446868896,1.0851999521255493,1046.0
2020-04-03,1.0851999521255493,1.0859500169754028,1.0780500173568726,1.0813499689102173,252.0
2020-04-06,1.0813499689102173,1.083400011062622,1.077299952507019,1.0799000263214111,261.0
2020-04-07,1.0813499689102173,1.0920000076293945,1.0813499689102173,1.090499997138977,199.0
2020-04-08,1.0875999927520752,1.0883500576019287,1.0841000080108643,1.0861999988555908,239.0
2020-04-09,1.0854500532150269,1.0944000482559204,1.0854500532150269,1.0936000347137451,218.0
2020-04-13,1.0929499864578247,1.0930999517440796,1.0915000438690186,1.0915000438690186,116.0
2020-04-14,1.0955499410629272,1.0993000268936157,1.0928499698638916,1.0991499423980713,63.0
2020-04-15,1.0949000120162964,1.0949000120162964,1.0871000289916992,1.0930999517440796,79.0
2020-04-16,1.0910500288009644,1.0910999774932861,1.082550048828125,1.0853500366210938,151.0
2020-04-17,1.0872999429702759,1.089900016784668,1.0820000171661377,1.0875500440597534,106.0
2020-04-20,1.0867999792099,1.090250015258789,1.0849499702453613,1.086899995803833,297.0
2020-04-21,1.0874500274658203,1.087499976158142,1.0823999643325806,1.0858999490737915,94.0
2020-04-22,1.086300015449524,1.0889999866485596,1.0811500549316406,1.082550048828125,246.0
2020-04-23,1.0823999643325806,1.0850000381469727,1.076550006866455,1.0790499448776245,181.0
2020-04-24,1.0781999826431274,1.0829999446868896,1.073349952697754,1.0803500413894653,206.0
2020-04-27,1.082200050354004,1.0860999822616577,1.082200050354004,1.08364999294281,96.0
2020-04-28,1.0838500261306763,1.0889999866485596,1.0814499855041504,1.0839999914169312,320.0
2020-04-29,1.0827499628067017,1.0886000394821167,1.0827499628067017,1.0874500274658203,83.0
2020-04-30,1.087499976158142,1.097350001335144,1.084149956703186,1.0956000089645386,171.0
2020-05-01,1.0953999757766724,1.100849986076355,1.094349980354309,1.0980499982833862,39.0
2020-05-04,1.0959999561309814,1.0959999561309814,1.0901000499725342,1.0908499956130981,40.0
2020-05-05,1.0915000438690186,1.0917500257492065,1.083050012588501,1.0853500366210938,1226.0
2020-05-06,1.0838500261306763,1.0838500261306763,1.0789999961853027,1.080649971961975,260.0
2020-05-07,1.0800000429153442,1.0829499959945679,1.0770000219345093,1.0828499794006348,244.0
2020-05-08,1.0850000381469727,1.0875999927520752,1.082550048828125,1.0844000577926636,52.0
2020-05-11,1.0842000246047974,1.0842000246047974,1.080899953842163,1.0810500383377075,112.0
2020-05-12,1.0807000398635864,1.0886000394821167,1.0803500413894653,1.0854500532150269,191.0
2020-05-13,1.0836000442504883,1.08965003490448,1.0815999507904053,1.0815999507904053,125.0
2020-05-14,1.0807000398635864,1.0817500352859497,1.0775500535964966,1.0782999992370605,202.0
2020-05-15,1.0800000429153442,1.0844999551773071,1.0800000429153442,1.0814000368118286,329.0
2020-05-18,1.082450032234192,1.0865000486373901,1.0804500579833984,1.0855499505996704,182678.0
2020-05-19,1.0921000242233276,1.0981500148773193,1.0908000469207764,1.0951999425888062,154098.0
2020-05-20,1.0928499698638916,1.1004999876022339,1.0923999547958374,1.0991499423980713,133456.0
2020-05-21,1.0983999967575073,1.1014000177383423,1.0941499471664429,1.0960500240325928,138798.0
2020-05-22,1.0952500104904175,1.0958499908447266,1.0889999866485596,1.0892000198364258,120721.0
2020-05-26,1.090250015258789,1.100000023841858,1.087399959564209,1.0997999906539917,203562.0
2020-05-27,1.0981500148773193,1.1034499406814575,1.09375,1.0994499921798706,247118.0
2020-05-28,1.1010500192642212,1.1096999645233154,1.0994499921798706,1.1092499494552612,186555.0
2020-05-29,1.1083999872207642,1.1148500442504883,1.107300043106079,1.1101000308990479,225494.0
2020-06-01,1.111899971961975,1.1157499551773071,1.1103500127792358,1.1135499477386475,126750.0
2020-06-02,1.113450050354004,1.1199500560760498,1.1117500066757202,1.1174499988555908,189688.0
2020-06-03,1.1173499822616577,1.1260499954223633,1.1169500350952148,1.1240500211715698,218626.0
2020-06-04,1.1237000226974487,1.1364500522613525,1.1196500062942505,1.135200023651123,294675.0
2020-06-05,1.1338499784469604,1.138550043106079,1.1280499696731567,1.1295499801635742,243548.0
2020-06-08,1.1296000480651855,1.132099986076355,1.1269999742507935,1.1305999755859375,193781.0
2020-06-09,1.1294000148773193,1.136549949645996,1.1241999864578247,1.1346499919891357,305661.0
2020-06-10,1.1340500116348267,1.1424000263214111,1.132200002670288,1.1394000053405762,499266.0
2020-06-11,1.137850046157837,1.1404500007629395,1.1289000511169434,1.1301000118255615,311532.0
2020-06-12,1.1295000314712524,1.1340500116348267,1.121250033378601,1.1231000423431396,143814.0
2020-06-15,1.1241999864578247,1.1280499696731567,1.1227999925613403,1.1275999546051025,874.0
2020-06-16,1.1332499980926514,1.1358000040054321,1.1235500574111938,1.1279499530792236,877.0
2020-06-17,1.1261500120162964,1.1299999952316284,1.121749997138977,1.1238000392913818,821.0
2020-06-18,1.1253999471664429,1.1268999576568604,1.1194499731063843,1.1214499473571777,454.0
2020-06-19,1.121250033378601,1.1260000467300415,1.1172499656677246,1.1190999746322632,1073.0
2020-06-22,1.1181000471115112,1.1270999908447266,1.117550015449524,1.1265499591827393,340.0
2020-06-23,1.128000020980835,1.135200023651123,1.1239500045776367,1.131700038909912,699.0
2020-06-24,1.1315499544143677,1.1330000162124634,1.125499963760376,1.1263999938964844,498.0
2020-06-25,1.1256500482559204,1.126099944114685,1.1195000410079956,1.121999979019165,721.0
2020-06-26,1.1224499940872192,1.124150037765503,1.1198500394821167,1.1231000423431396,160.0
2020-06-29,1.1223000288009644,1.1290500164031982,1.1223000288009644,1.1238499879837036,199.0
2020-06-30,1.125249981880188,1.1264499425888062,1.1193499565124512,1.1238000392913818,253.0
2020-07-01,1.1236499547958374,1.1273000240325928,1.1188000440597534,1.1247999668121338,541.0
2020-07-02,1.125499963760376,1.1304999589920044,1.122849941253662,1.1230000257492065,1393.0
2020-07-06,1.124750018119812,1.1346499919891357,1.124750018119812,1.1317499876022339,823.0
2020-07-07,1.1319999694824219,1.1330000162124634,1.1266000270843506,1.128749966621399,550.0
2020-07-08,1.1274499893188477,1.135200023651123,1.1264499425888062,1.1337000131607056,719.0
2020-07-09,1.1333999633789062,1.1369999647140503,1.128600001335144,1.129699945449829,749.0
2020-07-10,1.128250002861023,1.1325500011444092,1.1262999773025513,1.1299500465393066,482.0
2020-07-13,1.1328999996185303,1.1361000537872314,1.1305999755859375,1.1361000537872314,427.0
2020-07-14,1.1356500387191772,1.1414999961853027,1.1335999965667725,1.1403000354766846,359.0
2020-07-15,1.1416000127792358,1.1460000276565552,1.1401499509811401,1.141450047492981,955.0
2020-07-16,1.1425000429153442,1.1447499990463257,1.137850046157837,1.1385999917984009,645.0
2020-07-17,1.1387499570846558,1.1451499462127686,1.138350009918213,1.1445000171661377,491.0
2020-07-20,1.143149971961975,1.1474000215530396,1.141450047492981,1.1448500156402588,1144.0
2020-07-21,1.1452000141143799,1.1545499563217163,1.143149971961975,1.153749942779541,608.0
2020-07-22,1.153749942779541,1.1606500148773193,1.151900053024292,1.1576000452041626,1677.0
2020-07-23,1.1577999591827393,1.1630500555038452,1.1549999713897705,1.1614999771118164,2619.0
2020-07-24,1.1610000133514404,1.166100025177002,1.1589499711990356,1.1642500162124634,772.0
2020-07-27,1.1650999784469604,1.1785500049591064,1.1649500131607056,1.1756000518798828,819.0
2020-07-28,1.176550030708313,1.1777000427246094,1.170549988746643,1.1728500127792358,690.0
2020-07-29,1.172700047492981,1.1809500455856323,1.1721999645233154,1.1770000457763672,594.0
2020-07-30,1.179800033569336,1.1850999593734741,1.1740000247955322,1.1840499639511108,959.0
2020-07-31,1.18464994430542,1.1908999681472778,1.1770000457763672,1.1792500019073486,417.0
2020-08-03,1.1778000593185425,1.179800033569336,1.169950008392334,1.1763499975204468,471.0
2020-08-04,1.1762499809265137,1.180400013923645,1.1728999614715576,1.1785000562667847,594.0
2020-08-05,1.1798499822616577,1.190500020980835,1.1798499822616577,1.186400055885315,2098.0
2020-08-06,1.187600016593933,1.1917500495910645,1.1825000047683716,1.1877000331878662,688.0
2020-08-07,1.186650037765503,1.186650037765503,1.175950050354004,1.1784499883651733,520.0
2020-08-10,1.1788500547409058,1.1797000169754028,1.1738500595092773,1.1745500564575195,504.0
2020-08-11,1.174299955368042,1.1805499792099,1.1723999977111816,1.1747000217437744,423.0
2020-08-12,1.173200011253357,1.181249976158142,1.1712499856948853,1.1785500049591064,292.0
2020-08-13,1.180649995803833,1.1863000392913818,1.1794999837875366,1.1799499988555908,986.0
2020-08-14,1.1808500289916992,1.1848499774932861,1.179800033569336,1.1837999820709229,169.0
2020-08-17,1.1842000484466553,1.187849998474121,1.1842000484466553,1.187399983406067,128995.0
2020-08-18,1.187749981880188,1.1972999572753906,1.1875,1.1944999694824219,206561.0
2020-08-19,1.1940499544143677,1.1959500312805176,1.1835999488830566,1.1862000226974487,219334.0
2020-08-20,1.18464994430542,1.1874500513076782,1.1807500123977661,1.1857999563217163,203582.0
2020-08-21,1.1868000030517578,1.1887999773025513,1.1758500337600708,1.1793500185012817,195602.0
2020-08-24,1.1799499988555908,1.1855499744415283,1.1789499521255493,1.1797499656677246,140117.0
2020-08-25,1.1793500185012817,1.1848499774932861,1.1789000034332275,1.1837999820709229,154929.0
2020-08-26,1.183899998664856,1.184499979019165,1.177649974822998,1.1819499731063843,164948.0
2020-08-27,1.183650016784668,1.1906499862670898,1.176550030708313,1.182800054550171,336033.0
2020-08-28,1.1824500560760498,1.1923500299453735,1.1814500093460083,1.1894500255584717,236265.0
2020-08-31,1.1914000511169434,1.1969499588012695,1.1887500286102295,1.1939500570297241,200188.0
2020-09-01,1.194100022315979,1.2015000581741333,1.1904499530792236,1.1913000345230103,263767.0
2020-09-02,1.1917999982833862,1.1931500434875488,1.1824500560760498,1.182800054550171,241988.0
2020-09-03,1.1855000257492065,1.1866999864578247,1.1790499687194824,1.1858500242233276,219832.0
2020-09-04,1.1850500106811523,1.186750054359436,1.1782499551773071,1.1852999925613403,220600.0
2020-09-08,1.1841000318527222,1.1850500106811523,1.176650047302246,1.1782499551773071,386505.0
2020-09-09,1.1773500442504883,1.1835999488830566,1.1753000020980835,1.180899977684021,426011.0
2020-09-10,1.1805000305175781,1.1917999982833862,1.1800999641418457,1.1826000213623047,488178.0
2020-09-11,1.1820000410079956,1.187399983406067,1.1819499731063843,1.1830999851226807,107143.0
2020-09-14,1.1840499639511108,1.1887500286102295,1.1833499670028687,1.1881999969482422,702.0
2020-09-15,1.187600016593933,1.1907999515533447,1.1849000453948975,1.1862499713897705,872.0
2020-09-16,1.1847000122070312,1.1891000270843506,1.1799999475479126,1.1806999444961548,959.0
2020-09-17,1.1816999912261963,1.1859500408172607,1.1735999584197998,1.1847000122070312,1195.0
2020-09-18,1.1861499547958374,1.187600016593933,1.183899998664856,1.1859999895095825,657.0
2020-09-21,1.1855499744415283,1.187600016593933,1.1739000082015991,1.176200032234192,786.0
2020-09-22,1.177649974822998,1.177649974822998,1.1699999570846558,1.1712000370025635,879.0
2020-09-23,1.171049952507019,1.1725000143051147,1.1657999753952026,1.1663999557495117,823.0
2020-09-24,1.1669000387191772,1.1684999465942383,1.1635500192642212,1.1671500205993652,448.0
2020-09-25,1.167799949645996,1.1690000295639038,1.1619499921798706,1.162750005722046,485.0
2020-09-28,1.1639000177383423,1.1685500144958496,1.1626499891281128,1.1669000387191772,448.0
2020-09-29,1.1679999828338623,1.1749999523162842,1.167099952697754,1.1742000579833984,591.0
2020-09-30,1.1742500066757202,1.1754499673843384,1.169100046157837,1.1721999645233154,725.0
2020-10-01,1.1729999780654907,1.176900029182434,1.1721500158309937,1.1749999523162842,412.0
2020-10-02,1.174649953842163,1.174649953842163,1.170199990272522,1.1716500520706177,331.0
2020-10-05,1.1714500188827515,1.1799999475479126,1.1714500188827515,1.177899956703186,1101.0
2020-10-06,1.1790000200271606,1.1809500455856323,1.1735999584197998,1.1756000518798828,792.0
2020-10-07,1.173949956893921,1.1783000230789185,1.1727999448776245,1.1770000457763672,460.0
2020-10-08,1.176650047302246,1.1780999898910522,1.173699975013733,1.175950050354004,280.0
2020-10-09,1.1771999597549438,1.1830500364303589,1.1771999597549438,1.1826499700546265,272.0
2020-10-12,1.1821000576019287,1.1825000047683716,1.1790000200271606,1.1811000108718872,754.0
2020-10-13,1.1806999444961548,1.1806999444961548,1.1732499599456787,1.1746000051498413,194.0
2020-10-14,1.1749999523162842,1.1769499778747559,1.1720999479293823,1.1751999855041504,216.0
2020-10-15,1.174649953842163,1.174649953842163,1.1689499616622925,1.1697499752044678,467.0
2020-10-16,1.1702500581741333,1.1744999885559082,1.169450044631958,1.1718499660491943,508.0
2020-10-19,1.1714999675750732,1.1786999702453613,1.1707500219345093,1.1782499551773071,435.0
2020-10-20,1.1780999898910522,1.1847000122070312,1.1766999959945679,1.1833000183105469,612.0
2020-10-21,1.1839499473571777,1.188599944114685,1.183899998664856,1.1868000030517578,894.0
2020-10-22,1.1857999563217163,1.186900019645691,1.1821999549865723,1.1823999881744385,336.0
2020-10-23,1.1816999912261963,1.1868499517440796,1.1792999505996704,1.1864500045776367,413.0
2020-10-26,1.1865999698638916,1.1865999698638916,1.1812000274658203,1.1819000244140625,438.0
2020-10-27,1.1818000078201294,1.184149980545044,1.179800033569336,1.1818000078201294,403.0
2020-10-28,1.1785000562667847,1.1789499521255493,1.1722999811172485,1.1756000518798828,600.0
2020-10-29,1.175950050354004,1.1761499643325806,1.1655000448226929,1.1675000190734863,304.0
2020-10-30,1.1676499843597412,1.170699954032898,1.1647000312805176,1.1648000478744507,290.0
2020-11-02,1.1646499633789062,1.1655999422073364,1.162950038909912,1.1634999513626099,319.0
2020-11-03,1.1643500328063965,1.1743500232696533,1.1643500328063965,1.1709500551223755,238.0
2020-11-04,1.17330002784729,1.1764999628067017,1.1610000133514404,1.1727999448776245,560.0
2020-11-05,1.1741000413894653,1.1857999563217163,1.1713000535964966,1.1841000318527222,743.0
2020-11-06,1.1821999549865723,1.1892999410629272,1.1799499988555908,1.1884499788284302,406.0
2020-11-09,1.1886999607086182,1.1920499801635742,1.179900050163269,1.1833499670028687,706.0
2020-11-10,1.1825000047683716,1.1844500303268433,1.1784000396728516,1.1814500093460083,1457.0
2020-11-11,1.1819000244140625,1.1830500364303589,1.1749000549316406,1.1775000095367432,552.0
2020-11-12,1.1778000593185425,1.1818499565124512,1.1764500141143799,1.1807500123977661,250.0
2020-11-13,1.1810499429702759,1.183650016784668,1.180799961090088,1.1833000183105469,414.0
2020-11-16,1.1841000318527222,1.1868499517440796,1.1820499897003174,1.1833000183105469,124456.0
2020-11-17,1.1862499713897705,1.1901500225067139,1.1849499940872192,1.187150001525879,125537.0
2020-11-18,1.1869499683380127,1.1897499561309814,1.1856000423431396,1.1869499683380127,113510.0
2020-11-19,1.1859500408172607,1.1888500452041626,1.1821999549865723,1.1881500482559204,141175.0
2020-11-20,1.1878999471664429,1.189650058746338,1.1855000257492065,1.1863499879837036,121670.0
2020-11-23,1.1864999532699585,1.1912000179290771,1.1804499626159668,1.184749960899353,205523.0
2020-11-24,1.1847000122070312,1.1901999711990356,1.1843500137329102,1.1887500286102295,148296.0
2020-11-25,1.1898000240325928,1.19350004196167,1.1886500120162964,1.1921499967575073,182930.0
2020-11-27,1.1921000480651855,1.1966500282287598,1.1888999938964844,1.1960500478744507,192734.0
2020-11-30,1.1967999935150146,1.2007499933242798,1.1927499771118164,1.1950500011444092,236326.0
2020-12-01,1.1931999921798706,1.2079999446868896,1.1931999921798706,1.2051000595092773,242725.0
2020-12-02,1.2075999975204468,1.212149977684021,1.204300045967102,1.2101999521255493,233075.0
2020-12-03,1.211549997329712,1.2177000045776367,1.2102999687194824,1.2144500017166138,234305.0
2020-12-04,1.214400053024292,1.217900037765503,1.2111999988555908,1.2139500379562378,231778.0
2020-12-07,1.2131999731063843,1.2167999744415283,1.2079999446868896,1.212049961090088,254159.0
2020-12-08,1.2112499475479126,1.2135499715805054,1.2096500396728516,1.2105499505996704,254924.0
2020-12-09,1.2106499671936035,1.214900016784668,1.2059500217437744,1.2073500156402588,427302.0
2020-12-10,1.208150029182434,1.2159500122070312,1.2075999975204468,1.2134000062942505,456339.0
2020-12-11,1.2141499519348145,1.2163499593734741,1.2105499505996704,1.2112499475479126,133213.0
2020-12-14,1.2131999731063843,1.217650055885315,1.2117999792099,1.2134499549865723,494.0
2020-12-15,1.2170000076293945,1.218250036239624,1.2135000228881836,1.2172000408172607,489.0
2020-12-16,1.2165499925613403,1.2225500345230103,1.2143499851226807,1.217900037765503,821.0
2020-12-17,1.220900058746338,1.2287499904632568,1.2205499410629272,1.2278499603271484,1259.0
2020-12-18,1.2271000146865845,1.2279499769210815,1.2243000268936157,1.2257000207901,505.0
2020-12-21,1.22475004196167,1.2265499830245972,1.2144999504089355,1.2265000343322754,622.0
2020-12-22,1.2258000373840332,1.2274500131607056,1.2171000242233276,1.217900037765503,925.0
2020-12-23,1.2184499502182007,1.2235000133514404,1.2173999547958374,1.219349980354309,509.0
2020-12-24,1.2201000452041626,1.222749948501587,1.219249963760376,1.219599962234497,353.0
2020-12-28,1.2204999923706055,1.2259999513626099,1.2199000120162964,1.221750020980835,372.0
2020-12-29,1.2237000465393066,1.2282999753952026,1.2235000133514404,1.2261500358581543,370.0
2020-12-30,1.2259999513626099,1.2313499450683594,1.2257499694824219,1.229349970817566,276.0
2020-12-31,1.2307000160217285,1.2311999797821045,1.221500039100647,1.223099946975708,156.0
2021-01-04,1.2239999771118164,1.2309000492095947,1.2239999771118164,1.225600004196167,383.0
2021-01-05,1.2253999710083008,1.2308000326156616,1.2253999710083008,1.2307000160217285,155.0
2021-01-06,1.2304999828338623,1.2350000143051147,1.2271499633789062,1.2311500310897827,1761.0
2021-01-07,1.2338000535964966,1.2345000505447388,1.2249000072479248,1.2269999980926514,371.0
2021-01-08,1.2272000312805176,1.2284499406814575,1.219599962234497,1.221750020980835,752.0
2021-01-11,1.22160005569458,1.22160005569458,1.214050054550171,1.2164000272750854,648.0
2021-01-12,1.2155499458312988,1.2206000089645386,1.214400053024292,1.2201999425888062,125.0
2021-01-13,1.221850037574768,1.2223000526428223,1.2145999670028687,1.2155499458312988,275.0
2021-01-14,1.2168500423431396,1.2168999910354614,1.211150050163269,1.2155499458312988,855.0
2021-01-15,1.215149998664856,1.215149998664856,1.2086999416351318,1.2095500230789185,263.0
2021-01-19,1.2092000246047974,1.2151000499725342,1.2064499855041504,1.2133500576019287,476.0
2021-01-20,1.2145500183105469,1.2165499925613403,1.208549976348877,1.211400032043457,222.0
2021-01-21,1.2120000123977661,1.2178000211715698,1.211650013923645,1.2165499925613403,284.0
2021-01-22,1.217900037765503,1.219349980354309,1.2157000303268433,1.2173500061035156,324.0
2021-01-25,1.2172000408172607,1.21875,1.2122000455856323,1.214400053024292,282.0
2021-01-26,1.214900016784668,1.218000054359436,1.211400032043457,1.2170499563217163,293.0
2021-01-27,1.2166999578475952,1.2173500061035156,1.2065000534057617,1.2105499505996704,417.0
2021-01-28,1.2107499837875366,1.2145500183105469,1.2086000442504883,1.2136499881744385,268.0
2021-01-29,1.2128499746322632,1.2155499458312988,1.2099499702453613,1.2136000394821167,274.0
2021-02-01,1.2128000259399414,1.2139500379562378,1.205399990081787,1.2071000337600708,255.0
2021-02-02,1.2065500020980835,1.2086000442504883,1.202049970626831,1.2023500204086304,165.0
2021-02-03,1.204200029373169,1.2051000595092773,1.2010999917984009,1.2029000520706177,429.0
2021-02-04,1.2038999795913696,1.2038999795913696,1.1958999633789062,1.1968499422073364,1040.0
2021-02-05,1.1967500448226929,1.2046500444412231,1.1965999603271484,1.20455002784729,103.0
2021-02-08,1.205199956893921,1.2063000202178955,1.2023500204086304,1.2057499885559082,162.0
2021-02-09,1.2058500051498413,1.2119499444961548,1.2058500051498413,1.2119499444961548,279.0
2021-02-10,1.2128499746322632,1.2138999700546265,1.211650013923645,1.2130500078201294,440.0
2021-02-11,1.2114499807357788,1.2148499488830566,1.211400032043457,1.2130999565124512,106.0
2021-02-12,1.2130500078201294,1.2130500078201294,1.2084499597549438,1.2093000411987305,146837.0
2021-02-16,1.2129000425338745,1.217650055885315,1.2101000547409058,1.2122000455856323,263881.0
2021-02-17,1.211050033569336,1.2111999988555908,1.2029500007629395,1.204300045967102,207928.0
2021-02-18,1.2048499584197998,1.2100499868392944,1.2041000127792358,1.209149956703186,176081.0
2021-02-19,1.2098000049591064,1.2150499820709229,1.2087500095367432,1.212149977684021,172777.0
2021-02-22,1.2129499912261963,1.2174500226974487,1.2095999717712402,1.2173000574111938,192525.0
2021-02-23,1.2164000272750854,1.2186000347137451,1.2139999866485596,1.2148499488830566,157735.0
2021-02-24,1.215250015258789,1.2179499864578247,1.2113499641418457,1.2152999639511108,217783.0
2021-02-25,1.2171000242233276,1.2249000072479248,1.215999960899353,1.218850016593933,323554.0
2021-02-26,1.218500018119812,1.2187999486923218,1.2065999507904053,1.208150029182434,309072.0
2021-03-01,1.2079999446868896,1.2105000019073486,1.2030999660491943,1.205049991607666,221325.0
2021-03-02,1.2052500247955322,1.2097500562667847,1.1994500160217285,1.2087500095367432,213958.0
2021-03-03,1.2087500095367432,1.2115999460220337,1.20455002784729,1.2068500518798828,192159.0
2021-03-04,1.2066999673843384,1.2068500518798828,1.1963499784469604,1.1967500448226929,253320.0
2021-03-05,1.1974999904632568,1.197700023651123,1.1894500255584717,1.191499948501587,291503.0
2021-03-08,1.1919000148773193,1.1934000253677368,1.1845500469207764,1.1858999729156494,226412.0
2021-03-09,1.1848499774932861,1.1916500329971313,1.183650016784668,1.1901999711990356,262709.0
2021-03-10,1.1904499530792236,1.1930999755859375,1.187000036239624,1.1922999620437622,473974.0
2021-03-11,1.1927499771118164,1.199049949645996,1.1915500164031982,1.198349952697754,440108.0
2021-03-12,1.198449969291687,1.198799967765808,1.190999984741211,1.194949984550476,83306.0
2021-03-15,1.1948000192642212,1.1965500116348267,1.1916999816894531,1.1924500465393066,611.0
2021-03-16,1.1934499740600586,1.1960500478744507,1.1892499923706055,1.1913000345230103,358.0
2021-03-17,1.191100001335144,1.1993499994277954,1.1898000240325928,1.1986500024795532,566.0
2021-03-18,1.1992499828338623,1.1995999813079834,1.1917500495910645,1.192199945449829,516.0
2021-03-19,1.1925499439239502,1.1943000555038452,1.1884000301361084,1.19159996509552,293.0
2021-03-22,1.1885000467300415,1.1950500011444092,1.188349962234497,1.194949984550476,423.0
2021-03-23,1.1941499710083008,1.1941499710083008,1.1849499940872192,1.1858999729156494,327.0
2021-03-24,1.1858999729156494,1.1858999729156494,1.1817500591278076,1.1828500032424927,1103.0
2021-03-25,1.1824500560760498,1.1833499670028687,1.1768499612808228,1.1782499551773071,958.0
2021-03-26,1.1777499914169312,1.1808500289916992,1.1777499914169312,1.179550051689148,322.0
2021-03-29,1.1797000169754028,1.179800033569336,1.1768499612808228,1.176900029182434,638.0
2021-03-30,1.1776000261306763,1.1776000261306763,1.1719499826431274,1.1721999645233154,990.0
2021-03-31,1.1726000308990479,1.1763999462127686,1.1708500385284424,1.1728500127792358,941.0
2021-04-01,1.173050045967102,1.1784000396728516,1.1720000505447388,1.1774499416351318,575.0
2021-04-05,1.176200032234192,1.1822500228881836,1.174399971961975,1.18149995803833,1088.0
2021-04-06,1.1820000410079956,1.1878999471664429,1.1806000471115112,1.1873500347137451,671.0
2021-04-07,1.187399983406067,1.1916500329971313,1.1865500211715698,1.1868499517440796,496.0
2021-04-08,1.1875,1.1928000450134277,1.1866999864578247,1.1919000148773193,256.0
2021-04-09,1.19159996509552,1.1917999982833862,1.1871000528335571,1.1904499530792236,325.0
2021-04-12,1.1899000406265259,1.1917999982833862,1.1875,1.1906499862670898,202.0
2021-04-13,1.1901500225067139,1.1956000328063965,1.1885499954223633,1.1947499513626099,1132.0
2021-04-14,1.1956499814987183,1.1987500190734863,1.1953500509262085,1.1971999406814575,182.0
2021-04-15,1.1985000371932983,1.1989500522613525,1.1957999467849731,1.1974999904632568,267.0
2021-04-16,1.1968499422073364,1.199049949645996,1.1952500343322754,1.197849988937378,479.0
2021-04-19,1.1967500448226929,1.2042499780654907,1.1944500207901,1.2017500400543213,548.0
2021-04-20,1.2048499584197998,1.208050012588501,1.2031999826431274,1.2036999464035034,175.0
2021-04-21,1.2037999629974365,1.204200029373169,1.200700044631958,1.2035499811172485,135.0
2021-04-22,1.2043499946594238,1.207200050354004,1.2000000476837158,1.201300024986267,140.0
2021-04-23,1.2020000219345093,1.2104500532150269,1.2020000219345093,1.2098000049591064,107.0
2021-04-26,1.2096500396728516,1.212049961090088,1.2067999839782715,1.2097500562667847,139.0
2021-04-27,1.2075999975204468,1.2094999551773071,1.2063000202178955,1.2092000246047974,192.0
2021-04-28,1.2090500593185425,1.2135499715805054,1.2061500549316406,1.2129499912261963,157.0
2021-04-29,1.2139999866485596,1.2150499820709229,1.2107000350952148,1.2129000425338745,109.0
2021-04-30,1.2121000289916992,1.2121000289916992,1.2022500038146973,1.2026000022888184,402.0
2021-05-03,1.2032999992370605,1.2074999809265137,1.2019000053405762,1.2070000171661377,289.0
2021-05-04,1.205049991607666,1.205049991607666,1.2002999782562256,1.2015000581741333,242.0
2021-05-05,1.2007999420166016,1.2022000551223755,1.1990000009536743,1.2001999616622925,192.0
2021-05-06,1.2002999782562256,1.207200050354004,1.1995500326156616,1.2057000398635864,179.0
2021-05-07,1.2061500549316406,1.2170499563217163,1.2057499885559082,1.2166999578475952,797.0
2021-05-10,1.2174999713897705,1.2175999879837036,1.2128000259399414,1.214750051498413,1100.0
2021-05-11,1.2136000394821167,1.2178499698638916,1.2136000394821167,1.2153500318527222,640.0
2021-05-12,1.2145999670028687,1.2148499488830566,1.2071499824523926,1.2080999612808228,887.0
2021-05-13,1.208150029182434,1.2097500562667847,1.2065000534057617,1.2077000141143799,290.0
2021-05-14,1.2095999717712402,1.2144999504089355,1.2095999717712402,1.2143499851226807,605.0
2021-05-17,1.2143499851226807,1.2163499593734741,1.2132999897003174,1.2139500379562378,124821.0
2021-05-18,1.2160500288009644,1.2241499423980713,1.21589994430542,1.2235499620437622,178672.0
2021-05-19,1.2230499982833862,1.2251499891281128,1.2165499925613403,1.2178499698638916,191975.0
2021-05-20,1.218150019645691,1.223449945449829,1.2173999547958374,1.222499966621399,122935.0
2021-05-21,1.2235000133514404,1.2245500087738037,1.216599941253662,1.218649983406067,163653.0
2021-05-24,1.218850016593933,1.2235499620437622,1.2175999879837036,1.2217999696731567,128352.0
2021-05-25,1.222000002861023,1.2271000146865845,1.2216500043869019,1.2260500192642212,166554.0
2021-05-26,1.2255500555038452,1.2267500162124634,1.218649983406067,1.2196999788284302,164005.0
2021-05-27,1.2196999788284302,1.2217999696731567,1.2178499698638916,1.2202500104904175,152471.0
2021-05-28,1.2197999954223633,1.2208499908447266,1.2136000394821167,1.2204500436782837,181970.0
2021-06-01,1.2200499773025513,1.2258000373840332,1.218649983406067,1.2231500148773193,210947.0
2021-06-02,1.2216999530792236,1.2229499816894531,1.2166500091552734,1.2214000225067139,164072.0
2021-06-03,1.22160005569458,1.2216500043869019,1.2120000123977661,1.21274995803833,197372.0
2021-06-04,1.2128000259399414,1.218850016593933,1.2105499505996704,1.2166999578475952,180453.0
2021-06-07,1.2167500257492065,1.2203999757766724,1.21465003490448,1.2196500301361084,151318.0
2021-06-08,1.2193000316619873,1.219599962234497,1.2165499925613403,1.2180999517440796,208737.0
2021-06-09,1.2173999547958374,1.2219500541687012,1.2172000408172607,1.2180500030517578,437114.0
2021-06-10,1.217900037765503,1.219499945640564,1.2143499851226807,1.2172000408172607,435986.0
2021-06-11,1.2174999713897705,1.2193000316619873,1.2093000411987305,1.2102500200271606,99452.0
2021-06-14,1.2110999822616577,1.2129499912261963,1.2095500230789185,1.2122000455856323,298.0
2021-06-15,1.2127000093460083,1.2153500318527222,1.2113499641418457,1.2133500576019287,254.0
2021-06-16,1.2132999897003174,1.2141499519348145,1.200350046157837,1.2026000022888184,457.0
2021-06-17,1.2001500129699707,1.2009999752044678,1.1899000406265259,1.1917999982833862,888.0
2021-06-18,1.1915500164031982,1.1928499937057495,1.1851999759674072,1.1878999471664429,1762.0
2021-06-21,1.187999963760376,1.1927000284194946,1.1855000257492065,1.1916500329971313,621.0
2021-06-22,1.1919499635696411,1.1958999633789062,1.1888500452041626,1.1943000555038452,579.0
2021-06-23,1.1947499513626099,1.197450041770935,1.192199945449829,1.1935499906539917,550.0
2021-06-24,1.193750023841858,1.1957000494003296,1.1927000284194946,1.1936999559402466,448.0
2021-06-25,1.194350004196167,1.1979000568389893,1.1933000087738037,1.1936500072479248,486.0
2021-06-28,1.1928000450134277,1.1950000524520874,1.190850019454956,1.1928499937057495,449.0
2021-06-29,1.1934000253677368,1.1934000253677368,1.1885000467300415,1.1907000541687012,360.0
2021-06-30,1.1904499530792236,1.1907999515533447,1.1851500272750854,1.1851999759674072,289.0
2021-07-01,1.1855499744415283,1.1881999969482422,1.184399962425232,1.184499979019165,171.0
2021-07-02,1.1848000288009644,1.1872999668121338,1.18149995803833,1.184749960899353,362.0
2021-07-06,1.1863000392913818,1.1895999908447266,1.180999994277954,1.1826499700546265,341.0
2021-07-07,1.1822999715805054,1.183500051498413,1.1790499687194824,1.1808500289916992,149.0
2021-07-08,1.1786500215530396,1.1862000226974487,1.1786500215530396,1.184149980545044,1157.0
2021-07-09,1.1850999593734741,1.187849998474121,1.1828500032424927,1.187849998474121,112.0
2021-07-12,1.1864500045776367,1.187399983406067,1.1849000453948975,1.1859500408172607,131.0
2021-07-13,1.1864500045776367,1.1864500045776367,1.1775000095367432,1.1783000230789185,324.0
2021-07-14,1.177899956703186,1.1836999654769897,1.1778000593185425,1.1830999851226807,1454.0
2021-07-15,1.1836999654769897,1.184999942779541,1.179800033569336,1.1807500123977661,612.0
2021-07-16,1.1813499927520752,1.1818499565124512,1.1792500019073486,1.180899977684021,376.0
2021-07-19,1.1801999807357788,1.1821500062942505,1.1765999794006348,1.1819000244140625,484.0
2021-07-20,1.180400013923645,1.180799961090088,1.1763499975204468,1.1787999868392944,381.0
2021-07-21,1.1789000034332275,1.180999994277954,1.1759999990463257,1.1806000471115112,702.0
2021-07-22,1.1797499656677246,1.1834499835968018,1.1763499975204468,1.1777000427246094,946.0
2021-07-23,1.177299976348877,1.1789000034332275,1.1759999990463257,1.1776000261306763,539.0
2021-07-26,1.1777499914169312,1.1821999549865723,1.177649974822998,1.1806000471115112,377.0
2021-07-27,1.1815999746322632,1.184149980545044,1.177649974822998,1.1827499866485596,565.0
2021-07-28,1.1817500591278076,1.1851999759674072,1.1779500246047974,1.1842999458312988,552.0
2021-07-29,1.184749960899353,1.1897000074386597,1.18464994430542,1.1894500255584717,350.0
2021-07-30,1.1883000135421753,1.190999984741211,1.1857000589370728,1.1859500408172607,321.0
2021-08-02,1.1871000528335571,1.190000057220459,1.1871000528335571,1.187600016593933,526.0
2021-08-03,1.1878000497817993,1.1895500421524048,1.1859999895095825,1.1865999698638916,224.0
2021-08-04,1.1871999502182007,1.1901999711990356,1.183899998664856,1.184149980545044,424.0
2021-08-05,1.183500051498413,1.1858500242233276,1.1833499670028687,1.1837999820709229,153.0
2021-08-06,1.1833499670028687,1.1833499670028687,1.1758500337600708,1.1758999824523926,219.0
2021-08-09,1.1758999824523926,1.1770000457763672,1.1742000579833984,1.1742000579833984,313.0
2021-08-10,1.173949956893921,1.173949956893921,1.1711499691009521,1.1722999811172485,208.0
2021-08-11,1.1716500520706177,1.1753499507904053,1.1707500219345093,1.1739000082015991,156.0
2021-08-12,1.1744999885559082,1.1744999885559082,1.1725000143051147,1.1729999780654907,251.0
2021-08-13,1.17330002784729,1.180299997329712,1.17330002784729,1.1794999837875366,938.0
2021-08-16,1.1793999671936035,1.1794500350952148,1.1770000457763672,1.1781500577926636,100012.0
2021-08-17,1.1784499883651733,1.1790499687194824,1.1713500022888184,1.1716500520706177,142598.0
2021-08-18,1.1717499494552612,1.1749000549316406,1.1698999404907227,1.1718000173568726,135019.0
2021-08-19,1.1713500022888184,1.1720999479293823,1.1670500040054321,1.1680500507354736,134972.0
2021-08-20,1.1681499481201172,1.1709500551223755,1.1669000387191772,1.1701500415802002,112699.0
2021-08-23,1.170050024986267,1.1755000352859497,1.1697499752044678,1.1753000020980835,129024.0
2021-08-24,1.1750999689102173,1.1769499778747559,1.173200011253357,1.175950050354004,116765.0
2021-08-25,1.176200032234192,1.177899956703186,1.173050045967102,1.177549958229065,120592.0
2021-08-26,1.177549958229065,1.1782499551773071,1.1749500036239624,1.1755000352859497,113221.0
2021-08-27,1.1758999824523926,1.1806000471115112,1.1737500429153442,1.179800033569336,182266.0
2021-08-30,1.1800999641418457,1.1813499927520752,1.1785999536514282,1.1806999444961548,96863.0
2021-08-31,1.180050015449524,1.1849000453948975,1.1798499822616577,1.1815500259399414,187033.0
2021-09-01,1.1813000440597534,1.1860500574111938,1.1796000003814697,1.1849000453948975,154692.0
2021-09-02,1.1842999458312988,1.1878000497817993,1.1835999488830566,1.1876499652862549,127627.0
2021-09-03,1.187600016593933,1.1911499500274658,1.1868000030517578,1.1892499923706055,178516.0
2021-09-07,1.1881500482559204,1.1887999773025513,1.183899998664856,1.1847000122070312,338657.0
2021-09-08,1.18464994430542,1.1851999759674072,1.180299997329712,1.1826000213623047,504047.0
2021-09-09,1.1819000244140625,1.1842999458312988,1.1805499792099,1.1830500364303589,318034.0
2021-09-10,1.1825499534606934,1.1850999593734741,1.1809500455856323,1.18149995803833,104673.0
2021-09-13,1.181249976158142,1.181399941444397,1.1770000457763672,1.180400013923645,492.0
2021-09-14,1.1820000410079956,1.185349941253662,1.1808500289916992,1.1815500259399414,305.0
2021-09-15,1.18149995803833,1.183750033378601,1.1806999444961548,1.18149995803833,148.0
2021-09-16,1.1823999881744385,1.1823999881744385,1.1757999658584595,1.1760499477386475,930.0
2021-09-17,1.1770999431610107,1.1793500185012817,1.1729999780654907,1.1735999584197998,2297.0
2021-09-20,1.1732499599456787,1.173949956893921,1.1708999872207642,1.1730999946594238,1329.0
2021-09-21,1.1734000444412231,1.1749500036239624,1.1725000143051147,1.173200011253357,596.0
2021-09-22,1.172950029373169,1.175950050354004,1.1692999601364136,1.1698999404907227,618.0
2021-09-23,1.1701500415802002,1.1755000352859497,1.1690000295639038,1.1751999855041504,412.0
2021-09-24,1.1748000383377075,1.1751500368118286,1.1711000204086304,1.1720999479293823,486.0
2021-09-27,1.1722500324249268,1.1728999614715576,1.169100046157837,1.1704000234603882,165.0
2021-09-28,1.1689499616622925,1.17044997215271,1.1675000190734863,1.1681499481201172,227.0
2021-09-29,1.1686500310897827,1.1691499948501587,1.1594500541687012,1.1605000495910645,206.0
2021-09-30,1.1605499982833862,1.1612000465393066,1.1568000316619873,1.158750057220459,295.0
2021-10-01,1.1584999561309814,1.160949945449829,1.1574000120162964,1.1600500345230103,501.0
2021-10-04,1.1612000465393066,1.1642999649047852,1.159999966621399,1.162750005722046,469.0
2021-10-05,1.1620999574661255,1.1620999574661255,1.1583499908447266,1.159999966621399,743.0
2021-10-06,1.159350037574768,1.159500002861023,1.15339994430542,1.1552499532699585,145.0
2021-10-07,1.156149983406067,1.1571500301361084,1.155150055885315,1.1553499698638916,131.0
2021-10-08,1.1555999517440796,1.158400058746338,1.1547000408172607,1.1578999757766724,232.0
2021-10-11,1.1575499773025513,1.1585999727249146,1.1552000045776367,1.156149983406067,262.0
2021-10-12,1.1549999713897705,1.156999945640564,1.1526000499725342,1.153149962425232,277.0
2021-10-13,1.1535999774932861,1.159500002861023,1.1535999774932861,1.15910005569458,721.0
2021-10-14,1.1592999696731567,1.1624499559402466,1.158400058746338,1.159999966621399,1504.0
2021-10-15,1.1598000526428223,1.1613999605178833,1.1590499877929688,1.160599946975708,411.0
2021-10-18,1.159999966621399,1.1605000495910645,1.1591500043869019,1.160249948501587,596.0
2021-10-19,1.1624499559402466,1.167449951171875,1.1624499559402466,1.1644999980926514,399.0
2021-10-20,1.1639000177383423,1.1663000583648682,1.162600040435791,1.1661499738693237,253.0
2021-10-21,1.165850043296814,1.1664999723434448,1.1626499891281128,1.1627999544143677,371.0
2021-10-22,1.1627999544143677,1.165850043296814,1.1627999544143677,1.1641000509262085,358.0
2021-10-25,1.1648000478744507,1.1665500402450562,1.1598000526428223,1.1617000102996826,331.0
2021-10-26,1.1601999998092651,1.1630500555038452,1.1589499711990356,1.1601500511169434,368.0
2021-10-27,1.1607999801635742,1.162850022315979,1.1592999696731567,1.1613500118255615,223.0
2021-10-28,1.1601999998092651,1.1692500114440918,1.1586999893188477,1.1688499450683594,587.0
2021-10-29,1.1687999963760376,1.1689000129699707,1.1541500091552734,1.1562000513076782,713.0
2021-11-01,1.155900001525879,1.1611000299453735,1.1549999713897705,1.1610000133514404,326.0
2021-11-02,1.1604000329971313,1.1611499786376953,1.1581000089645386,1.1584999561309814,123.0
2021-11-03,1.1585999727249146,1.1615999937057495,1.157099962234497,1.1613999605178833,505.0
2021-11-04,1.1615999937057495,1.1617499589920044,1.1529500484466553,1.155500054359436,408.0
2021-11-05,1.1552000045776367,1.1569499969482422,1.1514500379562378,1.1552000045776367,463.0
2021-11-08,1.156749963760376,1.1597000360488892,1.1553499698638916,1.15910005569458,421.0
2021-11-09,1.1585999727249146,1.1606999635696411,1.1575000286102295,1.1595499515533447,123.0
2021-11-10,1.1584500074386597,1.1584500074386597,1.1478999853134155,1.1484500169754028,424.0
2021-11-11,1.1485999822616577,1.1485999822616577,1.1444000005722046,1.1445499658584595,778.0
2021-11-12,1.1441500186920166,1.1460000276565552,1.1433500051498413,1.1444000005722046,1092.0
2021-11-15,1.1455999612808228,1.1455999612808228,1.1435500383377075,1.1439000368118286,165611.0
2021-11-16,1.1373000144958496,1.1391500234603882,1.1314500570297241,1.132200002670288,187699.0
2021-11-17,1.132599949836731,1.1337499618530273,1.1268500089645386,1.1319999694824219,196271.0
2021-11-18,1.1324000358581543,1.1378999948501587,1.1318000555038452,1.1375499963760376,172355.0
2021-11-19,1.1376999616622925,1.1377500295639038,1.1253999471664429,1.129349946975708,253560.0
2021-11-22,1.1289000511169434,1.1294499635696411,1.1234999895095825,1.1236000061035156,198908.0
2021-11-23,1.1239500045776367,1.12785005569458,1.1230000257492065,1.1253999471664429,179263.0
2021-11-24,1.125249981880188,1.1259000301361084,1.11899995803833,1.1202000379562378,205974.0
2021-11-26,1.120300054550171,1.1325000524520874,1.120300054550171,1.1305999755859375,272394.0
2021-11-29,1.1299999952316284,1.1303999423980713,1.1261500120162964,1.1275999546051025,149519.0
2021-11-30,1.1294000148773193,1.1385999917984009,1.1237499713897705,1.1326500177383423,315551.0
2021-12-01,1.1341999769210815,1.136299967765808,1.1304999589920044,1.1320500373840332,195363.0
2021-12-02,1.1319999694824219,1.1349999904632568,1.129699945449829,1.1298999786376953,154645.0
2021-12-03,1.1303999423980713,1.1335999965667725,1.1268500089645386,1.131350040435791,195525.0
2021-12-06,1.131250023841858,1.1315499544143677,1.1267999410629272,1.1280499696731567,194470.0
2021-12-07,1.128600001335144,1.1299999952316284,1.122849941253662,1.1262500286102295,271791.0
2021-12-08,1.1269999742507935,1.135599970817566,1.1267000436782837,1.13510000705719,371382.0
2021-12-09,1.1342999935150146,1.134600043296814,1.12785005569458,1.128849983215332,470618.0
2021-12-10,1.1292999982833862,1.1324000358581543,1.1265499591827393,1.1311500072479248,119604.0
2021-12-13,1.1309000253677368,1.131850004196167,1.1262500286102295,1.1276999711990356,2775.0
2021-12-14,1.1295499801635742,1.1334500312805176,1.1269500255584717,1.1270500421524048,680.0
2021-12-15,1.1270999908447266,1.13100004196167,1.1237499713897705,1.1284500360488892,3412.0
2021-12-16,1.1306500434875488,1.1369999647140503,1.1295000314712524,1.1337000131607056,1994.0
2021-12-17,1.1343499422073364,1.1348999738693237,1.125100016593933,1.1263999938964844,656.0
2021-12-20,1.1248500347137451,1.1312999725341797,1.1248500347137451,1.1283999681472778,1318.0
2021-12-21,1.1283999681472778,1.13100004196167,1.1270999908447266,1.1289000511169434,2327.0
2021-12-22,1.128999948501587,1.1349999904632568,1.1274499893188477,1.1339999437332153,335.0
2021-12-23,1.1331000328063965,1.1346499919891357,1.1298500299453735,1.1344000101089478,3659.0
2021-12-27,1.1375000476837158,1.1385999917984009,1.1311999559402466,1.1332000494003296,1355.0
2021-12-28,1.1334999799728394,1.1339000463485718,1.1302000284194946,1.1309000253677368,190.0
2021-12-29,1.1319500207901,1.1366499662399292,1.1288000345230103,1.134950041770935,1933.0
2021-12-30,1.1339000463485718,1.1345000267028809,1.1306500434875488,1.1332000494003296,782.0
2021-12-31,1.1318000555038452,1.1390000581741333,1.1315499544143677,1.138949990272522,1686.0
2022-01-03,1.1378999948501587,1.1378999948501587,1.1289499998092651,1.1300499439239502,590.0
2022-01-04,1.1301499605178833,1.1323000192642212,1.1276500225067139,1.12909996509552,408.0
2022-01-05,1.1296499967575073,1.1345499753952026,1.1296499967575073,1.1312999725341797,953.0
2022-01-06,1.1318999528884888,1.1319999694824219,1.1289000511169434,1.1289000511169434,132.0
2022-01-07,1.1298999786376953,1.1365000009536743,1.1295000314712524,1.1365000009536743,1242.0
2022-01-10,1.1358000040054321,1.1358000040054321,1.1289000511169434,1.1325000524520874,592.0
2022-01-11,1.1342500448226929,1.1370500326156616,1.131850004196167,1.1369500160217285,837.0
2022-01-12,1.1372499465942383,1.1450999975204468,1.1359000205993652,1.145050048828125,2587.0
2022-01-13,1.1442999839782715,1.1477999687194824,1.1441500186920166,1.14614999294281,2533.0
2022-01-14,1.1456999778747559,1.1473499536514282,1.142549991607666,1.143149971961975,732.0
2022-01-18,1.13919997215271,1.1438000202178955,1.1325000524520874,1.1332499980926514,1087.0
2022-01-19,1.1331499814987183,1.1361500024795532,1.1331499814987183,1.1357500553131104,143.0
2022-01-20,1.135599970817566,1.1372499465942383,1.131100058555603,1.1318000555038452,523.0
2022-01-21,1.1318000555038452,1.1363500356674194,1.1318000555038452,1.1346499919891357,510.0
2022-01-24,1.1342500448226929,1.1344499588012695,1.1296499967575073,1.1325500011444092,595.0
2022-01-25,1.1326500177383423,1.1326500177383423,1.1273499727249146,1.1309000253677368,195.0
2022-01-26,1.1309000253677368,1.1309499740600586,1.1239999532699585,1.1258000135421753,628.0
2022-01-27,1.1243499517440796,1.1243499517440796,1.1136000156402588,1.1144499778747559,1727.0
2022-01-28,1.1156500577926636,1.1176999807357788,1.1129499673843384,1.1148500442504883,459.0
2022-01-31,1.1155999898910522,1.1247999668121338,1.1152499914169312,1.1246999502182007,728.0
2022-02-01,1.1232500076293945,1.1279499530792236,1.1226999759674072,1.1255500316619873,264.0
2022-02-02,1.1277999877929688,1.1328999996185303,1.1268500089645386,1.1312999725341797,1630.0
2022-02-03,1.1301000118255615,1.1452000141143799,1.1268999576568604,1.1435500383377075,935.0
2022-02-04,1.1444499492645264,1.1482499837875366,1.1417499780654907,1.1449999809265137,292.0
2022-02-07,1.145650029182434,1.145900011062622,1.141800045967102,1.1445499658584595,960.0
2022-02-08,1.1446000337600708,1.1449999809265137,1.1399999856948853,1.1414999961853027,860.0
2022-02-09,1.1408499479293823,1.1447499990463257,1.1405999660491943,1.1433500051498413,453.0
2022-02-10,1.1426000595092773,1.1492999792099,1.1381499767303467,1.1449999809265137,1325.0
2022-02-11,1.1392500400543213,1.1403000354766846,1.1336499452590942,1.1336499452590942,2823.0
2022-02-14,1.1360499858856201,1.1360499858856201,1.1302499771118164,1.1302499771118164,196923.0
2022-02-15,1.131250023841858,1.1374499797821045,1.13100004196167,1.1366000175476074,164346.0
2022-02-16,1.1362500190734863,1.1402000188827515,1.1351499557495117,1.1396000385284424,133192.0
2022-02-17,1.1380000114440918,1.13919997215271,1.1328500509262085,1.1368999481201172,165653.0
2022-02-18,1.1367000341415405,1.1382499933242798,1.131850004196167,1.1337499618530273,131424.0
2022-02-22,1.132349967956543,1.1396499872207642,1.1292999982833862,1.1339999437332153,292834.0
2022-02-23,1.1331499814987183,1.1363999843597412,1.1305500268936157,1.131250023841858,133507.0
2022-02-24,1.13100004196167,1.1312999725341797,1.111050009727478,1.1190999746322632,375205.0
2022-02-25,1.1200000047683716,1.12785005569458,1.1169999837875366,1.1267499923706055,236997.0
2022-02-28,1.1163500547409058,1.1252000331878662,1.1148500442504883,1.1226500272750854,266849.0
2022-03-01,1.1223499774932861,1.1236499547958374,1.1093499660491943,1.1126500368118286,254228.0
2022-03-02,1.1124500036239624,1.1145999431610107,1.1059999465942383,1.1125999689102173,270057.0
2022-03-03,1.112149953842163,1.1124999523162842,1.1035000085830688,1.1059999465942383,192381.0
2022-03-04,1.1067500114440918,1.106950044631958,1.0887500047683716,1.0913000106811523,297263.0
2022-03-07,1.0928000211715698,1.093400001525879,1.080649971961975,1.0848499536514282,358901.0
2022-03-08,1.0853999853134155,1.095900058746338,1.0850000381469727,1.090749979019165,417350.0
2022-03-09,1.0900499820709229,1.1096500158309937,1.0889999866485596,1.1079000234603882,594422.0
2022-03-10,1.1070499420166016,1.1122499704360962,1.0976999998092651,1.0986499786376953,461359.0
2022-03-11,1.0989999771118164,1.104349970817566,1.090149998664856,1.0907000303268433,149314.0
2022-03-14,1.0915000438690186,1.0987999439239502,1.0904500484466553,1.0960999727249146,1965.0
2022-03-15,1.0951499938964844,1.1029499769210815,1.0943000316619873,1.0953500270843506,1393.0
2022-03-16,1.0976999998092651,1.1057000160217285,1.09660005569458,1.1015499830245972,1549.0
2022-03-17,1.1030000448226929,1.1147500276565552,1.1030000448226929,1.111199975013733,2217.0
2022-03-18,1.1100000143051147,1.1126500368118286,1.1014000177383423,1.1059499979019165,1003.0
2022-03-21,1.1064000129699707,1.107450008392334,1.1023499965667725,1.1024999618530273,662.0
2022-03-22,1.1019500494003296,1.1049000024795532,1.097000002861023,1.1031500101089478,532.0
2022-03-23,1.104949951171875,1.104949951171875,1.097350001335144,1.101699948310852,983.0
2022-03-24,1.1014000177383423,1.1021499633789062,1.09784996509552,1.1007000207901,1968.0
2022-03-25,1.1015000343322754,1.104200005531311,1.0988500118255615,1.0994999408721924,768.0
2022-03-28,1.0987999439239502,1.1003999710083008,1.0954999923706055,1.09975004196167,414.0
2022-03-29,1.0980499982833862,1.114400029182434,1.0980499982833862,1.1095999479293823,579.0
2022-03-30,1.1100000143051147,1.1173499822616577,1.1100000143051147,1.1168500185012817,664.0
2022-03-31,1.1169999837875366,1.11899995803833,1.1068999767303467,1.1074999570846558,730.0
2022-04-01,1.1071499586105347,1.1075999736785889,1.1034499406814575,1.104449987411499,551.0
2022-04-04,1.1045500040054321,1.1057499647140503,1.097000002861023,1.0976500511169434,353.0
2022-04-05,1.0979499816894531,1.0989999771118164,1.0905499458312988,1.0908499956130981,386.0
2022-04-06,1.09089994430542,1.093999981880188,1.0882999897003174,1.090399980545044,1272.0
2022-04-07,1.090149998664856,1.0939500331878662,1.0868500471115112,1.0882999897003174,1471.0
2022-04-08,1.0863499641418457,1.0892499685287476,1.0837500095367432,1.0886499881744385,458.0
2022-04-11,1.091599941253662,1.0930999517440796,1.0879000425338745,1.0892499685287476,605.0
2022-04-12,1.0886000394821167,1.090499997138977,1.082450032234192,1.083150029182434,854.0
2022-04-13,1.0829499959945679,1.0885499715805054,1.0809999704360962,1.0885499715805054,671.0
2022-04-14,1.0908000469207764,1.0920000076293945,1.0772000551223755,1.083150029182434,2176.0
2022-04-18,1.0789999961853027,1.0806000232696533,1.078950047492981,1.080199956893921,278.0
2022-04-19,1.0794999599456787,1.0821000337600708,1.0774999856948853,1.0800000429153442,591.0
2022-04-20,1.0795999765396118,1.0872999429702759,1.0795999765396118,1.0851500034332275,716.0
2022-04-21,1.0837500095367432,1.09375,1.0837500095367432,1.0847500562667847,672.0
2022-04-22,1.0846999883651733,1.0859999656677246,1.0784000158309937,1.0794999599456787,727.0
2022-04-25,1.0815000534057617,1.0818500518798828,1.0710500478744507,1.0718499422073364,601.0
2022-04-26,1.073699951171875,1.0738500356674194,1.06535005569458,1.06535005569458,484.0
2022-04-27,1.0655499696731567,1.0660500526428223,1.0523500442504883,1.0568499565124512,758.0
2022-04-28,1.054900050163269,1.0566500425338745,1.047950029373169,1.0511499643325806,911.0
2022-04-29,1.0523500442504883,1.0583499670028687,1.0520999431610107,1.0576000213623047,346.0
2022-05-02,1.0550999641418457,1.0550999641418457,1.0498000383377075,1.0498000383377075,94.0
2022-05-03,1.0513499975204468,1.057800054550171,1.0504000186920166,1.0531500577926636,95.0
2022-05-04,1.051900029182434,1.062600016593933,1.051550030708313,1.062250018119812,255.0
2022-05-05,1.062999963760376,1.0638999938964844,1.0507999658584595,1.051900029182434,905.0
2022-05-06,1.0542000532150269,1.059999942779541,1.0501999855041504,1.055050015449524,104.0
2022-05-09,1.0516999959945679,1.0592000484466553,1.050950050354004,1.0568499565124512,465.0
2022-05-10,1.0565500259399414,1.0582499504089355,1.0532000064849854,1.0533000230789185,131.0
2022-05-11,1.0538500547409058,1.0572500228881836,1.0513999462127686,1.0532499551773071,508.0
2022-05-12,1.051300048828125,1.052649974822998,1.0357500314712524,1.0369999408721924,552.0
2022-05-13,1.038349986076355,1.0414999723434448,1.037350058555603,1.0404499769210815,674.0
2022-05-16,1.0422999858856201,1.0431499481201172,1.040850043296814,1.040850043296814,128856.0
2022-05-17,1.044950008392334,1.0567500591278076,1.0439499616622925,1.0556000471115112,195154.0
2022-05-18,1.055999994277954,1.0575000047683716,1.0471500158309937,1.048550009727478,156046.0
2022-05-19,1.0475499629974365,1.061750054359436,1.0470999479293823,1.0608999729156494,204257.0
2022-05-20,1.059499979019165,1.0608500242233276,1.0542000532150269,1.0555499792099,144651.0
2022-05-23,1.0575499534606934,1.0707000494003296,1.0569499731063843,1.070199966430664,208386.0
2022-05-24,1.070199966430664,1.075700044631958,1.0670000314712524,1.073349952697754,201509.0
2022-05-25,1.0741499662399292,1.0747499465942383,1.0650500059127808,1.069599986076355,158841.0
2022-05-26,1.068850040435791,1.0738999843597412,1.0669000148773193,1.072700023651123,121917.0
2022-05-27,1.073699951171875,1.0772000551223755,1.0702999830245972,1.0738500356674194,156848.0
2022-05-31,1.0741000175476074,1.0793499946594238,1.06850004196167,1.0742000341415405,264239.0
2022-06-01,1.0738500356674194,1.0744500160217285,1.063249945640564,1.0660500526428223,197477.0
2022-06-02,1.0654000043869019,1.0754499435424805,1.0648499727249146,1.0743000507354736,136648.0
2022-06-03,1.0751999616622925,1.076799988746643,1.0707000494003296,1.072450041770935,116622.0
2022-06-06,1.0721499919891357,1.0755499601364136,1.068750023841858,1.069350004196167,130736.0
2022-06-07,1.069700002670288,1.0716999769210815,1.065500020980835,1.0709500312805176,255412.0
2022-06-08,1.0707499980926514,1.0750999450683594,1.0673500299453735,1.0717500448226929,505278.0
2022-06-09,1.0719000101089478,1.0774999856948853,1.0611499547958374,1.0628000497817993,512937.0
2022-06-10,1.061900019645691,1.0642499923706055,1.0505499839782715,1.0521999597549438,137507.0
2022-06-13,1.0507999658584595,1.051200032234192,1.0431499481201172,1.0431499481201172,493.0
2022-06-14,1.0429999828338623,1.0499999523162842,1.0425000190734863,1.0434000492095947,911.0
2022-06-15,1.0442999601364136,1.0529500246047974,1.038349986076355,1.0445499420166016,1885.0
2022-06-16,1.0471500158309937,1.062000036239624,1.0401999950408936,1.0595500469207764,1388.0
2022-06-17,1.0566500425338745,1.0571000576019287,1.0467000007629395,1.0511000156402588,700.0
2022-06-21,1.0505000352859497,1.059999942779541,1.049299955368042,1.0549499988555908,1003.0
2022-06-22,1.0556000471115112,1.0618499517440796,1.0488500595092773,1.0584499835968018,1469.0
2022-06-23,1.0583499670028687,1.0593500137329102,1.0501500368118286,1.0536500215530396,2158.0
2022-06-24,1.0530999898910522,1.0585999488830566,1.0530999898910522,1.056399941444397,410.0
2022-06-27,1.0569499731063843,1.062999963760376,1.0565999746322632,1.0598499774932861,135.0
2022-06-28,1.05964994430542,1.0618000030517578,1.05239999294281,1.0536500215530396,1357.0
2022-06-29,1.0536500215530396,1.0544999837875366,1.044950008392334,1.0453499555587769,867.0
2022-06-30,1.0463000535964966,1.049399971961975,1.0395499467849731,1.049049973487854,1246.0
2022-07-01,1.0478500127792358,1.0479999780654907,1.0379999876022339,1.0434000492095947,357.0
2022-07-05,1.044700026512146,1.0467000007629395,1.0244499444961548,1.0269500017166138,1041.0
2022-07-06,1.027250051498413,1.0274499654769897,1.0170999765396118,1.0188499689102173,267.0
2022-07-07,1.0193500518798828,1.0216000080108643,1.0154000520706177,1.0162999629974365,122.0
2022-07-08,1.0179500579833984,1.0190000534057617,1.0084500312805176,1.0178500413894653,226.0
2022-07-11,1.017449975013733,1.017449975013733,1.003999948501587,1.0066499710083008,262.0
2022-07-12,1.0034500360488892,1.0077500343322754,1.0004500150680542,1.0047999620437622,370.0
2022-07-13,1.0033999681472778,1.0116499662399292,1.0003999471664429,1.006600022315979,1168.0
2022-07-14,1.0037000179290771,1.0047500133514404,0.9955999851226807,1.003100037574768,637.0
2022-07-15,1.0017499923706055,1.009600043296814,1.0015000104904175,1.0080499649047852,1172.0
2022-07-18,1.010699987411499,1.0171500444412231,1.0091999769210815,1.0171500444412231,585.0
2022-07-19,1.0149999856948853,1.028749942779541,1.01419997215271,1.0252000093460083,525.0
2022-07-20,1.0247999429702759,1.0289000272750854,1.0178500413894653,1.0196000337600708,329.0
2022-07-21,1.0202499628067017,1.0294500589370728,1.018049955368042,1.020900011062622,787.0
2022-07-22,1.0223499536514282,1.0266000032424927,1.0149999856948853,1.0211000442504883,343.0
2022-07-25,1.0226500034332275,1.026900053024292,1.0199999809265137,1.0235999822616577,356.0
2022-07-26,1.0242999792099,1.0246000289916992,1.0124000310897827,1.0135999917984009,522.0
2022-07-27,1.0147000551223755,1.0221500396728516,1.0113500356674194,1.021049976348877,545.0
2022-07-28,1.020900011062622,1.0240000486373901,1.0126999616622925,1.0187499523162842,497.0
2022-07-29,1.0226000547409058,1.0260499715805054,1.0160499811172485,1.0230499505996704,1359.0
2022-08-01,1.0219500064849854,1.0283000469207764,1.0219500064849854,1.0263999700546265,124.0
2022-08-02,1.0266499519348145,1.030150055885315,1.0178500413894653,1.018149971961975,172.0
2022-08-03,1.0176000595092773,1.0218000411987305,1.0132999420166016,1.0162500143051147,358.0
2022-08-04,1.0171500444412231,1.0256500244140625,1.0169999599456787,1.0256500244140625,258.0
2022-08-05,1.023550033569336,1.023550033569336,1.0155999660491943,1.0182000398635864,142.0
2022-08-08,1.0167499780654907,1.0219000577926636,1.016450047492981,1.0191999673843384,330.0
2022-08-09,1.0197999477386475,1.0250999927520752,1.0197999477386475,1.0209499597549438,301.0
2022-08-10,1.0213500261306763,1.0369499921798706,1.020799994468689,1.0307999849319458,427.0
2022-08-11,1.0295499563217163,1.0364999771118164,1.0290000438690186,1.0326000452041626,469.0
2022-08-12,1.0318000316619873,1.0318000316619873,1.0250500440597534,1.0266000032424927,1053.0
2022-08-15,1.0264999866485596,1.0269999504089355,1.0187499523162842,1.0191999673843384,171051.0
2022-08-16,1.018149971961975,1.0217499732971191,1.014449954032898,1.0190999507904053,188654.0
2022-08-17,1.0190999507904053,1.0225000381469727,1.016700029373169,1.020650029182434,170845.0
2022-08-18,1.019700050354004,1.0212500095367432,1.009850025177002,1.010949969291687,227077.0
2022-08-19,1.010599970817566,1.0113999843597412,1.0050499439239502,1.0051000118255615,181920.0
2022-08-22,1.0056500434875488,1.006500005722046,0.994350016117096,0.9950500130653381,222495.0
2022-08-23,0.9958500266075134,1.0035500526428223,0.991599977016449,0.9977999925613403,271379.0
2022-08-24,0.9983500242233276,1.0016499757766724,0.9926000237464905,0.9979000091552734,241878.0
2022-08-25,0.9983500242233276,1.0047999620437622,0.9963499903678894,0.9983999729156494,219088.0
2022-08-26,0.9989500045776367,1.0104000568389893,0.9959999918937683,0.9977999925613403,320202.0
2022-08-29,0.996999979019165,1.0042500495910645,0.9926499724388123,1.0003999471664429,240802.0
2022-08-30,1.0010000467300415,1.006700038909912,0.9993500113487244,1.0032999515533447,259394.0
2022-08-31,1.00285005569458,1.0090500116348267,0.9982500076293945,1.0055999755859375,270752.0
2022-09-01,1.0061500072479248,1.0063999891281128,0.9919000267982483,0.9953500032424927,283439.0
2022-09-02,0.9954500198364258,1.0042500495910645,0.9950500130653381,0.9973999857902527,284030.0
2022-09-06,0.9937499761581421,0.9994000196456909,0.9871000051498413,0.9916499853134155,458847.0
2022-09-07,0.991100013256073,1.0018500089645386,0.9882500171661377,0.9988999962806702,304998.0
2022-09-08,1.0013999938964844,1.0049999952316284,0.9934999942779541,0.9996500015258789,361481.0
2022-09-09,0.9999499917030334,1.0117499828338623,0.9999499917030334,1.0047999620437622,269894.0
2022-09-12,1.0091999769210815,1.0202000141143799,1.0061999559402466,1.0121500492095947,367733.0
2022-09-13,1.0124499797821045,1.0190000534057617,0.9968500137329102,0.9980000257492065,395987.0
2022-09-14,0.9969499707221985,1.0026500225067139,0.9958000183105469,0.9982500076293945,555034.0
2022-09-15,0.9980999827384949,1.0018999576568604,0.9957000017166138,0.9993500113487244,340455.0
2022-09-16,0.9998499751091003,1.0036499500274658,0.9944999814033508,1.0003000497817993,77782.0
2022-09-19,1.0013999938964844,1.0026999711990356,0.996749997138977,0.9989500045776367,1235.0
2022-09-20,1.0048500299453735,1.0075000524520874,0.9976500272750854,0.9988499879837036,3124.0
2022-09-21,0.9992499947547913,0.9993000030517578,0.9833499789237976,0.9925500154495239,1293.0
2022-09-22,0.9855499863624573,0.9921000003814697,0.9825999736785889,0.9847000241279602,729.0
2022-09-23,0.9853500127792358,0.9865999817848206,0.9685999751091003,0.96875,1187.0
2022-09-26,0.9714000225067139,0.9722999930381775,0.9577999711036682,0.9626500010490417,720.0
2022-09-27,0.9642000198364258,0.9681000113487244,0.9585000276565552,0.9613500237464905,1447.0
2022-09-28,0.9610000252723694,0.9761999845504761,0.9552000164985657,0.9757500290870667,476.0
2022-09-29,0.9743000268936157,0.9819999933242798,0.9649999737739563,0.9801999926567078,1642.0
2022-09-30,0.9825500249862671,0.9861000180244446,0.9745500087738037,0.9817500114440918,2086.0
2022-10-03,0.9803500175476074,0.9852499961853027,0.9765999913215637,0.9825999736785889,1478.0
2022-10-04,0.9840499758720398,1.0006999969482422,0.9832500219345093,1.0006999969482422,664.0
2022-10-05,0.9989500045776367,0.9990500211715698,0.9843500256538391,0.990149974822998,393.0
2022-10-06,0.9916999936103821,0.9927999973297119,0.9797999858856201,0.9797999858856201,519.0
2022-10-07,0.9800000190734863,0.9817000031471252,0.9736999869346619,0.9740999937057495,872.0
2022-10-10,0.9733999967575073,0.9747999906539917,0.968999981880188,0.9708499908447266,646.0
2022-10-11,0.9717000126838684,0.9775000214576721,0.9686999917030334,0.9711499810218811,885.0
2022-10-12,0.9703999757766724,0.9735999703407288,0.9672499895095825,0.9700499773025513,1132.0
2022-10-13,0.9703999757766724,0.980400025844574,0.9635999798774719,0.9787499904632568,2119.0
2022-10-14,0.9772999882698059,0.9800000190734863,0.9718999862670898,0.9724500179290771,1882.0
2022-10-17,0.9739000201225281,0.9798499941825867,0.973550021648407,0.9798499941825867,1210.0
2022-10-18,0.9869999885559082,0.9884999990463257,0.9835000038146973,0.9868500232696533,1652.0
2022-10-19,0.9880499839782715,0.9880499839782715,0.9778000116348267,0.9784500002861023,528.0
2022-10-20,0.979200005531311,0.9860000014305115,0.9789000153541565,0.9800000190734863,485.0
2022-10-21,0.9798499941825867,0.9882000088691711,0.9721500277519226,0.986050009727478,868.0
2022-10-24,0.9905999898910522,0.9914500117301941,0.9831500053405762,0.9890000224113464,576.0
2022-10-25,0.9897500276565552,0.9987000226974487,0.9867500066757202,0.9973000288009644,1448.0
2022-10-26,0.9973499774932861,1.0099999904632568,0.9957000017166138,1.0094499588012695,1561.0
2022-10-27,1.0095000267028809,1.0103000402450562,0.9969000220298767,0.9973000288009644,1967.0
2022-10-28,0.9977999925613403,1.000499963760376,0.994350016117096,0.9965999722480774,1803.0
2022-10-31,0.996399998664856,0.9965999722480774,0.9886000156402588,0.9897500276565552,1211.0
2022-11-01,0.9893500208854675,0.9954500198364258,0.9868500232696533,0.9891999959945679,1270.0
2022-11-02,0.9890000224113464,0.9975000023841858,0.9824000000953674,0.9894499778747559,786.0
2022-11-03,0.9817000031471252,0.9829999804496765,0.974399983882904,0.975849986076355,1319.0
2022-11-04,0.9768499732017517,0.996999979019165,0.9768000245094299,0.9954000115394592,1318.0
2022-11-07,0.9930999875068665,1.003499984741211,0.9923499822616577,1.003100037574768,720.0
2022-11-08,1.0022499561309814,1.0092999935150146,0.9991000294685364,1.0077999830245972,846.0
2022-11-09,1.0058000087738037,1.0083500146865845,0.9998499751091003,1.0003000497817993,267.0
2022-11-10,1.0022000074386597,1.021649956703186,0.9940000176429749,1.0182000398635864,1866.0
2022-11-11,1.0179500579833984,1.0363500118255615,1.017449975013733,1.0363500118255615,4070.0
2022-11-14,1.0330499410629272,1.0330499410629272,1.0281000137329102,1.0330499410629272,221118.0
2022-11-15,1.0349500179290771,1.0508500337600708,1.0305500030517578,1.0390000343322754,356311.0
2022-11-16,1.0371999740600586,1.0463500022888184,1.035599946975708,1.041700005531311,243491.0
2022-11-17,1.0419000387191772,1.0428999662399292,1.0327500104904175,1.038699984550476,182882.0
2022-11-18,1.0388000011444092,1.0418000221252441,1.0335500240325928,1.034999966621399,148836.0
2022-11-21,1.0349500179290771,1.0354499816894531,1.0243500471115112,1.0260000228881836,146340.0
2022-11-22,1.0263500213623047,1.0327999591827393,1.0259499549865723,1.031499981880188,126878.0
2022-11-23,1.0322999954223633,1.0425000190734863,1.031599998474121,1.0420000553131104,176840.0
2022-11-25,1.0414999723434448,1.0465999841690063,1.0370999574661255,1.042199969291687,216841.0
2022-11-28,1.0395499467849731,1.0513499975204468,1.034600019454956,1.0354000329971313,220977.0
2022-11-29,1.035949945449829,1.0410000085830688,1.0334500074386597,1.0341999530792236,177718.0
2022-11-30,1.0345499515533447,1.0442999601364136,1.0304499864578247,1.0428500175476074,269790.0
2022-12-01,1.042099952697754,1.0548499822616577,1.0405499935150146,1.0531500577926636,262082.0
2022-12-02,1.0536999702453613,1.0556999444961548,1.0439499616622925,1.0547499656677246,248892.0
2022-12-05,1.054900050163269,1.0606000423431396,1.049149990081787,1.0504499673843384,221630.0
2022-12-06,1.0506999492645264,1.0543500185012817,1.0469499826431274,1.0473500490188599,168170.0
2022-12-07,1.0473500490188599,1.055999994277954,1.0452500581741333,1.0523500442504883,240041.0
2022-12-08,1.0516999959945679,1.0572999715805054,1.049649953842163,1.0567500591278076,175731.0
2022-12-09,1.0563499927520752,1.0595500469207764,1.0499999523162842,1.055299997329712,208338.0
2022-12-12,1.0542999505996704,1.058650016784668,1.051200032234192,1.052899956703186,245288.0
2022-12-13,1.0543999671936035,1.0679500102996826,1.0533000230789185,1.0642000436782837,450111.0
2022-12-14,1.0638999938964844,1.070099949836731,1.062000036239624,1.0669499635696411,559291.0
2022-12-15,1.0684499740600586,1.0738500356674194,1.0594500303268433,1.0631500482559204,437740.0
2022-12-16,1.0628000497817993,1.0664000511169434,1.058650016784668,1.0601500272750854,65403.0
2022-12-19,1.0589499473571777,1.0657000541687012,1.0582499504089355,1.0609500408172607,2199.0
2022-12-20,1.0635499954223633,1.0680500268936157,1.0605499744415283,1.064650058746338,1837.0
2022-12-21,1.0650500059127808,1.0667500495910645,1.0613499879837036,1.0636999607086182,769.0
2022-12-22,1.062849998474121,1.0674999952316284,1.0595500469207764,1.0614999532699585,1015.0
2022-12-23,1.0613499879837036,1.065500020980835,1.0608500242233276,1.0640499591827393,931.0
2022-12-27,1.0657999515533447,1.06850004196167,1.063349962234497,1.065999984741211,257.0
2022-12-28,1.065000057220459,1.0689500570297241,1.0625,1.063349962234497,626.0
2022-12-29,1.063599944114685,1.069599986076355,1.062849998474121,1.069000005722046,494.0
2022-12-30,1.0677000284194946,1.0720000267028809,1.06535005569458,1.0712000131607056,298.0
2023-01-03,1.0671000480651855,1.0687999725341797,1.0535000562667847,1.0576499700546265,1083.0
2023-01-04,1.0560499429702759,1.0636500120162964,1.0554499626159668,1.0614999532699585,755.0
2023-01-05,1.0612000226974487,1.063599944114685,1.0525000095367432,1.0536999702453613,648.0
2023-01-06,1.0528000593185425,1.06535005569458,1.0490000247955322,1.0652999877929688,801.0
2023-01-09,1.066499948501587,1.07669997215271,1.0663000345230103,1.075700044631958,2470.0
2023-01-10,1.0735000371932983,1.075700044631958,1.0714999437332153,1.0744999647140503,684.0
2023-01-11,1.0748000144958496,1.0775500535964966,1.0730500221252441,1.07669997215271,901.0
2023-01-12,1.075850009918213,1.0866999626159668,1.0744500160217285,1.0850000381469727,1622.0
2023-01-13,1.0868500471115112,1.0868500471115112,1.0786999464035034,1.0831999778747559,294.0
2023-01-17,1.085800051689148,1.0884499549865723,1.080899953842163,1.0813499689102173,856.0
2023-01-18,1.0804500579833984,1.0903500318527222,1.078950047492981,1.0815500020980835,255.0
2023-01-19,1.0800000429153442,1.0848499536514282,1.0800000429153442,1.0848499536514282,998.0
2023-01-20,1.0853500366210938,1.0873500108718872,1.0833499431610107,1.087049961090088,90.0
2023-01-23,1.0887000560760498,1.0934499502182007,1.0864499807357788,1.0873500108718872,409.0
2023-01-24,1.0888500213623047,1.0911999940872192,1.0852500200271606,1.089900016784668,252.0
2023-01-25,1.0901000499725342,1.0934499502182007,1.087249994277954,1.092900037765503,187.0
2023-01-26,1.0932999849319458,1.09375,1.086300015449524,1.0900499820709229,254.0
2023-01-27,1.090749979019165,1.0908499956130981,1.0850499868392944,1.0880500078201294,239.0
2023-01-30,1.087649941444397,1.0923000574111938,1.0850499868392944,1.0857000350952148,426.0
2023-01-31,1.0860999822616577,1.0883500576019287,1.0812000036239624,1.0872999429702759,478.0
2023-02-01,1.0867999792099,1.1013000011444092,1.0866999626159668,1.0986499786376953,1193.0
2023-02-02,1.1014000177383423,1.1031999588012695,1.0893499851226807,1.0914499759674072,557.0
2023-02-03,1.0902999639511108,1.0942000150680542,1.080199956893921,1.0809500217437744,601.0
2023-02-06,1.07955002784729,1.0800000429153442,1.0714999437332153,1.0729000568389893,437.0
2023-02-07,1.0737500190734863,1.0769000053405762,1.0684499740600586,1.072350025177002,717.0
2023-02-08,1.0734000205993652,1.076300024986267,1.0713499784469604,1.072700023651123,677.0
2023-02-09,1.0717999935150146,1.079200029373169,1.0714499950408936,1.0738999843597412,419.0
2023-02-10,1.073349952697754,1.0743999481201172,1.0666999816894531,1.0673999786376953,739.0
2023-02-13,1.0671499967575073,1.0703500509262085,1.0669499635696411,1.0703500509262085,143300.0
2023-02-14,1.0742499828338623,1.082450032234192,1.072450041770935,1.0756499767303467,274364.0
2023-02-15,1.0751500129699707,1.076200008392334,1.0677499771118164,1.0698000192642212,189147.0
2023-02-16,1.0702999830245972,1.0736500024795532,1.0667500495910645,1.070449948310852,188628.0
2023-02-17,1.068600058555603,1.0713000297546387,1.0626499652862549,1.0710999965667725,189740.0
2023-02-21,1.0706000328063965,1.0718499422073364,1.0650500059127808,1.0661499500274658,252448.0
2023-02-22,1.066499948501587,1.0676000118255615,1.0611000061035156,1.0612499713897705,164068.0
2023-02-23,1.061650037765503,1.0637999773025513,1.0586999654769897,1.0605499744415283,166113.0
2023-02-24,1.0605499744415283,1.062399983406067,1.054550051689148,1.0560499429702759,202417.0
2023-02-27,1.0553499460220337,1.0629500150680542,1.0542000532150269,1.0618000030517578,177211.0
2023-02-28,1.0616999864578247,1.0654000043869019,1.0583000183105469,1.0592000484466553,202147.0
2023-03-01,1.058899998664856,1.069949984550476,1.0573500394821167,1.0665500164031982,222729.0
2023-03-02,1.0677499771118164,1.0678999423980713,1.0582000017166138,1.05964994430542,198643.0
2023-03-03,1.0602500438690186,1.0643999576568604,1.0593500137329102,1.0640499591827393,184802.0
2023-03-06,1.0634499788284302,1.0699000358581543,1.0626499652862549,1.0679999589920044,217779.0
2023-03-07,1.0685499906539917,1.069849967956543,1.0549499988555908,1.0555000305175781,347159.0
2023-03-08,1.055299997329712,1.0577499866485596,1.0527499914169312,1.0549499988555908,648642.0
2023-03-09,1.054800033569336,1.059249997138977,1.0539499521255493,1.0577499866485596,398301.0
2023-03-10,1.0584499835968018,1.070199966430664,1.054900050163269,1.0643999576568604,162990.0
2023-03-13,1.0686999559402466,1.073699951171875,1.0654499530792236,1.0719499588012695,751.0
2023-03-14,1.075950026512146,1.0771499872207642,1.0707999467849731,1.0762499570846558,618.0
2023-03-15,1.075350046157837,1.0778000354766846,1.0540000200271606,1.0609999895095825,1375.0
2023-03-16,1.059149980545044,1.0651999711990356,1.0570000410079956,1.0631500482559204,839.0
2023-03-17,1.065600037574768,1.0700500011444092,1.063349962234497,1.0700500011444092,567.0
2023-03-20,1.0708999633789062,1.0748000144958496,1.065600037574768,1.074049949645996,1251.0
2023-03-21,1.073449969291687,1.0805000066757202,1.0721999406814575,1.0781500339508057,253.0
2023-03-22,1.0778499841690063,1.0922499895095825,1.0778000354766846,1.0898000001907349,137.0
2023-03-23,1.0887999534606934,1.0940500497817993,1.0842000246047974,1.0856499671936035,445.0
2023-03-24,1.0851000547409058,1.0851000547409058,1.073799967765808,1.0774500370025635,454.0
2023-03-27,1.0789999961853027,1.0812499523162842,1.0759999752044678,1.080899953842163,126.0
2023-03-28,1.0824999809265137,1.0857000350952148,1.0824999809265137,1.0856000185012817,115.0
2023-03-29,1.085800051689148,1.0880000591278076,1.0838500261306763,1.0856499671936035,170.0
2023-03-30,1.0855499505996704,1.0930500030517578,1.0844500064849854,1.0915000438690186,265.0
2023-03-31,1.0925500392913818,1.0925500392913818,1.0856000185012817,1.0864499807357788,184.0
2023-04-03,1.0832500457763672,1.0921000242233276,1.0801500082015991,1.0904500484466553,218.0
2023-04-04,1.08965003490448,1.0973999500274658,1.0894999504089355,1.0960999727249146,224.0
2023-04-05,1.0970499515533447,1.0970499515533447,1.0899499654769897,1.0914000272750854,119.0
2023-04-06,1.0903500318527222,1.0939500331878662,1.0891000032424927,1.0936000347137451,136.0
2023-04-10,1.0914499759674072,1.0918999910354614,1.08364999294281,1.086300015449524,53.0
2023-04-11,1.0870000123977661,1.093000054359436,1.0870000123977661,1.0910999774932861,1156.0
2023-04-12,1.0918999910354614,1.1002999544143677,1.0917500257492065,1.0997999906539917,1282.0
2023-04-13,1.0995500087738037,1.1067999601364136,1.0979000329971313,1.1049000024795532,809.0
2023-04-14,1.107100009918213,1.107200026512146,1.0973999500274658,1.0999000072479248,1099.0
2023-04-17,1.0987999439239502,1.0987999439239502,1.0924500226974487,1.0924500226974487,306.0
2023-04-18,1.0940500497817993,1.0999000072479248,1.0940500497817993,1.0988999605178833,67.0
2023-04-19,1.1000499725341797,1.1000499725341797,1.0937000513076782,1.0968999862670898,125.0
2023-04-20,1.097100019454956,1.0994499921798706,1.0953500270843506,1.0979499816894531,376.0
2023-04-21,1.0986000299453735,1.100250005722046,1.0951999425888062,1.0990500450134277,171.0
2023-04-24,1.099850058555603,1.1059999465942383,1.0988500118255615,1.1059999465942383,77.0
2023-04-25,1.1065000295639038,1.1077500581741333,1.097749948501587,1.0985000133514404,324.0
2023-04-26,1.0985499620437622,1.1101000308990479,1.0985499620437622,1.1051000356674194,1216.0
2023-04-27,1.1059000492095947,1.1066999435424805,1.1010500192642212,1.103600025177002,93.0
2023-04-28,1.1026999950408936,1.1050000190734863,1.0978000164031982,1.1026500463485718,65.0
2023-05-01,1.1002999544143677,1.101699948310852,1.0974500179290771,1.0979000329971313,6.0
2023-05-02,1.0989999771118164,1.1009000539779663,1.0953999757766724,1.1009000539779663,322.0
2023-05-03,1.1031500101089478,1.1092000007629395,1.1028499603271484,1.106850028038025,196.0
2023-05-04,1.1088000535964966,1.1092000007629395,1.1011500358581543,1.1021000146865845,77.0
2023-05-05,1.1017999649047852,1.1049000024795532,1.0976999998092651,1.1031500101089478,43.0
2023-05-08,1.1023999452590942,1.1053999662399292,1.1009999513626099,1.1009999513626099,180.0
2023-05-09,1.100000023841858,1.1002999544143677,1.0954999923706055,1.097000002861023,851.0
2023-05-10,1.0970499515533447,1.1006499528884888,1.0952999591827393,1.0979499816894531,112.0
2023-05-11,1.0966999530792236,1.0966999530792236,1.0904500484466553,1.0919500589370728,816.0
2023-05-12,1.0922499895095825,1.0927000045776367,1.0853999853134155,1.0853999853134155,752.0
2023-05-15,1.086300015449524,1.0880000591278076,1.086300015449524,1.0879499912261963,153258.0
2023-05-16,1.0896999835968018,1.0925999879837036,1.0875500440597534,1.0888999700546265,151791.0
2023-05-17,1.0883500576019287,1.089400053024292,1.0830999612808228,1.085800051689148,173545.0
2023-05-18,1.0859500169754028,1.086650013923645,1.0780999660491943,1.0785000324249268,166280.0
2023-05-19,1.0788500308990479,1.0847500562667847,1.0778000354766846,1.0825999975204468,211013.0
2023-05-22,1.0827000141143799,1.0848499536514282,1.0813000202178955,1.0836000442504883,162641.0
2023-05-23,1.0829499959945679,1.0836999416351318,1.0777000188827515,1.0792499780654907,204007.0
2023-05-24,1.0788500308990479,1.0817500352859497,1.076300024986267,1.0765999555587769,227412.0
2023-05-25,1.076550006866455,1.077049970626831,1.0721499919891357,1.0735000371932983,205617.0
2023-05-26,1.0740000009536743,1.0773999691009521,1.0715500116348267,1.0743499994277954,219134.0
2023-05-30,1.0738500356674194,1.075950026512146,1.06850004196167,1.073199987411499,259570.0
2023-05-31,1.0749000310897827,1.0749000310897827,1.0647000074386597,1.0685499906539917,281888.0
2023-06-01,1.0700500011444092,1.0778499841690063,1.0671499967575073,1.0771499872207642,228350.0
2023-06-02,1.0772500038146973,1.0787999629974365,1.0714000463485718,1.0720499753952026,205107.0
2023-06-05,1.0716500282287598,1.073099970817566,1.0682499408721924,1.0722500085830688,178742.0
2023-06-06,1.072100043296814,1.074049949645996,1.0674500465393066,1.070199966430664,191540.0
2023-06-07,1.070099949836731,1.0746999979019165,1.0675499439239502,1.0708999633789062,246296.0
2023-06-08,1.0705499649047852,1.0792499780654907,1.0702500343322754,1.0785000324249268,219446.0
2023-06-09,1.0787999629974365,1.0790499448776245,1.0747499465942383,1.0754499435424805,230751.0
2023-06-12,1.0752500295639038,1.079450011253357,1.0737500190734863,1.0759999752044678,349852.0
2023-06-13,1.0759999752044678,1.082800030708313,1.0759999752044678,1.0793499946594238,535272.0
2023-06-14,1.0793499946594238,1.0866999626159668,1.0777000188827515,1.0836999416351318,379669.0
2023-06-15,1.083299994468689,1.0953500270843506,1.0804500579833984,1.0951000452041626,102160.0
2023-06-16,1.0946999788284302,1.0968999862670898,1.0936000347137451,1.0942000150680542,1320.0
2023-06-20,1.0952999591827393,1.0959999561309814,1.0908499956130981,1.093250036239624,545.0
2023-06-21,1.093250036239624,1.1004999876022339,1.0921000242233276,1.0999499559402466,641.0
2023-06-22,1.100000023841858,1.1019500494003296,1.096500039100647,1.0971499681472778,727.0
2023-06-23,1.097100019454956,1.0971499681472778,1.0858500003814697,1.0903500318527222,962.0
2023-06-26,1.0911999940872192,1.093150019645691,1.090000033378601,1.0925999879837036,1049.0
2023-06-27,1.0916999578475952,1.0987000465393066,1.091599941253662,1.0970499515533447,375.0
2023-06-28,1.096750020980835,1.0970499515533447,1.090749979019165,1.0932999849319458,427.0
2023-06-29,1.0919500589370728,1.0947999954223633,1.0867999792099,1.0875500440597534,528.0
2023-06-30,1.0872000455856323,1.093850016593933,1.0843000411987305,1.0918500423431396,870.0
2023-07-03,1.091599941253662,1.0937999486923218,1.0877000093460083,1.0918500423431396,428.0
2023-07-05,1.0916500091552734,1.0916500091552734,1.0859500169754028,1.0859500169754028,489.0
2023-07-06,1.0852999687194824,1.0905499458312988,1.0838500261306763,1.0885499715805054,364.0
2023-07-07,1.08965003490448,1.0974500179290771,1.0872000455856323,1.0972000360488892,415.0
2023-07-10,1.097100019454956,1.100450038909912,1.0952999591827393,1.1002999544143677,525.0
2023-07-11,1.100600004196167,1.1026999950408936,1.0985000133514404,1.100250005722046,339.0
2023-07-12,1.1014000177383423,1.1143499612808228,1.1014000177383423,1.1140999794006348,874.0
2023-07-13,1.1137499809265137,1.1227999925613403,1.1135499477386475,1.1223499774932861,598.0
2023-07-14,1.1229499578475952,1.124250054359436,1.1207000017166138,1.1234500408172607,598.0
2023-07-17,1.1232000589370728,1.1246000528335571,1.1205999851226807,1.122499942779541,916.0
2023-07-18,1.1254500150680542,1.1286499500274658,1.1227999925613403,1.1243499517440796,523.0
2023-07-19,1.1246000528335571,1.125100016593933,1.1200000047683716,1.121649980545044,752.0
2023-07-20,1.1222000122070312,1.1240500211715698,1.113700032234192,1.1138999462127686,884.0
2023-07-21,1.114549994468689,1.115399956703186,1.1124500036239624,1.113700032234192,837.0
2023-07-24,1.1138999462127686,1.1153500080108643,1.107300043106079,1.1082500219345093,410.0
2023-07-25,1.107100009918213,1.1093499660491943,1.1038999557495117,1.1056499481201172,458.0
2023-07-26,1.1078499555587769,1.1113500595092773,1.1067999601364136,1.1113500595092773,197.0
2023-07-27,1.1106499433517456,1.1149499416351318,1.0975500345230103,1.0981500148773193,313.0
2023-07-28,1.0986000299453735,1.1050000190734863,1.0952999591827393,1.1031500101089478,336.0
2023-07-31,1.1026500463485718,1.105049967765808,1.100600004196167,1.100600004196167,134.0
2023-08-01,1.100600004196167,1.100600004196167,1.0963499546051025,1.0980000495910645,590.0
2023-08-02,1.1023000478744507,1.1023000478744507,1.0930999517440796,1.0949000120162964,52.0
2023-08-03,1.093150019645691,1.0964000225067139,1.0918999910354614,1.0947500467300415,76.0
2023-08-04,1.0947500467300415,1.1044000387191772,1.0940500497817993,1.1013000011444092,306.0
2023-08-07,1.1013000011444092,1.1014000177383423,1.0975500345230103,1.1009999513626099,153.0
2023-08-08,1.1004999876022339,1.1004999876022339,1.0939500331878662,1.096250057220459,1039.0
2023-08-09,1.0963499546051025,1.0990500450134277,1.0963499546051025,1.097749948501587,201.0
2023-08-10,1.0978000164031982,1.1063499450683594,1.0978000164031982,1.0992000102996826,1682.0
2023-08-11,1.0990999937057495,1.100100040435791,1.094349980354309,1.0951000452041626,1548.0
2023-08-14,1.094599962234497,1.0959500074386597,1.090000033378601,1.090000033378601,173926.0
2023-08-15,1.0923500061035156,1.0970499515533447,1.0914000272750854,1.0922000408172607,185079.0
2023-08-16,1.0921499729156494,1.0951000452041626,1.0888500213623047,1.089750051498413,135438.0
2023-08-17,1.0895999670028687,1.0934499502182007,1.087149977684021,1.087249994277954,156866.0
2023-08-18,1.0887999534606934,1.09089994430542,1.0859500169754028,1.0893000364303589,144221.0
2023-08-21,1.0888999700546265,1.092900037765503,1.0884000062942505,1.0913000106811523,120744.0
2023-08-22,1.0910999774932861,1.0944499969482422,1.0846500396728516,1.0865999460220337,195338.0
2023-08-23,1.0857499837875366,1.0885000228881836,1.0815500020980835,1.087249994277954,212948.0
2023-08-24,1.087649941444397,1.0888500213623047,1.0816500186920166,1.0820499658584595,154437.0
2023-08-25,1.0823999643325806,1.0852999687194824,1.0776499509811401,1.0818500518798828,231486.0
2023-08-28,1.0808500051498413,1.0832500457763672,1.080399990081787,1.082200050354004,112616.0
2023-08-29,1.0829999446868896,1.0901999473571777,1.079200029373169,1.0881999731063843,239560.0
2023-08-30,1.0888500213623047,1.0955499410629272,1.0864499807357788,1.0933500528335571,234282.0
2023-08-31,1.0937000513076782,1.0947500467300415,1.0842499732971191,1.0852500200271606,253955.0
2023-09-01,1.0850499868392944,1.0889500379562378,1.0779000520706177,1.0786000490188599,222120.0
2023-09-05,1.0781500339508057,1.0815500020980835,1.0712499618530273,1.0728000402450562,287431.0
2023-09-06,1.072849988937378,1.0755000114440918,1.0708500146865845,1.0731500387191772,220167.0
2023-09-07,1.0731500387191772,1.0736000537872314,1.0690499544143677,1.0699000358581543,183256.0
2023-09-08,1.069949984550476,1.0748000144958496,1.0698000192642212,1.0701500177383423,221189.0
2023-09-11,1.0717500448226929,1.076300024986267,1.0710999965667725,1.0748499631881714,223922.0
2023-09-12,1.0755000114440918,1.0772500038146973,1.0708500146865845,1.0735499858856201,332730.0
2023-09-13,1.076200008392334,1.0767500400543213,1.0713000297546387,1.0735000371932983,552945.0
2023-09-14,1.0729000568389893,1.075350046157837,1.063249945640564,1.063599944114685,385312.0
2023-09-15,1.0644500255584717,1.0687999725341797,1.063349962234497,1.0661499500274658,81682.0
2023-09-18,1.066349983215332,1.0676499605178833,1.0656499862670898,1.06659996509552,954.0
2023-09-19,1.0703500509262085,1.0729999542236328,1.0686500072479248,1.0689500570297241,771.0
2023-09-20,1.0693999528884888,1.0748499631881714,1.0661499500274658,1.069700002670288,386.0
2023-09-21,1.0666999816894531,1.0683000087738037,1.0628000497817993,1.067199945449829,801.0
2023-09-22,1.0669499635696411,1.0677499771118164,1.062600016593933,1.0657000541687012,436.0
2023-09-25,1.065850019454956,1.0661499500274658,1.058650016784668,1.0595999956130981,425.0
2023-09-26,1.0602500438690186,1.0616999864578247,1.0573999881744385,1.0575000047683716,710.0
2023-09-27,1.0583000183105469,1.0583000183105469,1.0498499870300293,1.0515999794006348,482.0
2023-09-28,1.0515999794006348,1.058500051498413,1.0498499870300293,1.0561000108718872,530.0
2023-09-29,1.0573500394821167,1.062250018119812,1.0571000576019287,1.05840003490448,370.0
2023-10-02,1.0569000244140625,1.059749960899353,1.0487500429153442,1.0498499870300293,1105.0
2023-10-03,1.048699975013733,1.049299955368042,1.045699954032898,1.0480999946594238,2562.0
2023-10-04,1.0453499555587769,1.0537999868392944,1.0453499555587769,1.0508500337600708,1007.0
2023-10-05,1.0508500337600708,1.0554499626159668,1.0505499839782715,1.0554499626159668,557.0
2023-10-06,1.0543500185012817,1.0601999759674072,1.0496000051498413,1.05964994430542,637.0
2023-10-09,1.0556999444961548,1.0574500560760498,1.0529999732971191,1.0566500425338745,4365.0
2023-10-10,1.057800054550171,1.062150001525879,1.056149959564209,1.0601500272750854,2012.0
2023-10-11,1.0606000423431396,1.063599944114685,1.0589499473571777,1.0608999729156494,5589.0
2023-10-12,1.0625,1.063249945640564,1.0527000427246094,1.0527000427246094,2823.0
2023-10-13,1.0544999837875366,1.0544999837875366,1.0500500202178955,1.051200032234192,2271.0
2023-10-16,1.052299976348877,1.0539000034332275,1.0517499446868896,1.0530500411987305,6424.0
2023-10-17,1.0568000078201294,1.0605499744415283,1.0547000169754028,1.0579999685287476,614.0
2023-10-18,1.0585999488830566,1.0600500106811523,1.0534000396728516,1.0546000003814697,733.0
2023-10-19,1.054800033569336,1.062250018119812,1.0542000532150269,1.0591000318527222,893.0
2023-10-20,1.059149980545044,1.0607500076293945,1.0575000047683716,1.0601500272750854,573.0
2023-10-23,1.0599000453948975,1.0684000253677368,1.0583000183105469,1.0684000253677368,546.0
2023-10-24,1.0678499937057495,1.0698000192642212,1.0592999458312988,1.0597000122070312,837.0
2023-10-25,1.0599000453948975,1.0613000392913818,1.0573500394821167,1.0574500560760498,939.0
2023-10-26,1.0573999881744385,1.0573999881744385,1.0534499883651733,1.0567500591278076,923.0
2023-10-27,1.0570000410079956,1.0601999759674072,1.0544999837875366,1.0573999881744385,1012.0
2023-10-30,1.0572999715805054,1.063099980354309,1.0554499626159668,1.062399983406067,1298.0
2023-10-31,1.0622999668121338,1.0676000118255615,1.056399941444397,1.058750033378601,807.0
2023-11-01,1.0582499504089355,1.0584499835968018,1.052150011062622,1.0547499656677246,737.0
2023-11-02,1.0604499578475952,1.0671000480651855,1.0599000453948975,1.0629500150680542,459.0
2023-11-03,1.0625499486923218,1.0744500160217285,1.0622999668121338,1.0739500522613525,1121.0
2023-11-06,1.073199987411499,1.0755499601364136,1.0726499557495117,1.0727499723434448,661.0
2023-11-07,1.0721499919891357,1.0721499919891357,1.0669499635696411,1.0698000192642212,870.0
2023-11-08,1.0691499710083008,1.0714999437332153,1.0661499500274658,1.0703500509262085,734.0
2023-11-09,1.0705499649047852,1.0719499588012695,1.0663000345230103,1.0667999982833862,645.0
2023-11-10,1.0669000148773193,1.0693000555038452,1.0665500164031982,1.0680500268936157,1523.0
2023-11-13,1.0692499876022339,1.0694500207901,1.066499948501587,1.0678499937057495,138511.0
2023-11-14,1.0713000297546387,1.0901999473571777,1.0672500133514404,1.08965003490448,316911.0
2023-11-15,1.0892000198364258,1.0901000499725342,1.0845999717712402,1.086050033569336,250800.0
2023-11-16,1.086300015449524,1.0908499956130981,1.0843499898910522,1.0868500471115112,198247.0
2023-11-17,1.0865999460220337,1.0930999517440796,1.0837500095367432,1.0913000106811523,179310.0
2023-11-20,1.0923500061035156,1.0964499711990356,1.0909500122070312,1.0958499908447266,184807.0
2023-11-21,1.0953500270843506,1.0976500511169434,1.0911500453948975,1.0927000045776367,195692.0
2023-11-22,1.0922000408172607,1.0934499502182007,1.086400032043457,1.0895500183105469,233355.0
2023-11-24,1.0898499488830566,1.0955499410629272,1.0892499685287476,1.0950499773025513,198786.0
2023-11-27,1.0954500436782837,1.096850037574768,1.0934499502182007,1.0965499877929688,155442.0
2023-11-28,1.0964000225067139,1.1017999649047852,1.094349980354309,1.1000499725341797,211866.0
2023-11-29,1.1002000570297241,1.1024999618530273,1.096850037574768,1.0991499423980713,228819.0
2023-11-30,1.09784996509552,1.0990999937057495,1.0886000394821167,1.0896999835968018,299314.0
2023-12-01,1.0896999835968018,1.0919500589370728,1.0835000276565552,1.0879000425338745,268007.0
2023-12-04,1.089050054550171,1.0901000499725342,1.0809500217437744,1.083400011062622,245698.0
2023-12-05,1.083899974822998,1.0852999687194824,1.0784000158309937,1.078950047492981,246654.0
2023-12-06,1.080199956893921,1.0809500217437744,1.0763499736785889,1.077299952507019,192859.0
2023-12-07,1.0771000385284424,1.0821499824523926,1.0758999586105347,1.080199956893921,198814.0
2023-12-08,1.0798499584197998,1.0803500413894653,1.072700023651123,1.076200008392334,230789.0
2023-12-11,1.0765000581741333,1.0781999826431274,1.0744500160217285,1.076449990272522,247842.0
2023-12-12,1.076799988746643,1.0832500457763672,1.0763499736785889,1.0792499780654907,385335.0
2023-12-13,1.079699993133545,1.089900016784668,1.0774999856948853,1.0889999866485596,542261.0
2023-12-14,1.087649941444397,1.1010500192642212,1.087649941444397,1.0993000268936157,388462.0
2023-12-15,1.0994000434875488,1.100450038909912,1.0888500213623047,1.0899499654769897,78956.0
2023-12-18,1.0894999504089355,1.0930500030517578,1.0893000364303589,1.0918999910354614,534.0
2023-12-19,1.093850016593933,1.100000023841858,1.0930500030517578,1.0989500284194946,950.0
2023-12-20,1.0992499589920044,1.0993499755859375,1.0943000316619873,1.0958000421524048,851.0
2023-12-21,1.0952500104904175,1.1015000343322754,1.0946500301361084,1.1010500192642212,1163.0
2023-12-22,1.1018999814987183,1.105049967765808,1.1005500555038452,1.1025999784469604,1119.0
2023-12-26,1.1026500463485718,1.1054999828338623,1.1021499633789062,1.1054999828338623,130.0
2023-12-27,1.1053500175476074,1.1129499673843384,1.1042499542236328,1.1109999418258667,412.0
2023-12-28,1.1119500398635864,1.1139999628067017,1.1062500476837158,1.107100009918213,896.0
2023-12-29,1.1073499917984009,1.1085000038146973,1.104200005531311,1.104599952697754,484.0
2024-01-02,1.104449987411499,1.104599952697754,1.094599962234497,1.0951499938964844,523.0
2024-01-03,1.0952999591827393,1.096750020980835,1.0900499820709229,1.0922000408172607,402.0
2024-01-04,1.092900037765503,1.0972000360488892,1.0924999713897705,1.0951499938964844,458.0
2024-01-05,1.0947500467300415,1.0992499589920044,1.0874500274658203,1.0949000120162964,733.0
2024-01-08,1.0944000482559204,1.098099946975708,1.0927000045776367,1.0964499711990356,375.0
2024-01-09,1.0952500104904175,1.0963499546051025,1.0916500091552734,1.0927499532699585,549.0
2024-01-10,1.093649983406067,1.097499966621399,1.0927499532699585,1.0973000526428223,1336.0
2024-01-11,1.0979499816894531,1.0989500284194946,1.093400001525879,1.0982500314712524,1047.0
2024-01-12,1.0980499982833862,1.0986499786376953,1.0937999486923218,1.0986499786376953,171.0
2024-01-16,1.0959999561309814,1.098099946975708,1.087649941444397,1.0887999534606934,825.0
2024-01-17,1.0892000198364258,1.0898499488830566,1.086050033569336,1.0888999700546265,226.0
2024-01-18,1.0896999835968018,1.0919500589370728,1.0860999822616577,1.087499976158142,288.0
2024-01-19,1.0892000198364258,1.0911500453948975,1.0879499912261963,1.090499997138977,246.0
2024-01-22,1.0905499458312988,1.0920000076293945,1.0893000364303589,1.08965003490448,262.0
2024-01-23,1.0891499519348145,1.092650055885315,1.083400011062622,1.0856499671936035,1007.0
2024-01-24,1.086899995803833,1.093999981880188,1.0864499807357788,1.0899499654769897,329.0
2024-01-25,1.08965003490448,1.0911999940872192,1.0835000276565552,1.0845999717712402,256.0
2024-01-26,1.0854500532150269,1.0891499519348145,1.0822999477386475,1.0867999792099,273.0
2024-01-29,1.0851999521255493,1.0858500003814697,1.0806000232696533,1.0827499628067017,351.0
2024-01-30,1.0843499898910522,1.0865000486373901,1.0821499824523926,1.0853999853134155,280.0
2024-01-31,1.0852999687194824,1.0894999504089355,1.0805000066757202,1.0847500562667847,895.0
2024-02-01,1.0822999477386475,1.0881500244140625,1.0787999629974365,1.0879000425338745,695.0
2024-02-02,1.0880000591278076,1.0903500318527222,1.0787999629974365,1.0798499584197998,299.0
2024-02-05,1.0793999433517456,1.0793999433517456,1.0730500221252441,1.0748499631881714,1119.0
2024-02-06,1.0748000144958496,1.0767500400543213,1.0728000402450562,1.0755000114440918,492.0
2024-02-07,1.0761499404907227,1.0786999464035034,1.0760999917984009,1.0777000188827515,581.0
2024-02-08,1.0779500007629395,1.079200029373169,1.0746999979019165,1.0778499841690063,736.0
2024-02-09,1.0779500007629395,1.0798499584197998,1.0767500400543213,1.0785499811172485,854.0
2024-02-12,1.07955002784729,1.0807499885559082,1.076050043106079,1.0771499872207642,542.0
2024-02-13,1.0774999856948853,1.07955002784729,1.0703500509262085,1.0703500509262085,1320.0
2024-02-14,1.0717500448226929,1.0734000205993652,1.070099949836731,1.0729999542236328,700.0
2024-02-15,1.0735000371932983,1.0782500505447388,1.0729999542236328,1.076949954032898,1961.0
2024-02-16,1.0767500400543213,1.0774999856948853,1.0743499994277954,1.0770000219345093,198486.0
2024-02-20,1.078950047492981,1.0850499868392944,1.077299952507019,1.0817999839782715,337055.0
2024-02-21,1.082200050354004,1.083549976348877,1.0801000595092773,1.082800030708313,161716.0
2024-02-22,1.0830999612808228,1.089900016784668,1.0812499523162842,1.0831999778747559,272260.0
2024-02-23,1.0831999778747559,1.0849000215530396,1.0821499824523926,1.083299994468689,168902.0
2024-02-26,1.0830999612808228,1.086899995803833,1.082200050354004,1.0855499505996704,149888.0
2024-02-27,1.086050033569336,1.0874500274658203,1.084149956703186,1.0853500366210938,171507.0
2024-02-28,1.0852500200271606,1.0853999853134155,1.0804500579833984,1.0842000246047974,185902.0
2024-02-29,1.0845500230789185,1.086300015449524,1.0802500247955322,1.080899953842163,274847.0
2024-03-01,1.0810999870300293,1.0850000381469727,1.080399990081787,1.0848000049591064,223251.0
2024-03-04,1.0848499536514282,1.087249994277954,1.0843499898910522,1.0861999988555908,152041.0
2024-03-05,1.0863499641418457,1.0881999731063843,1.0844999551773071,1.0858500003814697,159822.0
2024-03-06,1.0861999988555908,1.0920499563217163,1.0846999883651733,1.0901999473571777,199566.0
2024-03-07,1.090149998664856,1.0952999591827393,1.087149977684021,1.0951000452041626,266168.0
2024-03-08,1.0952500104904175,1.0985000133514404,1.0921499729156494,1.0945500135421753,283408.0
2024-03-11,1.094249963760376,1.0951499938964844,1.0916999578475952,1.0927499532699585,232151.0
2024-03-12,1.0927499532699585,1.0946500301361084,1.0904500484466553,1.0927000045776367,343086.0
2024-03-13,1.0928000211715698,1.09660005569458,1.0922000408172607,1.0953500270843506,537276.0
2024-03-14,1.0950000286102295,1.0956000089645386,1.0881500244140625,1.0886000394821167,340888.0
2024-03-15,1.0887500047683716,1.090000033378601,1.0873500108718872,1.089050054550171,67749.0
2024-03-18,1.0889999866485596,1.0904500484466553,1.0882500410079956,1.0891000032424927,344.0
2024-03-19,1.0884000062942505,1.0887500047683716,1.0846500396728516,1.0874500274658203,525.0
2024-03-20,1.0875500440597534,1.0933500528335571,1.0848499536514282,1.092650055885315,844.0
2024-03-21,1.093999981880188,1.0952500104904175,1.086549997329712,1.087249994277954,1011.0
2024-03-22,1.0870000123977661,1.087649941444397,1.0811500549316406,1.0813499689102173,1175.0
2024-03-25,1.0815000534057617,1.0851500034332275,1.0812000036239624,1.0844500064849854,944.0
2024-03-26,1.0846999883651733,1.087249994277954,1.0834499597549438,1.0841000080108643,933.0
2024-03-27,1.0838500261306763,1.0844999551773071,1.0817999839782715,1.0828499794006348,535.0
2024-03-28,1.0830999612808228,1.0830999612808228,1.0780999660491943,1.079300045967102,960.0
2024-04-01,1.0788999795913696,1.0803500413894653,1.0737500190734863,1.0742499828338623,1133.0
2024-04-02,1.0747499465942383,1.0782999992370605,1.073099970817566,1.0769000053405762,764.0
2024-04-03,1.0775500535964966,1.084149956703186,1.076949954032898,1.0839999914169312,517.0
2024-04-04,1.0840500593185425,1.0880000591278076,1.0837500095367432,1.0853999853134155,1383.0
2024-04-05,1.0842000246047974,1.0847500562667847,1.079949975013733,1.083799958229065,422.0
2024-04-08,1.0841000080108643,1.0862499475479126,1.0824999809265137,1.0859999656677246,528.0
2024-04-09,1.0863499641418457,1.0887000560760498,1.0850499868392944,1.0855499505996704,753.0
2024-04-10,1.0860999822616577,1.0867999792099,1.0730500221252441,1.073799967765808,465.0
2024-04-11,1.0742000341415405,1.075700044631958,1.070099949836731,1.0726499557495117,1101.0
2024-04-12,1.0725500583648682,1.0727499723434448,1.0627000331878662,1.0639499425888062,892.0
2024-04-15,1.0639499425888062,1.0661499500274658,1.0615999698638916,1.0631500482559204,734.0
2024-04-16,1.0637500286102295,1.0664499998092651,1.061400055885315,1.0642000436782837,1037.0
2024-04-17,1.0628999471664429,1.0689500570297241,1.0621999502182007,1.0680999755859375,855.0
2024-04-18,1.0683000087738037,1.0699000358581543,1.065250039100647,1.0654499530792236,663.0
2024-04-19,1.0651999711990356,1.0685499906539917,1.062150001525879,1.0659500360488892,675.0
2024-04-22,1.0666500329971313,1.0679500102996826,1.0633000135421753,1.0667500495910645,371.0
2024-04-23,1.066249966621399,1.0720000267028809,1.0648000240325928,1.0712000131607056,1434.0
2024-04-24,1.0713000297546387,1.0720000267028809,1.068750023841858,1.070099949836731,830.0
2024-04-25,1.0706000328063965,1.0746500492095947,1.0686999559402466,1.073449969291687,986.0
2024-04-26,1.0736500024795532,1.0755000114440918,1.0681999921798706,1.0712000131607056,570.0
2024-04-29,1.069949984550476,1.0738500356674194,1.069599986076355,1.0729999542236328,165.0
2024-04-30,1.0723999738693237,1.073699951171875,1.0677000284194946,1.0682499408721924,390.0
2024-05-01,1.0673500299453735,1.073699951171875,1.0656499862670898,1.0732500553131104,906.0
2024-05-02,1.0720000267028809,1.0734000205993652,1.0678999423980713,1.0734000205993652,334.0
2024-05-03,1.0732500553131104,1.0815500020980835,1.0732500553131104,1.077049970626831,1051.0
2024-05-06,1.07669997215271,1.079300045967102,1.0764000415802002,1.0778000354766846,241.0
2024-05-07,1.0769000053405762,1.0789999961853027,1.0751999616622925,1.075350046157837,393.0
2024-05-08,1.0750499963760376,1.0755499601364136,1.0738999843597412,1.0747499465942383,580.0
2024-05-09,1.0749000310897827,1.0785000324249268,1.0727499723434448,1.0782500505447388,594.0
2024-05-10,1.0785000324249268,1.0789999961853027,1.076300024986267,1.0773999691009521,1304.0
2024-05-13,1.077049970626831,1.0801000595092773,1.077049970626831,1.0801000595092773,133042.0
2024-05-14,1.0807000398635864,1.084149956703186,1.0780500173568726,1.083549976348877,199348.0
2024-05-15,1.083400011062622,1.090149998664856,1.0828499794006348,1.0893499851226807,233825.0
2024-05-16,1.0899499654769897,1.0909500122070312,1.0867999792099,1.0885000228881836,189968.0
2024-05-17,1.0881500244140625,1.0892000198364258,1.0849499702453613,1.0888999700546265,162932.0
2024-05-20,1.0882500410079956,1.089750051498413,1.0866999626159668,1.0878000259399414,130461.0
2024-05-21,1.087149977684021,1.0887500047683716,1.0855499505996704,1.0865000486373901,142312.0
2024-05-22,1.0867999792099,1.0875999927520752,1.0829499959945679,1.083400011062622,173233.0
2024-05-23,1.0836999416351318,1.0872000455856323,1.0815000534057617,1.0815500020980835,211289.0
2024-05-24,1.0824999809265137,1.0868500471115112,1.0815999507904053,1.086050033569336,144020.0
2024-05-28,1.0858500003814697,1.089900016784668,1.0851000547409058,1.0868500471115112,254031.0
2024-05-29,1.0867999792099,1.087149977684021,1.080899953842163,1.0815500020980835,254908.0
2024-05-30,1.0812000036239624,1.0852999687194824,1.0795999765396118,1.0844500064849854,223036.0
2024-05-31,1.0839999914169312,1.0889999866485596,1.0817999839782715,1.0850000381469727,273138.0
2024-06-03,1.0857499837875366,1.091249942779541,1.0834499597549438,1.0904500484466553,245034.0
2024-06-04,1.0911999940872192,1.0923000574111938,1.086549997329712,1.0888999700546265,266646.0
2024-06-05,1.0885000228881836,1.0898000001907349,1.086050033569336,1.0881500244140625,211115.0
2024-06-06,1.087399959564209,1.090749979019165,1.086650013923645,1.0898499488830566,207696.0
2024-06-07,1.0895500183105469,1.0918999910354614,1.0803500413894653,1.0809999704360962,295885.0
2024-06-10,1.0774500370025635,1.0785499811172485,1.0736500024795532,1.0765999555587769,327799.0
2024-06-11,1.076799988746643,1.0777000188827515,1.0722999572753906,1.0746500492095947,417297.0
2024-06-12,1.0743000507354736,1.0855499505996704,1.0737500190734863,1.0816999673843384,569877.0
2024-06-13,1.0814000368118286,1.0817999839782715,1.073449969291687,1.0741000175476074,368141.0
2024-06-14,1.073799967765808,1.0745500326156616,1.0667999982833862,1.069949984550476,100280.0
2024-06-17,1.0703999996185303,1.0719000101089478,1.0686999559402466,1.0714499950408936,834.0
2024-06-18,1.0743499994277954,1.0774999856948853,1.0724999904632568,1.075350046157837,1362.0
2024-06-20,1.075350046157837,1.0766500234603882,1.0713499784469604,1.0722500085830688,2015.0
2024-06-21,1.0713499784469604,1.0729999542236328,1.0683499574661255,1.0706000328063965,1044.0
2024-06-24,1.0703999996185303,1.075600028038025,1.0694999694824219,1.0746500492095947,1149.0
2024-06-25,1.0744999647140503,1.0752999782562256,1.0700500011444092,1.07260000705719,931.0
2024-06-26,1.0720499753952026,1.0724999904632568,1.0675499439239502,1.068850040435791,548.0
2024-06-27,1.0686999559402466,1.0730500221252441,1.068600058555603,1.0713000297546387,664.0
2024-06-28,1.0709500312805176,1.073099970817566,1.0693999528884888,1.0719499588012695,402.0
2024-07-01,1.0733000040054321,1.0781500339508057,1.0727499723434448,1.0736500024795532,1771.0
2024-07-02,1.0750999450683594,1.0751999616622925,1.0719000101089478,1.0748499631881714,718.0
2024-07-03,1.0753999948501587,1.0818500518798828,1.0743499994277954,1.0785499811172485,877.0
2024-07-05,1.0792499780654907,1.0844999551773071,1.0791000127792358,1.0841000080108643,1030.0
2024-07-08,1.0830999612808228,1.0848499536514282,1.0818500518798828,1.082900047302246,688.0
2024-07-09,1.0828499794006348,1.0832500457763672,1.080899953842163,1.0815999507904053,124.0
2024-07-10,1.0815999507904053,1.0832500457763672,1.0815999507904053,1.0827499628067017,427.0
2024-07-11,1.083299994468689,1.090000033378601,1.083299994468689,1.0869499444961548,490.0
2024-07-12,1.0864499807357788,1.0908000469207764,1.086400032043457,1.0907000303268433,1758.0
2024-07-15,1.0887500047683716,1.091599941253662,1.0886000394821167,1.091599941253662,648.0
2024-07-16,1.0910500288009644,1.0920000076293945,1.0893000364303589,1.0914000272750854,146.0
2024-07-17,1.091599941253662,1.096250057220459,1.091249942779541,1.0953999757766724,515.0
2024-07-18,1.0950499773025513,1.0951999425888062,1.0909500122070312,1.0915000438690186,400.0
2024-07-19,1.091249942779541,1.0913000106811523,1.089400053024292,1.089400053024292,237.0
2024-07-22,1.0901999473571777,1.0916999578475952,1.0891000032424927,1.090399980545044,231.0
2024-07-23,1.090649962425232,1.090649962425232,1.0857499837875366,1.0865999460220337,261.0
2024-07-24,1.0860999822616577,1.0879499912261963,1.084149956703186,1.0850499868392944,261.0
2024-07-25,1.0852999687194824,1.087649941444397,1.0844000577926636,1.0859500169754028,545.0
2024-07-26,1.0856000185012817,1.087649941444397,1.0856000185012817,1.0867999792099,296.0
2024-07-29,1.0867500305175781,1.0875500440597534,1.0814000368118286,1.0832500457763672,352.0
2024-07-30,1.0829499959945679,1.0842000246047974,1.080899953842163,1.0821000337600708,845.0
2024-07-31,1.082800030708313,1.0859999656677246,1.0815500020980835,1.083549976348877,1213.0
2024-08-01,1.0834499597549438,1.0839500427246094,1.0787500143051147,1.0792499780654907,378.0
2024-08-02,1.0799000263214111,1.0931999683380127,1.079300045967102,1.0920499563217163,1333.0
2024-08-05,1.0927000045776367,1.1015000343322754,1.090000033378601,1.0958000421524048,2035.0
2024-08-06,1.0966999530792236,1.0966999530792236,1.0911500453948975,1.0934499502182007,324.0
2024-08-07,1.0935499668121338,1.0942000150680542,1.091249942779541,1.0928000211715698,147.0
2024-08-08,1.0928000211715698,1.0947999954223633,1.0887999534606934,1.0923000574111938,168.0
2024-08-09,1.0918999910354614,1.0934499502182007,1.091599941253662,1.0923999547958374,66.0
2024-08-12,1.0916999578475952,1.0937000513076782,1.0916999578475952,1.0934499502182007,1100.0
2024-08-13,1.0938999652862549,1.100250005722046,1.0920000076293945,1.100250005722046,1135.0
2024-08-14,1.0994999408721924,1.104699969291687,1.0994000434875488,1.1018999814987183,314.0
2024-08-15,1.1015000343322754,1.1015000343322754,1.0953999757766724,1.0979000329971313,1819.0
2024-08-16,1.0981500148773193,1.1023999452590942,1.0980000495910645,1.1021000146865845,1346.0
2024-08-19,1.1031500101089478,1.1053999662399292,1.1031500101089478,1.1053999662399292,179877.0
2024-08-20,1.1100000143051147,1.1145000457763672,1.108549952507019,1.1134999990463257,182037.0
2024-08-21,1.114150047302246,1.118749976158142,1.111299991607666,1.1174999475479126,232250.0
2024-08-22,1.1161999702453613,1.1189500093460083,1.1109999418258667,1.1122499704360962,201295.0
2024-08-23,1.1124000549316406,1.121250033378601,1.1117000579833984,1.1198999881744385,250831.0
2024-08-26,1.1202499866485596,1.121250033378601,1.1160500049591064,1.1174499988555908,167327.0
2024-08-27,1.1169999837875366,1.1201000213623047,1.1159499883651733,1.1196500062942505,146141.0
2024-08-28,1.1193499565124512,1.1195499897003174,1.111449956893921,1.1125500202178955,215724.0
2024-08-29,1.1127500534057617,1.1147500276565552,1.1063499450683594,1.1086499691009521,207561.0
2024-08-30,1.1085000038146973,1.1102999448776245,1.1051000356674194,1.1059499979019165,198316.0
2024-09-03,1.1053999662399292,1.1085000038146973,1.1032999753952026,1.1045000553131104,270277.0
2024-09-04,1.105049967765808,1.1101499795913696,1.1045000553131104,1.108199954032898,184659.0
2024-09-05,1.1088500022888184,1.1125500202178955,1.1079000234603882,1.1108499765396118,193325.0
2024-09-06,1.1115000247955322,1.1159499883651733,1.106950044631958,1.1090500354766846,299028.0
2024-09-09,1.1089500188827515,1.1095000505447388,1.103700041770935,1.104699969291687,299028.0
2024-09-10,1.1038999557495117,1.105299949645996,1.1017999649047852,1.1027499437332153,357444.0
2024-09-11,1.1021499633789062,1.1057499647140503,1.100450038909912,1.1021000146865845,504119.0
2024-09-12,1.1015000343322754,1.1076500415802002,1.1006499528884888,1.1062500476837158,325342.0
2024-09-13,1.107550024986267,1.1102499961853027,1.107100009918213,1.1078499555587769,69668.0
2024-09-16,1.107699990272522,1.1137499809265137,1.1076500415802002,1.1126500368118286,1394.0
2024-09-17,1.113700032234192,1.1158000230789185,1.1123499870300293,1.1136000156402588,964.0
2024-09-18,1.1133999824523926,1.1200000047683716,1.1113500595092773,1.1160000562667847,1018.0
2024-09-19,1.1131000518798828,1.1188499927520752,1.1079000234603882,1.1175999641418457,1416.0
2024-09-20,1.1168999671936035,1.1190999746322632,1.1150000095367432,1.1174999475479126,652.0
2024-09-23,1.1167500019073486,1.117400050163269,1.1093000173568726,1.1125999689102173,1426.0
2024-09-24,1.1122499704360962,1.1185499429702759,1.111449956893921,1.117550015449524,2040.0
2024-09-25,1.118749976158142,1.121999979019165,1.1133500337600708,1.1141999959945679,533.0
2024-09-26,1.1139999628067017,1.1194000244140625,1.113450050354004,1.118649959564209,868.0
2024-09-27,1.1182500123977661,1.1205500364303589,1.1132999658584595,1.117400050163269,846.0
2024-09-30,1.1203999519348145,1.1212999820709229,1.1122000217437744,1.1138999462127686,898.0
2024-10-01,1.114050030708313,1.1147500276565552,1.1052500009536743,1.107699990272522,1105.0
2024-10-02,1.1074999570846558,1.1086499691009521,1.1038999557495117,1.104349970817566,488.0
2024-10-03,1.1051499843597412,1.1051499843597412,1.101449966430664,1.1029499769210815,1182.0
2024-10-04,1.1035499572753906,1.1042499542236328,1.0956000089645386,1.097599983215332,674.0
2024-10-07,1.0973000526428223,1.0989500284194946,1.0958499908447266,1.097249984741211,622.0
2024-10-08,1.0983999967575073,1.0994999408721924,1.09660005569458,1.097499966621399,777.0
2024-10-09,1.0982500314712524,1.0982500314712524,1.0938999652862549,1.0938999652862549,1111.0
2024-10-10,1.0943000316619873,1.0956000089645386,1.0904500484466553,1.0923000574111938,1313.0
2024-10-11,1.093500018119812,1.0950000286102295,1.0925999879837036,1.0943000316619873,299.0
2024-10-14,1.0951000452041626,1.0951000452041626,1.0907000303268433,1.0913000106811523,235.0
2024-10-15,1.0924500226974487,1.0930500030517578,1.089900016784668,1.0902999639511108,708.0
2024-10-16,1.0903500318527222,1.0913499593734741,1.0871000289916992,1.0871000289916992,518.0
2024-10-17,1.0872999429702759,1.0882500410079956,1.082550048828125,1.0839500427246094,683.0
2024-10-18,1.0842499732971191,1.0882999897003174,1.0842000246047974,1.0879499912261963,414.0
2024-10-21,1.0881999731063843,1.0882999897003174,1.082450032234192,1.082450032234192,674.0
2024-10-22,1.083050012588501,1.0844999551773071,1.0806000232696533,1.0812499523162842,434.0
2024-10-23,1.0809999704360962,1.0815999507904053,1.0773999691009521,1.079300045967102,1427.0
2024-10-24,1.0793999433517456,1.0839999914169312,1.0782500505447388,1.0833499431610107,888.0
2024-10-25,1.0833499431610107,1.0849499702453613,1.080399990081787,1.0813499689102173,996.0
2024-10-28,1.080049991607666,1.0837500095367432,1.079300045967102,1.0821499824523926,893.0
2024-10-29,1.0827000141143799,1.0831999778747559,1.0779500007629395,1.0822999477386475,828.0
2024-10-30,1.0825999975204468,1.0879000425338745,1.0820000171661377,1.0878499746322632,782.0
2024-10-31,1.0860999822616577,1.0892499685287476,1.0851500034332275,1.0878000259399414,772.0
2024-11-01,1.0889500379562378,1.090999960899353,1.0838500261306763,1.0845500230789185,1073.0
2024-11-04,1.0859999656677246,1.0919500589370728,1.0859999656677246,1.0885000228881836,613.0
2024-11-05,1.0879499912261963,1.093999981880188,1.0879499912261963,1.09375,707.0
2024-11-06,1.0924500226974487,1.0937999486923218,1.0689500570297241,1.0740000009536743,1805.0
2024-11-07,1.0738999843597412,1.082800030708313,1.0719000101089478,1.0786999464035034,1105.0
2024-11-08,1.0799000263214111,1.080049991607666,1.069000005722046,1.0716999769210815,476.0
2024-11-11,1.0714499950408936,1.0730500221252441,1.0641000270843506,1.0654000043869019,564.0
2024-11-12,1.066499948501587,1.066499948501587,1.0599499940872192,1.0615500211715698,348.0
2024-11-13,1.0622999668121338,1.0654000043869019,1.0558500289916992,1.0567500591278076,1358.0
2024-11-14,1.0564500093460083,1.0580999851226807,1.0498499870300293,1.0548499822616577,1356.0
2024-11-15,1.0528000593185425,1.0589499473571777,1.0524499416351318,1.0537999868392944,445.0
2024-11-18,1.0534499883651733,1.0569499731063843,1.0534499883651733,1.0569499731063843,171990.0
2024-11-19,1.0611499547958374,1.0612499713897705,1.0534499883651733,1.0605000257492065,218122.0
2024-11-20,1.0607999563217163,1.0620499849319458,1.0517499446868896,1.055050015449524,176136.0
2024-11-21,1.0553499460220337,1.0564500093460083,1.0471500158309937,1.049399971961975,225906.0
2024-11-22,1.0484000444412231,1.0508500337600708,1.0340499877929688,1.0420000553131104,323358.0
2024-11-25,1.0460000038146973,1.0539499521255493,1.0450999736785889,1.0513999462127686,267465.0
2024-11-26,1.0503000020980835,1.0552500486373901,1.0433000326156616,1.0481499433517456,277339.0
2024-11-27,1.0497000217437744,1.0595999956130981,1.0482499599456787,1.0570499897003174,266738.0
2024-11-29,1.0573999881744385,1.0602999925613403,1.0534499883651733,1.0573500394821167,244649.0
2024-12-02,1.0575000047683716,1.0575000047683716,1.0466500520706177,1.0495500564575195,271419.0
2024-12-03,1.0503499507904053,1.0540499687194824,1.0485999584197998,1.0509999990463257,203141.0
2024-12-04,1.0514999628067017,1.054900050163269,1.047700047492981,1.051900029182434,242263.0
2024-12-05,1.0514500141143799,1.0593500137329102,1.0511499643325806,1.059149980545044,218391.0
2024-12-06,1.059000015258789,1.063349962234497,1.054550051689148,1.0557500123977661,269946.0
2024-12-09,1.0565500259399414,1.059749960899353,1.0535000562667847,1.0557500123977661,263171.0
2024-12-10,1.055899977684021,1.0570499897003174,1.0500999689102173,1.052899956703186,404294.0
2024-12-11,1.052899956703186,1.0541499853134155,1.048200011253357,1.0493500232696533,447931.0
2024-12-12,1.0499000549316406,1.0531500577926636,1.0464500188827515,1.0473500490188599,376701.0
2024-12-13,1.0467499494552612,1.0524499416351318,1.0453499555587769,1.0494500398635864,88340.0
2024-12-16,1.0496000051498413,1.0524499416351318,1.0476000308990479,1.049149990081787,666.0
2024-12-17,1.052299976348877,1.0547000169754028,1.0492500066757202,1.0500999689102173,2004.0
2024-12-18,1.0505000352859497,1.0522500276565552,1.0356999635696411,1.038849949836731,1578.0
2024-12-19,1.0368000268936157,1.0430500507354736,1.0358500480651855,1.03725004196167,708.0
2024-12-20,1.0371999740600586,1.0457500219345093,1.0357999801635742,1.04544997215271,996.0
2024-12-23,1.0440000295639038,1.0452500581741333,1.0394500494003296,1.042099952697754,852.0
2024-12-24,1.0415500402450562,1.0416500568389893,1.0392500162124634,1.0397000312805176,484.0
2024-12-26,1.0408999919891357,1.0437500476837158,1.0398499965667725,1.0426499843597412,414.0
2024-12-27,1.0429500341415405,1.0451500415802002,1.04135000705719,1.0435999631881714,466.0
2024-12-30,1.0436500310897827,1.0462000370025635,1.037850022315979,1.0401500463485718,477.0
2024-12-31,1.0410000085830688,1.0422500371932983,1.034999966621399,1.035949945449829,522.0
2025-01-02,1.0360000133514404,1.037850022315979,1.0233999490737915,1.0253499746322632,2080.0
2025-01-03,1.0270500183105469,1.031000018119812,1.0268499851226807,1.0304499864578247,752.0
2025-01-06,1.030650019645691,1.0436999797821045,1.0305500030517578,1.0390499830245972,3125.0
2025-01-07,1.0384000539779663,1.0432499647140503,1.034250020980835,1.0357999801635742,720.0
2025-01-08,1.0345499515533447,1.0358500480651855,1.0282000303268433,1.0311000347137451,1608.0
2025-01-09,1.031599998474121,1.031999945640564,1.0288000106811523,1.0298500061035156,1414.0
2025-01-10,1.0297499895095825,1.030900001525879,1.0218499898910522,1.024549961090088,530.0
2025-01-13,1.0240999460220337,1.0241999626159668,1.0184500217437744,1.0200999975204468,599.0
2025-01-14,1.027899980545044,1.0320500135421753,1.0256500244140625,1.0312000513076782,815.0
2025-01-15,1.0315500497817993,1.0363500118255615,1.0276999473571777,1.030750036239624,1100.0
2025-01-16,1.0304499864578247,1.0324499607086182,1.0274499654769897,1.0313999652862549,694.0
2025-01-17,1.0316499471664429,1.033750057220459,1.0278500318527222,1.0288499593734741,641.0
2025-01-21,1.0286500453948975,1.044700026512146,1.0286500453948975,1.0429999828338623,1900.0
2025-01-22,1.0436500310897827,1.0467000007629395,1.0404000282287598,1.0431499481201172,468.0
2025-01-23,1.0419000387191772,1.044800043106079,1.0383000373840332,1.0433499813079834,600.0
2025-01-24,1.0426000356674194,1.0529500246047974,1.0426000356674194,1.0505499839782715,883.0
2025-01-27,1.049049973487854,1.0537500381469727,1.0464500188827515,1.0501999855041504,476.0
2025-01-28,1.049149990081787,1.049149990081787,1.042449951171875,1.0444999933242798,461.0
2025-01-29,1.0436500310897827,1.0452500581741333,1.0391499996185303,1.0424000024795532,1104.0
2025-01-30,1.0434999465942383,1.0471500158309937,1.0395499467849731,1.0435999631881714,1563.0
2025-01-31,1.0398000478744507,1.0440499782562256,1.0356999635696411,1.0383000373840332,1143.0
2025-02-03,1.0299500226974487,1.034850001335144,1.0219999551773071,1.0290499925613403,1383.0
2025-02-04,1.034850001335144,1.039199948310852,1.0283000469207764,1.0388000011444092,1603.0
2025-02-05,1.0384000539779663,1.0443999767303467,1.037850022315979,1.0412499904632568,867.0
2025-02-06,1.0406500101089478,1.0406500101089478,1.0356999635696411,1.038949966430664,208.0
2025-02-07,1.0393500328063965,1.0409499406814575,1.03125,1.0336500406265259,746.0
2025-02-10,1.0299999713897705,1.0336999893188477,1.0297000408172607,1.0310499668121338,2331.0
2025-02-11,1.0306999683380127,1.0377999544143677,1.0297000408172607,1.0361000299453735,3567.0
2025-02-12,1.0357999801635742,1.0429500341415405,1.0322999954223633,1.0393500328063965,2520.0
2025-02-13,1.0391000509262085,1.0466500520706177,1.038699984550476,1.0436999797821045,698.0
2025-02-14,1.0459500551223755,1.0499999523162842,1.0458500385284424,1.0498499870300293,203180.0
2025-02-18,1.0505000352859497,1.052049994468689,1.0448499917984009,1.0458500385284424,243357.0
2025-02-19,1.0463500022888184,1.0473999977111816,1.0413999557495117,1.0438499450683594,152343.0
2025-02-20,1.0435500144958496,1.051550030708313,1.0430500507354736,1.051300048828125,170417.0
2025-02-21,1.0511000156402588,1.0516999959945679,1.046049952507019,1.0473999977111816,181596.0
2025-02-24,1.0483499765396118,1.0539499521255493,1.0463500022888184,1.048449993133545,200252.0
2025-02-25,1.0478999614715576,1.0529500246047974,1.0466500520706177,1.052049994468689,177237.0
2025-02-26,1.0525000095367432,1.0539000034332275,1.048449993133545,1.0501500368118286,209027.0
2025-02-27,1.0494999885559082,1.0505000352859497,1.0405000448226929,1.0413000583648682,249469.0
2025-02-28,1.0399999618530273,1.042799949645996,1.0367000102996826,1.037500023841858,243659.0
2025-03-03,1.0409499406814575,1.051200032234192,1.0396000146865845,1.0480999946594238,313366.0
2025-03-04,1.0492000579833984,1.0635000467300415,1.0477999448776245,1.0607999563217163,397006.0
2025-03-05,1.0628999471664429,1.080399990081787,1.0608500242233276,1.079699993133545,473901.0
2025-03-06,1.079800009727478,1.0858999490737915,1.0771000385284424,1.0807499885559082,392404.0
2025-03-07,1.0793499946594238,1.089400053024292,1.0786000490188599,1.0846999883651733,331076.0
2025-03-10,1.0846500396728516,1.0879499912261963,1.0809500217437744,1.083400011062622,321711.0
2025-03-11,1.0837500095367432,1.0950499773025513,1.0836999416351318,1.093500018119812,504306.0
2025-03-12,1.0917500257492065,1.0935499668121338,1.0878499746322632,1.0887500047683716,535145.0
2025-03-13,1.0891000032424927,1.0898499488830566,1.0823999643325806,1.0855000019073486,305527.0
2025-03-14,1.0853999853134155,1.0911999940872192,1.083150029182434,1.0881500244140625,92394.0
2025-03-17,1.0881500244140625,1.0910999774932861,1.0870000123977661,1.0910999774932861,879.0
2025-03-18,1.0936000347137451,1.097000002861023,1.0916500091552734,1.0959500074386597,876.0
2025-03-19,1.0960500240325928,1.0960500240325928,1.0875500440597534,1.0923999547958374,1028.0
2025-03-20,1.0922000408172607,1.0930999517440796,1.082900047302246,1.0861999988555908,799.0
2025-03-21,1.0871000289916992,1.0872999429702759,1.0812000036239624,1.0833499431610107,577.0
2025-03-24,1.0843000411987305,1.0870000123977661,1.0793499946594238,1.0817999839782715,881.0
2025-03-25,1.0812000036239624,1.0839999914169312,1.0788500308990479,1.080899953842163,258.0
2025-03-26,1.0799000263214111,1.0813000202178955,1.0755499601364136,1.076550006866455,898.0
2025-03-27,1.0761499404907227,1.082800030708313,1.0743499994277954,1.0800000429153442,1007.0
2025-03-28,1.080549955368042,1.0852999687194824,1.0774999856948853,1.083299994468689,783.0
2025-03-31,1.0827499628067017,1.0852999687194824,1.0792499780654907,1.0822999477386475,1379.0
2025-04-01,1.0824999809265137,1.08364999294281,1.0787999629974365,1.079450011253357,865.0
2025-04-02,1.0801500082015991,1.0923999547958374,1.0787500143051147,1.086150050163269,1397.0
2025-04-03,1.0823999643325806,1.1138999462127686,1.0808500051498413,1.1042499542236328,3375.0
2025-04-04,1.1056499481201172,1.1110999584197998,1.0930500030517578,1.094849944114685,1371.0
2025-04-07,1.0944000482559204,1.1038999557495117,1.090649962425232,1.093999981880188,1475.0
2025-04-08,1.0958000421524048,1.0993499755859375,1.0894999504089355,1.0955499410629272,555.0
2025-04-09,1.09784996509552,1.1097999811172485,1.0928499698638916,1.096500039100647,1339.0
2025-04-10,1.0960500240325928,1.123900055885315,1.0957499742507935,1.121749997138977,3087.0
2025-04-11,1.1220500469207764,1.1437499523162842,1.1208000183105469,1.131350040435791,2246.0
2025-04-14,1.1339000463485718,1.142300009727478,1.1297999620437622,1.1340999603271484,717.0
2025-04-15,1.1384999752044678,1.1392500400543213,1.1289000511169434,1.1296499967575073,1046.0
2025-04-16,1.1304500102996826,1.142899990081787,1.1303999423980713,1.1406999826431274,814.0
2025-04-17,1.141800045967102,1.141800045967102,1.135949969291687,1.1394000053405762,542.0
2025-04-21,1.1413999795913696,1.1591999530792236,1.1410000324249268,1.1541999578475952,407.0
2025-04-22,1.1504499912261963,1.1564500331878662,1.1437499523162842,1.1445499658584595,661.0
2025-04-23,1.1413999795913696,1.145799994468689,1.1330499649047852,1.1340999603271484,1300.0
2025-04-24,1.135699987411499,1.1413500308990479,1.1346999406814575,1.139449954032898,901.0
2025-04-25,1.1402000188827515,1.1402000188827515,1.1332000494003296,1.139549970626831,750.0
2025-04-28,1.1365000009536743,1.1438000202178955,1.1346999406814575,1.142799973487854,397.0
2025-04-29,1.14205002784729,1.1429500579833984,1.1387499570846558,1.1395000219345093,860.0
2025-04-30,1.1399999856948853,1.1407500505447388,1.1330000162124634,1.1360000371932983,592.0
2025-05-01,1.1331499814987183,1.1350500583648682,1.1276999711990356,1.129699945449829,753.0
2025-05-02,1.1300499439239502,1.1384999752044678,1.1294499635696411,1.13100004196167,833.0
2025-05-05,1.1324000358581543,1.1374000310897827,1.1309499740600586,1.132349967956543,322.0
2025-05-06,1.1323000192642212,1.1385999917984009,1.1289000511169434,1.1380499601364136,451.0
2025-05-07,1.1339999437332153,1.138100028038025,1.1301000118255615,1.1342999935150146,379.0
2025-05-08,1.1313999891281128,1.1339499950408936,1.1220999956130981,1.1231499910354614,1012.0
2025-05-09,1.1235500574111938,1.128499984741211,1.120300054550171,1.1264499425888062,335.0
2025-05-12,1.1240500211715698,1.1240500211715698,1.1073999404907227,1.1094000339508057,1719.0
2025-05-13,1.1095999479293823,1.1198500394821167,1.1095999479293823,1.118899941444397,1207.0
2025-05-14,1.1193499565124512,1.1262500286102295,1.1168999671936035,1.1181999444961548,2358.0
2025-05-15,1.1180000305175781,1.122499942779541,1.1171499490737915,1.117799997329712,855.0
2025-05-16,1.1200000047683716,1.121749997138977,1.1133999824523926,1.1152499914169312,2127.0
2025-05-19,1.118299961090088,1.128250002861023,1.1179499626159668,1.125,179842.0
2025-05-20,1.1261500120162964,1.1305500268936157,1.1237000226974487,1.1291500329971313,141939.0
2025-05-21,1.1303000450134277,1.138200044631958,1.1298500299453735,1.135200023651123,188620.0
2025-05-22,1.1347500085830688,1.1360499858856201,1.1270999908447266,1.1294000148773193,161939.0
2025-05-23,1.1297999620437622,1.1394000053405762,1.1294499635696411,1.1375999450683594,215938.0
2025-05-27,1.138200044631958,1.143399953842163,1.1338000297546387,1.1352499723434448,197126.0
2025-05-28,1.1341999769210815,1.135949969291687,1.1297500133514404,1.1307499408721924,162534.0
2025-05-29,1.1305500268936157,1.1396000385284424,1.12214994430542,1.138700008392334,194477.0
2025-05-30,1.138200044631958,1.1401000022888184,1.1323000192642212,1.1369999647140503,178049.0
2025-06-02,1.1365000009536743,1.146049976348877,1.1357500553131104,1.1452000141143799,175139.0
2025-06-03,1.1452000141143799,1.1464500427246094,1.1372499465942383,1.138450026512146,133033.0
2025-06-04,1.138100028038025,1.1443500518798828,1.136549949645996,1.1429500579833984,147206.0
2025-06-05,1.142699956893921,1.1502000093460083,1.1411499977111816,1.144950032234192,0.0
2025-06-06,1.1452000141143799,1.1463500261306763,1.1377500295639038,1.1403000354766846,211605.0
2025-06-09,1.1397000551223755,1.1444499492645264,1.1391500234603882,1.1433500051498413,201813.0
2025-06-10,1.1425000429153442,1.1452499628067017,1.1376999616622925,1.1425000429153442,296933.0
2025-06-11,1.1432499885559082,1.1504000425338745,1.1407500505447388,1.149049997329712,540870.0
2025-06-12,1.1492500305175781,1.163349986076355,1.148900032043457,1.1579999923706055,395729.0
2025-06-13,1.1589000225067139,1.1613999605178833,1.148900032043457,1.1542500257492065,181049.0
2025-06-16,1.1536500453948975,1.1611499786376953,1.1524499654769897,1.1611499786376953,715.0
2025-06-17,1.1576000452041626,1.1592999696731567,1.1494499444961548,1.1499500274658203,903.0
2025-06-18,1.1499500274658203,1.1550500392913818,1.1481000185012817,1.149549961090088,0.0
2025-06-20,1.150149941444397,1.1562000513076782,1.146399974822998,1.1546000242233276,2153.0
2025-06-23,1.1513999700546265,1.1597000360488892,1.1449999809265137,1.1590499877929688,1399.0
2025-06-24,1.1610000133514404,1.1655499935150146,1.159850001335144,1.1640000343322754,1454.0
2025-06-25,1.1622999906539917,1.1679999828338623,1.1604499816894531,1.1676000356674194,936.0
2025-06-26,1.1670500040054321,1.1755000352859497,1.1670500040054321,1.17330002784729,809.0
2025-06-27,1.170699954032898,1.1756500005722046,1.1697499752044678,1.1711499691009521,498.0
2025-06-30,1.174049973487854,1.1799499988555908,1.1720000505447388,1.1786999702453613,1183.0
2025-07-01,1.1794999837875366,1.1837999820709229,1.177299976348877,1.1790499687194824,787.0
2025-07-02,1.181399941444397,1.1817500591278076,1.175950050354004,1.1806999444961548,1106.0
2025-07-03,1.1806999444961548,1.1817500591278076,1.1727499961853027,1.1755499839782715,0.0
2025-07-04,1.1777000427246094,1.1792000532150269,1.1772500276565552,1.1782499551773071,0.0
2025-07-07,1.1785500049591064,1.1792000532150269,1.1693999767303467,1.1725000143051147,1570.0
2025-07-08,1.1727999448776245,1.1767499446868896,1.1693999767303467,1.1729999780654907,1177.0
2025-07-09,1.1727499961853027,1.173050045967102,1.1701500415802002,1.1717000007629395,2200.0
2025-07-10,1.1726499795913696,1.1749000549316406,1.166849970817566,1.1693999767303467,1625.0
2025-07-11,1.1706500053405762,1.170799970626831,1.1663999557495117,1.169100046157837,1441.0
2025-07-14,1.1660499572753906,1.1697499752044678,1.1660000085830688,1.1685500144958496,715.0
2025-07-15,1.169100046157837,1.1721999645233154,1.1619000434875488,1.162950038909912,1043.0
2025-07-16,1.1627999544143677,1.1744500398635864,1.159000039100647,1.1653499603271484,874.0
2025-07-17,1.1648499965667725,1.1650500297546387,1.1581000089645386,1.1607999801635742,360.0
2025-07-18,1.1637500524520874,1.1685500144958496,1.163599967956543,1.1644500494003296,1572.0
2025-07-21,1.1650500297546387,1.1736500263214111,1.1640499830245972,1.1714999675750732,708.0
2025-07-22,1.1713500022888184,1.1781500577926636,1.170050024986267,1.176900029182434,1267.0
2025-07-23,1.1769499778747559,1.1794500350952148,1.1731499433517456,1.1792000532150269,845.0
2025-07-24,1.1796499490737915,1.1806000471115112,1.1749999523162842,1.1784000396728516,885.0
2025-07-25,1.176300048828125,1.1777000427246094,1.1725000143051147,1.1763499975204468,626.0
2025-07-28,1.1775000095367432,1.1786999702453613,1.1601500511169434,1.1610499620437622,1894.0
2025-07-29,1.1610499620437622,1.1613999605178833,1.1536500453948975,1.156499981880188,1312.0
2025-07-30,1.156350016593933,1.158400058746338,1.14205002784729,1.1440000534057617,1779.0
2025-07-31,1.1432000398635864,1.1469500064849854,1.1418499946594238,1.1439000368118286,816.0
2025-08-01,1.1430000066757202,1.1606999635696411,1.1404999494552612,1.1536999940872192,1386.0
2025-08-04,1.159250020980835,1.1599500179290771,1.1561000347137451,1.1574499607086182,559.0
2025-08-05,1.1589000225067139,1.1595499515533447,1.1540000438690186,1.1583499908447266,479.0
2025-08-06,1.1576499938964844,1.1675000190734863,1.1576499938964844,1.167099952697754,524.0
2025-08-07,1.166949987411499,1.1705000400543213,1.1625499725341797,1.162850022315979,672.0
2025-08-08,1.1671500205993652,1.1683499813079834,1.1636500358581543,1.166200041770935,751.0
2025-08-11,1.1649999618530273,1.1677000522613525,1.1599500179290771,1.1617000102996826,671.0
2025-08-12,1.1614999771118164,1.1696499586105347,1.16034996509552,1.1672999858856201,951.0
2025-08-13,1.1685999631881714,1.1734000444412231,1.1677000522613525,1.17044997215271,920.0
2025-08-14,1.1712000370025635,1.1717000007629395,1.1634999513626099,1.1642500162124634,1416.0
2025-08-15,1.1649999618530273,1.1713999509811401,1.1649999618530273,1.1703499555587769,1130.0
2025-08-18,1.1712499856948853,1.1712499856948853,1.167099952697754,1.1679500341415405,91137.0
2025-08-19,1.1681499481201172,1.1713999509811401,1.1660000085830688,1.1668000221252441,87716.0
2025-08-20,1.1667499542236328,1.169450044631958,1.164199948310852,1.1675000190734863,109560.0
2025-08-21,1.1672500371932983,1.1680500507354736,1.1619000434875488,1.162750005722046,134638.0
2025-08-22,1.1624000072479248,1.1760499477386475,1.159999966621399,1.1739000082015991,208237.0
2025-08-25,1.173799991607666,1.1742500066757202,1.1619000434875488,1.163599967956543,151842.0
2025-08-26,1.163699984550476,1.1680999994277954,1.1618000268936157,1.1658999919891357,150763.0
2025-08-27,1.1657500267028809,1.1662499904632568,1.1588499546051025,1.1645499467849731,141641.0
2025-08-28,1.1648499965667725,1.1709500551223755,1.1640499830245972,1.170050024986267,143384.0
2025-08-29,1.1692500114440918,1.1720499992370605,1.1662499904632568,1.171049952507019,0.0
2025-09-02,1.1698499917984009,1.1747499704360962,1.1622999906539917,1.1643500328063965,276183.0
2025-09-03,1.1652499437332153,1.1691499948501587,1.1617499589920044,1.167099952697754,162780.0
2025-09-04,1.1670000553131104,1.1676000356674194,1.1636500358581543,1.1650999784469604,131523.0
2025-09-05,1.1655999422073364,1.1765999794006348,1.1655000448226929,1.1722500324249268,245605.0
2025-09-08,1.172700047492981,1.1770999431610107,1.1709500551223755,1.176650047302246,179807.0
2025-09-09,1.1770999431610107,1.1785000562667847,1.1708500385284424,1.1711000204086304,390990.0
2025-09-10,1.1717000007629395,1.1734999418258667,1.1686500310897827,1.1708500385284424,534380.0
2025-09-11,1.170199990272522,1.1747499704360962,1.1655999422073364,1.1737500429153442,378653.0
2025-09-12,1.173699975013733,1.1748499870300293,1.1701500415802002,1.1742500066757202,118703.0
2025-09-15,1.1731499433517456,1.177150011062622,1.1717499494552612,1.1753499507904053,833.0
2025-09-16,1.1784499883651733,1.1898000240325928,1.1781500577926636,1.1886999607086182,1278.0
2025-09-17,1.1888500452041626,1.1934499740600586,1.1827000379562378,1.185349941253662,1872.0
2025-09-18,1.1835999488830566,1.186400055885315,1.1767499446868896,1.1804499626159668,1305.0
2025-09-19,1.1802500486373901,1.1806000471115112,1.1744999885559082,1.1764500141143799,2852.0
2025-09-22,1.1760499477386475,1.1816500425338745,1.1744500398635864,1.1812000274658203,3104.0
2025-09-23,1.1821500062942505,1.18340003490448,1.179800033569336,1.1825499534606934,1097.0
2025-09-24,1.1830999851226807,1.1833000183105469,1.1743500232696533,1.1750500202178955,6596.0
2025-09-25,1.1753000020980835,1.1763499975204468,1.1657999753952026,1.1663999557495117,1847.0
2025-09-26,1.167799949645996,1.1714999675750732,1.167199969291687,1.1714500188827515,924.0
2025-09-29,1.1727999448776245,1.1764500141143799,1.1720000505447388,1.1742000579833984,607.0
2025-09-30,1.1731499433517456,1.1770000457763672,1.1722999811172485,1.1750500202178955,628.0
2025-10-01,1.1742000579833984,1.1786500215530396,1.1723500490188599,1.1743500232696533,1022.0
2025-10-02,1.174149990081787,1.1764500141143799,1.1690000295639038,1.1727999448776245,242.0
2025-10-03,1.1728999614715576,1.1764999628067017,1.1723500490188599,1.1745500564575195,988.0
2025-10-06,1.1728999614715576,1.1734000444412231,1.1656999588012695,1.1718000173568726,1256.0
2025-10-07,1.1713999509811401,1.1713999509811401,1.1653000116348267,1.1662499904632568,1283.0
2025-10-08,1.1662499904632568,1.1662499904632568,1.1603000164031982,1.162350058555603,2519.0
2025-10-09,1.163349986076355,1.1648499965667725,1.1547000408172607,1.1547000408172607,2739.0
2025-10-10,1.156999945640564,1.1588000059127808,1.1562999486923218,1.157349944114685,4329.0
2025-10-13,1.163949966430664,1.1650500297546387,1.1583499908447266,1.15910005569458,4329.0
2025-10-14,1.1591999530792236,1.163699984550476,1.156599998474121,1.162750005722046,5301.0
2025-10-15,1.1630500555038452,1.166849970817566,1.1630500555038452,1.1655999422073364,758.0
2025-10-16,1.1668000221252441,1.1713000535964966,1.1666500568389893,1.1710000038146973,934.0
2025-10-17,1.1714999675750732,1.1748000383377075,1.1670500040054321,1.1687999963760376,632.0
2025-10-20,1.167199969291687,1.1686999797821045,1.1658999919891357,1.1665500402450562,236.0
2025-10-21,1.1656999588012695,1.1656999588012695,1.1615999937057495,1.162350058555603,2370.0
2025-10-22,1.1618000268936157,1.1638000011444092,1.159500002861023,1.1627000570297241,9525.0
2025-10-23,1.1618000268936157,1.163450002670288,1.1601999998092651,1.1633000373840332,7384.0
2025-10-24,1.163100004196167,1.1656500101089478,1.1617499589920044,1.1641000509262085,2425.0
2025-10-27,1.1642500162124634,1.1664999723434448,1.1632000207901,1.166450023651123,9239.0
2025-10-28,1.1663000583648682,1.1681499481201172,1.1647499799728394,1.167549967765808,4167.0
2025-10-29,1.166599988937378,1.1677500009536743,1.1591500043869019,1.1607500314712524,2481.0
2025-10-30,1.1617000102996826,1.1644999980926514,1.1557999849319458,1.1577500104904175,910.0
2025-10-31,1.1576999425888062,1.1585500240325928,1.153249979019165,1.15339994430542,9182.0
2025-11-03,1.153749942779541,1.1548500061035156,1.1514500379562378,1.1527999639511108,0.0
2025-11-04,1.1530499458312988,1.1538499593734741,1.1482000350952148,1.148800015449524,7629.0
2025-11-05,1.1493500471115112,1.1503000259399414,1.1475499868392944,1.1493500471115112,3824.0
2025-11-06,1.1512999534606934,1.1555500030517578,1.1509499549865723,1.1549999713897705,1315.0
2025-11-07,1.1545000076293945,1.159250020980835,1.1539499759674072,1.1563999652862549,1527.0
2025-11-10,1.155500054359436,1.1584500074386597,1.1547499895095825,1.156599998474121,728.0
2025-11-11,1.1552499532699585,1.1606999635696411,1.1552499532699585,1.1588000059127808,1585.0
2025-11-12,1.1590499877929688,1.1599500179290771,1.156749963760376,1.159000039100647,1096.0
2025-11-13,1.159000039100647,1.1656999588012695,1.1582000255584717,1.1637500524520874,1906.0
2025-11-14,1.1627999544143677,1.1650999784469604,1.1611499786376953,1.1619000434875488,1469.0
2025-11-17,1.16034996509552,1.1612499952316284,1.1583499908447266,1.1585500240325928,136119.0
2025-11-18,1.1606500148773193,1.162500023841858,1.1588499546051025,1.1603000164031982,138198.0
2025-11-19,1.1597000360488892,1.1613999605178833,1.1534500122070312,1.153749942779541,187065.0
2025-11-20,1.155400037765503,1.1564500331878662,1.1511000394821167,1.1552499532699585,181506.0
2025-11-21,1.1541500091552734,1.1566499471664429,1.1504499912261963,1.152750015258789,185575.0
2025-11-24,1.1529500484466553,1.156350016593933,1.1514999866485596,1.154099941253662,125841.0
2025-11-25,1.1535500288009644,1.159850001335144,1.1523499488830566,1.159600019454956,206021.0
2025-11-26,1.1582000255584717,1.1613500118255615,1.1559499502182007,1.160599946975708,163237.0
2025-11-28,1.1604000329971313,1.162350058555603,1.1575499773025513,1.1611499786376953,97851.0
2025-12-01,1.1607999801635742,1.1661499738693237,1.159749984741211,1.1617499589920044,168390.0
2025-12-02,1.1617000102996826,1.1634999513626099,1.1598999500274658,1.1628999710083008,135910.0
2025-12-03,1.1633000373840332,1.1684999465942383,1.1631499528884888,1.1680500507354736,188969.0
2025-12-04,1.1677000522613525,1.1687500476837158,1.1646000146865845,1.1657999753952026,178017.0
2025-12-05,1.1648999452590942,1.1676499843597412,1.1633000373840332,1.1648000478744507,166150.0
2025-12-08,1.1648000478744507,1.1676000356674194,1.1620500087738037,1.1643999814987183,201434.0
2025-12-09,1.1641499996185303,1.166100025177002,1.1618000268936157,1.1632000207901,431266.0
2025-12-10,1.1628999710083008,1.170300006866455,1.1624499559402466,1.1681499481201172,562127.0
2025-12-11,1.169800043106079,1.1763999462127686,1.1683499813079834,1.1742500066757202,380280.0
2025-12-12,1.1738500595092773,1.1749999523162842,1.1720000505447388,1.1741000413894653,85793.0
2025-12-15,1.1741000413894653,1.176800012588501,1.172700047492981,1.1764999628067017,587.0
2025-12-16,1.1775000095367432,1.1823999881744385,1.1756999492645264,1.1778500080108643,597.0
2025-12-17,1.176900029182434,1.1774499416351318,1.1723500490188599,1.1764500141143799,646.0
2025-12-18,1.1759999990463257,1.1779500246047974,1.1733499765396118,1.1743500232696533,777.0
2025-12-19,1.1742500066757202,1.1753499507904053,1.1720000505447388,1.174149990081787,448.0
2025-12-22,1.172950029373169,1.1785000562667847,1.172950029373169,1.177150011062622,554.0
2025-12-23,1.1778500080108643,1.1815500259399414,1.1778500080108643,1.1803499460220337,842.0
2025-12-24,1.1804499626159668,1.1821000576019287,1.1787500381469727,1.1790000200271606,414.0
2025-12-26,1.1794500350952148,1.1809500455856323,1.1775000095367432,1.1789000034332275,270.0
2025-12-29,1.1782499551773071,1.180150032043457,1.1762499809265137,1.1779999732971191,493.0
2025-12-30,1.1784000396728516,1.1790499687194824,1.1757500171661377,1.1757500171661377,466.0
2025-12-31,1.1756500005722046,1.176800012588501,1.1730999946594238,1.1749000549316406,187.0
2026-01-02,1.1754499673843384,1.1771999597549438,1.1721500158309937,1.1731499433517456,249.0
2026-01-05,1.1718499660491943,1.173699975013733,1.166849970817566,1.1734999418258667,1419.0
2026-01-06,1.172700047492981,1.1748000383377075,1.1691999435424805,1.169700026512146,557.0
2026-01-07,1.169700026512146,1.1708500385284424,1.1683000326156616,1.1688499450683594,369.0
2026-01-08,1.1682000160217285,1.1685999631881714,1.1648499965667725,1.1654499769210815,616.0
2026-01-09,1.1663999557495117,1.1663999557495117,1.162350058555603,1.1639000177383423,875.0
2026-01-12,1.1634999513626099,1.1699999570846558,1.162750005722046,1.167549967765808,1088.0
2026-01-13,1.1670000553131104,1.1678500175476074,1.1643500328063965,1.1651999950408936,1323.0
2026-01-14,1.164199948310852,1.1662499904632568,1.163849949836731,1.163849949836731,743.0
2026-01-15,1.163949966430664,1.163949966430664,1.159350037574768,1.1612999439239502,1604.0
2026-01-16,1.1605499982833862,1.1627999544143677,1.1605000495910645,1.1627999544143677,1901.0
2026-01-20,1.159500002861023,1.1783000230789185,1.1590499877929688,1.1726499795913696,4611.0
2026-01-21,1.1739000082015991,1.1756999492645264,1.1692500114440918,1.1705000400543213,4925.0
2026-01-22,1.1692500114440918,1.176650047302246,1.1682499647140503,1.1756999492645264,1156.0
2026-01-23,1.1770000457763672,1.1845500469207764,1.174299955368042,1.1823999881744385,804.0
2026-01-26,1.186400055885315,1.191849946975708,1.1848499774932861,1.1891000270843506,2096.0
2026-01-27,1.1887999773025513,1.207550048828125,1.1863499879837036,1.1988999843597412,1939.0
2026-01-28,1.2057000398635864,1.2057000398635864,1.190850019454956,1.1950500011444092,1700.0
2026-01-29,1.1987500190734863,1.2002500295639038,1.1923999786376953,1.1960500478744507,1575.0
2026-01-30,1.1979999542236328,1.1983000040054321,1.1860500574111938,1.1877000331878662,714.0
2026-02-02,1.1855499744415283,1.1881500482559204,1.1784499883651733,1.1796499490737915,5244.0
2026-02-03,1.1797499656677246,1.18340003490448,1.1790499687194824,1.1820499897003174,1575.0
2026-02-04,1.1821999549865723,1.1842999458312988,1.1799999475479126,1.1815500259399414,1918.0
2026-02-05,1.180999994277954,1.1824500560760498,1.1780500411987305,1.1799499988555908,1495.0
2026-02-06,1.1779999732971191,1.1829500198364258,1.17739999294281,1.1823999881744385,1835.0
2026-02-09,1.1815500259399414,1.1928499937057495,1.1815500259399414,1.1923999786376953,2589.0
2026-02-10,1.1909500360488892,1.1928999423980713,1.1894500255584717,1.1905499696731567,2041.0
2026-02-11,1.1910500526428223,1.1924999952316284,1.1848499774932861,1.188249945640564,3779.0
2026-02-12,1.1873500347137451,1.1890000104904175,1.1857500076293945,1.187000036239624,2049.0
2026-02-13,1.1868000030517578,1.1874500513076782,1.1849000453948975,1.187150001525879,148729.0
2026-02-17,1.1885000467300415,1.188599944114685,1.1820000410079956,1.1863499879837036,214559.0
2026-02-18,1.1870499849319458,1.187250018119812,1.1796000003814697,1.180150032043457,140457.0
2026-02-19,1.1798499822616577,1.1820499897003174,1.1755000352859497,1.177649974822998,202459.0
2026-02-20,1.1786500215530396,1.1820000410079956,1.1753499507904053,1.1792999505996704,182753.0
2026-02-23,1.180299997329712,1.1847000122070312,1.1786500215530396,1.180299997329712,137010.0
2026-02-24,1.1797499656677246,1.1807500123977661,1.1777000427246094,1.1790000200271606,138612.0
2026-02-25,1.1784499883651733,1.1825000047683716,1.1781500577926636,1.1816999912261963,130704.0
2026-02-26,1.1821000576019287,1.1837999820709229,1.1782499551773071,1.1805499792099,137411.0
2026-02-27,1.1805000305175781,1.1835500001907349,1.1797499656677246,1.182800054550171,150064.0
2026-03-02,1.1777499914169312,1.180400013923645,1.1679999828338623,1.1719499826431274,345143.0
2026-03-03,1.169700026512146,1.1713999509811401,1.153749942779541,1.1619499921798706,428828.0
2026-03-04,1.1616499423980713,1.166200041770935,1.1581499576568604,1.1646000146865845,242783.0
2026-03-05,1.1642500162124634,1.1652499437332153,1.156350016593933,1.1576999425888062,320532.0
2026-03-06,1.1610499620437622,1.162600040435791,1.1549999713897705,1.1605499982833862,348646.0
2026-03-09,1.1555500030517578,1.1641499996185303,1.1511000394821167,1.1580499410629272,464821.0
2026-03-10,1.1640499830245972,1.1670500040054321,1.1608999967575073,1.162750005722046,510973.0
2026-03-11,1.1613999605178833,1.1648499965667725,1.156350016593933,1.1574000120162964,617491.0
2026-03-12,1.1571500301361084,1.1574499607086182,1.1510499715805054,1.1512999534606934,366792.0
2026-03-13,1.1512999534606934,1.152999997138977,1.1411499977111816,1.1436500549316406,91806.0
2026-03-16,1.1421500444412231,1.150149941444397,1.1415499448776245,1.149749994277954,1866.0
2026-03-17,1.151900053024292,1.156000018119812,1.1482000350952148,1.1553499698638916,2331.0
2026-03-18,1.1557999849319458,1.1569000482559204,1.1464500427246094,1.1492500305175781,3785.0
2026-03-19,1.1477500200271606,1.162750005722046,1.1460000276565552,1.1594500541687012,4242.0
2026-03-20,1.159999966621399,1.1605499982833862,1.1538000106811523,1.15625,2237.0
2026-03-23,1.1564500331878662,1.1650999784469604,1.149749994277954,1.1648000478744507,6338.0
2026-03-24,1.1619499921798706,1.1635500192642212,1.1571999788284302,1.1592999696731567,4952.0
2026-03-25,1.1622999906539917,1.1640499830245972,1.156599998474121,1.1576499938964844,3245.0
2026-03-26,1.1566499471664429,1.1579999923706055,1.152899980545044,1.1541999578475952,1918.0
2026-03-27,1.1546000242233276,1.1554499864578247,1.1510499715805054,1.152250051498413,2162.0
2026-03-30,1.1509499549865723,1.152750015258789,1.1450999975204468,1.1469000577926636,1349.0
2026-03-31,1.1467499732971191,1.1570500135421753,1.145400047302246,1.155150055885315,2106.0
2026-04-01,1.155750036239624,1.163100004196167,1.155750036239624,1.1583000421524048,3850.0
2026-04-02,1.159749984741211,1.1604000329971313,1.1513999700546265,1.154099941253662,2657.0
2026-04-06,1.1511000394821167,1.157099962234497,1.1511000394821167,1.1549500226974487,1777.0
2026-04-07,1.1540499925613403,1.1604499816894531,1.1532000303268433,1.1577500104904175,2109.0
2026-04-08,1.1616499423980713,1.1720000505447388,1.1616499423980713,1.1653499603271484,1612.0
2026-04-09,1.1654499769210815,1.1720000505447388,1.1651999950408936,1.1700999736785889,1948.0
2026-04-10,1.169600009918213,1.1738500595092773,1.1678500175476074,1.1731499433517456,1279.0
2026-04-13,1.1672999858856201,1.1707500219345093,1.1666500568389893,1.1707500219345093,1522.0
2026-04-14,1.1780999898910522,1.1827000379562378,1.1779999732971191,1.1812000274658203,937.0
2026-04-15,1.1818000078201294,1.1826499700546265,1.1791000366210938,1.1819499731063843,945.0
2026-04-16,1.1819499731063843,1.1838500499725342,1.1783499717712402,1.1796499490737915,602.0
2026-04-17,1.180050015449524,1.186400055885315,1.1779999732971191,1.1797000169754028,1254.0
2026-04-20,1.1759999990463257,1.180400013923645,1.1745500564575195,1.179550051689148,857.0
2026-04-21,1.179900050163269,1.1799499988555908,1.1735999584197998,1.1755000352859497,893.0
2026-04-22,1.1759999990463257,1.177299976348877,1.1717499494552612,1.1722999811172485,1213.0
2026-04-23,1.1718499660491943,1.1725000143051147,1.1684000492095947,1.170199990272522,2794.0
2026-04-24,1.169700026512146,1.17330002784729,1.1686500310897827,1.172950029373169,1019.0
2026-04-27,1.1720000505447388,1.1763999462127686,1.1716500520706177,1.1730999946594238,1129.0
2026-04-28,1.1734999418258667,1.1735999584197998,1.1689499616622925,1.1722500324249268,1090.0
2026-04-29,1.1725000143051147,1.1725000143051147,1.1670000553131104,1.1679999828338623,1487.0
2026-04-30,1.1685999631881714,1.1749000549316406,1.1664999723434448,1.1744500398635864,1354.0
2026-05-01,1.1738500595092773,1.1792999505996704,1.1727499961853027,1.1736500263214111,972.0
2026-05-04,1.1744500398635864,1.1745500564575195,1.1691499948501587,1.1704000234603882,2355.0
2026-05-05,1.1686999797821045,1.1713000535964966,1.1685999631881714,1.1706500053405762,1941.0
2026-05-06,1.1705000400543213,1.180299997329712,1.1705000400543213,1.1756000518798828,3741.0
2026-05-07,1.1756000518798828,1.1782000064849854,1.173050045967102,1.1755000352859497,1948.0
2026-05-08,1.173699975013733,1.1787500381469727,1.1731499433517456,1.1783000230789185,640.0
2026-05-11,1.176800012588501,1.1791000366210938,1.1753000020980835,1.177899956703186,1579.0
2026-05-12,1.1772500276565552,1.1772500276565552,1.1729999780654907,1.174399971961975,1460.0
2026-05-13,1.174049973487854,1.174049973487854,1.1699999570846558,1.171049952507019,642.0
2026-05-14,1.1719499826431274,1.1719499826431274,1.1670000553131104,1.167799949645996,1606.0
2026-05-15,1.1660000085830688,1.16635000705719,1.1619999408721924,1.1621500253677368,1963.0
2026-05-18,1.1627000570297241,1.1655499935150146,1.1611000299453735,1.1646499633789062,203868.0
2026-05-19,1.1673500537872314,1.1677000522613525,1.1606999635696411,1.1618499755859375,170412.0
2026-05-20,1.1619999408721924,1.1659499406814575,1.1596499681472778,1.1644999980926514,196980.0
2026-05-21,1.163699984550476,1.1647499799728394,1.1588499546051025,1.1622999906539917,198950.0
2026-05-22,1.1628999710083008,1.1632499694824219,1.1600500345230103,1.1624000072479248,140845.0
2026-05-26,1.1641000509262085,1.166450023651123,1.1627000570297241,1.1640000343322754,188379.0
2026-05-27,1.1641000509262085,1.167199969291687,1.1632499694824219,1.163949966430664,168323.0
2026-05-28,1.1635500192642212,1.1670500040054321,1.1594500541687012,1.1656500101089478,171849.0
2026-05-29,1.1659499406814575,1.1693999767303467,1.1633000373840332,1.1672999858856201,170536.0
2026-06-01,1.1668000221252441,1.1672500371932983,1.1613999605178833,1.163849949836731,184161.0
2026-06-02,1.163849949836731,1.1663000583648682,1.1620500087738037,1.1635500192642212,119362.0
2026-06-03,1.1636500358581543,1.1640000343322754,1.160099983215332,1.1604499816894531,145412.0
2026-06-04,1.1604000329971313,1.1650500297546387,1.1599500179290771,1.1619499921798706,138500.0
2026-06-05,1.1617000102996826,1.1648499965667725,1.1521999835968018,1.152750015258789,271860.0
2026-06-08,1.1519500017166138,1.1558500528335571,1.1503499746322632,1.1532000303268433,269317.0
2026-06-09,1.1538499593734741,1.1581499576568604,1.152999997138977,1.1553000211715698,510220.0
2026-06-10,1.1543500423431396,1.1576000452041626,1.1535999774932861,1.1550999879837036,543048.0
2026-06-11,1.153749942779541,1.1591500043869019,1.1504000425338745,1.1559499502182007,404510.0
2026-06-12,1.1579999923706055,1.159000039100647,1.1557999849319458,1.1575000286102295,83328.0
2026-06-15,1.1600500345230103,1.1620500087738037,1.159500002861023,1.1614500284194946,497.0
2026-06-16,1.1605499982833862,1.1630500555038452,1.1589499711990356,1.162350058555603,932.0
2026-06-17,1.162600040435791,1.162600040435791,1.1489499807357788,1.1549999713897705,1996.0
2026-06-18,1.1516000032424927,1.153749942779541,1.1462500095367432,1.1470999717712402,953.0
2026-06-22,1.1473000049591064,1.1477500200271606,1.1429500579833984,1.1432499885559082,2471.0
2026-06-23,1.1438000202178955,1.1447999477386475,1.138450026512146,1.138800024986267,703.0
2026-06-24,1.1391500234603882,1.1391500234603882,1.1334500312805176,1.1363500356674194,543.0
2026-06-25,1.1363500356674194,1.139549970626831,1.1342999935150146,1.138100028038025,2245.0
2026-06-26,1.1380000114440918,1.1438000202178955,1.1363999843597412,1.1393500566482544,6901.0
2026-06-29,1.138949990272522,1.1434500217437744,1.1387499570846558,1.1432000398635864,3671.0
2026-06-30,1.143049955368042,1.1441500186920166,1.13919997215271,1.1426500082015991,1908.0
2026-07-01,1.1427500247955322,1.1427500247955322,1.1367000341415405,1.138550043106079,431.0
2026-07-02,1.1382999420166016,1.1471999883651733,1.1382499933242798,1.1436500549316406,1183.0
2026-07-06,1.1435500383377075,1.1447999477386475,1.1411499977111816,1.1446499824523926,2161.0
2026-07-07,1.1445000171661377,1.1448999643325806,1.1411499977111816,1.1421500444412231,882.0
2026-07-08,1.1408499479293823,1.1432499885559082,1.139449954032898,1.1427500247955322,619.0
2026-07-09,1.1418999433517456,1.144700050354004,1.1418999433517456,1.143399953842163,2901.0
2026-07-10,1.1444499492645264,1.1460000276565552,1.1413999795913696,1.1416499614715576,1611.0
2026-07-13,1.139299988746643,1.1446000337600708,1.139299988746643,1.141450047492981,1048.0
2026-07-14,1.1403499841690063,1.1476999521255493,1.1399999856948853,1.1439499855041504,1710.0
2026-07-15,1.143399953842163,1.1496000289916992,1.1421500444412231,1.1482000350952148,813.0
2026-07-16,1.1485999822616577,1.148800015449524,1.1445000171661377,1.1452000141143799,2176.0
2026-07-17,1.1458499431610107,1.1464999914169312,1.1439000368118286,1.1448999643325806,388.0
2026-07-20,1.1439499855041504,1.145799994468689,1.141800045967102,1.1427500247955322,491.0
2026-07-21,1.1425000429153442,1.1440500020980835,1.1412500143051147,1.1414999961853027,1302.0
2026-07-22,1.1410000324249268,1.143049955368042,1.1410000324249268,1.142300009727478,284.0
2026-07-23,1.1416499614715576,1.1444499492645264,1.1376999616622925,1.138700008392334,445.0
2026-07-24,1.1389000415802002,1.1406999826431274,1.1377999782562256,1.1380000114440918,411.0
2026-07-27,1.1407500505447388,1.1424000263214111,1.1377500295639038,1.1377500295639038,934.0
2026-07-28,1.1380499601364136,1.1413999795913696,1.1365000009536743,1.1397000551223755,183.0
2026-07-29,1.1393500566482544,1.1477999687194824,1.138550043106079,1.146049976348877,2089.0
2026-07-30,1.1475499868392944,1.1541999578475952,1.1441999673843384,1.1541999578475952,1068.0
2026-07-31,1.1526999473571777,1.1550500392913818,1.1464999914169312,1.1536999940872192,616.0
