date,open,high,low,close,volume
2008-01-02,113.4375,114.5,113.0625,114.390625,816994.0
2008-01-03,114.296875,114.578125,113.921875,114.34375,916555.0
2008-01-04,114.421875,115.234375,114.25,114.984375,1230992.0
2008-01-07,114.84375,115.25,114.671875,115.15625,1076770.0
2008-01-08,115.140625,115.703125,114.6875,115.15625,1222227.0
2008-01-09,115.625,115.734375,115.125,115.46875,1179016.0
2008-01-10,115.203125,115.453125,114.75,114.8125,1364268.0
2008-01-11,114.875,115.640625,114.796875,115.4375,1115885.0
2008-01-14,115.515625,115.765625,115.328125,115.5,760475.0
2008-01-15,115.484375,116.359375,115.484375,116.09375,1280544.0
2008-01-16,116.375,116.703125,115.78125,116.03125,1537787.0
2008-01-17,115.859375,116.828125,115.734375,116.546875,1499816.0
2008-01-18,116.71875,116.8125,116.234375,116.671875,938116.0
2008-01-22,117.52999877929688,118.515625,117.0625,117.83000183105469,2063498.0
2008-01-23,118.1875,119.15625,116.734375,118.203125,2277289.0
2008-01-24,117.046875,117.75,116.015625,116.671875,1879355.0
2008-01-25,116.171875,117.234375,115.75,117.046875,1728905.0
2008-01-28,117.015625,117.5,116.75,117.0,946792.0
2008-01-29,116.9375,117.140625,116.21875,116.53125,1045980.0
2008-01-30,116.265625,116.8125,115.78125,116.0,1193690.0
2008-01-31,116.765625,117.328125,116.515625,116.71875,1461639.0
2008-02-01,116.984375,117.578125,116.515625,117.046875,1647281.0
2008-02-04,117.046875,117.0625,116.59375,116.8125,804856.0
2008-02-05,116.765625,117.78125,116.703125,117.4375,1353986.0
2008-02-06,117.5625,117.796875,117.15625,117.3125,1029594.0
2008-02-07,117.484375,117.8125,115.9375,116.53125,1563621.0
2008-02-08,116.234375,117.21875,116.234375,117.078125,1183396.0
2008-02-11,117.125,117.640625,116.875,117.328125,980403.0
2008-02-12,117.390625,117.453125,116.5,116.890625,1370498.0
2008-02-13,117.0625,117.265625,116.625,116.984375,1358736.0
2008-02-14,116.78125,116.96875,115.984375,116.234375,1633808.0
2008-02-15,116.296875,116.734375,116.078125,116.4375,1020002.0
2008-02-19,116.265625,116.421875,115.328125,115.625,1757938.0
2008-02-20,115.46875,115.90625,115.109375,115.296875,2021818.0
2008-02-21,115.46875,116.734375,115.234375,116.484375,1775630.0
2008-02-22,116.578125,116.875,116.234375,116.5,1244124.0
2008-02-25,116.359375,116.296875,115.5,115.625,1405807.0
2008-02-26,115.625,116.109375,115.375,115.953125,1703387.0
2008-02-27,115.984375,116.65625,115.765625,116.0625,1916436.0
2008-02-28,115.984375,117.546875,115.984375,117.140625,2086539.0
2008-02-29,117.53125,118.828125,117.53125,118.6875,656537.0
2008-03-03,118.828125,118.84375,118.25,118.703125,225334.0
2008-03-04,118.546875,119.109375,118.15625,118.578125,125006.0
2008-03-05,118.3125,118.75,117.796875,118.0,250907.0
2008-03-06,118.015625,118.890625,117.9375,118.53125,128239.0
2008-03-07,118.828125,119.78125,118.65625,119.3125,84733.0
2008-03-10,119.15625,120.203125,119.15625,120.09375,57970.0
2008-03-11,119.984375,120.125,118.5,118.703125,107127.0
2008-03-12,118.703125,120.078125,118.625,119.71875,59598.0
2008-03-13,119.796875,120.5,119.375,119.59375,41705.0
2008-03-14,119.84375,121.15625,119.5625,120.90625,21766.0
2008-03-17,121.109375,121.8125,120.796875,121.6875,28674.0
2008-03-18,121.53125,121.6875,120.515625,120.703125,35684.0
2008-03-19,120.40625,121.625,120.40625,120.9375,1274707.0
2008-03-20,119.734375,119.96875,119.421875,119.828125,602753.0
2008-03-24,119.5625,119.5625,117.828125,118.21875,588347.0
2008-03-25,117.96875,118.6875,117.9375,118.53125,724395.0
2008-03-26,118.4375,118.953125,118.3125,118.65625,739208.0
2008-03-27,118.90625,118.96875,118.078125,118.359375,956368.0
2008-03-28,118.359375,118.9375,118.046875,118.703125,606324.0
2008-03-31,118.859375,119.34375,118.671875,118.953125,761339.0
2008-04-01,119.015625,119.09375,117.390625,117.71875,1210838.0
2008-04-02,117.546875,117.859375,117.125,117.421875,976186.0
2008-04-03,117.34375,117.984375,117.21875,117.421875,738992.0
2008-04-04,117.515625,118.53125,117.296875,118.3125,1080793.0
2008-04-07,118.375,118.375,117.015625,117.484375,718161.0
2008-04-08,117.5625,117.953125,117.359375,117.46875,653182.0
2008-04-09,117.359375,118.4375,117.1875,118.1875,889402.0
2008-04-10,118.140625,118.4375,117.328125,117.546875,908728.0
2008-04-11,117.4375,118.4375,117.328125,118.203125,782325.0
2008-04-14,118.28125,118.65625,117.78125,117.921875,745170.0
2008-04-15,117.90625,118.234375,117.171875,117.40625,948799.0
2008-04-16,117.1875,117.46875,116.453125,116.59375,1085169.0
2008-04-17,116.5625,116.796875,116.078125,116.359375,985254.0
2008-04-18,116.40625,116.5625,115.25,116.140625,929241.0
2008-04-21,116.21875,116.5,115.90625,116.390625,687259.0
2008-04-22,116.28125,116.546875,115.953125,116.25,842245.0
2008-04-23,116.28125,116.5,115.828125,116.078125,777223.0
2008-04-24,116.03125,116.234375,115.03125,115.3125,1115396.0
2008-04-25,115.296875,115.4375,114.625,115.0625,859990.0
2008-04-28,114.953125,115.46875,114.84375,115.34375,544093.0
2008-04-29,115.328125,115.796875,115.25,115.390625,642315.0
2008-04-30,115.40625,116.03125,114.9375,115.8125,859868.0
2008-05-01,115.9375,116.359375,115.515625,115.734375,790698.0
2008-05-02,115.5625,116.109375,114.640625,114.96875,1158164.0
2008-05-05,114.921875,115.4375,114.671875,115.078125,595022.0
2008-05-06,114.953125,115.46875,114.609375,114.84375,777833.0
2008-05-07,114.671875,115.296875,114.453125,115.109375,947165.0
2008-05-08,115.234375,116.03125,115.109375,115.796875,1096700.0
2008-05-09,115.875,116.40625,115.859375,116.0625,862224.0
2008-05-12,116.109375,116.34375,115.78125,116.03125,684455.0
2008-05-13,115.84375,116.203125,114.828125,114.921875,1189697.0
2008-05-14,114.859375,115.21875,114.3125,114.5625,1378270.0
2008-05-15,114.75,115.46875,114.390625,115.28125,1140539.0
2008-05-16,115.40625,115.796875,114.828125,115.21875,1284705.0
2008-05-19,115.21875,115.59375,114.96875,115.40625,849377.0
2008-05-20,115.390625,116.0,115.203125,115.96875,1199782.0
2008-05-21,115.96875,116.0625,115.4375,115.640625,1217396.0
2008-05-22,115.6875,115.8125,114.484375,114.734375,1389437.0
2008-05-23,114.71875,115.5625,114.484375,115.515625,1389437.0
2008-05-27,115.46875,115.546875,114.65625,114.8125,1359148.0
2008-05-28,114.8125,114.984375,113.921875,114.125,1732285.0
2008-05-29,114.09375,114.171875,113.125,113.703125,1917593.0
2008-05-30,113.703125,114.21875,113.671875,113.953125,432519.0
2008-06-02,113.84375,115.0,113.796875,114.84375,236761.0
2008-06-03,114.84375,115.8125,114.453125,115.671875,160042.0
2008-06-04,115.53125,116.0,115.078125,115.4375,100426.0
2008-06-05,115.28125,115.359375,114.515625,114.75,62521.0
2008-06-06,114.59375,115.6875,114.1875,115.421875,61193.0
2008-06-09,115.484375,115.90625,114.34375,114.65625,31762.0
2008-06-10,114.25,114.46875,113.546875,113.734375,18835.0
2008-06-11,113.53125,114.484375,113.46875,113.984375,21964.0
2008-06-12,113.90625,114.078125,112.75,112.953125,17069.0
2008-06-13,112.859375,113.375,112.53125,112.59375,9988.0
2008-06-16,112.796875,113.09375,112.5625,112.75,11836.0
2008-06-17,113.15625,113.328125,112.59375,113.0625,6451.0
2008-06-18,113.1875,113.8125,113.0,113.65625,14505.0
2008-06-19,113.6875,113.984375,113.0625,113.234375,901542.0
2008-07-01,113.890625,114.59375,113.703125,113.875,1232191.0
2008-07-02,113.890625,114.265625,113.53125,114.21875,958065.0
2008-07-03,114.25,114.5625,113.875,114.359375,921215.0
2008-07-07,114.59375,115.453125,114.171875,114.84375,991569.0
2008-07-08,114.96875,115.375,114.765625,115.234375,974771.0
2008-07-09,115.125,115.765625,114.84375,115.5,930863.0
2008-07-10,115.671875,115.875,115.3125,115.671875,1076881.0
2008-07-11,115.65625,115.78125,114.203125,114.421875,1389877.0
2008-07-14,114.15625,115.390625,113.78125,114.96875,1229133.0
2008-07-15,115.109375,116.0625,114.953125,115.421875,1203722.0
2008-07-16,115.59375,115.765625,114.640625,114.875,1168307.0
2008-07-17,114.828125,115.0,113.734375,113.890625,1171065.0
2008-07-18,114.234375,114.453125,113.4375,113.609375,1086041.0
2008-07-21,113.59375,114.0625,113.328125,113.765625,718554.0
2008-07-22,113.921875,114.28125,113.25,113.46875,882641.0
2008-07-23,113.390625,113.421875,112.84375,113.015625,965203.0
2008-07-24,113.234375,114.296875,113.125,114.15625,995122.0
2008-07-25,114.21875,114.5,113.375,113.4375,1105564.0
2008-07-28,113.421875,114.46875,113.390625,114.265625,797229.0
2008-07-29,114.453125,114.46875,113.6875,114.109375,851320.0
2008-07-30,114.15625,114.40625,113.5,114.109375,1059677.0
2008-07-31,114.125,115.140625,113.96875,114.828125,1146131.0
2008-08-01,115.03125,115.296875,114.578125,115.03125,1029427.0
2008-08-04,115.09375,115.3125,114.78125,114.84375,674956.0
2008-08-05,114.90625,115.015625,114.515625,114.703125,681195.0
2008-08-06,114.546875,114.90625,114.0625,114.484375,960931.0
2008-08-07,114.4375,115.75,114.4375,115.59375,1128914.0
2008-08-08,115.640625,115.78125,115.265625,115.3125,826763.0
2008-08-11,115.453125,115.625,114.53125,114.875,655134.0
2008-08-12,114.84375,115.828125,114.828125,115.71875,805504.0
2008-08-13,115.796875,116.015625,115.25,115.40625,806090.0
2008-08-14,115.453125,115.953125,115.1875,115.8125,785906.0
2008-08-15,115.8125,116.453125,115.65625,116.09375,597848.0
2008-08-18,116.203125,116.484375,116.015625,116.390625,478491.0
2008-08-19,116.375,116.671875,116.140625,116.265625,777804.0
2008-08-20,116.328125,116.84375,116.09375,116.65625,778772.0
2008-08-21,116.59375,116.859375,116.125,116.3125,890819.0
2008-08-22,116.359375,116.46875,115.765625,116.015625,852555.0
2008-08-25,116.03125,117.046875,115.953125,116.8125,910191.0
2008-08-26,116.875,117.015625,116.515625,116.78125,975012.0
2008-08-27,116.8125,117.109375,116.296875,116.984375,1447992.0
2008-08-28,117.03125,117.046875,116.515625,116.828125,1204173.0
2008-08-29,116.9375,117.203125,116.25,116.6875,342186.0
2008-09-02,116.65625,117.453125,116.1875,117.390625,230741.0
2008-09-03,117.375,117.75,117.21875,117.6875,130791.0
2008-09-04,117.625,118.09375,117.359375,117.921875,106347.0
2008-09-05,118.140625,118.765625,117.203125,117.609375,78094.0
2008-09-08,116.765625,117.53125,115.90625,117.40625,32474.0
2008-09-09,117.25,118.046875,116.875,117.859375,21003.0
2008-09-10,117.8125,118.0625,117.140625,117.484375,14617.0
2008-09-11,117.453125,118.28125,117.40625,117.640625,16572.0
2008-09-12,117.34375,117.828125,116.796875,116.96875,16446.0
2008-09-15,118.296875,119.828125,118.046875,119.171875,33154.0
2008-09-16,119.390625,120.53125,118.5625,118.984375,19159.0
2008-09-17,118.734375,120.484375,118.484375,119.984375,16957.0
2008-09-18,120.078125,120.3125,118.90625,119.9375,37718.0
2008-09-19,118.21875,118.78125,116.59375,116.828125,1205308.0
2008-09-22,115.28125,115.640625,114.515625,115.140625,828022.0
2008-09-23,115.109375,115.484375,114.578125,114.859375,909342.0
2008-09-24,114.859375,115.65625,114.578125,115.234375,738129.0
2008-09-25,114.984375,115.15625,114.015625,114.34375,870787.0
2008-09-26,114.4375,115.078125,114.3125,114.8125,607197.0
2008-09-29,114.5,118.0,114.28125,116.578125,957117.0
2008-09-30,116.609375,116.796875,114.4375,114.625,804460.0
2008-10-01,114.734375,115.984375,114.578125,115.09375,787990.0
2008-10-02,115.1875,115.75,114.84375,115.5,726071.0
2008-10-03,115.625,116.4375,114.734375,116.0,915336.0
2008-10-06,116.4375,118.046875,116.375,117.96875,824584.0
2008-10-07,117.515625,117.578125,116.546875,117.140625,863292.0
2008-10-08,117.140625,118.0625,114.25,114.9375,1375860.0
2008-10-09,115.359375,115.40625,113.5,113.53125,792911.0
2008-10-10,114.25,114.9375,112.640625,113.546875,654871.0
2008-10-13,113.140625,113.140625,112.1875,112.25,104270.0
2008-10-14,112.203125,112.84375,111.5625,112.140625,583558.0
2008-10-15,111.765625,112.484375,111.5,111.96875,594258.0
2008-10-16,112.40625,112.78125,111.390625,112.296875,702897.0
2008-10-17,112.109375,112.890625,111.46875,111.921875,571559.0
2008-10-20,112.078125,113.3125,111.59375,113.015625,472568.0
2008-10-21,113.1875,114.546875,113.03125,114.5,588416.0
2008-10-22,114.25,115.34375,114.1875,115.25,575139.0
2008-10-23,115.1875,115.96875,114.6875,115.84375,667760.0
2008-10-24,114.9375,116.5,114.875,115.125,585635.0
2008-10-27,115.34375,115.953125,114.734375,115.125,453146.0
2008-10-28,115.25,115.453125,114.09375,114.359375,606093.0
2008-10-29,114.3125,115.171875,113.859375,114.0625,556249.0
2008-10-30,114.265625,114.3125,113.328125,113.578125,491083.0
2008-10-31,113.375,114.6875,113.03125,113.078125,603764.0
2008-11-03,113.109375,113.90625,112.859375,113.796875,312757.0
2008-11-04,113.78125,115.4375,113.375,115.125,451231.0
2008-11-05,115.234375,115.75,114.71875,115.453125,534388.0
2008-11-06,115.375,115.96875,114.734375,115.453125,485787.0
2008-11-07,115.578125,115.953125,114.8125,115.0625,502575.0
2008-11-10,114.78125,115.734375,114.390625,115.53125,330046.0
2008-11-11,115.53125,116.15625,115.46875,116.0,98536.0
2008-11-12,115.734375,116.890625,115.59375,116.65625,495511.0
2008-11-13,116.796875,117.3125,115.921875,116.40625,644247.0
2008-11-14,116.125,117.5,116.109375,116.921875,491582.0
2008-11-17,117.390625,117.6875,116.953125,117.453125,391834.0
2008-11-18,117.609375,118.640625,117.5625,118.46875,569275.0
2008-11-19,118.40625,119.609375,118.375,119.25,728414.0
2008-11-20,119.546875,121.796875,119.3125,120.71875,985951.0
2008-11-21,121.390625,121.484375,119.90625,120.484375,676678.0
2008-11-24,120.046875,120.375,119.234375,119.390625,605288.0
2008-11-25,119.46875,121.75,119.421875,121.171875,921709.0
2008-11-26,121.125,122.75,120.953125,122.359375,588171.0
2008-11-28,122.3125,123.171875,121.875,122.890625,124842.0
2008-12-01,122.90625,125.703125,122.703125,124.828125,189416.0
2008-12-02,124.90625,125.734375,124.484375,125.25,103652.0
2008-12-03,125.234375,126.203125,124.84375,125.953125,50032.0
2008-12-04,125.9375,126.96875,125.765625,126.640625,36853.0
2008-12-05,126.625,127.0625,125.25,125.625,30609.0
2008-12-08,125.484375,125.78125,124.46875,125.328125,30209.0
2008-12-09,125.4375,126.21875,125.015625,125.90625,9115.0
2008-12-10,126.140625,126.28125,125.0,125.671875,14371.0
2008-12-11,125.53125,126.984375,125.390625,126.71875,11013.0
2008-12-12,127.5,128.0,125.5625,127.1875,12118.0
2008-12-15,127.0,127.859375,126.59375,127.484375,7366.0
2008-12-16,128.296875,130.40625,127.328125,129.203125,8024.0
2008-12-17,129.953125,130.796875,129.515625,129.703125,19951.0
2008-12-18,129.78125,130.6875,129.78125,130.09375,28354.0
2008-12-19,129.84375,130.46875,129.28125,129.859375,253925.0
2008-12-22,126.859375,127.453125,126.640625,126.921875,154697.0
2008-12-23,126.796875,127.265625,126.5625,127.140625,137651.0
2008-12-24,126.875,127.34375,125.6875,126.71875,33032.0
2008-12-26,126.640625,127.375,126.640625,127.328125,32837.0
2008-12-29,127.234375,128.3125,127.125,127.75,96299.0
2008-12-30,127.609375,127.984375,126.890625,127.296875,118899.0
2008-12-31,127.671875,127.734375,125.515625,125.75,115346.0
2009-01-02,126.328125,126.765625,124.25,124.296875,206154.0
2009-01-05,124.5,124.78125,123.625,124.171875,400874.0
2009-01-06,124.359375,124.90625,123.28125,124.359375,444146.0
2009-01-07,124.78125,124.875,124.015625,124.484375,372027.0
2009-01-08,124.328125,125.6875,124.265625,125.3125,509890.0
2009-01-09,125.203125,126.34375,124.875,125.546875,482592.0
2009-01-12,125.625,126.359375,125.109375,126.328125,316431.0
2009-01-13,126.234375,126.359375,125.75,126.21875,366535.0
2009-01-14,126.28125,127.484375,125.8125,126.96875,508269.0
2009-01-15,127.125,127.515625,126.71875,127.015625,454528.0
2009-01-16,126.859375,126.875,125.40625,126.53125,513810.0
2009-01-20,125.828125,126.421875,124.5,126.265625,692677.0
2009-01-21,125.96875,125.96875,124.578125,124.75,496284.0
2009-01-22,124.671875,125.0625,123.703125,124.140625,684783.0
2009-01-23,124.25,124.765625,123.328125,123.90625,598290.0
2009-01-26,123.890625,124.109375,123.171875,123.65625,490652.0
2009-01-27,123.59375,124.75,123.34375,124.71875,461231.0
2009-01-28,124.484375,124.9375,123.578125,123.84375,575605.0
2009-01-29,123.796875,124.046875,122.34375,122.828125,587778.0
2009-01-30,122.53125,123.578125,122.453125,122.671875,587778.0
2009-02-02,122.65625,123.921875,122.609375,123.71875,389943.0
2009-02-03,123.8125,123.828125,122.109375,122.546875,493337.0
2009-02-04,122.1875,122.546875,121.53125,122.109375,627179.0
2009-02-05,121.96875,122.75,121.875,122.375,490157.0
2009-02-06,122.28125,122.578125,121.578125,121.828125,515504.0
2009-02-09,121.8125,122.03125,121.296875,121.5625,364737.0
2009-02-10,121.703125,123.421875,121.59375,123.09375,740724.0
2009-02-11,123.25,123.9375,123.078125,123.671875,574587.0
2009-02-12,123.6875,124.328125,123.53125,124.15625,654431.0
2009-02-13,123.640625,123.84375,122.53125,122.703125,514292.0
2009-02-17,123.015625,124.671875,122.625,124.4375,688889.0
2009-02-18,124.546875,124.78125,123.25,123.671875,806978.0
2009-02-19,123.359375,123.640625,122.25,122.53125,798006.0
2009-02-20,122.609375,124.15625,122.5625,123.3125,823669.0
2009-02-23,123.09375,123.40625,122.359375,123.171875,710141.0
2009-02-24,123.234375,123.796875,122.71875,122.859375,778143.0
2009-02-25,122.796875,123.0625,121.546875,121.625,1000549.0
2009-02-26,121.8125,122.046875,121.078125,121.71875,991138.0
2009-02-27,121.671875,122.515625,121.40625,121.703125,286061.0
2009-03-02,121.921875,123.40625,121.921875,123.03125,99794.0
2009-03-03,123.265625,123.40625,122.5625,122.6875,82465.0
2009-03-04,123.109375,123.109375,121.75,121.953125,76068.0
2009-03-05,122.1875,123.71875,121.9375,123.453125,50719.0
2009-03-06,123.375,124.0625,123.03125,123.453125,41438.0
2009-03-09,123.125,123.4375,122.609375,123.171875,19614.0
2009-03-10,123.328125,123.34375,122.1875,122.34375,35531.0
2009-03-11,122.203125,123.140625,121.9375,122.921875,34378.0
2009-03-12,122.96875,123.6875,122.859375,123.125,30098.0
2009-03-13,123.296875,123.71875,122.421875,123.3125,8055.0
2009-03-16,123.0625,123.5,122.65625,122.875,5942.0
2009-03-17,122.71875,123.234375,122.296875,122.390625,7988.0
2009-03-18,122.578125,127.0,122.34375,126.796875,4163.0
2009-03-19,126.28125,127.046875,125.9375,126.0,8724.0
2009-03-20,126.0625,126.484375,125.65625,125.859375,520145.0
2009-03-23,124.5,124.84375,124.09375,124.28125,418132.0
2009-03-24,124.203125,124.34375,123.453125,124.1875,717232.0
2009-03-25,123.828125,124.015625,122.8125,123.171875,722581.0
2009-03-26,123.046875,123.78125,122.75,123.65625,667485.0
2009-03-27,123.5625,123.9375,123.125,123.328125,433433.0
2009-03-30,123.46875,124.171875,123.328125,123.765625,510346.0
2009-03-31,123.71875,124.21875,123.5,124.078125,437242.0
2009-04-01,124.21875,124.421875,123.90625,124.28125,485860.0
2009-04-02,124.21875,124.5625,123.15625,123.375,605812.0
2009-04-03,123.328125,123.40625,121.953125,121.96875,753270.0
2009-04-06,122.140625,122.4375,121.8125,121.84375,474417.0
2009-04-07,121.96875,122.421875,121.921875,122.1875,415202.0
2009-04-08,122.1875,122.828125,122.109375,122.75,516614.0
2009-04-09,122.65625,122.75,121.921875,122.328125,505952.0
2009-04-13,122.1875,123.25,122.1875,123.109375,333548.0
2009-04-14,123.046875,123.71875,122.875,123.59375,481761.0
2009-04-15,123.578125,123.859375,123.265625,123.796875,523504.0
2009-04-16,123.75,123.78125,123.03125,123.21875,504920.0
2009-04-17,123.171875,123.3125,122.0625,122.28125,584160.0
2009-04-20,122.21875,123.203125,122.15625,123.03125,501166.0
2009-04-21,123.046875,123.46875,122.3125,122.40625,689667.0
2009-04-22,122.390625,122.625,121.84375,121.921875,640309.0
2009-04-23,122.03125,122.1875,121.53125,122.078125,671530.0
2009-04-24,122.078125,122.171875,121.40625,121.546875,485530.0
2009-04-27,121.703125,122.34375,121.65625,122.296875,609303.0
2009-04-28,122.28125,122.703125,121.53125,121.671875,686531.0
2009-04-29,121.59375,121.953125,120.5,121.125,770215.0
2009-04-30,121.03125,121.25,120.546875,120.9375,641782.0
2009-05-01,121.0,121.109375,120.453125,120.75,382000.0
2009-05-04,120.796875,121.046875,120.53125,120.90625,371714.0
2009-05-05,120.84375,121.109375,120.5625,120.953125,472845.0
2009-05-06,120.890625,121.4375,120.59375,121.109375,613013.0
2009-05-07,120.953125,121.0625,119.875,120.25,858139.0
2009-05-08,120.03125,120.65625,119.703125,120.359375,679021.0
2009-05-11,120.421875,121.375,120.40625,121.265625,679021.0
2009-05-12,121.25,121.5,120.859375,121.296875,574302.0
2009-05-13,121.234375,121.90625,120.953125,121.734375,649050.0
2009-05-14,121.625,122.0625,121.484375,121.671875,528079.0
2009-05-15,121.796875,121.921875,121.1875,121.515625,531520.0
2009-05-18,121.453125,121.75,120.578125,120.828125,556584.0
2009-05-19,120.671875,120.765625,120.328125,120.65625,645954.0
2009-05-20,120.59375,121.203125,120.375,120.953125,716545.0
2009-05-21,120.9375,121.34375,119.65625,119.921875,1080205.0
2009-05-22,119.78125,120.109375,119.078125,119.171875,673648.0
2009-05-26,119.15625,119.578125,118.296875,118.734375,990408.0
2009-05-27,118.3125,118.6875,117.140625,117.515625,1502078.0
2009-05-28,117.328125,118.03125,116.9375,117.515625,1469628.0
2009-05-29,117.734375,118.75,117.625,118.625,319268.0
2009-06-01,118.359375,118.453125,116.875,117.046875,96154.0
2009-06-02,117.25,117.609375,116.828125,117.234375,81421.0
2009-06-03,117.40625,118.0625,117.140625,117.828125,63957.0
2009-06-04,117.828125,117.859375,116.484375,116.703125,31296.0
2009-06-05,116.71875,116.75,115.046875,115.125,23472.0
2009-06-08,115.140625,115.53125,114.75,114.984375,11979.0
2009-06-09,115.046875,115.5625,115.015625,115.390625,6315.0
2009-06-10,115.3125,115.40625,114.59375,115.078125,7485.0
2009-06-11,115.078125,116.03125,114.5,115.71875,5737.0
2009-06-12,115.78125,116.3125,115.6875,116.03125,5810.0
2009-06-15,115.015625,116.546875,115.015625,116.453125,6119.0
2009-06-16,116.5,116.921875,116.0,116.75,10669.0
2009-06-17,116.84375,117.40625,116.5,116.96875,10063.0
2009-06-18,116.90625,116.90625,115.515625,115.65625,8356.0
2009-06-19,115.4375,116.109375,115.28125,116.03125,612918.0
2009-06-22,114.4375,115.25,114.25,115.140625,538689.0
2009-06-23,115.21875,115.59375,114.84375,115.484375,701532.0
2009-06-24,115.515625,116.09375,114.984375,115.1875,831128.0
2009-06-25,115.171875,116.34375,114.828125,116.203125,905455.0
2009-06-26,116.234375,116.515625,115.828125,116.40625,644965.0
2009-06-29,116.296875,116.71875,116.109375,116.453125,521032.0
2009-06-30,116.484375,116.609375,115.765625,116.265625,880715.0
2009-07-01,116.265625,116.375,115.671875,116.265625,701172.0
2009-07-02,116.328125,117.0625,116.15625,116.84375,687226.0
2009-07-06,116.875,117.0625,116.625,116.84375,531278.0
2009-07-07,116.765625,117.390625,116.546875,117.28125,691052.0
2009-07-08,117.328125,118.71875,117.28125,118.625,960140.0
2009-07-09,118.453125,118.46875,117.703125,117.859375,802745.0
2009-07-10,117.90625,119.0,117.890625,118.703125,637711.0
2009-07-13,118.75,119.0,118.203125,118.328125,505548.0
2009-07-14,118.265625,118.46875,117.53125,117.78125,904992.0
2009-07-15,117.578125,117.75,116.453125,116.703125,1017449.0
2009-07-16,116.640625,117.421875,116.640625,117.015625,799503.0
2009-07-17,116.875,117.265625,116.265625,116.390625,715295.0
2009-07-20,116.328125,117.125,115.828125,117.0,591013.0
2009-07-21,116.84375,118.03125,116.453125,117.78125,968889.0
2009-07-22,117.703125,117.921875,117.140625,117.234375,713122.0
2009-07-23,117.296875,117.484375,115.96875,116.03125,959039.0
2009-07-24,116.28125,116.5,116.015625,116.375,544993.0
2009-07-27,116.421875,116.46875,115.609375,116.046875,569051.0
2009-07-28,115.9375,116.71875,115.78125,116.078125,730450.0
2009-07-29,116.078125,116.5,115.484375,116.0,762678.0
2009-07-30,115.96875,116.453125,115.53125,116.1875,771377.0
2009-07-31,116.375,117.453125,116.046875,117.28125,842917.0
2009-08-03,117.34375,117.34375,115.84375,116.1875,812746.0
2009-08-04,116.265625,116.59375,115.65625,116.046875,766545.0
2009-08-05,115.921875,116.46875,115.40625,115.515625,1003578.0
2009-08-06,115.578125,116.0,115.328125,115.75,789475.0
2009-08-07,115.703125,115.859375,114.65625,114.9375,856785.0
2009-08-10,114.90625,115.703125,114.6875,115.640625,504867.0
2009-08-11,115.515625,116.25,115.359375,116.09375,786046.0
2009-08-12,116.171875,116.546875,115.421875,116.171875,786625.0
2009-08-13,116.0625,117.15625,115.640625,117.015625,993595.0
2009-08-14,116.890625,117.8125,116.78125,117.265625,765358.0
2009-08-17,117.234375,117.984375,117.203125,117.75,589467.0
2009-08-18,117.84375,117.875,117.453125,117.515625,601578.0
2009-08-19,117.609375,118.453125,117.53125,117.96875,944592.0
2009-08-20,118.046875,118.21875,117.59375,118.109375,643131.0
2009-08-21,118.125,118.578125,117.03125,117.15625,920138.0
2009-08-24,117.046875,117.703125,116.828125,117.5625,821155.0
2009-08-25,117.65625,117.96875,117.328125,117.875,860756.0
2009-08-26,117.96875,118.15625,117.75,118.0,1041353.0
2009-08-27,118.0,118.3125,117.484375,117.859375,1305522.0
2009-08-28,117.921875,118.1875,117.4375,118.03125,839546.0
2009-08-31,118.1875,118.640625,117.984375,118.546875,159723.0
2009-09-01,118.5,119.09375,118.125,118.859375,120794.0
2009-09-02,118.9375,119.484375,118.78125,119.390625,60784.0
2009-09-03,119.3125,119.34375,118.890625,119.09375,44884.0
2009-09-04,118.90625,119.09375,118.3125,118.390625,44884.0
2009-09-08,118.421875,118.765625,118.265625,118.4375,46932.0
2009-09-09,118.34375,118.53125,118.046875,118.375,18236.0
2009-09-10,118.34375,119.359375,118.28125,119.28125,13813.0
2009-09-11,118.96875,119.875,118.75,119.359375,10116.0
2009-09-14,119.28125,119.4375,118.8125,118.984375,12712.0
2009-09-15,119.0,119.0,118.40625,118.65625,8933.0
2009-09-16,118.734375,119.15625,118.1875,118.375,8974.0
2009-09-17,118.390625,118.984375,118.125,118.890625,5410.0
2009-09-18,118.96875,119.046875,118.25,118.328125,6889.0
2009-09-21,118.46875,118.859375,118.375,118.75,666462.0
2009-09-22,116.859375,117.203125,116.59375,117.03125,667814.0
2009-09-23,117.09375,117.515625,116.640625,117.4375,853440.0
2009-09-24,117.390625,117.9375,117.265625,117.703125,848695.0
2009-09-25,117.734375,118.140625,117.53125,117.984375,749418.0
2009-09-28,118.046875,118.3125,117.859375,118.1875,466912.0
2009-09-29,118.28125,118.359375,117.796875,118.296875,773701.0
2009-09-30,118.328125,118.515625,118.0625,118.328125,939177.0
2009-10-01,118.328125,119.421875,118.21875,119.265625,1156105.0
2009-10-02,119.359375,119.90625,119.09375,119.21875,1259625.0
2009-10-05,119.21875,119.546875,119.125,119.1875,656854.0
2009-10-06,119.296875,119.296875,118.90625,119.125,761970.0
2009-10-07,119.015625,119.765625,119.0,119.71875,807060.0
2009-10-08,119.609375,119.75,119.09375,119.15625,912034.0
2009-10-09,119.171875,119.265625,118.09375,118.28125,1063525.0
2009-10-12,118.21875,118.78125,118.140625,118.546875,138543.0
2009-10-13,118.59375,119.03125,118.484375,118.90625,698467.0
2009-10-14,118.65625,118.734375,118.0,118.15625,1002530.0
2009-10-15,118.203125,118.328125,117.703125,117.765625,1019743.0
2009-10-16,117.78125,118.234375,117.640625,118.125,712649.0
2009-10-19,118.0625,118.359375,117.828125,118.234375,585808.0
2009-10-20,118.21875,118.84375,118.078125,118.640625,755302.0
2009-10-21,118.609375,118.734375,117.890625,118.015625,929560.0
2009-10-22,118.203125,118.28125,117.703125,117.96875,847646.0
2009-10-23,117.9375,117.9375,117.375,117.59375,837447.0
2009-10-26,117.421875,117.5625,116.875,117.078125,963553.0
2009-10-27,117.03125,117.984375,116.984375,117.921875,960100.0
2009-10-28,117.921875,118.453125,117.78125,118.25,998092.0
2009-10-29,118.234375,118.40625,117.453125,117.71875,1096483.0
2009-10-30,117.734375,118.703125,117.65625,118.609375,1067367.0
2009-11-02,118.765625,118.8125,118.28125,118.484375,744279.0
2009-11-03,118.484375,118.890625,117.984375,118.15625,930628.0
2009-11-04,118.1875,118.265625,117.546875,117.828125,958980.0
2009-11-05,117.890625,118.21875,117.765625,118.078125,762209.0
2009-11-06,118.0625,118.6875,117.984375,118.421875,1204699.0
2009-11-09,118.4375,118.703125,118.21875,118.53125,551117.0
2009-11-10,118.515625,118.90625,118.40625,118.578125,776738.0
2009-11-11,118.625,119.125,118.46875,119.03125,237899.0
2009-11-12,118.859375,119.078125,118.25,118.921875,969804.0
2009-11-13,118.890625,119.0625,118.75,118.953125,629928.0
2009-11-16,118.984375,119.71875,118.921875,119.6875,849933.0
2009-11-17,119.609375,119.859375,119.3125,119.75,773704.0
2009-11-18,119.765625,119.8125,119.375,119.4375,775864.0
2009-11-19,119.453125,119.90625,119.375,119.65625,798621.0
2009-11-20,119.734375,119.984375,119.453125,119.5625,812742.0
2009-11-23,119.515625,119.6875,119.125,119.625,859730.0
2009-11-24,119.671875,120.25,119.609375,120.09375,1090177.0
2009-11-25,120.171875,120.609375,119.90625,120.46875,1404749.0
2009-11-27,120.515625,121.671875,120.515625,121.078125,705831.0
2009-11-30,120.984375,121.21875,120.84375,121.171875,215023.0
2009-12-01,121.1875,121.21875,120.734375,120.828125,109617.0
2009-12-02,120.765625,120.890625,120.421875,120.40625,59921.0
2009-12-03,120.4375,120.453125,119.796875,120.0625,56889.0
2009-12-04,120.0625,120.21875,118.9375,119.203125,51589.0
2009-12-07,119.03125,119.734375,119.03125,119.578125,17961.0
2009-12-08,119.671875,120.359375,119.5625,120.140625,21503.0
2009-12-09,120.15625,120.328125,119.78125,120.03125,8419.0
2009-12-10,119.859375,120.03125,119.140625,119.515625,19749.0
2009-12-11,119.390625,119.453125,118.796875,119.015625,6529.0
2009-12-14,119.1875,119.375,118.84375,118.921875,3752.0
2009-12-15,119.0,119.03125,118.46875,118.609375,11290.0
2009-12-16,118.765625,119.0625,118.578125,118.71875,2364.0
2009-12-17,118.765625,119.609375,118.765625,119.53125,14927.0
2009-12-18,119.609375,119.703125,119.109375,119.109375,8728.0
2009-12-21,119.0,119.125,118.140625,118.296875,560228.0
2009-12-22,116.671875,116.71875,116.109375,116.234375,582318.0
2009-12-23,116.1875,116.53125,115.890625,116.125,341446.0
2009-12-24,116.078125,116.25,115.65625,115.71875,117262.0
2009-12-28,115.75,115.78125,115.328125,115.515625,251644.0
2009-12-29,115.46875,115.765625,115.296875,115.65625,360260.0
2009-12-30,115.640625,115.859375,115.5625,115.84375,362111.0
2009-12-31,115.765625,115.765625,114.890625,115.453125,315230.0
2010-01-04,115.1875,115.734375,114.96875,115.53125,611675.0
2010-01-05,115.65625,116.265625,115.59375,116.203125,750738.0
2010-01-06,116.125,116.171875,115.640625,115.96875,854860.0
2010-01-07,115.859375,116.046875,115.5625,115.84375,689962.0
2010-01-08,115.796875,116.3125,115.59375,116.03125,689962.0
2010-01-11,115.828125,116.1875,115.75,116.03125,689962.0
2010-01-12,116.046875,116.84375,116.03125,116.75,689962.0
2010-01-13,116.78125,116.84375,116.25,116.390625,937304.0
2010-01-14,116.3125,116.9375,116.265625,116.75,880765.0
2010-01-15,116.703125,117.4375,116.671875,117.28125,945694.0
2010-01-19,117.3125,117.53125,116.9375,117.078125,848586.0
2010-01-20,117.125,117.609375,117.109375,117.40625,821765.0
2010-01-21,117.40625,117.9375,117.171875,117.8125,1190895.0
2010-01-22,117.90625,118.046875,117.71875,117.90625,960239.0
2010-01-25,117.765625,117.875,117.546875,117.734375,583391.0
2010-01-26,117.734375,118.21875,117.65625,117.828125,765667.0
2010-01-27,117.84375,118.28125,117.5625,117.65625,1068542.0
2010-01-28,117.625,117.875,117.25,117.703125,1184205.0
2010-01-29,117.84375,118.4375,117.34375,118.15625,1211739.0
2010-02-01,118.28125,118.296875,117.71875,117.859375,752572.0
2010-02-02,117.859375,118.046875,117.65625,118.015625,611935.0
2010-02-03,118.0,118.0,117.5,117.578125,935940.0
2010-02-04,117.5625,118.40625,117.515625,118.25,1220163.0
2010-02-05,118.25,118.953125,118.0625,118.859375,1664425.0
2010-02-08,118.734375,118.765625,118.4375,118.484375,677849.0
2010-02-09,118.71875,118.734375,118.125,118.234375,1183893.0
2010-02-10,118.171875,118.453125,117.765625,117.90625,1100423.0
2010-02-11,117.921875,118.046875,117.5,117.765625,1037379.0
2010-02-12,117.796875,118.25,117.75,118.078125,884934.0
2010-02-16,118.078125,118.421875,117.796875,118.3125,768421.0
2010-02-17,118.296875,118.3125,117.515625,117.671875,936955.0
2010-02-18,117.671875,117.875,117.03125,117.203125,1443270.0
2010-02-19,117.015625,117.390625,116.890625,117.1875,1038265.0
2010-02-22,117.1875,117.296875,117.046875,117.1875,791221.0
2010-02-23,117.1875,118.171875,117.125,118.046875,1652302.0
2010-02-24,118.078125,118.34375,117.859375,118.078125,1610296.0
2010-02-25,118.09375,118.671875,118.015625,118.5625,1423304.0
2010-02-26,118.59375,118.953125,118.484375,118.90625,359041.0
2010-03-01,118.65625,118.96875,118.578125,118.875,157926.0
2010-03-02,118.84375,118.953125,118.5625,118.890625,61412.0
2010-03-03,118.90625,118.96875,118.59375,118.90625,61013.0
2010-03-04,118.953125,119.171875,118.671875,118.96875,69366.0
2010-03-05,118.984375,119.078125,118.28125,118.5,34657.0
2010-03-08,118.5,118.5,118.203125,118.375,15765.0
2010-03-09,118.375,118.671875,118.359375,118.515625,20205.0
2010-03-10,118.5625,118.5625,118.171875,118.34375,8720.0
2010-03-11,118.3125,118.359375,118.0,118.25,6293.0
2010-03-12,118.140625,118.515625,117.75,118.25,14707.0
2010-03-15,118.3125,118.421875,118.09375,118.3125,4240.0
2010-03-16,118.375,118.828125,118.171875,118.765625,6129.0
2010-03-17,118.75,118.84375,118.671875,118.765625,19656.0
2010-03-18,118.890625,118.890625,118.453125,118.5,10169.0
2010-03-19,118.53125,118.625,118.203125,118.359375,6300.0
2010-03-22,118.375,118.703125,118.375,118.640625,598549.0
2010-03-23,117.296875,117.46875,117.203125,117.28125,587672.0
2010-03-24,117.203125,117.296875,115.890625,116.09375,1676497.0
2010-03-25,116.0,116.15625,115.28125,115.546875,1580377.0
2010-03-26,115.734375,116.046875,115.515625,115.953125,944486.0
2010-03-29,115.921875,116.078125,115.6875,115.9375,693670.0
2010-03-30,115.890625,116.03125,115.625,115.9375,783510.0
2010-03-31,115.984375,116.375,115.890625,116.25,1014099.0
2010-04-01,116.1875,116.25,115.8125,116.03125,888553.0
2010-04-05,115.3125,115.421875,114.828125,115.0,641298.0
2010-04-06,115.046875,115.484375,115.03125,115.21875,966662.0
2010-04-07,115.34375,116.0625,115.296875,116.015625,1194194.0
2010-04-08,116.015625,116.28125,115.75,115.8125,974637.0
2010-04-09,115.796875,116.0,115.578125,115.90625,764399.0
2010-04-12,115.828125,116.4375,115.609375,116.25,883541.0
2010-04-13,116.28125,116.6875,116.234375,116.578125,1136846.0
2010-04-14,116.453125,116.671875,116.1875,116.28125,1014960.0
2010-04-15,116.234375,116.578125,116.078125,116.390625,1025304.0
2010-04-16,116.5,117.265625,116.46875,117.078125,1412842.0
2010-04-19,117.1875,117.421875,116.78125,116.796875,826925.0
2010-04-20,116.8125,116.90625,116.578125,116.765625,803719.0
2010-04-21,116.75,117.203125,116.609375,117.1875,851219.0
2010-04-22,117.171875,117.421875,116.734375,116.828125,1195297.0
2010-04-23,116.84375,116.96875,116.3125,116.453125,1081544.0
2010-04-26,116.515625,116.8125,116.3125,116.578125,758120.0
2010-04-27,116.640625,117.84375,116.609375,117.65625,1594625.0
2010-04-28,117.6875,117.9375,116.953125,117.0,1565336.0
2010-04-29,117.0625,117.453125,116.90625,117.4375,982373.0
2010-04-30,117.421875,117.96875,117.265625,117.90625,1132647.0
2010-05-03,117.8125,117.8125,117.4375,117.484375,613266.0
2010-05-04,117.609375,118.3125,117.53125,118.140625,1323655.0
2010-05-05,118.1875,119.140625,118.0625,118.671875,1634975.0
2010-05-06,118.75,121.046875,118.375,119.921875,2071540.0
2010-05-07,119.875,120.671875,118.890625,119.6875,2093465.0
2010-05-10,119.3125,119.3125,118.375,118.9375,1339715.0
2010-05-11,118.90625,119.5625,118.703125,119.015625,1145042.0
2010-05-12,119.140625,119.40625,118.6875,118.796875,1009049.0
2010-05-13,118.75,119.109375,118.484375,118.859375,1110421.0
2010-05-14,119.125,120.03125,119.0,119.765625,1331469.0
2010-05-17,119.640625,120.265625,119.375,119.578125,1216411.0
2010-05-18,119.4375,120.40625,119.3125,120.203125,1441663.0
2010-05-19,120.390625,120.6875,120.03125,120.25,1618521.0
2010-05-20,120.109375,121.5,120.109375,120.953125,2065437.0
2010-05-21,121.3125,122.109375,120.9375,121.3125,2114686.0
2010-05-24,121.0625,121.609375,121.03125,121.171875,1480879.0
2010-05-25,121.421875,122.453125,121.390625,121.671875,2139365.0
2010-05-26,121.5625,121.71875,120.765625,121.15625,2339058.0
2010-05-27,121.390625,121.421875,120.140625,120.3125,1987347.0
2010-05-28,120.203125,120.71875,120.171875,120.671875,439517.0
2010-06-01,120.578125,121.3125,120.375,120.671875,220220.0
2010-06-02,120.90625,120.984375,120.265625,120.375,127566.0
2010-06-03,120.375,120.453125,119.6875,120.1875,66260.0
2010-06-04,120.25,121.59375,120.140625,121.546875,83088.0
2010-06-07,121.765625,122.03125,121.25,121.65625,60642.0
2010-06-08,121.859375,121.96875,121.53125,121.8125,88265.0
2010-06-09,121.625,121.8125,121.265625,121.640625,54838.0
2010-06-10,121.703125,121.703125,120.59375,120.625,23257.0
2010-06-11,120.59375,121.390625,120.59375,121.390625,29209.0
2010-06-14,121.0,121.109375,120.515625,120.953125,28906.0
2010-06-15,121.0625,121.234375,120.65625,120.71875,16707.0
2010-06-16,120.703125,121.25,120.6875,120.890625,18562.0
2010-06-17,121.15625,121.65625,120.796875,121.546875,17874.0
2010-06-18,121.46875,121.609375,121.21875,121.265625,7502.0
2010-06-21,121.09375,121.15625,120.625,121.15625,924787.0
2010-06-22,120.296875,121.0,120.078125,120.90625,966898.0
2010-06-23,120.890625,121.5,120.765625,121.359375,1135193.0
2010-06-24,121.3125,121.78125,121.15625,121.328125,1256776.0
2010-06-25,121.21875,121.796875,121.109375,121.484375,1095906.0
2010-06-28,121.609375,122.265625,121.5,122.140625,866717.0
2010-06-29,122.234375,122.703125,122.109375,122.53125,1358633.0
2010-06-30,122.65625,122.84375,122.25,122.546875,1143229.0
2010-07-01,122.6875,123.03125,122.421875,122.609375,1316706.0
2010-07-02,122.484375,122.78125,122.125,122.3125,1157389.0
2010-07-06,122.359375,122.828125,122.203125,122.734375,949430.0
2010-07-07,122.734375,122.859375,122.34375,122.4375,870461.0
2010-07-08,122.359375,122.46875,121.828125,122.15625,1133187.0
2010-07-09,122.03125,122.171875,121.84375,121.921875,674825.0
2010-07-12,121.9375,122.34375,121.890625,122.109375,797657.0
2010-07-13,122.0,122.34375,121.515625,121.65625,1082549.0
2010-07-14,121.5625,122.3125,121.453125,122.234375,1309413.0
2010-07-15,122.234375,122.890625,121.9375,122.78125,1431773.0
2010-07-16,122.578125,123.421875,122.546875,123.203125,1137303.0
2010-07-19,123.375,123.421875,122.921875,123.03125,707638.0
2010-07-20,123.09375,123.546875,122.921875,123.234375,1067189.0
2010-07-21,123.09375,123.75,123.0,123.5,1171157.0
2010-07-22,123.546875,123.6875,123.0,123.171875,952860.0
2010-07-23,123.140625,123.28125,122.640625,122.671875,1134525.0
2010-07-26,122.6875,122.84375,122.375,122.734375,806027.0
2010-07-27,122.734375,122.828125,122.203125,122.328125,998211.0
2010-07-28,122.3125,122.9375,122.234375,122.859375,1060425.0
2010-07-29,122.90625,123.46875,122.765625,123.09375,1323233.0
2010-07-30,123.234375,123.890625,123.203125,123.8125,1185206.0
2010-08-02,123.765625,123.78125,123.390625,123.421875,712437.0
2010-08-03,123.4375,124.171875,123.40625,123.984375,991446.0
2010-08-04,124.015625,124.25,123.5625,123.625,1024263.0
2010-08-05,123.625,124.046875,123.5,123.890625,962022.0
2010-08-06,123.9375,124.6875,123.78125,124.578125,1302106.0
2010-08-09,124.578125,124.75,124.453125,124.515625,606807.0
2010-08-10,124.5,125.21875,124.296875,124.984375,1225018.0
2010-08-11,125.078125,125.671875,125.078125,125.609375,1362924.0
2010-08-12,125.578125,125.734375,125.1875,125.34375,1191629.0
2010-08-13,125.3125,125.640625,125.234375,125.578125,838514.0
2010-08-16,125.578125,126.25,125.546875,126.203125,1008381.0
2010-08-17,126.1875,126.203125,125.546875,125.671875,1022565.0
2010-08-18,125.65625,126.046875,125.53125,125.609375,993995.0
2010-08-19,125.6875,126.15625,125.203125,125.953125,1468059.0
2010-08-20,125.875,126.25,125.4375,125.53125,984744.0
2010-08-23,125.484375,125.8125,125.296875,125.65625,824400.0
2010-08-24,125.765625,126.75,125.71875,126.40625,1556615.0
2010-08-25,126.46875,126.875,125.8125,125.921875,1901405.0
2010-08-26,126.046875,126.34375,125.875,126.21875,1679437.0
2010-08-27,126.328125,126.421875,125.078125,125.1875,2060149.0
2010-08-30,125.109375,126.265625,124.921875,126.09375,1339427.0
2010-08-31,126.203125,126.65625,126.109375,126.5,485562.0
2010-09-01,126.5,126.5,125.34375,125.734375,213030.0
2010-09-02,125.796875,125.921875,125.421875,125.5,76953.0
2010-09-03,125.5,125.703125,124.609375,125.0,94834.0
2010-09-07,124.859375,125.859375,124.796875,125.828125,56842.0
2010-09-08,125.8125,126.046875,125.296875,125.421875,36640.0
2010-09-09,125.4375,125.65625,124.625,124.65625,36316.0
2010-09-10,124.640625,124.90625,124.234375,124.421875,23435.0
2010-09-13,124.265625,125.03125,124.0,124.9375,12969.0
2010-09-14,124.84375,125.5,124.84375,125.453125,8342.0
2010-09-15,125.328125,125.640625,125.0625,125.21875,12714.0
2010-09-16,125.421875,125.53125,124.765625,125.0,15547.0
2010-09-17,124.875,125.40625,124.65625,125.234375,16229.0
2010-09-20,125.46875,125.578125,125.15625,125.515625,9264.0
2010-09-21,125.59375,125.90625,125.59375,125.75,1455712.0
2010-09-22,125.4375,125.953125,125.4375,125.5625,1325882.0
2010-09-23,125.53125,126.078125,125.34375,125.578125,1189115.0
2010-09-24,125.59375,125.796875,125.15625,125.21875,1184606.0
2010-09-27,125.234375,126.03125,125.21875,125.953125,843789.0
2010-09-28,125.859375,126.484375,125.734375,126.4375,1321406.0
2010-09-29,126.34375,126.4375,126.078125,126.15625,1195434.0
2010-09-30,126.140625,126.421875,125.3125,126.046875,1525012.0
2010-10-01,126.109375,126.25,125.578125,126.078125,1234193.0
2010-10-04,126.1875,126.546875,126.171875,126.46875,778652.0
2010-10-05,126.4375,126.8125,126.4375,126.640625,1144918.0
2010-10-06,126.671875,127.46875,126.609375,127.09375,1304437.0
2010-10-07,127.21875,127.25,127.203125,127.140625,1027586.0
2010-10-08,127.21875,127.65625,126.796875,127.3125,1357571.0
2010-10-11,127.28125,127.453125,127.28125,127.4375,101360.0
2010-10-12,127.375,127.6875,126.96875,127.078125,941149.0
2010-10-13,127.015625,127.265625,126.703125,127.21875,1062785.0
2010-10-14,127.234375,127.28125,126.53125,126.671875,1319817.0
2010-10-15,126.59375,127.09375,126.0625,126.234375,1720019.0
2010-10-18,126.265625,126.953125,126.265625,126.890625,865161.0
2010-10-19,126.75,127.1875,126.390625,127.03125,1185218.0
2010-10-20,126.9375,127.21875,126.671875,127.046875,962548.0
2010-10-21,126.953125,127.046875,126.46875,126.640625,1031942.0
2010-10-22,126.53125,126.703125,126.296875,126.421875,812150.0
2010-10-25,126.4375,126.953125,126.28125,126.421875,958638.0
2010-10-26,126.3125,126.4375,125.625,125.71875,1367643.0
2010-10-27,125.671875,125.765625,125.046875,125.21875,1376068.0
2010-10-28,125.109375,126.0,125.0625,125.859375,1220406.0
2010-10-29,125.859375,126.40625,125.78125,126.28125,1131171.0
2010-11-01,126.28125,126.671875,126.078125,126.3125,989795.0
2010-11-02,126.25,126.609375,126.1875,126.53125,722049.0
2010-11-03,126.53125,127.0625,126.125,126.578125,1346316.0
2010-11-04,127.015625,128.03125,127.0,127.75,1676657.0
2010-11-05,127.75,127.890625,127.0625,127.421875,1676657.0
2010-11-08,127.484375,127.65625,127.3125,127.359375,687796.0
2010-11-09,127.421875,127.671875,126.40625,126.53125,1334465.0
2010-11-10,126.53125,127.03125,125.875,126.96875,1714486.0
2010-11-11,127.015625,127.234375,126.421875,126.484375,295934.0
2010-11-12,126.71875,127.15625,125.578125,125.9375,1549019.0
2010-11-15,125.890625,125.9375,124.46875,124.765625,1790663.0
2010-11-16,124.53125,125.125,124.28125,125.046875,1719535.0
2010-11-17,125.015625,125.3125,124.65625,124.875,1279701.0
2010-11-18,124.796875,124.875,124.046875,124.484375,1281475.0
2010-11-19,124.515625,124.8125,124.3125,124.515625,694141.0
2010-11-22,124.359375,125.234375,124.203125,125.09375,1009444.0
2010-11-23,125.109375,125.859375,125.078125,125.40625,1619901.0
2010-11-24,125.28125,125.53125,124.140625,124.28125,1883761.0
2010-11-26,124.328125,124.84375,124.046875,124.59375,846973.0
2010-11-29,124.5,124.96875,124.296875,124.875,1230867.0
2010-11-30,124.828125,125.46875,124.796875,125.046875,493665.0
2010-12-01,125.0,125.0625,123.59375,123.859375,238897.0
2010-12-02,123.859375,124.015625,123.265625,123.484375,133912.0
2010-12-03,123.546875,124.4375,123.140625,123.703125,114106.0
2010-12-06,123.78125,124.375,123.78125,124.3125,56373.0
2010-12-07,124.15625,124.203125,122.4375,122.5,39310.0
2010-12-08,122.78125,122.78125,121.234375,121.875,27283.0
2010-12-09,121.875,122.265625,121.515625,121.765625,22808.0
2010-12-10,122.09375,122.09375,121.015625,121.265625,14204.0
2010-12-13,121.171875,121.796875,120.4375,121.703125,13397.0
2010-12-14,121.734375,121.8125,120.171875,120.421875,14634.0
2010-12-15,120.1875,120.90625,119.796875,120.015625,13868.0
2010-12-16,120.28125,120.65625,119.75,120.375,4072.0
2010-12-17,120.84375,121.484375,120.6875,121.40625,6907.0
2010-12-20,121.46875,121.9375,121.1875,121.265625,2524.0
2010-12-21,121.46875,121.734375,121.265625,121.25,651857.0
2010-12-22,120.390625,120.4375,119.796875,120.0,493490.0
2010-12-23,119.890625,120.046875,119.453125,119.59375,335613.0
2010-12-27,119.5,120.09375,119.0,119.9375,271548.0
2010-12-28,120.0,120.375,118.890625,119.03125,447244.0
2010-12-29,119.0,120.359375,118.953125,120.25,575393.0
2010-12-30,120.125,120.28125,119.578125,119.984375,446506.0
2010-12-31,120.0,120.484375,119.9375,120.4375,200271.0
2011-01-03,120.296875,120.328125,119.46875,120.171875,731629.0
2011-01-04,120.265625,120.671875,120.0,120.3125,885723.0
2011-01-05,120.375,120.71875,119.140625,119.234375,1354117.0
2011-01-06,119.390625,120.0,119.328125,119.8125,1033157.0
2011-01-07,119.953125,120.890625,119.53125,120.671875,1458223.0
2011-01-10,120.765625,121.015625,120.609375,120.875,773576.0
2011-01-11,120.984375,121.125,120.390625,120.546875,1017256.0
2011-01-12,120.5625,120.65625,120.015625,120.5625,1086172.0
2011-01-13,120.5,121.203125,120.359375,121.109375,1322061.0
2011-01-14,121.0625,121.484375,120.78125,120.859375,1123821.0
2011-01-18,120.890625,121.296875,120.203125,120.59375,1230041.0
2011-01-19,120.5625,120.859375,120.328125,120.78125,947718.0
2011-01-20,120.734375,120.953125,119.6875,119.828125,1423201.0
2011-01-21,119.859375,120.25,119.6875,120.15625,1041730.0
2011-01-24,120.15625,120.46875,119.90625,120.234375,754533.0
2011-01-25,120.25,121.046875,120.109375,120.921875,1286403.0
2011-01-26,120.8125,120.828125,120.15625,120.25,1052068.0
2011-01-27,120.34375,120.734375,119.875,120.671875,1328715.0
2011-01-28,120.59375,121.3125,120.1875,121.15625,1402926.0
2011-01-31,121.3125,121.453125,120.609375,120.796875,985293.0
2011-02-01,120.828125,120.875,120.0625,120.296875,1140337.0
2011-02-02,120.328125,120.703125,119.703125,119.890625,1163674.0
2011-02-03,119.90625,119.984375,119.203125,119.4375,1379745.0
2011-02-04,119.34375,119.703125,118.390625,118.578125,1624263.0
2011-02-07,118.609375,118.703125,118.21875,118.609375,947953.0
2011-02-08,118.65625,118.734375,117.8125,117.984375,1093750.0
2011-02-09,117.875,118.6875,117.6875,118.578125,1451507.0
2011-02-10,118.40625,118.703125,118.015625,118.125,1298147.0
2011-02-11,118.203125,118.921875,118.15625,118.5,1284882.0
2011-02-14,118.46875,118.765625,118.296875,118.625,812941.0
2011-02-15,118.5,118.78125,118.21875,118.640625,1109047.0
2011-02-16,118.6875,118.9375,118.34375,118.59375,1442480.0
2011-02-17,118.578125,119.234375,118.5,119.015625,1288735.0
2011-02-18,119.015625,119.15625,118.65625,119.0625,864245.0
2011-02-22,119.015625,120.15625,119.0,120.09375,1695487.0
2011-02-23,120.046875,120.28125,119.75,119.8125,1710560.0
2011-02-24,119.796875,120.359375,119.78125,120.046875,1940161.0
2011-02-25,119.96875,120.265625,119.796875,120.171875,1207503.0
2011-02-28,120.28125,120.515625,120.1875,120.34375,380265.0
2011-03-01,120.25,120.578125,119.796875,120.4375,239169.0
2011-03-02,120.546875,120.71875,119.953125,120.0625,100121.0
2011-03-03,119.984375,120.09375,119.21875,119.234375,85959.0
2011-03-04,119.328125,120.078125,118.984375,120.0,48222.0
2011-03-07,119.859375,120.25,119.59375,120.03125,41556.0
2011-03-08,119.890625,120.125,119.65625,119.765625,20150.0
2011-03-09,119.703125,120.5,119.703125,120.3125,13013.0
2011-03-10,120.296875,121.15625,120.28125,120.953125,21988.0
2011-03-11,120.984375,121.421875,120.796875,121.0,24994.0
2011-03-14,121.03125,121.671875,120.90625,121.515625,13155.0
2011-03-15,121.625,122.703125,121.53125,121.609375,5703.0
2011-03-16,121.84375,123.078125,121.484375,122.46875,10284.0
2011-03-17,122.90625,122.90625,121.8125,122.15625,7981.0
2011-03-18,122.03125,122.3125,121.671875,121.953125,5415.0
2011-03-21,122.25,122.25,121.3125,121.53125,9072.0
2011-03-22,121.578125,121.59375,121.125,121.203125,1023294.0
2011-03-23,120.078125,120.453125,119.875,119.96875,1195563.0
2011-03-24,119.9375,120.203125,119.390625,119.5,1069769.0
2011-03-25,119.453125,119.734375,119.046875,119.1875,1102318.0
2011-03-28,119.125,119.25,118.8125,119.078125,856063.0
2011-03-29,119.1875,119.3125,118.671875,118.765625,963093.0
2011-03-30,118.765625,119.234375,118.59375,119.125,1000833.0
2011-03-31,119.203125,119.46875,118.765625,119.03125,1327957.0
2011-04-01,118.78125,119.03125,118.28125,118.96875,1225517.0
2011-04-04,119.0,119.453125,118.875,119.21875,827356.0
2011-04-05,119.234375,119.40625,118.65625,118.765625,1156248.0
2011-04-06,118.765625,118.859375,118.296875,118.375,1076993.0
2011-04-07,118.359375,118.703125,118.125,118.46875,1291041.0
2011-04-08,118.46875,118.484375,117.921875,118.375,969577.0
2011-04-11,118.234375,118.5625,118.0625,118.453125,724832.0
2011-04-12,118.28125,119.296875,118.25,119.09375,1292362.0
2011-04-13,119.09375,119.421875,118.75,119.390625,1122371.0
2011-04-14,119.34375,119.765625,119.0625,119.203125,1414270.0
2011-04-15,119.046875,119.921875,119.046875,119.8125,1129867.0
2011-04-18,119.796875,120.25,119.515625,120.1875,1452206.0
2011-04-19,120.109375,120.359375,119.859375,120.25,923723.0
2011-04-20,120.171875,120.1875,119.796875,119.90625,842609.0
2011-04-21,119.828125,120.234375,119.75,119.984375,680740.0
2011-04-25,120.015625,120.359375,119.9375,120.328125,375081.0
2011-04-26,120.28125,120.78125,120.21875,120.671875,802843.0
2011-04-27,120.71875,120.734375,120.140625,120.421875,934592.0
2011-04-28,120.53125,121.140625,120.484375,120.953125,1219039.0
2011-04-29,120.9375,121.21875,120.78125,121.140625,681129.0
2011-05-02,121.125,121.453125,120.890625,121.234375,762139.0
2011-05-03,121.234375,121.515625,121.203125,121.4375,831647.0
2011-05-04,121.484375,121.78125,121.265625,121.640625,1109365.0
2011-05-05,121.640625,122.21875,121.5625,122.0625,1288067.0
2011-05-06,122.15625,122.46875,121.53125,122.28125,1738117.0
2011-05-09,122.171875,122.53125,122.015625,122.46875,1010936.0
2011-05-10,122.359375,122.421875,121.90625,122.09375,959921.0
2011-05-11,121.90625,122.484375,121.734375,122.421875,1273064.0
2011-05-12,122.40625,122.671875,122.015625,122.171875,1350916.0
2011-05-13,122.1875,122.96875,122.0625,122.5,1456846.0
2011-05-16,122.65625,122.8125,122.40625,122.75,792300.0
2011-05-17,122.78125,123.171875,122.5625,122.9375,1300709.0
2011-05-18,122.953125,123.171875,122.390625,122.53125,1333625.0
2011-05-19,122.4375,122.640625,121.953125,122.609375,1633918.0
2011-05-20,122.578125,122.890625,122.515625,122.8125,1084688.0
2011-05-23,122.875,123.40625,122.875,123.0,1258662.0
2011-05-24,123.015625,123.1875,122.75,123.078125,1320691.0
2011-05-25,123.125,123.328125,123.015625,123.140625,1728277.0
2011-05-26,123.125,123.84375,122.90625,123.75,2282132.0
2011-05-27,123.78125,123.984375,123.53125,123.859375,1353509.0
2011-05-31,123.890625,124.125,123.5625,124.03125,507364.0
2011-06-01,123.921875,124.921875,123.8125,124.734375,251179.0
2011-06-02,124.90625,124.921875,124.3125,124.390625,137451.0
2011-06-03,124.421875,125.203125,124.390625,124.734375,88311.0
2011-06-06,124.796875,124.90625,124.4375,124.75,32282.0
2011-06-07,124.75,124.90625,124.3125,124.65625,52194.0
2011-06-08,124.734375,125.34375,124.671875,125.09375,37017.0
2011-06-09,125.109375,125.390625,124.53125,124.65625,29389.0
2011-06-10,124.703125,125.203125,124.671875,124.921875,23386.0
2011-06-13,124.96875,125.140625,124.609375,124.765625,14948.0
2011-06-14,124.875,124.875,123.9375,123.984375,15212.0
2011-06-15,124.03125,125.21875,124.03125,125.109375,14997.0
2011-06-16,125.078125,125.828125,125.015625,125.578125,35859.0
2011-06-17,125.375,125.515625,125.03125,125.375,23253.0
2011-06-20,125.375,125.765625,125.1875,125.3125,18372.0
2011-06-21,125.34375,125.390625,125.0625,125.25,1064595.0
2011-06-22,123.640625,124.140625,123.515625,123.65625,1188963.0
2011-06-23,123.796875,124.578125,123.734375,124.34375,1672028.0
2011-06-24,124.234375,124.9375,124.0625,124.734375,1330856.0
2011-06-27,124.8125,125.03125,124.359375,124.40625,1246667.0
2011-06-28,124.40625,124.59375,123.234375,123.328125,1455697.0
2011-06-29,123.4375,123.546875,122.59375,122.84375,1726586.0
2011-06-30,122.859375,123.078125,121.875,122.328125,1801212.0
2011-07-01,122.234375,122.484375,121.703125,121.984375,1215429.0
2011-07-05,122.0,122.78125,121.96875,122.65625,1085271.0
2011-07-06,122.71875,123.234375,122.453125,122.984375,1334171.0
2011-07-07,122.875,122.90625,122.25,122.46875,1304050.0
2011-07-08,122.53125,123.921875,122.203125,123.71875,1756412.0
2011-07-11,123.828125,124.578125,123.609375,124.546875,1361924.0
2011-07-12,124.46875,125.375,124.359375,124.625,1831848.0
2011-07-13,124.875,124.9375,124.21875,124.796875,1493281.0
2011-07-14,124.6875,124.921875,124.3125,124.4375,1378918.0
2011-07-15,124.390625,124.90625,124.234375,124.859375,1206494.0
2011-07-18,124.875,125.171875,124.71875,124.921875,1024055.0
2011-07-19,124.78125,125.09375,124.4375,124.921875,1105143.0
2011-07-20,124.96875,124.96875,124.5,124.59375,956902.0
2011-07-21,124.609375,124.734375,123.6875,124.0,1662405.0
2011-07-22,123.9375,124.375,123.921875,124.328125,914700.0
2011-07-25,124.125,124.625,123.859375,124.125,1215790.0
2011-07-26,124.140625,124.640625,123.78125,124.53125,1091010.0
2011-07-27,124.515625,124.671875,124.03125,124.234375,1181279.0
2011-07-28,124.25,124.71875,124.203125,124.5,1188266.0
2011-07-29,124.53125,125.9375,124.375,125.6875,1521613.0
2011-08-01,125.453125,126.421875,125.296875,126.140625,1356231.0
2011-08-02,126.078125,127.125,126.015625,126.953125,1547645.0
2011-08-03,127.078125,127.359375,126.75,127.046875,1824198.0
2011-08-04,126.84375,128.390625,126.640625,128.0,2089575.0
2011-08-05,128.328125,128.734375,126.765625,127.046875,2426111.0
2011-08-08,127.203125,128.828125,126.96875,128.578125,1882238.0
2011-08-09,128.796875,131.03125,127.828125,129.828125,2193433.0
2011-08-10,129.34375,130.515625,128.953125,130.0625,2091932.0
2011-08-11,130.25,130.359375,129.0,129.21875,1855590.0
2011-08-12,129.109375,129.953125,129.0625,129.875,1193830.0
2011-08-15,129.71875,129.984375,129.34375,129.5625,809688.0
2011-08-16,129.390625,130.25,129.359375,130.078125,1199361.0
2011-08-17,130.03125,130.421875,129.78125,130.359375,986570.0
2011-08-18,130.296875,131.640625,130.234375,130.78125,1644601.0
2011-08-19,130.765625,131.203125,130.328125,130.796875,1285522.0
2011-08-22,130.875,130.984375,130.25,130.59375,928495.0
2011-08-23,130.5625,130.859375,130.078125,130.328125,1130571.0
2011-08-24,130.28125,130.546875,129.296875,129.578125,1448252.0
2011-08-25,129.375,130.140625,129.296875,129.984375,1951338.0
2011-08-26,129.875,130.8125,129.78125,130.28125,1944811.0
2011-08-29,130.21875,130.265625,129.40625,129.71875,1315040.0
2011-08-30,129.78125,130.59375,129.765625,130.390625,1277202.0
2011-08-31,130.359375,130.6875,129.890625,130.03125,432206.0
2011-09-01,129.953125,130.6875,129.625,130.609375,243878.0
2011-09-02,130.65625,131.34375,130.359375,131.296875,134286.0
2011-09-06,131.265625,131.859375,131.078125,131.21875,62875.0
2011-09-07,131.140625,131.15625,130.671875,130.890625,22216.0
2011-09-08,130.953125,131.296875,130.875,131.234375,23436.0
2011-09-09,131.171875,131.90625,130.984375,131.765625,21626.0
2011-09-12,131.75,131.984375,131.28125,131.46875,19059.0
2011-09-13,131.359375,131.578125,130.953125,131.0625,11643.0
2011-09-14,131.078125,131.3125,130.796875,130.890625,8679.0
2011-09-15,131.015625,131.109375,130.015625,130.40625,12336.0
2011-09-16,130.4375,130.640625,130.140625,130.484375,7467.0
2011-09-19,131.03125,131.546875,130.8125,131.421875,5609.0
2011-09-20,131.375,131.453125,131.0625,131.34375,8624.0
2011-09-21,131.25,131.734375,131.25,131.671875,1133753.0
2011-09-22,130.84375,131.859375,130.796875,131.75,1253817.0
2011-09-23,131.640625,131.9375,130.75,130.96875,1342588.0
2011-09-26,130.625,131.109375,130.28125,130.34375,1039457.0
2011-09-27,130.34375,130.5,129.546875,129.5625,1026823.0
2011-09-28,129.875,130.09375,129.203125,129.671875,1311012.0
2011-09-29,129.890625,130.015625,129.421875,129.984375,1159893.0
2011-09-30,129.625,130.453125,129.625,130.09375,1096662.0
2011-10-03,130.15625,131.234375,130.15625,130.984375,1119287.0
2011-10-04,131.15625,131.390625,130.53125,130.953125,1406948.0
2011-10-05,130.671875,130.734375,130.015625,130.109375,1078879.0
2011-10-06,130.21875,130.34375,129.4375,129.515625,1132414.0
2011-10-07,129.53125,129.65625,128.46875,128.890625,1387092.0
2011-10-10,128.84375,128.90625,127.5625,127.59375,1014445.0
2011-10-11,127.828125,128.46875,127.828125,128.234375,1014445.0
2011-10-12,128.28125,128.484375,127.515625,127.921875,1227257.0
2011-10-13,128.03125,128.828125,127.9375,128.4375,1286748.0
2011-10-14,128.34375,128.59375,127.78125,128.125,1018265.0
2011-10-17,128.0,128.75,127.65625,128.71875,861280.0
2011-10-18,128.71875,129.296875,128.375,128.828125,1273365.0
2011-10-19,128.578125,129.0625,128.3125,128.84375,1144371.0
2011-10-20,128.78125,129.203125,128.40625,128.703125,1335078.0
2011-10-21,128.609375,128.828125,128.21875,128.65625,833448.0
2011-10-24,128.71875,128.875,128.28125,128.34375,736393.0
2011-10-25,128.296875,129.296875,128.03125,129.125,1253678.0
2011-10-26,129.203125,129.25,128.4375,128.578125,1324570.0
2011-10-27,128.578125,128.734375,127.1875,127.3125,1676052.0
2011-10-28,127.265625,128.21875,127.21875,128.09375,1089328.0
2011-10-31,128.0,129.546875,127.96875,129.0625,1084251.0
2011-11-01,129.484375,130.5625,129.234375,130.25,1749685.0
2011-11-02,130.265625,130.515625,129.71875,130.3125,1077246.0
2011-11-03,130.40625,130.90625,129.8125,130.046875,1177711.0
2011-11-04,129.96875,130.453125,129.609375,130.25,1146045.0
2011-11-07,130.25,130.8125,129.984375,130.546875,936786.0
2011-11-08,130.265625,130.578125,129.859375,130.046875,897733.0
2011-11-09,129.953125,131.0,129.890625,130.8125,1247039.0
2011-11-10,130.75,130.890625,129.890625,130.34375,1104435.0
2011-11-11,130.375,130.375,129.6875,129.78125,158529.0
2011-11-14,129.78125,130.59375,129.609375,130.453125,753242.0
2011-11-15,130.390625,130.84375,130.21875,130.328125,945368.0
2011-11-16,130.40625,130.765625,130.265625,130.5,830153.0
2011-11-17,130.703125,130.96875,130.265625,130.828125,1277088.0
2011-11-18,130.828125,130.9375,130.140625,130.296875,870981.0
2011-11-21,130.359375,130.75,130.34375,130.578125,770172.0
2011-11-22,130.65625,130.875,130.328125,130.796875,1117491.0
2011-11-23,130.84375,131.296875,130.53125,131.21875,1513855.0
2011-11-25,131.140625,131.15625,130.4375,130.65625,933243.0
2011-11-28,130.265625,130.765625,129.78125,130.71875,1853668.0
2011-11-29,130.59375,130.6875,130.046875,130.46875,1398799.0
2011-11-30,130.59375,130.703125,129.6875,130.15625,448830.0
2011-12-01,130.125,130.359375,129.71875,129.984375,149141.0
2011-12-02,130.109375,130.609375,129.484375,130.5,94385.0
2011-12-05,130.453125,130.5625,129.96875,130.40625,66909.0
2011-12-06,130.359375,130.53125,130.09375,130.15625,56262.0
2011-12-07,130.1875,130.8125,129.96875,130.765625,30651.0
2011-12-08,130.65625,131.203125,130.21875,131.171875,20372.0
2011-12-09,131.03125,131.25,130.53125,130.640625,18484.0
2011-12-12,130.5,131.125,130.5,131.03125,27423.0
2011-12-13,131.03125,131.421875,130.734375,131.3125,27620.0
2011-12-14,131.234375,131.65625,131.109375,131.609375,18550.0
2011-12-15,131.59375,131.78125,131.3125,131.484375,12646.0
2011-12-16,131.546875,132.09375,131.34375,131.953125,8111.0
2011-12-19,132.015625,132.21875,131.78125,132.125,7163.0
2011-12-20,132.140625,132.140625,131.578125,131.59375,638015.0
2011-12-21,130.625,130.890625,130.296875,130.421875,762998.0
2011-12-22,130.4375,130.71875,130.328125,130.453125,443305.0
2011-12-23,130.484375,130.5,129.8125,129.859375,312889.0
2011-12-27,129.9375,130.09375,129.78125,129.953125,173791.0
2011-12-28,129.984375,130.71875,129.9375,130.703125,325851.0
2011-12-29,130.578125,130.921875,130.421875,130.84375,276282.0
2011-12-30,130.765625,131.234375,130.59375,131.125,298765.0
2012-01-03,130.609375,130.875,130.484375,130.546875,564737.0
2012-01-04,130.609375,130.734375,130.25,130.390625,668309.0
2012-01-05,130.484375,130.875,130.203125,130.5,1020608.0
2012-01-06,130.5,130.890625,130.09375,130.75,931949.0
2012-01-09,130.75,131.125,130.578125,130.859375,526956.0
2012-01-10,130.796875,130.890625,130.453125,130.71875,742256.0
2012-01-11,130.71875,131.3125,130.6875,131.203125,918768.0
2012-01-12,131.15625,131.3125,130.90625,130.96875,885679.0
2012-01-13,130.984375,131.734375,130.890625,131.546875,996999.0
2012-01-17,131.5625,131.71875,131.171875,131.59375,840636.0
2012-01-18,131.5625,131.703125,131.203125,131.265625,869777.0
2012-01-19,131.234375,131.375,130.5,130.703125,1274258.0
2012-01-20,130.65625,130.828125,130.21875,130.265625,1015232.0
2012-01-23,130.34375,130.5625,129.8125,129.984375,990785.0
2012-01-24,130.046875,130.21875,129.859375,130.09375,980204.0
2012-01-25,130.078125,131.390625,129.96875,130.765625,1591077.0
2012-01-26,130.875,131.515625,130.8125,131.4375,1330561.0
2012-01-27,131.390625,131.828125,131.203125,131.71875,1085497.0
2012-01-30,131.71875,132.21875,131.703125,132.03125,903283.0
2012-01-31,132.0,132.34375,131.6875,132.25,1176769.0
2012-02-01,132.28125,132.28125,131.921875,131.984375,1018737.0
2012-02-02,132.03125,132.25,131.875,132.171875,964913.0
2012-02-03,132.171875,132.328125,131.296875,131.328125,1345585.0
2012-02-06,131.546875,131.8125,131.359375,131.671875,715193.0
2012-02-07,131.59375,131.6875,130.953125,131.15625,1038564.0
2012-02-08,131.09375,131.21875,130.875,131.09375,967225.0
2012-02-09,131.046875,131.203125,130.5625,130.78125,1291971.0
2012-02-10,130.859375,131.5,130.84375,131.390625,1023383.0
2012-02-13,131.109375,131.40625,130.890625,131.125,782088.0
2012-02-14,131.296875,131.578125,131.09375,131.53125,1038863.0
2012-02-15,131.390625,131.765625,131.203125,131.578125,1007304.0
2012-02-16,131.59375,131.734375,130.828125,130.984375,1126352.0
2012-02-17,131.03125,131.078125,130.59375,130.921875,850831.0
2012-02-21,130.796875,130.84375,130.375,130.640625,1011044.0
2012-02-22,130.546875,131.09375,130.375,131.046875,1027852.0
2012-02-23,131.0,131.296875,130.71875,131.203125,1306465.0
2012-02-24,131.078125,131.28125,131.0,131.1875,1059740.0
2012-02-27,131.203125,131.71875,131.15625,131.625,1882049.0
2012-02-28,131.578125,131.890625,131.484375,131.671875,1630202.0
2012-02-29,131.59375,131.765625,131.03125,131.265625,492967.0
2012-03-01,131.328125,131.328125,130.671875,130.890625,187499.0
2012-03-02,130.953125,131.53125,130.875,131.390625,111051.0
2012-03-05,131.4375,131.59375,131.171875,131.203125,45042.0
2012-03-06,131.171875,131.78125,131.140625,131.71875,30512.0
2012-03-07,131.703125,131.703125,131.4375,131.515625,30028.0
2012-03-08,131.484375,131.546875,131.15625,131.21875,21579.0
2012-03-09,131.296875,131.296875,130.5625,131.0625,19822.0
2012-03-12,131.15625,131.4375,131.0625,131.078125,14669.0
2012-03-13,131.09375,131.09375,130.34375,130.484375,11172.0
2012-03-14,130.375,130.375,129.125,129.234375,5836.0
2012-03-15,129.3125,129.53125,128.78125,129.34375,10972.0
2012-03-16,129.28125,129.375,128.671875,129.046875,9866.0
2012-03-19,129.0,129.359375,128.4375,128.53125,11811.0
2012-03-20,128.546875,128.9375,128.4375,128.546875,11174.0
2012-03-21,128.640625,129.03125,128.640625,128.96875,1183847.0
2012-03-22,128.53125,128.96875,128.40625,128.734375,1151317.0
2012-03-23,128.671875,129.296875,128.5625,129.046875,1017129.0
2012-03-26,128.984375,129.1875,128.625,129.0625,894885.0
2012-03-27,129.03125,129.703125,128.9375,129.59375,973085.0
2012-03-28,129.609375,129.84375,129.34375,129.578125,1069929.0
2012-03-29,129.53125,129.96875,129.421875,129.90625,1055725.0
2012-03-30,129.890625,130.0625,129.265625,129.484375,1109609.0
2012-04-02,129.4375,129.9375,129.171875,129.703125,979399.0
2012-04-03,129.765625,130.0625,128.8125,128.921875,1347783.0
2012-04-04,128.828125,129.546875,128.765625,129.375,1279353.0
2012-04-05,129.515625,130.28125,129.390625,129.96875,1133784.0
2012-04-09,131.3125,131.3125,130.890625,131.140625,599647.0
2012-04-10,131.0625,131.734375,130.921875,131.59375,1431352.0
2012-04-11,131.578125,131.59375,131.140625,131.328125,1124163.0
2012-04-12,131.265625,131.46875,131.0,131.140625,1130755.0
2012-04-13,131.125,131.671875,131.109375,131.53125,951602.0
2012-04-16,131.578125,131.90625,131.46875,131.6875,1023518.0
2012-04-17,131.625,131.78125,131.3125,131.421875,936471.0
2012-04-18,131.46875,131.6875,131.296875,131.5625,810236.0
2012-04-19,131.609375,131.8125,131.421875,131.765625,1010824.0
2012-04-20,131.65625,131.78125,131.453125,131.671875,713355.0
2012-04-23,131.71875,132.140625,131.703125,131.984375,807118.0
2012-04-24,131.953125,132.109375,131.65625,131.78125,867154.0
2012-04-25,131.6875,131.78125,131.1875,131.6875,1280299.0
2012-04-26,131.71875,132.125,131.59375,131.921875,1118473.0
2012-04-27,132.09375,132.53125,131.9375,132.15625,1017218.0
2012-04-30,132.140625,132.375,132.0,132.28125,646990.0
2012-05-01,132.234375,132.40625,131.921875,131.96875,804991.0
2012-05-02,132.0625,132.40625,131.859375,132.1875,988532.0
2012-05-03,132.15625,132.296875,131.921875,132.1875,812849.0
2012-05-04,132.125,132.703125,131.984375,132.640625,1299349.0
2012-05-07,132.78125,133.0625,132.609375,132.640625,645295.0
2012-05-08,132.640625,133.125,132.59375,132.921875,1024459.0
2012-05-09,132.875,133.265625,132.828125,132.90625,1247003.0
2012-05-10,132.9375,133.03125,132.546875,132.78125,1178319.0
2012-05-11,133.0,133.140625,132.875,133.078125,780782.0
2012-05-14,133.125,133.609375,133.09375,133.421875,1000344.0
2012-05-15,133.53125,133.609375,133.203125,133.375,1277242.0
2012-05-16,133.46875,133.59375,133.015625,133.421875,1396129.0
2012-05-17,133.421875,133.8125,133.15625,133.765625,1361755.0
2012-05-18,133.71875,133.84375,133.484375,133.8125,1187271.0
2012-05-21,133.609375,133.75,133.359375,133.625,819124.0
2012-05-22,133.578125,133.578125,133.125,133.3125,1218294.0
2012-05-23,133.46875,133.890625,133.390625,133.796875,1357619.0
2012-05-24,133.640625,133.890625,133.34375,133.546875,1908575.0
2012-05-25,133.40625,133.84375,133.328125,133.765625,1269599.0
2012-05-29,133.75,134.0625,133.484375,133.828125,2441823.0
2012-05-30,133.671875,134.78125,133.65625,134.671875,1624141.0
2012-05-31,134.65625,135.265625,134.4375,134.90625,465590.0
2012-06-01,135.046875,135.90625,134.9375,135.65625,174099.0
2012-06-04,135.65625,135.84375,134.984375,135.0,55905.0
2012-06-05,135.109375,135.15625,134.625,134.796875,41120.0
2012-06-06,134.671875,134.859375,134.046875,134.1875,56137.0
2012-06-07,134.140625,134.4375,134.0625,134.296875,24208.0
2012-06-08,134.390625,135.015625,134.3125,134.34375,15596.0
2012-06-11,133.9375,134.78125,133.4375,134.640625,14437.0
2012-06-12,134.765625,134.765625,134.078125,134.109375,8532.0
2012-06-13,134.203125,134.625,133.859375,134.5625,11136.0
2012-06-14,134.609375,134.625,134.09375,134.359375,12983.0
2012-06-15,134.4375,134.765625,134.34375,134.609375,5778.0
2012-06-18,134.15625,134.78125,134.125,134.53125,10814.0
2012-06-19,134.609375,134.65625,134.1875,134.34375,19572.0
2012-06-20,134.34375,134.40625,133.90625,134.0625,1298928.0
2012-06-21,133.078125,133.546875,133.015625,133.359375,1035137.0
2012-06-22,133.28125,133.4375,132.90625,133.0,857121.0
2012-06-25,133.015625,133.59375,133.0,133.5625,657217.0
2012-06-26,133.59375,133.640625,133.203125,133.4375,907048.0
2012-06-27,133.421875,133.578125,133.265625,133.546875,714579.0
2012-06-28,133.53125,134.046875,133.421875,133.921875,1013726.0
2012-06-29,133.875,134.03125,133.125,133.375,1187188.0
2012-07-02,133.453125,134.234375,133.296875,134.015625,960083.0
2012-07-03,133.9375,134.03125,133.578125,133.640625,537872.0
2012-07-05,133.65625,134.09375,133.59375,133.953125,957867.0
2012-07-06,133.921875,134.421875,133.90625,134.359375,805445.0
2012-07-09,134.359375,134.625,134.328125,134.546875,577944.0
2012-07-10,134.484375,134.640625,134.34375,134.625,626012.0
2012-07-11,134.609375,134.921875,134.421875,134.59375,916177.0
2012-07-12,134.4375,134.78125,134.421875,134.65625,732433.0
2012-07-13,134.671875,134.765625,134.359375,134.546875,595688.0
2012-07-16,134.59375,135.015625,134.546875,134.8125,608981.0
2012-07-17,134.71875,134.859375,134.484375,134.546875,729795.0
2012-07-18,134.53125,134.8125,134.453125,134.75,574572.0
2012-07-19,134.609375,134.734375,134.4375,134.46875,776003.0
2012-07-20,134.5,135.0,134.5,134.90625,634259.0
2012-07-23,134.96875,135.375,134.9375,135.0625,871633.0
2012-07-24,135.15625,135.390625,134.828125,135.265625,920373.0
2012-07-25,135.40625,135.484375,134.984375,135.234375,770992.0
2012-07-26,135.25,135.328125,134.890625,135.03125,930496.0
2012-07-27,134.90625,134.96875,133.828125,134.125,1306149.0
2012-07-30,134.21875,134.625,134.015625,134.5625,840589.0
2012-07-31,134.546875,134.875,134.40625,134.65625,997842.0
2012-08-01,134.8125,134.828125,134.125,134.15625,882351.0
2012-08-02,134.25,134.921875,133.921875,134.625,1192001.0
2012-08-03,134.625,134.703125,133.765625,133.90625,981739.0
2012-08-06,133.984375,134.3125,133.859375,134.109375,577265.0
2012-08-07,134.03125,134.125,133.4375,133.578125,877622.0
2012-08-08,133.53125,133.78125,133.3125,133.484375,829756.0
2012-08-09,133.40625,133.5625,133.15625,133.453125,892276.0
2012-08-10,133.421875,133.859375,133.375,133.734375,584728.0
2012-08-13,133.671875,133.859375,133.5,133.625,529257.0
2012-08-14,133.5625,133.640625,133.046875,133.140625,952133.0
2012-08-15,133.078125,133.1875,132.46875,132.578125,1217534.0
2012-08-16,132.484375,132.703125,132.15625,132.359375,1083471.0
2012-08-17,132.34375,132.671875,132.3125,132.5,678183.0
2012-08-20,132.515625,132.6875,132.171875,132.515625,674677.0
2012-08-21,132.5625,132.6875,132.1875,132.609375,947738.0
2012-08-22,132.640625,133.546875,132.625,133.3125,1143315.0
2012-08-23,133.484375,133.796875,133.3125,133.6875,966704.0
2012-08-24,133.578125,133.953125,133.484375,133.578125,840043.0
2012-08-27,133.53125,133.875,133.453125,133.8125,731801.0
2012-08-28,133.78125,134.09375,133.71875,133.953125,1272631.0
2012-08-29,133.90625,134.03125,133.65625,133.84375,1547323.0
2012-08-30,133.875,134.265625,133.796875,134.1875,1069979.0
2012-08-31,134.140625,134.875,133.90625,134.75,279292.0
2012-09-04,134.796875,134.859375,134.40625,134.453125,119286.0
2012-09-05,134.484375,134.734375,134.359375,134.421875,41638.0
2012-09-06,134.40625,134.453125,133.765625,133.84375,31955.0
2012-09-07,133.78125,134.609375,133.390625,134.125,23710.0
2012-09-10,134.109375,134.296875,133.9375,133.96875,12763.0
2012-09-11,134.203125,134.265625,133.859375,133.9375,13686.0
2012-09-12,133.875,133.984375,133.5,133.53125,7957.0
2012-09-13,133.609375,134.125,133.125,133.96875,8937.0
2012-09-14,134.078125,134.109375,132.96875,133.140625,6831.0
2012-09-17,133.078125,133.453125,133.046875,133.3125,6839.0
2012-09-18,133.453125,133.765625,133.421875,133.4375,8754.0
2012-09-19,133.53125,133.796875,133.3125,133.546875,868748.0
2012-09-20,132.4375,132.875,132.34375,132.40625,923448.0
2012-09-21,132.4375,132.765625,132.25,132.671875,740468.0
2012-09-24,132.703125,133.046875,132.640625,132.921875,531172.0
2012-09-25,132.984375,133.25,132.734375,133.171875,896614.0
2012-09-26,133.21875,133.671875,133.140625,133.640625,863167.0
2012-09-27,133.625,133.625,133.328125,133.5,953865.0
2012-09-28,133.421875,133.84375,133.359375,133.484375,983347.0
2012-10-01,133.46875,133.671875,133.359375,133.578125,765522.0
2012-10-02,133.5625,133.6875,133.390625,133.640625,645787.0
2012-10-03,133.59375,133.796875,133.515625,133.734375,770031.0
2012-10-04,133.75,133.765625,133.3125,133.421875,740394.0
2012-10-05,133.375,133.484375,132.859375,132.921875,1001753.0
2012-10-08,132.890625,133.28125,132.890625,133.265625,165798.0
2012-10-09,133.21875,133.34375,132.9375,133.046875,738769.0
2012-10-10,133.0625,133.359375,132.8125,133.21875,839163.0
2012-10-11,133.34375,133.390625,132.828125,133.265625,1007180.0
2012-10-12,133.28125,133.53125,133.09375,133.3125,722570.0
2012-10-15,133.3125,133.40625,133.078125,133.3125,622721.0
2012-10-16,133.3125,133.34375,132.796875,132.875,906777.0
2012-10-17,132.78125,132.828125,132.0,132.078125,1228766.0
2012-10-18,132.015625,132.296875,131.90625,131.984375,1138606.0
2012-10-19,131.90625,132.46875,131.90625,132.390625,816459.0
2012-10-22,132.375,132.421875,131.921875,132.109375,770503.0
2012-10-23,131.9375,132.453125,131.921875,132.375,854351.0
2012-10-24,132.40625,132.5,132.15625,132.375,942403.0
2012-10-25,132.265625,132.296875,131.6875,131.90625,1293522.0
2012-10-26,131.875,132.609375,131.78125,132.5625,1121916.0
2012-10-31,132.640625,133.0625,132.390625,133.03125,995044.0
2012-11-01,132.953125,132.96875,132.65625,132.828125,815160.0
2012-11-02,132.734375,132.890625,132.3125,132.78125,1064655.0
2012-11-05,132.84375,133.234375,132.78125,133.140625,724924.0
2012-11-06,133.125,133.171875,132.625,132.703125,766573.0
2012-11-07,132.65625,133.703125,132.640625,133.578125,1582319.0
2012-11-08,133.453125,133.96875,133.40625,133.859375,1196307.0
2012-11-09,133.9375,134.203125,133.6875,133.90625,1156330.0
2012-11-12,133.90625,133.96875,133.734375,133.890625,213509.0
2012-11-13,133.90625,134.171875,133.8125,134.046875,821265.0
2012-11-14,133.96875,134.109375,133.6875,134.046875,970543.0
2012-11-15,134.0,134.15625,133.8125,134.03125,916188.0
2012-11-16,134.03125,134.359375,133.9375,134.1875,948380.0
2012-11-19,134.125,134.140625,133.78125,133.90625,585943.0
2012-11-20,133.953125,134.015625,133.515625,133.609375,967574.0
2012-11-21,133.5625,133.71875,133.3125,133.390625,825576.0
2012-11-23,133.40625,133.546875,133.28125,133.328125,404891.0
2012-11-26,133.3125,133.734375,133.28125,133.546875,990568.0
2012-11-27,133.53125,133.78125,133.40625,133.71875,1272769.0
2012-11-28,133.765625,134.0625,133.75,133.984375,1721201.0
2012-11-29,133.875,134.09375,133.78125,134.015625,1124410.0
2012-11-30,134.03125,134.1875,133.90625,134.125,248557.0
2012-12-03,134.046875,134.125,133.765625,133.96875,105659.0
2012-12-04,134.03125,134.15625,133.875,134.078125,79454.0
2012-12-05,134.09375,134.390625,134.0,134.28125,41867.0
2012-12-06,134.28125,134.5,134.25,134.359375,26324.0
2012-12-07,134.34375,134.953125,133.984375,134.0625,36187.0
2012-12-10,134.125,134.3125,134.0625,134.109375,18412.0
2012-12-11,134.109375,134.171875,133.828125,133.921875,18384.0
2012-12-12,133.90625,134.015625,133.546875,133.609375,18186.0
2012-12-13,133.625,133.71875,133.109375,133.296875,12019.0
2012-12-14,133.25,133.4375,133.171875,133.390625,11401.0
2012-12-17,133.21875,133.359375,132.875,132.984375,7132.0
2012-12-18,132.84375,133.0,132.5,132.578125,11250.0
2012-12-19,132.671875,132.96875,132.609375,132.875,1131712.0
2012-12-20,132.15625,132.375,132.109375,132.15625,957300.0
2012-12-21,132.140625,132.640625,132.0625,132.484375,706935.0
2012-12-24,132.390625,132.46875,132.25,132.328125,74527.0
2012-12-26,132.328125,132.59375,132.25,132.5,111844.0
2012-12-27,132.53125,133.015625,132.3125,132.921875,564774.0
2012-12-28,132.75,133.078125,132.703125,132.953125,457798.0
2012-12-31,132.953125,133.0625,132.3125,132.78125,327518.0
2013-01-02,131.9375,132.234375,131.890625,132.140625,751382.0
2013-01-03,132.125,132.25,131.5,131.625,1192256.0
2013-01-04,131.484375,131.640625,131.125,131.515625,1549140.0
2013-01-07,131.546875,131.765625,131.5,131.578125,680445.0
2013-01-08,131.625,131.90625,131.546875,131.859375,829629.0
2013-01-09,131.8125,132.125,131.671875,132.0625,967862.0
2013-01-10,132.0,132.0,131.609375,131.71875,1291330.0
2013-01-11,131.6875,132.015625,131.453125,131.90625,1117422.0
2013-01-14,131.90625,132.234375,131.859375,132.03125,787313.0
2013-01-15,132.09375,132.40625,132.03125,132.265625,1064919.0
2013-01-16,132.203125,132.46875,132.171875,132.296875,798163.0
2013-01-17,132.3125,132.484375,131.75,131.875,1294206.0
2013-01-18,131.828125,132.234375,131.6875,132.140625,968424.0
2013-01-22,132.125,132.34375,131.875,132.265625,1136588.0
2013-01-23,132.203125,132.46875,132.15625,132.296875,746276.0
2013-01-24,132.375,132.546875,131.984375,132.234375,1422090.0
2013-01-25,132.171875,132.1875,131.34375,131.40625,1664859.0
2013-01-28,131.359375,131.515625,130.9375,131.21875,1522995.0
2013-01-29,131.296875,131.484375,131.109375,131.21875,1343915.0
2013-01-30,131.125,131.4375,130.9375,131.1875,1973992.0
2013-01-31,131.25,131.5625,131.140625,131.28125,1488891.0
2013-02-01,131.21875,131.828125,130.9375,131.125,2324439.0
2013-02-04,131.0,131.6875,130.71875,131.5,1696401.0
2013-02-05,131.609375,131.65625,131.125,131.21875,1204324.0
2013-02-06,131.3125,131.65625,131.234375,131.609375,1326799.0
2013-02-07,131.625,131.921875,131.375,131.75,1497021.0
2013-02-08,131.6875,131.890625,131.40625,131.734375,1128456.0
2013-02-11,131.703125,131.78125,131.5,131.6875,717561.0
2013-02-12,131.59375,131.703125,131.375,131.4375,890408.0
2013-02-13,131.46875,131.53125,131.015625,131.15625,1313332.0
2013-02-14,131.078125,131.59375,131.015625,131.5625,1447780.0
2013-02-15,131.53125,131.734375,131.265625,131.53125,1077288.0
2013-02-19,131.5,131.671875,131.296875,131.34375,1036536.0
2013-02-20,131.328125,131.578125,131.15625,131.46875,1462435.0
2013-02-21,131.546875,131.984375,131.453125,131.796875,1567610.0
2013-02-22,131.796875,131.96875,131.625,131.90625,1539989.0
2013-02-25,131.859375,132.765625,131.640625,132.5,2578982.0
2013-02-26,132.703125,132.953125,132.484375,132.671875,2706174.0
2013-02-27,132.625,132.984375,132.53125,132.578125,1808848.0
2013-02-28,132.59375,132.875,132.578125,132.703125,475415.0
2013-03-01,132.765625,133.046875,132.734375,132.921875,201578.0
2013-03-04,133.03125,133.140625,132.765625,132.78125,80408.0
2013-03-05,132.8125,132.875,132.546875,132.6875,61917.0
2013-03-06,132.671875,132.6875,132.3125,132.390625,60634.0
2013-03-07,132.421875,132.5,131.90625,131.9375,87376.0
2013-03-08,131.921875,131.953125,131.25,131.46875,45062.0
2013-03-11,131.5,131.609375,131.359375,131.484375,25734.0
2013-03-12,131.453125,131.796875,131.359375,131.734375,30754.0
2013-03-13,131.734375,131.890625,131.5,131.71875,30548.0
2013-03-14,131.609375,131.8125,131.375,131.734375,15842.0
2013-03-15,131.78125,132.21875,131.65625,132.140625,39318.0
2013-03-18,132.640625,132.875,132.375,132.4375,20652.0
2013-03-19,132.421875,132.875,132.34375,132.796875,1574433.0
2013-03-20,131.609375,131.75,131.1875,131.390625,1086953.0
2013-03-21,131.21875,131.546875,131.15625,131.40625,1119880.0
2013-03-22,131.53125,131.671875,131.265625,131.515625,1010111.0
2013-03-25,131.453125,131.75,131.09375,131.578125,1356646.0
2013-03-26,131.515625,131.734375,131.3125,131.703125,1122865.0
2013-03-27,131.671875,132.3125,131.59375,132.125,1361486.0
2013-03-28,132.125,132.34375,131.890625,131.984375,1119537.0
2013-04-01,131.734375,132.25,131.734375,132.125,511658.0
2013-04-02,132.1875,132.25,131.90625,131.984375,892169.0
2013-04-03,132.0,132.53125,131.828125,132.40625,1314995.0
2013-04-04,132.453125,132.875,132.328125,132.84375,1620438.0
2013-04-05,132.8125,133.359375,132.640625,133.15625,1580756.0
2013-04-08,133.0625,133.171875,132.734375,132.859375,1005707.0
2013-04-09,132.765625,133.015625,132.671875,132.8125,1012488.0
2013-04-10,132.8125,132.859375,132.34375,132.421875,1279043.0
2013-04-11,132.421875,132.65625,132.328125,132.546875,1069875.0
2013-04-12,132.546875,133.03125,132.515625,132.984375,1055008.0
2013-04-15,133.0,133.28125,132.875,133.046875,1266624.0
2013-04-16,133.203125,133.265625,132.796875,132.953125,1008711.0
2013-04-17,132.90625,133.296875,132.828125,133.0625,1223430.0
2013-04-18,133.09375,133.234375,132.9375,133.140625,1150376.0
2013-04-19,133.109375,133.125,132.90625,133.0,878731.0
2013-04-22,132.953125,133.25,132.765625,133.09375,916075.0
2013-04-23,133.09375,133.5625,133.0,133.078125,1431798.0
2013-04-24,133.03125,133.203125,132.875,133.109375,1010240.0
2013-04-25,133.046875,133.140625,132.890625,133.0625,863792.0
2013-04-26,133.078125,133.46875,133.046875,133.4375,838469.0
2013-04-29,133.375,133.546875,133.34375,133.453125,698342.0
2013-04-30,133.421875,133.75,133.34375,133.359375,1158072.0
2013-05-01,133.359375,133.78125,133.28125,133.609375,792192.0
2013-05-02,133.625,133.71875,133.40625,133.640625,1041902.0
2013-05-03,133.65625,133.71875,132.765625,132.859375,1815301.0
2013-05-06,132.921875,132.9375,132.640625,132.671875,747942.0
2013-05-07,132.765625,132.890625,132.53125,132.625,870605.0
2013-05-08,132.671875,132.875,132.53125,132.78125,1060507.0
2013-05-09,132.75,132.984375,132.6875,132.71875,1298741.0
2013-05-10,132.6875,132.765625,131.875,132.078125,1911587.0
2013-05-13,131.984375,132.171875,131.734375,131.96875,1314286.0
2013-05-14,131.984375,132.15625,131.515625,131.71875,1500469.0
2013-05-15,131.578125,132.03125,131.5,131.84375,1614634.0
2013-05-16,131.875,132.53125,131.71875,132.46875,1713148.0
2013-05-17,132.296875,132.53125,131.78125,131.859375,1484973.0
2013-05-20,131.890625,132.109375,131.640625,131.8125,1190631.0
2013-05-21,131.8125,132.09375,131.515625,131.90625,1662154.0
2013-05-22,132.0,132.375,131.109375,131.234375,3004542.0
2013-05-23,131.125,131.734375,130.875,131.265625,2443629.0
2013-05-24,131.28125,131.609375,131.15625,131.34375,1393877.0
2013-05-28,131.296875,131.390625,130.078125,130.390625,2983900.0
2013-05-29,130.171875,130.5625,129.59375,130.46875,3416985.0
2013-05-30,130.5625,130.71875,130.171875,130.484375,1749474.0
2013-05-31,130.5625,130.9375,129.8125,130.25,586449.0
2013-06-03,130.28125,130.9375,129.9375,130.421875,210549.0
2013-06-04,130.625,130.625,130.203125,130.34375,125984.0
2013-06-05,130.28125,130.9375,130.25,130.5625,102955.0
2013-06-06,130.59375,131.4375,130.34375,130.796875,54545.0
2013-06-07,130.84375,131.109375,129.921875,130.140625,37429.0
2013-06-10,129.96875,130.203125,129.625,129.8125,37583.0
2013-06-11,129.875,130.078125,129.21875,129.921875,54517.0
2013-06-12,130.03125,130.15625,129.671875,129.703125,22607.0
2013-06-13,129.703125,130.5,129.671875,130.0625,37708.0
2013-06-14,130.390625,130.75,130.3125,130.625,11474.0
2013-06-17,130.5625,130.78125,130.28125,130.359375,20393.0
2013-06-18,130.265625,130.328125,130.03125,130.28125,22085.0
2013-06-19,130.28125,130.390625,129.875,129.890625,1812988.0
2013-06-20,127.578125,127.625,126.640625,127.09375,2329173.0
2013-06-21,127.078125,127.375,126.015625,126.265625,1891970.0
2013-06-24,126.21875,126.25,125.015625,125.953125,1973159.0
2013-06-25,126.015625,126.546875,125.515625,125.703125,1599760.0
2013-06-26,125.609375,126.4375,125.328125,126.15625,1407693.0
2013-06-27,126.21875,126.78125,126.0625,126.640625,1308690.0
2013-06-28,126.703125,126.921875,125.984375,126.5625,1436070.0
2013-07-01,126.375,126.6875,125.96875,126.53125,852394.0
2013-07-02,126.65625,126.8125,126.421875,126.609375,812642.0
2013-07-03,126.578125,127.078125,126.1875,126.359375,874195.0
2013-07-05,126.203125,126.609375,124.484375,124.65625,1729783.0
2013-07-08,124.625,125.34375,124.359375,125.28125,1050649.0
2013-07-09,125.34375,125.609375,125.125,125.5,826053.0
2013-07-10,125.46875,125.71875,125.15625,125.28125,1149948.0
2013-07-11,125.875,126.5,125.84375,126.3125,1274382.0
2013-07-12,126.25,126.796875,126.0625,126.09375,972626.0
2013-07-15,126.15625,126.609375,125.8125,126.5,762137.0
2013-07-16,126.59375,126.828125,126.4375,126.59375,843310.0
2013-07-17,126.578125,127.3125,126.34375,127.015625,1287702.0
2013-07-18,126.984375,127.28125,126.609375,126.75,1011918.0
2013-07-19,126.78125,127.15625,126.703125,127.09375,654620.0
2013-07-22,127.078125,127.3125,127.0625,127.109375,603203.0
2013-07-23,127.203125,127.21875,126.78125,126.953125,778470.0
2013-07-24,127.03125,127.046875,126.109375,126.421875,1133171.0
2013-07-25,126.4375,126.671875,126.09375,126.296875,1201656.0
2013-07-26,126.59375,126.8125,126.453125,126.6875,700602.0
2013-07-29,126.625,126.8125,126.375,126.53125,677973.0
2013-07-30,126.4375,126.65625,126.359375,126.421875,740638.0
2013-07-31,126.40625,126.625,125.53125,126.4375,1660001.0
2013-08-01,126.5,126.546875,125.359375,125.375,1340420.0
2013-08-02,125.5,126.625,125.15625,126.578125,1561903.0
2013-08-05,126.5625,126.640625,126.171875,126.34375,699487.0
2013-08-06,126.375,126.484375,126.1875,126.359375,672231.0
2013-08-07,126.359375,126.75,126.328125,126.640625,946211.0
2013-08-08,126.640625,126.90625,126.578125,126.8125,920049.0
2013-08-09,126.75,126.875,126.640625,126.8125,520223.0
2013-08-12,126.796875,126.984375,126.484375,126.625,732539.0
2013-08-13,126.515625,126.515625,125.578125,125.703125,1390906.0
2013-08-14,125.671875,125.90625,125.5625,125.78125,785023.0
2013-08-15,125.796875,125.875,124.8125,125.5,1682284.0
2013-08-16,125.421875,125.46875,124.65625,124.984375,1145450.0
2013-08-19,125.015625,125.015625,124.484375,124.609375,1021671.0
2013-08-20,124.65625,125.28125,124.65625,125.171875,1036793.0
2013-08-21,125.15625,125.234375,124.390625,124.71875,1278075.0
2013-08-22,124.46875,124.5625,124.078125,124.265625,1225230.0
2013-08-23,124.390625,125.046875,124.0,124.859375,1476295.0
2013-08-26,124.9375,125.265625,124.796875,125.046875,1078713.0
2013-08-27,125.15625,125.875,125.03125,125.734375,1923633.0
2013-08-28,125.75,125.84375,125.140625,125.265625,2402128.0
2013-08-29,125.375,125.5625,124.84375,125.5,1774220.0
2013-08-30,125.40625,125.578125,125.046875,125.34375,406590.0
2013-09-03,125.0,125.0,124.140625,124.65625,177881.0
2013-09-04,124.59375,124.6875,124.109375,124.1875,50762.0
2013-09-05,124.15625,124.21875,123.40625,123.53125,68251.0
2013-09-06,123.421875,124.71875,123.328125,124.078125,56292.0
2013-09-09,124.078125,124.609375,124.03125,124.484375,17549.0
2013-09-10,124.3125,124.34375,123.96875,124.15625,54748.0
2013-09-11,124.03125,124.59375,124.03125,124.53125,35930.0
2013-09-12,124.625,124.9375,124.515625,124.5625,12783.0
2013-09-13,124.5,124.8125,124.15625,124.671875,10108.0
2013-09-16,125.703125,125.796875,125.03125,125.0625,15130.0
2013-09-17,125.265625,125.453125,125.109375,125.21875,8527.0
2013-09-18,125.296875,126.875,124.875,126.578125,29861.0
2013-09-19,126.796875,126.921875,126.109375,126.125,1437341.0
2013-09-20,125.140625,125.4375,124.921875,125.296875,911777.0
2013-09-23,125.265625,125.609375,125.078125,125.453125,643931.0
2013-09-24,125.53125,126.046875,125.5,125.9375,889838.0
2013-09-25,125.859375,126.3125,125.796875,126.28125,977861.0
2013-09-26,126.140625,126.25,125.921875,126.09375,928675.0
2013-09-27,126.015625,126.484375,125.90625,126.34375,869080.0
2013-09-30,126.546875,126.671875,126.09375,126.390625,1098252.0
2013-10-01,126.421875,126.4375,126.0,126.125,1096668.0
2013-10-02,126.015625,126.65625,125.953125,126.390625,1109162.0
2013-10-03,126.4375,126.859375,126.15625,126.578125,1107023.0
2013-10-04,126.59375,126.640625,126.125,126.1875,750416.0
2013-10-07,126.28125,126.5625,126.265625,126.296875,615195.0
2013-10-08,126.328125,126.5,126.09375,126.265625,841292.0
2013-10-09,126.265625,126.5,126.046875,126.265625,1015011.0
2013-10-10,126.15625,126.1875,125.671875,125.984375,1310681.0
2013-10-11,126.015625,126.40625,125.9375,126.109375,866391.0
2013-10-14,126.34375,126.359375,125.671875,125.921875,190176.0
2013-10-15,125.765625,126.078125,125.65625,125.859375,899938.0
2013-10-16,125.78125,126.3125,125.515625,126.265625,1164710.0
2013-10-17,126.296875,127.0,126.234375,126.953125,1189868.0
2013-10-18,126.890625,127.359375,126.8125,126.890625,990417.0
2013-10-21,126.890625,126.96875,126.640625,126.75,597937.0
2013-10-22,126.765625,127.515625,126.71875,127.5,1186695.0
2013-10-23,127.46875,127.796875,127.46875,127.65625,870293.0
2013-10-24,127.546875,127.765625,127.375,127.40625,844838.0
2013-10-25,127.40625,127.671875,127.34375,127.609375,609105.0
2013-10-28,127.5625,127.65625,127.375,127.5625,498134.0
2013-10-29,127.515625,127.75,127.4375,127.71875,763596.0
2013-10-30,127.6875,128.0625,127.296875,127.515625,1249334.0
2013-10-31,127.46875,127.765625,127.078125,127.359375,1469826.0
2013-11-01,127.234375,127.28125,126.6875,126.78125,1110369.0
2013-11-04,126.6875,127.0625,126.671875,126.984375,543146.0
2013-11-05,126.9375,127.046875,126.390625,126.5625,1134295.0
2013-11-06,126.546875,127.03125,126.5,126.921875,1030712.0
2013-11-07,126.90625,127.421875,126.859375,127.140625,1270096.0
2013-11-08,127.1875,127.703125,125.953125,126.109375,1609004.0
2013-11-11,126.078125,126.265625,126.0,126.03125,162444.0
2013-11-12,126.015625,126.09375,125.71875,125.90625,889123.0
2013-11-13,125.890625,126.765625,125.859375,126.359375,920571.0
2013-11-14,126.671875,126.96875,126.421875,126.84375,1350405.0
2013-11-15,126.890625,126.96875,126.578125,126.765625,715898.0
2013-11-18,126.703125,127.15625,126.65625,127.046875,739043.0
2013-11-19,127.09375,127.171875,126.703125,126.734375,916513.0
2013-11-20,126.734375,127.078125,126.21875,126.359375,1612710.0
2013-11-21,126.28125,126.46875,125.90625,126.359375,1614183.0
2013-11-22,126.390625,126.640625,126.28125,126.578125,980192.0
2013-11-25,126.609375,126.8125,126.421875,126.671875,1654732.0
2013-11-26,126.765625,127.0625,126.671875,127.0625,2242573.0
2013-11-27,126.9375,126.96875,126.40625,126.75,1537505.0
2013-11-29,126.671875,126.703125,126.46875,126.640625,240474.0
2013-12-02,126.5,126.59375,126.015625,126.15625,191595.0
2013-12-03,126.171875,126.515625,126.09375,126.390625,94654.0
2013-12-04,126.328125,126.40625,125.78125,125.9375,106279.0
2013-12-05,125.96875,126.046875,125.515625,125.734375,76839.0
2013-12-06,125.65625,125.9375,125.125,125.578125,38475.0
2013-12-09,125.59375,125.9375,125.59375,125.6875,12489.0
2013-12-10,125.765625,126.21875,125.765625,126.171875,38806.0
2013-12-11,126.0625,126.109375,125.71875,125.8125,8908.0
2013-12-12,125.734375,125.859375,125.4375,125.5625,13507.0
2013-12-13,125.578125,125.65625,125.46875,125.5625,11589.0
2013-12-16,125.609375,125.796875,125.46875,125.53125,634511.0
2013-12-17,124.203125,124.609375,124.171875,124.546875,655984.0
2013-12-18,124.546875,124.75,123.78125,124.296875,1296718.0
2013-12-19,124.140625,124.25,123.421875,123.65625,1295056.0
2013-12-20,123.6875,123.875,123.265625,123.734375,872224.0
2013-12-23,123.71875,123.75,123.40625,123.4375,398009.0
2013-12-24,123.4375,123.546875,123.0,123.046875,202004.0
2013-12-26,123.0625,123.09375,122.90625,122.984375,133045.0
2013-12-27,123.015625,123.21875,122.828125,122.984375,380023.0
2013-12-30,123.03125,123.28125,122.84375,123.21875,358631.0
2013-12-31,123.234375,123.28125,122.765625,123.046875,351455.0
2014-01-02,122.796875,123.28125,122.78125,123.21875,611562.0
2014-01-03,123.15625,123.390625,123.046875,123.171875,527322.0
2014-01-06,123.09375,123.59375,122.9375,123.46875,683923.0
2014-01-07,123.484375,123.6875,123.40625,123.6875,721163.0
2014-01-08,123.609375,123.609375,123.0,123.109375,1220424.0
2014-01-09,123.125,123.359375,123.015625,123.328125,1051953.0
2014-01-10,123.3125,124.359375,123.265625,124.296875,1683252.0
2014-01-13,124.265625,124.640625,124.234375,124.578125,762470.0
2014-01-14,124.5625,124.578125,124.109375,124.171875,838856.0
2014-01-15,124.125,124.265625,123.75,123.96875,1028370.0
2014-01-16,123.921875,124.375,123.859375,124.265625,842611.0
2014-01-17,124.296875,124.5,124.15625,124.421875,703983.0
2014-01-21,124.453125,124.578125,124.0,124.375,889144.0
2014-01-22,124.3125,124.375,123.890625,123.96875,869154.0
2014-01-23,123.90625,124.90625,123.84375,124.78125,1653026.0
2014-01-24,124.71875,125.5,124.671875,125.0625,1875923.0
2014-01-27,125.203125,125.296875,124.8125,124.8125,1257348.0
2014-01-28,124.984375,125.125,124.65625,125.078125,1198504.0
2014-01-29,124.84375,125.734375,124.71875,125.625,1982503.0
2014-01-30,125.5625,125.640625,125.1875,125.453125,1392073.0
2014-01-31,125.4375,125.90625,125.34375,125.75,1387281.0
2014-02-03,125.78125,126.5,125.609375,126.421875,1618164.0
2014-02-04,126.40625,126.46875,126.0625,126.140625,1231484.0
2014-02-05,126.09375,126.46875,125.796875,125.875,1470239.0
2014-02-06,125.84375,125.953125,125.53125,125.609375,1093130.0
2014-02-07,125.609375,126.28125,125.21875,125.96875,1765816.0
2014-02-10,125.859375,126.109375,125.828125,125.9375,651835.0
2014-02-11,125.953125,125.984375,125.453125,125.578125,1073023.0
2014-02-12,125.515625,125.609375,125.09375,125.25,1056413.0
2014-02-13,125.265625,125.8125,125.25,125.75,1176248.0
2014-02-14,125.765625,125.96875,125.5625,125.640625,848225.0
2014-02-18,125.65625,126.0625,125.515625,125.953125,956454.0
2014-02-19,125.9375,126.28125,125.65625,125.734375,1042209.0
2014-02-20,125.671875,126.0625,125.359375,125.5,1468950.0
2014-02-21,125.53125,125.640625,125.265625,125.609375,975735.0
2014-02-24,125.609375,125.75,125.359375,125.46875,1200898.0
2014-02-25,125.53125,125.875,125.484375,125.828125,1820361.0
2014-02-26,125.796875,126.171875,125.6875,126.078125,2282827.0
2014-02-27,126.140625,126.40625,126.046875,126.3125,1414793.0
2014-02-28,126.328125,126.421875,125.765625,126.109375,367518.0
2014-03-03,126.734375,126.75,126.265625,126.578125,192604.0
2014-03-04,126.546875,126.578125,125.828125,125.921875,77379.0
2014-03-05,125.90625,126.046875,125.671875,125.9375,60130.0
2014-03-06,125.890625,125.9375,125.484375,125.609375,32307.0
2014-03-07,125.6875,125.75,124.9375,125.140625,31879.0
2014-03-10,125.15625,125.34375,125.046875,125.25,14376.0
2014-03-11,125.203125,125.421875,125.125,125.375,8165.0
2014-03-12,125.296875,125.8125,125.296875,125.65625,9086.0
2014-03-13,125.59375,126.3125,125.40625,126.21875,12241.0
2014-03-14,126.28125,126.578125,126.09375,126.265625,12562.0
2014-03-17,126.234375,126.25,125.890625,125.890625,12070.0
2014-03-19,126.15625,126.15625,124.78125,125.0625,19104.0
2014-03-20,125.03125,125.125,124.859375,124.9375,1588779.0
2014-03-21,123.453125,123.546875,123.265625,123.453125,984094.0
2014-03-24,123.46875,123.53125,123.078125,123.421875,1183796.0
2014-03-25,123.421875,123.5625,123.265625,123.46875,1050629.0
2014-03-26,123.34375,123.921875,123.28125,123.796875,1214639.0
2014-03-27,123.8125,123.953125,123.578125,123.859375,1434929.0
2014-03-28,123.75,123.90625,123.40625,123.5625,976086.0
2014-03-31,123.453125,123.546875,123.125,123.5,1290581.0
2014-04-01,123.53125,123.546875,123.28125,123.359375,969829.0
2014-04-02,123.40625,123.421875,122.84375,122.921875,1319552.0
2014-04-03,122.890625,123.09375,122.828125,122.96875,1106944.0
2014-04-04,122.890625,123.71875,122.703125,123.671875,2049766.0
2014-04-07,123.65625,124.0,123.625,123.859375,1123125.0
2014-04-08,123.8125,124.09375,123.703125,124.046875,1219288.0
2014-04-09,124.015625,124.265625,123.71875,124.203125,1259609.0
2014-04-10,124.1875,124.90625,124.140625,124.703125,1752487.0
2014-04-11,124.515625,124.9375,124.46875,124.796875,1224315.0
2014-04-14,124.828125,125.078125,124.453125,124.59375,958768.0
2014-04-15,124.5,124.875,124.359375,124.59375,1383060.0
2014-04-16,124.5625,124.640625,124.296875,124.375,1054875.0
2014-04-17,124.40625,124.546875,123.625,123.75,1141002.0
2014-04-21,123.71875,123.953125,123.578125,123.734375,433570.0
2014-04-22,123.75,123.890625,123.5,123.625,928263.0
2014-04-23,123.75,124.09375,123.65625,123.953125,1022979.0
2014-04-24,123.828125,124.0625,123.59375,123.921875,1400257.0
2014-04-25,123.96875,124.3125,123.921875,124.0625,1054779.0
2014-04-28,124.0625,124.203125,123.75,124.09375,1106876.0
2014-04-29,123.90625,124.0625,123.6875,124.0,1129567.0
2014-04-30,124.015625,124.453125,123.8125,124.421875,1531195.0
2014-05-01,124.421875,124.796875,124.296875,124.65625,952433.0
2014-05-02,124.578125,124.90625,123.78125,124.65625,2456385.0
2014-05-05,124.703125,124.890625,124.515625,124.578125,729086.0
2014-05-06,124.578125,124.703125,124.4375,124.640625,966666.0
2014-05-07,124.65625,124.96875,124.46875,124.875,1497808.0
2014-05-08,124.84375,125.15625,124.765625,125.109375,1431017.0
2014-05-09,125.0,125.1875,124.90625,125.0,935111.0
2014-05-12,124.96875,124.984375,124.671875,124.734375,717142.0
2014-05-13,124.71875,125.140625,124.640625,125.0625,1044585.0
2014-05-14,125.09375,125.8125,125.03125,125.625,1597706.0
2014-05-15,125.578125,126.15625,125.390625,125.921875,2035636.0
2014-05-16,125.9375,126.015625,125.6875,125.78125,1078930.0
2014-05-19,125.6875,126.046875,125.65625,125.734375,950868.0
2014-05-20,125.671875,126.046875,125.625,126.0,1172304.0
2014-05-21,125.953125,126.109375,125.5625,125.8125,1303774.0
2014-05-22,125.796875,125.875,125.5625,125.625,1095637.0
2014-05-23,125.65625,125.90625,125.609375,125.796875,808374.0
2014-05-27,125.75,125.921875,125.609375,125.90625,1944336.0
2014-05-28,125.890625,126.53125,125.875,126.484375,2967600.0
2014-05-29,126.421875,126.765625,126.21875,126.40625,1711331.0
2014-05-30,126.25,126.34375,126.03125,126.328125,313666.0
2014-06-02,126.140625,126.203125,125.640625,125.71875,196147.0
2014-06-03,125.75,125.828125,125.1875,125.265625,111428.0
2014-06-04,125.203125,125.453125,125.046875,125.15625,51300.0
2014-06-05,125.203125,125.53125,124.90625,125.359375,37798.0
2014-06-06,125.421875,125.796875,125.1875,125.234375,21210.0
2014-06-09,125.25,125.25,124.953125,125.0625,11719.0
2014-06-10,125.125,125.171875,124.796875,124.890625,14564.0
2014-06-11,124.796875,125.125,124.6875,124.96875,9905.0
2014-06-12,124.90625,125.46875,124.828125,125.40625,6573.0
2014-06-13,125.25,125.265625,124.859375,125.171875,9926.0
2014-06-16,125.28125,125.375,125.046875,125.171875,12850.0
2014-06-17,125.15625,125.25,124.75,124.75,4287.0
2014-06-18,124.75,125.34375,124.703125,125.09375,3501.0
2014-06-19,125.390625,125.59375,125.15625,125.234375,1324008.0
2014-06-20,124.375,124.453125,124.078125,124.265625,849313.0
2014-06-23,124.375,124.53125,124.21875,124.265625,659782.0
2014-06-24,124.25,124.640625,124.21875,124.5625,1130867.0
2014-06-25,124.59375,125.078125,124.546875,124.796875,1181032.0
2014-06-26,124.765625,125.171875,124.703125,125.078125,1131588.0
2014-06-27,125.0,125.28125,124.984375,125.09375,751827.0
2014-06-30,125.09375,125.234375,124.953125,125.171875,825135.0
2014-07-01,125.078125,125.15625,124.8125,124.875,832276.0
2014-07-02,124.859375,124.984375,124.375,124.390625,1074349.0
2014-07-03,124.4375,124.5,123.8125,124.21875,1313422.0
2014-07-07,124.21875,124.421875,124.0625,124.390625,637578.0
2014-07-08,124.40625,124.875,124.328125,124.75,1023765.0
2014-07-09,124.765625,125.0,124.421875,124.984375,1146552.0
2014-07-10,124.90625,125.484375,124.90625,125.171875,1404292.0
2014-07-11,125.125,125.375,125.03125,125.21875,662222.0
2014-07-14,125.21875,125.25,124.96875,124.96875,558109.0
2014-07-15,124.984375,125.25,124.75,124.90625,1330613.0
2014-07-16,124.921875,125.046875,124.75,124.890625,722272.0
2014-07-17,124.984375,125.671875,124.96875,125.359375,1531360.0
2014-07-18,125.59375,125.734375,125.15625,125.28125,1002418.0
2014-07-21,125.234375,125.515625,125.1875,125.265625,710502.0
2014-07-22,125.3125,125.453125,125.0625,125.40625,1022281.0
2014-07-23,125.421875,125.546875,125.296875,125.421875,608591.0
2014-07-24,125.40625,125.46875,124.953125,125.046875,1174382.0
2014-07-25,125.109375,125.359375,124.9375,125.3125,942499.0
2014-07-28,125.296875,125.328125,125.0625,125.125,765567.0
2014-07-29,125.15625,125.4375,125.03125,125.375,1129557.0
2014-07-30,125.34375,125.421875,124.4375,124.65625,1830910.0
2014-07-31,124.6875,124.765625,124.234375,124.609375,1885354.0
2014-08-01,124.640625,125.390625,124.40625,125.25,2342641.0
2014-08-04,125.25,125.5625,125.171875,125.375,752790.0
2014-08-05,125.4375,125.546875,125.09375,125.390625,1180650.0
2014-08-06,125.34375,125.765625,125.3125,125.5,1226954.0
2014-08-07,125.515625,126.015625,125.390625,125.921875,1341545.0
2014-08-08,125.953125,126.546875,125.859375,125.96875,1826402.0
2014-08-11,125.828125,126.0,125.734375,125.921875,811021.0
2014-08-12,125.859375,126.0,125.765625,125.828125,840876.0
2014-08-13,125.796875,126.21875,125.5625,126.140625,1333778.0
2014-08-14,126.125,126.4375,126.015625,126.296875,1286432.0
2014-08-15,126.25,127.03125,126.171875,126.640625,1606013.0
2014-08-18,126.625,126.65625,126.25,126.359375,783611.0
2014-08-19,126.28125,126.59375,126.203125,126.21875,990938.0
2014-08-20,126.25,126.296875,125.796875,125.921875,1185117.0
2014-08-21,125.921875,126.125,125.78125,126.015625,1138277.0
2014-08-22,126.0,126.234375,125.609375,125.890625,1469830.0
2014-08-25,125.84375,126.078125,125.8125,125.953125,1310860.0
2014-08-26,125.984375,126.203125,125.9375,126.03125,1951387.0
2014-08-27,126.0,126.3125,125.96875,126.234375,2309338.0
2014-08-28,126.25,126.578125,126.234375,126.40625,1591275.0
2014-08-29,126.375,126.46875,126.234375,126.328125,322488.0
2014-09-02,126.28125,126.3125,125.65625,125.796875,222259.0
2014-09-03,125.828125,125.859375,125.359375,125.78125,116979.0
2014-09-04,125.828125,126.078125,125.40625,125.484375,103405.0
2014-09-05,125.453125,126.15625,125.3125,125.53125,66919.0
2014-09-08,125.609375,125.828125,125.34375,125.421875,17286.0
2014-09-09,125.328125,125.375,125.0625,125.109375,19614.0
2014-09-10,125.0625,125.15625,124.8125,124.921875,24037.0
2014-09-11,124.859375,125.109375,124.796875,124.953125,19788.0
2014-09-12,124.8125,124.8125,124.46875,124.484375,22732.0
2014-09-15,124.5625,124.734375,124.4375,124.65625,6637.0
2014-09-16,124.71875,125.046875,124.671875,124.703125,21950.0
2014-09-17,124.703125,125.125,124.375,124.59375,28961.0
2014-09-18,124.359375,124.5,124.140625,124.28125,5066.0
2014-09-19,124.25,124.5,123.9375,124.453125,1143681.0
2014-09-22,124.03125,124.390625,124.03125,124.28125,1020022.0
2014-09-23,124.265625,124.59375,124.25,124.53125,938261.0
2014-09-24,124.5625,124.59375,124.25,124.28125,1031800.0
2014-09-25,124.28125,124.84375,124.265625,124.75,1424907.0
2014-09-26,124.78125,124.921875,124.34375,124.4375,1683560.0
2014-09-29,124.5,124.875,124.390625,124.765625,1157724.0
2014-09-30,124.84375,124.859375,124.5,124.640625,1415141.0
2014-10-01,124.796875,125.65625,124.6875,125.515625,1962214.0
2014-10-02,125.625,125.71875,125.265625,125.3125,1771636.0
2014-10-03,125.390625,125.40625,124.8125,125.140625,1779714.0
2014-10-06,125.1875,125.578125,125.109375,125.40625,1113674.0
2014-10-07,125.453125,126.125,125.359375,126.0,1568816.0
2014-10-08,126.0625,126.625,125.796875,126.375,2289193.0
2014-10-09,126.453125,126.890625,126.34375,126.4375,2289596.0
2014-10-10,126.515625,126.78125,126.21875,126.546875,1401431.0
2014-10-13,126.765625,127.390625,126.703125,127.15625,516671.0
2014-10-14,127.34375,127.734375,127.0,127.4375,2152333.0
2014-10-15,127.5,130.53125,127.234375,128.5625,4096750.0
2014-10-16,128.234375,129.5625,127.78125,128.046875,3200040.0
2014-10-17,127.984375,128.328125,127.4375,127.640625,1967511.0
2014-10-20,127.625,127.96875,127.390625,127.8125,1404766.0
2014-10-21,127.734375,128.265625,127.4375,127.65625,1487432.0
2014-10-22,127.53125,127.875,127.234375,127.421875,1305863.0
2014-10-23,127.546875,127.6875,126.8125,127.015625,1420646.0
2014-10-24,127.0625,127.453125,127.0,127.03125,1355117.0
2014-10-27,126.96875,127.25,126.796875,127.140625,908123.0
2014-10-28,127.09375,127.21875,126.8125,126.953125,1170647.0
2014-10-29,126.890625,127.015625,126.1875,126.453125,1158359.0
2014-10-30,126.546875,126.765625,126.3125,126.625,1366825.0
2014-10-31,126.625,126.734375,126.203125,126.359375,1391551.0
2014-11-03,126.421875,126.625,125.953125,126.265625,1139895.0
2014-11-04,126.3125,126.625,126.21875,126.28125,1142588.0
2014-11-05,126.328125,126.421875,126.0625,126.28125,956059.0
2014-11-06,126.328125,126.46875,125.90625,126.0625,1163268.0
2014-11-07,126.0,126.75,125.84375,126.65625,1605186.0
2014-11-10,126.671875,127.015625,126.25,126.265625,945726.0
2014-11-11,126.265625,126.34375,126.0625,126.109375,228153.0
2014-11-12,126.1875,126.625,126.109375,126.328125,1011849.0
2014-11-13,126.21875,126.546875,126.15625,126.484375,1046815.0
2014-11-14,126.515625,126.75,126.171875,126.6875,1170390.0
2014-11-17,126.609375,127.0,126.421875,126.46875,993852.0
2014-11-18,126.5,126.734375,126.46875,126.640625,843364.0
2014-11-19,126.65625,126.703125,126.265625,126.390625,1151241.0
2014-11-20,126.34375,126.8125,126.34375,126.5625,1606209.0
2014-11-21,126.515625,126.71875,126.359375,126.6875,1133366.0
2014-11-24,126.6875,126.875,126.515625,126.78125,1777839.0
2014-11-25,126.78125,127.15625,126.6875,127.125,2740779.0
2014-11-26,127.109375,127.40625,127.09375,127.359375,1485473.0
2014-11-28,127.296875,127.78125,127.28125,127.65625,234761.0
2014-12-01,127.84375,128.0625,127.296875,127.515625,237116.0
2014-12-02,127.390625,127.421875,126.890625,126.953125,116736.0
2014-12-03,126.921875,127.015625,126.765625,126.890625,82930.0
2014-12-04,126.921875,127.21875,126.75,127.109375,44798.0
2014-12-05,127.234375,127.234375,126.359375,126.515625,38300.0
2014-12-08,126.453125,126.9375,126.1875,126.796875,19376.0
2014-12-09,126.734375,127.390625,126.703125,127.140625,16224.0
2014-12-10,127.09375,127.75,127.09375,127.625,19542.0
2014-12-11,127.78125,127.84375,127.09375,127.359375,41024.0
2014-12-12,127.375,128.203125,127.375,127.953125,22450.0
2014-12-15,128.109375,128.21875,127.625,127.703125,30070.0
2014-12-16,127.859375,128.703125,127.84375,128.109375,10150.0
2014-12-17,128.25,128.25,127.40625,127.4375,13188.0
2014-12-18,127.421875,127.703125,126.90625,127.015625,14518.0
2014-12-19,126.9375,127.28125,126.8125,127.140625,806138.0
2014-12-22,126.6875,126.828125,126.515625,126.703125,427537.0
2014-12-23,126.71875,126.796875,125.90625,126.0,547909.0
2014-12-24,125.984375,126.1875,125.65625,125.953125,341493.0
2014-12-26,125.984375,126.109375,125.921875,126.015625,165055.0
2014-12-29,126.0,126.484375,125.96875,126.390625,434205.0
2014-12-30,126.375,126.75,126.375,126.578125,419043.0
2014-12-31,126.609375,126.8125,126.5625,126.796875,270132.0
2015-01-02,126.609375,127.328125,126.40625,127.15625,768078.0
2015-01-05,127.15625,127.84375,127.046875,127.765625,901819.0
2015-01-06,127.75,129.109375,127.734375,128.359375,1739806.0
2015-01-07,128.5,128.6875,128.015625,128.46875,1481757.0
2015-01-08,128.3125,128.375,127.96875,128.109375,941743.0
2015-01-09,128.109375,128.84375,128.0625,128.578125,1451875.0
2015-01-12,128.78125,129.140625,128.53125,129.0625,840490.0
2015-01-13,129.109375,129.546875,128.84375,129.3125,1661473.0
2015-01-14,129.265625,130.234375,129.203125,129.765625,1993923.0
2015-01-15,129.59375,130.9375,129.203125,130.34375,1876323.0
2015-01-16,130.75,130.9375,129.734375,129.859375,1609859.0
2015-01-20,129.8125,130.34375,129.65625,129.859375,1349692.0
2015-01-21,129.9375,130.140625,129.28125,129.4375,1567621.0
2015-01-22,129.359375,129.84375,128.734375,129.125,1698494.0
2015-01-23,129.3125,130.015625,129.21875,129.671875,1179367.0
2015-01-26,130.0,130.1875,129.375,129.5,904980.0
2015-01-27,129.546875,130.171875,129.5,129.65625,1182996.0
2015-01-28,129.65625,130.625,129.5,130.46875,1288777.0
2015-01-29,130.421875,130.53125,129.90625,130.1875,1282574.0
2015-01-30,130.203125,131.171875,130.125,130.875,1719555.0
2015-02-02,131.046875,131.109375,130.5625,130.921875,1255126.0
2015-02-03,130.921875,131.046875,129.890625,130.0625,1369366.0
2015-02-04,129.96875,130.484375,129.578125,130.0,1547015.0
2015-02-05,130.4375,130.625,129.65625,129.859375,1196206.0
2015-02-06,129.796875,130.359375,128.46875,128.71875,1812969.0
2015-02-09,128.609375,129.109375,128.34375,128.609375,1127292.0
2015-02-10,128.4375,128.5625,128.125,128.359375,1261813.0
2015-02-11,128.375,128.59375,128.0,128.359375,1116608.0
2015-02-12,128.15625,128.59375,127.859375,128.421875,1486245.0
2015-02-13,128.4375,128.5,128.046875,128.234375,917149.0
2015-02-17,128.046875,128.4375,127.140625,127.25,1652053.0
2015-02-18,127.359375,128.25,127.0625,128.015625,1627163.0
2015-02-19,127.96875,128.25,127.5,127.59375,1230599.0
2015-02-20,127.546875,128.234375,127.3125,127.40625,1547608.0
2015-02-23,127.5,128.046875,127.421875,128.015625,1380103.0
2015-02-24,128.03125,128.78125,127.578125,128.6875,2471425.0
2015-02-25,128.703125,128.890625,128.515625,128.71875,2019821.0
2015-02-26,128.703125,129.03125,128.09375,128.28125,1442286.0
2015-02-27,128.234375,128.484375,128.015625,128.421875,354793.0
2015-03-02,128.40625,128.5,127.6875,127.765625,169818.0
2015-03-03,127.8125,127.859375,127.4375,127.46875,62209.0
2015-03-04,127.515625,127.75,127.390625,127.5625,61727.0
2015-03-05,127.640625,127.828125,127.390625,127.71875,74462.0
2015-03-06,127.6875,128.171875,126.625,126.75,38763.0
2015-03-09,126.734375,127.15625,126.671875,127.09375,49660.0
2015-03-10,127.109375,127.703125,127.015625,127.5625,29938.0
2015-03-11,127.609375,127.71875,127.265625,127.609375,11722.0
2015-03-12,127.609375,128.265625,127.5625,127.828125,15933.0
2015-03-13,127.609375,128.0,127.4375,127.765625,6145.0
2015-03-16,127.8125,128.140625,127.78125,127.84375,11409.0
2015-03-17,127.984375,128.28125,127.984375,128.109375,15806.0
2015-03-18,128.1875,129.453125,128.15625,129.15625,25911.0
2015-03-19,129.359375,129.546875,128.71875,128.8125,21403.0
2015-03-20,128.84375,129.265625,128.84375,129.21875,795754.0
2015-03-23,128.6875,128.9375,128.609375,128.84375,745365.0
2015-03-24,128.875,129.21875,128.75,129.09375,975935.0
2015-03-25,129.15625,129.390625,128.6875,128.8125,1008392.0
2015-03-26,128.71875,129.0625,128.171875,128.234375,1334016.0
2015-03-27,128.390625,128.703125,128.25,128.6875,949736.0
2015-03-30,128.546875,128.765625,128.4375,128.59375,820966.0
2015-03-31,128.71875,128.984375,128.5625,128.90625,1085543.0
2015-04-01,128.90625,129.515625,128.75,129.375,1138578.0
2015-04-02,129.421875,129.71875,129.078125,129.171875,871522.0
2015-04-06,129.90625,130.03125,129.34375,129.421875,517342.0
2015-04-07,129.4375,129.5,129.125,129.359375,806436.0
2015-04-08,129.390625,129.546875,129.109375,129.359375,900228.0
2015-04-09,129.25,129.53125,128.75,128.84375,1015818.0
2015-04-10,128.828125,129.09375,128.75,128.8125,816500.0
2015-04-13,128.84375,129.09375,128.578125,128.984375,774585.0
2015-04-14,129.09375,129.703125,129.046875,129.3125,1168721.0
2015-04-15,129.34375,129.625,129.25,129.4375,762083.0
2015-04-16,129.5,129.75,129.265625,129.6875,1169425.0
2015-04-17,129.578125,129.96875,129.390625,129.8125,1177145.0
2015-04-20,129.59375,129.796875,129.4375,129.53125,789143.0
2015-04-21,129.53125,129.71875,129.3125,129.359375,707522.0
2015-04-22,129.40625,129.53125,128.703125,128.859375,1175589.0
2015-04-23,128.828125,129.203125,128.734375,129.140625,1211509.0
2015-04-24,129.0625,129.46875,128.90625,129.390625,1065745.0
2015-04-27,129.421875,129.578125,129.125,129.3125,697063.0
2015-04-28,129.359375,129.40625,128.703125,128.953125,1126038.0
2015-04-29,128.734375,128.90625,128.09375,128.515625,2026714.0
2015-04-30,128.5,128.640625,127.8125,128.375,1973329.0
2015-05-01,128.453125,128.453125,127.734375,127.78125,890606.0
2015-05-04,127.875,128.078125,127.59375,127.765625,880995.0
2015-05-05,127.71875,127.96875,127.25,127.421875,1502848.0
2015-05-06,127.390625,127.484375,126.90625,127.09375,1614071.0
2015-05-07,126.984375,127.515625,126.421875,127.390625,1888100.0
2015-05-08,127.328125,128.203125,127.234375,127.828125,1678106.0
2015-05-11,127.796875,128.0,126.796875,126.890625,1329172.0
2015-05-12,126.8125,127.21875,126.203125,127.046875,2099725.0
2015-05-13,127.078125,127.671875,126.875,126.984375,1945440.0
2015-05-14,126.921875,127.5,126.84375,127.390625,1485118.0
2015-05-15,127.40625,128.140625,127.40625,128.03125,1212825.0
2015-05-18,127.96875,128.09375,127.265625,127.375,1040118.0
2015-05-19,127.296875,127.765625,126.765625,127.03125,1691402.0
2015-05-20,126.875,127.4375,126.859375,127.265625,1271848.0
2015-05-21,127.265625,127.734375,127.171875,127.71875,1331658.0
2015-05-22,127.703125,127.90625,127.125,127.28125,1282818.0
2015-05-26,127.53125,127.953125,127.328125,127.90625,2478344.0
2015-05-27,127.890625,127.953125,127.578125,127.890625,2737708.0
2015-05-28,127.90625,128.109375,127.8125,128.03125,1868428.0
2015-05-29,127.96875,128.328125,127.9375,128.3125,389444.0
2015-06-01,128.140625,128.296875,127.515625,127.5625,166148.0
2015-06-02,127.6875,127.6875,126.90625,127.0,146453.0
2015-06-03,127.03125,127.09375,126.125,126.25,95403.0
2015-06-04,126.28125,126.8125,125.78125,126.703125,66131.0
2015-06-05,126.6875,126.6875,125.53125,125.9375,37382.0
2015-06-08,125.875,126.25,125.828125,126.140625,25038.0
2015-06-09,126.109375,126.328125,125.609375,125.90625,12206.0
2015-06-10,125.734375,125.78125,125.359375,125.484375,18886.0
2015-06-11,125.5625,126.15625,125.3125,126.140625,15557.0
2015-06-12,126.21875,126.46875,125.90625,126.09375,31831.0
2015-06-15,126.25,126.5625,126.234375,126.359375,10053.0
2015-06-16,126.421875,126.703125,126.359375,126.640625,15513.0
2015-06-17,126.71875,126.9375,126.109375,126.90625,15092.0
2015-06-18,127.1875,127.21875,126.46875,126.640625,8719.0
2015-06-19,127.0,127.5,126.875,127.265625,957045.0
2015-06-22,126.4375,126.484375,125.6875,125.828125,1067060.0
2015-06-23,125.734375,125.796875,125.28125,125.453125,1203581.0
2015-06-24,125.453125,125.78125,125.328125,125.734375,1151466.0
2015-06-25,125.734375,125.8125,125.28125,125.578125,1268814.0
2015-06-26,125.484375,125.625,124.90625,125.015625,1076844.0
2015-06-29,126.3125,126.90625,125.59375,126.203125,1693467.0
2015-06-30,126.21875,126.390625,125.8125,126.171875,1707670.0
2015-07-01,125.96875,126.03125,125.28125,125.46875,1261615.0
2015-07-02,125.46875,126.109375,125.15625,125.875,1206973.0
2015-07-06,127.0,127.203125,126.234375,126.765625,1386777.0
2015-07-07,126.640625,127.5625,126.46875,127.125,1535790.0
2015-07-08,126.890625,127.59375,126.859375,127.375,1475469.0
2015-07-09,127.4375,127.5625,126.5,126.671875,1170991.0
2015-07-10,126.515625,126.53125,125.6875,125.734375,1316196.0
2015-07-13,126.375,126.375,125.3125,125.59375,1158434.0
2015-07-14,125.46875,126.03125,125.421875,125.9375,928621.0
2015-07-15,125.96875,126.390625,125.609375,126.34375,1039936.0
2015-07-16,126.25,126.3125,125.859375,126.171875,896853.0
2015-07-17,126.140625,126.3125,125.890625,126.125,758364.0
2015-07-20,126.125,126.15625,125.703125,125.890625,769583.0
2015-07-21,125.921875,126.296875,125.6875,126.203125,827090.0
2015-07-22,126.265625,126.484375,126.15625,126.3125,847959.0
2015-07-23,126.28125,126.6875,126.125,126.609375,955338.0
2015-07-24,126.59375,126.875,126.546875,126.71875,873572.0
2015-07-27,126.78125,127.28125,126.765625,127.15625,794985.0
2015-07-28,127.21875,127.234375,126.8125,127.0,851800.0
2015-07-29,126.921875,126.984375,126.625,126.8125,829278.0
2015-07-30,126.734375,126.90625,126.34375,126.84375,1231278.0
2015-07-31,126.859375,127.625,126.640625,127.4375,1419755.0
2015-08-03,127.578125,127.921875,127.359375,127.828125,974279.0
2015-08-04,127.796875,127.875,127.078125,127.265625,1020055.0
2015-08-05,127.109375,127.234375,126.546875,126.75,1288439.0
2015-08-06,126.75,127.140625,126.65625,127.015625,834807.0
2015-08-07,127.0625,127.5625,126.8125,127.453125,1165732.0
2015-08-10,127.5,127.515625,126.953125,127.015625,673537.0
2015-08-11,127.09375,128.078125,127.03125,127.859375,1253972.0
2015-08-12,127.828125,128.6875,127.703125,127.96875,1579174.0
2015-08-13,127.859375,128.21875,127.40625,127.484375,1288228.0
2015-08-14,127.46875,127.6875,127.1875,127.359375,743346.0
2015-08-17,127.390625,127.828125,127.328125,127.765625,667866.0
2015-08-18,127.609375,127.90625,127.375,127.453125,744608.0
2015-08-19,127.4375,128.234375,127.125,128.09375,1320397.0
2015-08-20,128.0625,128.484375,128.03125,128.328125,1086808.0
2015-08-21,128.46875,128.875,128.34375,128.671875,1307004.0
2015-08-24,128.84375,129.890625,128.734375,129.203125,2440534.0
2015-08-25,129.015625,129.125,128.015625,128.0625,2400441.0
2015-08-26,128.5625,128.8125,127.78125,127.9375,2825932.0
2015-08-27,127.90625,128.171875,127.5625,127.953125,2336303.0
2015-08-28,127.84375,128.34375,127.671875,127.78125,1152751.0
2015-08-31,127.515625,128.171875,127.40625,127.640625,262060.0
2015-09-01,127.515625,128.3125,127.46875,127.875,156708.0
2015-09-02,128.0,128.109375,127.65625,127.734375,78672.0
2015-09-03,127.75,128.125,127.734375,127.953125,72459.0
2015-09-04,128.0,128.5625,127.953125,128.296875,54582.0
2015-09-08,128.234375,128.25,127.796875,127.828125,46623.0
2015-09-09,127.796875,128.015625,127.359375,128.0,36330.0
2015-09-10,128.0,128.046875,127.59375,127.734375,8805.0
2015-09-11,127.71875,128.15625,127.6875,128.109375,7495.0
2015-09-14,127.984375,128.265625,127.984375,128.125,550448.0
2015-09-15,127.546875,127.703125,126.578125,126.703125,1005405.0
2015-09-16,126.703125,126.875,126.515625,126.515625,1032271.0
2015-09-17,126.578125,127.53125,126.53125,127.296875,1186497.0
2015-09-18,127.453125,128.015625,127.4375,127.96875,1103335.0
2015-09-21,127.90625,127.90625,127.328125,127.375,762809.0
2015-09-22,127.40625,128.1875,127.390625,128.109375,947065.0
2015-09-23,128.046875,128.34375,127.78125,127.96875,914624.0
2015-09-24,127.90625,128.46875,127.8125,128.125,1269777.0
2015-09-25,127.875,127.984375,127.4375,127.84375,1202302.0
2015-09-28,127.890625,128.453125,127.828125,128.4375,1018454.0
2015-09-29,128.40625,128.890625,128.265625,128.8125,1357240.0
2015-09-30,128.78125,128.921875,128.34375,128.734375,1276596.0
2015-10-01,128.875,129.03125,128.578125,128.75,1262564.0
2015-10-02,128.796875,130.015625,128.59375,129.34375,1920484.0
2015-10-05,129.296875,129.46875,128.78125,128.828125,898156.0
2015-10-06,128.828125,129.09375,128.6875,129.03125,1058115.0
2015-10-07,129.0625,129.125,128.609375,128.8125,987294.0
2015-10-08,128.71875,129.0625,128.359375,128.46875,1181806.0
2015-10-09,128.515625,128.71875,128.171875,128.484375,955703.0
2015-10-12,128.5625,128.8125,128.4375,128.765625,154259.0
2015-10-13,128.78125,128.984375,128.625,128.859375,823755.0
2015-10-14,128.9375,129.625,128.90625,129.546875,1215022.0
2015-10-15,129.59375,129.625,129.078125,129.125,1079901.0
2015-10-16,129.125,129.296875,128.9375,129.03125,776692.0
2015-10-19,128.953125,129.125,128.71875,128.96875,885046.0
2015-10-20,128.984375,129.0625,128.484375,128.5625,1041644.0
2015-10-21,128.5625,129.0,128.53125,128.875,846532.0
2015-10-22,128.921875,129.09375,128.671875,128.9375,1107265.0
2015-10-23,128.890625,128.921875,128.28125,128.421875,1255428.0
2015-10-26,128.40625,128.671875,128.328125,128.59375,743734.0
2015-10-27,128.609375,129.078125,128.5625,128.921875,943946.0
2015-10-28,128.859375,128.90625,128.109375,128.203125,1285733.0
2015-10-29,128.140625,128.265625,127.546875,127.609375,1568986.0
2015-10-30,127.625,127.828125,127.453125,127.6875,1471261.0
2015-11-02,127.765625,127.828125,127.34375,127.375,983049.0
2015-11-03,127.5,127.515625,127.046875,127.109375,923018.0
2015-11-04,127.15625,127.28125,126.796875,126.921875,1373910.0
2015-11-05,126.953125,127.0625,126.671875,126.828125,1287589.0
2015-11-06,126.9375,127.0,125.875,126.046875,1844567.0
2015-11-09,126.125,126.140625,125.703125,126.03125,1310407.0
2015-11-10,125.984375,126.359375,125.953125,126.296875,1127084.0
2015-11-11,126.125,126.234375,126.03125,126.0625,231599.0
2015-11-12,126.125,126.375,126.015625,126.203125,1114026.0
2015-11-13,126.234375,126.65625,126.140625,126.53125,1050601.0
2015-11-16,126.9375,126.9375,126.625,126.671875,965992.0
2015-11-17,126.65625,126.84375,126.3125,126.734375,1085777.0
2015-11-18,126.6875,126.78125,126.421875,126.65625,901423.0
2015-11-19,126.609375,126.890625,126.546875,126.78125,1016791.0
2015-11-20,126.734375,126.953125,126.640625,126.671875,955504.0
2015-11-23,126.640625,126.890625,126.375,126.8125,1717050.0
2015-11-24,126.859375,127.1875,126.765625,126.90625,2364395.0
2015-11-25,126.921875,127.078125,126.8125,126.984375,1608815.0
2015-11-27,126.921875,127.234375,126.921875,127.078125,509241.0
2015-11-30,127.078125,127.15625,126.875,127.015625,258723.0
2015-12-01,127.078125,127.625,126.828125,127.515625,99019.0
2015-12-02,127.546875,127.5625,127.09375,127.296875,58676.0
2015-12-03,127.234375,127.296875,125.984375,126.1875,86929.0
2015-12-04,126.3125,126.65625,125.9375,126.546875,58276.0
2015-12-07,126.5,127.0625,126.4375,126.9375,30109.0
2015-12-08,126.875,127.15625,126.796875,126.921875,20552.0
2015-12-09,126.96875,127.328125,126.703125,127.25,17511.0
2015-12-10,127.1875,127.25,126.9375,126.953125,28202.0
2015-12-11,126.921875,127.875,126.921875,127.71875,14980.0
2015-12-14,127.671875,127.75,127.0,127.03125,10810.0
2015-12-15,127.109375,127.1875,126.53125,126.71875,14284.0
2015-12-16,126.75,126.75,126.078125,126.390625,15482.0
2015-12-17,126.453125,126.890625,126.453125,126.75,4014.0
2015-12-18,126.875,127.234375,126.84375,127.125,12647.0
2015-12-21,127.0,127.265625,126.953125,127.15625,569737.0
2015-12-22,126.515625,126.65625,126.15625,126.171875,517333.0
2015-12-23,126.234375,126.234375,125.890625,126.0,475286.0
2015-12-24,126.046875,126.1875,125.953125,126.171875,180131.0
2015-12-28,126.09375,126.40625,126.015625,126.265625,327705.0
2015-12-29,126.25,126.328125,125.546875,125.65625,620234.0
2015-12-30,125.6875,125.796875,125.4375,125.609375,706089.0
2015-12-31,125.703125,125.984375,125.625,125.90625,459340.0
2016-01-04,125.875,126.5625,125.765625,126.15625,1118698.0
2016-01-05,126.15625,126.4375,126.015625,126.25,950146.0
2016-01-06,126.3125,126.921875,126.234375,126.859375,1164824.0
2016-01-07,126.84375,127.3125,126.671875,127.109375,1450669.0
2016-01-08,127.140625,127.5625,126.578125,127.40625,1657147.0
2016-01-11,127.53125,127.71875,127.0625,127.359375,1173756.0
2016-01-12,127.203125,128.0,126.984375,127.828125,1465533.0
2016-01-13,127.734375,128.265625,127.421875,128.0625,1702895.0
2016-01-14,127.84375,128.21875,127.625,127.828125,1549100.0
2016-01-15,127.890625,128.90625,127.8125,128.453125,1912986.0
2016-01-19,128.5,128.59375,128.015625,128.390625,1569573.0
2016-01-20,128.265625,129.25,128.25,128.875,1996094.0
2016-01-21,128.859375,129.171875,128.5,128.671875,1841733.0
2016-01-22,128.5625,128.734375,128.078125,128.375,1248529.0
2016-01-25,128.3125,128.703125,128.21875,128.546875,864678.0
2016-01-26,128.6875,129.078125,128.5,128.8125,1088050.0
2016-01-27,128.78125,128.9375,128.3125,128.859375,1150788.0
2016-01-28,128.875,129.09375,128.53125,129.03125,1641268.0
2016-01-29,129.0625,129.6875,128.96875,129.578125,1692523.0
2016-02-01,129.59375,129.796875,129.15625,129.171875,1229545.0
2016-02-02,129.28125,130.21875,129.265625,130.09375,1420462.0
2016-02-03,130.1875,130.75,129.8125,130.015625,1998839.0
2016-02-04,130.0,130.453125,129.84375,130.265625,1708898.0
2016-02-05,130.4375,130.6875,129.921875,130.359375,1837286.0
2016-02-08,130.34375,131.3125,130.171875,131.296875,1675081.0
2016-02-09,131.1875,131.75,131.015625,131.3125,1993045.0
2016-02-10,131.28125,131.765625,130.90625,131.5,1781823.0
2016-02-11,131.75,133.046875,131.671875,132.03125,2468876.0
2016-02-12,131.84375,132.0,130.953125,131.0625,1727313.0
2016-02-16,130.984375,131.15625,130.625,130.90625,1581160.0
2016-02-17,130.953125,131.203125,130.1875,130.4375,1483319.0
2016-02-18,130.4375,131.109375,130.3125,130.921875,1335348.0
2016-02-19,131.09375,131.28125,130.640625,130.90625,1320422.0
2016-02-22,130.859375,130.9375,130.5625,130.78125,1253494.0
2016-02-23,130.859375,131.171875,130.359375,130.9375,2434982.0
2016-02-24,131.125,131.796875,130.890625,131.0,2558613.0
2016-02-25,130.9375,131.59375,130.84375,131.453125,2256835.0
2016-02-26,131.25,131.265625,130.578125,130.75,1277718.0
2016-02-29,130.78125,131.0,130.65625,130.90625,264215.0
2016-03-01,130.953125,131.21875,129.984375,130.0,154089.0
2016-03-02,130.0,130.171875,129.59375,129.75,94725.0
2016-03-03,129.828125,130.046875,129.625,129.921875,24369.0
2016-03-04,129.828125,130.046875,129.34375,129.5,46711.0
2016-03-07,129.578125,129.578125,129.265625,129.34375,44401.0
2016-03-08,129.375,130.09375,129.375,129.921875,17757.0
2016-03-09,130.0,130.0,129.4375,129.484375,10596.0
2016-03-10,129.46875,129.78125,128.9375,129.0625,11515.0
2016-03-11,129.0625,129.140625,128.65625,128.796875,7750.0
2016-03-14,128.828125,129.046875,128.71875,128.875,5896.0
2016-03-15,128.84375,129.234375,128.765625,128.859375,18635.0
2016-03-16,128.84375,129.515625,128.515625,129.296875,18235.0
2016-03-17,129.53125,129.921875,129.5,129.5625,6409.0
2016-03-18,129.625,129.921875,129.625,129.859375,11426.0
2016-03-21,129.890625,129.90625,129.515625,129.546875,780943.0
2016-03-22,129.015625,129.375,128.703125,128.796875,1050855.0
2016-03-23,128.734375,129.359375,128.640625,129.328125,886490.0
2016-03-24,129.265625,129.46875,128.96875,129.21875,749240.0
2016-03-28,129.15625,129.46875,128.96875,129.40625,427322.0
2016-03-29,129.28125,130.09375,129.203125,130.0,1047652.0
2016-03-30,130.03125,130.109375,129.703125,130.015625,1123696.0
2016-03-31,130.046875,130.53125,129.953125,130.390625,1138040.0
2016-04-01,130.484375,130.5,130.0625,130.296875,1275666.0
2016-04-04,130.46875,130.640625,130.3125,130.46875,739937.0
2016-04-05,130.59375,130.96875,130.5625,130.828125,996733.0
2016-04-06,130.859375,130.90625,130.515625,130.6875,944334.0
2016-04-07,130.671875,131.296875,130.578125,131.25,1016410.0
2016-04-08,131.234375,131.265625,130.84375,131.03125,783757.0
2016-04-11,131.078125,131.21875,130.765625,131.03125,806162.0
2016-04-12,130.984375,131.03125,130.5,130.546875,977573.0
2016-04-13,130.53125,130.71875,130.359375,130.625,1073434.0
2016-04-14,130.609375,130.703125,130.203125,130.375,1076080.0
2016-04-15,130.296875,130.734375,130.203125,130.640625,819010.0
2016-04-18,130.859375,130.890625,130.375,130.5,899723.0
2016-04-19,130.5,130.5,130.203125,130.359375,1017239.0
2016-04-20,130.328125,130.59375,129.703125,129.75,1292098.0
2016-04-21,129.8125,129.90625,129.453125,129.609375,1397890.0
2016-04-22,129.6875,129.78125,129.359375,129.46875,1012534.0
2016-04-25,129.515625,129.703125,129.28125,129.375,943310.0
2016-04-26,129.296875,129.484375,129.0625,129.171875,1058861.0
2016-04-27,129.171875,129.875,129.15625,129.78125,1143464.0
2016-04-28,129.859375,130.171875,129.65625,129.953125,1477696.0
2016-04-29,130.046875,130.1875,129.65625,130.0625,1496779.0
2016-05-02,129.921875,130.15625,129.625,129.703125,890234.0
2016-05-03,129.640625,130.46875,129.640625,130.296875,1321886.0
2016-05-04,130.3125,130.546875,130.15625,130.4375,1118669.0
2016-05-05,130.5,130.875,130.25,130.734375,1192171.0
2016-05-06,130.75,131.203125,130.453125,130.53125,1515455.0
2016-05-09,130.53125,130.890625,130.4375,130.796875,875121.0
2016-05-10,130.875,130.90625,130.625,130.78125,992388.0
2016-05-11,130.75,131.09375,130.65625,130.90625,1105210.0
2016-05-12,130.875,130.953125,130.515625,130.59375,1190000.0
2016-05-13,130.59375,130.984375,130.546875,130.96875,1278254.0
2016-05-16,131.03125,131.109375,130.484375,130.515625,906695.0
2016-05-17,130.515625,130.625,130.28125,130.40625,1127611.0
2016-05-18,130.296875,130.375,129.328125,129.375,1932669.0
2016-05-19,129.546875,129.78125,129.3125,129.671875,1641077.0
2016-05-20,129.640625,129.796875,129.5,129.703125,896676.0
2016-05-23,129.71875,129.9375,129.609375,129.75,1025035.0
2016-05-24,129.78125,129.890625,129.390625,129.5625,1721686.0
2016-05-25,129.53125,129.609375,129.328125,129.46875,1980645.0
2016-05-26,129.46875,129.90625,129.4375,129.890625,1737088.0
2016-05-27,129.828125,129.90625,129.46875,129.796875,939608.0
2016-05-31,129.5,129.796875,129.296875,129.796875,377106.0
2016-06-01,129.65625,130.015625,129.59375,129.640625,139871.0
2016-06-02,129.671875,130.03125,129.640625,129.921875,122717.0
2016-06-03,129.9375,131.015625,129.875,130.953125,70085.0
2016-06-06,131.0,131.0,130.640625,130.859375,40491.0
2016-06-07,130.78125,131.03125,130.671875,130.9375,35285.0
2016-06-08,130.921875,131.046875,130.859375,130.890625,9256.0
2016-06-09,130.921875,131.25,130.890625,131.078125,13583.0
2016-06-10,131.046875,131.53125,131.046875,131.453125,14408.0
2016-06-13,131.59375,131.78125,131.484375,131.6875,16567.0
2016-06-14,131.71875,132.125,131.625,131.71875,36549.0
2016-06-15,131.671875,132.140625,131.515625,131.984375,26636.0
2016-06-16,132.15625,132.546875,131.984375,132.15625,9065.0
2016-06-17,132.078125,132.078125,131.75,131.765625,13688.0
2016-06-20,131.390625,131.53125,131.140625,131.390625,17324.0
2016-06-21,131.421875,131.484375,131.28125,131.34375,981927.0
2016-06-22,131.203125,131.421875,131.15625,131.34375,916892.0
2016-06-23,131.28125,131.28125,130.734375,130.8125,1096165.0
2016-06-24,130.703125,134.21875,130.671875,132.375,3126839.0
2016-06-27,132.75,133.46875,132.703125,133.28125,1316532.0
2016-06-28,133.4375,133.5625,133.03125,133.25,1136545.0
2016-06-29,133.1875,133.3125,132.6875,133.0625,1098012.0
2016-06-30,132.703125,133.234375,132.4375,132.984375,1943875.0
2016-07-01,133.03125,133.921875,132.984375,133.078125,1346226.0
2016-07-05,133.296875,133.984375,133.0,133.890625,1121073.0
2016-07-06,133.84375,134.234375,133.578125,133.671875,1433749.0
2016-07-07,133.84375,133.9375,133.34375,133.6875,1171819.0
2016-07-08,133.6875,134.015625,133.046875,133.796875,1455703.0
2016-07-11,133.859375,133.890625,133.140625,133.15625,932748.0
2016-07-12,133.15625,133.25,132.359375,132.515625,1431378.0
2016-07-13,132.484375,132.9375,132.46875,132.828125,1201572.0
2016-07-14,132.734375,132.90625,132.1875,132.390625,1366292.0
2016-07-15,132.34375,132.515625,131.78125,131.875,1236322.0
2016-07-18,131.9375,132.25,131.734375,132.03125,854813.0
2016-07-19,132.046875,132.40625,132.0,132.234375,887408.0
2016-07-20,132.296875,132.328125,131.859375,131.984375,838211.0
2016-07-21,131.96875,132.34375,131.609375,132.234375,1282566.0
2016-07-22,132.296875,132.515625,131.90625,132.125,993882.0
2016-07-25,132.125,132.265625,131.890625,132.0625,732638.0
2016-07-26,132.03125,132.34375,131.859375,132.125,1023027.0
2016-07-27,132.140625,132.671875,131.828125,132.546875,1171110.0
2016-07-28,132.640625,132.75,132.34375,132.5625,1109267.0
2016-07-29,132.65625,133.140625,132.109375,133.046875,1584235.0
2016-08-01,133.125,133.125,132.5625,132.796875,1025550.0
2016-08-02,132.59375,132.71875,132.203125,132.546875,1420550.0
2016-08-03,132.40625,132.640625,132.265625,132.578125,1022489.0
2016-08-04,132.578125,133.09375,132.453125,132.953125,1115628.0
2016-08-05,133.015625,133.0625,132.046875,132.140625,1315208.0
2016-08-08,132.046875,132.203125,131.796875,132.046875,978792.0
2016-08-09,131.984375,132.421875,131.921875,132.34375,924123.0
2016-08-10,132.3125,132.78125,132.3125,132.734375,1027376.0
2016-08-11,132.703125,132.78125,132.0,132.046875,1001879.0
2016-08-12,132.09375,132.90625,132.03125,132.53125,1188034.0
2016-08-15,132.546875,132.703125,132.171875,132.25,779593.0
2016-08-16,132.21875,132.640625,131.875,132.0,1459939.0
2016-08-17,132.0,132.390625,131.828125,132.109375,1112006.0
2016-08-18,132.21875,132.484375,132.078125,132.375,884807.0
2016-08-19,132.421875,132.4375,131.828125,131.953125,987238.0
2016-08-22,131.890625,132.3125,131.6875,132.28125,946754.0
2016-08-23,132.265625,132.421875,132.046875,132.21875,1052529.0
2016-08-24,132.28125,132.359375,132.109375,132.21875,1300976.0
2016-08-25,132.1875,132.296875,132.0,132.0625,2063603.0
2016-08-26,132.046875,132.4375,131.359375,131.375,2759059.0
2016-08-29,131.375,132.0,131.296875,131.953125,1642229.0
2016-08-30,131.96875,132.03125,131.6875,131.890625,986143.0
2016-08-31,131.921875,132.078125,131.71875,131.875,256770.0
2016-09-01,131.734375,132.015625,131.390625,131.890625,191897.0
2016-09-02,131.828125,132.25,131.46875,131.71875,51220.0
2016-09-06,131.671875,132.359375,131.5625,132.296875,46677.0
2016-09-07,132.328125,132.484375,132.21875,132.296875,57778.0
2016-09-08,132.28125,132.359375,131.625,131.671875,23808.0
2016-09-09,131.765625,131.828125,131.265625,131.3125,25620.0
2016-09-12,131.25,131.578125,131.15625,131.453125,7411.0
2016-09-13,131.5,131.734375,130.8125,130.96875,31255.0
2016-09-14,131.03125,131.46875,131.03125,131.4375,38703.0
2016-09-15,131.375,131.71875,131.171875,131.453125,12250.0
2016-09-16,131.578125,131.796875,131.390625,131.40625,3162.0
2016-09-19,131.53125,131.5625,131.3125,131.421875,6928.0
2016-09-20,131.328125,131.65625,131.328125,131.484375,12474.0
2016-09-21,131.421875,131.5625,131.1875,131.375,1115107.0
2016-09-22,130.703125,131.09375,130.65625,130.859375,1077100.0
2016-09-23,130.921875,131.078125,130.859375,131.03125,719773.0
2016-09-26,131.0625,131.453125,131.0,131.3125,828179.0
2016-09-27,131.359375,131.671875,131.140625,131.53125,1172225.0
2016-09-28,131.515625,131.625,131.328125,131.4375,1073897.0
2016-09-29,131.375,131.671875,131.171875,131.546875,1165988.0
2016-09-30,131.5,131.734375,131.0625,131.125,1671048.0
2016-10-03,131.21875,131.234375,130.90625,130.953125,775029.0
2016-10-04,130.921875,131.03125,130.4375,130.5,1402205.0
2016-10-05,130.46875,130.609375,130.09375,130.21875,1209515.0
2016-10-06,130.234375,130.390625,129.9375,129.953125,1299055.0
2016-10-07,130.0,130.21875,129.71875,130.0625,1494095.0
2016-10-11,129.8125,130.03125,129.6875,129.890625,1116008.0
2016-10-12,129.84375,129.90625,129.53125,129.8125,1217196.0
2016-10-13,129.890625,130.265625,129.875,130.1875,1124596.0
2016-10-14,130.140625,130.21875,129.765625,129.859375,1219283.0
2016-10-17,129.796875,130.203125,129.703125,130.125,838456.0
2016-10-18,130.140625,130.359375,129.984375,130.296875,1116022.0
2016-10-19,130.359375,130.453125,130.125,130.265625,970174.0
2016-10-20,130.3125,130.484375,130.125,130.28125,1068248.0
2016-10-21,130.1875,130.40625,130.140625,130.34375,746958.0
2016-10-24,130.359375,130.484375,130.078125,130.171875,807829.0
2016-10-25,130.140625,130.3125,129.9375,130.171875,1041362.0
2016-10-26,130.1875,130.296875,129.859375,129.9375,1048754.0
2016-10-27,129.890625,129.90625,129.296875,129.515625,1582265.0
2016-10-28,129.421875,129.671875,129.203125,129.546875,1390479.0
2016-10-31,129.59375,129.71875,129.484375,129.625,1087201.0
2016-11-01,129.671875,129.90625,129.265625,129.796875,1469591.0
2016-11-02,129.734375,130.265625,129.71875,130.03125,1480569.0
2016-11-03,130.0,130.3125,129.796875,130.03125,1078686.0
2016-11-04,130.015625,130.375,129.9375,130.25,1336051.0
2016-11-07,129.859375,130.0,129.765625,129.84375,788423.0
2016-11-08,129.84375,130.0,129.34375,129.5,1036202.0
2016-11-09,129.515625,131.0,127.828125,128.03125,4231834.0
2016-11-10,128.09375,128.5,127.296875,127.5625,3054870.0
2016-11-14,127.21875,127.21875,125.953125,126.65625,2439460.0
2016-11-15,126.40625,126.984375,126.328125,126.421875,1750696.0
2016-11-16,126.578125,126.6875,125.890625,126.46875,1843304.0
2016-11-17,126.5,126.765625,125.828125,126.078125,1606222.0
2016-11-18,125.84375,126.15625,125.3125,125.5625,1914268.0
2016-11-21,125.375,125.875,125.3125,125.546875,1635973.0
2016-11-22,125.796875,125.96875,125.546875,125.703125,2263826.0
2016-11-23,125.71875,125.921875,124.859375,125.359375,3075104.0
2016-11-25,125.375,125.390625,124.796875,125.203125,1479196.0
2016-11-28,125.359375,125.734375,125.3125,125.640625,2507938.0
2016-11-29,125.703125,125.828125,125.359375,125.765625,1214689.0
2016-11-30,125.796875,125.828125,124.984375,125.234375,361206.0
2016-12-01,125.09375,125.171875,124.34375,124.734375,92573.0
2016-12-02,124.734375,125.375,124.734375,125.234375,42433.0
2016-12-05,125.609375,125.765625,124.734375,125.1875,52882.0
2016-12-06,125.15625,125.34375,125.125,125.203125,17022.0
2016-12-07,125.234375,125.578125,125.140625,125.546875,17059.0
2016-12-08,125.609375,125.609375,124.953125,125.28125,18868.0
2016-12-09,125.0,125.28125,124.671875,124.796875,8544.0
2016-12-12,124.609375,124.84375,124.3125,124.765625,5861.0
2016-12-13,124.875,125.078125,124.625,124.671875,3337.0
2016-12-14,124.890625,125.125,123.84375,124.15625,7771.0
2016-12-15,123.859375,123.859375,123.296875,123.703125,11375.0
2016-12-16,123.546875,123.859375,123.53125,123.609375,10007.0
2016-12-19,123.65625,124.15625,123.65625,124.03125,11592.0
2016-12-20,124.0,124.0,123.703125,123.9375,510265.0
2016-12-22,123.359375,123.421875,123.046875,123.265625,585524.0
2016-12-23,123.265625,123.46875,123.203125,123.359375,287288.0
2016-12-27,123.34375,123.34375,123.09375,123.203125,263382.0
2016-12-28,123.1875,123.6875,123.15625,123.640625,624846.0
2016-12-29,123.640625,124.078125,123.609375,123.9375,766254.0
2016-12-30,123.96875,124.328125,123.859375,124.28125,786367.0
2017-01-03,124.125,124.234375,123.578125,124.109375,1442195.0
2017-01-04,124.140625,124.28125,123.859375,124.109375,1153515.0
2017-01-05,124.203125,125.03125,124.109375,124.828125,1882843.0
2017-01-06,124.953125,125.328125,124.3125,124.40625,1540229.0
2017-01-09,124.390625,124.859375,124.234375,124.78125,889369.0
2017-01-10,124.828125,124.921875,124.625,124.765625,907696.0
2017-01-11,124.78125,125.203125,124.578125,124.8125,1460875.0
2017-01-12,124.765625,125.328125,124.75,124.890625,1409184.0
2017-01-13,124.875,125.3125,124.34375,124.78125,1584205.0
2017-01-17,124.703125,125.421875,124.6875,125.234375,1592429.0
2017-01-18,125.234375,125.28125,124.3125,124.71875,1290896.0
2017-01-19,124.3125,124.484375,123.859375,124.171875,1809571.0
2017-01-20,124.0625,124.296875,123.78125,124.21875,1461739.0
2017-01-23,124.171875,124.984375,124.15625,124.8125,1684165.0
2017-01-24,124.859375,124.9375,124.203125,124.21875,1168462.0
2017-01-25,124.296875,124.390625,123.734375,123.8125,1407113.0
2017-01-26,123.921875,124.015625,123.5625,123.96875,1392976.0
2017-01-27,123.96875,124.1875,123.796875,124.171875,1076894.0
2017-01-30,124.203125,124.359375,124.0625,124.21875,1214640.0
2017-01-31,124.140625,124.671875,124.0625,124.46875,2121500.0
2017-02-01,124.453125,124.46875,123.90625,124.328125,1496441.0
2017-02-02,124.3125,124.703125,124.234375,124.375,1373958.0
2017-02-03,124.34375,124.828125,124.09375,124.28125,1887958.0
2017-02-06,124.421875,125.015625,124.40625,124.9375,1276682.0
2017-02-07,124.9375,125.3125,124.75,125.109375,1410505.0
2017-02-08,125.046875,125.5625,124.984375,125.359375,1724286.0
2017-02-09,125.484375,125.484375,124.84375,124.921875,1434680.0
2017-02-10,124.921875,124.921875,124.625,124.78125,1166254.0
2017-02-13,124.734375,124.75,124.4375,124.59375,826475.0
2017-02-14,124.546875,124.625,123.96875,124.234375,1536726.0
2017-02-15,124.203125,124.265625,123.765625,123.96875,1448757.0
2017-02-16,124.0,124.53125,123.953125,124.453125,1367559.0
2017-02-17,124.4375,124.90625,124.34375,124.703125,1124874.0
2017-02-21,124.6875,124.796875,124.390625,124.703125,1534132.0
2017-02-22,124.671875,124.984375,124.4375,124.765625,2624783.0
2017-02-23,124.78125,125.15625,124.734375,125.046875,3329428.0
2017-02-24,125.15625,125.671875,125.078125,125.609375,2291354.0
2017-02-27,125.640625,125.640625,125.109375,125.140625,1246309.0
2017-02-28,125.15625,125.359375,124.671875,125.109375,402589.0
2017-03-01,124.796875,124.796875,124.171875,124.28125,141988.0
2017-03-02,124.296875,124.359375,123.9375,124.078125,62582.0
2017-03-03,124.125,124.25,123.875,124.171875,47557.0
2017-03-06,124.140625,124.4375,124.109375,124.1875,13581.0
2017-03-07,124.15625,124.21875,123.984375,124.046875,19444.0
2017-03-08,124.03125,124.09375,123.5,123.765625,29878.0
2017-03-09,123.65625,123.75,123.34375,123.46875,7716.0
2017-03-10,123.34375,123.8125,123.3125,123.65625,8547.0
2017-03-13,123.671875,123.8125,123.359375,123.46875,10406.0
2017-03-14,123.390625,123.671875,123.328125,123.5625,6779.0
2017-03-15,123.671875,124.453125,123.5625,124.390625,5977.0
2017-03-16,124.40625,124.484375,124.109375,124.234375,4207.0
2017-03-17,124.140625,124.546875,124.125,124.390625,4496.0
2017-03-20,124.40625,124.6875,124.40625,124.671875,9286.0
2017-03-21,124.6875,125.046875,124.484375,124.90625,5904.0
2017-03-22,124.984375,125.28125,124.96875,125.078125,1678891.0
2017-03-23,124.453125,124.625,124.1875,124.40625,1533329.0
2017-03-24,124.328125,124.59375,124.21875,124.53125,1004433.0
2017-03-27,124.421875,124.921875,124.421875,124.671875,1144030.0
2017-03-28,124.640625,124.828125,124.265625,124.359375,1345398.0
2017-03-29,124.28125,124.65625,124.203125,124.578125,1207851.0
2017-03-30,124.625,124.6875,124.265625,124.34375,1058234.0
2017-03-31,124.328125,124.625,124.234375,124.5625,1525342.0
2017-04-03,124.59375,125.234375,124.5,125.03125,1559814.0
2017-04-04,125.203125,125.359375,124.890625,125.03125,1266102.0
2017-04-05,124.921875,125.296875,124.75,125.046875,1479991.0
2017-04-06,125.203125,125.296875,124.9375,125.125,1079521.0
2017-04-07,125.125,125.78125,124.71875,124.8125,2067987.0
2017-04-10,124.765625,125.046875,124.625,124.90625,947722.0
2017-04-11,124.875,125.5625,124.875,125.484375,1485530.0
2017-04-12,125.484375,126.0,125.359375,125.46875,1370086.0
2017-04-13,125.96875,126.25,125.75,126.078125,1329353.0
2017-04-17,126.234375,126.40625,125.8125,125.90625,804493.0
2017-04-18,125.875,126.625,125.8125,126.515625,1436201.0
2017-04-19,126.578125,126.59375,126.09375,126.28125,1198623.0
2017-04-20,126.21875,126.34375,125.828125,125.953125,1205793.0
2017-04-21,126.015625,126.28125,125.90625,126.0625,1046535.0
2017-04-24,125.46875,125.859375,125.203125,125.796875,1548042.0
2017-04-25,125.8125,125.859375,125.265625,125.40625,1116975.0
2017-04-26,125.359375,125.625,125.21875,125.5625,1505845.0
2017-04-27,125.59375,125.78125,125.4375,125.640625,1417606.0
2017-04-28,125.65625,125.75,125.28125,125.71875,1666787.0
2017-05-01,125.71875,125.796875,125.328125,125.46875,948935.0
2017-05-02,125.53125,125.8125,125.34375,125.703125,997048.0
2017-05-03,125.78125,125.828125,125.40625,125.546875,1169980.0
2017-05-04,125.46875,125.484375,125.0625,125.171875,1245763.0
2017-05-05,125.15625,125.34375,124.859375,125.21875,1320832.0
2017-05-08,125.09375,125.421875,124.9375,125.0625,1174165.0
2017-05-09,124.953125,125.0625,124.75,124.828125,1094660.0
2017-05-10,124.890625,125.171875,124.78125,124.8125,1182375.0
2017-05-11,124.796875,125.046875,124.71875,124.921875,1273761.0
2017-05-12,125.015625,125.59375,124.984375,125.46875,1395241.0
2017-05-15,125.53125,125.640625,125.34375,125.453125,928493.0
2017-05-16,125.4375,125.71875,125.28125,125.546875,1287954.0
2017-05-17,125.546875,126.453125,125.546875,126.421875,2428546.0
2017-05-18,126.4375,126.71875,126.15625,126.28125,2330748.0
2017-05-19,126.28125,126.359375,126.046875,126.1875,1226277.0
2017-05-22,126.234375,126.265625,126.046875,126.125,986022.0
2017-05-23,126.09375,126.34375,125.8125,125.859375,1674877.0
2017-05-24,125.875,126.21875,125.765625,126.0625,2304901.0
2017-05-25,126.1875,126.25,126.046875,126.171875,2433716.0
2017-05-26,126.125,126.375,126.125,126.1875,1922254.0
2017-05-30,126.171875,126.5,126.046875,126.4375,1822122.0
2017-05-31,126.4375,126.5625,126.265625,126.5625,260254.0
2017-06-01,126.46875,126.5,126.234375,126.453125,97166.0
2017-06-02,126.484375,127.03125,126.390625,126.890625,63468.0
2017-06-05,126.859375,126.9375,126.65625,126.734375,26275.0
2017-06-06,126.75,127.140625,126.734375,127.015625,34371.0
2017-06-07,127.015625,127.03125,126.75,126.78125,21734.0
2017-06-08,126.765625,126.796875,126.484375,126.703125,12186.0
2017-06-09,126.84375,126.875,126.421875,126.65625,15954.0
2017-06-12,126.5625,126.734375,126.46875,126.5625,7971.0
2017-06-13,126.53125,126.625,126.453125,126.609375,8417.0
2017-06-14,126.5625,127.546875,126.5625,127.109375,10110.0
2017-06-15,127.234375,127.234375,126.8125,126.84375,9569.0
2017-06-16,126.828125,127.0625,126.71875,126.921875,7023.0
2017-06-19,127.0,127.046875,126.59375,126.65625,8631.0
2017-06-20,126.65625,126.921875,126.5625,126.921875,7918.0
2017-06-21,126.875,126.984375,126.6875,126.84375,1028869.0
2017-06-22,126.609375,126.8125,126.578125,126.671875,884620.0
2017-06-23,126.6875,126.765625,126.5625,126.734375,714183.0
2017-06-26,126.734375,126.90625,126.59375,126.78125,841606.0
2017-06-27,126.75,126.84375,126.15625,126.28125,1626148.0
2017-06-28,126.25,126.328125,125.875,126.203125,1802887.0
2017-06-29,126.171875,126.234375,125.578125,125.8125,1915901.0
2017-06-30,125.828125,125.890625,125.453125,125.53125,1887665.0
2017-07-03,125.515625,125.609375,125.03125,125.109375,1023896.0
2017-07-05,125.09375,125.5,124.984375,125.21875,1649926.0
2017-07-06,125.3125,125.34375,124.796875,124.984375,1567162.0
2017-07-07,125.015625,125.109375,124.796875,124.84375,1509536.0
2017-07-10,124.90625,125.140625,124.859375,125.078125,886577.0
2017-07-11,125.03125,125.234375,124.875,125.171875,1078017.0
2017-07-12,125.171875,125.734375,125.140625,125.515625,1622688.0
2017-07-13,125.546875,125.671875,125.265625,125.40625,1260066.0
2017-07-14,125.40625,126.03125,125.328125,125.671875,1595405.0
2017-07-17,125.578125,125.828125,125.5625,125.75,788340.0
2017-07-18,125.6875,126.171875,125.671875,126.109375,1392924.0
2017-07-19,126.109375,126.1875,125.953125,126.046875,907676.0
2017-07-20,126.015625,126.265625,125.96875,126.0625,1162716.0
2017-07-21,126.078125,126.375,126.03125,126.3125,757684.0
2017-07-24,126.28125,126.375,126.078125,126.15625,581057.0
2017-07-25,126.140625,126.203125,125.484375,125.578125,1468763.0
2017-07-26,125.5,126.0625,125.484375,126.015625,1384097.0
2017-07-27,125.953125,126.046875,125.65625,125.828125,1528350.0
2017-07-28,125.8125,125.984375,125.546875,125.953125,1232783.0
2017-07-31,125.921875,126.046875,125.828125,125.890625,1032988.0
2017-08-01,125.84375,126.25,125.671875,126.234375,1471383.0
2017-08-02,126.1875,126.265625,125.96875,126.109375,1337711.0
2017-08-03,126.046875,126.46875,126.03125,126.359375,1088192.0
2017-08-04,126.390625,126.4375,125.90625,126.078125,1266517.0
2017-08-07,126.09375,126.21875,125.9375,126.171875,699883.0
2017-08-08,126.171875,126.234375,125.90625,126.015625,913666.0
2017-08-09,126.15625,126.578125,126.15625,126.34375,1351014.0
2017-08-10,126.265625,126.671875,126.1875,126.5625,1303690.0
2017-08-11,126.671875,126.875,126.546875,126.8125,1478912.0
2017-08-14,126.75,126.796875,126.4375,126.546875,945523.0
2017-08-15,126.546875,126.5625,126.015625,126.15625,1206856.0
2017-08-16,126.109375,126.578125,126.0,126.515625,1354262.0
2017-08-17,126.515625,126.84375,126.34375,126.71875,1389101.0
2017-08-18,126.796875,127.046875,126.5625,126.75,1344325.0
2017-08-21,126.71875,126.90625,126.59375,126.84375,857262.0
2017-08-22,126.859375,126.875,126.53125,126.5625,980893.0
2017-08-23,126.5625,126.953125,126.5,126.921875,1206815.0
2017-08-24,126.9375,126.953125,126.671875,126.6875,1746329.0
2017-08-25,126.671875,126.953125,126.625,126.875,1954747.0
2017-08-28,126.875,127.0,126.796875,127.0,1952451.0
2017-08-29,127.03125,127.59375,127.03125,127.1875,2641883.0
2017-08-30,127.203125,127.234375,126.984375,127.078125,1221758.0
2017-08-31,127.140625,127.296875,126.984375,127.25,252047.0
2017-09-01,127.265625,127.484375,126.875,126.953125,123220.0
2017-09-05,127.171875,127.71875,127.015625,127.671875,76783.0
2017-09-06,127.71875,127.8125,127.328125,127.34375,37724.0
2017-09-07,127.390625,127.953125,127.390625,127.765625,29746.0
2017-09-08,127.859375,128.109375,127.640625,127.75,17309.0
2017-09-11,127.515625,127.546875,127.140625,127.25,13279.0
2017-09-12,127.25,127.25,126.828125,126.90625,14651.0
2017-09-13,126.953125,127.03125,126.671875,126.71875,19911.0
2017-09-14,126.796875,126.8125,126.46875,126.6875,10961.0
2017-09-15,126.8125,126.828125,126.515625,126.59375,9070.0
2017-09-18,126.53125,126.5625,126.359375,126.375,4782.0
2017-09-19,126.453125,126.5,126.25,126.28125,20428.0
2017-09-20,126.3125,126.4375,126.296875,126.34375,1546871.0
2017-09-21,125.6875,125.90625,125.5625,125.625,1288393.0
2017-09-22,125.59375,125.9375,125.578125,125.734375,1231862.0
2017-09-25,125.75,126.140625,125.71875,126.0625,1260658.0
2017-09-26,126.03125,126.125,125.828125,126.0,1085938.0
2017-09-27,125.9375,125.953125,125.3125,125.4375,2014703.0
2017-09-28,125.421875,125.5625,125.0625,125.546875,1668758.0
2017-09-29,125.53125,125.625,125.203125,125.3125,1811508.0
2017-10-02,125.234375,125.390625,124.9375,125.25,1322271.0
2017-10-03,125.21875,125.40625,125.046875,125.328125,954985.0
2017-10-04,125.390625,125.609375,125.1875,125.328125,1209896.0
2017-10-05,125.375,125.4375,125.09375,125.15625,990526.0
2017-10-06,125.171875,125.21875,124.703125,125.03125,1810859.0
2017-10-09,125.046875,125.171875,124.984375,125.09375,248732.0
2017-10-10,125.140625,125.4375,125.015625,125.265625,1217966.0
2017-10-11,125.125,125.359375,125.0625,125.234375,1123947.0
2017-10-12,125.1875,125.4375,125.15625,125.390625,1120475.0
2017-10-13,125.40625,125.796875,125.3125,125.703125,1465750.0
2017-10-16,125.71875,125.734375,125.359375,125.421875,1140752.0
2017-10-17,125.453125,125.515625,125.21875,125.4375,1087579.0
2017-10-18,125.421875,125.4375,125.046875,125.140625,1059325.0
2017-10-19,125.078125,125.5,125.078125,125.265625,1499271.0
2017-10-20,125.34375,125.421875,124.78125,124.828125,1715638.0
2017-10-23,124.78125,125.0,124.71875,124.921875,931547.0
2017-10-24,124.96875,125.015625,124.5625,124.734375,1353951.0
2017-10-25,124.640625,124.6875,124.1875,124.453125,2025047.0
2017-10-26,124.546875,124.734375,124.28125,124.375,1763165.0
2017-10-27,124.296875,124.75,124.203125,124.59375,2067719.0
2017-10-30,124.734375,125.046875,124.71875,125.015625,1242395.0
2017-10-31,125.0,125.109375,124.875,124.9375,1425885.0
2017-11-01,124.875,125.140625,124.71875,124.90625,1387569.0
2017-11-02,124.96875,125.265625,124.890625,125.140625,1419118.0
2017-11-03,125.15625,125.40625,125.015625,125.15625,1373893.0
2017-11-06,125.234375,125.421875,125.109375,125.359375,954051.0
2017-11-07,125.390625,125.46875,125.1875,125.421875,1281128.0
2017-11-08,125.375,125.46875,125.15625,125.25,1001966.0
2017-11-09,125.171875,125.328125,125.046875,125.1875,1685943.0
2017-11-10,125.125,125.15625,124.65625,124.703125,1387082.0
2017-11-13,124.671875,124.90625,124.546875,124.625,960605.0
2017-11-14,124.609375,124.828125,124.5,124.734375,1232433.0
2017-11-15,124.796875,125.21875,124.765625,125.046875,1794617.0
2017-11-16,125.125,125.125,124.765625,124.859375,1145954.0
2017-11-17,124.796875,125.078125,124.765625,124.90625,1286280.0
2017-11-20,124.96875,125.140625,124.6875,124.6875,1276235.0
2017-11-21,124.703125,124.921875,124.59375,124.6875,1774516.0
2017-11-22,124.734375,125.140625,124.609375,125.109375,869759.0
2017-11-24,125.09375,125.140625,124.890625,124.96875,903231.0
2017-11-27,124.984375,125.140625,124.84375,125.125,2900454.0
2017-11-28,125.078125,125.234375,124.9375,124.96875,2661242.0
2017-11-29,125.046875,125.109375,124.515625,124.71875,1899713.0
2017-11-30,124.59375,124.65625,124.1875,124.3125,399175.0
2017-12-01,124.34375,125.09375,124.1875,124.671875,178443.0
2017-12-04,124.203125,124.578125,124.203125,124.5,66535.0
2017-12-05,124.53125,124.640625,124.359375,124.59375,30474.0
2017-12-06,124.609375,124.953125,124.5625,124.828125,40199.0
2017-12-07,124.671875,124.859375,124.515625,124.515625,15164.0
2017-12-08,124.5625,124.703125,124.40625,124.515625,18528.0
2017-12-11,124.484375,124.734375,124.484375,124.5,12172.0
2017-12-12,124.484375,124.5625,124.265625,124.359375,40507.0
2017-12-13,124.328125,124.875,124.15625,124.828125,27179.0
2017-12-14,124.828125,124.84375,124.5,124.78125,23920.0
2017-12-15,124.734375,124.8125,124.484375,124.640625,10118.0
2017-12-18,124.546875,124.625,124.4375,124.453125,12750.0
2017-12-19,124.421875,124.453125,123.859375,123.875,1383059.0
2017-12-20,123.71875,123.828125,123.421875,123.453125,1289547.0
2017-12-21,123.453125,123.625,123.390625,123.515625,845872.0
2017-12-22,123.46875,123.546875,123.4375,123.46875,309304.0
2017-12-26,123.484375,123.671875,123.421875,123.625,317247.0
2017-12-27,123.5625,124.015625,123.53125,123.984375,783811.0
2017-12-28,123.953125,123.96875,123.765625,123.84375,767669.0
2017-12-29,123.828125,124.078125,123.8125,124.046875,699637.0
2018-01-02,123.984375,124.0,123.53125,123.6875,1062328.0
2018-01-03,123.6875,123.890625,123.640625,123.78125,955926.0
2018-01-04,123.765625,123.78125,123.421875,123.671875,1133647.0
2018-01-05,123.671875,123.875,123.46875,123.515625,1433004.0
2018-01-08,123.484375,123.625,123.40625,123.484375,739863.0
2018-01-09,123.46875,123.5,122.984375,123.046875,1686410.0
2018-01-10,122.984375,123.09375,122.703125,123.0,2134251.0
2018-01-11,122.96875,123.15625,122.859375,123.125,1690056.0
2018-01-12,122.984375,123.0625,122.625,122.9375,1652546.0
2018-01-16,122.921875,123.15625,122.84375,122.984375,1402869.0
2018-01-17,122.984375,123.0625,122.546875,122.65625,1448410.0
2018-01-18,122.546875,122.59375,122.34375,122.453125,1950365.0
2018-01-19,122.375,122.5,122.109375,122.28125,1617134.0
2018-01-22,122.28125,122.359375,122.046875,122.09375,1455296.0
2018-01-23,122.171875,122.515625,122.125,122.421875,1539444.0
2018-01-24,122.484375,122.546875,122.140625,122.203125,1616438.0
2018-01-25,122.25,122.46875,121.96875,122.4375,1766131.0
2018-01-26,122.4375,122.453125,121.984375,122.0625,1484833.0
2018-01-29,122.046875,122.125,121.5625,121.8125,1927423.0
2018-01-30,121.8125,121.953125,121.53125,121.640625,1691151.0
2018-01-31,121.65625,121.859375,121.328125,121.578125,2439319.0
2018-02-01,121.671875,121.671875,121.078125,121.21875,2201452.0
2018-02-02,121.09375,121.203125,120.65625,120.734375,2651934.0
2018-02-05,120.8125,122.0625,120.5625,121.265625,2851851.0
2018-02-06,121.953125,122.59375,121.171875,121.484375,3525275.0
2018-02-07,121.203125,121.609375,120.859375,121.0,2201308.0
2018-02-08,121.078125,121.25,120.53125,120.890625,3081009.0
2018-02-09,121.03125,121.578125,120.796875,121.171875,2874444.0
2018-02-12,120.9375,121.046875,120.625,120.890625,1422174.0
2018-02-13,120.84375,121.140625,120.84375,121.0,1277076.0
2018-02-14,121.03125,121.234375,120.265625,120.328125,2541538.0
2018-02-15,120.40625,120.5625,120.03125,120.453125,1801379.0
2018-02-16,120.3125,120.78125,120.296875,120.578125,1325756.0
2018-02-20,120.5625,120.65625,120.15625,120.484375,1618062.0
2018-02-21,120.484375,120.609375,120.0625,120.203125,2154049.0
2018-02-22,120.140625,120.484375,120.09375,120.421875,2364742.0
2018-02-23,120.375,120.828125,120.25,120.734375,2364742.0
2018-02-26,120.734375,121.015625,120.65625,120.828125,2811227.0
2018-02-27,120.765625,120.890625,120.25,120.390625,2092694.0
2018-02-28,120.453125,120.703125,120.296875,120.65625,329530.0
2018-03-01,120.6875,121.296875,120.625,121.203125,197034.0
2018-03-02,121.171875,121.296875,120.6875,120.796875,62175.0
2018-03-05,120.78125,121.21875,120.53125,120.65625,47984.0
2018-03-06,120.65625,120.84375,120.453125,120.671875,34443.0
2018-03-07,120.71875,121.0625,120.609375,120.640625,43812.0
2018-03-08,120.640625,120.921875,120.59375,120.796875,15370.0
2018-03-09,120.8125,120.84375,120.46875,120.65625,11961.0
2018-03-12,120.609375,120.875,120.546875,120.84375,10392.0
2018-03-13,120.828125,121.140625,120.703125,120.921875,17883.0
2018-03-14,120.984375,121.28125,120.84375,121.140625,8201.0
2018-03-15,121.09375,121.28125,121.0,121.09375,12544.0
2018-03-16,121.078125,121.1875,120.90625,120.96875,12887.0
2018-03-19,120.96875,121.109375,120.71875,121.0,11475.0
2018-03-20,120.890625,120.890625,120.65625,120.71875,1081891.0
2018-03-21,119.96875,120.25,119.6875,119.953125,1518293.0
2018-03-22,120.109375,120.78125,120.09375,120.515625,2424965.0
2018-03-23,120.546875,120.875,120.421875,120.609375,1801888.0
2018-03-26,120.640625,120.734375,120.34375,120.46875,1302107.0
2018-03-27,120.375,121.046875,120.34375,120.90625,1842010.0
2018-03-28,121.0,121.28125,120.78125,120.90625,2317510.0
2018-03-29,120.8125,121.1875,120.796875,121.140625,1199682.0
2018-04-02,121.03125,121.375,120.921875,121.265625,1054232.0
2018-04-03,121.25,121.265625,120.796875,120.84375,1518112.0
2018-04-04,120.90625,121.15625,120.671875,120.828125,1510326.0
2018-04-05,120.703125,120.734375,120.515625,120.5625,1160720.0
2018-04-06,120.5625,121.0625,120.546875,121.015625,1660843.0
2018-04-09,120.984375,121.015625,120.71875,120.90625,1019971.0
2018-04-10,120.921875,121.0,120.6875,120.765625,1160672.0
2018-04-11,120.71875,121.109375,120.671875,120.84375,1366675.0
2018-04-12,120.90625,120.96875,120.40625,120.46875,1232813.0
2018-04-13,120.46875,120.625,120.34375,120.484375,1121633.0
2018-04-16,120.46875,120.484375,120.21875,120.46875,988126.0
2018-04-17,120.4375,120.5625,120.3125,120.5625,994110.0
2018-04-18,120.453125,120.515625,120.078125,120.140625,1215936.0
2018-04-19,120.140625,120.203125,119.71875,119.828125,1531393.0
2018-04-20,119.84375,119.921875,119.46875,119.546875,1328046.0
2018-04-23,119.484375,119.5,119.203125,119.328125,1509849.0
2018-04-24,119.3125,119.453125,119.125,119.328125,1500561.0
2018-04-25,119.1875,119.28125,118.96875,119.078125,1647855.0
2018-04-26,119.046875,119.390625,119.015625,119.3125,1312131.0
2018-04-27,119.328125,119.546875,119.28125,119.5,1291016.0
2018-04-30,119.484375,119.65625,119.375,119.625,1264395.0
2018-05-01,119.546875,119.578125,119.359375,119.375,921986.0
2018-05-02,119.453125,119.5625,119.25,119.515625,1318968.0
2018-05-03,119.515625,119.828125,119.4375,119.6875,1462604.0
2018-05-04,119.6875,119.984375,119.5625,119.703125,1337672.0
2018-05-07,119.625,119.765625,119.578125,119.6875,633457.0
2018-05-08,119.640625,119.71875,119.375,119.515625,1208157.0
2018-05-09,119.453125,119.46875,119.1875,119.265625,1146875.0
2018-05-10,119.21875,119.671875,119.203125,119.390625,1424795.0
2018-05-11,119.421875,119.53125,119.3125,119.40625,1018534.0
2018-05-14,119.375,119.484375,119.140625,119.25,924286.0
2018-05-15,119.15625,119.21875,118.515625,118.609375,2462266.0
2018-05-16,118.671875,118.796875,118.4375,118.546875,1803123.0
2018-05-17,118.5,118.59375,118.328125,118.515625,1649924.0
2018-05-18,118.46875,118.90625,118.375,118.84375,1608621.0
2018-05-21,118.71875,118.9375,118.65625,118.84375,1495659.0
2018-05-22,118.875,118.953125,118.71875,118.875,1541549.0
2018-05-23,118.875,119.453125,118.84375,119.390625,2875558.0
2018-05-24,119.40625,119.703125,119.28125,119.5,3791797.0
2018-05-25,119.484375,120.015625,119.390625,119.859375,2761228.0
2018-05-29,120.296875,121.296875,120.09375,121.234375,5473546.0
2018-05-30,121.234375,121.390625,120.265625,120.609375,2189691.0
2018-05-31,120.53125,120.765625,120.265625,120.734375,347770.0
2018-06-01,120.546875,120.546875,119.90625,120.171875,126455.0
2018-06-04,120.125,120.15625,119.75,119.828125,68235.0
2018-06-05,119.78125,120.171875,119.78125,120.03125,40028.0
2018-06-06,119.953125,119.96875,119.578125,119.625,51286.0
2018-06-07,119.625,120.296875,119.484375,119.921875,21426.0
2018-06-08,119.9375,120.265625,119.796875,119.921875,16588.0
2018-06-11,119.859375,119.890625,119.671875,119.765625,17545.0
2018-06-12,119.765625,119.828125,119.5625,119.734375,6225.0
2018-06-13,119.703125,119.765625,119.25,119.515625,20285.0
2018-06-14,119.578125,119.828125,119.546875,119.75,6303.0
2018-06-15,119.875,120.140625,119.84375,119.890625,5683.0
2018-06-18,119.9375,120.0625,119.875,119.90625,4250.0
2018-06-19,119.953125,120.484375,119.953125,120.140625,5995.0
2018-06-20,120.125,120.15625,119.96875,119.96875,1231414.0
2018-06-21,119.5,119.921875,119.421875,119.859375,1566709.0
2018-06-22,119.84375,119.90625,119.640625,119.828125,937367.0
2018-06-25,119.859375,120.140625,119.859375,120.03125,1504375.0
2018-06-26,119.953125,120.109375,119.828125,120.0,1058281.0
2018-06-27,119.984375,120.40625,119.9375,120.390625,1898576.0
2018-06-28,120.375,120.453125,120.15625,120.1875,1409221.0
2018-06-29,120.265625,120.296875,120.0625,120.1875,1402554.0
2018-07-02,120.125,120.4375,120.03125,120.078125,1072783.0
2018-07-03,120.03125,120.375,119.9375,120.3125,0.0
2018-07-05,120.234375,120.421875,120.09375,120.25,1166546.0
2018-07-06,120.34375,120.625,120.203125,120.34375,992184.0
2018-07-09,120.375,120.390625,120.09375,120.125,804790.0
2018-07-10,120.125,120.203125,120.0,120.015625,1011141.0
2018-07-11,120.234375,120.40625,120.078125,120.25,1588869.0
2018-07-12,120.171875,120.25,120.015625,120.15625,998978.0
2018-07-13,120.21875,120.390625,120.125,120.359375,822694.0
2018-07-16,120.390625,120.390625,120.0,120.171875,878760.0
2018-07-17,120.1875,120.25,120.03125,120.125,818755.0
2018-07-18,120.109375,120.25,120.0,120.0625,866201.0
2018-07-19,120.078125,120.421875,119.859375,120.296875,1757197.0
2018-07-20,120.328125,120.375,119.953125,119.984375,1329203.0
2018-07-23,120.015625,120.109375,119.453125,119.484375,1631269.0
2018-07-24,119.5625,119.640625,119.390625,119.5625,1311962.0
2018-07-25,119.546875,119.703125,119.328125,119.65625,1673593.0
2018-07-26,119.375,119.5625,119.28125,119.34375,1476232.0
2018-07-27,119.328125,119.515625,119.25,119.4375,1273355.0
2018-07-30,119.484375,119.484375,119.25,119.375,1053711.0
2018-07-31,119.375,119.65625,119.34375,119.421875,1915199.0
2018-08-01,119.40625,119.5625,119.078125,119.171875,1500142.0
2018-08-02,119.171875,119.375,119.109375,119.328125,1306817.0
2018-08-03,119.296875,119.640625,119.234375,119.609375,1284592.0
2018-08-06,119.609375,119.84375,119.53125,119.734375,905781.0
2018-08-07,119.703125,119.75,119.40625,119.46875,840015.0
2018-08-08,119.46875,119.59375,119.390625,119.5,987422.0
2018-08-09,119.53125,119.796875,119.5,119.71875,1137612.0
2018-08-10,119.75,120.40625,119.734375,120.375,2336406.0
2018-08-13,120.3125,120.484375,120.125,120.25,2075482.0
2018-08-14,120.15625,120.25,120.03125,120.109375,1292946.0
2018-08-15,120.0625,120.5625,120.046875,120.4375,1829448.0
2018-08-16,120.328125,120.40625,120.109375,120.265625,1253118.0
2018-08-17,120.3125,120.5,120.21875,120.25,1312548.0
2018-08-20,120.328125,120.6875,120.28125,120.625,1286812.0
2018-08-21,120.671875,120.6875,120.390625,120.453125,1316423.0
2018-08-22,120.578125,120.75,120.515625,120.625,1428199.0
2018-08-23,120.609375,120.703125,120.5,120.59375,1382001.0
2018-08-24,120.515625,120.625,120.359375,120.515625,1894629.0
2018-08-27,120.609375,120.65625,120.3125,120.34375,1687935.0
2018-08-28,120.359375,120.40625,120.0625,120.09375,3160594.0
2018-08-29,120.125,120.25,119.96875,120.09375,2379987.0
2018-08-30,120.078125,120.328125,120.046875,120.265625,1419186.0
2018-08-31,120.3125,120.5,120.28125,120.390625,0.0
2018-09-04,120.34375,120.40625,120.046875,120.0625,115787.0
2018-09-05,120.109375,120.21875,119.984375,120.09375,62969.0
2018-09-06,120.125,120.34375,120.046875,120.296875,55714.0
2018-09-07,120.328125,120.34375,119.75,119.796875,44350.0
2018-09-10,119.765625,119.890625,119.734375,119.8125,9954.0
2018-09-11,119.8125,119.828125,119.453125,119.5,16762.0
2018-09-12,119.515625,119.671875,119.515625,119.609375,21477.0
2018-09-13,119.5625,119.75,119.453125,119.59375,8923.0
2018-09-14,119.578125,119.59375,119.3125,119.359375,15676.0
2018-09-17,119.34375,119.40625,119.1875,119.3125,9999.0
2018-09-18,119.484375,119.5,118.953125,118.984375,7820.0
2018-09-19,118.953125,119.0,118.765625,118.859375,1929508.0
2018-09-20,118.703125,118.734375,118.4375,118.59375,1614630.0
2018-09-21,118.65625,118.734375,118.53125,118.671875,1123897.0
2018-09-24,118.703125,118.71875,118.46875,118.625,1188674.0
2018-09-25,118.515625,118.5625,118.34375,118.453125,1154172.0
2018-09-26,118.4375,118.859375,118.4375,118.734375,1538450.0
2018-09-27,118.828125,118.984375,118.640625,118.75,1513415.0
2018-09-28,118.765625,119.0,118.734375,118.78125,1713641.0
2018-10-01,118.71875,118.765625,118.515625,118.671875,1262949.0
2018-10-02,118.625,118.921875,118.609375,118.8125,1651670.0
2018-10-03,118.75,118.890625,117.921875,118.125,2673326.0
2018-10-04,117.984375,118.03125,117.609375,117.859375,2803647.0
2018-10-05,117.890625,117.96875,117.515625,117.671875,2363170.0
2018-10-08,117.625,117.8125,117.421875,117.703125,485721.0
2018-10-09,117.640625,117.859375,117.46875,117.8125,1937388.0
2018-10-10,117.796875,118.203125,117.546875,117.75,2551116.0
2018-10-11,118.203125,118.453125,117.953125,118.390625,3666139.0
2018-10-12,118.234375,118.4375,118.0,118.34375,1979954.0
2018-10-15,118.171875,118.328125,118.140625,118.15625,1416067.0
2018-10-16,118.21875,118.25,118.046875,118.21875,1463983.0
2018-10-17,118.125,118.296875,117.84375,118.046875,1593614.0
2018-10-18,117.859375,118.28125,117.78125,118.140625,2331342.0
2018-10-19,118.078125,118.1875,117.890625,117.953125,1956703.0
2018-10-22,117.96875,118.125,117.875,118.0,1410808.0
2018-10-23,117.96875,118.65625,117.96875,118.265625,2923885.0
2018-10-24,118.25,118.859375,118.21875,118.625,2709457.0
2018-10-25,118.765625,118.84375,118.4375,118.53125,2132579.0
2018-10-26,118.6875,119.1875,118.671875,119.03125,2768692.0
2018-10-29,119.015625,119.171875,118.703125,118.953125,1948721.0
2018-10-30,118.953125,118.984375,118.65625,118.78125,1990798.0
2018-10-31,118.65625,118.671875,118.359375,118.4375,1956359.0
2018-11-01,118.515625,118.65625,118.34375,118.578125,1654904.0
2018-11-02,118.671875,118.703125,117.984375,118.046875,2411856.0
2018-11-05,118.046875,118.25,118.03125,118.140625,1230676.0
2018-11-06,118.125,118.234375,117.890625,118.0,1215002.0
2018-11-07,117.90625,118.265625,117.71875,117.984375,2301837.0
2018-11-08,117.796875,118.0,117.703125,117.78125,1354498.0
2018-11-09,117.75,118.203125,117.734375,118.125,1697861.0
2018-11-12,118.171875,118.46875,118.109375,118.390625,563274.0
2018-11-13,118.421875,118.578125,118.234375,118.515625,1878432.0
2018-11-14,118.5,118.984375,118.375,118.75,2188936.0
2018-11-15,118.6875,119.09375,118.609375,118.8125,2392837.0
2018-11-16,118.8125,119.25,118.765625,119.15625,1826749.0
2018-11-19,119.25,119.375,119.015625,119.296875,1666762.0
2018-11-20,119.234375,119.4375,119.1875,119.34375,2225246.0
2018-11-21,119.203125,119.265625,119.015625,119.234375,1824157.0
2018-11-23,119.1875,119.453125,119.125,119.28125,1247520.0
2018-11-26,119.328125,119.359375,119.0625,119.140625,2513332.0
2018-11-27,119.25,119.328125,119.109375,119.25,3153782.0
2018-11-28,119.234375,119.40625,119.078125,119.390625,3081143.0
2018-11-29,119.3125,119.734375,119.234375,119.421875,1940800.0
2018-11-30,119.46875,119.765625,119.453125,119.546875,312021.0
2018-12-03,119.375,119.859375,119.265625,119.6875,116128.0
2018-12-04,119.859375,120.328125,119.78125,120.09375,135343.0
2018-12-06,120.109375,120.890625,120.078125,120.453125,98775.0
2018-12-07,120.359375,120.796875,120.25,120.765625,45301.0
2018-12-10,120.828125,120.9375,120.609375,120.6875,19818.0
2018-12-11,120.65625,120.78125,120.375,120.453125,20929.0
2018-12-12,120.484375,120.5,120.1875,120.28125,11122.0
2018-12-13,120.25,120.390625,120.234375,120.28125,5119.0
2018-12-14,120.296875,120.640625,120.28125,120.453125,6471.0
2018-12-17,120.4375,120.765625,120.40625,120.71875,4909.0
2018-12-18,120.703125,121.046875,120.703125,120.953125,5991.0
2018-12-19,121.046875,121.1875,120.890625,120.921875,2011340.0
2018-12-20,121.265625,121.328125,120.890625,121.0625,2172584.0
2018-12-21,120.9375,121.140625,120.890625,121.03125,1417613.0
2018-12-24,121.078125,121.5625,121.0,121.40625,513369.0
2018-12-26,121.53125,121.640625,120.875,121.03125,881047.0
2018-12-27,120.96875,121.59375,120.953125,121.53125,1465439.0
2018-12-28,121.390625,121.8125,121.28125,121.625,1312658.0
2018-12-31,121.671875,122.125,121.5625,122.015625,797287.0
2019-01-02,121.8125,122.515625,121.8125,122.1875,1537272.0
2019-01-03,122.59375,123.25,122.21875,123.15625,2637572.0
2019-01-04,123.15625,123.234375,122.125,122.296875,2132973.0
2019-01-07,122.1875,122.46875,121.90625,122.046875,1335862.0
2019-01-08,121.953125,122.046875,121.609375,121.75,1174114.0
2019-01-09,121.65625,121.859375,121.5,121.71875,1428110.0
2019-01-10,121.796875,122.109375,121.578125,121.71875,1426743.0
2019-01-11,121.625,122.109375,121.609375,121.953125,1209547.0
2019-01-14,121.921875,122.28125,121.875,121.90625,1058706.0
2019-01-15,121.9375,122.1875,121.78125,121.90625,1555787.0
2019-01-16,121.84375,121.9375,121.609375,121.71875,1180543.0
2019-01-17,121.765625,121.96875,121.390625,121.515625,1449617.0
2019-01-18,121.5,121.546875,121.0625,121.171875,1468412.0
2019-01-22,121.171875,121.625,121.15625,121.578125,1733333.0
2019-01-23,121.484375,121.546875,121.21875,121.390625,1383476.0
2019-01-24,121.484375,121.84375,121.40625,121.75,1356409.0
2019-01-25,121.703125,121.78125,121.3125,121.40625,1319213.0
2019-01-28,121.34375,121.609375,121.265625,121.5,1326926.0
2019-01-29,121.46875,121.8125,121.453125,121.78125,1191668.0
2019-01-30,121.75,122.140625,121.5,122.0,1711957.0
2019-01-31,122.109375,122.59375,122.0625,122.46875,1941362.0
2019-02-01,122.453125,122.53125,121.875,121.9375,1757389.0
2019-02-04,121.984375,122.0,121.625,121.71875,1022090.0
2019-02-05,121.71875,121.96875,121.59375,121.875,1036243.0
2019-02-06,121.875,122.109375,121.8125,121.890625,1087271.0
2019-02-07,121.921875,122.296875,121.90625,122.28125,1523473.0
2019-02-08,122.203125,122.46875,122.1875,122.375,1124119.0
2019-02-11,122.328125,122.40625,122.0625,122.125,963200.0
2019-02-12,122.1875,122.203125,121.890625,121.953125,1143327.0
2019-02-13,121.9375,121.984375,121.65625,121.75,1308329.0
2019-02-14,121.78125,122.296875,121.703125,122.171875,1743940.0
2019-02-15,122.171875,122.25,121.90625,122.046875,1084414.0
2019-02-19,122.046875,122.3125,121.9375,122.21875,1313246.0
2019-02-20,122.296875,122.375,122.140625,122.15625,1418484.0
2019-02-21,122.21875,122.25,121.796875,121.90625,2635431.0
2019-02-22,121.84375,122.28125,121.84375,122.140625,1879806.0
2019-02-25,122.046875,122.125,121.921875,122.03125,3161503.0
2019-02-26,122.09375,122.359375,122.0625,122.328125,3194291.0
2019-02-27,122.296875,122.375,121.875,121.921875,1627040.0
2019-02-28,122.0,122.171875,121.609375,121.75,280819.0
2019-03-01,121.71875,121.765625,121.359375,121.4375,103654.0
2019-03-04,121.359375,121.71875,121.3125,121.671875,60189.0
2019-03-05,121.671875,121.71875,121.46875,121.6875,61859.0
2019-03-06,121.734375,122.046875,121.6875,121.9375,45404.0
2019-03-07,121.96875,122.421875,121.953125,122.421875,16332.0
2019-03-08,122.390625,122.6875,122.328125,122.515625,20808.0
2019-03-11,122.46875,122.515625,122.28125,122.40625,5093.0
2019-03-12,122.25,122.671875,122.15625,122.609375,14993.0
2019-03-13,122.5625,122.625,122.421875,122.59375,5233.0
2019-03-14,122.5,122.578125,122.34375,122.453125,4737.0
2019-03-15,122.40625,122.8125,122.40625,122.703125,26349.0
2019-03-18,122.703125,122.765625,122.578125,122.59375,16169.0
2019-03-19,122.625,122.703125,122.40625,122.5,7481.0
2019-03-20,122.5625,122.71875,122.546875,122.6875,1540615.0
2019-03-21,123.4375,123.6875,123.28125,123.359375,1563387.0
2019-03-22,123.359375,124.265625,123.328125,124.03125,2521931.0
2019-03-25,124.0625,124.671875,123.875,124.328125,2186358.0
2019-03-26,124.484375,124.515625,124.0625,124.40625,1960900.0
2019-03-27,124.3125,124.96875,124.265625,124.6875,2172081.0
2019-03-28,124.703125,124.953125,124.328125,124.5,1775988.0
2019-03-29,124.40625,124.453125,124.078125,124.21875,1962022.0
2019-04-01,124.15625,124.171875,123.515625,123.609375,1761109.0
2019-04-02,123.625,123.859375,123.609375,123.765625,1346910.0
2019-04-03,123.8125,123.84375,123.40625,123.5,1565485.0
2019-04-04,123.4375,123.703125,123.421875,123.546875,1191134.0
2019-04-05,123.515625,123.6875,123.265625,123.59375,1419966.0
2019-04-08,123.625,123.703125,123.421875,123.453125,860631.0
2019-04-09,123.453125,123.75,123.40625,123.640625,1254979.0
2019-04-10,123.59375,123.921875,123.53125,123.796875,1349148.0
2019-04-11,123.84375,123.859375,123.515625,123.5625,1142422.0
2019-04-12,123.609375,123.671875,123.03125,123.09375,1629932.0
2019-04-15,123.046875,123.203125,122.96875,123.15625,1013260.0
2019-04-16,123.15625,123.203125,122.796875,122.828125,1356140.0
2019-04-17,122.84375,122.9375,122.640625,122.859375,1521927.0
2019-04-18,122.859375,123.234375,122.84375,123.140625,1434418.0
2019-04-22,123.125,123.171875,122.921875,122.9375,610997.0
2019-04-23,122.953125,123.203125,122.90625,123.125,942906.0
2019-04-24,123.140625,123.578125,123.109375,123.53125,1330691.0
2019-04-25,123.515625,123.5625,123.328125,123.390625,1141463.0
2019-04-26,123.390625,123.75,123.28125,123.671875,1492354.0
2019-04-29,123.671875,123.703125,123.390625,123.4375,918956.0
2019-04-30,123.515625,123.71875,123.3125,123.671875,1897188.0
2019-05-01,123.6875,124.125,123.46875,123.578125,1929299.0
2019-05-02,123.609375,123.65625,123.15625,123.171875,1605845.0
2019-05-03,123.25,123.46875,122.9375,123.34375,1488964.0
2019-05-06,123.5625,124.109375,123.5625,123.625,1421616.0
2019-05-07,123.9375,124.03125,123.609375,124.015625,1816896.0
2019-05-08,123.921875,124.1875,123.65625,123.75,2020026.0
2019-05-09,123.734375,124.265625,123.734375,123.984375,2119854.0
2019-05-10,124.0625,124.21875,123.828125,123.984375,2112004.0
2019-05-13,124.09375,124.5625,124.0,124.421875,1832738.0
2019-05-14,124.40625,124.53125,124.25,124.328125,1302395.0
2019-05-15,124.390625,124.84375,124.3125,124.671875,1905968.0
2019-05-16,124.6875,124.84375,124.3125,124.421875,1441988.0
2019-05-17,124.515625,124.78125,124.359375,124.484375,1357736.0
2019-05-20,124.5,124.59375,124.25,124.28125,1263291.0
2019-05-21,124.28125,124.359375,124.03125,124.140625,1308309.0
2019-05-22,124.140625,124.515625,124.09375,124.4375,1523116.0
2019-05-23,124.5,125.21875,124.46875,125.203125,3130623.0
2019-05-24,124.9375,125.078125,124.84375,124.890625,2851424.0
2019-05-28,125.015625,125.453125,124.90625,125.390625,4279844.0
2019-05-29,125.40625,125.84375,125.34375,125.625,3176520.0
2019-05-30,125.375,125.8125,125.203125,125.6875,1414607.0
2019-05-31,125.75,126.5,125.734375,126.375,403790.0
2019-06-03,126.3125,127.078125,126.3125,126.890625,177818.0
2019-06-04,126.953125,127.046875,126.328125,126.59375,92950.0
2019-06-05,126.4375,127.0625,126.40625,126.640625,75356.0
2019-06-06,126.625,126.90625,126.515625,126.609375,26921.0
2019-06-07,126.65625,127.25,126.578125,126.890625,13638.0
2019-06-10,126.578125,126.6875,126.390625,126.4375,12131.0
2019-06-11,126.390625,126.484375,126.203125,126.4375,8523.0
2019-06-12,126.4375,126.734375,126.4375,126.640625,7195.0
2019-06-13,126.703125,127.078125,126.6875,127.0,13309.0
2019-06-14,127.078125,127.28125,126.84375,126.9375,9381.0
2019-06-17,126.875,127.046875,126.75,126.96875,12680.0
2019-06-18,126.90625,127.5,126.90625,127.140625,6267.0
2019-06-19,127.015625,127.015625,126.828125,126.90625,1922272.0
2019-06-20,127.875,128.265625,127.671875,128.0625,2238622.0
2019-06-21,127.796875,128.015625,127.4375,127.515625,1597384.0
2019-06-24,127.640625,127.984375,127.53125,127.9375,987020.0
2019-06-25,127.96875,128.25,127.890625,128.125,1649628.0
2019-06-26,128.171875,128.1875,127.5625,127.59375,1372796.0
2019-06-27,127.625,127.953125,127.375,127.9375,1358937.0
2019-06-28,127.859375,128.0,127.6875,127.96875,1360265.0
2019-07-01,127.609375,127.96875,127.53125,127.6875,1480141.0
2019-07-02,127.75,128.171875,127.71875,128.140625,1168305.0
2019-07-03,128.15625,128.4375,128.140625,128.25,1229180.0
2019-07-05,128.25,128.40625,127.265625,127.46875,1994242.0
2019-07-08,127.46875,127.734375,127.328125,127.5,1181049.0
2019-07-09,127.390625,127.5,127.15625,127.296875,1234559.0
2019-07-10,127.234375,127.578125,126.859375,127.4375,1896091.0
2019-07-11,127.4375,127.640625,126.75,126.984375,1751719.0
2019-07-12,126.859375,127.140625,126.78125,127.109375,1148508.0
2019-07-15,127.0,127.21875,126.84375,127.171875,931067.0
2019-07-16,127.203125,127.25,126.71875,126.921875,1322335.0
2019-07-17,127.03125,127.53125,126.96875,127.359375,1072723.0
2019-07-18,127.453125,127.8125,127.234375,127.640625,1741787.0
2019-07-19,127.78125,127.859375,127.375,127.53125,1260018.0
2019-07-22,127.484375,127.6875,127.34375,127.59375,816913.0
2019-07-23,127.5625,127.609375,127.28125,127.359375,1078947.0
2019-07-24,127.28125,127.671875,127.265625,127.515625,1127865.0
2019-07-25,127.53125,127.84375,127.078125,127.28125,1985659.0
2019-07-26,127.234375,127.375,127.03125,127.21875,1002499.0
2019-07-29,127.3125,127.5,127.28125,127.453125,867368.0
2019-07-30,127.359375,127.546875,127.234375,127.34375,1151527.0
2019-07-31,127.359375,127.703125,127.015625,127.421875,2403170.0
2019-08-01,127.5,128.8125,127.140625,128.6875,3135151.0
2019-08-02,128.5625,129.140625,128.453125,128.859375,2311855.0
2019-08-05,128.90625,130.0,128.84375,129.84375,2625894.0
2019-08-06,130.15625,130.328125,129.46875,129.765625,2306499.0
2019-08-07,130.015625,130.859375,129.71875,130.15625,2910174.0
2019-08-08,129.734375,130.015625,129.375,129.921875,2059943.0
2019-08-09,130.0,130.265625,129.546875,129.6875,1594152.0
2019-08-12,129.671875,130.453125,129.609375,130.375,1147618.0
2019-08-13,130.28125,130.53125,129.53125,129.828125,2232738.0
2019-08-14,129.671875,130.6875,129.65625,130.515625,2099883.0
2019-08-15,130.4375,131.34375,130.3125,130.953125,2722396.0
2019-08-16,130.90625,131.09375,130.40625,130.921875,1549517.0
2019-08-19,130.8125,130.8125,130.296875,130.4375,1296412.0
2019-08-20,130.359375,130.953125,130.359375,130.734375,1318349.0
2019-08-21,130.75,130.796875,130.328125,130.53125,1479712.0
2019-08-22,130.46875,130.734375,130.125,130.296875,1941609.0
2019-08-23,130.25,131.15625,129.875,130.953125,3167656.0
2019-08-26,131.3125,131.609375,130.75,130.78125,2771285.0
2019-08-27,130.859375,131.296875,130.84375,131.140625,3317674.0
2019-08-28,131.25,131.515625,131.125,131.359375,2277729.0
2019-08-29,131.3125,131.53125,130.8125,130.953125,1120486.0
2019-08-30,131.09375,131.140625,130.75,131.046875,134475.0
2019-09-03,131.25,131.71875,130.859375,131.453125,79351.0
2019-09-04,131.484375,131.65625,131.21875,131.609375,30298.0
2019-09-05,131.53125,131.5625,130.453125,130.65625,43583.0
2019-09-06,130.671875,130.828125,130.234375,130.734375,18686.0
2019-09-09,130.640625,130.671875,130.015625,130.25,13594.0
2019-09-10,130.078125,130.21875,129.25,129.5625,14702.0
2019-09-11,129.375,129.5,129.203125,129.34375,5571.0
2019-09-12,129.296875,129.78125,128.859375,128.890625,8368.0
2019-09-13,128.953125,129.109375,128.0625,128.078125,4103.0
2019-09-16,128.375,128.671875,128.25,128.53125,4831.0
2019-09-17,128.4375,128.859375,128.4375,128.71875,5737.0
2019-09-18,128.734375,129.25,128.671875,128.8125,4089.0
2019-09-19,128.53125,129.046875,128.53125,128.921875,1440535.0
2019-09-20,129.5,129.96875,129.375,129.6875,1238680.0
2019-09-23,129.765625,130.421875,129.578125,130.078125,1513971.0
2019-09-24,129.96875,130.78125,129.921875,130.71875,1689336.0
2019-09-25,130.578125,130.75,129.890625,129.953125,1777604.0
2019-09-26,129.921875,130.390625,129.90625,130.28125,1540564.0
2019-09-27,130.21875,130.40625,129.9375,130.390625,1325313.0
2019-09-30,130.21875,130.390625,130.03125,130.3125,1214229.0
2019-10-01,130.375,130.921875,129.625,130.65625,2172846.0
2019-10-02,130.6875,131.25,130.4375,131.140625,1824231.0
2019-10-03,131.0625,131.96875,131.046875,131.75,1916073.0
2019-10-04,131.703125,132.03125,131.484375,131.90625,1601440.0
2019-10-07,131.90625,131.984375,131.40625,131.515625,1084278.0
2019-10-08,131.484375,131.953125,131.203125,131.703125,1396465.0
2019-10-09,131.75,131.8125,131.25,131.28125,1192798.0
2019-10-10,131.359375,131.75,130.59375,130.703125,1907652.0
2019-10-11,130.640625,130.8125,129.71875,129.875,2087451.0
2019-10-14,130.0625,130.59375,129.9375,130.21875,451647.0
2019-10-15,130.28125,130.546875,129.703125,129.765625,1439696.0
2019-10-16,129.796875,130.234375,129.765625,129.984375,1480517.0
2019-10-17,130.03125,130.1875,129.515625,129.90625,1463817.0
2019-10-18,129.921875,130.171875,129.765625,130.03125,894043.0
2019-10-21,130.09375,130.125,129.53125,129.625,926760.0
2019-10-22,129.578125,129.859375,129.46875,129.8125,1025951.0
2019-10-23,129.875,130.140625,129.765625,129.859375,887398.0
2019-10-24,129.828125,130.0625,129.640625,129.84375,1318699.0
2019-10-25,129.859375,129.96875,129.359375,129.53125,1248579.0
2019-10-28,129.578125,129.578125,129.046875,129.15625,1104455.0
2019-10-29,129.171875,129.359375,129.046875,129.265625,1107499.0
2019-10-30,129.234375,129.71875,129.109375,129.484375,1410254.0
2019-10-31,129.71875,130.40625,129.53125,130.296875,2201732.0
2019-11-01,130.265625,130.484375,129.84375,130.015625,1624270.0
2019-11-04,130.03125,130.078125,129.53125,129.578125,1107605.0
2019-11-05,129.625,129.65625,128.859375,128.921875,1794964.0
2019-11-06,128.96875,129.390625,128.9375,129.328125,1484890.0
2019-11-07,129.203125,129.375,127.984375,128.390625,2622358.0
2019-11-08,128.421875,128.6875,128.109375,128.390625,1764060.0
2019-11-11,128.25,128.578125,128.21875,128.390625,344598.0
2019-11-12,128.390625,128.578125,128.140625,128.53125,1365009.0
2019-11-13,128.328125,128.921875,128.328125,128.890625,1483757.0
2019-11-14,128.734375,129.46875,128.6875,129.34375,1644581.0
2019-11-15,129.265625,129.3125,129.015625,129.140625,978639.0
2019-11-18,129.140625,129.453125,128.96875,129.328125,1198151.0
2019-11-19,129.265625,129.5,129.15625,129.4375,1255752.0
2019-11-20,129.453125,129.890625,129.4375,129.796875,2142632.0
2019-11-21,129.875,130.0625,129.390625,129.484375,2582282.0
2019-11-22,129.46875,129.703125,129.328125,129.453125,2350148.0
2019-11-25,129.4375,129.59375,129.25,129.515625,2878708.0
2019-11-26,129.546875,129.765625,129.359375,129.6875,2602268.0
2019-11-27,129.671875,129.6875,129.296875,129.375,1306006.0
2019-11-29,129.359375,129.53125,129.15625,129.296875,154267.0
2019-12-02,129.171875,129.203125,128.703125,128.890625,108406.0
2019-12-03,129.03125,130.0625,128.8125,129.96875,81149.0
2019-12-04,129.90625,130.046875,129.375,129.40625,40727.0
2019-12-05,129.484375,129.609375,129.09375,129.3125,26072.0
2019-12-06,129.21875,129.375,128.6875,128.90625,20825.0
2019-12-09,128.90625,129.171875,128.890625,129.0,6185.0
2019-12-10,129.078125,129.21875,128.84375,128.9375,5641.0
2019-12-11,128.90625,129.34375,128.90625,129.296875,3744.0
2019-12-12,129.265625,129.40625,128.265625,128.4375,5183.0
2019-12-13,128.140625,129.109375,128.015625,129.09375,6156.0
2019-12-16,129.0,129.0,128.53125,128.53125,3697.0
2019-12-17,128.734375,128.78125,128.5625,128.578125,2840.0
2019-12-18,128.640625,128.765625,128.25,128.328125,1466.0
2019-12-19,128.34375,128.5625,128.28125,128.5625,1205409.0
2019-12-20,128.203125,128.265625,127.96875,128.25,806749.0
2019-12-23,128.21875,128.390625,128.046875,128.09375,620132.0
2019-12-24,128.140625,128.390625,128.0,128.3125,398672.0
2019-12-26,128.359375,128.46875,128.203125,128.375,402206.0
2019-12-27,128.40625,128.671875,128.390625,128.65625,667285.0
2019-12-30,128.609375,128.6875,128.15625,128.53125,891503.0
2019-12-31,128.609375,128.609375,128.25,128.421875,850930.0
2020-01-02,128.296875,128.921875,128.15625,128.625,1250468.0
2020-01-03,128.65625,129.4375,128.625,129.390625,1817748.0
2020-01-06,129.5,129.65625,129.15625,129.25,1666524.0
2020-01-07,129.234375,129.390625,129.140625,129.15625,1450885.0
2020-01-08,129.25,130.1875,128.734375,128.765625,2993268.0
2020-01-09,128.765625,128.9375,128.546875,128.890625,1594105.0
2020-01-10,128.859375,129.171875,128.765625,129.078125,1369615.0
2020-01-13,129.109375,129.109375,128.8125,128.921875,1055289.0
2020-01-14,128.921875,129.234375,128.78125,129.140625,1421799.0
2020-01-15,129.171875,129.4375,129.125,129.34375,1349774.0
2020-01-16,129.359375,129.4375,129.078125,129.15625,1373300.0
2020-01-17,129.109375,129.21875,128.90625,129.046875,1390519.0
2020-01-21,129.125,129.609375,129.109375,129.578125,1664597.0
2020-01-22,129.53125,129.625,129.375,129.546875,1349211.0
2020-01-23,129.546875,130.03125,129.546875,129.78125,1938652.0
2020-01-24,129.8125,130.375,129.59375,130.28125,2201734.0
2020-01-27,130.578125,130.96875,130.53125,130.890625,2434005.0
2020-01-28,130.8125,131.1875,130.453125,130.609375,2306819.0
2020-01-29,130.515625,131.15625,130.421875,131.015625,1757332.0
2020-01-30,131.0625,131.53125,131.0,131.3125,2694207.0
2020-01-31,131.015625,131.828125,130.9375,131.65625,2664632.0
2020-02-03,131.859375,131.90625,131.125,131.578125,2331880.0
2020-02-04,131.546875,131.640625,130.75,130.890625,2200574.0
2020-02-05,130.921875,131.140625,130.359375,130.546875,2584163.0
2020-02-06,130.546875,130.65625,130.21875,130.5625,1858725.0
2020-02-07,130.546875,131.140625,130.515625,131.078125,2331670.0
2020-02-10,131.09375,131.390625,130.890625,131.359375,1689593.0
2020-02-11,131.125,131.1875,130.875,131.0,1579786.0
2020-02-12,130.890625,130.9375,130.609375,130.6875,1700284.0
2020-02-13,130.65625,131.171875,130.640625,130.765625,2149666.0
2020-02-14,130.734375,131.125,130.734375,130.984375,1496111.0
2020-02-18,130.9375,131.390625,130.828125,131.203125,1883347.0
2020-02-19,131.171875,131.25,130.9375,131.078125,1663072.0
2020-02-20,131.09375,131.59375,130.9375,131.4375,2356919.0
2020-02-21,131.5,132.140625,131.4375,131.859375,3397725.0
2020-02-24,132.203125,132.890625,132.09375,132.65625,4232656.0
2020-02-25,132.734375,133.328125,132.34375,133.125,5598034.0
2020-02-26,132.90625,133.40625,132.703125,133.328125,4313431.0
2020-02-27,133.09375,133.96875,133.015625,133.4375,2733280.0
2020-02-28,133.703125,134.984375,133.546875,134.84375,275925.0
2020-03-02,135.03125,135.84375,134.578125,135.265625,85076.0
2020-03-03,134.546875,136.953125,134.484375,136.0,60328.0
2020-03-04,136.140625,136.640625,135.671875,136.25,43117.0
2020-03-05,135.75,136.9375,135.671875,136.765625,22117.0
2020-03-06,136.796875,138.484375,136.703125,138.046875,12490.0
2020-03-09,138.546875,140.703125,138.5,139.296875,6044.0
2020-03-10,137.78125,138.75,137.0,137.546875,4485.0
2020-03-11,137.625,138.375,136.640625,137.140625,5095.0
2020-03-12,138.46875,138.890625,136.734375,136.890625,2227.0
2020-03-13,136.125,137.125,135.78125,135.796875,805.0
2020-03-16,136.65625,138.375,136.65625,138.0625,8394.0
2020-03-17,140.0,140.0,135.65625,136.0625,3026.0
2020-03-18,135.875,136.0,134.375,134.375,6960.0
2020-03-19,135.140625,136.0,134.5625,135.3125,1639.0
2020-03-20,136.34375,136.5,136.0,136.5,1686753.0
2020-03-23,137.5625,138.5625,137.203125,138.203125,1817511.0
2020-03-24,138.09375,138.3125,136.921875,137.453125,1401549.0
2020-03-25,137.234375,137.6875,137.03125,137.34375,1308534.0
2020-03-26,137.25,138.015625,137.21875,137.734375,1294144.0
2020-03-27,137.390625,138.75,137.34375,138.265625,1247294.0
2020-03-30,138.921875,139.390625,138.375,138.828125,1259056.0
2020-03-31,138.46875,139.046875,138.34375,138.6875,1527275.0
2020-04-01,138.796875,139.421875,138.78125,138.984375,1342210.0
2020-04-02,139.296875,139.453125,138.78125,138.890625,1185789.0
2020-04-03,139.015625,139.34375,138.890625,139.140625,924986.0
2020-04-06,138.984375,139.03125,138.328125,138.40625,950207.0
2020-04-07,138.4375,138.46875,137.5,137.90625,1441115.0
2020-04-08,138.0625,138.296875,137.703125,137.84375,1137637.0
2020-04-09,137.765625,138.390625,137.65625,138.25,1195287.0
2020-04-13,138.078125,138.34375,137.890625,138.078125,596558.0
2020-04-14,137.96875,138.390625,137.84375,138.21875,1076610.0
2020-04-15,138.21875,139.28125,138.1875,139.15625,1331091.0
2020-04-16,139.171875,139.40625,138.953125,139.234375,1139525.0
2020-04-17,138.84375,139.4375,138.53125,138.890625,1365292.0
2020-04-20,139.015625,139.234375,138.921875,139.109375,741098.0
2020-04-21,139.21875,139.6875,139.078125,139.390625,1092690.0
2020-04-22,139.421875,139.53125,138.828125,139.046875,954669.0
2020-04-23,139.03125,139.171875,138.859375,139.015625,1105020.0
2020-04-24,139.09375,139.234375,138.890625,139.109375,757985.0
2020-04-27,139.0,139.046875,138.578125,138.65625,881685.0
2020-04-28,138.625,139.109375,138.53125,139.015625,989863.0
2020-04-29,139.0,139.28125,138.828125,138.96875,1073167.0
2020-04-30,138.9375,139.359375,138.796875,139.0625,1533122.0
2020-05-01,138.96875,139.265625,138.84375,138.875,870887.0
2020-05-04,139.109375,139.234375,138.796875,138.96875,916799.0
2020-05-05,138.921875,138.984375,138.625,138.859375,962282.0
2020-05-06,138.796875,138.8125,138.265625,138.546875,1272785.0
2020-05-07,138.625,139.34375,138.5,139.296875,1313439.0
2020-05-08,139.1875,139.5,138.875,138.953125,1090304.0
2020-05-11,138.9375,139.0625,138.609375,138.625,981624.0
2020-05-12,138.71875,139.09375,138.578125,138.953125,1228975.0
2020-05-13,139.078125,139.3125,139.03125,139.21875,1203530.0
2020-05-14,139.203125,139.515625,139.15625,139.421875,1097438.0
2020-05-15,139.375,139.65625,139.25,139.328125,1039716.0
2020-05-18,139.359375,139.390625,138.5625,138.59375,1274344.0
2020-05-19,138.671875,139.046875,138.578125,138.859375,1271689.0
2020-05-20,139.046875,139.15625,138.78125,139.078125,1199320.0
2020-05-21,139.015625,139.21875,138.984375,139.0625,1429655.0
2020-05-22,139.0625,139.421875,139.046875,139.15625,1390072.0
2020-05-26,139.1875,139.25,138.796875,138.953125,3549623.0
2020-05-27,138.984375,139.3125,138.6875,139.125,2558810.0
2020-05-28,139.0625,139.21875,138.890625,138.953125,1019614.0
2020-05-29,139.0625,139.40625,139.046875,139.375,134842.0
2020-06-01,139.453125,139.53125,139.109375,139.328125,46926.0
2020-06-02,139.328125,139.421875,139.125,139.1875,23513.0
2020-06-03,139.171875,139.203125,138.46875,138.5625,44824.0
2020-06-04,138.671875,138.734375,138.09375,138.203125,28105.0
2020-06-05,138.171875,138.359375,137.125,137.546875,25910.0
2020-06-08,137.484375,137.890625,137.421875,137.734375,6176.0
2020-06-09,137.90625,138.3125,137.875,138.15625,7702.0
2020-06-10,138.15625,138.984375,138.15625,138.875,7073.0
2020-06-11,139.09375,139.421875,139.03125,139.421875,4907.0
2020-06-12,139.265625,139.28125,139.078125,139.109375,3221.0
2020-06-15,139.21875,139.46875,138.9375,139.109375,3925.0
2020-06-16,138.8125,138.984375,138.640625,138.796875,3365.0
2020-06-17,138.796875,138.984375,138.796875,138.96875,1644.0
2020-06-18,139.046875,139.203125,139.015625,139.203125,1086.0
2020-06-19,139.140625,139.15625,138.796875,139.15625,862061.0
2020-06-22,138.921875,138.953125,138.640625,138.703125,733415.0
2020-06-23,138.640625,138.90625,138.515625,138.75,957624.0
2020-06-24,138.671875,138.90625,138.53125,138.875,1001745.0
2020-06-25,138.875,139.0625,138.796875,138.90625,1104239.0
2020-06-26,138.84375,139.265625,138.828125,139.21875,924291.0
2020-06-29,139.234375,139.421875,139.078125,139.328125,876658.0
2020-06-30,139.375,139.4375,139.09375,139.171875,1240939.0
2020-07-01,139.15625,139.171875,138.796875,138.953125,1163129.0
2020-07-02,138.96875,139.1875,138.734375,139.09375,890404.0
2020-07-06,139.15625,139.234375,138.765625,138.984375,832208.0
2020-07-07,139.015625,139.328125,138.9375,139.203125,795282.0
2020-07-08,139.25,139.28125,139.015625,139.1875,928752.0
2020-07-09,139.078125,139.53125,139.0625,139.5,993559.0
2020-07-10,139.375,139.703125,139.109375,139.21875,1029496.0
2020-07-13,139.15625,139.375,139.015625,139.21875,774599.0
2020-07-14,139.34375,139.515625,139.234375,139.421875,902282.0
2020-07-15,139.203125,139.4375,139.109375,139.34375,789589.0
2020-07-16,139.3125,139.5625,139.265625,139.484375,629126.0
2020-07-17,139.4375,139.5625,139.3125,139.359375,566674.0
2020-07-20,139.359375,139.5625,139.328125,139.390625,531156.0
2020-07-21,139.46875,139.59375,139.328125,139.515625,614084.0
2020-07-22,139.546875,139.671875,139.484375,139.5625,647895.0
2020-07-23,139.53125,139.703125,139.515625,139.625,661255.0
2020-07-24,139.625,139.78125,139.53125,139.578125,704619.0
2020-07-27,139.5625,139.75,139.40625,139.46875,748061.0
2020-07-28,139.421875,139.734375,139.25,139.703125,855554.0
2020-07-29,139.703125,139.875,139.578125,139.75,785966.0
2020-07-30,139.78125,140.0625,139.75,140.015625,717957.0
2020-07-31,139.96875,140.1875,139.875,140.078125,1257506.0
2020-08-03,140.15625,140.171875,139.875,139.9375,843977.0
2020-08-04,140.03125,140.40625,139.9375,140.328125,773099.0
2020-08-05,140.390625,140.40625,140.0,140.078125,1020589.0
2020-08-06,140.03125,140.40625,140.0,140.15625,883198.0
2020-08-07,140.140625,140.28125,139.90625,139.953125,889708.0
2020-08-10,139.9375,140.140625,139.828125,139.875,678683.0
2020-08-11,139.875,139.9375,139.21875,139.25,1529185.0
2020-08-12,139.359375,139.5,139.0,139.1875,1494585.0
2020-08-13,139.125,139.4375,138.890625,138.96875,1322300.0
2020-08-14,138.90625,139.21875,138.90625,139.125,1105774.0
2020-08-17,139.15625,139.46875,139.109375,139.328125,1000368.0
2020-08-18,139.296875,139.5,139.25,139.390625,850229.0
2020-08-19,139.421875,139.5625,139.265625,139.375,1032995.0
2020-08-20,139.3125,139.65625,139.3125,139.5625,980383.0
2020-08-21,139.5,139.734375,139.421875,139.5625,994185.0
2020-08-24,139.609375,139.71875,139.4375,139.515625,1526307.0
2020-08-25,139.46875,139.484375,139.015625,139.3125,3003000.0
2020-08-26,139.265625,139.34375,139.015625,139.3125,2944270.0
2020-08-27,139.328125,139.625,138.890625,138.96875,2405027.0
2020-08-28,138.90625,139.359375,138.71875,139.25,899499.0
2020-08-31,139.296875,139.453125,139.09375,139.40625,87139.0
2020-09-01,139.34375,139.59375,139.203125,139.578125,66545.0
2020-09-02,139.59375,139.765625,139.453125,139.703125,29458.0
2020-09-03,139.71875,140.015625,139.578125,139.921875,31479.0
2020-09-04,139.84375,139.859375,139.1875,139.203125,7549.0
2020-09-08,139.28125,139.640625,139.25,139.5625,7408.0
2020-09-09,139.6875,139.71875,139.421875,139.46875,3629.0
2020-09-10,139.46875,139.625,139.34375,139.59375,2380.0
2020-09-11,139.609375,139.765625,139.53125,139.765625,2037.0
2020-09-14,139.765625,139.84375,139.671875,139.734375,5413.0
2020-09-15,139.734375,139.734375,139.625,139.671875,3630.0
2020-09-16,139.734375,139.953125,139.546875,139.640625,4957.0
2020-09-17,139.5625,139.90625,139.5625,139.640625,1122.0
2020-09-18,139.703125,139.703125,139.5625,139.609375,8117.0
2020-09-21,139.609375,139.875,139.609375,139.765625,997320.0
2020-09-22,139.578125,139.625,139.484375,139.625,816613.0
2020-09-23,139.546875,139.671875,139.390625,139.5,980781.0
2020-09-24,139.515625,139.609375,139.46875,139.578125,1041394.0
2020-09-25,139.546875,139.71875,139.46875,139.640625,774189.0
2020-09-28,139.640625,139.6875,139.515625,139.625,719441.0
2020-09-29,139.703125,139.8125,139.625,139.78125,788134.0
2020-09-30,139.734375,139.796875,139.34375,139.53125,1728153.0
2020-10-01,139.46875,139.640625,139.203125,139.546875,1526426.0
2020-10-02,139.515625,139.78125,139.359375,139.4375,1444042.0
2020-10-05,139.375,139.453125,138.75,138.921875,1339887.0
2020-10-06,138.765625,139.1875,138.71875,139.046875,1619887.0
2020-10-07,139.125,139.140625,138.640625,138.71875,1348929.0
2020-10-08,138.703125,138.9375,138.703125,138.921875,991733.0
2020-10-09,138.796875,138.984375,138.671875,138.828125,1004425.0
2020-10-12,138.828125,138.9375,138.796875,138.90625,195305.0
2020-10-13,138.90625,139.25,138.890625,139.203125,1044436.0
2020-10-14,139.203125,139.328125,139.140625,139.21875,801761.0
2020-10-15,139.203125,139.4375,139.0625,139.125,1146506.0
2020-10-16,139.09375,139.234375,138.96875,139.0625,928432.0
2020-10-19,139.03125,139.046875,138.75,138.921875,1040956.0
2020-10-20,138.828125,138.890625,138.65625,138.703125,1249462.0
2020-10-21,138.75,138.765625,138.40625,138.578125,1517057.0
2020-10-22,138.5,138.625,138.15625,138.328125,1390076.0
2020-10-23,138.265625,138.46875,138.171875,138.359375,1190049.0
2020-10-26,138.34375,138.71875,138.34375,138.640625,1168035.0
2020-10-27,138.625,138.90625,138.578125,138.84375,968531.0
2020-10-28,138.890625,139.09375,138.765625,138.796875,1529111.0
2020-10-29,138.8125,138.890625,138.359375,138.40625,1974950.0
2020-10-30,138.46875,138.609375,138.109375,138.21875,2401470.0
2020-11-02,138.171875,138.484375,138.140625,138.296875,1439099.0
2020-11-03,138.3125,138.34375,137.953125,138.09375,1270460.0
2020-11-04,137.953125,139.03125,137.640625,138.984375,2883115.0
2020-11-05,138.96875,139.265625,138.765625,138.875,1657504.0
2020-11-06,138.96875,139.03125,138.390625,138.546875,1489220.0
2020-11-09,138.5,138.765625,137.40625,137.578125,2778418.0
2020-11-10,137.8125,137.921875,137.421875,137.4375,2068812.0
2020-11-11,137.5,137.671875,137.25,137.609375,553673.0
2020-11-12,137.625,138.234375,137.609375,138.15625,1742283.0
2020-11-13,138.203125,138.328125,138.046875,138.109375,993902.0
2020-11-16,138.078125,138.25,137.84375,138.03125,1254900.0
2020-11-17,138.03125,138.359375,137.953125,138.296875,1329088.0
2020-11-18,138.359375,138.515625,138.078125,138.1875,1486514.0
2020-11-19,138.21875,138.515625,138.21875,138.359375,1522705.0
2020-11-20,138.515625,138.625,138.375,138.5,1541844.0
2020-11-23,138.53125,138.546875,138.265625,138.3125,2573621.0
2020-11-24,138.328125,138.375,138.171875,138.25,3331076.0
2020-11-25,138.25,138.46875,138.125,138.265625,1841962.0
2020-11-27,138.25,138.546875,138.234375,138.546875,447966.0
2020-11-30,138.53125,138.625,138.421875,138.53125,117387.0
2020-12-01,138.53125,138.59375,137.828125,137.84375,79789.0
2020-12-02,137.984375,138.046875,137.703125,137.84375,53778.0
2020-12-03,137.953125,138.203125,137.859375,138.078125,24033.0
2020-12-04,138.140625,138.203125,137.6875,137.8125,11150.0
2020-12-07,137.8125,138.171875,137.796875,138.140625,9950.0
2020-12-08,138.1875,138.390625,138.078125,138.21875,8635.0
2020-12-09,138.125,138.15625,137.953125,138.046875,3736.0
2020-12-10,138.125,138.3125,138.09375,138.3125,4238.0
2020-12-11,138.296875,138.59375,138.28125,138.5,2020.0
2020-12-14,138.359375,138.515625,138.171875,138.5,9401.0
2020-12-15,138.484375,138.578125,138.265625,138.296875,7781.0
2020-12-16,138.421875,138.421875,138.109375,138.328125,1538.0
2020-12-17,138.296875,138.53125,138.203125,138.296875,1971.0
2020-12-18,138.359375,138.390625,138.1875,138.203125,4874.0
2020-12-21,138.65625,138.703125,138.328125,138.40625,1279412.0
2020-12-22,137.796875,138.0,137.765625,137.984375,795131.0
2020-12-23,137.984375,138.09375,137.625,137.765625,1094067.0
2020-12-24,137.796875,137.9375,137.734375,137.875,256470.0
2020-12-28,137.921875,137.984375,137.671875,137.921875,610234.0
2020-12-29,137.96875,137.96875,137.796875,137.921875,775267.0
2020-12-30,137.890625,137.984375,137.75,137.96875,741740.0
2020-12-31,137.96875,138.109375,137.890625,138.078125,852085.0
2021-01-04,137.96875,138.171875,137.8125,138.125,1324874.0
2021-01-05,138.15625,138.15625,137.78125,137.84375,1316963.0
2021-01-06,137.828125,137.921875,137.09375,137.203125,2672939.0
2021-01-07,137.234375,137.296875,136.84375,136.953125,1719014.0
2021-01-08,136.875,136.921875,136.515625,136.65625,2385260.0
2021-01-11,136.5625,136.75,136.296875,136.421875,1552850.0
2021-01-12,136.3125,136.453125,136.03125,136.390625,2097810.0
2021-01-13,136.421875,136.859375,136.375,136.765625,1877583.0
2021-01-14,136.796875,136.875,136.5,136.5625,1704013.0
2021-01-15,136.53125,136.953125,136.515625,136.859375,1385980.0
2021-01-19,136.921875,136.984375,136.65625,136.9375,1497258.0
2021-01-20,136.953125,137.0625,136.796875,136.96875,1255751.0
2021-01-21,137.0,137.0625,136.734375,136.890625,1359281.0
2021-01-22,136.875,137.078125,136.8125,137.03125,1289159.0
2021-01-25,137.03125,137.453125,136.9375,137.375,1404902.0
2021-01-26,137.421875,137.453125,137.265625,137.375,1121552.0
2021-01-27,137.375,137.640625,137.28125,137.53125,1667733.0
2021-01-28,137.5,137.59375,137.125,137.25,2184019.0
2021-01-29,137.265625,137.328125,136.890625,137.03125,2708254.0
2021-02-01,137.171875,137.296875,137.0625,137.1875,1192644.0
2021-02-02,137.15625,137.21875,136.875,136.9375,1221784.0
2021-02-03,137.015625,137.015625,136.71875,136.796875,1400220.0
2021-02-04,136.734375,136.84375,136.59375,136.796875,1424723.0
2021-02-05,136.765625,136.921875,136.5,136.6875,2306009.0
2021-02-08,136.671875,136.78125,136.453125,136.6875,1342801.0
2021-02-09,136.625,136.8125,136.609375,136.71875,1232418.0
2021-02-10,136.703125,136.984375,136.578125,136.921875,1584234.0
2021-02-11,136.984375,137.0625,136.796875,136.859375,1368706.0
2021-02-12,136.8125,136.9375,136.46875,136.546875,1558315.0
2021-02-16,136.453125,136.46875,135.640625,135.78125,3257558.0
2021-02-17,135.65625,135.953125,135.46875,135.75,3256049.0
2021-02-18,135.953125,136.0625,135.625,135.859375,2072926.0
2021-02-19,135.828125,135.890625,135.328125,135.453125,2898170.0
2021-02-22,135.421875,135.59375,135.03125,135.328125,3751139.0
2021-02-23,135.34375,135.5625,135.203125,135.421875,4343895.0
2021-02-24,135.546875,135.71875,134.859375,135.15625,3620025.0
2021-02-25,135.234375,135.28125,133.078125,133.671875,2008086.0
2021-02-26,133.703125,134.390625,133.328125,133.796875,190738.0
2021-03-01,134.265625,134.578125,134.09375,134.28125,34642.0
2021-03-02,134.421875,134.84375,134.265625,134.640625,19829.0
2021-03-03,134.734375,134.734375,133.953125,134.140625,13338.0
2021-03-04,134.0625,134.28125,133.484375,133.5,19162.0
2021-03-05,133.4375,133.625,132.875,133.453125,9767.0
2021-03-08,133.140625,133.21875,132.9375,132.984375,16804.0
2021-03-09,132.96875,133.484375,132.96875,133.40625,2399.0
2021-03-10,133.484375,133.71875,133.296875,133.625,3636.0
2021-03-11,133.578125,134.09375,133.515625,133.71875,14660.0
2021-03-12,133.609375,133.609375,132.890625,132.90625,9884.0
2021-03-15,133.109375,133.15625,132.890625,133.078125,4168.0
2021-03-16,133.1875,133.296875,133.015625,133.078125,2019.0
2021-03-17,133.015625,133.234375,132.65625,133.234375,5391.0
2021-03-18,133.140625,133.140625,132.234375,132.4375,1718.0
2021-03-19,132.53125,132.796875,132.3125,132.359375,10739.0
2021-03-22,132.625,132.78125,132.625,132.75,1302317.0
2021-03-23,131.484375,132.09375,131.4375,131.921875,1562826.0
2021-03-24,132.015625,132.28125,131.8125,132.09375,1694888.0
2021-03-25,132.125,132.296875,131.890625,132.140625,2049220.0
2021-03-26,131.953125,132.125,131.625,131.765625,1486510.0
2021-03-29,131.640625,131.984375,131.296875,131.359375,1450487.0
2021-03-30,131.390625,131.421875,130.8125,131.1875,1894739.0
2021-03-31,131.296875,131.296875,130.90625,130.9375,2350602.0
2021-04-01,130.984375,131.546875,130.90625,131.421875,1587843.0
2021-04-05,130.953125,131.265625,130.796875,131.109375,919100.0
2021-04-06,131.28125,131.734375,131.109375,131.6875,1385977.0
2021-04-07,131.671875,131.953125,131.578125,131.828125,1409520.0
2021-04-08,131.65625,132.09375,131.65625,132.0,1171916.0
2021-04-09,132.046875,132.078125,131.46875,131.734375,1570458.0
2021-04-12,131.734375,131.890625,131.53125,131.625,1179342.0
2021-04-13,131.703125,132.125,131.375,132.078125,1747605.0
2021-04-14,132.109375,132.1875,131.78125,131.921875,1339839.0
2021-04-15,131.90625,132.6875,131.828125,132.65625,2236329.0
2021-04-16,132.390625,132.546875,132.1875,132.375,1487904.0
2021-04-19,132.34375,132.5625,132.046875,132.234375,1211489.0
2021-04-20,132.203125,132.609375,131.984375,132.5625,1414513.0
2021-04-21,132.578125,132.640625,132.359375,132.53125,1264344.0
2021-04-22,132.53125,132.765625,132.28125,132.546875,1465180.0
2021-04-23,132.640625,132.734375,132.3125,132.4375,1165827.0
2021-04-26,132.390625,132.5,132.15625,132.375,1351777.0
2021-04-27,132.359375,132.390625,131.953125,132.03125,1418589.0
2021-04-28,132.015625,132.203125,131.71875,132.09375,1705772.0
2021-04-29,132.171875,132.171875,131.578125,131.984375,1634108.0
2021-04-30,131.96875,132.140625,131.8125,132.03125,2003114.0
2021-05-03,132.046875,132.5,131.828125,132.328125,1540326.0
2021-05-04,132.328125,132.734375,132.15625,132.421875,1989203.0
2021-05-05,132.421875,132.671875,132.171875,132.546875,1454032.0
2021-05-06,132.625,132.75,132.515625,132.671875,1366666.0
2021-05-07,132.578125,133.515625,132.546875,132.75,2831157.0
2021-05-10,132.703125,132.953125,132.5625,132.609375,1410630.0
2021-05-11,132.609375,132.734375,132.390625,132.453125,1574618.0
2021-05-12,132.453125,132.5625,131.875,131.921875,2488669.0
2021-05-13,131.921875,132.3125,131.84375,132.1875,1901751.0
2021-05-14,132.21875,132.53125,132.1875,132.40625,1608810.0
2021-05-17,132.421875,132.671875,132.25,132.34375,1189252.0
2021-05-18,132.25,132.453125,132.234375,132.390625,998216.0
2021-05-19,132.390625,132.578125,131.9375,132.03125,2044316.0
2021-05-20,132.09375,132.53125,132.03125,132.484375,1619543.0
2021-05-21,132.5,132.625,132.375,132.4375,1695356.0
2021-05-24,132.53125,132.6875,132.46875,132.625,2367110.0
2021-05-25,132.625,133.046875,132.59375,132.96875,4052084.0
2021-05-26,132.984375,133.0625,132.828125,132.90625,2845547.0
2021-05-27,132.84375,132.9375,132.5625,132.6875,985340.0
2021-05-28,132.6875,132.96875,132.5625,132.859375,180702.0
2021-06-01,132.734375,132.8125,132.5625,132.734375,47305.0
2021-06-02,132.71875,132.921875,132.671875,132.859375,13754.0
2021-06-03,132.859375,132.890625,132.515625,132.53125,13060.0
2021-06-04,132.546875,133.140625,132.5,133.125,16682.0
2021-06-07,133.09375,133.09375,132.953125,133.03125,4593.0
2021-06-08,133.0625,133.453125,133.0625,133.359375,11241.0
2021-06-09,133.296875,133.78125,133.296875,133.640625,20352.0
2021-06-10,133.671875,133.984375,133.25,133.796875,9921.0
2021-06-11,133.9375,134.0625,133.65625,133.703125,16823.0
2021-06-14,133.765625,133.796875,133.375,133.421875,8431.0
2021-06-15,133.46875,133.59375,133.375,133.4375,3563.0
2021-06-16,133.46875,133.546875,132.53125,132.703125,5328.0
2021-06-17,132.5625,133.046875,132.484375,132.90625,8405.0
2021-06-18,132.84375,133.25,132.6875,133.15625,3522.0
2021-06-21,133.359375,133.546875,132.609375,133.0625,1942226.0
2021-06-22,132.171875,132.4375,132.015625,132.359375,1384211.0
2021-06-23,132.390625,132.46875,132.109375,132.1875,1303395.0
2021-06-24,132.15625,132.28125,132.03125,132.171875,1224046.0
2021-06-25,132.109375,132.265625,131.765625,131.859375,1252104.0
2021-06-28,131.921875,132.328125,131.890625,132.265625,966673.0
2021-06-29,132.25,132.296875,132.015625,132.265625,1042488.0
2021-06-30,132.28125,132.5625,132.1875,132.5,1715181.0
2021-07-01,132.3125,132.46875,132.1875,132.265625,1124574.0
2021-07-02,132.375,132.796875,132.234375,132.671875,1303525.0
2021-07-06,132.75,133.390625,132.578125,133.21875,1946423.0
2021-07-07,133.34375,133.703125,133.203125,133.546875,1846518.0
2021-07-08,133.578125,134.09375,133.515625,133.890625,1926487.0
2021-07-09,133.796875,133.8125,133.375,133.421875,1208316.0
2021-07-12,133.390625,133.640625,133.265625,133.40625,1349716.0
2021-07-13,133.40625,133.5625,132.96875,132.984375,2021905.0
2021-07-14,132.96875,133.53125,132.9375,133.453125,1469059.0
2021-07-15,133.5,133.875,133.4375,133.796875,1503254.0
2021-07-16,133.78125,133.84375,133.453125,133.78125,1061127.0
2021-07-19,133.84375,134.796875,133.8125,134.6875,2253335.0
2021-07-20,134.59375,135.21875,134.4375,134.671875,2194456.0
2021-07-21,134.53125,134.828125,133.984375,134.109375,1909685.0
2021-07-22,134.046875,134.46875,133.859375,134.25,1449036.0
2021-07-23,134.125,134.21875,133.9375,134.140625,916473.0
2021-07-26,134.1875,134.59375,134.0625,134.203125,1068621.0
2021-07-27,134.109375,134.5625,134.09375,134.46875,1204331.0
2021-07-28,134.390625,134.5625,134.078125,134.265625,1555292.0
2021-07-29,134.453125,134.5,134.09375,134.21875,1386720.0
2021-07-30,134.1875,134.59375,134.1875,134.453125,1753454.0
2021-08-02,134.53125,135.15625,134.453125,135.0,1379439.0
2021-08-03,134.90625,135.1875,134.78125,135.0,1081659.0
2021-08-04,134.984375,135.4375,134.625,134.828125,1722812.0
2021-08-05,134.828125,134.90625,134.390625,134.5,1272560.0
2021-08-06,134.421875,134.46875,133.890625,134.0,1603639.0
2021-08-09,133.90625,134.203125,133.65625,133.78125,1178694.0
2021-08-10,133.703125,133.859375,133.46875,133.546875,1281304.0
2021-08-11,133.515625,133.90625,133.296875,133.578125,1724961.0
2021-08-12,133.59375,133.78125,133.40625,133.453125,956949.0
2021-08-13,133.515625,134.09375,133.46875,133.953125,967146.0
2021-08-16,134.078125,134.5625,134.0625,134.328125,1375814.0
2021-08-17,134.234375,134.609375,134.15625,134.265625,1409107.0
2021-08-18,134.21875,134.3125,133.90625,134.140625,1371502.0
2021-08-19,134.21875,134.53125,134.171875,134.328125,1408900.0
2021-08-20,134.296875,134.4375,134.0625,134.125,1095887.0
2021-08-23,134.140625,134.265625,133.9375,134.21875,1225950.0
2021-08-24,134.203125,134.234375,133.921875,133.984375,1883385.0
2021-08-25,133.9375,134.046875,133.546875,133.625,3159904.0
2021-08-26,133.609375,133.6875,133.375,133.59375,3102536.0
2021-08-27,133.515625,133.96875,133.421875,133.890625,2464215.0
2021-08-30,133.90625,134.1875,133.859375,134.125,672062.0
2021-08-31,134.140625,134.28125,133.96875,134.046875,153595.0
2021-09-01,134.0,134.234375,133.84375,134.046875,80892.0
2021-09-02,134.0625,134.21875,134.0625,134.125,25878.0
2021-09-03,134.1875,134.484375,133.875,134.0,26714.0
2021-09-07,133.96875,133.96875,133.53125,133.625,17570.0
2021-09-08,133.609375,133.90625,133.609375,133.859375,8229.0
2021-09-09,133.875,134.1875,133.765625,134.09375,11052.0
2021-09-10,134.046875,134.09375,133.703125,133.765625,11379.0
2021-09-13,133.796875,133.984375,133.71875,133.921875,7019.0
2021-09-14,133.90625,134.3125,133.734375,134.203125,9751.0
2021-09-15,134.140625,134.21875,133.890625,134.0,5617.0
2021-09-16,133.984375,134.046875,133.5625,133.703125,6352.0
2021-09-17,133.6875,133.71875,133.28125,133.40625,7172.0
2021-09-20,133.375,133.90625,133.375,133.84375,2727.0
2021-09-21,133.859375,133.96875,133.640625,133.859375,1259839.0
2021-09-22,133.171875,133.390625,132.921875,132.984375,1694167.0
2021-09-23,133.1875,133.1875,132.15625,132.375,2148141.0
2021-09-24,132.203125,132.453125,131.96875,132.015625,1813289.0
2021-09-27,132.078125,132.171875,131.609375,131.796875,1856758.0
2021-09-28,131.75,131.84375,131.21875,131.46875,2477404.0
2021-09-29,131.4375,131.796875,131.3125,131.46875,2067859.0
2021-09-30,131.65625,131.953125,131.34375,131.609375,2058886.0
2021-10-01,131.890625,132.21875,131.75,132.171875,2027570.0
2021-10-04,132.1875,132.265625,131.859375,132.078125,1471686.0
2021-10-05,132.078125,132.109375,131.640625,131.734375,1485058.0
2021-10-06,131.734375,131.84375,131.40625,131.71875,1715889.0
2021-10-07,131.71875,131.78125,131.3125,131.390625,1404808.0
2021-10-08,131.34375,131.578125,131.03125,131.140625,2286634.0
2021-10-11,131.03125,131.046875,130.796875,130.84375,527137.0
2021-10-12,130.84375,131.234375,130.796875,131.140625,1701981.0
2021-10-13,131.109375,131.484375,130.796875,131.21875,2329391.0
2021-10-14,131.3125,131.609375,131.1875,131.5,1591700.0
2021-10-15,131.515625,131.53125,130.90625,130.96875,1579499.0
2021-10-18,130.90625,130.9375,130.4375,130.765625,2074254.0
2021-10-19,130.640625,130.96875,130.453125,130.5625,1437829.0
2021-10-20,130.515625,130.75,130.25,130.640625,1709628.0
2021-10-21,130.4375,130.578125,129.96875,130.1875,1769979.0
2021-10-22,130.0,130.5,129.984375,130.34375,1938170.0
2021-10-25,130.484375,130.6875,130.25,130.5625,1252112.0
2021-10-26,130.59375,130.703125,130.359375,130.609375,1273679.0
2021-10-27,130.640625,131.21875,130.4375,131.171875,2427913.0
2021-10-28,130.984375,131.078125,130.609375,130.75,2495837.0
2021-10-29,130.6875,130.875,130.234375,130.703125,2686126.0
2021-11-01,130.640625,130.796875,130.390625,130.65625,1479047.0
2021-11-02,130.734375,131.140625,130.640625,130.96875,1502792.0
2021-11-03,130.921875,131.171875,130.484375,130.765625,1821995.0
2021-11-04,130.59375,131.4375,130.5625,131.3125,1713598.0
2021-11-05,131.21875,131.953125,131.046875,131.828125,2046414.0
2021-11-08,131.71875,131.796875,131.25,131.296875,1179373.0
2021-11-09,131.34375,131.921875,131.328125,131.84375,1633463.0
2021-11-10,131.75,131.78125,130.5625,130.734375,2295387.0
2021-11-11,130.734375,130.8125,130.28125,130.328125,525839.0
2021-11-12,130.359375,130.8125,130.3125,130.53125,1363018.0
2021-11-15,130.625,130.859375,130.234375,130.296875,1183106.0
2021-11-16,130.3125,130.53125,130.09375,130.171875,1407795.0
2021-11-17,130.15625,130.59375,130.046875,130.453125,1289899.0
2021-11-18,130.515625,130.671875,130.359375,130.578125,1363815.0
2021-11-19,130.578125,131.25,130.421875,130.875,2136578.0
2021-11-22,130.75,130.75,129.90625,130.0,3135163.0
2021-11-23,129.96875,130.0625,129.59375,129.78125,3340651.0
2021-11-24,129.765625,130.109375,129.5,129.828125,3184097.0
2021-11-26,129.84375,131.328125,129.75,131.171875,2089384.0
2021-11-29,130.96875,131.328125,130.640625,131.046875,908346.0
2021-11-30,131.296875,132.046875,131.03125,131.546875,231969.0
2021-12-01,131.46875,131.84375,130.953125,131.640625,55985.0
2021-12-02,131.734375,131.78125,131.1875,131.3125,30328.0
2021-12-03,131.46875,132.265625,131.140625,132.125,21444.0
2021-12-06,131.921875,131.921875,131.3125,131.34375,10647.0
2021-12-07,131.4375,131.453125,131.0,131.03125,7628.0
2021-12-08,131.1875,131.421875,130.671875,130.921875,8456.0
2021-12-09,130.875,131.234375,130.703125,131.078125,7912.0
2021-12-10,131.046875,131.375,130.78125,131.09375,3295.0
2021-12-13,131.125,131.59375,130.96875,131.515625,4719.0
2021-12-14,131.46875,131.546875,131.171875,131.296875,4976.0
2021-12-15,131.34375,131.40625,130.9375,131.15625,4319.0
2021-12-16,131.203125,131.765625,131.140625,131.765625,3297.0
2021-12-17,131.71875,132.0625,131.71875,131.828125,1109.0
2021-12-20,131.984375,132.1875,131.765625,131.828125,1598.0
2021-12-21,131.828125,131.90625,131.171875,131.21875,1027368.0
2021-12-22,130.75,130.890625,130.53125,130.734375,760008.0
2021-12-23,130.734375,130.8125,130.46875,130.546875,557414.0
2021-12-27,130.5,130.671875,130.40625,130.5625,471863.0
2021-12-28,130.59375,130.765625,130.515625,130.609375,550228.0
2021-12-29,130.625,130.734375,130.09375,130.21875,971676.0
2021-12-30,130.1875,130.5,130.171875,130.40625,810924.0
2021-12-31,130.4375,130.578125,130.3125,130.46875,759832.0
2022-01-03,130.328125,130.34375,129.390625,129.4375,1428084.0
2022-01-04,129.5,129.59375,129.125,129.28125,1703196.0
2022-01-05,129.390625,129.4375,128.796875,128.84375,1696842.0
2022-01-06,128.84375,129.0,128.4375,128.53125,1793082.0
2022-01-07,128.625,128.75,128.03125,128.296875,1964516.0
2022-01-10,128.328125,128.375,127.9375,128.140625,1564056.0
2022-01-11,128.265625,128.46875,128.03125,128.390625,1676788.0
2022-01-12,128.46875,128.703125,128.328125,128.578125,1518137.0
2022-01-13,128.375,128.84375,128.25,128.71875,1330020.0
2022-01-14,128.75,128.796875,128.03125,128.1875,1628936.0
2022-01-18,128.03125,128.046875,127.25,127.375,2515636.0
2022-01-19,127.296875,127.734375,127.0625,127.671875,1962013.0
2022-01-20,127.34375,127.953125,127.25,127.703125,1482619.0
2022-01-21,127.90625,128.5,127.875,128.3125,2108462.0
2022-01-24,128.21875,128.703125,127.984375,128.515625,2158245.0
2022-01-25,128.203125,128.53125,128.03125,128.125,1738476.0
2022-01-26,128.203125,128.265625,127.203125,127.515625,1963794.0
2022-01-27,127.34375,127.875,127.28125,127.65625,2216921.0
2022-01-28,127.671875,128.03125,127.328125,127.953125,1887669.0
2022-01-31,127.90625,128.046875,127.671875,127.96875,1853973.0
2022-02-01,128.015625,128.359375,127.6875,127.875,1703462.0
2022-02-02,127.875,128.296875,127.765625,128.125,1358564.0
2022-02-03,128.03125,128.234375,127.5,127.640625,1654216.0
2022-02-04,127.578125,127.75,126.734375,126.765625,2145743.0
2022-02-07,126.84375,127.03125,126.703125,126.90625,1278721.0
2022-02-08,126.890625,126.921875,126.46875,126.578125,1564968.0
2022-02-09,126.484375,126.921875,126.421875,126.75,1684111.0
2022-02-10,126.640625,126.8125,125.546875,125.796875,3162240.0
2022-02-11,125.75,126.734375,125.59375,126.390625,3004129.0
2022-02-14,126.515625,126.796875,125.78125,125.984375,2318254.0
2022-02-15,126.03125,126.203125,125.578125,125.734375,1816955.0
2022-02-16,125.703125,126.03125,125.640625,125.8125,1812339.0
2022-02-17,125.796875,126.484375,125.78125,126.421875,2028872.0
2022-02-18,126.484375,126.796875,126.21875,126.671875,1757647.0
2022-02-22,126.796875,127.28125,126.375,126.46875,4427866.0
2022-02-23,126.515625,126.609375,126.09375,126.28125,3837304.0
2022-02-24,126.1875,127.390625,126.1875,126.46875,3766786.0
2022-02-25,126.453125,126.671875,126.0,126.25,829641.0
2022-02-28,126.984375,127.59375,126.8125,127.453125,142954.0
2022-03-01,127.5,128.953125,127.234375,128.71875,113466.0
2022-03-02,128.453125,128.859375,127.078125,127.3125,47423.0
2022-03-03,127.375,127.703125,127.15625,127.5625,29591.0
2022-03-04,127.546875,128.828125,127.546875,128.53125,17361.0
2022-03-07,128.734375,129.0625,127.828125,128.078125,13565.0
2022-03-08,127.953125,128.046875,127.140625,127.171875,8898.0
2022-03-09,127.375,127.46875,126.578125,126.59375,4903.0
2022-03-10,126.65625,126.828125,126.046875,126.09375,7195.0
2022-03-11,126.40625,126.46875,125.953125,126.015625,1262.0
2022-03-14,126.203125,126.203125,124.890625,124.953125,2053.0
2022-03-15,124.9375,125.484375,124.8125,124.8125,3928.0
2022-03-16,124.9375,125.34375,124.046875,124.453125,3439.0
2022-03-17,124.75,125.03125,124.453125,124.515625,623.0
2022-03-18,124.671875,125.03125,124.65625,124.8125,892.0
2022-03-21,124.84375,124.84375,123.390625,123.4375,904.0
2022-03-22,123.5,123.75,122.921875,122.921875,1600511.0
2022-03-23,122.640625,123.375,122.375,123.140625,1632991.0
2022-03-24,123.296875,123.3125,122.515625,122.921875,1435544.0
2022-03-25,122.6875,122.9375,121.5,121.546875,1825165.0
2022-03-28,121.671875,122.1875,120.953125,121.703125,1775927.0
2022-03-29,121.75,122.4375,121.09375,122.328125,2067157.0
2022-03-30,122.328125,122.828125,122.015625,122.625,1760127.0
2022-03-31,122.703125,123.125,122.578125,122.875,2192637.0
2022-04-01,122.65625,122.671875,121.75,122.234375,1923816.0
2022-04-04,122.078125,122.390625,121.84375,122.09375,1216702.0
2022-04-05,122.140625,122.3125,120.796875,120.921875,1769170.0
2022-04-06,120.9375,121.046875,120.171875,120.6875,2146915.0
2022-04-07,120.765625,121.203125,120.390625,120.546875,1743647.0
2022-04-08,120.46875,120.71875,119.90625,120.125,1477697.0
2022-04-11,120.0,120.09375,119.53125,119.75,1441742.0
2022-04-12,119.71875,120.8125,119.328125,120.5,2176907.0
2022-04-13,120.421875,121.21875,119.96875,120.796875,1835432.0
2022-04-14,120.671875,121.28125,119.703125,119.9375,1780161.0
2022-04-18,119.796875,120.015625,119.359375,119.640625,889306.0
2022-04-19,119.609375,119.828125,118.84375,119.109375,1602021.0
2022-04-20,118.921875,119.640625,118.609375,119.5,1770234.0
2022-04-21,119.515625,119.5625,118.4375,118.75,1597287.0
2022-04-22,118.71875,119.140625,118.25,118.9375,1541396.0
2022-04-25,118.953125,120.1875,118.828125,119.609375,1800272.0
2022-04-26,119.53125,120.5,119.234375,120.046875,1562018.0
2022-04-27,120.4375,120.578125,119.59375,119.796875,1599187.0
2022-04-28,119.6875,120.03125,119.203125,119.359375,1938440.0
2022-04-29,119.65625,119.75,118.75,119.15625,2139536.0
2022-05-02,118.75,119.0625,118.21875,118.34375,1282256.0
2022-05-03,118.390625,118.9375,118.140625,118.515625,1389133.0
2022-05-04,118.375,119.203125,118.140625,119.15625,1775883.0
2022-05-05,118.921875,119.296875,117.8125,118.0625,2047770.0
2022-05-06,118.1875,118.296875,117.578125,117.796875,1750115.0
2022-05-09,117.625,118.609375,117.265625,118.1875,1713326.0
2022-05-10,118.453125,119.1875,118.25,118.78125,1812986.0
2022-05-11,118.765625,119.40625,118.109375,119.265625,2222622.0
2022-05-12,119.1875,120.015625,119.140625,120.0,1997731.0
2022-05-13,119.71875,119.734375,119.09375,119.171875,1200488.0
2022-05-16,119.203125,119.859375,119.046875,119.671875,1165327.0
2022-05-17,119.671875,119.75,118.65625,118.859375,1395521.0
2022-05-18,118.71875,119.53125,118.5,119.4375,1740614.0
2022-05-19,119.421875,120.3125,119.1875,119.703125,2264358.0
2022-05-20,119.828125,120.265625,119.5,120.125,1496733.0
2022-05-23,120.109375,120.109375,119.484375,119.578125,1634748.0
2022-05-24,119.65625,120.6875,119.5625,120.375,3479511.0
2022-05-25,120.40625,120.8125,120.296875,120.59375,3366992.0
2022-05-26,120.59375,120.96875,120.3125,120.59375,1859472.0
2022-05-27,120.609375,120.84375,120.4375,120.484375,644383.0
2022-05-31,120.515625,120.578125,119.578125,119.84375,144727.0
2022-06-01,119.796875,119.875,118.921875,119.046875,54580.0
2022-06-02,119.203125,119.359375,119.0,119.28125,24637.0
2022-06-03,119.265625,119.359375,118.84375,119.046875,16495.0
2022-06-06,119.125,119.234375,118.421875,118.453125,17276.0
2022-06-07,118.453125,119.046875,118.234375,118.953125,7173.0
2022-06-08,118.890625,118.890625,118.5,118.609375,6252.0
2022-06-09,118.546875,118.734375,118.25,118.421875,3176.0
2022-06-10,118.453125,118.625,117.25,117.3125,6902.0
2022-06-13,117.03125,117.09375,115.25,115.796875,7455.0
2022-06-14,115.875,116.640625,114.96875,114.96875,2242.0
2022-06-15,114.9375,116.390625,114.9375,115.6875,3367.0
2022-06-16,115.859375,116.34375,115.15625,116.34375,1857.0
2022-06-17,116.75,117.046875,116.25,116.6875,720.0
2022-06-21,116.78125,117.21875,116.1875,116.34375,1274461.0
2022-06-22,115.921875,117.1875,115.890625,116.953125,1702409.0
2022-06-23,116.875,118.25,116.796875,117.65625,2222245.0
2022-06-24,117.53125,118.0,117.21875,117.34375,1330462.0
2022-06-27,117.265625,117.40625,116.578125,116.8125,1191859.0
2022-06-28,116.75,117.03125,116.34375,116.703125,1280037.0
2022-06-29,116.890625,117.59375,116.828125,117.515625,1235032.0
2022-06-30,117.546875,118.5625,117.4375,118.53125,1849397.0
2022-07-01,118.28125,120.125,118.1875,119.265625,1991276.0
2022-07-05,119.46875,120.21875,118.71875,119.921875,1761880.0
2022-07-06,119.890625,120.515625,118.84375,119.046875,1618742.0
2022-07-07,118.859375,119.15625,118.1875,118.265625,1401151.0
2022-07-08,118.359375,118.625,117.5625,117.625,1354657.0
2022-07-11,117.6875,118.59375,117.578125,118.375,1098384.0
2022-07-12,118.296875,119.09375,118.296875,118.65625,1473376.0
2022-07-13,118.546875,119.1875,117.75,118.921875,2141891.0
2022-07-14,118.78125,118.9375,117.890625,118.5,1657510.0
2022-07-15,118.421875,119.0,118.359375,118.640625,1206554.0
2022-07-18,118.65625,118.921875,118.0,118.46875,934835.0
2022-07-19,118.1875,118.484375,117.859375,117.96875,1036276.0
2022-07-20,117.90625,118.546875,117.734375,117.78125,1151592.0
2022-07-21,117.8125,119.203125,117.453125,118.90625,1814052.0
2022-07-22,119.125,120.34375,118.9375,119.890625,1799046.0
2022-07-25,120.0625,120.078125,119.484375,119.65625,1031506.0
2022-07-26,119.828125,120.484375,119.671875,119.859375,1126477.0
2022-07-27,119.71875,120.484375,119.609375,120.421875,1309166.0
2022-07-28,120.0,121.265625,119.734375,120.984375,1861248.0
2022-07-29,120.96875,121.390625,120.53125,121.140625,1992752.0
2022-08-01,121.0625,121.625,120.84375,121.359375,1352861.0
2022-08-02,121.609375,122.0625,119.984375,120.125,1984438.0
2022-08-03,120.125,120.5,119.328125,120.09375,1860557.0
2022-08-04,120.375,120.90625,120.09375,120.734375,1335255.0
2022-08-05,120.609375,120.765625,119.234375,119.375,1540474.0
2022-08-08,119.3125,120.015625,119.265625,119.859375,973724.0
2022-08-09,119.875,119.96875,119.390625,119.484375,961364.0
2022-08-10,119.5625,120.6875,119.34375,119.75,1694075.0
2022-08-11,119.765625,120.234375,118.96875,119.09375,1468557.0
2022-08-12,119.0625,119.46875,118.953125,119.265625,1105804.0
2022-08-15,119.34375,119.96875,119.140625,119.703125,970926.0
2022-08-16,119.78125,119.890625,119.125,119.390625,967317.0
2022-08-17,119.40625,119.453125,118.546875,118.765625,1254160.0
2022-08-18,118.71875,119.234375,118.5625,118.84375,1155689.0
2022-08-19,118.890625,118.921875,118.03125,118.109375,1173347.0
2022-08-22,118.25,118.4375,117.671875,117.71875,1321186.0
2022-08-23,117.84375,118.21875,117.453125,117.625,1884881.0
2022-08-24,117.6875,117.90625,117.109375,117.25,2864145.0
2022-08-25,117.21875,117.8125,117.109375,117.78125,2847872.0
2022-08-26,117.796875,117.921875,117.296875,117.578125,2032906.0
2022-08-29,117.453125,117.453125,116.828125,117.03125,1033735.0
2022-08-30,117.046875,117.453125,116.703125,117.0,517092.0
2022-08-31,117.03125,117.171875,116.375,116.875,143296.0
2022-09-01,116.4375,116.53125,115.71875,115.984375,69501.0
2022-09-02,115.9375,116.796875,115.875,116.65625,39999.0
2022-09-06,116.53125,116.84375,115.5,115.609375,33570.0
2022-09-07,115.578125,116.234375,115.453125,116.171875,13056.0
2022-09-08,116.15625,116.703125,115.734375,115.96875,13342.0
2022-09-09,115.765625,116.328125,115.671875,115.734375,4911.0
2022-09-12,115.765625,116.140625,115.515625,115.59375,9642.0
2022-09-13,115.78125,116.09375,114.71875,114.921875,10484.0
2022-09-14,114.921875,115.171875,114.546875,114.953125,3772.0
2022-09-15,114.875,114.875,114.46875,114.484375,4011.0
2022-09-16,114.5625,114.921875,114.34375,114.75,4915.0
2022-09-19,114.71875,114.71875,114.296875,114.359375,956.0
2022-09-20,114.5,114.5,113.75,113.84375,2478.0
2022-09-21,113.921875,114.078125,113.625,113.625,1791263.0
2022-09-22,113.90625,114.0,112.671875,112.75,2281428.0
2022-09-23,112.703125,112.953125,111.78125,112.625,2155629.0
2022-09-26,112.703125,112.703125,111.015625,111.359375,2126534.0
2022-09-27,111.0625,112.046875,110.6875,110.890625,2340232.0
2022-09-28,111.015625,112.9375,110.59375,112.859375,2908370.0
2022-09-29,112.625,112.65625,111.640625,112.453125,1953819.0
2022-09-30,112.09375,112.890625,111.734375,112.0625,2037126.0
2022-10-03,111.828125,113.859375,111.796875,113.203125,1869420.0
2022-10-04,113.234375,113.9375,113.171875,113.5,1769493.0
2022-10-05,113.296875,113.53125,112.265625,112.53125,1611470.0
2022-10-06,112.546875,112.703125,111.84375,111.9375,1481654.0
2022-10-07,111.90625,111.96875,111.1875,111.484375,1333196.0
2022-10-10,111.4375,111.671875,110.703125,111.015625,472366.0
2022-10-11,111.09375,111.6875,110.671875,111.140625,1640605.0
2022-10-12,111.0625,111.640625,110.9375,111.484375,1395612.0
2022-10-13,111.515625,111.890625,110.0625,111.015625,2273852.0
2022-10-14,111.046875,111.71875,110.4375,110.59375,1731123.0
2022-10-17,110.703125,111.40625,110.5625,110.703125,1042028.0
2022-10-18,110.71875,111.140625,110.453125,110.90625,1330805.0
2022-10-19,110.828125,110.90625,109.890625,110.0,1487367.0
2022-10-20,109.9375,110.21875,109.265625,109.359375,1637008.0
2022-10-21,109.390625,109.96875,108.828125,109.796875,2475242.0
2022-10-24,109.78125,110.46875,109.40625,109.734375,1547877.0
2022-10-25,109.65625,110.984375,109.625,110.5625,1943598.0
2022-10-26,110.5625,111.265625,110.5,111.09375,1707764.0
2022-10-27,111.125,111.96875,110.5625,111.6875,2359431.0
2022-10-28,111.84375,111.9375,110.796875,111.0,1799079.0
2022-10-31,110.90625,110.953125,110.375,110.59375,1866622.0
2022-11-01,110.734375,111.640625,110.484375,110.578125,1837010.0
2022-11-02,110.5625,111.28125,110.15625,110.625,1606698.0
2022-11-03,110.25,110.296875,109.375,110.03125,1582083.0
2022-11-04,109.890625,110.375,109.328125,110.046875,1604687.0
2022-11-07,110.09375,110.1875,109.578125,109.640625,1045572.0
2022-11-08,109.625,110.328125,109.4375,110.28125,1249958.0
2022-11-09,110.296875,110.765625,110.0,110.328125,1452703.0
2022-11-10,110.671875,112.59375,110.390625,112.515625,2595697.0
2022-11-11,112.53125,112.5625,112.0,112.3125,701232.0
2022-11-14,112.125,112.21875,111.859375,112.125,1444981.0
2022-11-15,112.140625,112.984375,112.015625,112.5625,1777674.0
2022-11-16,112.671875,113.34375,112.25,113.203125,1631687.0
2022-11-17,113.15625,113.296875,112.40625,112.625,1467726.0
2022-11-18,112.625,112.796875,112.203125,112.296875,1127239.0
2022-11-21,112.265625,112.71875,112.125,112.3125,1762759.0
2022-11-22,112.234375,112.703125,112.203125,112.609375,3180523.0
2022-11-23,112.578125,113.09375,112.234375,112.953125,3103710.0
2022-11-25,113.0,113.46875,112.609375,113.03125,1362564.0
2022-11-28,113.125,113.53125,112.875,112.921875,1819031.0
2022-11-29,112.984375,113.34375,112.59375,112.71875,621288.0
2022-11-30,112.71875,113.8125,112.296875,113.21875,132675.0
2022-12-01,113.765625,114.453125,113.515625,114.296875,43465.0
2022-12-02,114.390625,114.578125,113.40625,114.359375,29400.0
2022-12-05,114.328125,114.328125,113.53125,113.59375,14387.0
2022-12-06,113.734375,114.125,113.59375,114.09375,5657.0
2022-12-07,114.078125,114.875,113.8125,114.859375,7373.0
2022-12-08,114.640625,114.65625,114.125,114.1875,3251.0
2022-12-09,114.265625,114.4375,113.8125,113.828125,2477.0
2022-12-12,113.75,114.0625,113.484375,113.59375,1817.0
2022-12-13,113.671875,115.0625,113.609375,114.53125,1737.0
2022-12-14,114.5625,114.828125,114.03125,114.453125,2090.0
2022-12-15,114.484375,114.765625,114.484375,114.703125,790.0
2022-12-16,114.53125,114.828125,114.171875,114.671875,576.0
2022-12-19,114.390625,114.625,113.546875,114.046875,470.0
2022-12-20,114.125,114.125,113.453125,113.453125,1401157.0
2022-12-21,113.5,114.046875,113.296875,113.5625,981158.0
2022-12-22,113.671875,113.90625,113.421875,113.546875,795954.0
2022-12-23,113.421875,113.484375,112.96875,113.078125,752313.0
2022-12-27,113.1875,113.203125,112.3125,112.328125,691957.0
2022-12-28,112.484375,112.6875,112.125,112.1875,759767.0
2022-12-29,112.21875,112.5625,112.15625,112.4375,810811.0
2022-12-30,112.5,112.515625,111.875,112.296875,1314511.0
2023-01-03,112.5625,113.109375,112.390625,112.640625,1471344.0
2023-01-04,112.890625,113.484375,112.828125,113.1875,1520223.0
2023-01-05,113.328125,113.359375,112.578125,113.015625,1375647.0
2023-01-06,113.015625,114.359375,112.640625,114.21875,2171557.0
2023-01-09,114.234375,114.734375,114.0,114.625,1491031.0
2023-01-10,114.46875,114.609375,113.828125,114.0,1363124.0
2023-01-11,114.0,114.59375,113.984375,114.4375,1393845.0
2023-01-12,114.5,115.421875,114.0,115.234375,2373580.0
2023-01-13,115.265625,115.484375,114.75,114.765625,1468528.0
2023-01-17,114.796875,114.921875,114.296875,114.671875,1568077.0
2023-01-18,114.5625,115.953125,114.5,115.90625,2306893.0
2023-01-19,115.859375,116.25,115.453125,115.640625,1712227.0
2023-01-20,115.640625,115.65625,114.859375,115.0625,1364331.0
2023-01-23,115.03125,115.21875,114.59375,114.6875,1053149.0
2023-01-24,114.75,115.125,114.4375,115.03125,1278470.0
2023-01-25,115.140625,115.40625,114.921875,115.140625,1300044.0
2023-01-26,115.234375,115.28125,114.671875,114.859375,1274095.0
2023-01-27,114.78125,114.875,114.375,114.609375,1143961.0
2023-01-30,114.65625,114.78125,114.171875,114.28125,1185210.0
2023-01-31,114.40625,114.8125,114.296875,114.515625,2074922.0
2023-02-01,114.640625,115.59375,114.546875,115.484375,2129670.0
2023-02-02,115.3125,116.0,115.3125,115.546875,1955041.0
2023-02-03,115.5,115.703125,114.25,114.421875,2558318.0
2023-02-06,114.34375,114.359375,113.328125,113.5,1911414.0
2023-02-07,113.453125,113.875,113.171875,113.234375,2036895.0
2023-02-08,113.25,113.640625,113.1875,113.40625,1582789.0
2023-02-09,113.65625,113.8125,113.0,113.03125,1498491.0
2023-02-10,113.1875,113.21875,112.625,112.6875,1579627.0
2023-02-13,112.640625,112.890625,112.53125,112.78125,1189982.0
2023-02-14,112.875,113.546875,112.09375,112.328125,2453173.0
2023-02-15,112.40625,112.5625,111.96875,112.046875,1855646.0
2023-02-16,112.03125,112.359375,111.640625,111.890625,2097321.0
2023-02-17,111.734375,112.078125,111.265625,112.0,1656139.0
2023-02-21,111.984375,112.015625,110.984375,111.0625,2819904.0
2023-02-22,111.0625,111.453125,110.953125,111.203125,4135478.0
2023-02-23,111.203125,111.53125,110.796875,111.4375,3909824.0
2023-02-24,111.40625,111.59375,110.65625,110.921875,2328540.0
2023-02-27,110.890625,111.328125,110.71875,111.140625,814223.0
2023-02-28,111.15625,111.25,110.75,111.171875,114262.0
2023-03-01,111.09375,111.140625,110.484375,110.5625,39659.0
2023-03-02,110.578125,110.625,109.984375,110.09375,27195.0
2023-03-03,110.140625,110.71875,110.078125,110.65625,16855.0
2023-03-06,110.640625,111.046875,110.546875,110.5625,9249.0
2023-03-07,110.609375,110.9375,110.3125,110.515625,5216.0
2023-03-08,110.453125,110.96875,110.25,110.453125,4166.0
2023-03-09,110.4375,111.21875,110.265625,111.015625,3849.0
2023-03-10,111.265625,112.703125,111.265625,112.625,11578.0
2023-03-13,112.53125,114.734375,112.3125,114.140625,5577.0
2023-03-14,113.671875,114.296875,112.859375,113.34375,673.0
2023-03-15,113.109375,115.203125,112.96875,114.53125,4190.0
2023-03-16,114.953125,115.234375,113.609375,113.65625,2407.0
2023-03-17,114.0,115.234375,113.984375,115.125,513.0
2023-03-20,115.9375,115.9375,114.421875,114.59375,316.0
2023-03-21,114.46875,114.46875,113.640625,113.640625,513.0
2023-03-22,113.765625,113.796875,113.421875,113.71875,1836083.0
2023-03-23,115.453125,116.25,115.03125,115.984375,1893877.0
2023-03-24,115.890625,117.046875,115.671875,116.109375,2090833.0
2023-03-27,116.171875,116.203125,114.875,114.984375,1348508.0
2023-03-28,114.984375,115.234375,114.53125,114.640625,1347202.0
2023-03-29,114.578125,114.875,114.21875,114.53125,1409929.0
2023-03-30,114.46875,114.734375,114.21875,114.578125,1135333.0
2023-03-31,114.53125,115.109375,114.28125,114.921875,1781669.0
2023-04-03,114.90625,115.671875,114.5625,115.453125,1538280.0
2023-04-04,115.578125,116.28125,115.078125,116.25,1438906.0
2023-04-05,116.171875,116.9375,115.90625,116.578125,1514272.0
2023-04-06,116.390625,116.9375,116.34375,116.546875,1278514.0
2023-04-10,115.765625,115.984375,115.375,115.515625,795164.0
2023-04-11,115.484375,115.78125,115.203125,115.375,1044936.0
2023-04-12,115.453125,116.25,115.25,115.703125,1622587.0
2023-04-13,115.890625,116.09375,115.390625,115.453125,1212125.0
2023-04-14,115.515625,115.71875,114.71875,114.859375,1508808.0
2023-04-17,114.859375,114.96875,114.25,114.359375,1067311.0
2023-04-18,114.296875,114.671875,114.25,114.484375,1146560.0
2023-04-19,114.421875,114.453125,113.953125,114.1875,1356814.0
2023-04-20,114.25,114.8125,114.21875,114.65625,1148900.0
2023-04-21,114.703125,115.0,114.40625,114.46875,1082259.0
2023-04-24,114.46875,115.0625,114.453125,114.875,840959.0
2023-04-25,115.03125,115.9375,115.03125,115.796875,1770793.0
2023-04-26,115.75,115.953125,115.3125,115.546875,1698122.0
2023-04-27,115.421875,115.546875,114.65625,114.734375,1522224.0
2023-04-28,114.78125,115.484375,114.546875,115.203125,2075086.0
2023-05-01,115.421875,115.421875,114.3125,114.5,1019434.0
2023-05-02,114.53125,115.6875,114.46875,115.5625,1712580.0
2023-05-03,115.609375,116.484375,115.546875,115.90625,1531941.0
2023-05-04,116.609375,117.0,115.96875,116.5625,2155476.0
2023-05-05,116.25,116.375,115.421875,115.71875,1264531.0
2023-05-08,115.796875,115.859375,115.15625,115.171875,972862.0
2023-05-09,115.21875,115.484375,115.046875,115.1875,1004781.0
2023-05-10,115.171875,115.96875,115.078125,115.90625,1433425.0
2023-05-11,115.796875,116.5,115.75,116.046875,1686585.0
2023-05-12,116.078125,116.21875,115.40625,115.4375,1170806.0
2023-05-15,115.390625,115.484375,115.15625,115.234375,1116051.0
2023-05-16,115.21875,115.578125,114.71875,114.921875,1827549.0
2023-05-17,114.921875,115.09375,114.484375,114.578125,1415912.0
2023-05-18,114.625,114.75,113.859375,113.921875,1742318.0
2023-05-19,114.0,114.15625,113.34375,113.5625,2022072.0
2023-05-22,113.71875,113.9375,113.328125,113.46875,1744930.0
2023-05-23,113.4375,113.6875,113.125,113.609375,2835142.0
2023-05-24,113.671875,113.78125,113.1875,113.421875,4353177.0
2023-05-25,113.203125,113.390625,112.515625,112.625,3711660.0
2023-05-26,112.578125,112.90625,112.171875,112.40625,2067964.0
2023-05-30,112.375,113.3125,112.109375,113.171875,1085057.0
2023-05-31,113.203125,113.78125,113.140625,113.625,117456.0
2023-06-01,113.625,114.40625,113.21875,113.921875,30584.0
2023-06-02,113.96875,113.984375,113.015625,113.046875,22951.0
2023-06-05,112.953125,113.3125,112.546875,113.109375,10145.0
2023-06-06,113.15625,113.375,112.84375,113.03125,9220.0
2023-06-07,113.1875,113.1875,112.359375,112.53125,5152.0
2023-06-08,112.46875,113.046875,112.28125,113.03125,1423.0
2023-06-09,112.765625,112.921875,112.578125,112.65625,938.0
2023-06-12,112.75,112.875,112.078125,112.703125,3806.0
2023-06-13,112.953125,113.4375,112.0,112.015625,2628.0
2023-06-14,112.28125,112.453125,111.875,112.203125,228.0
2023-06-15,112.234375,112.9375,112.015625,112.828125,1626.0
2023-06-16,112.515625,112.515625,112.359375,112.40625,498.0
2023-06-20,112.53125,112.890625,112.375,112.671875,678.0
2023-06-21,112.3125,112.53125,112.3125,112.46875,1404783.0
2023-06-22,113.296875,113.4375,112.65625,112.734375,1405552.0
2023-06-23,112.75,113.484375,112.6875,113.078125,1516582.0
2023-06-26,113.125,113.515625,113.09375,113.234375,1186600.0
2023-06-27,113.203125,113.40625,112.765625,112.828125,1476874.0
2023-06-28,112.84375,113.296875,112.8125,113.25,1426850.0
2023-06-29,113.25,113.265625,112.03125,112.125,1959722.0
2023-06-30,112.234375,112.390625,111.796875,112.265625,2102870.0
2023-07-03,112.09375,112.546875,111.859375,111.9375,1071547.0
2023-07-05,111.921875,112.125,111.328125,111.359375,1640832.0
2023-07-06,111.421875,111.46875,110.15625,110.609375,2270324.0
2023-07-07,110.734375,111.0,110.296875,110.671875,1716116.0
2023-07-10,110.53125,111.25,110.40625,111.140625,1292789.0
2023-07-11,111.171875,111.5,111.109375,111.265625,1220062.0
2023-07-12,111.328125,112.375,111.296875,112.265625,2044759.0
2023-07-13,112.21875,113.09375,112.21875,113.046875,1807675.0
2023-07-14,112.96875,113.046875,112.4375,112.5625,1294157.0
2023-07-17,112.4375,112.921875,112.40625,112.71875,910140.0
2023-07-18,112.640625,113.25,112.609375,112.75,1303657.0
2023-07-19,112.703125,113.203125,112.65625,113.0,1349143.0
2023-07-20,112.890625,112.96875,112.0,112.140625,1563021.0
2023-07-21,112.125,112.421875,112.0625,112.234375,1012410.0
2023-07-24,112.25,112.546875,111.875,112.0625,1148885.0
2023-07-25,111.921875,112.046875,111.546875,111.609375,1255185.0
2023-07-26,111.765625,112.171875,111.65625,112.140625,1297820.0
2023-07-27,111.953125,112.21875,110.953125,111.015625,2217996.0
2023-07-28,111.078125,111.65625,110.796875,111.34375,1726479.0
2023-07-31,111.46875,111.625,111.0625,111.40625,1686431.0
2023-08-01,111.40625,111.5,110.828125,110.875,1523937.0
2023-08-02,111.0,111.234375,110.46875,110.796875,1860148.0
2023-08-03,110.828125,110.84375,110.171875,110.234375,1945613.0
2023-08-04,110.28125,111.328125,109.75,111.140625,2139254.0
2023-08-07,111.265625,111.265625,110.71875,111.125,1270248.0
2023-08-08,111.0,111.6875,110.96875,111.40625,1473697.0
2023-08-09,111.421875,111.625,111.265625,111.390625,1164222.0
2023-08-10,111.359375,111.90625,110.640625,110.859375,1957382.0
2023-08-11,110.671875,110.90625,110.125,110.1875,1566489.0
2023-08-14,110.171875,110.3125,109.765625,110.0,1309141.0
2023-08-15,109.90625,110.21875,109.359375,109.765625,1788907.0
2023-08-16,109.828125,110.171875,109.421875,109.5625,1768369.0
2023-08-17,109.546875,109.640625,109.109375,109.28125,1741118.0
2023-08-18,109.484375,109.890625,109.4375,109.640625,1251625.0
2023-08-21,109.640625,109.6875,108.96875,109.078125,1514677.0
2023-08-22,109.078125,109.28125,108.875,109.0625,1396508.0
2023-08-23,109.046875,109.984375,109.015625,109.90625,2609078.0
2023-08-24,109.84375,109.984375,109.515625,109.59375,3280441.0
2023-08-25,109.5625,109.71875,109.109375,109.4375,3835466.0
2023-08-28,109.453125,109.734375,109.3125,109.640625,3135447.0
2023-08-29,109.6875,110.4375,109.4375,110.328125,1810947.0
2023-08-30,110.34375,110.609375,110.0625,110.359375,459448.0
2023-08-31,110.40625,110.640625,110.328125,110.5625,79211.0
2023-09-01,110.46875,110.953125,109.9375,110.15625,33863.0
2023-09-05,110.0625,110.15625,109.515625,109.546875,17589.0
2023-09-06,109.671875,109.75,109.21875,109.28125,9167.0
2023-09-07,109.359375,109.65625,109.296875,109.609375,6923.0
2023-09-08,109.765625,109.90625,109.5,109.53125,969.0
2023-09-11,109.53125,109.53125,109.28125,109.40625,668.0
2023-09-12,109.328125,109.515625,109.328125,109.515625,562.0
2023-09-13,109.171875,109.75,108.953125,109.640625,1014.0
2023-09-14,109.828125,109.84375,109.34375,109.359375,1182.0
2023-09-15,109.484375,109.53125,109.171875,109.171875,87.0
2023-09-18,108.9375,109.21875,108.9375,109.203125,314.0
2023-09-19,109.359375,109.359375,108.828125,108.828125,171.0
2023-09-20,109.078125,109.21875,108.9375,109.1875,1641379.0
2023-09-21,108.796875,108.796875,108.25,108.421875,2142465.0
2023-09-22,108.34375,108.828125,108.28125,108.6875,1396945.0
2023-09-25,108.734375,108.796875,108.125,108.171875,1289496.0
2023-09-26,108.21875,108.53125,108.015625,108.109375,1603850.0
2023-09-27,108.234375,108.53125,107.484375,107.578125,1893725.0
2023-09-28,107.734375,108.015625,107.21875,107.859375,2422053.0
2023-09-29,107.96875,108.453125,107.8125,108.0625,2632521.0
2023-10-02,107.875,107.921875,107.21875,107.328125,1629654.0
2023-10-03,107.390625,107.4375,106.5625,106.640625,2582260.0
2023-10-04,106.625,107.203125,106.109375,107.109375,2537554.0
2023-10-05,107.078125,107.390625,106.890625,107.3125,1823513.0
2023-10-06,107.265625,107.3125,106.203125,106.84375,2315058.0
2023-10-09,107.125,107.953125,107.078125,107.84375,822843.0
2023-10-10,107.78125,107.984375,107.328125,107.71875,1915354.0
2023-10-11,107.71875,108.34375,107.65625,107.9375,2034050.0
2023-10-12,108.109375,108.5,107.125,107.234375,2136548.0
2023-10-13,107.328125,108.0,107.28125,107.71875,1657099.0
2023-10-16,107.671875,107.703125,107.125,107.203125,1268212.0
2023-10-17,107.1875,107.25,106.109375,106.21875,2149715.0
2023-10-18,106.234375,106.484375,105.75,105.875,1948270.0
2023-10-19,105.8125,105.953125,105.328125,105.421875,2395898.0
2023-10-20,105.453125,106.1875,105.421875,106.0,1968824.0
2023-10-23,105.78125,106.5,105.390625,106.484375,2092633.0
2023-10-24,106.40625,106.6875,106.078125,106.359375,1839686.0
2023-10-25,106.4375,106.5625,105.5625,105.671875,1960891.0
2023-10-26,105.65625,106.40625,105.46875,106.34375,2427261.0
2023-10-27,106.296875,106.53125,106.09375,106.421875,1736924.0
2023-10-30,106.4375,106.453125,105.9375,106.21875,1546433.0
2023-10-31,106.09375,106.65625,105.875,106.171875,2355214.0
2023-11-01,105.90625,107.203125,105.859375,106.859375,2733810.0
2023-11-02,107.203125,107.875,107.078125,107.484375,2451045.0
2023-11-03,107.546875,108.78125,107.390625,108.359375,2877522.0
2023-11-06,108.234375,108.234375,107.5625,107.59375,1637310.0
2023-11-07,107.71875,108.296875,107.609375,108.125,1855465.0
2023-11-08,108.125,108.484375,107.828125,108.328125,1867406.0
2023-11-09,108.4375,108.53125,107.421875,107.53125,2122373.0
2023-11-10,107.5625,107.921875,107.265625,107.421875,1680163.0
2023-11-13,107.34375,107.484375,107.0,107.4375,1241622.0
2023-11-14,107.359375,108.96875,107.296875,108.90625,2641567.0
2023-11-15,108.796875,108.953125,108.078125,108.21875,2436582.0
2023-11-16,108.25,108.9375,108.21875,108.859375,1713618.0
2023-11-17,108.875,109.265625,108.59375,108.75,1685178.0
2023-11-20,108.6875,108.921875,108.4375,108.84375,1607627.0
2023-11-21,108.859375,109.109375,108.734375,108.9375,2956534.0
2023-11-22,109.03125,109.265625,108.59375,108.8125,3694051.0
2023-11-23,108.84375,108.96875,108.5,108.59375,3694051.0
2023-11-24,108.84375,108.96875,108.328125,108.390625,2272498.0
2023-11-27,108.421875,109.046875,108.1875,109.0,4517362.0
2023-11-28,108.984375,109.609375,108.796875,109.53125,2600614.0
2023-11-29,109.578125,110.125,109.546875,109.9375,597861.0
2023-11-30,109.96875,110.09375,109.390625,109.46875,80902.0
2023-12-01,109.609375,110.46875,109.484375,110.34375,12918.0
2023-12-04,110.421875,110.4375,109.8125,109.890625,10121.0
2023-12-05,110.125,110.65625,110.03125,110.625,5254.0
2023-12-06,110.578125,110.9375,110.375,110.8125,1967.0
2023-12-07,110.765625,110.875,110.34375,110.84375,2331.0
2023-12-08,110.71875,110.71875,109.765625,109.96875,1922.0
2023-12-11,110.03125,110.109375,109.6875,110.03125,1400.0
2023-12-12,110.09375,110.5,109.953125,110.25,2156.0
2023-12-13,110.3125,111.8125,110.28125,111.609375,1154.0
2023-12-14,111.6875,112.578125,111.609375,112.234375,1286.0
2023-12-15,112.359375,112.484375,111.90625,112.109375,631.0
2023-12-18,112.15625,112.265625,111.953125,111.953125,56.0
2023-12-19,112.25,112.3125,112.15625,112.1875,1122344.0
2023-12-20,112.375,112.984375,112.34375,112.78125,1444999.0
2023-12-21,112.953125,113.140625,112.578125,112.671875,1454535.0
2023-12-22,112.6875,112.96875,112.5,112.59375,916300.0
2023-12-26,112.671875,112.75,112.546875,112.71875,396317.0
2023-12-27,112.640625,113.375,112.5625,113.328125,906098.0
2023-12-28,113.234375,113.296875,112.796875,112.890625,994945.0
2023-12-29,112.921875,113.03125,112.5625,112.890625,1252433.0
2024-01-02,112.6875,112.828125,112.125,112.296875,1514587.0
2024-01-03,112.375,112.625,111.875,112.515625,2040430.0
2024-01-04,112.40625,112.59375,111.859375,111.984375,1658449.0
2024-01-05,111.921875,112.3125,111.203125,111.71875,2513946.0
2024-01-08,111.71875,112.28125,111.484375,112.046875,1805485.0
2024-01-09,111.828125,112.0625,111.6875,111.90625,1416395.0
2024-01-10,111.953125,112.21875,111.78125,111.875,1564442.0
2024-01-11,111.875,112.5,111.609375,112.34375,2515475.0
2024-01-12,112.40625,112.828125,112.09375,112.59375,2107650.0
2024-01-16,112.5625,112.578125,111.703125,111.84375,2537733.0
2024-01-17,111.90625,112.046875,111.28125,111.421875,2139591.0
2024-01-18,111.421875,111.65625,111.140625,111.203125,1703768.0
2024-01-19,111.21875,111.296875,110.8125,111.125,1538398.0
2024-01-22,111.234375,111.609375,111.140625,111.5,1325752.0
2024-01-23,111.421875,111.53125,111.125,111.21875,1268992.0
2024-01-24,111.265625,111.609375,110.921875,110.96875,1977841.0
2024-01-25,111.0,111.40625,110.828125,111.3125,2037400.0
2024-01-26,111.375,111.5625,111.0,111.03125,1547788.0
2024-01-29,111.28125,111.71875,111.15625,111.515625,1679052.0
2024-01-30,111.59375,111.859375,111.34375,111.625,1873442.0
2024-01-31,111.796875,112.640625,111.734375,112.328125,3568859.0
2024-02-01,112.578125,113.203125,112.296875,112.890625,2793826.0
2024-02-02,112.78125,112.859375,111.5,111.65625,2866659.0
2024-02-05,111.65625,111.671875,110.703125,110.78125,2189485.0
2024-02-06,110.828125,111.390625,110.734375,111.28125,1948478.0
2024-02-07,111.25,111.515625,111.03125,111.1875,1847712.0
2024-02-08,111.140625,111.234375,110.71875,110.75,1543912.0
2024-02-09,110.84375,111.03125,110.5,110.578125,1591527.0
2024-02-12,110.640625,110.875,110.546875,110.71875,1128359.0
2024-02-13,110.671875,111.21875,109.53125,109.625,2517033.0
2024-02-14,109.640625,110.15625,109.515625,110.015625,1978428.0
2024-02-15,110.0625,110.546875,110.015625,110.171875,1963091.0
2024-02-16,110.203125,110.234375,109.46875,109.75,1907336.0
2024-02-20,109.796875,110.15625,109.59375,109.9375,1865702.0
2024-02-21,109.9375,110.125,109.5625,109.625,2325483.0
2024-02-22,109.640625,109.75,109.3125,109.5,4468034.0
2024-02-23,109.53125,109.96875,109.28125,109.875,4246944.0
2024-02-26,109.828125,110.125,109.5,109.609375,5341315.0
2024-02-27,109.71875,109.875,109.46875,109.53125,2419680.0
2024-02-28,109.578125,109.890625,109.546875,109.8125,486902.0
2024-02-29,109.875,110.125,109.5,109.921875,85058.0
2024-03-01,109.96875,110.515625,109.671875,110.5,27414.0
2024-03-04,110.453125,110.453125,110.140625,110.21875,6256.0
2024-03-05,110.21875,110.921875,110.21875,110.75,8342.0
2024-03-06,110.625,111.125,110.53125,110.921875,4327.0
2024-03-07,110.921875,111.203125,110.828125,111.078125,4681.0
2024-03-08,111.21875,111.5,110.9375,111.140625,1714.0
2024-03-11,111.265625,111.328125,110.96875,111.015625,1012.0
2024-03-12,111.078125,111.109375,110.59375,110.609375,3615.0
2024-03-13,110.75,110.796875,110.40625,110.40625,226.0
2024-03-14,110.40625,110.484375,109.734375,109.734375,2067.0
2024-03-15,109.8125,109.8125,109.53125,109.609375,746.0
2024-03-18,109.59375,109.6875,109.359375,109.359375,228.0
2024-03-19,109.9375,109.9375,109.671875,109.671875,1484543.0
2024-03-20,110.140625,110.6875,110.046875,110.4375,1804600.0
2024-03-21,110.4375,110.828125,110.265625,110.390625,1864162.0
2024-03-22,110.40625,110.875,110.390625,110.75,1352658.0
2024-03-25,110.859375,110.9375,110.46875,110.515625,1123679.0
2024-03-26,110.5625,110.734375,110.359375,110.640625,1308297.0
2024-03-27,110.65625,110.984375,110.5625,110.875,1466914.0
2024-03-28,110.890625,110.890625,110.53125,110.796875,1851548.0
2024-04-01,110.796875,110.90625,109.859375,109.921875,1439886.0
2024-04-02,110.046875,110.09375,109.453125,109.71875,2241221.0
2024-04-03,109.765625,109.859375,109.296875,109.796875,2333649.0
2024-04-04,109.890625,110.1875,109.625,110.125,2198530.0
2024-04-05,110.09375,110.171875,109.453125,109.65625,2387012.0
2024-04-08,109.40625,109.421875,109.0625,109.265625,1884106.0
2024-04-09,109.265625,109.71875,109.203125,109.640625,1645443.0
2024-04-10,109.640625,109.828125,108.171875,108.203125,3560419.0
2024-04-11,108.28125,108.515625,107.859375,108.109375,3034817.0
2024-04-12,108.03125,108.796875,108.015625,108.6875,2503302.0
2024-04-15,108.671875,108.6875,107.578125,107.890625,3265675.0
2024-04-16,108.046875,108.125,107.421875,107.671875,2874408.0
2024-04-17,107.578125,108.25,107.484375,108.15625,2317526.0
2024-04-18,108.109375,108.328125,107.640625,107.703125,2240406.0
2024-04-19,107.78125,108.703125,107.765625,107.90625,2268383.0
2024-04-22,107.6875,107.96875,107.546875,107.859375,1414828.0
2024-04-23,107.921875,108.25,107.640625,108.078125,2013413.0
2024-04-24,108.03125,108.0625,107.625,107.734375,2003168.0
2024-04-25,107.8125,108.03125,107.125,107.359375,2584220.0
2024-04-26,107.359375,107.859375,107.28125,107.578125,1825113.0
2024-04-29,107.578125,107.984375,107.578125,107.953125,1590605.0
2024-04-30,107.921875,108.015625,107.390625,107.4375,2697134.0
2024-05-01,107.453125,108.203125,107.390625,108.109375,2218852.0
2024-05-02,107.890625,108.375,107.78125,108.359375,2083746.0
2024-05-03,108.234375,109.296875,108.1875,108.859375,2883515.0
2024-05-06,108.78125,109.046875,108.71875,108.890625,1242860.0
2024-05-07,108.890625,109.28125,108.8125,109.015625,1719822.0
2024-05-08,109.015625,109.09375,108.765625,108.828125,1633702.0
2024-05-09,108.8125,109.109375,108.609375,109.09375,1881170.0
2024-05-10,109.015625,109.109375,108.671875,108.703125,1473969.0
2024-05-13,108.734375,109.0,108.71875,108.828125,1216286.0
2024-05-14,108.765625,109.109375,108.46875,109.09375,1824374.0
2024-05-15,109.09375,109.828125,109.015625,109.71875,2721526.0
2024-05-16,109.765625,109.984375,109.4375,109.484375,1820317.0
2024-05-17,109.484375,109.578125,109.15625,109.1875,1290257.0
2024-05-20,109.171875,109.28125,108.953125,109.09375,1156162.0
2024-05-21,109.0,109.328125,108.984375,109.234375,1502913.0
2024-05-22,109.21875,109.25,108.890625,109.03125,2186516.0
2024-05-23,109.078125,109.1875,108.546875,108.71875,3996052.0
2024-05-24,108.6875,108.796875,108.5,108.703125,3512151.0
2024-05-28,108.78125,108.90625,108.203125,108.296875,4805222.0
2024-05-29,108.21875,108.265625,107.671875,107.765625,2233059.0
2024-05-30,107.828125,108.296875,107.71875,108.234375,628261.0
2024-05-31,108.28125,108.6875,108.109375,108.484375,96326.0
2024-06-03,108.609375,109.296875,108.59375,109.25,15504.0
2024-06-04,109.296875,109.828125,109.15625,109.703125,14941.0
2024-06-05,109.734375,110.046875,109.515625,109.984375,9175.0
2024-06-06,110.0,110.09375,109.796875,110.0625,5388.0
2024-06-07,109.953125,110.21875,108.984375,109.046875,10077.0
2024-06-10,108.921875,108.96875,108.796875,108.828125,406.0
2024-06-11,108.921875,109.28125,108.890625,109.28125,6144.0
2024-06-12,109.25,110.5,109.25,110.03125,7640.0
2024-06-13,109.96875,110.625,109.859375,110.421875,2546.0
2024-06-14,110.28125,110.5625,110.203125,110.46875,1270.0
2024-06-17,110.65625,110.65625,110.015625,110.0625,1275.0
2024-06-18,110.171875,110.5,110.15625,110.484375,1819290.0
2024-06-20,110.71875,110.828125,110.265625,110.546875,1722710.0
2024-06-21,110.453125,110.796875,110.359375,110.5,1435596.0
2024-06-24,110.453125,110.6875,110.359375,110.53125,1193239.0
2024-06-25,110.640625,110.78125,110.4375,110.59375,1574033.0
2024-06-26,110.53125,110.5625,109.96875,110.0625,1869887.0
2024-06-27,110.0,110.359375,109.859375,110.25,1948452.0
2024-06-28,110.234375,110.5,109.609375,109.984375,3146809.0
2024-07-01,109.59375,109.75,109.078125,109.171875,2221764.0
2024-07-02,109.25,109.609375,109.21875,109.46875,1719084.0
2024-07-03,109.453125,110.125,109.375,110.046875,1766051.0
2024-07-05,109.96875,110.625,109.546875,110.609375,1979719.0
2024-07-08,110.5625,110.640625,110.3125,110.59375,1282523.0
2024-07-09,110.5,110.5625,110.21875,110.40625,1622679.0
2024-07-10,110.4375,110.625,110.3125,110.5,1671220.0
2024-07-11,110.484375,111.328125,110.40625,111.15625,2754645.0
2024-07-12,111.015625,111.265625,110.796875,111.1875,1993977.0
2024-07-15,111.0,111.203125,110.765625,110.984375,1879264.0
2024-07-16,110.9375,111.421875,110.9375,111.328125,2198585.0
2024-07-17,111.40625,111.46875,111.109375,111.4375,1811339.0
2024-07-18,111.390625,111.421875,111.09375,111.21875,1862237.0
2024-07-19,111.125,111.234375,110.78125,110.828125,1573847.0
2024-07-22,110.9375,111.03125,110.578125,110.71875,1409017.0
2024-07-23,110.75,111.0,110.71875,110.875,1402604.0
2024-07-24,110.75,111.140625,110.609375,110.671875,2637572.0
2024-07-25,110.640625,111.265625,110.640625,110.796875,3055709.0
2024-07-26,110.890625,111.265625,110.734375,111.203125,1856623.0
2024-07-29,111.234375,111.515625,111.203125,111.34375,1565130.0
2024-07-30,111.328125,111.65625,111.25,111.5625,1781389.0
2024-07-31,111.5625,112.328125,111.46875,111.8125,3268894.0
2024-08-01,112.28125,112.8125,112.046875,112.734375,3433253.0
2024-08-02,112.75,114.25,112.65625,114.140625,4296366.0
2024-08-05,114.171875,115.109375,113.765625,114.078125,3977072.0
2024-08-06,114.015625,114.09375,113.21875,113.390625,2774865.0
2024-08-07,113.515625,113.53125,112.8125,112.890625,2615001.0
2024-08-08,113.078125,113.4375,112.515625,112.65625,2433664.0
2024-08-09,112.703125,113.15625,112.671875,112.953125,1433071.0
2024-08-12,112.9375,113.296875,112.78125,113.234375,1577280.0
2024-08-13,113.296875,113.6875,113.109375,113.625,1726759.0
2024-08-14,113.6875,114.0625,113.421875,113.765625,2029311.0
2024-08-15,113.6875,113.71875,112.796875,112.953125,2308793.0
2024-08-16,113.03125,113.375,112.890625,113.109375,1717942.0
2024-08-19,113.109375,113.359375,112.96875,113.21875,1352232.0
2024-08-20,113.21875,113.640625,113.109375,113.5625,1626916.0
2024-08-21,113.640625,114.03125,113.453125,113.890625,2634704.0
2024-08-22,113.734375,113.84375,113.171875,113.296875,3456441.0
2024-08-23,113.34375,113.8125,113.265625,113.703125,3189187.0
2024-08-26,113.75,113.9375,113.5625,113.59375,4044694.0
2024-08-27,113.59375,113.640625,113.265625,113.515625,6299327.0
2024-08-28,113.578125,113.71875,113.46875,113.53125,1816714.0
2024-08-29,113.515625,113.65625,113.1875,113.3125,361182.0
2024-08-30,113.375,113.40625,112.9375,113.046875,33598.0
2024-09-03,113.0,113.640625,112.890625,113.484375,17198.0
2024-09-04,113.546875,114.109375,113.53125,114.03125,8236.0
2024-09-05,114.09375,114.375,113.984375,114.234375,7329.0
2024-09-06,114.234375,114.640625,113.71875,114.515625,3050.0
2024-09-09,114.421875,114.5625,114.21875,114.515625,3050.0
2024-09-10,114.421875,114.921875,114.40625,114.921875,1342.0
2024-09-11,115.0,115.203125,114.578125,114.78125,1058.0
2024-09-12,114.65625,114.765625,114.515625,114.6875,782.0
2024-09-13,114.9375,115.03125,114.796875,114.921875,469.0
2024-09-16,114.921875,115.078125,114.921875,115.078125,2285.0
2024-09-17,115.1875,115.21875,114.859375,114.921875,2910.0
2024-09-18,114.96875,114.96875,114.53125,114.640625,405.0
2024-09-19,114.59375,114.859375,114.21875,114.328125,2317517.0
2024-09-20,114.90625,115.0,114.53125,114.84375,1884141.0
2024-09-23,114.71875,114.828125,114.359375,114.765625,1834960.0
2024-09-24,114.6875,114.90625,114.296875,114.84375,2043257.0
2024-09-25,114.890625,114.921875,114.46875,114.546875,1697399.0
2024-09-26,114.515625,114.75,114.21875,114.40625,2098994.0
2024-09-27,114.34375,114.78125,114.25,114.734375,1961298.0
2024-09-30,114.734375,114.75,114.234375,114.28125,2461714.0
2024-10-01,114.390625,115.015625,114.34375,114.6875,2565634.0
2024-10-02,114.75,114.8125,114.21875,114.421875,1824431.0
2024-10-03,114.40625,114.453125,113.890625,113.90625,2060271.0
2024-10-04,113.9375,114.046875,112.8125,112.84375,3056066.0
2024-10-07,112.8125,112.890625,112.421875,112.484375,2482450.0
2024-10-08,112.515625,112.75,112.3125,112.46875,1626785.0
2024-10-09,112.578125,112.65625,112.109375,112.203125,1677790.0
2024-10-10,112.125,112.359375,111.6875,112.078125,2695481.0
2024-10-11,112.265625,112.3125,111.953125,112.25,1485457.0
2024-10-14,112.09375,112.125,111.71875,111.859375,718242.0
2024-10-15,112.0,112.484375,111.96875,112.4375,1780932.0
2024-10-16,112.4375,112.6875,112.40625,112.53125,1540190.0
2024-10-17,112.546875,112.5625,112.0,112.046875,1877074.0
2024-10-18,112.109375,112.296875,111.921875,112.21875,1539530.0
2024-10-21,112.171875,112.21875,111.4375,111.515625,2004525.0
2024-10-22,111.4375,111.640625,111.28125,111.34375,2321739.0
2024-10-23,111.296875,111.359375,110.953125,111.03125,1944719.0
2024-10-24,111.015625,111.421875,110.96875,111.28125,1995070.0
2024-10-25,111.203125,111.4375,110.921875,111.0625,1949563.0
2024-10-28,110.30500030517578,111.0199966430664,110.18499755859375,110.703125,2056790.0
2024-10-29,110.875,110.890625,110.859375,110.75,2372559.0
2024-10-30,110.27999877929688,111.06500244140625,110.13500213623047,110.703125,2755014.0
2024-10-31,110.453125,110.625,110.140625,110.46875,3372923.0
2024-11-01,110.421875,110.9375,109.859375,110.03125,3154639.0
2024-11-04,110.296875,110.671875,110.21875,110.359375,2034586.0
2024-11-05,110.484375,110.515625,110.453125,110.40625,1911100.0
2024-11-06,110.484375,110.671875,109.21875,109.546875,4168617.0
2024-11-07,109.515625,110.296875,109.4375,110.1875,2960011.0
2024-11-08,110.265625,110.609375,110.109375,110.28125,2175011.0
2024-11-11,110.203125,110.234375,109.796875,109.90625,757689.0
2024-11-12,110.0,110.140625,109.3125,109.421875,2207860.0
2024-11-13,109.40625,109.953125,109.28125,109.421875,2367189.0
2024-11-14,109.40625,109.78125,109.125,109.546875,2313406.0
2024-11-15,109.359375,109.734375,108.9375,109.53125,2503718.0
2024-11-18,109.421875,109.6875,109.140625,109.625,1430816.0
2024-11-19,109.609375,110.140625,109.59375,109.84375,2172126.0
2024-11-20,109.71875,109.8125,109.453125,109.6875,1945465.0
2024-11-21,109.640625,109.890625,109.453125,109.5,3604589.0
2024-11-22,109.546875,109.828125,109.515625,109.640625,3672423.0
2024-11-25,110.09375,110.5625,109.84375,110.53125,4813867.0
2024-11-26,110.453125,110.546875,110.171875,110.328125,2106572.0
2024-11-27,110.328125,110.84375,110.28125,110.734375,571957.0
2024-11-29,110.578125,111.0625,110.5625,111.015625,31510.0
2024-12-02,111.0,111.09375,110.578125,110.953125,33571.0
2024-12-03,111.03125,111.15625,110.71875,110.8125,11054.0
2024-12-04,110.734375,111.125,110.421875,111.109375,8038.0
2024-12-05,111.09375,111.109375,110.75,111.0625,1920.0
2024-12-06,111.046875,111.484375,110.953125,111.328125,3020.0
2024-12-09,111.296875,111.4375,110.984375,111.0625,1510.0
2024-12-10,111.015625,111.015625,110.6875,110.875,274.0
2024-12-11,110.828125,111.015625,110.609375,110.609375,1454.0
2024-12-12,110.546875,110.671875,110.265625,110.3125,2450.0
2024-12-13,110.234375,110.34375,109.828125,109.828125,286.0
2024-12-16,109.921875,110.03125,109.78125,109.8125,335.0
2024-12-17,109.703125,109.9375,109.5625,109.890625,901.0
2024-12-18,109.921875,109.953125,109.0625,109.0625,377.0
2024-12-19,108.875,108.875,108.65625,108.703125,2315566.0
2024-12-20,108.609375,109.265625,108.609375,108.96875,1686885.0
2024-12-23,108.953125,109.015625,108.46875,108.46875,1104605.0
2024-12-24,108.546875,108.609375,108.296875,108.5625,672210.0
2024-12-26,108.53125,108.6875,108.203125,108.65625,1018693.0
2024-12-27,108.609375,108.71875,108.359375,108.4375,989566.0
2024-12-30,108.4375,109.046875,108.375,108.96875,1036401.0
2024-12-31,109.03125,109.1875,108.703125,108.75,1185966.0
2025-01-02,108.78125,109.171875,108.578125,108.8125,1518823.0
2025-01-03,108.890625,109.046875,108.59375,108.640625,1115634.0
2025-01-06,108.59375,108.796875,108.328125,108.53125,1911409.0
2025-01-07,108.46875,108.625,108.046875,108.171875,1975306.0
2025-01-08,108.15625,108.328125,107.890625,108.140625,2011218.0
2025-01-09,108.1875,108.4375,108.15625,108.21875,929110.0
2025-01-10,108.1875,108.28125,107.359375,107.390625,2708327.0
2025-01-13,107.484375,107.484375,107.1875,107.234375,1749843.0
2025-01-14,107.359375,107.578125,107.21875,107.359375,1774922.0
2025-01-15,107.328125,108.40625,107.3125,108.328125,2701553.0
2025-01-16,108.296875,108.75,108.0,108.609375,2404600.0
2025-01-17,108.5625,108.859375,108.40625,108.546875,1684662.0
2025-01-21,108.4375,109.125,108.265625,108.734375,2192016.0
2025-01-22,108.703125,108.875,108.4375,108.5625,1461780.0
2025-01-23,108.484375,108.609375,108.1875,108.375,1604316.0
2025-01-24,108.3125,108.65625,108.234375,108.46875,1712361.0
2025-01-27,108.515625,109.375,108.5,109.15625,2872051.0
2025-01-28,109.0625,109.15625,108.796875,109.03125,1737620.0
2025-01-29,109.125,109.28125,108.6875,108.953125,1945831.0
2025-01-30,109.109375,109.40625,109.015625,109.234375,1841303.0
2025-01-31,109.1875,109.296875,108.78125,108.84375,2741218.0
2025-02-03,108.875,109.484375,108.671875,108.953125,2890747.0
2025-02-04,108.859375,109.234375,108.640625,109.203125,1922171.0
2025-02-05,109.171875,109.90625,109.078125,109.75,2376219.0
2025-02-06,109.75,109.78125,109.4375,109.578125,1964724.0
2025-02-07,109.578125,110.0,109.03125,109.234375,2465327.0
2025-02-10,109.171875,109.421875,109.078125,109.21875,1385561.0
2025-02-11,109.1875,109.296875,108.875,108.953125,1280172.0
2025-02-12,108.953125,109.15625,108.125,108.265625,2918349.0
2025-02-13,108.34375,109.03125,108.3125,108.96875,2747968.0
2025-02-14,108.921875,109.484375,108.8125,109.3125,1931357.0
2025-02-18,109.265625,109.34375,108.734375,108.84375,1889269.0
2025-02-19,108.796875,109.0,108.671875,108.953125,2635841.0
2025-02-20,108.953125,109.25,108.953125,109.171875,2332461.0
2025-02-21,109.125,109.75,109.109375,109.6875,3716810.0
2025-02-24,109.546875,109.90625,109.421875,109.875,4588117.0
2025-02-25,109.8125,110.625,109.8125,110.515625,5598071.0
2025-02-26,110.515625,110.875,110.25,110.84375,2201257.0
2025-02-27,110.765625,110.859375,110.421875,110.609375,456329.0
2025-02-28,110.765625,111.25,110.703125,111.0625,46352.0
2025-03-03,110.984375,111.59375,110.828125,111.375,24895.0
2025-03-04,110.90625,110.90625,110.90625,111.21875,20690.0
2025-03-05,110.90625,111.453125,110.6875,110.84375,9145.0
2025-03-06,110.640625,110.90625,110.390625,110.78125,6317.0
2025-03-07,110.8125,111.28125,110.46875,110.546875,8439.0
2025-03-10,110.875,111.359375,110.703125,111.28125,2226.0
2025-03-11,111.6875,111.765625,110.8125,110.8125,1291.0
2025-03-12,110.875,110.953125,110.546875,110.625,1420.0
2025-03-13,110.796875,110.96875,110.390625,110.90625,1827.0
2025-03-14,110.84375,110.84375,110.5625,110.625,812.0
2025-03-17,110.625,110.859375,110.515625,110.59375,1121.0
2025-03-18,110.65625,110.84375,110.53125,110.78125,708.0
2025-03-19,110.6875,111.03125,110.5,110.984375,1749.0
2025-03-20,111.375,111.375,111.15625,111.15625,2032458.0
2025-03-21,111.109375,111.421875,111.0,111.09375,1709864.0
2025-03-24,111.078125,111.09375,110.484375,110.546875,1491560.0
2025-03-25,110.53125,110.8125,110.3125,110.75,1630966.0
2025-03-26,110.671875,110.71875,110.390625,110.5625,1728532.0
2025-03-27,110.5,110.65625,110.1875,110.421875,2098828.0
2025-03-28,110.46875,111.25,110.46875,111.203125,2440313.0
2025-03-31,111.296875,111.703125,111.125,111.21875,2939461.0
2025-04-01,111.421875,111.953125,111.359375,111.78125,2637829.0
2025-04-02,111.671875,112.078125,111.15625,111.5,3280446.0
2025-04-03,112.1875,113.0625,112.171875,112.640625,4419043.0
2025-04-04,112.796875,114.109375,112.71875,113.046875,5909934.0
2025-04-07,113.578125,114.3125,111.484375,112.0625,5938458.0
2025-04-08,111.859375,112.25,111.25,111.46875,4555093.0
2025-04-09,111.375,111.625,110.03125,110.328125,5565656.0
2025-04-10,110.765625,111.34375,110.3125,110.59375,3477955.0
2025-04-11,110.328125,110.65625,109.25,109.734375,3493055.0
2025-04-14,109.796875,110.78125,109.40625,110.75,1903624.0
2025-04-15,110.671875,111.1875,110.46875,111.078125,1962772.0
2025-04-16,110.96875,111.546875,110.90625,111.421875,1879966.0
2025-04-17,111.4375,111.5,111.046875,111.171875,1399843.0
2025-04-21,111.125,111.28125,110.6875,110.8125,1308194.0
2025-04-22,110.734375,110.9375,110.515625,110.796875,1435700.0
2025-04-23,110.78125,111.578125,110.578125,110.65625,2458444.0
2025-04-24,110.640625,111.25,110.640625,111.21875,1509798.0
2025-04-25,111.171875,111.703125,111.078125,111.515625,1306813.0
2025-04-28,111.65625,111.96875,111.3125,111.90625,1341759.0
2025-04-29,111.90625,112.234375,111.671875,112.15625,1470102.0
2025-04-30,112.15625,112.5,111.828125,112.21875,2696662.0
2025-05-01,112.328125,112.640625,111.765625,111.859375,1858910.0
2025-05-02,111.921875,112.046875,111.0625,111.15625,2164601.0
2025-05-05,111.25,111.421875,110.890625,111.0625,1132802.0
2025-05-06,111.046875,111.390625,110.859375,111.3125,1351859.0
2025-05-07,111.359375,111.6875,111.125,111.546875,1624092.0
2025-05-08,111.578125,111.59375,110.6875,110.796875,1816067.0
2025-05-09,110.765625,111.09375,110.734375,110.8125,1304833.0
2025-05-12,110.5625,110.609375,110.046875,110.15625,2139733.0
2025-05-13,110.078125,110.46875,109.9375,109.96875,1599843.0
2025-05-14,110.140625,110.296875,109.609375,109.71875,1793275.0
2025-05-15,109.65625,110.421875,109.578125,110.25,1896192.0
2025-05-16,110.359375,110.671875,109.96875,110.328125,1520268.0
2025-05-19,110.0,110.328125,109.625,110.140625,1982919.0
2025-05-20,110.28125,110.453125,109.890625,110.203125,1806285.0
2025-05-21,110.140625,110.328125,109.421875,109.5,2703320.0
2025-05-22,109.453125,110.0,109.40625,109.828125,4241617.0
2025-05-23,109.953125,110.546875,109.890625,110.078125,3928904.0
2025-05-27,110.078125,110.5625,109.765625,110.515625,4341233.0
2025-05-28,110.421875,110.484375,110.09375,110.21875,1681784.0
2025-05-29,110.203125,110.71875,109.796875,110.640625,378925.0
2025-05-30,110.609375,110.90625,110.546875,110.71875,70959.0
2025-06-02,110.8125,110.8125,110.421875,110.46875,12227.0
2025-06-03,110.515625,110.8125,110.375,110.453125,14227.0
2025-06-04,110.546875,111.171875,110.40625,111.09375,5526.0
2025-06-05,111.0625,111.375,110.734375,110.78125,0.0
2025-06-06,110.8125,110.90625,109.9375,109.9375,4524.0
2025-06-09,109.984375,110.234375,109.984375,110.171875,616.0
2025-06-10,110.1875,110.40625,110.1875,110.21875,1149.0
2025-06-11,110.28125,110.6875,110.03125,110.6875,1756.0
2025-06-12,110.765625,111.125,110.71875,111.046875,4180.0
2025-06-13,111.296875,111.34375,110.453125,110.625,4244.0
2025-06-16,110.625,110.703125,110.5,110.5,860.0
2025-06-17,110.546875,110.890625,110.53125,110.84375,2901.0
2025-06-18,110.9375,111.140625,110.609375,111.0625,0.0
2025-06-20,110.796875,111.09375,110.5,110.984375,1787188.0
2025-06-23,111.109375,111.640625,110.78125,111.453125,1879463.0
2025-06-24,111.25,111.6875,111.15625,111.65625,1865858.0
2025-06-25,111.59375,111.75,111.359375,111.6875,1431141.0
2025-06-26,111.671875,112.09375,111.65625,112.015625,1844008.0
2025-06-27,112.046875,112.0625,111.703125,111.8125,1739692.0
2025-06-30,111.78125,112.171875,111.6875,112.125,1973788.0
2025-07-01,112.09375,112.390625,111.703125,111.859375,1775748.0
2025-07-02,111.9375,111.953125,111.515625,111.625,1641555.0
2025-07-03,111.671875,111.875,110.96875,111.21875,0.0
2025-07-04,111.25,111.5,111.21875,111.359375,0.0
2025-07-07,111.296875,111.390625,110.90625,110.921875,1436160.0
2025-07-08,111.0,111.046875,110.671875,110.78125,1295943.0
2025-07-09,110.859375,111.34375,110.734375,111.265625,1566303.0
2025-07-10,111.328125,111.421875,111.015625,111.21875,1313407.0
2025-07-11,111.171875,111.25,110.703125,110.71875,1270556.0
2025-07-14,110.828125,110.921875,110.625,110.765625,1252841.0
2025-07-15,110.71875,110.9375,110.265625,110.28125,2102906.0
2025-07-16,110.34375,110.671875,110.265625,110.625,2465104.0
2025-07-17,110.578125,110.78125,110.296875,110.515625,1458526.0
2025-07-18,110.609375,110.90625,110.59375,110.78125,1110364.0
2025-07-21,110.859375,111.296875,110.75,111.1875,1279259.0
2025-07-22,111.109375,111.453125,111.0,111.40625,1349631.0
2025-07-23,111.328125,111.328125,110.96875,111.015625,1418591.0
2025-07-24,111.03125,111.0625,110.609375,110.828125,1446353.0
2025-07-25,110.890625,111.015625,110.703125,110.984375,1163332.0
2025-07-28,110.890625,111.09375,110.765625,110.765625,1197186.0
2025-07-29,110.8125,111.40625,110.75,111.359375,1763962.0
2025-07-30,111.390625,111.453125,110.953125,111.0,1794648.0
2025-07-31,111.015625,111.3125,110.921875,111.0625,2076804.0
2025-08-01,110.96875,112.34375,110.734375,112.203125,2983381.0
2025-08-04,112.265625,112.4375,111.984375,112.375,1960553.0
2025-08-05,112.390625,112.484375,112.15625,112.296875,1459626.0
2025-08-06,112.1875,112.265625,111.828125,112.234375,1662032.0
2025-08-07,112.140625,112.296875,112.03125,112.09375,1291048.0
2025-08-08,112.0625,112.125,111.78125,111.828125,1033260.0
2025-08-11,111.8125,112.0,111.765625,111.890625,993844.0
2025-08-12,111.78125,112.1875,111.609375,111.8125,1669474.0
2025-08-13,111.796875,112.28125,111.71875,112.171875,1408771.0
2025-08-14,112.21875,112.4375,111.765625,111.796875,1767055.0
2025-08-15,111.828125,111.953125,111.546875,111.59375,1400281.0
2025-08-18,111.640625,111.84375,111.421875,111.515625,1270179.0
2025-08-19,111.5625,111.8125,111.46875,111.765625,1152864.0
2025-08-20,111.75,112.015625,111.625,111.859375,1725902.0
2025-08-21,111.859375,111.90625,111.453125,111.546875,2664116.0
2025-08-22,111.59375,112.25,111.484375,112.140625,3675155.0
2025-08-25,112.140625,112.15625,111.859375,111.96875,3408633.0
2025-08-26,111.96875,112.234375,111.796875,112.203125,3888574.0
2025-08-27,112.15625,112.453125,112.03125,112.40625,1549404.0
2025-08-28,112.4375,112.59375,112.28125,112.53125,411641.0
2025-08-29,112.578125,112.578125,112.359375,112.453125,0.0
2025-09-02,112.421875,112.453125,111.96875,112.140625,21953.0
2025-09-03,112.1875,112.640625,112.0,112.59375,16014.0
2025-09-04,112.578125,112.890625,112.515625,112.828125,5707.0
2025-09-05,112.875,113.640625,112.875,113.359375,4569.0
2025-09-08,113.25,113.53125,113.203125,113.5,2335.0
2025-09-09,113.5,113.5,113.1875,113.3125,3501.0
2025-09-10,113.21875,113.53125,113.203125,113.515625,740.0
2025-09-11,113.375,113.859375,113.359375,113.59375,413.0
2025-09-12,113.484375,113.484375,113.125,113.25,670.0
2025-09-15,113.125,113.40625,113.109375,113.40625,751.0
2025-09-16,113.40625,113.515625,113.296875,113.515625,472.0
2025-09-17,113.5625,113.6875,113.09375,113.09375,210.0
2025-09-18,113.0,113.34375,112.75,112.96875,430.0
2025-09-19,112.890625,112.890625,112.75,112.828125,1279789.0
2025-09-22,112.828125,112.890625,112.640625,112.703125,1283787.0
2025-09-23,112.671875,112.953125,112.671875,112.875,1509773.0
2025-09-24,112.953125,113.0,112.578125,112.640625,1576936.0
2025-09-25,112.59375,112.6875,112.1875,112.328125,2421612.0
2025-09-26,112.375,112.484375,112.1875,112.265625,1681227.0
2025-09-29,112.28125,112.578125,112.265625,112.515625,1174337.0
2025-09-30,112.546875,112.796875,112.40625,112.5,2283043.0
2025-10-01,112.453125,112.96875,112.375,112.84375,1992224.0
2025-10-02,112.890625,112.96875,112.671875,112.921875,1311442.0
2025-10-03,112.953125,112.984375,112.625,112.671875,1188558.0
2025-10-06,112.578125,112.609375,112.34375,112.390625,1333430.0
2025-10-07,112.453125,112.75,112.28125,112.671875,1476718.0
2025-10-08,112.671875,112.84375,112.53125,112.609375,1390188.0
2025-10-09,112.65625,112.765625,112.4375,112.484375,1307607.0
2025-10-10,112.515625,113.28125,112.515625,113.140625,2197869.0
2025-10-13,113.109375,113.21875,112.9375,113.15625,2197869.0
2025-10-14,113.203125,113.546875,113.0625,113.40625,2196712.0
2025-10-15,113.34375,113.546875,113.203125,113.234375,1663081.0
2025-10-16,113.3125,113.796875,113.171875,113.75,2606367.0
2025-10-17,113.765625,114.0625,113.40625,113.46875,2405640.0
2025-10-20,113.421875,113.640625,113.328125,113.59375,1199924.0
2025-10-21,113.609375,113.859375,113.53125,113.75,1529378.0
2025-10-22,113.75,113.90625,113.609375,113.796875,1692638.0
2025-10-23,113.78125,113.828125,113.375,113.484375,1634132.0
2025-10-24,113.421875,113.75,113.296875,113.4375,1908056.0
2025-10-27,113.1875,113.5,113.125,113.421875,1532817.0
2025-10-28,113.515625,113.578125,113.296875,113.46875,1622503.0
2025-10-29,113.484375,113.515625,112.75,112.90625,1973964.0
2025-10-30,112.796875,112.921875,112.5,112.703125,2220078.0
2025-10-31,112.6875,112.859375,112.546875,112.671875,2069050.0
2025-11-03,112.765625,112.84375,112.578125,112.671875,0.0
2025-11-04,112.640625,112.890625,112.609375,112.78125,1296733.0
2025-11-05,112.8125,113.0625,112.296875,112.328125,2206077.0
2025-11-06,112.3125,112.9375,112.3125,112.828125,2010395.0
2025-11-07,112.859375,113.0625,112.6875,112.859375,1729948.0
2025-11-10,112.71875,112.8125,112.46875,112.6875,1343501.0
2025-11-11,112.640625,113.0625,112.625,113.03125,697132.0
2025-11-12,113.0,113.078125,112.84375,113.0,1589879.0
2025-11-13,112.96875,113.046875,112.65625,112.765625,1962071.0
2025-11-14,112.71875,113.140625,112.5,112.53125,2526351.0
2025-11-17,112.5,112.765625,112.484375,112.640625,1533082.0
2025-11-18,112.5625,113.0625,112.53125,112.78125,2456784.0
2025-11-19,112.84375,112.953125,112.625,112.6875,2237131.0
2025-11-20,112.640625,113.0625,112.359375,112.875,4064457.0
2025-11-21,113.046875,113.4375,112.921875,113.25,4806903.0
2025-11-24,113.171875,113.46875,113.171875,113.375,3785614.0
2025-11-25,113.4375,113.75,113.296875,113.640625,2925975.0
2025-11-26,113.625,113.671875,113.34375,113.625,485602.0
2025-11-28,113.640625,113.671875,113.375,113.421875,34908.0
2025-12-01,113.40625,113.40625,112.90625,112.9375,19224.0
2025-12-02,112.953125,113.046875,112.8125,113.0,14125.0
2025-12-03,113.015625,113.296875,113.015625,113.21875,11037.0
2025-12-04,113.140625,113.140625,112.828125,112.84375,4570.0
2025-12-05,112.90625,112.90625,112.625,112.640625,2952.0
2025-12-08,112.6875,112.703125,112.234375,112.390625,4291.0
2025-12-09,112.40625,112.53125,112.203125,112.234375,9002.0
2025-12-10,112.15625,112.5,112.046875,112.359375,3351.0
2025-12-11,112.578125,112.8125,112.578125,112.609375,937.0
2025-12-12,112.59375,112.59375,112.28125,112.34375,761.0
2025-12-15,112.609375,112.609375,112.453125,112.453125,2017.0
2025-12-16,112.5625,112.6875,112.203125,112.6875,1340.0
2025-12-17,112.6875,112.703125,112.421875,112.671875,1054.0
2025-12-18,112.78125,113.015625,112.75,112.9375,2845.0
2025-12-19,112.84375,112.875,112.609375,112.703125,1194419.0
2025-12-22,112.46875,112.484375,112.296875,112.34375,899455.0
2025-12-23,112.375,112.53125,112.046875,112.296875,1271125.0
2025-12-24,112.296875,112.53125,112.265625,112.515625,634890.0
2025-12-26,112.515625,112.71875,112.375,112.578125,774752.0
2025-12-29,112.578125,112.78125,112.484375,112.71875,1188578.0
2025-12-30,112.734375,112.796875,112.53125,112.640625,1058870.0
2025-12-31,112.65625,112.796875,112.25,112.4375,1431810.0
2026-01-02,112.296875,112.453125,112.140625,112.203125,1268719.0
2026-01-05,112.21875,112.515625,112.15625,112.421875,1623829.0
2026-01-06,112.40625,112.46875,112.1875,112.328125,1752274.0
2026-01-07,112.375,112.6875,112.34375,112.578125,2129436.0
2026-01-08,112.5,112.65625,112.21875,112.25,1836365.0
2026-01-09,112.34375,112.390625,111.96875,112.21875,2931712.0
2026-01-12,112.15625,112.34375,111.984375,112.140625,2242303.0
2026-01-13,112.203125,112.4375,112.046875,112.265625,2196512.0
2026-01-14,112.203125,112.5625,112.171875,112.46875,1904508.0
2026-01-15,112.53125,112.546875,112.125,112.21875,1939518.0
2026-01-16,112.15625,112.234375,111.734375,111.75,2599137.0
2026-01-20,111.953125,111.984375,111.28125,111.421875,3408278.0
2026-01-21,111.390625,111.703125,111.390625,111.65625,2398009.0
2026-01-22,111.6875,111.765625,111.4375,111.59375,1834555.0
2026-01-23,111.625,111.765625,111.5,111.671875,1797337.0
2026-01-26,111.828125,111.9375,111.703125,111.828125,1497834.0
2026-01-27,111.796875,111.90625,111.65625,111.796875,1643836.0
2026-01-28,111.6875,111.828125,111.484375,111.640625,1647199.0
2026-01-29,111.703125,111.890625,111.515625,111.859375,2303789.0
2026-01-30,111.78125,111.875,111.546875,111.828125,3095215.0
2026-02-02,111.796875,112.0625,111.515625,111.59375,2525135.0
2026-02-03,111.5625,111.671875,111.421875,111.59375,1883750.0
2026-02-04,111.625,111.734375,111.484375,111.609375,2005865.0
2026-02-05,111.609375,112.328125,111.578125,112.125,3237297.0
2026-02-06,112.3125,112.515625,112.0,112.109375,2255242.0
2026-02-09,111.984375,112.21875,111.8125,112.1875,1807589.0
2026-02-10,112.15625,112.59375,112.15625,112.515625,2450371.0
2026-02-11,112.5,112.625,112.0,112.28125,3127690.0
2026-02-12,112.265625,112.859375,112.234375,112.796875,2494095.0
2026-02-13,112.8125,113.234375,112.65625,113.171875,3459260.0
2026-02-17,113.203125,113.4375,113.0625,113.125,2906259.0
2026-02-18,113.09375,113.171875,112.875,112.953125,1876066.0
2026-02-19,112.921875,113.046875,112.765625,112.96875,2078546.0
2026-02-20,113.0,113.109375,112.734375,112.9375,4205283.0
2026-02-23,112.921875,113.4375,112.859375,113.375,5729054.0
2026-02-24,113.328125,113.40625,113.1875,113.296875,4688483.0
2026-02-25,113.296875,113.328125,113.09375,113.171875,1825743.0
2026-02-26,113.140625,113.515625,113.125,113.421875,453485.0
2026-02-27,113.5,113.953125,113.5,113.859375,76685.0
2026-03-02,114.203125,114.375,113.03125,113.15625,48749.0
2026-03-03,113.234375,113.3125,112.625,113.109375,40005.0
2026-03-04,113.078125,113.171875,112.78125,112.90625,12216.0
2026-03-05,112.796875,112.828125,112.421875,112.421875,18030.0
2026-03-06,112.515625,112.765625,112.1875,112.5625,10037.0
2026-03-09,112.265625,112.796875,111.984375,112.484375,6109.0
2026-03-10,112.609375,112.8125,112.421875,112.578125,1855.0
2026-03-11,112.46875,112.546875,112.015625,112.125,1950.0
2026-03-12,111.875,112.09375,111.546875,111.5625,5336.0
2026-03-13,111.59375,111.90625,111.515625,111.5625,1484.0
2026-03-16,111.609375,112.03125,111.609375,112.03125,1329.0
2026-03-17,112.0,112.25,112.0,112.140625,1050.0
2026-03-18,112.09375,112.09375,111.609375,111.6875,1419.0
2026-03-19,111.671875,111.671875,111.296875,111.359375,1801.0
2026-03-20,111.296875,111.296875,110.671875,110.796875,3213630.0
2026-03-23,110.28125,111.140625,109.984375,110.921875,4388826.0
2026-03-24,110.796875,110.90625,110.171875,110.421875,3365185.0
2026-03-25,110.671875,111.046875,110.625,110.890625,2793316.0
2026-03-26,110.859375,110.875,110.09375,110.171875,2623200.0
2026-03-27,110.203125,110.3125,109.75,110.15625,2608633.0
2026-03-30,110.171875,110.96875,110.125,110.8125,2195876.0
2026-03-31,110.765625,111.265625,110.703125,111.046875,3156606.0
2026-04-01,111.015625,111.453125,110.859375,110.984375,2318868.0
2026-04-02,110.90625,111.234375,110.5,111.015625,2146724.0
2026-04-06,110.71875,110.96875,110.578125,110.8125,1126863.0
2026-04-07,110.8125,111.171875,110.546875,110.859375,2139120.0
2026-04-08,111.203125,111.65625,111.125,111.234375,2550173.0
2026-04-09,111.1875,111.484375,111.015625,111.234375,1604194.0
2026-04-10,111.34375,111.484375,111.015625,111.09375,1349713.0
2026-04-13,110.734375,111.296875,110.703125,111.234375,1375290.0
2026-04-14,111.25,111.609375,111.171875,111.53125,1428248.0
2026-04-15,111.578125,111.65625,111.265625,111.359375,1345878.0
2026-04-16,111.359375,111.53125,111.15625,111.21875,1302739.0
2026-04-17,111.171875,111.859375,111.125,111.71875,2002420.0
2026-04-20,111.546875,111.703125,111.390625,111.65625,1322436.0
2026-04-21,111.609375,111.703125,111.109375,111.296875,2011355.0
2026-04-22,111.296875,111.515625,111.15625,111.28125,1493186.0
2026-04-23,111.203125,111.3125,110.828125,111.046875,2226963.0
2026-04-24,111.03125,111.265625,110.859375,111.21875,1902286.0
2026-04-27,111.15625,111.234375,110.9375,111.03125,1194310.0
2026-04-28,111.015625,111.078125,110.703125,110.859375,1664914.0
2026-04-29,110.890625,110.953125,110.25,110.359375,2275716.0
2026-04-30,110.28125,110.734375,110.234375,110.59375,2647654.0
2026-05-01,110.703125,110.921875,110.46875,110.640625,1767456.0
2026-05-04,110.75,110.828125,110.015625,110.171875,1964950.0
2026-05-05,110.21875,110.46875,110.171875,110.34375,1325747.0
2026-05-06,110.28125,110.96875,110.265625,110.796875,2102656.0
2026-05-07,110.828125,111.109375,110.453125,110.515625,2091377.0
2026-05-08,110.484375,110.875,110.46875,110.75,1529739.0
2026-05-11,110.71875,110.71875,110.359375,110.40625,1343024.0
2026-05-12,110.359375,110.40625,110.015625,110.03125,2103749.0
2026-05-13,110.03125,110.125,109.8125,110.0,2122491.0
2026-05-14,110.0625,110.3125,109.890625,110.109375,1710178.0
2026-05-15,109.90625,109.921875,109.109375,109.171875,2925304.0
2026-05-18,109.0625,109.4375,108.9375,109.015625,3090377.0
2026-05-19,109.28125,109.359375,108.5625,108.703125,3515862.0
2026-05-20,108.71875,109.5,108.609375,109.40625,4522916.0
2026-05-21,109.25,109.484375,108.890625,109.234375,4908794.0
2026-05-22,109.3125,109.609375,109.15625,109.25,4062123.0
2026-05-26,109.53125,110.0,109.53125,109.828125,6266118.0
2026-05-27,109.859375,110.15625,109.8125,109.90625,2025393.0
2026-05-28,109.875,110.234375,109.546875,110.046875,485557.0
2026-05-29,110.109375,110.234375,109.96875,110.078125,224601.0
2026-06-01,109.96875,110.078125,109.5625,109.859375,23986.0
2026-06-02,109.953125,110.1875,109.90625,109.953125,12225.0
2026-06-03,109.921875,109.96875,109.65625,109.71875,5167.0
2026-06-04,109.78125,110.0,109.703125,109.84375,8176.0
2026-06-05,109.859375,109.984375,109.265625,109.34375,7248.0
2026-06-08,109.296875,109.5,109.0625,109.296875,8888.0
2026-06-09,109.234375,109.53125,109.171875,109.484375,3416.0
2026-06-10,109.390625,109.5625,109.265625,109.40625,3028.0
2026-06-11,109.234375,110.078125,109.234375,109.9375,7648.0
2026-06-12,109.96875,109.96875,109.6875,109.78125,2810.0
2026-06-15,110.109375,110.25,109.90625,109.90625,2178.0
2026-06-16,110.078125,110.234375,110.015625,110.1875,1050.0
2026-06-17,110.140625,110.15625,109.578125,109.8125,2301.0
2026-06-18,109.828125,110.09375,109.28125,109.921875,2162603.0
2026-06-22,109.28125,109.4375,109.1875,109.234375,2075394.0
2026-06-23,109.21875,109.546875,109.203125,109.375,1369114.0
2026-06-24,109.328125,110.03125,109.296875,110.0,2268046.0
2026-06-25,110.015625,110.28125,109.84375,110.09375,2087283.0
2026-06-26,110.0625,110.328125,110.015625,110.265625,1833399.0
2026-06-29,110.234375,110.296875,110.109375,110.1875,1355570.0
2026-06-30,110.1875,110.3125,109.609375,109.890625,2188202.0
2026-07-01,109.625,109.734375,109.390625,109.578125,1967337.0
2026-07-02,109.546875,109.796875,109.375,109.578125,1665287.0
2026-07-06,109.578125,109.78125,109.515625,109.640625,1325776.0
2026-07-07,109.671875,109.703125,109.125,109.328125,1588777.0
2026-07-08,109.125,109.234375,108.796875,109.0,2302992.0
2026-07-09,108.890625,109.328125,108.84375,109.265625,1479963.0
2026-07-10,109.15625,109.375,109.015625,109.03125,1117096.0
2026-07-13,108.921875,109.046875,108.609375,108.703125,1659494.0
2026-07-14,108.640625,109.421875,108.53125,108.921875,2733442.0
2026-07-15,108.90625,109.34375,108.734375,109.296875,1945397.0
2026-07-16,109.25,109.28125,108.9375,109.140625,1250147.0
2026-07-17,109.203125,109.53125,109.171875,109.265625,1487586.0
2026-07-20,109.1875,109.265625,108.78125,108.859375,1358231.0
2026-07-21,108.90625,109.0,108.578125,108.640625,1423472.0
2026-07-22,108.640625,108.703125,108.375,108.421875,1343449.0
2026-07-23,108.40625,108.46875,108.015625,108.09375,2059111.0
2026-07-24,108.15625,108.484375,108.03125,108.328125,1418855.0
2026-07-27,108.5,108.6875,108.390625,108.578125,1690983.0
2026-07-28,108.515625,108.9375,108.484375,108.8125,1716140.0
2026-07-29,108.734375,108.828125,108.28125,108.78125,2463756.0
2026-07-30,108.390625,108.640625,108.1875,108.546875,1941865.0
2026-07-31,108.484375,108.671875,107.984375,108.0,2744859.0
